h0,h1,h2,h3,h4
-3.1990177030611835,-0.7313686927434949,0.35935305741053036,-4.009914581320742,-1.8732282870373578
-3.193309824637459,-0.7455718418475,0.3590604414076792,-3.9740586789482224,-1.8698114848199976
-3.170883184452665,-0.7888086958546772,0.38106235661527954,-3.918901067743234,-1.8654951837074802
-3.159325561940149,-0.8106239120749703,0.408219762679913,-3.872241624247417,-1.8839312167297702
-3.1288789677623803,-0.862467727082682,0.43546840825426236,-3.8032741466726363,-1.9111281213021136
-3.1000698865515335,-0.8833850621660972,0.44266670325982727,-3.7018768325359814,-1.9235092682186659
-3.0914083628509994,-0.9235185915336152,0.45850072579499784,-3.607875168772585,-1.943151645470336
-3.088961638657703,-0.9567053795302228,0.46357298116152695,-3.5346929111957,-1.9570080701839045
-3.0518104823570904,-0.9848862657652548,0.4948199424264164,-3.4437659793696596,-1.9699358537215765
-3.047071985284352,-1.0162805367580237,0.5235465606100685,-3.365103888883923,-1.9813010721025097
-3.018841637252818,-1.0308361343566013,0.5414094330784108,-3.3015767244155434,-1.984440772299754
-2.9975134778872023,-1.0264320804272025,0.5675965170307671,-3.2619233808865085,-1.9788448474915985
-3.0074823895767833,-1.0086918733798917,0.5687466343056274,-3.2282619329248594,-1.992374398469534
-3.0059060024598874,-0.9953738721201255,0.5602448994927783,-3.22809697103165,-1.992641029828457
-3.038408816426263,-0.9888770232000644,0.5927454504031275,-3.2473516960706243,-2.0235545408856517
-3.043494436586867,-0.957110251382084,0.6138520576403738,-3.2873737617359486,-2.0022399286124677
-3.075856749992118,-0.9026567487566222,0.6014711436001903,-3.335988252413428,-2.015277219775977
-3.1149180490525663,-0.8637480912065436,0.5747661277915761,-3.4131697423579292,-1.9991984874744548
-3.1546918654081653,-0.8294913559975198,0.5770015486850341,-3.4927935972534003,-1.9664515369953621
-3.18551237295385,-0.7847137438639549,0.5720021529987874,-3.5666224964097726,-1.970581073518168
-3.228474180167868,-0.7461348418314792,0.5431142533747201,-3.6665295391718726,-1.958382629752341
-3.2362229639506603,-0.7099060958057397,0.5181074079700526,-3.762696469224009,-1.9630694806160587
-3.2681408955711735,-0.6664036186991098,0.4826061430746814,-3.852971379849353,-1.939739450549589
-3.280696846409215,-0.6293675057951588,0.46937847123979454,-3.9435828366765064,-1.9049739609545884
-3.2961834648290815,-0.5961370374987448,0.4414714541305067,-4.019029012034721,-1.8892273052988577
-3.297823533720974,-0.5645862660600429,0.4162279328485297,-4.100710999088141,-1.8698683523759507
-3.306469658278415,-0.5411751533824781,0.4072796630576963,-4.191654958981917,-1.8399558391613482
-3.3170857745282363,-0.5244964940889031,0.3665740284782727,-4.2262820935099645,-1.8167261504652052
-3.3279193948880392,-0.5052892620087597,0.3453982026139946,-4.274061506090887,-1.8053420043519397
-3.3358951801246994,-0.4789087255359606,0.3342153956109697,-4.299928538756328,-1.794322618787537
-3.322074322541118,-0.47360589914177736,0.32227568852860883,-4.3376974176405225,-1.7978506304820019
-3.3400549067784437,-0.44840758940147823,0.297796607644013,-4.362872398514036,-1.7580799637841893
-3.327912999395624,-0.42497926320943724,0.26905999305345896,-4.419568949920672,-1.7513588190862346
-3.3278370637761823,-0.4095307786696243,0.23222874453795148,-4.458119930228515,-1.7325741314319683
-3.3400813706830155,-0.38418914196406956,0.20136462987782133,-4.507173182420035,-1.7008597080786136
-3.3414686185535287,-0.3916702969594953,0.18731800297523643,-4.526779570764603,-1.691810078402431
-3.3299198371009546,-0.3847731520748065,0.18462526486311473,-4.554792743796286,-1.679142534494431
-3.3278442409433335,-0.3601568760166554,0.17110754758386443,-4.578223380838943,-1.6793922251032987
-3.309135343809936,-0.3697355211403899,0.16779432655296775,-4.573508018389528,-1.6701740060389743
-3.300827741405906,-0.39674013371468325,0.1622848947047191,-4.557176359746013,-1.6910395156242728
-3.3002694912944333,-0.4228720336451569,0.16871726366909356,-4.5070402450061735,-1.7008616095059015
-3.2803759724553436,-0.47096324875679185,0.2056768249468007,-4.4506411831906325,-1.7220592573760811
-3.2607990741787654,-0.5299043552796657,0.2277830516063549,-4.388964350587716,-1.7481308553856019
-3.2356049982715125,-0.6118132028913777,0.2519457307262823,-4.309004797570801,-1.754853695459515
-3.2114024820741833,-0.664437779998311,0.2863366985474713,-4.220824277883307,-1.785520862274026
-3.1840871453849324,-0.7311061380856246,0.3269253185884653,-4.109454449026395,-1.816018907845427
-3.1454155227078138,-0.7844357858084045,0.3407503009607375,-3.998480607043835,-1.8405393714430514
-3.1152567362873747,-0.8513176792611729,0.3813641512092794,-3.8901699269145733,-1.8588351919201378
-3.0958722735091277,-0.9117313066274622,0.3870872670318499,-3.7638329314944645,-1.9010462700929796
-3.0654483579234513,-0.9444639792781883,0.42936340974885306,-3.6369372719412496,-1.9336642341436658
-3.029377154959951,-1.011519876716406,0.4565179270632296,-3.504984073614675,-1.964667703857402
-2.992458861109566,-1.0592952500457862,0.5010714933558509,-3.349986698430766,-1.9721701717083917
-2.967713743592126,-1.1048808338116372,0.5129780427418317,-3.239638325129849,-1.9780474375500783
-2.9450559408791315,-1.1486038285715408,0.5331133983780242,-3.101380096877553,-2.008331467110116
-2.909936452295785,-1.186529218407541,0.5743798101428883,-2.9725130100033907,-1.9977538868935731
-2.8846676208192257,-1.2177139641325108,0.5943669844612169,-2.8491779963849457,-1.9918418386253474
-2.832498245025616,-1.247111637716721,0.6137542327931362,-2.7326913835706175,-1.9947717333123778
-2.8279604244447403,-1.270284782422871,0.6319322618948475,-2.622776750673592,-2.0082469242102703
-2.8249391977284026,-1.267194828398081,0.6599276956148152,-2.5545259314461486,-2.0424287203043243
-2.791906958716759,-1.271194485083694,0.6717914168862714,-2.5108932937822903,-2.044802670916652
-2.811501863144596,-1.2600086452865422,0.6959471583228747,-2.493050568902439,-2.049439380001124
-2.8388406003097737,-1.2107229721244006,0.7061431201272458,-2.5102844055009954,-2.0575181285842286
-2.8914832375653985,-1.1391346682373769,0.714140923162835,-2.6039769121925294,-2.063701287978103
-2.956746615894071,-1.068588276116549,0.7379184718383144,-2.717582738635858,-2.0691367946853574
-2.993523934150536,-0.9949841766064059,0.7344390945018118,-2.8835827019161577,-2.052811377338538
-3.0585424643905124,-0.9224847190973545,0.7263598081320519,-3.0403904538582642,-2.065490899257128
-3.1276293818311323,-0.8751781129538573,0.7130632750302154,-3.2079707120411167,-2.052747321201263
-3.179717007695222,-0.8339633809732184,0.6865178903477208,-3.340454280680203,-2.023232501644039
-3.2143334111463067,-0.7877399242383585,0.6573259481302006,-3.4687086090304247,-2.0161482362010488
-3.2527702689748423,-0.7691241015954648,0.6421616691122789,-3.603655802213555,-1.9889903908330147
-3.28093483566555,-0.7416776471376415,0.6264690027458494,-3.6881195660377752,-1.9975592223108833
-3.301776077075634,-0.7242110487328892,0.5796428655896709,-3.770951297323071,-1.9721521980746093
-3.316031324754982,-0.7157843212299263,0.5582043683008244,-3.824749334574157,-1.9650775274777474
-3.3208087622492553,-0.7244409943035907,0.5432699400087588,-3.880623628381197,-1.9501326592952595
-3.313787379861197,-0.736460117257525,0.5222986904171233,-3.8951824420284287,-1.9539339435925407
-3.306866010115944,-0.7199385118238047,0.4855140826835366,-3.9126964530315718,-1.9459581973240467
-3.30164987278001,-0.7239067880480496,0.4848458560366407,-3.9267266528928984,-1.9458681220967382
-3.303489835250341,-0.7062769925707519,0.47716825343689884,-3.9166900322490448,-1.9407804475293506
-3.276723827917952,-0.7151494778044047,0.4760463753078878,-3.9445920177207356,-1.9380519991372953
-3.261228745062183,-0.718651348498394,0.4677744112131199,-3.9689364763072077,-1.9289860886283825
-3.2747878798722874,-0.6856806731296631,0.4419496551687737,-3.9926649666470713,-1.9278048766890366
-3.2811609043106635,-0.6522344402105082,0.4146903908895109,-4.017093716203047,-1.9262691824797369
-3.3039709032456677,-0.6006009287919527,0.4039624921013731,-4.067318315899716,-1.9031752523538112
-3.3027574057941678,-0.5840606190888974,0.3821303839800147,-4.132728063657587,-1.8749845684261148
-3.3195970713612497,-0.5472212452185135,0.3546937660166946,-4.187962659796979,-1.8211041413565847
-3.3235384968820236,-0.5145925668183248,0.3465747022940948,-4.231542155815395,-1.8328813770379533
-3.321490693428131,-0.5245540019575974,0.3391526629512528,-4.259929620111615,-1.812015306920884
-3.2923390022648453,-0.5172406279485322,0.3194725496807098,-4.267643690709188,-1.8037604004976102
-3.3036514945965925,-0.5374664257652206,0.3155675857046268,-4.288790035963699,-1.7920259784409085
-3.302192697810491,-0.5209670685656367,0.3236274697031089,-4.305737714710857,-1.786871458679453
-3.2904485260482876,-0.5519148071816639,0.32236246491680226,-4.304570066946482,-1.8065007036793015
-3.3007502290199895,-0.5707743447202118,0.30936230908130957,-4.279317868978989,-1.7972256773889002
-3.2942221921871697,-0.5685583327368617,0.29630681850452545,-4.27070760734648,-1.7912737090859556
-3.299164489415871,-0.5693705870319377,0.2883849032700249,-4.278933300353281,-1.7883245991266687
-3.285375408377403,-0.5802939283374647,0.2860236378731926,-4.271685610929542,-1.7898891489232294
-3.287110400800296,-0.5879315589409754,0.26658060333476363,-4.282013434044464,-1.7983492198333733
-3.2880885107097,-0.5800144530087255,0.25240198814812564,-4.306065161574141,-1.7725718511070827
-3.276775867392989,-0.5775421530194961,0.27822113419150934,-4.284757083788595,-1.7757356420796835
-3.2570208530295517,-0.5936130914479887,0.2917752553321105,-4.2567382463133585,-1.777043335595358
-3.2422866842908973,-0.6279217886758457,0.29435382805819627,-4.240624264749975,-1.798020499990466
-3.2391456311767417,-0.6503466694020845,0.2892904578190835,-4.195447324264473,-1.8127543662144427
-3.2310914666552537,-0.6825627672575376,0.3255664870659448,-4.136188205638986,-1.8309317925480326
-3.2152836921031707,-0.7469716721371742,0.33488665748091495,-4.034869083351523,-1.8385566246139597
-3.192696086234631,-0.7919967354927385,0.366755677594154,-3.9606811614810593,-1.87823711677479
-3.1664077099428374,-0.8337741267401392,0.37299667210875365,-3.8788122810978365,-1.8992906820921718
-3.1490739466476274,-0.8699334973390621,0.4044686397023239,-3.779075608493038,-1.897533017153238
-3.1136286866767504,-0.8907404383216891,0.4113882222125046,-3.7008288041909845,-1.9172761308667814
-3.109886986648012,-0.9007376659512094,0.41878110841755845,-3.6175546682776254,-1.9405043958652317
-3.0971391258620717,-0.9205036253964172,0.4350273565172275,-3.5466483481899864,-1.9654805643422582
-3.056742506260804,-0.948314835462852,0.46548765369656897,-3.5093174835699132,-1.9853204195612069
-3.0595075181631124,-0.9613844805199298,0.4705351771001436,-3.438146893682727,-1.9859358017913282
-3.033224433535852,-0.9743008296522833,0.4933666135437424,-3.374839220722239,-1.972551196543248
-3.0560621958235568,-0.9836699372062039,0.5320829444337836,-3.3183965714340546,-1.9729881871675967
-3.036335144521653,-0.9911718649426307,0.5561536043401026,-3.2826566934055896,-1.9979979986897276
-3.0287296035652505,-1.0136051319253996,0.5842917421234411,-3.241473989426298,-1.9956377576887459
-3.0295668026727554,-1.0351398007332786,0.605755004679289,-3.2087650342213108,-2.0113675310422683
-3.029417794217404,-1.046882904953022,0.5986076975324277,-3.1890416403308617,-2.0311762385154206
-3.0345720361465394,-1.013678189797436,0.6014470991439429,-3.193630041691889,-2.0204170773256425
-3.051397950610969,-0.9915607041649104,0.6126422760018392,-3.2254717702336264,-2.0109270556550283
-3.0882644890028526,-0.9430933445125991,0.6130485534619707,-3.2499189279549485,-2.0184791992279356
-3.111692727822556,-0.8942192708708933,0.5964574679695002,-3.3376688719132375,-1.9871114657632902
-3.131553101129382,-0.8526565132626804,0.5951864658145061,-3.4366215461997065,-1.9799424563560049
-3.159510551377789,-0.8038339359953642,0.5629128617353435,-3.5441001404216395,-1.9613169439292093
-3.2022097456814698,-0.7531440335656949,0.5609571339705679,-3.6387190483090115,-1.9554854065294318
-3.260086425346945,-0.6890645576753399,0.5195779510480059,-3.7374918958816234,-1.9536753218156793
-3.2944970081115383,-0.6454028477575139,0.5078764145672725,-3.8527003901169588,-1.92188398453542
-3.303834002099231,-0.6164481102694002,0.48193488014827585,-3.964361077012154,-1.9047832879212987
-3.3292159444181855,-0.5847154994512165,0.4711232662871231,-4.024696809770263,-1.8801364057759251
-3.3136230027317937,-0.557018646568084,0.42193367587667285,-4.099930395644318,-1.8735283840558983
-3.3364390572350873,-0.5385428119564951,0.3904158307801963,-4.182846113930086,-1.856774311488805
-3.3443182152461013,-0.49679596257205,0.3627910119390959,-4.246597546783819,-1.8361329353777762
-3.3546884456855346,-0.46895184990074035,0.3321048497408332,-4.287206056061876,-1.8116558129198113
-3.35706769552824,-0.47062611115396413,0.3143485217901761,-4.332686086000826,-1.8059951616196368
-3.3458242646104406,-0.47126783070164074,0.29737825148791863,-4.36278341044961,-1.7776151571523977
-3.3473957029237233,-0.45634931387033234,0.27773467264768525,-4.396745228424198,-1.7579225948316035
-3.362225108457835,-0.4329766416295079,0.2513905868664405,-4.4275475294749285,-1.7597181011791507
-3.3613561206003584,-0.4096010231143897,0.22510967813157884,-4.4499917871259225,-1.7619749017457147
-3.3378091510259704,-0.42428286355000466,0.20051503392003997,-4.491825378063277,-1.7281393679837587
-3.3384023196241075,-0.38623332482066547,0.18141685370062272,-4.518864585147282,-1.7115013431586805
-3.346034949707112,-0.36129795642325396,0.1570935532507707,-4.564639449402159,-1.6996601746124365
-3.3054273819882036,-0.3443906250529547,0.17143910580711597,-4.551983778967692,-1.675741021639019
-3.300344286074798,-0.3862267910030291,0.16184821343713704,-4.556699470433788,-1.670740525846085
-3.287940935160129,-0.4257949836318526,0.17780806716254383,-4.550639024437678,-1.6830957070445092
-3.2861289452762557,-0.46689787814829325,0.18527127705876428,-4.494739609647279,-1.7142376758714768
-3.2571345395213194,-0.5216987320306118,0.20094161009879968,-4.43842530909994,-1.7017624686120678
-3.2434155369512316,-0.5752447609689744,0.23605868647635525,-4.338742039996806,-1.7483197545944689
-3.216236252831063,-0.6257967896023346,0.25728141044905395,-4.247600134207259,-1.7694421927301742
-3.1846353730104577,-0.6764853158125053,0.26308888886417076,-4.153538674302335,-1.7953827382730827
-3.163711884816009,-0.767015650865326,0.2984710175925894,-4.046620793357653,-1.8417582590734698
-3.134760655365453,-0.8210440797047512,0.3145327245567501,-3.9411954672074083,-1.8788391697606326
-3.1076332617613422,-0.8745877647970152,0.3423888373552621,-3.809136869057885,-1.8812890391241277
-3.081195037513319,-0.9172570994300318,0.38261040586289136,-3.6749434134176004,-1.9119211036396346
-3.063684246416037,-0.9627738260364278,0.41351755487958114,-3.5334713458384743,-1.9449112975702316
-3.015522772140573,-1.0186069452767137,0.42857178345703684,-3.4133516929486207,-1.9597461706194625
-2.996210169526173,-1.0625580394922811,0.47085333586779543,-3.2808989516322296,-1.9532398306634915
-2.9619021237088816,-1.114546460480042,0.5082148464112207,-3.1474842910557186,-1.9974354810014845
-2.9324725154588007,-1.1550743508763268,0.5150580916095383,-3.0348693645441918,-2.0038857244645047
-2.914114034594514,-1.17581261610842,0.5561308452091804,-2.8938165157979303,-2.008674856289797
-2.8810917912729237,-1.2211003065099186,0.605347805296695,-2.7827128766639113,-2.0058271690692373
-2.8388139880742513,-1.2474488540129094,0.6187201876111985,-2.678718503903433,-2.021795396433713
-2.805234245487366,-1.259880091278019,0.6434146922489409,-2.588469651551094,-2.035001889259382
-2.7955651802071944,-1.2690828117153437,0.6682283353316277,-2.546008248781325,-2.039871335333161
-2.796908824295087,-1.2740511687443905,0.6900371732250966,-2.4893582566605024,-2.0511170716341565
-2.820232803056152,-1.2429376323191783,0.7052875486167642,-2.4972886698672383,-2.04540117551009
-2.8567177877423826,-1.1839500160312486,0.7100546844657272,-2.5819439715581782,-2.053590536585996
-2.900544054585551,-1.1050648077935696,0.7109872835607607,-2.6725926318403714,-2.0533766437961294
-2.9568454566784648,-1.0471347145480119,0.7285049689943686,-2.80589275817959,-2.0395223001637257
-3.0161233481501686,-0.9917426680925353,0.7304838111783648,-2.96833908471068,-2.037609144607475
-3.0932602370427196,-0.912662164157171,0.7017915763345342,-3.1211503103863025,-2.038515419964039
-3.143557731330464,-0.8464649378006199,0.6817304418247813,-3.2652641317999858,-2.0308996028155586
-3.1989260441672376,-0.7987345712314898,0.6646851909532699,-3.3865650976757076,-2.0314700746894507
-3.2376548426585834,-0.769056301275729,0.6521467961920886,-3.5266373659900316,-2.016652025156905
-3.265181276299346,-0.7443912089238238,0.6097367030427536,-3.6186420680221976,-2.005147554204089
-3.295978132686096,-0.7207424892511324,0.6052768286690561,-3.6938606826792677,-2.00302093596333
-3.3190732096902305,-0.6973988930083086,0.582972297067072,-3.773935680679909,-1.9845049641277062
-3.2986228128086843,-0.7289378113250367,0.5671267337448725,-3.81928682810737,-1.9689723905888907
-3.325445486063195,-0.7181031410131076,0.5353405868325811,-3.8525837109188954,-1.9623035100677693
-3.307797662328341,-0.70180346858646,0.5253327606927255,-3.8882039171574023,-1.9357644941093457
-3.3120346843644874,-0.7214121047555869,0.4931838584328639,-3.8988684196126653,-1.9611108005182776
-3.290152007123905,-0.7322547031259844,0.48598575658658,-3.917906937169243,-1.958636452616157
-3.268093713285959,-0.7381208962276539,0.4851071638369264,-3.9114280692422554,-1.9250540092855908
-3.2549651147490763,-0.7112938785646652,0.4767256670692087,-3.9220199648590484,-1.904544087494633
-3.2636979778755473,-0.6871298841243599,0.4529628108572338,-3.96266955597681,-1.892377579305158
-3.2787488925102077,-0.6620421149871465,0.42635148634142944,-3.9937629163739548,-1.8952601518566898
-3.2709662532692385,-0.6395546897110491,0.4258157785439396,-4.049287571207114,-1.8820655482989117
-3.284737999898125,-0.5827016858133024,0.3885462239311759,-4.088457756875488,-1.8674693642701181
-3.284588327911463,-0.556668576072305,0.3508129932629513,-4.142554824614795,-1.835553372288298
-3.289075668550437,-0.5375380988944601,0.3377224707488232,-4.208967255326884,-1.8208336691527507
-3.295435896267482,-0.5364256898090884,0.34226059694793953,-4.2259925935292255,-1.8029479591603952
-3.2968172008274137,-0.5344043944135052,0.33417086702459065,-4.27317999994404,-1.7977137620904435
-3.320641892981254,-0.5299957900778159,0.3092754470719011,-4.275417405937344,-1.7928262886647854
-3.2974479774127756,-0.5362288110188363,0.3082479155858237,-4.288315160700366,-1.7826215426808938
-3.292933248076808,-0.5585076939599182,0.30018217544848297,-4.269731633353735,-1.7964843517208828
-3.3017206992789467,-0.5722209142253435,0.2972678758533439,-4.270369009249474,-1.7937386613579018
-3.285730849185952,-0.5498621320375688,0.2949769899923836,-4.27908878592731,-1.7783019642530695
-3.2923253205524166,-0.5387421438354814,0.300931748844695,-4.270439733192832,-1.7774526807418254
-3.285865599240629,-0.5474555111744551,0.2888483920409681,-4.296451426703005,-1.7686238323779375
-3.269563173269635,-0.5449718307104171,0.27953999599222673,-4.278451903115948,-1.7816685105101706
-3.275223413763452,-0.5323004500726063,0.2750193825872234,-4.27620281608698,-1.7738291480259871
-3.275312595672423,-0.5451431810376843,0.262409943021904,-4.286830252762044,-1.7618278451284057
-3.2601484545106336,-0.5573370185678089,0.2762070911076711,-4.274189093111083,-1.7569759154400422
-3.2420213798692425,-0.5782995648016298,0.29156153749206043,-4.271532434046351,-1.7749082004713999
-3.226414599593742,-0.6016341244724125,0.28947854919979743,-4.233521347204846,-1.7669066246597778
-3.2164689651627922,-0.6366838475169407,0.2974708712338865,-4.173100775528462,-1.7847482250853306
-3.2040519801579443,-0.6895447812756066,0.34029584900541787,-4.10387398663062,-1.8004987675864768
-3.1767071852868223,-0.7465511060442254,0.339021013768031,-4.030362562532808,-1.8256643978675509
-3.1432988540853213,-0.8017123592929439,0.3786436564247913,-3.9502797072875033,-1.847360528037285
-3.125442964537114,-0.8598448022660576,0.3955588272563174,-3.861280076989996,-1.858090072149687
-3.1206656356167435,-0.8506580268267606,0.40487003504716235,-3.7579482716772548,-1.8870203900429876
-3.097838279976885,-0.898152990114091,0.44816497957495166,-3.6642682106153694,-1.9184152002167423
-3.09325071682465,-0.8939556116146239,0.4557991269400097,-3.5882449904663383,-1.9241312860081692
-3.0875955470033065,-0.9344727152916767,0.4432104655671761,-3.513726009171068,-1.946497945233868
-3.078360247679718,-0.9401001777753624,0.4735281144565438,-3.4519192232662657,-1.9524639359108564
-3.060178234253558,-0.9553213360179942,0.4881004649014687,-3.394546018917274,-1.9434438274551535
-3.061587637384262,-0.9886710482847936,0.5256233057092187,-3.3556289331549514,-1.9700913694033817
-3.0383720136633423,-1.0051232863016561,0.553996729604579,-3.294584531318244,-1.9877203712883498
-3.057748186853747,-1.0124089893418744,0.5671900650122227,-3.238870562527759,-2.005595290201556
-3.027832424079692,-1.0392550877249613,0.5969334264164089,-3.2000385765968025,-2.005732750392994
-3.011869122284192,-1.028989293646006,0.6005031931592039,-3.176691811961376,-2.0107154402392897
-3.023600833626279,-1.0291145822801164,0.6114601304317147,-3.1466185261700854,-2.0171911295185425
-3.0650513161885766,-1.0105024058880767,0.6158054847927235,-3.1479842031160503,-2.012119046474618
-3.061375846346148,-0.986997621763365,0.6211684802530706,-3.1909118648873953,-2.0021144675381475
-3.088038525123415,-0.9409444614894771,0.6089873673436635,-3.2476307398155977,-1.9958887053966554
-3.120367460898535,-0.8780001584090871,0.6148750342220787,-3.3452526934132374,-2.0026155845805236
-3.1674839023057517,-0.8170172022479484,0.5884006663140134,-3.4437203781550014,-2.0016285493894133
-3.2176977636541384,-0.7631421020537981,0.574289409475094,-3.5546836258612755,-1.9843824431088797
-3.247775597294019,-0.7231254430996679,0.5588783346560303,-3.679799490779538,-1.9588668898075807
-3.2983296204696293,-0.6789757152149202,0.5116381133161582,-3.764994264575309,-1.9385456579287073
-3.3033283315532858,-0.6312725101303049,0.4940961379213837,-3.8834120679584077,-1.898673016492278
-3.313252981579307,-0.6129031216457923,0.4756876339487554,-3.982395355010151,-1.8776782344249674
-3.316649960583451,-0.5895960842492279,0.4515572538987217,-4.066890719911736,-1.8598731873924754
-3.3162308803671996,-0.5769041876050266,0.42332693613644484,-4.110204577833603,-1.8440934617514033
-3.33319772760031,-0.5419297922288147,0.40520560118629634,-4.196231818303459,-1.833377859965688
-3.336268575419517,-0.5099369320648534,0.38892856596023506,-4.246474697971098,-1.8111907022116986
-3.337442834625307,-0.5059303693505977,0.32837971785452585,-4.310614156274047,-1.7986049755306206
-3.338403338496124,-0.48074763131371834,0.309856985941091,-4.363345603139215,-1.7693834070319223
-3.3430359568903234,-0.48300038134579637,0.2898681953984492,-4.386626700848123,-1.7531900043678308
-3.3474005533063655,-0.45825207343534796,0.26835781379450846,-4.423726076544409,-1.7390856473934095
-3.3460003095976014,-0.43311724175627325,0.2456458084166959,-4.441936941088649,-1.735099035672927
-3.345676323115973,-0.4024000424618003,0.21391677829300315,-4.472205000430707,-1.7208322735166643
-3.345926702077074,-0.40656463369436546,0.21218261825861995,-4.514649987162658,-1.6935456626312015
-3.3385858394246934,-0.40399770224816517,0.17925718702701726,-4.526278410556085,-1.6834900133498212
-3.3477334837424766,-0.3713961166159125,0.17698792256939447,-4.550667214009849,-1.6747299792247607
-3.3358279648778804,-0.3657086049290497,0.1652788509101746,-4.534604897911766,-1.6713210244861134
-3.3051869017205737,-0.39678434673741714,0.18724985990712012,-4.538271419017111,-1.6619318998715895
-3.301828097377195,-0.4272742294043458,0.17806122196492222,-4.511823314350591,-1.688814721379862
-3.272901743950574,-0.4850047114884614,0.21888440201246206,-4.450661267628871,-1.7105662757911477
-3.25772400625433,-0.5404462743777158,0.22858801450697552,-4.41727068503234,-1.7258754532797569
-3.2233406345688262,-0.5940466891047073,0.26752518276411047,-4.3218437113163155,-1.76835931929821
-3.2028253356882446,-0.649575246119661,0.29427936780809283,-4.235027109439329,-1.8001670004955286
-3.186184554307448,-0.7037603925792256,0.31574828041093816,-4.136636783948717,-1.8375681443932927
-3.1436115823629,-0.75291768139855,0.3358255410979084,-4.000582823322503,-1.8634077934285085
-3.115980831296263,-0.8145069812238116,0.37499252174104813,-3.8850221582298867,-1.911605610653186
-3.0870533625334384,-0.8795449725365466,0.38418782412632557,-3.756011861188847,-1.9056089341906393
-3.0564766377640824,-0.9247443406541338,0.40676931494414525,-3.66001900589547,-1.9289668181277142
-3.0199107856275993,-0.9795034326279923,0.4455512285287205,-3.5176937048258305,-1.9509927668440785
-2.991423264468684,-1.0484133042727057,0.4740879867390649,-3.3859521830741923,-1.9577719551486052
-2.9528935007544823,-1.1056853462633973,0.4924872348199265,-3.2325009391216937,-1.9715318016677
-2.912310658342616,-1.1291168479872695,0.5350356163707505,-3.1343276565410005,-1.983821568247227
-2.899869285067539,-1.1628255428252143,0.5522354134509817,-2.9930187647137783,-2.008514605457367
-2.8750359179883134,-1.19327502891735,0.5854506093950009,-2.8629054844499713,-1.996297512955046
-2.85363049851695,-1.2427599546958983,0.6162308554855894,-2.741518177703932,-2.0256243665152343
-2.8131530780619305,-1.2545792016862336,0.6372065715385905,-2.625856406219231,-2.024629325405071
-2.805631110774468,-1.2632903050174207,0.6623102976738152,-2.5618279652512603,-2.043857314774586
-2.809616700515869,-1.2564231668075247,0.680996240958702,-2.4987076214176627,-2.0410695169391895
-2.8285437087581977,-1.261315796255697,0.7108958902095138,-2.4909456818972138,-2.0479732983446826
-2.8509276269247175,-1.2179382701747723,0.7312855035454808,-2.515370194431701,-2.054152439926547
-2.8810090183804298,-1.1649746822777929,0.7380554409597985,-2.5979898123370835,-2.047110470902371
-2.9300616885865467,-1.0696068857317138,0.7478104383173539,-2.7016847351475572,-2.060518945087873
-2.988540268863342,-1.006317824862031,0.7466976524151223,-2.862672342938605,-2.0494599362148636
-3.054645298139596,-0.955728180444517,0.7266079712856331,-3.0276485979891983,-2.0446685061490064
-3.114491404689774,-0.8799400874539101,0.6970509867030452,-3.1867564483653434,-2.0333260087035194
-3.177192419710322,-0.8119734955064477,0.6654732704186405,-3.3381369995446004,-2.021573966455751
-3.2187894565317907,-0.7814361626673039,0.6414843832844419,-3.4804709031773484,-2.026715643436491
-3.260931617371174,-0.7321279408039234,0.6164650731302365,-3.5911707893894955,-2.011089739362574
-3.2819724931454175,-0.7064762068765827,0.5999353924643722,-3.6934853163815826,-1.9831678597814204
-3.2984913967790006,-0.7037527971974892,0.5735136908517173,-3.7727456031527002,-1.9903648636509308
-3.3219590853358083,-0.7064749744580877,0.5507625385418319,-3.8194641899189827,-1.9901121638047934
-3.3269317925130433,-0.7154689293432679,0.521323480598189,-3.869673634750931,-1.9727427531400115
-3.33576466385048,-0.7289438007330815,0.49813681085814215,-3.8962758253842797,-1.9456005190989794
-3.296655466168959,-0.7471936224599227,0.4981423866721098,-3.890000714820747,-1.954506368630472
-3.2866060856298325,-0.7550077185002443,0.5006577375440288,-3.9126721851363846,-1.9435687939778163
-3.268558852719817,-0.7239351484975454,0.48096374260972463,-3.932514106602094,-1.9454600575939505
-3.2670162489093406,-0.7124537540243757,0.45494831287730336,-3.954247527480139,-1.933145631611591
-3.278772730629791,-0.7046241436728905,0.4345168419107451,-3.967158702892678,-1.9275859852992534
-3.2783668894672156,-0.676882122931612,0.4187034414488879,-3.99796599985526,-1.9035643880447726
-3.282160079477879,-0.6483786996185898,0.42210631560254847,-4.034041547565562,-1.9075385177083335
-3.310130891224927,-0.6066665134585132,0.39878863355399535,-4.085727257395946,-1.8930974011175494
-3.2971030857194816,-0.5883842834956822,0.36226233626121246,-4.135881234263402,-1.8664175003111194
-3.309377835679704,-0.5595255411904334,0.34173987352808083,-4.1903115114016005,-1.8606787911213905
-3.3365425848496826,-0.5326663407623891,0.334130860597642,-4.2140379340994345,-1.8501509439408244
-3.3422492982138867,-0.5311976734982126,0.328158874613963,-4.255988233760909,-1.8301150210028159
-3.3368978169634964,-0.5168306634100787,0.3213876575193097,-4.290772456155481,-1.824390234667029
-3.3160338936092875,-0.539370821003215,0.32468362466423695,-4.293580660499727,-1.805845497886691
-3.307098647750321,-0.5531154988022933,0.3117056731776248,-4.297285192856552,-1.8057796447339531
-3.306054608930885,-0.5567809756118692,0.3051615255571038,-4.305401360956743,-1.789662172275421
-3.300088795284735,-0.5701331487262222,0.29216998004838785,-4.281424606068689,-1.7890681901445327
-3.303070808374852,-0.5764364647032744,0.29003553504244306,-4.28020657157842,-1.7828010785842607
-3.2717433858538225,-0.5639015435288354,0.284639822064604,-4.276553850674416,-1.779912517976241
-3.2824320848384074,-0.5668972482691326,0.28405237433726777,-4.273296538160397,-1.7883365924876709
-3.2820852034089016,-0.5592489493058297,0.2842101108496135,-4.270024637454509,-1.79008450931464
-3.2822622673320905,-0.5566117635571833,0.3010824150043677,-4.2660243190206355,-1.806928345244458
-3.2998752435964587,-0.5707819469164808,0.2813820363202997,-4.242139526133979,-1.7938458032224962
-3.2787512493987356,-0.5919879116633044,0.2802807854681607,-4.23434990380099,-1.7981542702589595
-3.275286214048811,-0.6194825937704425,0.2946043926966882,-4.217391287700908,-1.7923570478784505
-3.2444750316472635,-0.6532271450595166,0.2973236417145952,-4.18594183903034,-1.8134771075405844
-3.2254541548360685,-0.6906134660866452,0.3244336219954299,-4.12517613916126,-1.8434782893362067
-3.2066137996333555,-0.733115063392423,0.33616416184068326,-4.045419420680924,-1.850056358571085
-3.1900802970627593,-0.772381655868509,0.35123378082583323,-3.974441325816677,-1.8782208493396377
-3.167827703538906,-0.8262091765546624,0.3762943639914615,-3.8900802268542156,-1.889922507753826
-3.162012614397785,-0.8451794219506364,0.384878587546863,-3.8059279938629125,-1.913702923164033
-3.1262040596750027,-0.8866841015293698,0.4042195605108602,-3.690543574143773,-1.9223442023661141
-3.1186617956978298,-0.8995183465516411,0.4050923830476634,-3.6263319617048024,-1.942000254851191
-3.082223354629214,-0.9175789777096383,0.4398209002462769,-3.5504765157212104,-1.9361735759179903
-3.0656148292393244,-0.937681036290357,0.46581013124711435,-3.4814510387613558,-1.952973648403928
-3.0622020805904917,-0.9302749461738997,0.49347177726883606,-3.436683726767972,-1.9719021208395882
-3.0551700147226484,-0.9401762942881066,0.5174802901164886,-3.366654623099772,-1.988616462750246
-3.044569050176879,-0.9492308841141053,0.5278134279115899,-3.331365810915827,-1.9749886810052815
-3.056583673440289,-0.967827522691411,0.5591058905052207,-3.2742845530388762,-1.9928361297209436
-3.031419777069659,-1.0063975572869437,0.5808000659530532,-3.2399962151621953,-1.9962660006083828
-3.024559709235445,-1.01538615995704,0.5957960204881901,-3.225896450074108,-1.9947094824016889
-3.023357313595404,-1.0265845415092332,0.6092823991040972,-3.1985077997851423,-1.982461755364369
-3.011323163575398,-1.007699708926226,0.6121604025039714,-3.2003937571262346,-2.0219038762467654
-3.0324923728037243,-0.978283410668972,0.5944587254437893,-3.221380312018447,-1.9946709282361692
-3.076902952813419,-0.943667750308253,0.5815213983446735,-3.254903758254341,-1.991410597632523
-3.1110186015415007,-0.8886169725487977,0.5890350428446482,-3.330981794237719,-1.9882575446198336
-3.1502197254065556,-0.8349462286466243,0.5731270011669041,-3.4118764280860145,-1.9822160557771595
-3.1690884573762386,-0.7673335446722366,0.5773022524465037,-3.5320563946824266,-1.9585921068656034
-3.2008494810041395,-0.7269708529260429,0.5708273729143664,-3.624278494153372,-1.9395357277168366
-3.2325320326421907,-0.6741767820737141,0.5361938203540588,-3.7388263787747578,-1.9168675643165514
-3.2662560746220675,-0.6593461840056554,0.5183641082589641,-3.8468428877370533,-1.888013259191405
-3.2934386900539305,-0.6250243193340791,0.4925465119547899,-3.960465539716999,-1.9030299321495696
-3.312661669650003,-0.5953273425873951,0.44424057567450326,-4.041299142803356,-1.8925472177387588
-3.328713803912185,-0.5713230775140425,0.4080349881110378,-4.127218182578136,-1.8796857809356695
-3.3499483826103313,-0.5488995948200547,0.40050863356194644,-4.212128073660602,-1.844873584199077
-3.340539573822839,-0.5085990340878324,0.3705588915950873,-4.265224915653888,-1.824187581060115
-3.34765798906616,-0.4893709192361701,0.3600757357205412,-4.2991489304387125,-1.8261776874478717
-3.3683774844719436,-0.4806799374321384,0.3348007435669432,-4.3503494055415395,-1.8083699988982278
-3.3577642571399213,-0.4813399156173277,0.311503588211812,-4.384829696681437,-1.7825159932358439
-3.3425856479370646,-0.4671093428344248,0.2770586141214719,-4.409072742196854,-1.7648987685790956
-3.3360927707397776,-0.4254918430870245,0.26888967423384186,-4.436533845571571,-1.7267334740519293
-3.347735845572301,-0.41561479066909957,0.2395440242043205,-4.4602296240454375,-1.7084777052356344
-3.337431393929359,-0.3860118002054257,0.23132597321648835,-4.4939583421247065,-1.69187829487581
-3.3488554737283938,-0.35865321066201816,0.22277188455006966,-4.523062637925506,-1.6744212433702352
-3.3377459854141422,-0.3685962247495288,0.17897751270513956,-4.564884386731322,-1.6826682847919636
-3.329581481022524,-0.3731757321669944,0.1670895535443629,-4.577768328962847,-1.6571411035137809
-3.2952241888973495,-0.38354389613463696,0.16637176397283152,-4.570930725299627,-1.6444442845961103
-3.2908857034552947,-0.3990949970551606,0.17157802947669784,-4.540291028332613,-1.6570012379754622
-3.267167438655214,-0.4369928949269718,0.18447999556582295,-4.507786298376164,-1.6918861290773997
-3.2633600740591455,-0.4987307599546551,0.20543338087166096,-4.450179632190872,-1.7121827482191763
-3.242292379534082,-0.5322987547382193,0.20879727486185798,-4.362771248085883,-1.7325579031652203
-3.2195869861892032,-0.6253058214017655,0.24866109506519907,-4.2579120180938785,-1.7736104406093796
-3.1801761728118714,-0.6847976501839431,0.26668656651542993,-4.165564336353681,-1.8045620254889543
-3.155029940343474,-0.7447005810550946,0.31145232855451527,-4.038133347190929,-1.8259368029123184
-3.123520789843119,-0.8136453343208645,0.3327163838734204,-3.915063315295094,-1.8551456596484412
-3.120954267127194,-0.8548558813350818,0.354577916250175,-3.78480450932044,-1.8874068503724843
-3.074367700784004,-0.9215128342194612,0.3824163700132409,-3.667042613413454,-1.927738776695615
-3.0524265957411165,-0.9812856181269866,0.4168560666798563,-3.5423093742723144,-1.9534726664697186
-3.033674720161088,-1.0180611237497046,0.45399014299247736,-3.4120229633395565,-1.9604387275640582
-2.97833906921381,-1.0721136064861192,0.4641032500772961,-3.2613271851065795,-1.960973100919155
-2.9591251452031146,-1.1318147881366434,0.5014185091630978,-3.112733903821741,-1.962499030959399
-2.9518786611643355,-1.156900777050387,0.534275916783406,-2.983819773940824,-1.9930377538913968
-2.919036532548328,-1.1907519588937898,0.5522905799661183,-2.863979374945804,-2.0023449464513923
-2.86555939874995,-1.2225702036734258,0.5787872701693911,-2.725652164962558,-2.0036777021934213
-2.8309915446867002,-1.2401754474127524,0.6152005561057672,-2.641920312155801,-1.9962753251467413
-2.8002806742452395,-1.2396156055611713,0.6406276703658813,-2.56918244559954,-1.9973683042814223
-2.7716391104394567,-1.2597369045927798,0.6656838318053733,-2.4956857054905726,-2.0008249988819964
-2.787342165834623,-1.248186066853581,0.6824917953077766,-2.465614439959982,-2.017315014057928
-2.8198646992873955,-1.2196606159735308,0.7090761114751909,-2.477338611491322,-2.009197179343268
-2.8669235489919926,-1.1574724640469074,0.725737881752966,-2.5426640279725787,-2.0317344632310745
-2.9130992440711627,-1.0890466219455106,0.7185874858581859,-2.654764320702444,-2.0350027089777885
-2.9775388583095213,-1.023582153260281,0.7249223434953542,-2.77748938271274,-2.0414715509769845
-3.039025153349585,-0.9477685262568384,0.7265529103781556,-2.934247396979107,-2.042111732073566
-3.0920809535018337,-0.8696452531188389,0.7124548250280295,-3.0877389434003177,-2.026276670068639
-3.1469082085127917,-0.8083337146005842,0.6703907396479674,-3.2320634802667803,-2.017146983418258
-3.1738560847409474,-0.7624845146374886,0.6575073562735311,-3.3899976732431134,-1.9845854743543352
-3.2331431604992362,-0.7461693534147171,0.6475524348814738,-3.505043569651619,-1.9860994041057514
-3.2597301834518104,-0.7186499496319859,0.6140225111595844,-3.6286816337230388,-1.9737875554143667
-3.2712742353853512,-0.7154152086397341,0.5916967615673433,-3.733986177621363,-1.9766510934553503
-3.2872275498279024,-0.7045765086687856,0.5641734076947061,-3.7917573163892015,-1.9534722834030889
-3.310650543007661,-0.7180704380889336,0.5506578448413681,-3.8509485584582808,-1.950559703633959
-3.3099196233920565,-0.721297384630094,0.5447223534655724,-3.883420024041838,-1.9506387119463728
-3.309098726019787,-0.7109305255425264,0.5358181278031882,-3.912225658865104,-1.9391686756038136
-3.2960792027006844,-0.7160629923528126,0.5178856935148117,-3.9261534493655534,-1.922673874482642
-3.3006296917319426,-0.7148766078529766,0.4949407782494674,-3.9101352133823726,-1.9319224825985921
-3.2902270200158323,-0.731379904058027,0.4959844172816006,-3.9118155704342783,-1.9428154339422994
-3.2758147468082157,-0.7228068478712171,0.46653462044218597,-3.9344992907549647,-1.9383876304164627
-3.2936522227094827,-0.7141772112653437,0.4499497903772076,-3.955198908404821,-1.9263349131325533
-3.290112666250893,-0.6767553927938824,0.4142652315873986,-3.9829106329108677,-1.9150779199026307
-3.311130443991558,-0.6510353167077195,0.40266462124873265,-4.026576374937819,-1.8921292795624525
-3.3186522465507093,-0.6109224726518552,0.37669636621054886,-4.092462181678307,-1.8723779763370807
-3.3220817268124985,-0.5646130688590056,0.35090654205373556,-4.14349318602146,-1.8403363777760646
-3.3244240426711973,-0.5500048893821607,0.34541810558501895,-4.184652832938501,-1.8386514354551087
-3.302427136034967,-0.5445493235020025,0.34350326352144583,-4.220101781398437,-1.8219967001805182
-3.3018441447149187,-0.537108361678197,0.3470559195885232,-4.249233044312096,-1.8110543163796633
-3.306573117465554,-0.5547983158696038,0.3420394398570666,-4.270246547004153,-1.8044641505691055
-3.289233160139009,-0.552786661829248,0.3419081704371296,-4.286699810260312,-1.8005968808114425
-3.2923856303242895,-0.5517364081303284,0.3122062809342525,-4.296734823815618,-1.799395904233853
-3.316991609141084,-0.5510970359919544,0.30755818454485545,-4.268626429474739,-1.7925838983300382
-3.303025457370054,-0.5467441461891952,0.3062731811813011,-4.276975595272563,-1.7751835994077707
-3.306200307962946,-0.5361033071840888,0.2955916534852862,-4.280520426520865,-1.7758369028484176
-3.305698355995976,-0.5389422074128831,0.2814034115941975,-4.268290224471639,-1.7773307312747835
-3.2936507302685514,-0.5323265578755711,0.281416082600758,-4.274998911618308,-1.773344108391754
-3.2902311483393993,-0.5414572873216799,0.2786259439568023,-4.290258132388224,-1.7855429604821276
-3.2839546685444634,-0.5292072126683044,0.2804000653515986,-4.290856503044114,-1.7833004091364377
-3.298633858691295,-0.5290447088068502,0.2845433283634435,-4.27408203860621,-1.7706166772597622
-3.278078038878445,-0.5380925662024678,0.29626050424004324,-4.2732551578790225,-1.7705971220279841
-3.276969580965774,-0.5758199573226028,0.29550957947021506,-4.243317738422927,-1.8001266149519048
-3.26542446073983,-0.5964847333225727,0.30687970767746586,-4.188462002814493,-1.8144996145206604
-3.2478125404183227,-0.6749464238482938,0.3229690268524695,-4.125820022095244,-1.8243381702772912
-3.2066910999176086,-0.7318590922037842,0.35232713345798716,-4.049838555758324,-1.8251814277490765
-3.174535067789986,-0.7722815141728725,0.3778464523605413,-3.980198741684536,-1.8418893938106595
-3.1387523567593965,-0.8224485860381674,0.38311291171228756,-3.890568017808915,-1.859685998824543
-3.102705854587891,-0.8742634396790059,0.3978598936001262,-3.803541088795141,-1.8911463162315258
-3.0958999559041342,-0.8896149643583436,0.42749546725999865,-3.7224122188477335,-1.911591293047934
-3.0812563421018733,-0.9120683205205412,0.42157318354803053,-3.6382902554673335,-1.923651335780659
-3.0693732782374465,-0.9556141394769928,0.4421150268320188,-3.551374692006037,-1.946900877186074
-3.0524162310652425,-0.9753947269672534,0.4727858501132963,-3.494100925265467,-1.9336153572591155
-3.032315066521527,-0.9759741735932876,0.4895210856696493,-3.4288650718904212,-1.9254960895451945
-3.042911300894417,-0.9966119031445994,0.4900515256804905,-3.3670919986170347,-1.917409494828672
-3.0417816517840297,-1.015468297661796,0.5200913521449831,-3.310383107437948,-1.9603898381916691
-3.03320281496459,-1.0333854770936501,0.5396643443838727,-3.246664457682893,-1.9652012821332367
-3.0110205319055696,-1.0304630901832466,0.5548193040412547,-3.184579644833449,-1.9645882814249351
-3.0071756292253853,-1.0498869978159295,0.5760422121860427,-3.1322231952040314,-1.971674678999989
-3.001996904366562,-1.0428384257853744,0.5840821212644157,-3.1261636034432154,-1.9967937861932228
-3.003780707387985,-1.0480008161553491,0.5982225161248995,-3.137623028588401,-2.0055012099247786
-3.0307790539039807,-1.0114944237231178,0.6105653726467123,-3.1860863845110843,-2.016446152252554
-3.076706624723083,-0.9751339413823268,0.6069117347951166,-3.232867189083086,-2.02251146612313
-3.094687719654377,-0.9277524008233078,0.6038911659707893,-3.305843184367538,-1.9982527724286552
-3.131718396133397,-0.8768736712815699,0.6012653856044912,-3.406417946101948,-1.9824175394209307
-3.180190387058023,-0.8326033983070157,0.5861649700076801,-3.5107717887001346,-1.9848341728167669
-3.23276861378722,-0.7690820825987142,0.5804381278826105,-3.6225093515332416,-1.9890842109150142
-3.263538998761548,-0.7020598491550125,0.548498299936586,-3.7356452357157908,-1.9465668121524
-3.28919762468305,-0.6543299616612662,0.5276009508440008,-3.8339132955250967,-1.9174225341975262
-3.3012317178202157,-0.633060978017998,0.5036810854884639,-3.9379969337803344,-1.8859208651202681
-3.3218057879711127,-0.5950799046049939,0.4759711161097892,-4.022577613562066,-1.8777383733237665
-3.3427106469044094,-0.57599684780807,0.441222058334751,-4.115010902837308,-1.8752072923490994
-3.348743133568286,-0.5491199459684069,0.40767237536034223,-4.179986561242431,-1.8529631884684903
-3.361472217997225,-0.5282230523172083,0.3797649728695539,-4.237582238964855,-1.8286345630710614
-3.3658238465965775,-0.51649742474573,0.36281347073070913,-4.276379276789716,-1.8241441454334726
-3.354723412619209,-0.5250910381849633,0.33546112383183646,-4.331358314427832,-1.8014397586749304
-3.3578409451513465,-0.49792224663064005,0.31575399030211165,-4.375928777192199,-1.7967057422460428
-3.3529378910314938,-0.48590019770197784,0.29059875761855436,-4.394780277419275,-1.7715664378796008
-3.332326432787063,-0.44440393621016566,0.25225894372175756,-4.424493881942197,-1.7539092685177986
-3.3260409734101914,-0.42785722646054664,0.2345133919658297,-4.448356453268081,-1.7395161974168867
-3.3206848505727344,-0.41156295936235976,0.21735867330470643,-4.481433926382758,-1.697614957282116
-3.314989012615369,-0.38376294411052386,0.17770466529473092,-4.498234575559184,-1.698049221346884
-3.3123111389111206,-0.37354866168157946,0.16678376830326727,-4.526025210070245,-1.6912440944383564
-3.301026253108354,-0.37567938061301276,0.17874969348786282,-4.5409994590321485,-1.6810185155483879
-3.2990075006991137,-0.3907503511385593,0.1568964865954983,-4.540573970620719,-1.6713600064325282
-3.298398039389165,-0.41635708583049386,0.17200898200583814,-4.516211713025475,-1.6770464621750847
-3.281175874571387,-0.45416924977932055,0.18541850952864358,-4.474973322984062,-1.6920542088409942
-3.2478183394672575,-0.5164164496368651,0.19883801347990218,-4.410185030434852,-1.6942972921692414
-3.22409189764338,-0.570441878275834,0.21371486069292586,-4.3339502599629975,-1.7287152919522493
-3.2302056604845695,-0.6166779147878361,0.2415184736981766,-4.249000526591861,-1.759972877025549
-3.209623782862203,-0.6813215002377171,0.27384115120256164,-4.157257659794361,-1.7981994846940605
-3.1620892918642958,-0.7458632477516373,0.29991796520499386,-4.032632323882001,-1.8270027198398768
-3.1465329261178163,-0.7905745815225871,0.3296248334876325,-3.90905489704793,-1.849083535626466
-3.1139560502945116,-0.8357738775427779,0.3599642405218644,-3.8108023765389825,-1.867676165524795
-3.0818656127859962,-0.909980093244544,0.3967012442024595,-3.6766420751465945,-1.9102560689364938
-3.0567021184572294,-0.948844363388862,0.436098112942848,-3.571885373224231,-1.9475239703481033
-3.0234781780447646,-1.0130492351729854,0.4600172109008866,-3.4530391719972706,-1.9564382699810825
-2.9871358196601228,-1.0652661662293212,0.5104420703482158,-3.3278069782603374,-1.9765243788728504
-2.9637769352522243,-1.1076925888192868,0.5446441296816887,-3.193730370325801,-1.9882301079855804
-2.936320398241523,-1.1434770915319943,0.5571511942736705,-3.0672514161082067,-2.0022572041524134
-2.924760757907074,-1.179578588025935,0.5834709036917061,-2.9294786884508537,-2.0162651970060637
-2.8828639999617343,-1.2053610644095762,0.5926032937436029,-2.811036057890738,-2.045803363998893
-2.863000364760218,-1.2296771964758504,0.6154486027298661,-2.6967123813099687,-2.0382028513740607
-2.8391265463448616,-1.2600256555115428,0.6518307833333308,-2.5929513518157674,-2.0404591888665595
-2.83638441827828,-1.261296556388909,0.686365817488983,-2.5544572117022173,-2.036995337238469
-2.864225507616673,-1.2537721576523642,0.7254253345964505,-2.517443158300617,-2.056846387491519
-2.885280831974251,-1.2216799096846729,0.7415458433248485,-2.537319799711504,-2.0771428704841006
-2.919252319533042,-1.189493586020428,0.7350216921623717,-2.582168873764717,-2.068272379745994
-2.9722730801757704,-1.105262315971024,0.7237993921967906,-2.6852236560718286,-2.0699796021937744
-3.0403134952162256,-1.0424515070506335,0.7307103186927785,-2.820256033057035,-2.063411854595639
-3.0846947606155237,-0.9647621726679649,0.7196677607623877,-2.9930195073417964,-2.0575643801853234
-3.144541594190378,-0.9072034451768435,0.707251776222689,-3.1473701411973063,-2.0544576938190873
-3.1885482542746963,-0.8342587413994452,0.7038989819724654,-3.2981978041289146,-2.0358149623297876
-3.2196437600164205,-0.7915900735587532,0.6671188150172992,-3.434766278568901,-2.0211559118722153
-3.2524458969618784,-0.7573730675045338,0.6318092469531559,-3.5647767926837517,-2.002506383572846
-3.2691482298376067,-0.7426574549540579,0.5885455792818195,-3.669433624697955,-1.9748509544756843
-3.2960988804191973,-0.7156187333860434,0.5680184870135411,-3.7632830615555704,-1.9651155752964287
-3.2993090458021967,-0.7087228270506646,0.5493354174024269,-3.8359322909854723,-1.9713672216339961
-3.3096912593032592,-0.6970253218809244,0.5365145600856784,-3.8789804920619195,-1.9547787341532046
-3.3131862259900293,-0.7004183345668161,0.5118837637666505,-3.918098077572577,-1.9386856757001236
-3.312592189879749,-0.7035346495058988,0.49177069728049777,-3.952474916214237,-1.9381162248175923
-3.289890590509146,-0.7096097058902479,0.4688771006249934,-3.965863910691451,-1.9389520248169585
-3.2860502067042194,-0.7127087634524761,0.4630714637992455,-3.974267540168336,-1.908779917484373
-3.2818202109229984,-0.7188258885372175,0.465917539173866,-3.9650773053742148,-1.9061859678670299
-3.2829085170932335,-0.7122101648910432,0.4412920230006823,-3.982059407709631,-1.8915386794310245
-3.278126020912248,-0.6736685391938796,0.41226721296388824,-4.016659747397273,-1.875604811373827
-3.283124867679875,-0.645129736806691,0.3929844822894389,-4.037399513729913,-1.8733358416751238
-3.2938030881350935,-0.615489543261949,0.37055818400687013,-4.102211368000528,-1.8531221910596694
-3.306313591229483,-0.5655805531143273,0.3446852221058336,-4.132743184876157,-1.85038309612294
-3.314984734560234,-0.5302461189556791,0.34771312399112825,-4.192194218267602,-1.8291790318992298
-3.3211764793194583,-0.5249622109492034,0.3322315033958655,-4.252932930904054,-1.8162312501950024
-3.3116395934767087,-0.5116841873591477,0.3158596491171376,-4.298512262150429,-1.7973236619378934
-3.3023054602390194,-0.5234217159711775,0.3152997302650591,-4.315756661014667,-1.7802500814251518
-3.287471389305139,-0.5409311599463549,0.31303878224367504,-4.296937286328286,-1.772154110142059
-3.2826131411572996,-0.557823218364216,0.3051340530599135,-4.315251347394882,-1.7746611520648592
-3.2847496140137302,-0.5642247096072013,0.30431419376586527,-4.291801635420025,-1.8003450752744348
-3.274254160393644,-0.5676219805457595,0.28941614047284137,-4.291039051101303,-1.7995545754078919
-3.279602321042562,-0.5803508524006386,0.29126450733222237,-4.283510598625865,-1.806353905228552
-3.2586297413838365,-0.5835284432825967,0.2955930538534598,-4.2907645738563716,-1.8040844451736522
-3.259970285838158,-0.5903226913824686,0.295835585455494,-4.280788886600549,-1.8152285400586676
-3.258248034158262,-0.5755582546828065,0.29898208151381306,-4.274924736120623,-1.808687630471224
-3.2549240676025475,-0.5880860780510657,0.2998488522072571,-4.246386539794823,-1.806661098671636
-3.2474741806019316,-0.5852080902500383,0.2834300713826355,-4.252710732720197,-1.8049568788420318
-3.260486844752653,-0.5998816707119679,0.2887376542557624,-4.20193313787805,-1.807539014897997
-3.257072972901432,-0.6230098242983328,0.3208397939606803,-4.1782545074679724,-1.8171362347389248
-3.2337861646322246,-0.664776083853395,0.3282503027601957,-4.131044177131968,-1.8107467117795493
-3.1930343905547574,-0.7041409626702306,0.36040955105692485,-4.098195587592331,-1.8261153415538736
-3.170884563256094,-0.7616725666028494,0.3632558525572789,-4.016930992543875,-1.8500009820394145
-3.149690692680692,-0.820627702338593,0.3907570809184482,-3.9381881361088964,-1.8864780440372146
-3.135324985052493,-0.8435960906885673,0.40437726899403503,-3.8538133380461312,-1.8961834718023858
-3.111934976312649,-0.8801489754513475,0.4218835019811861,-3.784515692228647,-1.9058540262709767
-3.069424628520226,-0.9222104895025354,0.43398264259501157,-3.689692320474864,-1.9103384324130817
-3.0531445806166513,-0.9454287469204108,0.44687724609758744,-3.596541071673521,-1.9314394267913675
-3.0444441211216957,-0.9622275337178403,0.46116092107372025,-3.513996340893732,-1.9196470774366388
-3.014680992265588,-0.9713096108640675,0.482811654704001,-3.4606809221517936,-1.9355555906991149
-3.0268341294895724,-0.9716044133929728,0.49710473932252414,-3.4083310513397325,-1.961898318049079
-3.027986085516295,-0.9737319532027622,0.4948690376351948,-3.364593514883861,-1.9825398740907059
-3.033392400793563,-0.9722924286754385,0.5155598902372595,-3.3345480059014054,-1.9669370494142466
-3.047584146666139,-0.9729810014868318,0.5335398843818738,-3.3203142546151665,-1.9839844480910722
-3.0364308122771693,-0.9956446008968403,0.5611118683965943,-3.2862380900064885,-1.9868745244063712
-3.043732202214803,-0.992448406261903,0.5619345727673523,-3.2913802458539108,-2.000206707946588
-3.031352796059283,-0.9740228567255318,0.5609362674661883,-3.279231862345133,-2.0007987684995725
-3.0383185273365343,-0.9568768639818757,0.5806332427402859,-3.282062164737834,-1.9961149945360146
-3.0658511081405107,-0.921463518095575,0.5669682374865003,-3.335513508102794,-1.985848980190043
-3.0979739435346616,-0.86953840177537,0.5713340687960328,-3.3959262472342786,-1.9800205824908066
-3.142876824545054,-0.8457322889453289,0.564217010815509,-3.4671411408751616,-1.9949734082656518
-3.1875681511209972,-0.7964444549038281,0.5365826871449879,-3.5769936006669014,-1.9827315096651246
-3.2091904905266455,-0.7643141841597677,0.5082817648065383,-3.671932005526753,-1.9661824262541336
-3.238467773024767,-0.7226421114955779,0.5155274570863569,-3.7483791761293785,-1.9432913280803867
-3.2771645025343377,-0.6537781064906124,0.4936997989329011,-3.8311194944522375,-1.9067967972719853
-3.2963961334573813,-0.6182643117822789,0.46633236686720353,-3.929511904389271,-1.9041054804048339
-3.3117875467198563,-0.5882361777913976,0.42353799535639214,-4.0206520157907795,-1.8771476359559855
-3.3438240475411782,-0.5624346141474617,0.4008624224138696,-4.12099882958188,-1.839257674964848
-3.346761424145427,-0.5431909817659079,0.36250175298880266,-4.187927143464569,-1.833934171889409
-3.3622240126465335,-0.524346241861922,0.3379065066151583,-4.2484185275616,-1.8043594208975833
-3.3708788114941846,-0.4973260918943424,0.30489831176549087,-4.285810401701786,-1.8075429779985548
-3.3686751752333444,-0.4810293723006576,0.293510336096949,-4.335394296184249,-1.7791156740458383
-3.354467670297159,-0.4528649120357475,0.292134469038439,-4.370549079156094,-1.7710030091126958
-3.3482480024285155,-0.43363683032479744,0.24482832017542122,-4.428614270174193,-1.749098876480286
-3.343853952345386,-0.43559521246851907,0.21435955194713252,-4.47385578689489,-1.7285929993484406
-3.339096965627565,-0.4096120478161176,0.19907683567024695,-4.5003927931351075,-1.7117512871914737
-3.33551274903378,-0.3737296475303341,0.18985101384361588,-4.512784782528776,-1.6954592728265698
-3.3432189648259643,-0.34993546392681674,0.16240499481352838,-4.557705465886114,-1.6679576486558558
-3.3454564919294003,-0.34498674577500654,0.1366409444545509,-4.568732176892924,-1.6758638026288395
-3.3194570111560386,-0.35727081167388935,0.13433880840726614,-4.581242462362709,-1.6487970740217577
-3.317388956396485,-0.37515020453510756,0.1443075448774141,-4.584979402917818,-1.6456055185674532
-3.2900278131285683,-0.4074755245767604,0.15681165453870063,-4.559898824036977,-1.6670878422921462
-3.2760610368295047,-0.45298210293697855,0.1746259884279357,-4.50723560320464,-1.683143652729006
-3.2488487561400823,-0.5124221248688589,0.18820226612226193,-4.446032177856491,-1.7128704765341443
-3.245557513477008,-0.5762262523522651,0.21683993286452685,-4.366098576589761,-1.734516134602833
-3.2256630696205884,-0.6280001141246848,0.2525985806214166,-4.276592098088467,-1.7806384110870668
-3.2102523475397184,-0.6994902556886335,0.2694249606934046,-4.168589641712348,-1.8178134081121557
-3.171532168533959,-0.755940647761517,0.3089111077168102,-4.061351355205281,-1.858785336957637
-3.160427395391685,-0.8169778469523311,0.34407692836997117,-3.9380097521319657,-1.890292827649402
-3.134510749611828,-0.8574291209302389,0.38065900870800234,-3.8132185437961756,-1.909531774003817
-3.083480837538254,-0.9425425048448148,0.40057391674237347,-3.6841670899776435,-1.9322463632977376
-3.053258196852564,-0.9825897455246266,0.41072082927910036,-3.531776048496301,-1.9550897673069048
-3.011267209703639,-1.031392050151146,0.4475174104202097,-3.410168999889055,-1.977697451659204
-2.984254194692531,-1.0972660473381532,0.47890195163100047,-3.267853796762127,-1.9953565942129168
-2.973146709962615,-1.126431204293842,0.5110069802974939,-3.117845162287082,-2.0152341192504113
-2.9430377292434837,-1.1681980348622871,0.5568134347571523,-2.9774629694976165,-2.030819946387291
-2.8824185110589324,-1.1950787638255238,0.5819489829699613,-2.849323244391817,-2.0288929913835667
-2.856687179404464,-1.2125057958926628,0.6072871493425679,-2.7343351552450965,-2.022294842511651
-2.8254560457181324,-1.247972784995749,0.6374395694026639,-2.62864646678873,-2.0282682222088115
-2.799169268309743,-1.2770908049637228,0.6847574768959636,-2.5187421020197784,-2.0248702503850495
-2.76905550652131,-1.2654466821142918,0.7141108119204913,-2.463930913310912,-2.0316256505142674
-2.784208111845837,-1.2474413370332558,0.73033708986166,-2.4278635344379556,-2.0393703223906456
-2.814166766338443,-1.2340659937338379,0.7321468351887689,-2.4322640372877617,-2.046463024079685
-2.8517645885942233,-1.1920331525416699,0.7415302815260735,-2.485636689033663,-2.065381647900668
-2.896072092165611,-1.149501358830727,0.7436882269792822,-2.593825305723539,-2.0601758952240576
-2.9578471320859703,-1.0530236170780876,0.75528048411967,-2.739275667666186,-2.072322924117827
-3.031046324328813,-0.9771691430291557,0.744302009827191,-2.8940550308611095,-2.06333082595132
-3.073869272315249,-0.9352826613544952,0.7224542949484304,-3.0445511117414163,-2.0540921980918
-3.142050863251157,-0.8749988447655135,0.7110262968019964,-3.201564602050482,-2.0305189018536285
-3.1856151311474212,-0.8216605258929658,0.6924641981463447,-3.3371893881964834,-2.028882828511656
-3.2338363342783705,-0.7615765564496245,0.6560837939240213,-3.467375750285877,-2.016949268019983
-3.2557579098166873,-0.7372175033631534,0.6470094986370992,-3.5602209102665565,-1.9855900855777755
-3.282640775105404,-0.7285328088708166,0.6188640464179829,-3.6427707689956286,-1.972635130100177
-3.2865074946153143,-0.7345547945692891,0.5942986553607349,-3.7239751883862198,-1.9745868931265231
-3.288216988838885,-0.7290309759960589,0.5886889335845692,-3.779210776619498,-1.9771033187681173
-3.290112894634172,-0.7378910768239224,0.5547753759706251,-3.81768613052889,-1.9687920898695237
-3.268371800257774,-0.7516131607278734,0.5451963799826496,-3.851952033330579,-1.9515147238877906
-3.2734000441084707,-0.7625772239121367,0.5319303101621985,-3.8374605632006507,-1.9479485227490545
-3.2668788160236684,-0.7585390422875201,0.5097183821987211,-3.844974856414248,-1.948565460476275
-3.2433833328896196,-0.7564373331430809,0.4957622701553916,-3.8534414096019693,-1.9436266895609153
-3.238006174064344,-0.773719749141525,0.4965565765569147,-3.857446823126671,-1.9417139386850821
-3.2414257213139255,-0.7445106037494191,0.47616654812161063,-3.8815544341673895,-1.948673491078512
-3.2525741498622054,-0.7255124341255027,0.46955375135187644,-3.9128631479875025,-1.9296734744433015
-3.246025778714919,-0.6870989350778095,0.4616882651489029,-3.96422584630142,-1.898886979963452
-3.2714119964304578,-0.6230202903396634,0.44814254694759503,-4.029425101714791,-1.8901910678192901
-3.2741904670275503,-0.6167075882262028,0.42108352754644246,-4.088748627419247,-1.8709111704427717
-3.296555555433091,-0.5736393596697075,0.39367538859413415,-4.148797026646483,-1.8555582663060233
-3.299166423594011,-0.5548682945657296,0.3772493796521223,-4.203810070299202,-1.842733127920747
-3.3100578996092724,-0.5476498161203766,0.3577997534486061,-4.23591590771795,-1.8174916262991085
-3.3027004773546587,-0.5392033206464334,0.33787726626171566,-4.254209048416382,-1.8036047082274407
-3.2999898470177875,-0.5373055709689171,0.32708815437455263,-4.290066702557893,-1.8050708500190604
-3.279029241071324,-0.5506749304313889,0.3175848461634417,-4.295849467574696,-1.8017182442521746
-3.2885165695275593,-0.5561512067036272,0.30934123844239575,-4.319386591618598,-1.7665546253680542
-3.2909668246755133,-0.5345382446808717,0.285884154625814,-4.316951677883997,-1.7857161815861158
-3.2971495212804647,-0.5332950675114745,0.29034902393997547,-4.33029859360623,-1.7693144254426632
-3.296769851204088,-0.5301938135406089,0.2722680690679196,-4.332132919342671,-1.7764831489820354
-3.286112973038257,-0.5126586962023432,0.2570103981289785,-4.35690595960335,-1.764279513327528
-3.283409793809643,-0.5003921877686854,0.2741736483402754,-4.3586905017889,-1.7402050918236098
-3.268028105972325,-0.5001956361896871,0.25292978654009135,-4.368548747163207,-1.7305190552046477
-3.2875105727392393,-0.5155712981261522,0.2731938088176535,-4.385085707997305,-1.7289333819533548
-3.2690107483930966,-0.5277125639056883,0.25894452965564313,-4.377062466690637,-1.7488479257083764
-3.2668869941727836,-0.556577899849627,0.26787968643469096,-4.352437101320271,-1.7477825172195398
-3.2493317732308356,-0.5605466538257096,0.25685902847662245,-4.3212481379655365,-1.7776843570806717
-3.236427198156573,-0.6135449028229961,0.2751458242966993,-4.280073285739925,-1.7752574584458256
-3.2181889945094437,-0.6540945565866721,0.2836927963633772,-4.195006952776354,-1.804847667756878
-3.18122213928233,-0.7049581208573673,0.318183567619644,-4.10423615872566,-1.8473129709715137
-3.172540471171648,-0.7671025813958141,0.32758699558779864,-3.994808647314136,-1.8570423465310923
-3.1464866708402326,-0.8080646414742505,0.3347170723931425,-3.902743444066274,-1.894270142518599
-3.135783926453332,-0.8412740661784149,0.37040456429571444,-3.7988331035510625,-1.895600160887089
-3.1226420165791358,-0.8752927240172964,0.3976146196177085,-3.7005199651946064,-1.9196522817676114
-3.100739987222543,-0.9138222990483558,0.41753683401457464,-3.6138522719815347,-1.9336121453555386
-3.071192704180591,-0.9550017035837296,0.4444383604034642,-3.5352005973857086,-1.9432606823628347
-3.051160153596804,-0.9713509203091396,0.4629466888170918,-3.4601116558439378,-1.947877112189898
-3.0324666993217138,-0.986688530311913,0.5053504388440695,-3.3775216030368402,-1.9658844515322136
-3.0170183334207903,-1.036762309625864,0.5217587591532534,-3.300155083509965,-1.9622337003215393
-3.0015510808998376,-1.0679578728032904,0.5630007600711059,-3.2245393972188348,-2.000500315977439
-2.9760235960020927,-1.0846361168225402,0.5889447757307668,-3.1322563682788975,-2.0157725678489955
-2.9710160443531306,-1.104878361140027,0.5835054813012144,-3.0505805222617774,-2.0251087515263095
-2.9711634105119944,-1.140288667701295,0.5880722124122002,-2.9927574383199103,-2.0355413805343088
-2.9595881457825923,-1.1308879743979194,0.6205523133625576,-2.9407904089972985,-2.0290587889481007
-2.962368077934324,-1.1039454967966846,0.6626477418542213,-2.950582998566384,-2.0264962840185943
-2.9930899915400717,-1.0678414382282582,0.6390048681135616,-2.995670506354872,-2.040357217401847
-2.999243769140245,-1.043613134742799,0.6441394632918198,-3.0424010626010123,-2.0412063727373484
-3.030220902919719,-0.9727040747611913,0.656678409394305,-3.1152786789816305,-2.003227788263
-3.0945455614823025,-0.9105695734525046,0.6509801655341575,-3.2367529019679875,-2.0003376597265854
-3.1441206961802814,-0.8736120927818576,0.6175668262527301,-3.3442934046489645,-2.0143930040210973
-3.1660389129505035,-0.8270285711706818,0.6165911223508309,-3.473797042427533,-1.9955224266664382
-3.2124666304803675,-0.780993781056659,0.6115747959331935,-3.5945210531062672,-1.9806061853317685
-3.24888055320763,-0.7056599725335752,0.5768580162769213,-3.69891488876622,-1.956293620979683
-3.2642895281744493,-0.669615498691809,0.5513247509868291,-3.818863893735095,-1.9325318598519612
-3.2977186670062903,-0.6344234359049037,0.5210931428293457,-3.9071128519800733,-1.9269055731643137
-3.3134227353552377,-0.6109409348565374,0.4943960071073988,-4.012647394437631,-1.8835537626752803
-3.32136667844733,-0.582128296999569,0.4583261379863106,-4.084351351984574,-1.8659596143997599
-3.332197573456629,-0.5816723024463505,0.4314857909698153,-4.147887511240492,-1.8454550902125486
-3.330655498036513,-0.5746145091991907,0.40952498624735834,-4.191929600898974,-1.8297547921453126
-3.335589346166505,-0.5778006040488821,0.403649661182396,-4.235229382444504,-1.8328363067405247
-3.3159141167641515,-0.552493930134349,0.3799522175963584,-4.266611838054152,-1.8162206192488644
-3.3310636569829044,-0.5387857292506744,0.3606946168142932,-4.29866077211604,-1.7967215968691739
-3.314210466194615,-0.5211787493836271,0.33613604508867573,-4.324755750251401,-1.8004150820418277
-3.3074114445807448,-0.5164443447244811,0.30886512715863174,-4.347446543274368,-1.7962611196336362
-3.309664554050076,-0.5062184843716673,0.2802651850064538,-4.3613382373988925,-1.7774782283815795
-3.310823202053813,-0.47545096328191194,0.2616355734455879,-4.388016978224388,-1.7769524973906028
-3.3278765267791597,-0.4570369262079206,0.24271043425391317,-4.409159784590371,-1.7723399828382744
-3.3328540684885426,-0.43952837695439334,0.22416066426072384,-4.442751225577375,-1.7476297814086108
-3.3325148180418123,-0.4186033807542934,0.2118439629497911,-4.452226580950901,-1.7239516174624059
-3.335512055644903,-0.42879114064413715,0.2108619444370776,-4.4355306609119145,-1.7306358912063646
-3.317953518653234,-0.45485433553502,0.20842592088128414,-4.421338159082094,-1.729802478597253
-3.303702283395492,-0.4971050943433515,0.23117317835670556,-4.403487960076957,-1.749999682087932
-3.278377694566369,-0.5306754610505623,0.2591236233535833,-4.350972472209346,-1.746384531153671
-3.26210626161673,-0.5823324111759292,0.28074363400849606,-4.289652966227949,-1.7890265794028795
-3.2269940055238693,-0.6283133540079562,0.2868936650090957,-4.1996932916601155,-1.8034495174793121
-3.21617648137295,-0.6787774274879185,0.30862837580244823,-4.116651053175792,-1.82089624305281
-3.184875528074056,-0.7340331202660927,0.326217123360859,-4.042487392535267,-1.8476834496911636
-3.1499362145032244,-0.7743935179322551,0.35903172376684755,-3.9507062182824733,-1.8656972557297575
-3.130774481834141,-0.829281315941168,0.38361117464470346,-3.8612089488907015,-1.8781380882410363
-3.118609319567346,-0.8665564967986001,0.402570983438396,-3.7475136100929456,-1.9059318208021596
-3.0957957098356825,-0.9108638637296675,0.4313161645944776,-3.626289760348885,-1.9127594731684954
-3.0788641306981877,-0.9507813144015862,0.452083633806757,-3.549425982025343,-1.9569200914042013
-3.050146802375798,-0.9801667915791623,0.47892969172210653,-3.419621538218195,-1.9721589330103142
-3.0281815998862,-1.0436475350841765,0.5015262607083246,-3.304175323402038,-1.9768853539650784
-3.002517300992852,-1.0699334121891417,0.5252863212265325,-3.1878266904487975,-1.998696590525497
-2.9737756964365847,-1.1135433472425307,0.5587102694569953,-3.079757168435795,-2.0214818855569026
-2.9386891088807126,-1.1667376044569717,0.5712211082716662,-2.9736147718967185,-2.0195660375011117
-2.9149078176808314,-1.1999353926198368,0.5907081825469735,-2.8900916004163806,-2.0488572362211284
-2.907473833413045,-1.2018559588592757,0.5961167759954243,-2.8026999030149997,-2.0465421386474585
-2.903069214650487,-1.2040712133782314,0.6103438524128253,-2.768140839057071,-2.047800400404861
-2.9037288168405255,-1.1890163984406352,0.617143768569296,-2.7259669788162695,-2.0511811855806075
-2.9038368707536133,-1.167207554302609,0.643870663528111,-2.7432500563195683,-2.0421369328883947
-2.944638546287629,-1.103735372483785,0.653024965077524,-2.7980946105378517,-2.0406064176119423
-2.983846952490149,-1.043632161063006,0.6939438310465605,-2.877354938949569,-2.0290911327764625
-3.0256920490998165,-0.9801080088221784,0.69778695091809,-3.015423830943753,-2.032302002425397
-3.090896577427521,-0.9168808983770722,0.6978130195427901,-3.1557512581751164,-2.035814819397304
-3.1229630944712197,-0.8557317664668066,0.6793276498894604,-3.2974515723791455,-2.0136409267082453
-3.153302364552252,-0.8084373842158589,0.6592026152903891,-3.4526022174747406,-1.9920335830556106
-3.203022592567004,-0.755111346671401,0.6299869204770475,-3.5983963795602882,-1.97596258904713
-3.256554418392094,-0.7171372905727227,0.5944053168237654,-3.715428061481463,-1.9472115243445947
-3.2887982898565387,-0.6749982270666284,0.5710952838250711,-3.827609108244666,-1.9434906451388596
-3.296789153498004,-0.6604075518131437,0.5327293051366323,-3.915841479173954,-1.9221407079130004
-3.325405648283859,-0.6570577836348495,0.5058926778325934,-3.9850495035258335,-1.9129804407964028
-3.327858954604787,-0.6462494779157658,0.4672931178750141,-4.032087148810516,-1.900780125453299
-3.3378288751790777,-0.6240703246785974,0.45796015551499014,-4.0736747606582515,-1.9009099346759146
-3.329774253765728,-0.6282631767207705,0.4251574104759458,-4.113231565715436,-1.8886812207154342
-3.311103433698213,-0.6348453195257003,0.43328527887010837,-4.107840139036775,-1.872792961220338
-3.305569030668635,-0.6292656811809251,0.38972726288365955,-4.132219351763329,-1.9004940504435497
-3.3144361772439708,-0.6217952006989044,0.38702695431663703,-4.145087944715317,-1.8880360763947803
-3.31218814557375,-0.6175128571258348,0.3792131557076209,-4.159641339597196,-1.8871443216147954
-3.2980586263181944,-0.5915584704559042,0.3572582522221277,-4.200625297398104,-1.8640204845161674
-3.2978953984148656,-0.5577612513830766,0.325492353380687,-4.248204515986512,-1.8397991287492697
-3.3124840776722744,-0.5329876125293995,0.31042722623360397,-4.269991973524296,-1.8291870531938883
-3.3302741425458855,-0.5105908777290314,0.2995721825227168,-4.312522776933775,-1.799913854263045
-3.327983906445063,-0.4834379068778283,0.2776717034898018,-4.376458401664107,-1.7903162475818946
-3.336626576917048,-0.4502086713748222,0.2633070290040408,-4.398194390601345,-1.7645100566016123
-3.332918199644487,-0.47969130241016095,0.26700891276619515,-4.411804196002221,-1.7577448651438383
-3.3156988934356018,-0.49797041592342783,0.2566408238292351,-4.38241364529653,-1.7759082695001551
-3.3127786462551496,-0.5293168339852902,0.27082270387770385,-4.370140792561,-1.7769197962355483
-3.297898739021228,-0.5716433497181108,0.28397326222457986,-4.308980014689118,-1.790788659673374
-3.288747460217849,-0.6078324605850365,0.28922679126982737,-4.262143007407923,-1.7928895370128597
-3.2650382234413873,-0.6193832003415533,0.29757299148294664,-4.196725235269152,-1.8140944748909742
-3.26248707285756,-0.6489532634858104,0.30906219142714275,-4.141350678367412,-1.8159993288866612
-3.2232045052948566,-0.6878766306899355,0.3189671228670372,-4.102768530034812,-1.816222071438267
-3.2150517436821167,-0.7085497336441128,0.33857646964687665,-4.044785757728061,-1.839846352882809
-3.1955674547862243,-0.7483296802955769,0.36632273329482373,-3.975966769660828,-1.8583247820735957
-3.1938200934686374,-0.7657963672482466,0.38288661832267923,-3.9311079078954974,-1.8647016104926657
-3.1739049427253314,-0.7762584060657369,0.4168822700252242,-3.8877814698018454,-1.885902586280741
-3.1617152054922566,-0.8016979752098354,0.41489763787579503,-3.8238973483264287,-1.8975622072701028
-3.129989451460998,-0.8489151112154056,0.4265096401245121,-3.748687039242254,-1.923850211006493
-3.137496358390698,-0.908501696495681,0.4558452704349847,-3.6517773187935583,-1.9409526400041521
-3.1138345021917027,-0.9473952030749803,0.46112500356951974,-3.5570678216788356,-1.9458957629969178
-3.085051633993414,-0.9843604404475572,0.47577729382490247,-3.473482301570353,-1.9687659211840693
-3.0507551729268405,-1.0081792703910226,0.5029562613150586,-3.3880676101048266,-1.9750131321851674
-3.027820386386853,-1.063901973443255,0.5283109536848,-3.3087829621755667,-1.9853140196108225
-3.0116037901243553,-1.0807616256766266,0.5429613732796892,-3.2170222336205887,-1.9919612949814074
-2.992069263586007,-1.0863446653424471,0.5657232932959237,-3.1728298669770743,-1.9964153964350568
-2.9954011377864513,-1.0791379197108815,0.5865578707294828,-3.132402882387477,-1.9958575117561392
-2.9901437229234356,-1.0407510121131405,0.5942653490820876,-3.1099612335859694,-2.006308365609553
-3.0096526499392637,-1.0144057573871226,0.6018500854101665,-3.1390432029256834,-1.982105230223139
-3.0200183618382335,-0.9887948786539283,0.613332209923693,-3.1845352978056574,-1.9751293790601072
-3.050044654152426,-0.9409686300680579,0.6172750507790259,-3.2474018334216033,-1.9904337322668957
-3.084474387430565,-0.8919585623221079,0.6196643911189639,-3.333134119708239,-1.9920807730036085
-3.137241335418114,-0.8291406854842877,0.6229597932319938,-3.411299037344037,-1.9785661291610304
-3.1698233072929742,-0.7879343921994587,0.5852422265698441,-3.526841866203675,-1.953144830092945
-3.2009481270277536,-0.7405193992599218,0.5766784442484866,-3.632315864194321,-1.9330009130430053
-3.2350758875607806,-0.6759272294388461,0.5477345100157384,-3.7314602811966546,-1.9180279344032045
-3.271367783118314,-0.6331159077113265,0.5173263401022814,-3.81663308690229,-1.9065095011512663
-3.2819850909434836,-0.5978914210847435,0.4880880703032392,-3.920875674941228,-1.8613134478679147
-3.314342640051168,-0.5809507902048594,0.470687272532027,-4.0052955126375664,-1.872085537314329
-3.316170922957827,-0.5602305925778275,0.4397658749464748,-4.083028009994817,-1.8489720556760767
-3.328142201320267,-0.5410610686918249,0.41496329505013707,-4.141368284717586,-1.8224790813719165
-3.344762981353457,-0.5316687913841769,0.3986215303277503,-4.211219534064529,-1.8322216592636948
-3.3441677541186827,-0.5321134158522219,0.36368141252161135,-4.263635945052859,-1.8243086951348246
-3.357510179970624,-0.5214481399076437,0.34836357135977253,-4.294251931324265,-1.819278942529862
-3.3482276906643316,-0.5082999063191876,0.31946655324445256,-4.333885436632353,-1.8141887250851252
-3.343744516596735,-0.4944528911861248,0.2928465434642487,-4.345193311812692,-1.7895463005327217
-3.3373461416085584,-0.4679582642826661,0.2812493557711551,-4.37547023034845,-1.7785478070068006
-3.340617579174217,-0.46221507611243023,0.2618695723669042,-4.409522374738962,-1.7651269026217282
-3.336945766873569,-0.4367980526512971,0.2324136927584024,-4.445569809357628,-1.7457198078865752
-3.332123511901149,-0.40852553011607784,0.2085980259247674,-4.483166797672197,-1.7355394735241998
-3.331751675669292,-0.40710997952489336,0.2003329304283483,-4.490000215201302,-1.7169077005365805
-3.323982193751676,-0.3880219793012464,0.18514710954388566,-4.518233378169112,-1.6836752426128399
-3.32311883640595,-0.4008759688579023,0.172629096615456,-4.531191397632314,-1.6648217280804547
-3.324830861547611,-0.4323142875212621,0.15848716001175434,-4.497368124365432,-1.671581844340905
-3.2953285960415197,-0.4744277871275766,0.17418286916800124,-4.482380452880132,-1.6855610607093918
-3.2565643075845925,-0.5268131259421925,0.21819568173000292,-4.427285603400586,-1.711667693880377
-3.243355683405205,-0.5774577503124334,0.23061266106732833,-4.355843235615155,-1.739234098009493
-3.209019624062405,-0.6355466996235644,0.2531460183897394,-4.275379514843567,-1.7640649302668456
-3.186516517378889,-0.6919351259992492,0.2846510695159613,-4.173566871319188,-1.7909576952966395
-3.175559807514376,-0.7500179673820532,0.3003391429879603,-4.079898259406211,-1.814895878443633
-3.1275524045964285,-0.782403030201511,0.3481639002470084,-3.9705844714622467,-1.8247483071443464
-3.0915164258786376,-0.8479489516214191,0.3659803061233917,-3.887251026123849,-1.8444180858308215
-3.0795375427055593,-0.8958293801497319,0.37445873072838715,-3.761573342497451,-1.8729453689758901
-3.05764637166738,-0.9496320694308168,0.39781140929205466,-3.6181612486804777,-1.8813843045325136
-3.0316495872358864,-1.0010320119732803,0.4169096066964819,-3.5021338417404118,-1.9271561270895177
-3.000885207232387,-1.0245988822007461,0.45852508860459473,-3.379589654716952,-1.9420117752083523
-2.9520607025102956,-1.072143157077188,0.49339378734863065,-3.2592615342971945,-1.9514597174133848
-2.927139807592664,-1.118801418822164,0.5320528778792459,-3.140292479417124,-1.9667292583199971
-2.8961872750688586,-1.1695338708879002,0.5626634985802393,-3.000913405227758,-1.9701878671260105
-2.8673439243123964,-1.2011365501732891,0.5736085512886459,-2.861776591768477,-1.980024830351911
-2.8524749093284734,-1.2104494603959195,0.5963478295218033,-2.743684389521278,-1.9912140458052878
-2.821392736172694,-1.2247269175617321,0.6414475605856748,-2.6608958543874066,-2.0042017009997157
-2.8253744920296966,-1.2436333338791647,0.6651979658998878,-2.579483782414913,-2.015694312892335
-2.8236358404296116,-1.2451524775815777,0.6929193610490393,-2.5458538153849717,-2.0306011945945754
-2.8434943809557613,-1.222953415870529,0.7128605606799038,-2.542772493110131,-2.0492128986507447
-2.87012905516448,-1.1822549159483222,0.7400197725003699,-2.5829110587156303,-2.053795494829342
-2.909474843167195,-1.130805747204329,0.7218216219949863,-2.6844538793746264,-2.049624193794697
-2.9602572996512313,-1.0522530335612417,0.7286452466105944,-2.8246242726002504,-2.059178317080176
-3.021309139518297,-0.9881773573767952,0.71837077559401,-2.9547620364738907,-2.0639729576258286
-3.077596685847322,-0.9140853775459192,0.7074230701552404,-3.127549714432522,-2.046607743383594
-3.144724541279117,-0.832947283579851,0.6909570042859394,-3.2692162141053496,-2.0357604649053664
-3.166431794763482,-0.7786198770144392,0.6622330327163988,-3.399303402084229,-2.006447660329318
-3.2281550828072847,-0.7357969486652953,0.6651576155601395,-3.532602713584713,-1.9964323307024214
-3.2565718305481735,-0.7038101538489747,0.6413960511782085,-3.6632191035628545,-2.0021665905814947
-3.279374112452854,-0.7132251276424082,0.5929723850070566,-3.7447047646492524,-1.9941421351505015
-3.298822504712624,-0.7113579484506365,0.5689314335776922,-3.8323372859356097,-1.9791559444221478
-3.3030627165528386,-0.6927148589877988,0.5495736507728175,-3.881598441783209,-1.971779424003991
-3.2991900135718364,-0.6945404901029878,0.5302696166392229,-3.9228401723231654,-1.9592613938470402
-3.2991523843597013,-0.696545815905996,0.5063673355811359,-3.977982230290706,-1.9600805556809222
-3.2849766172462607,-0.7074880190548299,0.4792937576044608,-3.9826049928317246,-1.9421177245353545
-3.293482748296796,-0.6913493880832443,0.48110539180365625,-3.9778136778881716,-1.9457776206485318
-3.285084871601587,-0.6981899077361972,0.4714990534400749,-3.9993431954610936,-1.9415162717074135
-3.2714232808111072,-0.7015842007132921,0.4422370411444101,-4.01203069303919,-1.9171466881251742
-3.2875283585590993,-0.6757094087416922,0.4340169807315516,-4.037039705679365,-1.9170876253102986
-3.2875791456793872,-0.649075880860617,0.4079105532619708,-4.048786825446745,-1.9016284843833857
-3.3026465027523666,-0.6199669554405008,0.41322178314400837,-4.09522728387283,-1.8920136733488229
-3.3093712571965526,-0.5840423424201356,0.3926894738489004,-4.140330433307825,-1.8638693375734818
-3.307725837657804,-0.5316175966085468,0.3688143085661342,-4.222981948096449,-1.8489498186601956
-3.3231602349544946,-0.5232042814935356,0.34444097115799177,-4.266387045988609,-1.835354745035449
-3.3241538293291497,-0.5130721310411626,0.3437109468974431,-4.299595106920812,-1.8104229052244447
-3.327566668102413,-0.5158605261030923,0.33664949742154077,-4.311823996832841,-1.8024478362737755
-3.3198857320245048,-0.5328067310683494,0.31797079909963616,-4.311562196710422,-1.803537675743146
-3.312804219130227,-0.5477999823923035,0.31570336577199826,-4.321301521128612,-1.8059285789896542
-3.293728173236659,-0.5574433361275629,0.29786313967811406,-4.314843858726948,-1.802943895499462
-3.268511352837379,-0.5878863661540183,0.3041668715718635,-4.286307110709544,-1.8152141972384275
-3.2548921794466144,-0.6019374341954178,0.28784772939392966,-4.264171215912578,-1.8165920805631102
-3.2731871318226817,-0.6091217867229085,0.2892818383753025,-4.239886754501165,-1.8294304261947303
-3.243368097827501,-0.6219935761003071,0.3042303751379769,-4.213739543526549,-1.8444142272152084
-3.26467619047626,-0.6188958454248683,0.30340778448911115,-4.188470087170251,-1.8342699254471249
-3.2578593344547824,-0.6247032848383947,0.31026634493032285,-4.192479184755836,-1.8371783804646191
-3.2532094024576983,-0.6294996840404019,0.32370316885766476,-4.149082563898865,-1.8357396714796947
-3.262327026735839,-0.6134225009943693,0.32078346712478084,-4.115584284498427,-1.846660338114423
-3.26938195616667,-0.6433373125459618,0.3300738771843455,-4.065315090752506,-1.8538567266113635
-3.2393895721206736,-0.6845374795341231,0.3489968848419862,-4.032532136891239,-1.8507129102620246
-3.2371347802448187,-0.719721003269281,0.36526646343288066,-3.988721073003518,-1.8564049752662835
-3.205804977387931,-0.7629979224061342,0.39857860984422183,-3.9280972956139246,-1.8835278562546776
-3.194084450148109,-0.8021270123957496,0.3944267539503785,-3.8352813122811673,-1.877367881492577
-3.1596179585933,-0.8323832166011851,0.42589117489556466,-3.763592567003179,-1.8821067022693052
-3.126150005540683,-0.8736682876541078,0.44271675507395186,-3.663333718890583,-1.900374502334501
-3.1276947612446175,-0.9091764495319954,0.4510272694217503,-3.5831916145622076,-1.9181326584297607
-3.1070068957497217,-0.9279842796380929,0.4744609250545418,-3.5097523981335215,-1.9319825871790064
-3.087453955879679,-0.9510528309087072,0.48853367013849236,-3.4742211718781673,-1.9531802508786809
-3.0802280923889604,-0.9470840249193844,0.4956722865277739,-3.4022029062365817,-1.948672849890495
-3.0579982379828734,-0.9526063050828454,0.49907676311490784,-3.3847682960463166,-1.976607479186381
-3.0662362237511154,-0.9585771786499803,0.5302750409078634,-3.361277865809509,-1.9722063344528353
-3.061767191232895,-0.9722473662563871,0.5374238449505416,-3.3410291627641313,-1.9898255029187815
-3.090515447520361,-0.9742190295223402,0.5445950809192828,-3.3425896611881445,-1.989122449774579
-3.0727162157287675,-0.9614415059268213,0.5545314236506855,-3.331247449398561,-1.9834620503599332
-3.0834982206874364,-0.9325495534169522,0.5558329666524138,-3.3501305114124516,-1.9762963957724307
-3.090509135156035,-0.9255855688749409,0.5666889370094702,-3.360398268766625,-1.9802276626277238
-3.1148803363480497,-0.8955425649065528,0.5712530070769357,-3.385492430300355,-1.9935844446598139
-3.139818136395369,-0.872925200685455,0.5644220327101664,-3.438748195458145,-1.9686175698380037
-3.1849552195137933,-0.8253029821298627,0.5606343435833073,-3.5146768159789175,-1.9719940720828533
-3.211572860030117,-0.7751534099631269,0.5490935005807581,-3.6068972350594652,-1.9524765732143468
-3.23439731654341,-0.7170730995077763,0.5214171988637908,-3.6780445901124788,-1.9240406825439968
-3.2622969531918478,-0.6704391703875343,0.5025731006841635,-3.7852460097100744,-1.905701823290269
-3.3111061572298834,-0.633095430300347,0.4727567436885944,-3.8821838422484944,-1.9082802209929703
-3.3305260445886344,-0.5953485083288934,0.46739884576289187,-3.949037446045322,-1.8968163487221772
-3.3452325926679793,-0.5633797970423045,0.45461401504013793,-4.037513963937039,-1.869855438306492
-3.3474036588550087,-0.5440052819591552,0.42145823495914314,-4.1153975235376175,-1.866281765377008
-3.3507713810224025,-0.5043548754029021,0.39541036110901323,-4.176170457676053,-1.8268560765366397
-3.3579973486274652,-0.4863016829003969,0.3655697327505464,-4.245027431505636,-1.8070196993255494
-3.3565649817184706,-0.4622158148663492,0.3303758052977963,-4.303887630575348,-1.7826942129249252
-3.363253369918537,-0.44067958240341376,0.30950583015478067,-4.36420671725632,-1.7654005759209304
-3.3641796781602022,-0.42922836245566637,0.2805898384686374,-4.3996590514415175,-1.740944459265106
-3.3653109781659194,-0.40273413704489863,0.24760905757226845,-4.437939017607548,-1.7375782475119037
-3.3881451354707517,-0.379980322362062,0.22909008925543836,-4.468806627071906,-1.7138116919670767
-3.369960645794387,-0.36173272423352704,0.20610086132101427,-4.516002241337501,-1.6885265884868783
-3.361678959291685,-0.34495900844198896,0.1772801783474766,-4.541926944121201,-1.6775759629458422
-3.341068198258288,-0.3383820098691291,0.17290425477646726,-4.575132403884676,-1.6682451838954175
-3.341726250479275,-0.3287862570242119,0.16111083796786563,-4.587115852170896,-1.6557670424279713
-3.333684600204175,-0.35245212627960903,0.1463228752567762,-4.613883152375993,-1.6553373693429154
-3.3344463341080437,-0.366741562944042,0.1509890364242595,-4.583138048773113,-1.664563970659012
-3.2991576057533094,-0.43276507875549636,0.1773125349160124,-4.552399307568135,-1.6547810977615443
-3.2902968285368703,-0.458137226017153,0.17956927816391424,-4.501091742475647,-1.6982189230753864
-3.279549060043966,-0.5149782452932369,0.20431920210535473,-4.437421252191911,-1.7100398864610453
-3.2540937416050575,-0.5740034503233781,0.23205992446535445,-4.371222873836883,-1.7471529668387666
-3.219108525627922,-0.6313547629599363,0.25912808381864066,-4.271145074079487,-1.7815004705411854
-3.195194534960238,-0.6974950992031728,0.27694521031326114,-4.1754646031146185,-1.8075085244738651
-3.16531313931294,-0.7676762954078153,0.3096708069558458,-4.056188292181466,-1.8249204309577818
-3.1192629068049835,-0.811129243416803,0.34257675754001177,-3.9603888646363115,-1.8588994067402027
-3.081852178395087,-0.8755334389728148,0.35473129822383814,-3.821313465662899,-1.8824058517060436
-3.0664055747855437,-0.9604986053865322,0.3971350525626064,-3.6922720673284712,-1.901712685645199
-3.0165165070795608,-0.9882702946681078,0.40722819215631556,-3.553955593720539,-1.9234596388588794
-2.961313153941732,-1.0527351601078725,0.4541291345588234,-3.387396868782006,-1.9459039590326137
-2.9389949301075267,-1.1011888746350698,0.47252506433538805,-3.260762133136983,-1.9701287567182877
-2.911334577505237,-1.1516457689129145,0.5098409997781158,-3.108415126078087,-1.978902425559224
-2.8754817759309064,-1.195327326084692,0.5334708321942178,-2.9664831982688566,-1.9923312593076705
-2.8375159874143434,-1.2369666777382702,0.5742094973744662,-2.8312302235964015,-2.0363848356866794
-2.8009950387871814,-1.2445206366019663,0.5903029637812653,-2.7105003955391944,-2.0400190406813374
-2.785229386396108,-1.275834747453003,0.6341655649521095,-2.5884745739179986,-2.0287969038569136
-2.757444771122743,-1.2881046114179409,0.6445714130616967,-2.4827860636806443,-2.035771516049421
-2.7658391450234445,-1.3112117089793902,0.6639796294405661,-2.416233619452377,-2.03769869208442
-2.767108246914508,-1.2759583874952125,0.6732396839234897,-2.3814780029967664,-2.032577247090869
-2.789373151537435,-1.2407503184431787,0.7071355619491264,-2.397914476761571,-2.0265781100809113
-2.8305095077562057,-1.1736263530375752,0.7085120623433324,-2.4596592609077876,-2.030889075567979
-2.8807949100981705,-1.1249808570174369,0.7254998884161107,-2.5669733136477015,-2.045383850264784
-2.9548805431848546,-1.040817788594616,0.733975606954985,-2.6838975414055413,-2.0506152255622347
-3.0180100991004712,-0.9800712819093268,0.7279145819461568,-2.8624497551166384,-2.0434770575260663
-3.0871917175178076,-0.9272505159389276,0.7295534555342092,-3.017284931441111,-2.046505126539469
-3.1349836856890394,-0.8732863300961506,0.7222177498912918,-3.1629666142089783,-2.048960789100267
-3.192145809534219,-0.8235785779703079,0.7088519384921241,-3.318643677958924,-2.029893905627542
-3.22805801796013,-0.8055968435873103,0.6848839363784432,-3.4373228789906114,-2.017815479462574
-3.2517638890599385,-0.7727786637177352,0.6586825732790913,-3.531110548358831,-2.006368512196344
-3.273367355862493,-0.7691761373989682,0.6226569341823921,-3.641567809070122,-2.0052591307456984
-3.2970568866849113,-0.7584744142766771,0.6051670822046809,-3.718426658428793,-1.980898906743431
-3.3060367600788445,-0.7594600729461389,0.5850761369007403,-3.7731200464521577,-1.9924167354708198
-3.307254055128926,-0.7691662532661998,0.5586622514180165,-3.8225809159650286,-1.9875076236669114
-3.2837032849545,-0.7681299410627841,0.5254875928116632,-3.842645655543072,-1.9754196763713983
-3.2837409218449283,-0.7616626707914075,0.5130774347109712,-3.8304856644827483,-1.9653144245364218
-3.283363632275279,-0.7611089087921152,0.508512312513367,-3.833379934418066,-1.969932974374787
-3.251930124880661,-0.7605277061993275,0.5012655133036698,-3.8397196445705686,-1.973470353059732
-3.249279743472806,-0.7486122588625531,0.5017079856231668,-3.844910976739735,-1.9769983477672401
-3.242157281798942,-0.7496976305395422,0.49231133534923144,-3.859923610443335,-1.9662565154265632
-3.238851639506997,-0.7247210039474048,0.4714542236606966,-3.889295175883683,-1.961010437202954
-3.2530688978714615,-0.6750080683626725,0.4365026448593752,-3.936606380466331,-1.9380684944307105
-3.290101664684267,-0.6443387286383029,0.4076916367757503,-3.983164477172329,-1.921352753732678
-3.3071985221509093,-0.6222843892454465,0.3927918470066396,-4.058788112949665,-1.8903600536979617
-3.3142459348419666,-0.5799211113793282,0.3620819695056062,-4.115506339549165,-1.8726589890218115
-3.3387885635436225,-0.5518287317526398,0.3496812377888891,-4.1732306033465,-1.830804749546748
-3.3262363430953217,-0.5392254529452045,0.34261515740422716,-4.199774107504002,-1.8284775823682415
-3.3342977939267096,-0.5292572847049493,0.32668744749033984,-4.2297366495108095,-1.8133297419502061
-3.312139333307885,-0.5367956522809694,0.3171623520496088,-4.260846765748966,-1.8069486763990887
-3.30497535949336,-0.528065207955599,0.2909327382475816,-4.282633560903439,-1.7870806051047459
-3.2840950797605375,-0.5515085502268126,0.29058340323508675,-4.279569668888293,-1.7820161055772874
-3.3039025068151053,-0.5245803897541667,0.28689105656298414,-4.303659754470188,-1.7696121412268466
-3.2991998345115516,-0.49940263193397266,0.28371048399587184,-4.3234409323092695,-1.7567862408294934
-3.3062462528000904,-0.48833590650617326,0.2711334902299496,-4.35155930822941,-1.7513457033235629
-3.317862165475495,-0.47626993488484937,0.2571920447758004,-4.355381295724745,-1.7625786373919323
-3.324853459538438,-0.46958031163363645,0.24286660729430531,-4.36225182194947,-1.763024112505856
-3.310054391114474,-0.4592021169843514,0.24052831809330194,-4.378608222631907,-1.7504312159044506
-3.3056448237478167,-0.46704672385407714,0.233274798377352,-4.387272130138186,-1.744727864443832
-3.3043850045349976,-0.4840632691577887,0.2407592113047117,-4.393431783606337,-1.741972358032396
-3.31716715609097,-0.5273045557455042,0.26009174698417115,-4.365705149891107,-1.7459071178576835
-3.300676115253619,-0.5480535506778619,0.26637802713795133,-4.310619721290647,-1.7706750649509957
-3.2850897835549184,-0.587779827305718,0.2781265950772056,-4.263945806817897,-1.791407726420589
-3.255454835268787,-0.6401622741944124,0.3016195194979479,-4.183859153715304,-1.8069624649501503
-3.2205522559739506,-0.6860201476337257,0.2823097423409674,-4.1144117247187655,-1.8227944012944968
-3.1927593523234434,-0.737938834511634,0.3261317510998895,-4.037286609590792,-1.8490713612107343
-3.1664985797251486,-0.7685395072461961,0.3312113815385873,-3.9359581223417353,-1.864028732278257
-3.1483307170444013,-0.807631185956684,0.36372073753063305,-3.8485368844605823,-1.872907633929241
-3.118654631831948,-0.8522689228772099,0.4019704478427957,-3.749594761529279,-1.8878091510625348
-3.096078828880996,-0.9024439710945144,0.4299756182804868,-3.6667580640625275,-1.9097270484102313
-3.0708357039414427,-0.9458081507401095,0.45461220700036054,-3.5882973690738638,-1.9256748849836935
-3.056660518002534,-0.958673866065784,0.4561693255442481,-3.4982221365221764,-1.9406573185917395
-3.0382084463379724,-0.9835567726819575,0.49275415228653435,-3.3887053627245725,-1.9380720164540797
-2.9999609528461604,-1.0131026566030321,0.48511954660962703,-3.3179205756616437,-1.959015825199836
-2.9797615239649122,-1.0416422891084873,0.5253590321224679,-3.2238502490242382,-1.9578787174163534
-2.9646488099282653,-1.0772207081202425,0.5615792439974127,-3.1297196671728393,-1.9783593166155091
-2.9621158461972232,-1.098907027474772,0.5813902020340705,-3.047829472217806,-2.008622219893156
-2.945915973542614,-1.115514512360639,0.6026708585243719,-2.9894315179948205,-2.0238724210903984
-2.935276589704068,-1.1285861662030616,0.6214839090875826,-2.912549820672291,-2.036495877620421
-2.9299827354803263,-1.1301972801173643,0.6298346318183847,-2.8890290111883563,-2.0455828122799002
-2.9315394351984225,-1.1011744821605056,0.6476031813104084,-2.8902194830330292,-2.05214663971965
-2.959414649161636,-1.0702807989466638,0.6722133226916567,-2.938498104929667,-2.0473964505453552
-2.991163492005056,-1.0245368304963394,0.6635608591997308,-3.00471478435616,-2.043259292960468
-3.036343570686531,-0.9489516233422511,0.6502366602538786,-3.1149248868981134,-2.01256230140031
-3.0857968632911916,-0.9102239781081038,0.630718948597858,-3.2262379979106823,-1.9984181942266688
-3.134845179117217,-0.8389380357611019,0.6170779219674567,-3.3540935822190945,-1.9675245984796326
-3.17811311551528,-0.7855039536843113,0.5999528647006408,-3.489215919311306,-1.9673270333882547
-3.216549813862142,-0.7498762723626656,0.582701690071567,-3.6055046956139427,-1.9540013439375188
-3.2654019153461387,-0.696445014826651,0.5581379758632445,-3.7401932656267225,-1.945496380854161
-3.2935175253030398,-0.6416674724496965,0.5504238405057209,-3.8330749034029887,-1.936139245151871
-3.3052271546164147,-0.6219585498260422,0.5142194337194469,-3.9343842540567673,-1.9070981142949552
-3.3371783061159443,-0.6003389566807201,0.4708511520458028,-4.024861487451273,-1.8850676505265729
-3.347403249556609,-0.5820961609556213,0.4434453714616105,-4.068925006797944,-1.87835858765064
-3.336455329434874,-0.5888730782832364,0.41432757180931923,-4.1096097764146595,-1.8745695113577165
-3.342736167780175,-0.582251074557295,0.39433518713640664,-4.171947832207516,-1.8598756275834494
-3.3330986317036113,-0.5912523918699988,0.38814389797256066,-4.204965860445738,-1.8648885373754802
-3.316881230736927,-0.5871830349841904,0.34176369768693265,-4.223295336431914,-1.8425622648433844
-3.3287244572241863,-0.5631190449369806,0.34313403565498324,-4.232325465768587,-1.8400650732761408
-3.3162597550368775,-0.573669597750619,0.3320375094550922,-4.25545769353185,-1.8395791994718154
-3.312691386213367,-0.5407270083370791,0.314408905690612,-4.2577759165946825,-1.7976673077721999
-3.31860681115798,-0.4985432399794608,0.2864434727735682,-4.319063829065782,-1.7720153078466654
-3.3328259764097794,-0.4823295995703489,0.2819380132348871,-4.358971251643682,-1.758265772346258
-3.3260593105606087,-0.4512288957172376,0.23647779749874415,-4.398824019353996,-1.745107586726861
-3.3326667548494853,-0.43195517546793005,0.227330443584252,-4.41831052025933,-1.7143570765006098
-3.3362600758007477,-0.4316481201368063,0.23158098293619134,-4.429909904551975,-1.718626059648686
-3.313587784542832,-0.4403795071639595,0.221211685125973,-4.441106177460802,-1.7194363855468802
-3.299797947727207,-0.47191609183300764,0.2414996227843512,-4.421756889691425,-1.7289162574909014
-3.27882593915122,-0.5200153848435938,0.2520088921507796,-4.373317555177441,-1.7357676036820968
-3.2697686632871865,-0.5535047036893942,0.2729036935486077,-4.325295500255631,-1.763167263463968
-3.24994687942136,-0.6013596704436956,0.2741317900150016,-4.263250778200039,-1.7783765097072093
-3.2284481779934016,-0.6626897132004238,0.29831502720602304,-4.185845270302283,-1.8072617469226162
-3.201331094551435,-0.7050535081597742,0.3276037297346461,-4.119168981749271,-1.8079167572542898
-3.16223938343963,-0.7576139345627899,0.3583137523693363,-4.022112276037339,-1.8445383223357628
-3.1713902469137922,-0.7722459171309861,0.3477044047828181,-3.952978230857189,-1.8594079133895656
-3.151661138699011,-0.8100044424260535,0.36664850264351234,-3.8703345008141254,-1.8600689673664115
-3.109051336349685,-0.8445274269629633,0.38890972558861925,-3.8019523235645862,-1.8685451356546758
-3.10275888421393,-0.8798184824822807,0.39168897717261286,-3.6868000579285263,-1.9132394957207446
-3.062423702230637,-0.9149237673103171,0.42593007042700676,-3.6099725613414786,-1.9295954902527395
-3.041394613478194,-0.9601569914530043,0.44488520757898375,-3.4961854907227865,-1.9419896967375847
-3.022480481900663,-0.9924066293642916,0.48046444761674256,-3.3830340146626487,-1.9638343041836295
-3.005622167433827,-1.0287184691614053,0.508016263135771,-3.30217789433427,-1.9769251646345423
-3.001690561819181,-1.0712004255770746,0.5419138347739672,-3.186736879629285,-1.9830391525058266
-2.9740019708911922,-1.1056651218710016,0.5578983336885971,-3.1218287523753063,-1.99585838172851
-2.9298780265851008,-1.1211087228091958,0.5815244596965824,-3.0288014386055204,-1.998459525671104
-2.9144671669064715,-1.1468898603964655,0.5987488200128152,-2.935813838140578,-2.007169787642807
-2.9118462932460667,-1.1471943113308023,0.6326735671873845,-2.8898354632516017,-1.9930547209825764
-2.9361808729851617,-1.112755409298325,0.6472771689644051,-2.8732400201517527,-2.0229961970270454
-2.9451603107259867,-1.0781880037986227,0.661567351110162,-2.8923031733507236,-2.0186895021456004
-2.9737274620824423,-1.0366494523740695,0.6649664414514944,-2.9190546338758594,-2.025785879036577
-3.016451030441281,-0.9966393761729877,0.6582436977372593,-3.027787577934392,-2.021668618136072
-3.0677662500972724,-0.9296335344640484,0.6386994034463387,-3.1161126746321517,-2.015018586371713
-3.099342361096601,-0.8812392330751311,0.6415854760461348,-3.224867392645903,-2.0280027228155983
-3.1428525720652813,-0.819516192972135,0.63755374774901,-3.3877407612778394,-2.0075040619351436
-3.2005134352054423,-0.7597386840181681,0.6031922056029642,-3.514422799754225,-2.010367376370115
-3.2360827318837218,-0.704007362789336,0.5898802127840401,-3.6321949520961847,-1.9813518290755125
-3.255421051103591,-0.6694005601176016,0.554760069398307,-3.741448607768579,-1.9543777791380035
-3.3061024874331832,-0.6621881180918313,0.5114443602980164,-3.849695450323942,-1.9355917931676854
-3.3301069329505797,-0.6329890328192543,0.4890718050577903,-3.9551056481814637,-1.923971687911119
-3.329770078777226,-0.6162068473361391,0.46278359573501976,-4.023786841251442,-1.8987501001843052
-3.3278450185320314,-0.5931459426842671,0.4314864459264027,-4.1021859141522965,-1.8741670411762448
-3.3388694816795086,-0.5784686899085705,0.4062329343883756,-4.124434857445521,-1.8606183114723454
-3.3341742259512883,-0.581265985917823,0.3879083758919855,-4.16798146081672,-1.857957357515201
-3.3259151764128196,-0.6046621002396719,0.36967902541484315,-4.186184596028008,-1.8492992821319452
-3.3158476637619643,-0.5899922336938203,0.3560022149547886,-4.215631534332442,-1.8243498740125952
-3.320141421077415,-0.5900428643449618,0.3360988373246224,-4.235310134956771,-1.8302384051071623
-3.312617479329467,-0.5629865553567405,0.3037398181900734,-4.24145523819947,-1.8206930918926565
-3.308081745957242,-0.5562199871958808,0.2980836512362753,-4.27319456759429,-1.8022709169609163
-3.31585113651486,-0.5351517799454505,0.27202073469623095,-4.304264220186108,-1.795180847150084
-3.3144087856107944,-0.4841587088220535,0.2635208488525277,-4.359618367920252,-1.7827110071481203
-3.317467691839544,-0.47412966288863084,0.23463947845242855,-4.372728234531416,-1.762088732097366
-3.3135053860835995,-0.45052119384487116,0.223933820982317,-4.404711147453581,-1.7434251742713145
-3.3022213214246117,-0.4394721874341327,0.23659942924651106,-4.434102356784099,-1.7134009962042656
-3.3030419788880003,-0.4708732651602573,0.2364572094763644,-4.417127398777558,-1.7547069263350934
-3.2951533244263693,-0.49949912478845454,0.25380338840117345,-4.402765796301673,-1.7695243600652373
-3.291012680290999,-0.5325327884839957,0.26249699249494207,-4.369664152380368,-1.7597266481351173
-3.286751400749241,-0.584169606835164,0.2673492060052866,-4.327141703061554,-1.7851980928599964
-3.263022451194437,-0.6253833345542855,0.2937084294375185,-4.2529369707553855,-1.7677818194405812
-3.243113660780686,-0.6877312841614174,0.3051608422888239,-4.197492671611489,-1.8036740592926128
-3.2036884066626325,-0.7351428115446608,0.32227881465544433,-4.119837504933926,-1.8126848323725584
-3.1825325823934563,-0.7703925727748102,0.33533011834472914,-4.037633689943932,-1.8416257723230889
-3.142148468453248,-0.7959151084570824,0.3525280053433662,-3.964537250252375,-1.8520308927259206
-3.140402902930402,-0.8356225808708895,0.3660408319479223,-3.879479525806481,-1.8779795933715384
-3.1081422440348803,-0.8715793407316892,0.3940662040419664,-3.792449957685081,-1.9104627713311688
-3.1110481893238675,-0.9022963657501599,0.4150390807217115,-3.700369342647367,-1.9225498020490324
-3.084927192427131,-0.9309567159993792,0.4411854400085175,-3.6214924514668145,-1.9486028195888414
-3.060928025394661,-0.9714900601105286,0.4643107989343502,-3.523938805349542,-1.9681705527156175
-3.0396184954955645,-1.0162981526533783,0.4958524166221978,-3.4144032685279857,-1.9684507134393057
-3.011497746272518,-1.0579409088614962,0.5085129838383549,-3.3047961526699834,-1.971311877837213
-2.9962830861197816,-1.0994247992549597,0.5116394639052183,-3.2107404689307844,-1.985366353283256
-2.9831018498859123,-1.1216903782688694,0.5456349682701815,-3.1241908424412137,-1.990006634667983
-2.9555415037094894,-1.1286975741159053,0.5698680189963519,-3.0284595198889948,-2.0025541188354175
-2.9439449659273738,-1.1382899300462985,0.597111155776761,-2.9450971328447326,-2.0144300443920633
-2.945637527299056,-1.1261696581285383,0.5952024138094476,-2.913987238730679,-2.010412994543345
-2.9347612493182136,-1.086336722860489,0.595842901725889,-2.878991154673934,-2.0039301563804397
-2.9536069631663437,-1.0692008079520468,0.6268641295322898,-2.8918944127131145,-2.0095818864192365
-2.9868872788311163,-1.0254355035774805,0.6422004363629009,-2.9726696808071327,-2.0094164325612813
-3.027288794810907,-0.9728882041597089,0.6369682168142443,-3.0603932738993924,-2.0120125051399254
-3.072045449167625,-0.8968311988718304,0.6380105098624965,-3.1640478352223482,-2.018320052094318
-3.108427729089716,-0.8363069989965414,0.6258446818622693,-3.30638228104529,-2.001407831802408
-3.1403492973609715,-0.8011631898350132,0.6137509012917017,-3.437906175029644,-1.9715255383432329
-3.2007010311526796,-0.7535792612655383,0.5916610674776199,-3.5741287458062474,-1.9624227623345343
-3.229521246224516,-0.7233285648016103,0.5571796828528853,-3.7045273651878596,-1.95862651553884
-3.2838128543828256,-0.6711054129851272,0.5376782888644325,-3.800566024292103,-1.9502411893862333
-3.3095335400572865,-0.6605177577965171,0.5219646526332505,-3.8924437263442626,-1.9267235375706198
-3.326955991910521,-0.6409925454490161,0.48448600490853905,-3.9815878665721813,-1.907209341590196
-3.3229292830857995,-0.6178465922740333,0.4571083535845395,-4.039422928206007,-1.885600707974754
-3.3470708842231773,-0.5832747871485747,0.4161971343829815,-4.109209619823892,-1.8484125843229198
-3.3335457913186834,-0.5877345273835681,0.3820642479708161,-4.145564938237568,-1.8503383923374632
-3.3358367348754805,-0.5622364958153748,0.38262400544522107,-4.1626506859588615,-1.8550444055731707
-3.328908902617243,-0.5476753126628341,0.35442639077681426,-4.185799350359335,-1.8313221048344444
-3.3278471346146787,-0.5464117933258297,0.35128159427458006,-4.227469339077284,-1.812742841875192
-3.2976613771526346,-0.5450508393601495,0.34640488338766584,-4.261143900852017,-1.8107838513023071
-3.3014807464195663,-0.5130079160269168,0.3203049413229818,-4.273761738577892,-1.7986254828928625
-3.3048753798475925,-0.5042367197704443,0.30401280363088223,-4.290943325578416,-1.7778232244689338
-3.310338014354631,-0.4763864184710662,0.2896207465626173,-4.333552450193059,-1.776686508492512
-3.322804179825279,-0.47483430500126494,0.2626389510747848,-4.380012741630634,-1.7613606049113197
-3.31295300854883,-0.4388048120085875,0.2589103683644261,-4.41754573439216,-1.7384073751815274
-3.32371800858787,-0.42454606410261286,0.24855753834762612,-4.42558836453787,-1.7373475130908131
-3.3151774444692195,-0.4382417199592863,0.251525046836316,-4.433399072942361,-1.7404266830040034
-3.3195086546872195,-0.4564615498250401,0.25704253239422975,-4.435817351856341,-1.7266773190262499
-3.294947163182005,-0.49963878862539274,0.26389243044964356,-4.426027374986092,-1.7328052419367554
-3.2711742824019536,-0.5420933064960171,0.2610173402371411,-4.3529941136148596,-1.7442868031933962
-3.2487353565831008,-0.5789653842185531,0.29191613886259915,-4.290611527177947,-1.7670843282426758
-3.2404629285899658,-0.6387592850795686,0.3066469254042248,-4.2387423118255985,-1.7802281327731169
-3.21419683007935,-0.69882154187012,0.32892242987864306,-4.160496420942519,-1.8083417632329506
-3.186165555516176,-0.7299044834780891,0.3356762564347689,-4.085910516009045,-1.8218932809712576
-3.180201962151226,-0.7497584679006168,0.3566060244899198,-3.996203186076862,-1.834434595484546
-3.1587506143741524,-0.8072083631973924,0.3722477070555313,-3.91740908954563,-1.8643516770328663
-3.143377551128962,-0.8300390372565292,0.3825737561326856,-3.810563037044702,-1.8767776686398745
-3.1137033355590713,-0.8607441033255563,0.4236789521586675,-3.714237743177103,-1.8881869649625997
-3.094747130072021,-0.8873853202165211,0.4235442490331607,-3.6587850267112856,-1.8944997673501176
-3.0687056555253025,-0.9416698420458085,0.449180738010223,-3.561620120353901,-1.9184934174253145
-3.044382656348832,-0.9987692302609111,0.47485427350286735,-3.4670571844901987,-1.9457198208676003
-3.005990214509118,-1.0413639696444648,0.5102125492405357,-3.356111931573139,-1.9679981519417165
-2.982342489262411,-1.0806170441656087,0.5189588386557773,-3.2379083400176114,-1.9762173488288235
-2.94479525188375,-1.1232910139972514,0.5432622642343964,-3.1179898771189816,-2.0031278606807077
-2.925008841746316,-1.1664119432500202,0.577709897751976,-3.0148058730872074,-2.0066147761728996
-2.9249684648404006,-1.158153766980923,0.6080731939168519,-2.932606548746529,-2.026181351960077
-2.9210276173087375,-1.1563463383897488,0.6180688490847959,-2.883789633445861,-2.0295596936534066
-2.9342146124551984,-1.1491059509620007,0.6258320990492671,-2.834043754453147,-2.0289062347653912
-2.945410454644813,-1.12401940470044,0.6693978938189483,-2.8153806542440583,-2.029366501365193
-2.9581755657587356,-1.0949917404446703,0.660812074266081,-2.861315202064405,-2.036239937638913
-2.9795279879256538,-1.0502681286072528,0.6709315629966559,-2.9437964493626065,-2.050014804367664
-3.0274576577040713,-0.9812657778647309,0.6728668188900185,-3.0427038368331933,-2.026894083378194
-3.0906894129301827,-0.9262788206304557,0.6633894883752923,-3.1621980671145367,-2.0209756387141837
-3.1317684619348327,-0.8600586274517615,0.6518851233092094,-3.29914418513374,-2.025464912981801
-3.179399446993219,-0.8078291071003356,0.6349111292171655,-3.441046316311529,-1.999100433943539
-3.2276616744531528,-0.7560808843562098,0.6236408113262323,-3.571265805712211,-1.9842820642234822
-3.258288655999669,-0.7268622624106168,0.5911137463180792,-3.70350401973508,-1.9692273696807925
-3.288431682571245,-0.6830764752663943,0.5548765191860195,-3.807001324062693,-1.9549202564458035
-3.2964871118100376,-0.6313938611861521,0.5210562874342439,-3.9045171552233375,-1.9256331306279342
-3.344962171441955,-0.6095277707682951,0.49656138483131607,-3.968701290312841,-1.8989453635555285
-3.35307022416094,-0.5843842831063972,0.4624028138392633,-4.036323424945533,-1.8870977275270582
-3.343377515018379,-0.5713131674649865,0.44875292654254995,-4.071842491399289,-1.8907769856772128
-3.34284224361013,-0.5749964393627168,0.4197964919579796,-4.12052598966744,-1.8774054395200102
-3.3338971941371303,-0.5911012286971827,0.3810639253808207,-4.171366749197446,-1.8569200082293817
-3.3285576948717943,-0.5884469954487146,0.384884291478423,-4.200740545456667,-1.840606261617897
-3.3378334285267033,-0.5955045789379975,0.3792717172592842,-4.206239565277512,-1.8500398586556444
-3.345751361377898,-0.5882890305398473,0.36606409978928167,-4.211323694460435,-1.8371008764894754
-3.33033613113237,-0.5506085496819128,0.34627968722293245,-4.2449954259271365,-1.816222143962618
-3.3355642819874207,-0.5326136705841865,0.3266948208365173,-4.280112094130328,-1.8064771079788726
-3.3449884441118978,-0.49927259488901266,0.29911800012374107,-4.302707123704696,-1.7978803890161976
-3.3447283538472283,-0.4856973222178196,0.28848305341732927,-4.352701389538364,-1.7723315923682317
-3.3241205117707016,-0.4664794019232429,0.2590635950070771,-4.4085083567272605,-1.7480688524886239
-3.326689201308869,-0.46929779802382965,0.2600935786179672,-4.431247151746273,-1.7381771708237561
-3.320502661545248,-0.4559066354326517,0.2417665147504859,-4.439160716260832,-1.7323098420911682
-3.293696029728159,-0.4962980413456931,0.24365697565757352,-4.417624876570985,-1.7394574615174698
-3.2955426529817338,-0.5238219515618594,0.2569155271437279,-4.389658072011223,-1.7377416498233227
-3.2658238461831197,-0.5702282675239283,0.2713574000232823,-4.351081062180319,-1.7432708511223554
-3.2609428549849704,-0.6187738076660231,0.26829957411966887,-4.299854196038717,-1.7612349840078012
-3.2431920400378127,-0.6443290606907774,0.2918870442372543,-4.2276430932557405,-1.7753504107936353
-3.2409237804428215,-0.6683962961508094,0.295448830135503,-4.16706604248133,-1.8105443577241451
-3.193437825752968,-0.7051542243431987,0.312757318487458,-4.089886681513818,-1.8182170813197678
-3.175812563328422,-0.7584695781900227,0.34333467227879017,-4.015219765144368,-1.8353235133567103
-3.147369306393114,-0.8020279893727289,0.3622565501602154,-3.949781908899946,-1.8686865875415664
-3.1217886632231457,-0.8356822320204372,0.3862991547636865,-3.8807086766675285,-1.883077598731223
-3.103081807281721,-0.8506960438159276,0.40522210086154387,-3.796541598586246,-1.887901736293554
-3.0736530638013533,-0.909650250721203,0.4169641491442311,-3.7082231891957074,-1.9105705446136563
-3.0864614986995647,-0.9532089281373438,0.4344575423503088,-3.616742890236274,-1.9250909070208775
-3.046113786791602,-0.9745788613742132,0.4540498188732841,-3.520865754243686,-1.9353262669825557
-3.0234893049005755,-0.9874865558293892,0.47714321167859985,-3.408554329692314,-1.9456452874140402
-2.9874456760318675,-1.0572285750445571,0.5075944931929138,-3.318511929589516,-1.9687009303840015
-2.962174407195653,-1.0830558311967025,0.5253040723714294,-3.1971238806531517,-1.982504731686329
-2.9433652122235388,-1.1164186793220836,0.5392614753791016,-3.1070223418688845,-1.9869312766152603
-2.9322757680329308,-1.121839910843392,0.558272444253979,-3.0245814877579793,-2.01147259655949
-2.909518896637769,-1.139774974781624,0.580792476435221,-2.975832123660172,-2.0144453109123024
-2.942141286359508,-1.1384186847807978,0.6014546817426121,-2.9405916858769645,-2.006458619396425
-2.958683435108293,-1.109492809592977,0.6194816162802835,-2.9243724674597944,-1.9960830061848294
-2.998787073222442,-1.0695108125722328,0.6212833827821942,-2.9832809627169143,-2.0132393380793
-3.0087557714496986,-0.9982014240275541,0.6412587091769779,-3.0395822533809085,-2.0208884541326326
-3.0551382922737482,-0.9431759156020533,0.6476633863667373,-3.1491447114468074,-2.0071821688865543
-3.082958469850462,-0.8911356400545031,0.6367966248216246,-3.251472513273628,-1.994036923500996
-3.120889343101108,-0.8276470469393861,0.6148049036803717,-3.377381242537899,-1.987866844009795
-3.168345112333226,-0.7893623062352058,0.6045821402055642,-3.4954392776358723,-1.9779274290033562
-3.2294469662734677,-0.7385987194575407,0.5910439910224002,-3.6187314598675377,-1.964652230506601
-3.241744610147666,-0.6797525188499393,0.5624867891127108,-3.725115529296652,-1.9551439724380775
-3.259928848534413,-0.6446883724118241,0.5292594330507374,-3.8462614467307916,-1.9317286188504705
-3.2867635944626175,-0.6200617786399077,0.5178511806235432,-3.9374863805240077,-1.9029555171698136
-3.294770303925881,-0.5925875847015158,0.48039543468660173,-4.026196606020323,-1.8811135858166081
-3.2902220922527383,-0.5706568006185381,0.4520098479683552,-4.087360365613848,-1.8651751955725513
-3.3125853952962294,-0.5677826845783013,0.4295867071510205,-4.141219151158941,-1.8434283968446215
-3.3092522378304676,-0.5707725587656766,0.37673404656027104,-4.204011740867045,-1.843388529666423
-3.3198502756364805,-0.5751517214146108,0.36831618446057773,-4.22359118413153,-1.8349762356166122
-3.3398874527290574,-0.5438715227806246,0.34887137613001074,-4.23494567885592,-1.8456536880697694
-3.321683864915981,-0.5341407034754841,0.3386312922362752,-4.259364227080598,-1.8249279668519152
-3.313597346920314,-0.5177627454788054,0.29985692004917214,-4.299480600309541,-1.8153763718324334
-3.3208721199676536,-0.4975633898002379,0.27857392599548336,-4.304578027317333,-1.8151212656406803
-3.318328432902763,-0.48896256456222675,0.25885472972181156,-4.334413607695723,-1.7897563806896795
-3.327189644233347,-0.4599861859029166,0.2490778274589174,-4.362717622876279,-1.7558192808486186
-3.3359150100511292,-0.44637586722091255,0.2385722869882626,-4.416122209004636,-1.7427479700960968
-3.332016016223088,-0.43033817813708525,0.2460928273440314,-4.448245027883973,-1.740412983761897
-3.312133367093274,-0.43198394827687103,0.23742863556336008,-4.453993503152943,-1.720121901900317
-3.298562568137099,-0.468416546140898,0.24137064007418635,-4.471689212282058,-1.734509571443139
-3.3030866964101717,-0.5033730256115216,0.2524253245577105,-4.453361862191294,-1.7166644972042373
-3.283365699964084,-0.5279031699347572,0.2521119488283873,-4.414254661682945,-1.7451981318300078
-3.2764283435715633,-0.5627292971144269,0.2612343033759331,-4.369070624992909,-1.7551424732621221
-3.251981411182584,-0.6296365917434726,0.27536003160150757,-4.289035452947062,-1.7600603779614303
-3.2339608794266166,-0.6840555765347534,0.2782785531407323,-4.201730827357296,-1.7878127353952242
-3.1997042327943594,-0.7316119507491328,0.3055367298144085,-4.113913515685604,-1.8107999130270274
-3.1895120956828125,-0.750065701410654,0.3461609909275608,-4.027416601498005,-1.810789015728949
-3.1694413081066313,-0.7973108026374777,0.3341646816460624,-3.94728512867734,-1.8482997597619315
-3.1312177990923624,-0.8460160105788201,0.37756308542977857,-3.8440525716551597,-1.8654324590168898
-3.0974122649117493,-0.8982285692632035,0.39603239804872264,-3.7550602222361493,-1.8715341128894993
-3.0911043338450614,-0.9247734835456836,0.40450065929828083,-3.6668187912486374,-1.90156808424526
-3.081589562104257,-0.9587739927449762,0.44730193089444975,-3.5690091254597194,-1.9288538146517158
-3.024785576486477,-0.9969328054918337,0.46761491519703224,-3.450230637083121,-1.935422496956128
-3.0130291106275453,-1.0388241512377696,0.5015240484511281,-3.342227964610243,-1.9571386450728558
-2.9797967092197126,-1.073445410806525,0.5334681541967536,-3.2179517755396927,-1.9744322893282975
-2.952990347185922,-1.12833614896356,0.5644569674891844,-3.117248989313792,-1.9768283214594002
-2.9425919050526836,-1.1501318901777955,0.5672129022126792,-3.0238932153116487,-1.985323480974497
-2.891434344662739,-1.182505706631149,0.5796011066184904,-2.915789764926302,-1.9890187835939812
-2.8990383398907014,-1.1783631441270237,0.6108656308015357,-2.8238369607168523,-2.0137670887258254
-2.8790128615500494,-1.1748802446047348,0.6435007148273607,-2.7618607730097167,-2.0134654911245655
-2.8917035078364557,-1.1526813755768164,0.669803025516898,-2.747362526575898,-2.0174052603055013
-2.907845887727518,-1.1339360482432952,0.6650168021095306,-2.7731135015937034,-2.032326561214215
-2.932552702364306,-1.086398757045796,0.6792225732071144,-2.844789099757709,-2.041848423884642
-2.9603003576070965,-1.034441536717808,0.6911967161216676,-2.9622303624183286,-2.0158718438155385
-3.051028556232547,-0.974195419651225,0.680141881913065,-3.0784552473910693,-2.0253153883284596
-3.099048161543274,-0.8809292678669829,0.668478330240196,-3.196744340222169,-2.033211820547875
-3.143451622471587,-0.8266070334867387,0.6497504147223064,-3.335378087814471,-2.0387502201388914
-3.183279439345997,-0.7899704193351436,0.6128706317308547,-3.482200472945892,-2.0164809059942255
-3.239849632722338,-0.7294445863934967,0.5966533003190497,-3.6243981514727532,-2.00481076562527
-3.265814432388923,-0.7004601886507781,0.5722681572071578,-3.752978755463884,-1.9606414400489947
-3.289844238281124,-0.6861279982289656,0.5399253394027299,-3.843648684893984,-1.9283085257786106
-3.301571883090414,-0.6617853794106229,0.5338831772987589,-3.918058518811891,-1.8991606647636012
-3.315661916071272,-0.6305737524356609,0.5028809313518126,-3.9982978366356816,-1.8964393431682671
-3.3158569846268855,-0.6306287346801989,0.46142427637117295,-4.044098059121414,-1.8835683080046801
-3.329572631370775,-0.6288597086184223,0.44241485319913193,-4.082209577845277,-1.8914968227238802
-3.3202796647060606,-0.6418822143215448,0.41712303403825673,-4.119433744806667,-1.8782337731996412
-3.3121212624108995,-0.6347644585517309,0.4131156961688973,-4.126126208294926,-1.8671718900588457
-3.3025098519944898,-0.6364417237304628,0.38831415136850483,-4.127870272674789,-1.8632005763174133
-3.292917892378723,-0.6128316259197849,0.3640602848979543,-4.149165678879986,-1.853764106308134
-3.3063808851238288,-0.5832930485589034,0.33972029534585463,-4.174060898721998,-1.8663096976372955
-3.2855818016823686,-0.5671103076868664,0.3349712535863525,-4.192539563850985,-1.841296969815808
-3.2985845723540983,-0.5420881528746978,0.33220874426612923,-4.233924292211033,-1.8241001426654577
-3.3129799742081927,-0.5188888436761978,0.32344953209772653,-4.266163999580375,-1.8060019588890752
-3.3099177413687784,-0.4784433603126355,0.31248120630784715,-4.338180444465445,-1.7717112775517028
-3.3242539513097906,-0.4670356929742686,0.30699776184385813,-4.3860954449091825,-1.761303551425108
-3.3142123113761746,-0.46614277167655316,0.2919577527093683,-4.387164114312185,-1.7399758957130098
-3.3180263524520974,-0.4729271378670013,0.2840241561983175,-4.39008816775441,-1.7425323578184362
-3.303834219514835,-0.5235460722529054,0.28420886196458517,-4.350112692840321,-1.7519928301951928
-3.303513927930116,-0.5592714863265257,0.3001821166819537,-4.329482900526788,-1.7830674516181384
-3.278123465486358,-0.5850917632096224,0.3065640063853674,-4.291130340295897,-1.7916784917592539
-3.270270209553767,-0.6318378261297007,0.28735472968859976,-4.229413023267772,-1.792917358110921
-3.245986540303575,-0.6570238469387724,0.31771220637606035,-4.206587800913598,-1.8003292811327203
-3.217644955008999,-0.6744348078865177,0.32498368152811824,-4.125292171399433,-1.8161681409675805
-3.1950112948418536,-0.7122695094803534,0.33206591690626946,-4.079251334418976,-1.8342760275616854
-3.184795554018599,-0.745733241389363,0.32600232925943284,-4.020295720065369,-1.852266075455976
-3.163820185020254,-0.7813355258371748,0.35486846335854455,-3.970914273539518,-1.8677046658444472
-3.158837270988215,-0.7855217160644845,0.36738436179286504,-3.8879426505543737,-1.8798733389099276
-3.1484748656058446,-0.8091083193428958,0.37851387912793066,-3.8317716494181977,-1.9028998934964207
-3.141254788949392,-0.8370294192621826,0.4023175557216009,-3.773194347074226,-1.914738252891144
-3.1068801790436473,-0.8948439695697809,0.43980716184016944,-3.687625290297389,-1.9500211792878208
-3.088631160192976,-0.9328182701397524,0.46091427502273347,-3.599246684713046,-1.959121953059433
-3.047815136850896,-0.9892396658266829,0.4971999925814028,-3.497590983050836,-1.9753093323359168
-3.0439461462754345,-1.030857753726411,0.5071103737529682,-3.3948118195592225,-1.977461266288096
-3.0168106528113063,-1.0478744500589976,0.5236027888338799,-3.3110014917790385,-1.989673513193569
-2.978168711882146,-1.0750447822427176,0.5357614479418145,-3.23216677457941,-2.0056868936095738
-2.9903235551276888,-1.0749717727352979,0.5616316107489397,-3.138966692936558,-2.023926001772591
-2.980328482405683,-1.0817441452956054,0.5831482530189908,-3.0907021302197566,-2.020966693191745
-2.990273753746067,-1.0690853339955908,0.6023275343138785,-3.0616628540274093,-2.008826179707679
-3.016093933636408,-1.0266887463434904,0.5983702959250554,-3.051422721453088,-2.0060835820058034
-3.0346854435688297,-0.9963971478410751,0.6168099041897015,-3.049876852390505,-2.0152538876102497
-3.062182020044015,-0.9577590684994467,0.624400961760554,-3.1531903025717756,-2.013639270325338
-3.088959778024048,-0.921058576182663,0.6232923029873085,-3.231645140997294,-2.0142976450394348
-3.134647945863519,-0.8768191503058154,0.6031177545819668,-3.336535499420929,-1.9981879384951582
-3.1619909731781766,-0.8243941640428435,0.6108785933899813,-3.440778385142001,-1.974513351965941
-3.171475937363628,-0.7936756265883774,0.5863972227026557,-3.5487041110098447,-1.9555297418983553
-3.218062959556778,-0.7299623213574871,0.5798262424370759,-3.6690579751241787,-1.9477618494142581
-3.240670376857517,-0.6839963664319569,0.5455818359775357,-3.768644278466431,-1.9158739553143462
-3.255067166929399,-0.6242039013004969,0.5202601374161848,-3.874818907974194,-1.8932878283687689
-3.2948533589275333,-0.6010766528534228,0.480351441246988,-3.979123792228651,-1.8663778553300194
-3.3007953840356254,-0.5686161336989926,0.46971641428126815,-4.053777369081939,-1.8549628052080769
-3.3224282726299923,-0.5524553246737212,0.42854011736323755,-4.134937345763798,-1.8479187395173196
-3.327807781009311,-0.5430572809281475,0.40928244507629064,-4.164453071098716,-1.838932774869445
-3.322634247082823,-0.5439052627040802,0.38147144292261154,-4.21797121498189,-1.8173511141431535
-3.330672633675931,-0.5214903313603706,0.35919173539890525,-4.277613308437366,-1.792445005198206
-3.3334201734529243,-0.5503085890133349,0.34208449023275356,-4.3025180986656215,-1.785741114530733
-3.3433133746584165,-0.5170708711220404,0.33362139217560904,-4.334829017872699,-1.7772059955594963
-3.3324453873502695,-0.494754346965582,0.3010039115230504,-4.360984996638347,-1.7809552152269765
-3.332911829591923,-0.46835151249625584,0.29873369766906255,-4.402698325794323,-1.7800489165660478
-3.3274099684080514,-0.44037474872511284,0.2715422305776168,-4.436706229805362,-1.7543513769209924
-3.334375036741075,-0.42645323946990943,0.2550839307881185,-4.471730459322666,-1.7548563255689726
-3.3313539213867234,-0.3995062676990812,0.22816455624700716,-4.486534730220145,-1.7516754775192926
-3.333150759362679,-0.37844887712014236,0.2120059155138002,-4.501337798671227,-1.7312033471132193
-3.316051492317495,-0.39272835453059574,0.20730369167971333,-4.535168234571994,-1.7237202611186473
-3.2953966282556744,-0.41362034969767925,0.2152111598830247,-4.515858520865155,-1.7226415425818895
-3.2914008595656457,-0.4659625449098613,0.22415859439665342,-4.489264573381526,-1.7203776896612502
-3.284685142271778,-0.5155086562724928,0.23934737736730466,-4.436810659419271,-1.730344577341573
-3.2907252471349513,-0.5553338188082366,0.2496668348567413,-4.397322141035636,-1.7323779939147137
-3.2486504221516443,-0.6316061737514101,0.2949233572930782,-4.317162495869528,-1.7639235785501963
-3.21336003642485,-0.6806208395398679,0.3009787030813701,-4.239365891661705,-1.7885524628284566
-3.183994461282889,-0.7258254604160675,0.31342822317219565,-4.144540073154516,-1.8264195827092902
-3.163002069217996,-0.7871914716349657,0.34458340820884903,-4.0519707837381365,-1.860946911181793
-3.129748902460413,-0.8355569394238009,0.36628194068051023,-3.9446329485151552,-1.8732794826067143
-3.09583610198046,-0.8878235882253167,0.3872365607986828,-3.811109625444074,-1.895626181767342
-3.079101752566753,-0.9437449666342819,0.422279710099615,-3.703364876587277,-1.9261217539539286
-3.0418887320913774,-0.9801286730740558,0.44235974741970113,-3.6013589665670174,-1.9458632768370017
-3.028999978572419,-1.0258051666036296,0.45647182688362914,-3.476113808548976,-1.9505639133888186
-2.999854201661112,-1.0524053129116153,0.4719266859682067,-3.347402876356142,-1.9566408268515711
-2.978907547697112,-1.0908859028451707,0.5154053563153566,-3.240006953679561,-1.9802934220528923
-2.94219039791155,-1.1267367520288734,0.5360977172873108,-3.0975300677770923,-2.0025618200777955
-2.9087071153243276,-1.1741973352662087,0.559444654890449,-2.9947994765232866,-2.0096775665134765
-2.882833066860821,-1.1941501964187458,0.5933843851354795,-2.869179543545056,-2.009585759032248
-2.8558256872381618,-1.2121507094867425,0.6128661570951983,-2.7648290800346036,-2.0233120787371135
-2.84679326022572,-1.2091496584436863,0.6435911042075458,-2.688728936944258,-2.0197796922128872
-2.8441689920989544,-1.2078127271464123,0.6646205772868011,-2.620343144938744,-2.0416193521533277
-2.854863042032427,-1.172610307422817,0.681268795157774,-2.6047272292469943,-2.054583600606948
-2.885757944858832,-1.1403649839943966,0.7060299942619142,-2.6272194598504472,-2.049423826675522
-2.920824044921721,-1.108059781933612,0.7179723973424985,-2.7051062780504296,-2.0596754444034477
-2.9595955646464773,-1.0365260812488937,0.7257949338836123,-2.8084513719017727,-2.0637554927881676
-3.024463497858338,-0.9814038259297597,0.7154313062879906,-2.9621336428248357,-2.069537609655528
-3.075939896985451,-0.9051068688732151,0.7077461431854114,-3.092027745443043,-2.0645065095445987
-3.1210524833592275,-0.8737618654778568,0.6912350041583246,-3.2404361395433443,-2.045771820992518
-3.1804258418314495,-0.7967801273698182,0.6586757518919315,-3.4072320454766305,-2.024424502654781
-3.22490068116548,-0.7694769495211713,0.6326978781258186,-3.5333836780618166,-2.022929066453556
-3.2598922067400737,-0.7352674166438389,0.6093918924230116,-3.660609017851849,-2.005188186058598
-3.2868863607696026,-0.735245624742347,0.5837953540801963,-3.7726769947996135,-1.9825832640749557
-3.299423123396712,-0.6995418526638728,0.5595862833442227,-3.860832550794547,-1.9709877434045964
-3.3221998676682123,-0.6794882431702007,0.5273264265726069,-3.9107126684138422,-1.950475954789153
-3.3160363757394062,-0.6780816363504494,0.49157102760517346,-3.9551329834283697,-1.9299952089432555
-3.295981882242719,-0.6724943596122812,0.47734639457864586,-3.9913466359897805,-1.9163793248139502
-3.31360464827154,-0.6653672532631064,0.4595234106469677,-4.026898707291336,-1.9198027120436532
-3.3058657698653877,-0.6792843904214991,0.43958092435876267,-4.007927660331398,-1.9315517818437615
-3.3111636713473653,-0.6856585612548316,0.44709230152354973,-4.022301625715419,-1.9118109108202932
-3.3051656151035713,-0.6845950006731146,0.4276758068654479,-4.033069834055299,-1.9064430906958965
-3.305453062383244,-0.6641212523244537,0.41286059981916456,-4.057145810430002,-1.8925035245905555
-3.3064049953201993,-0.6555759096309192,0.3926391068584105,-4.0699856733346556,-1.8878823642247193
-3.341194923947388,-0.6098524844690897,0.37896007663287096,-4.131604656819234,-1.8511490705187557
-3.3247816958370286,-0.5768995585240699,0.35663200449372917,-4.1779655506488815,-1.8273081440505161
-3.3272133302802382,-0.5467532037134202,0.33467866966177057,-4.232100155496303,-1.812910361019459
-3.32035854831851,-0.5145195816155211,0.31480563376905824,-4.277703565562057,-1.7998373828566647
-3.3249715914791955,-0.5176880128558721,0.3243075858733425,-4.3157562841279615,-1.8006726034610931
-3.3327156085218004,-0.5234945159833476,0.31195809395044916,-4.329355673029431,-1.7857109475253727
-3.317591097092985,-0.5293775938499713,0.2999596692272498,-4.319990938223365,-1.7747685652711753
-3.300342311896518,-0.5365434387160721,0.29798112848782066,-4.300634298349768,-1.7697250654210326
-3.2738772233525824,-0.5687466229190101,0.2976043405209236,-4.296411036028313,-1.7825418583121693
-3.2440073520514465,-0.6037490868228483,0.27097317629127693,-4.264276075424968,-1.8098445797153528
-3.2349225482530195,-0.6174019126845881,0.28431247693962325,-4.234498203776191,-1.79051939320464
-3.2203928042562273,-0.6383152724951644,0.2871143234851946,-4.1961394359674555,-1.8091826385981034
-3.222068399826488,-0.6351100853975554,0.3020293763863107,-4.164392507843796,-1.8197006126054256
-3.2187852974131728,-0.6487136922581548,0.3090104322296886,-4.131484004207918,-1.8379627654197364
-3.2194887568742585,-0.6632114951873264,0.32173914374116036,-4.109151551390625,-1.8502349426208407
-3.2302329125176166,-0.6677380239062758,0.3337948195633997,-4.087185250135721,-1.832892300597375
-3.213055739697343,-0.6967200478882551,0.3388546636577858,-4.065836965992907,-1.8159181676218514
-3.2185771369523932,-0.6982213162171647,0.3491614061630059,-4.025669707697251,-1.8420110007562727
-3.2032067657279932,-0.7233711730309397,0.3736353758792993,-3.96437664677816,-1.8397805726252616
-3.189471048064521,-0.7700888505714616,0.3836817405802953,-3.898606183662426,-1.8703881659083648
-3.170862183587415,-0.8125638189653321,0.40319887878329363,-3.832076083880167,-1.9015116214970689
-3.1481937639503736,-0.8544133966053041,0.426262335131268,-3.7613266530883505,-1.9179009585728413
-3.1103565528287076,-0.8830446491363536,0.45519893354126373,-3.683495774592003,-1.929619428277122
-3.0904519087825943,-0.9228642991178736,0.4827803299104248,-3.593698048019498,-1.9302581362346527
-3.0912930766661733,-0.9349534670984911,0.4875826976384428,-3.4967425347871006,-1.960028406396364
-3.072828515453395,-0.9454159819646518,0.49902503365708584,-3.4549434533321217,-1.9704451689970421
-3.067671982238896,-0.9530802442288726,0.5070003982672993,-3.3865699750738307,-1.9838041418770211
-3.0458363751792628,-0.95097860196062,0.5476630133856282,-3.3428532963221063,-1.9855203447327188
-3.043314119602229,-0.9569776777051658,0.542646470584289,-3.3371871975972676,-2.008691173324729
-3.049256713404905,-0.9524269097331008,0.5648927464901394,-3.3217447679077154,-1.9973336981532732
-3.058098953358751,-0.9624222759227257,0.5798190181219874,-3.334490016536393,-2.0068381722836746
-3.083100067436888,-0.9370394466103789,0.5682578497133667,-3.367720303036415,-1.994455997574534
-3.096176686538187,-0.907795846041169,0.5650891434114644,-3.4083127691938087,-1.979669403912909
-3.119239751203881,-0.8831744003400671,0.5703939596284219,-3.424355912600254,-1.9746635511725104
-3.139152083751282,-0.8577453496356102,0.5685063810880896,-3.4857387757217038,-1.9653211812475926
-3.1699439175239568,-0.8103198121237335,0.5626174906116981,-3.552350316548539,-1.9619006322546115
-3.1860944120488712,-0.7742893536162286,0.5572408560119312,-3.6247286514828474,-1.9523718210479515
-3.2236496988561454,-0.7256923714362188,0.5228489626932589,-3.6877671867446256,-1.9520662398003306
-3.243829863913928,-0.6799195124149889,0.5145647348561893,-3.7761234599096896,-1.9424476062332077
-3.2679756326320404,-0.6598836098654229,0.49847678256148653,-3.8670076280206573,-1.9252154787226559
-3.304009361954404,-0.6166414845201559,0.47036724253141676,-3.950610186555036,-1.891270350564916
-3.3170448303721067,-0.5679241668742072,0.43918048908719737,-4.040531869782851,-1.8725621926442573
-3.331443303498578,-0.5366105991298677,0.41228299086617576,-4.111430010262666,-1.852095153772926
-3.349291659693776,-0.5191753668056088,0.3793972824679997,-4.176758979952996,-1.8441533286559393
-3.3411728492801323,-0.4916434968283509,0.35431739070980983,-4.2137245724805314,-1.831052350915742
-3.348215399278898,-0.4643224479571978,0.3117624474205053,-4.277536368242062,-1.7970592414955053
-3.356143390016799,-0.46748103966035276,0.2962784177293642,-4.320507398606937,-1.790030015305407
-3.3650653798383856,-0.4584295191077742,0.2799304052660886,-4.3428353663351675,-1.7851475727455337
-3.354205970245968,-0.43791453270087566,0.25900125174783994,-4.410023817298887,-1.7524868167606116
-3.3522287601987193,-0.40957204521374396,0.23141736302717575,-4.456958736063376,-1.73775555286238
-3.3542157165564124,-0.4025148365548079,0.21350964752361465,-4.496603569742697,-1.713172071988143
-3.3466203138861728,-0.36903455574308436,0.1908074488151616,-4.5161612067177,-1.6751692604770327
-3.34782438600863,-0.3537234107738653,0.17252909525942778,-4.551426106672388,-1.6708512125821688
-3.3409337218570183,-0.35600060430057406,0.15975989162767223,-4.564951146739068,-1.6577127596969352
-3.340908282080168,-0.36326852701966295,0.14771792294493888,-4.574380739007555,-1.6819706872216957
-3.3382088616244245,-0.39315770845250236,0.156567928353102,-4.590053122480215,-1.677947249894718
-3.311486797223432,-0.41849226271188505,0.15604560640217524,-4.574493504573804,-1.6629315811408285
-3.318498609790151,-0.4382544206460031,0.16710940961994222,-4.554689115664051,-1.68524810736321
-3.2917985253104494,-0.4965899858935072,0.18727297976877838,-4.492462443072119,-1.698614162668153
-3.2631150467609507,-0.5637142408820808,0.1964775661407934,-4.40536198177208,-1.7356834013270497
-3.2407105969572343,-0.6096424053857583,0.23103964380359493,-4.3200704965365535,-1.7508559535987682
-3.220191455074776,-0.6672012151199691,0.24985060825671104,-4.2246707710781335,-1.7951682618186726
-3.1982524171133098,-0.7245229514306074,0.29136216099533635,-4.111157762567187,-1.8272759043063131
-3.1310652567283404,-0.7798419814881962,0.31944572797276005,-4.0135994757231765,-1.8589115049719722
-3.117828901541971,-0.8502013543435324,0.35480774104056484,-3.895005311565684,-1.8769045403588198
-3.087019112384458,-0.9041459833851819,0.3773225526744528,-3.73553938216409,-1.904973992110208
-3.0569755308198308,-0.9635881169626971,0.41865393590559447,-3.6056852208934655,-1.9368312245616568
-3.0274420644479987,-1.046614617255451,0.4394931935864918,-3.4666423524061725,-1.9567909050899137
-2.9968931782253816,-1.0791588848750375,0.4844286851258486,-3.3566624434125156,-1.9692248493486866
-2.9588955665442245,-1.1207930931462644,0.5258207879856092,-3.207579492474371,-1.9929460935280257
-2.908897561557558,-1.165595861772785,0.5491563502377168,-3.065295546059314,-1.9985432155424774
-2.8758706829131477,-1.2069936052359778,0.5761777978603371,-2.917052441215903,-2.0235809518004433
-2.8610495946490326,-1.2472387128678313,0.5951717740191098,-2.768628632221219,-2.041622879696654
-2.8195185069320177,-1.2580074182755703,0.6338340703318148,-2.6636931696209247,-2.021993782445594
-2.780668221773015,-1.2744249595806791,0.6592700183320677,-2.538205575372134,-2.0352306090124412
-2.7923928167156924,-1.2698388130049811,0.6648144268085883,-2.467821078438404,-2.0304778831874253
-2.790716688722914,-1.267980450995331,0.7019891143906971,-2.406366985660979,-2.0126861567883108
-2.799471029435851,-1.2316040420459438,0.7062272024461368,-2.394190368100265,-2.0192409072542725
-2.847169965376259,-1.2056132891889215,0.7167672860128713,-2.449872364265647,-2.0599578180266733
-2.8880364311227957,-1.1323192298709368,0.7441219554107269,-2.5482056887197353,-2.0598773539605704
-2.9491751219053204,-1.0806570559214557,0.7392848437732908,-2.6706159014136572,-2.0683332873061633
-3.0009296247260386,-1.0072932534291268,0.7501817845388741,-2.8275309303606315,-2.0562911997544537
-3.065154361403218,-0.9300230290614185,0.7445640083323027,-2.980873631004138,-2.03735881710579
-3.125916045342338,-0.8610646377358842,0.7299296488457135,-3.1511400400190346,-2.046917428962221
-3.1772719277827677,-0.8262016552166699,0.6955318153587641,-3.3059813892318686,-2.0294968653680954
-3.2158555267801137,-0.789606357822709,0.6830872707393013,-3.4302457025167197,-2.024188253056699
-3.2426172028060116,-0.7770218967324153,0.6500456272400397,-3.556950039572921,-2.0088155893961246
-3.274208772827636,-0.7583711077055063,0.6094224005915468,-3.6608627048085385,-1.9761506448856834
-3.2921195024354204,-0.7510155966777684,0.604427970398667,-3.7457107956532436,-1.9705799770573331
-3.3106118074249693,-0.7407358234334709,0.558176746179249,-3.8036871358462694,-1.9694237076085541
-3.301261757158773,-0.7631593162716184,0.5367785878286405,-3.8096792055587962,-1.9571440619818294
-3.322760783639341,-0.763148444831306,0.5169271784399614,-3.8446271432601917,-1.9805133482753459
-3.284344172282029,-0.7723011892590597,0.490277275431474,-3.855503726881041,-1.9689561817004135
-3.272458782853066,-0.7753320850789199,0.47779321768441935,-3.8696780012153424,-1.9483198696746475
-3.2538396077201606,-0.784550681602553,0.49071050188287013,-3.870065614795878,-1.9465481683325747
-3.2414312959509965,-0.766942126890546,0.4662332298120713,-3.8696456064283153,-1.9574895487853288
-3.251638190670808,-0.745146988797979,0.45253492509477705,-3.8687570643080993,-1.9440864173931434
-3.258806998328967,-0.6977505349925933,0.44432278888171906,-3.9055282475678426,-1.9453641418672378
-3.2655221777671044,-0.6671640103768319,0.43278785460150837,-3.941341603697397,-1.9258025162700674
-3.2821323747085707,-0.6475196106900224,0.4276345738909179,-3.9886527322302037,-1.9192040775714305
-3.283725463585609,-0.5992777596941774,0.3987440725032529,-4.058234562497625,-1.8911833595647576
-3.3164391870096535,-0.5708076445533364,0.38305737874116,-4.11085612594517,-1.8679468886142183
-3.3039213764048863,-0.573960295572179,0.3725912043359533,-4.165246298817021,-1.8351021667142544
-3.298503716991571,-0.5390398163724517,0.3542119717276967,-4.204485681175959,-1.832970212000134
-3.3163703053920233,-0.5430539478985413,0.33827385117352415,-4.256523733054417,-1.8114886802793277
-3.3100304013759665,-0.5643871174636018,0.33040557251296426,-4.266595598095464,-1.8195420390171957
-3.3291733453491936,-0.5449978982478958,0.3120339063720666,-4.27622379155183,-1.8118937534433557
-3.3344132793391883,-0.5419837445490615,0.30488553668242235,-4.298098567864431,-1.805671320563958
-3.3356523488749206,-0.5502810249461492,0.30321405524059614,-4.31237028049882,-1.799930970525542
-3.3296077831340583,-0.5419791430370231,0.2804162924939384,-4.332660424472869,-1.8006412174213497
-3.3171996604002287,-0.5166714564957096,0.2806353790744843,-4.327658036860041,-1.7831176193327205
-3.3204039805879244,-0.5119892485251556,0.2537984118315923,-4.357434659980626,-1.7732497066705897
-3.3029434594855527,-0.49341748550165954,0.24236948722134377,-4.360367942322255,-1.7769679513407364
-3.3071758587459112,-0.4938784032411861,0.24341854557770834,-4.367358424043635,-1.7582712375719571
-3.3009461728733593,-0.4781699828740644,0.23640763865435058,-4.373282609050492,-1.7498020364103561
-3.301347816011449,-0.4832254219187222,0.23623665955978365,-4.380915033221729,-1.742721079211913
-3.304726686560214,-0.51379806314665,0.25787887852120417,-4.356933386099852,-1.7342902231398485
-3.2805745291987614,-0.5510386128322101,0.2655135762148134,-4.338810018528847,-1.7593942477640625
-3.2724204924409603,-0.6028536309878737,0.2800446389625554,-4.300855048462717,-1.7642027251067731
-3.249993059399754,-0.6409148861253788,0.2947831420606517,-4.221258769218373,-1.7883981938377245
-3.2222406704907245,-0.7001016400166156,0.3135631256218017,-4.136016909614302,-1.813160643994377
-3.1897548102483326,-0.7463670489114493,0.3102586806841151,-4.05611912119493,-1.8491741593716
-3.1689588706153065,-0.8011644899059777,0.34316302944930566,-3.9664302131211846,-1.873340647514802
-3.1516235637823344,-0.8349778460863082,0.37028663845161425,-3.884769176757968,-1.9015809879358334
-3.119939760362385,-0.8830570437580254,0.38830537313333274,-3.790681033646951,-1.9210084356657178
-3.1017230670402807,-0.8985015410827792,0.4095171078318717,-3.691032903830604,-1.9335092656304955
-3.0859679700834866,-0.9359943912471603,0.41567961508463785,-3.5879497788473897,-1.940911569847114
-3.0586616643949567,-0.9603708945094891,0.4503265797033256,-3.494133920855827,-1.9447917407697135
-3.0318306982190464,-0.9853696807342786,0.4780810862917591,-3.4016935911449635,-1.9758385276057746
-3.0377498259661007,-0.9937352618437715,0.49771509520857576,-3.334288922302959,-1.984096320234029
-3.0135944996559303,-1.0405799976216528,0.5092158976389718,-3.2423642646414557,-1.9913783671727143
-3.0019976290811856,-1.0700475341031859,0.5523472191669965,-3.165190429998995,-2.011931130599631
-2.989396677752552,-1.1134041360334668,0.5747254274778854,-3.0910530697896546,-2.0095453785223483
-2.9637974102492994,-1.1263438587308983,0.5952242952018325,-3.0202333711317984,-2.0128908599830706
-2.9513944065844315,-1.1370676903034556,0.6188723897864729,-2.9832133355386876,-2.024422637068897
-2.9520196554115534,-1.1138879390194731,0.6218798638242777,-2.9252091857042934,-2.0034894270506687
-2.9520383528702405,-1.070674504010459,0.6409087328714673,-2.9302064811136432,-2.0185748804190986
-2.992495295572397,-1.0293693060972702,0.6400056170080358,-2.9397437811004576,-2.0329085547724977
-3.032224022188719,-0.9718341043069554,0.6352357240936994,-3.024553486211792,-2.0258547082554172
-3.0800122738572857,-0.9133759938531835,0.6497769438879706,-3.120214612766179,-2.0354357573726793
-3.120050780034751,-0.865359167192429,0.6337312263152524,-3.238783092335164,-2.0022846194564408
-3.157767353320776,-0.8083622071026603,0.639152717479067,-3.349401185416872,-1.9910929229071113
-3.187716785503234,-0.784121586537116,0.6269378276813732,-3.4959631870791705,-1.9740846229855198
-3.219831909011897,-0.7335445141924242,0.6056007130975122,-3.6186859545027454,-1.969325792929441
-3.284640686510527,-0.6833163191210792,0.5659057471655585,-3.762510223065991,-1.9621315328259217
-3.3024595760706035,-0.6382731684637463,0.5315886523357795,-3.840480113531249,-1.9566847774663323
-3.3312680007546,-0.6100246567283212,0.5239374179018531,-3.9391027283179807,-1.9236192799667002
-3.34568414383016,-0.6027259306443853,0.4718626054636333,-4.022696236505854,-1.9096319209599868
-3.357688430270721,-0.5800356060491731,0.4275735898584591,-4.105316523915918,-1.8924759626326557
-3.3724455728854195,-0.5539241446768847,0.3926442353521136,-4.135053222448322,-1.879414853368007
-3.3698234508538047,-0.5560162372124753,0.3652681277966831,-4.1890845014208065,-1.854745797140133
-3.3693609450308837,-0.5437582764318437,0.345034216818879,-4.231252624850933,-1.8344655890943282
-3.3714449187941593,-0.5474743238191186,0.3311938656131713,-4.253870349410311,-1.8215963953079415
-3.3607548886033305,-0.5299326382622607,0.3048492374637132,-4.271780453553626,-1.8053728066313424
-3.3398306502510344,-0.5398046804345615,0.295934734665156,-4.304841883058696,-1.7929384723159913
-3.32299157559726,-0.5068360398046668,0.28904960729734536,-4.336362490252192,-1.7750165343376696
-3.3408787912422975,-0.47657473550572094,0.25945753408807626,-4.3625238249859635,-1.7548333611015579
-3.332056920071961,-0.43763100985554015,0.23743763391466846,-4.395695180736477,-1.7534631368056823
-3.3405193001543645,-0.4255260603458819,0.22134858777555486,-4.4149039668002095,-1.7357534866842452
-3.3295254386380915,-0.4434438398353028,0.22641949285191745,-4.436068027979297,-1.722802263017671
-3.3405810863934855,-0.44804549193164844,0.22789553111161104,-4.450326172976431,-1.7192903696571542
-3.3205377911954,-0.46273966017482226,0.23151237119611692,-4.450625540184163,-1.7142243647559001
-3.308663652697764,-0.4981801166037585,0.2399360569456724,-4.438856278060733,-1.7192345025486044
-3.283711625049336,-0.5548689517703347,0.252280546376128,-4.396904728175643,-1.727070023033909
-3.26187475592731,-0.5866095268394028,0.2576767261531498,-4.352392497339915,-1.736337552404103
-3.2228753331860323,-0.6535292166835123,0.27020755961838844,-4.287593426754332,-1.774121672203236
-3.204113808633764,-0.6787450443038583,0.3016808490007866,-4.183217068108819,-1.7965883252246102
-3.191316590430315,-0.7132937077271437,0.3091516617178766,-4.116705925265845,-1.8341561473848196
-3.161664234502723,-0.7680089814613751,0.31782072217559554,-3.9974157451469683,-1.851997925743417
-3.1591527390519216,-0.8059654194925778,0.334629274938143,-3.9100303275694865,-1.8668523630467786
-3.1439195590048565,-0.8501615810417201,0.361008828138683,-3.7935249746956754,-1.8885025280207786
-3.1170129188742965,-0.8846364470433438,0.3706071675798457,-3.7040783305245863,-1.8792609005449397
-3.0866645476873997,-0.9139793520213187,0.3992876124029077,-3.6111412436391754,-1.922548316825409
-3.0615563710538636,-0.9642460338635888,0.41759366960711464,-3.5269918566748033,-1.9296243763901975
-3.0469628580838353,-0.9922871668830566,0.44288275637979024,-3.41107333493348,-1.9442567313771542
-3.0058539166772245,-1.0397318699343299,0.45799665222251573,-3.288973635384504,-1.9550035475161907
-2.9520800792539275,-1.0691470447597893,0.4758291787432326,-3.164685736909056,-1.9661420993231766
-2.9352223953095047,-1.122995285453573,0.5007090250981114,-3.0694916856857644,-1.9883900392133251
-2.9086293278117763,-1.1397980256251685,0.5658297756743059,-2.956490672601238,-1.9988488925279844
-2.8877519409427785,-1.171587706734098,0.5901944948639322,-2.8598351134436113,-2.0210067533772356
-2.907686785621282,-1.160579327489665,0.6056225496588773,-2.8111286247760128,-2.044944788030551
-2.906388944377446,-1.1471952768459435,0.616398382819904,-2.775218545558086,-2.0424161685409605
-2.9151458280821076,-1.1341659614874724,0.6537917888676379,-2.75236277798035,-2.0331555020733063
-2.9199676012195828,-1.09725549436893,0.6700715861391312,-2.774649541761941,-2.0371720250045935
-2.943500008933255,-1.0416462784952298,0.6871173979658103,-2.8319129017720592,-2.028528697230586
-3.001715413414388,-0.9847359028238296,0.6840333011043886,-2.924547653475021,-2.009861559613049
-3.050935404783918,-0.9097886093897539,0.6735418217848304,-3.042324069128052,-2.0025938914526695
-3.1110664997658346,-0.8718625254427794,0.6709879715130355,-3.1883079248919293,-1.9847874190150525
-3.1662926772074376,-0.8083676308735043,0.6648348840434944,-3.3275602045610273,-1.9714231311071122
-3.2085945315434516,-0.7403184115061844,0.6391405489809053,-3.4858182034620104,-1.9520739361716868
-3.230602318147329,-0.7136582034239691,0.612342660282783,-3.6140202190472484,-1.9183683907164808
-3.2614720840139135,-0.6755773780162543,0.5755337410182237,-3.7303194006616076,-1.9138881200112583
-3.282704759758483,-0.6566855981310897,0.5343099696233863,-3.8346061722646607,-1.91189722821693
-3.311135326884577,-0.6329273204772939,0.5266368283903823,-3.904235652192283,-1.8926343499322686
-3.3162758992887347,-0.6225167166136911,0.5042687505053174,-3.971764364296182,-1.8843792595694149
-3.328603850516515,-0.6057232896133012,0.48667955074859726,-4.025229189127293,-1.8635659069284212
-3.321194269145098,-0.6125984241215113,0.48415731371296883,-4.071575484791685,-1.8674768733267302
-3.3063904455624082,-0.6064074172079785,0.466940566030822,-4.09821797996636,-1.860394779317045
-3.3045252652405583,-0.6231808525303225,0.43922402899802127,-4.124632729417189,-1.8518569396971603
-3.299534453739264,-0.6097300623688019,0.39878584035556386,-4.135816310781435,-1.8547804263380407
-3.3176978177241816,-0.6168659318053382,0.3849323720487365,-4.156835236196007,-1.845479170816035
-3.3266573003882027,-0.6070824533713343,0.3713679016557064,-4.166486751340615,-1.8398417089903432
-3.317272774221618,-0.5614447629354938,0.37388144094568493,-4.204952708749672,-1.8334212918966157
-3.32015020158926,-0.5468384119653547,0.3325808106341983,-4.2571046822835505,-1.8152238350572063
-3.3211367421201583,-0.5084455182612102,0.3008497094942779,-4.309523623130416,-1.7919584696420068
-3.3123648366201204,-0.48158748791024825,0.2765975428671245,-4.343485807711986,-1.7806062743208795
-3.322397896876598,-0.47393876192305967,0.2548600700560448,-4.376477735554354,-1.7660774096295009
-3.304958559524659,-0.4761315701470618,0.26172505898616516,-4.376083426712063,-1.7647383337309182
-3.301302840237474,-0.48968266875376537,0.2576793873675214,-4.404026104701546,-1.738656650068602
-3.298618003011982,-0.5270390795883704,0.25905862283922554,-4.391828385632639,-1.73827967022451
-3.2743607248914888,-0.5525031089624104,0.279185770091429,-4.338093535589054,-1.7455255145946402
-3.2450120357639904,-0.5804819860922942,0.29329200981367765,-4.311421516515549,-1.7735793357055634
-3.2340850938611587,-0.6225642555914483,0.2947427690852083,-4.254188438042154,-1.7899481366512806
-3.212173328119404,-0.6529613555264882,0.3115557807824978,-4.18843664549606,-1.8243978846724642
-3.1986224145731814,-0.6947712065158539,0.31964925605916483,-4.152175970015607,-1.8265917418087667
-3.1686602748660793,-0.7282081893082162,0.3461651596169115,-4.077592912152671,-1.83840562680155
-3.1855559257774053,-0.7331537654408435,0.3554072737260701,-4.003947059043756,-1.857742912667854
-3.172401854155905,-0.7680340749464707,0.38751822834257577,-3.927554682246629,-1.8787792583998997
-3.164268010474837,-0.8021175779844613,0.40513303622814206,-3.876526815968492,-1.9023394613259048
-3.1500396640714468,-0.8222604496865744,0.4060877018992005,-3.82458497436229,-1.9115588363974747
-3.140281349400274,-0.84494413058784,0.4216531149470944,-3.7581018733286866,-1.9121290029593736
-3.1216788684874386,-0.8818919551650845,0.43441676671225804,-3.6736634643935107,-1.9417348565341161
-3.1003691919715615,-0.9411020909997563,0.44225806017358016,-3.5902215993169606,-1.966831577898824
-3.0815501010806785,-0.9869901838424695,0.47929437192529534,-3.4902965059452966,-1.972869839959684
-3.055571153290291,-1.0198145655821502,0.5265765119014114,-3.3891350227247656,-1.9853883047453789
-3.013814892615181,-1.0491077464592131,0.5242290232988377,-3.2944880606188276,-2.0096878723769627
-2.9905688289344687,-1.0836463161360699,0.552138115276262,-3.211479340808536,-1.9997712482625531
-2.990610408496682,-1.091883525026167,0.5572465567569167,-3.1525558799992353,-1.9956368504461912
-2.9900772444680723,-1.0844694795413783,0.5765039908962203,-3.0923946668176945,-2.0084636394395674
-2.973023389904128,-1.0482698651229991,0.5755384043315467,-3.068279675355556,-1.9980104834161236
-2.9840303206959944,-1.0223516839782019,0.5949879486125869,-3.0730446945926606,-1.9970455809100471
-2.9845248547408247,-1.0031900058423011,0.6120757284519618,-3.109479863580531,-1.995783978833122
-3.031320340924393,-0.9484374094767372,0.6250110062529544,-3.179534678337851,-2.001985691804456
-3.051110983274077,-0.8985798309535898,0.6111541644804941,-3.2491226180538897,-1.9974345202892771
-3.098854443925508,-0.8714968395000852,0.5934569916979672,-3.357748671780746,-1.9824043399023425
-3.1575522180507867,-0.8023901293299466,0.5668496083682627,-3.46870888142861,-1.9657265227426681
-3.18586510012515,-0.7540953752171463,0.5694411062300313,-3.5550539289613767,-1.9692740826925974
-3.2304868234266007,-0.7068595021252622,0.5494129500130771,-3.6692616831400224,-1.951668828977001
-3.258205278017971,-0.6862400266200502,0.5284987938535028,-3.7872539058425616,-1.9430112222265474
-3.308916288727287,-0.6581497887573946,0.5010993070749716,-3.907206116395082,-1.9123898901107432
-3.315032510422835,-0.6153188288198249,0.47503101099321826,-3.982217830848071,-1.915986996050069
-3.3161395824227826,-0.5928530692992489,0.4636736875921206,-4.07912063421192,-1.8828791149395028
-3.3358949975363363,-0.5522656429684727,0.4339467867243766,-4.140356277007543,-1.8623039004964237
-3.314804894642534,-0.5570697690361591,0.41393610923603147,-4.186456427622968,-1.8403387883232676
-3.319259689687224,-0.5324866372789478,0.39750920359475067,-4.235357834842722,-1.821857428215654
-3.326967071654299,-0.5480770413449874,0.37185164296163564,-4.292326563143824,-1.8099511453882386
-3.333070720343597,-0.5318395713782167,0.345158116175782,-4.331348720447623,-1.813274876256606
-3.338836470506506,-0.5023842958758434,0.32118809498199086,-4.350745474389065,-1.797131365110337
-3.3382044440849272,-0.4809304857521957,0.28124570648594305,-4.378463121176133,-1.7718615017159582
-3.3291427499388133,-0.46456152764161107,0.273432133931416,-4.435655876582095,-1.7511304157562146
-3.3333463466671756,-0.4256203275363102,0.23385977474683592,-4.443465647261316,-1.7414417783891203
-3.3199861520368374,-0.4345667476847589,0.20406675391446658,-4.469905467524271,-1.7346290721925905
-3.3197819913327637,-0.41363532735034075,0.19777834399564717,-4.481847122295422,-1.7112692396879687
-3.3194658416897505,-0.3992589091956391,0.175709011892143,-4.506296805676931,-1.6941043352323097
-3.338683131104247,-0.40549032112311884,0.16696997686312587,-4.5321151191860505,-1.7006919206728213
-3.3183536279808523,-0.42048210360789456,0.16053322315495308,-4.522224177993702,-1.6926213314864105
-3.2963182120922516,-0.4534158398817545,0.1775963776258452,-4.510156075161508,-1.6887042250483577
-3.2709008689332615,-0.49533004100722755,0.1926677514120192,-4.451178653725937,-1.7108474679149046
-3.2611602407896876,-0.5573899231039355,0.20472021393465314,-4.375934175852464,-1.7246977827242753
-3.231751977959837,-0.5989280129636257,0.22801103261732497,-4.293963345710327,-1.7418899724412287
-3.2175662374268,-0.6817413883651917,0.24442346628159045,-4.18923231204528,-1.786590017189158
-3.1894082234828756,-0.7238219908981166,0.26947098516859297,-4.0944476027937196,-1.8248512136480803
-3.154452282095139,-0.797943753235671,0.2755667045737278,-3.977757073873356,-1.840831708767908
-3.1301219315663236,-0.8555931450301288,0.30946577765794914,-3.887833714421857,-1.8631323025245818
-3.1008873324478725,-0.8939915995489622,0.3529576170113501,-3.7770612511652173,-1.887906161156207
-3.080713258306963,-0.9305551322453313,0.38695186021252426,-3.675927721095705,-1.9077314068054387
-3.0559419660918086,-0.9932485755332743,0.4156332748132855,-3.5522420568896593,-1.930005012394689
-3.0315568966072455,-1.0261739069277322,0.45234771749545977,-3.4384257230664477,-1.9482665211522112
-2.975465259212185,-1.0606277646010687,0.4937304694738242,-3.3268600455924218,-1.9607607706930898
-2.9662161892872283,-1.1033653488843609,0.5077042925643444,-3.218129748605194,-1.9763485848919449
-2.9378595789589714,-1.1315721604734448,0.5462927612942973,-3.085710179909298,-1.9832423393133105
-2.9031830415078415,-1.1879660223413777,0.5660970583119486,-2.951687881633413,-1.9772545786357996
-2.875629212551031,-1.2089439675139328,0.5970771203200892,-2.8594432488918815,-1.986690614802611
-2.8424292229823567,-1.2135061995105487,0.6078188019355552,-2.7654384911624996,-2.0032162304522667
-2.8268195015469213,-1.2416080584714058,0.638752564826963,-2.6695810666018502,-2.021081786576151
-2.8084806808390774,-1.2285236786445328,0.6543231097973434,-2.6274317707543657,-2.0245642761930425
-2.8317207159557864,-1.2033272155415131,0.6722850464074065,-2.6139593153350025,-2.0120273660497325
-2.872824829519528,-1.1565621389147935,0.6862663832429046,-2.6497108572242674,-2.0232372279488207
-2.9068014764783308,-1.1073345486420865,0.7010788189606477,-2.7054997299827086,-2.030619553234383
-2.9560827805276637,-1.0666679736688638,0.6973443644588124,-2.8386408213944536,-2.0203794948588594
-3.0169383989429748,-0.9809903464261793,0.7030840315758584,-2.97795176051533,-2.0149400627100484
-3.0761689117729296,-0.9200964307262505,0.6763325434015156,-3.1380127773200504,-2.0127291295207668
-3.1218424650343968,-0.8395035292353552,0.681258722492257,-3.2777434130765317,-2.000702272424538
-3.156626140503013,-0.7860883427399229,0.6564710043322455,-3.4280137518993925,-1.9898965766656458
-3.2153597045278333,-0.7393270179947407,0.6061531333146122,-3.562127883583947,-1.9924975484595697
-3.250219420141978,-0.7115125821453793,0.5896216494698678,-3.6634626346702994,-1.968581034218759
-3.2886349433166107,-0.6853323280286586,0.5713309280258941,-3.7487392190110933,-1.943769977223978
-3.292459677228896,-0.6719318989772122,0.5391057494394066,-3.857099940829952,-1.940593436598994
-3.2896459102499223,-0.6697004618251851,0.5295172500676194,-3.921264974363202,-1.9329040615866668
-3.3065924024404536,-0.6541418028518108,0.5212366387110502,-3.9422977776872883,-1.927876185125086
-3.2930797553358513,-0.6576846273000175,0.49521418660384986,-3.963196569484303,-1.9232469478316152
-3.2855093068148515,-0.684343997564408,0.4765997318567693,-4.0021329541154955,-1.9123355236322934
-3.2648800136322107,-0.6676961986597705,0.46921159188967027,-4.031005200887349,-1.907305705155963
-3.283211260215194,-0.6995646914969935,0.45054967771018406,-4.043489490737286,-1.9175203629903623
-3.2841323933744353,-0.6678784679396502,0.437827276313197,-4.0551227437533,-1.9000161465828567
-3.2890606423132205,-0.6575435547159384,0.42280981513106536,-4.080377665536271,-1.879028448883528
-3.2832154013349086,-0.631534020238589,0.4011045166911623,-4.1067304955510595,-1.8554259276940173
-3.2817792331088826,-0.5997258136329621,0.38097781211105336,-4.134559519551196,-1.8576634056272574
-3.2950533011977368,-0.5605314046848526,0.35546971885629636,-4.184271563130788,-1.8161274789189006
-3.2948795455225803,-0.5236311051263687,0.3304211572237152,-4.221382135722745,-1.7831500739224533
-3.3004795754691494,-0.49390124640732774,0.3596976489415989,-4.267533608188987,-1.7788123649388567
-3.2899568699807684,-0.5031214210041279,0.3398555758953789,-4.312394198435212,-1.765654597803064
-3.288940575863873,-0.5036147978126635,0.3048539994353724,-4.327903127900763,-1.761107046236848
-3.2827885022690766,-0.5017009273387855,0.29578075783477403,-4.328529308847953,-1.7792779427561605
-3.279517355700492,-0.5399825655557827,0.28055574535083594,-4.3137685393601926,-1.792249531039299
-3.2880101995824726,-0.548041840108498,0.30682851009681367,-4.291919007000077,-1.8022943756131313
-3.269979504883949,-0.5773319423471328,0.3029399018604203,-4.263552788540727,-1.8026452008527036
-3.2473272430269744,-0.5995688276814332,0.3178973714689906,-4.234858517855576,-1.8168182825826071
-3.2369440188247967,-0.6256864013031052,0.31492514212261036,-4.222025305733618,-1.8198880408515843
-3.2196705396968563,-0.6186753612302681,0.3065856926242293,-4.186076512140724,-1.8173677453059303
-3.215423899259255,-0.6365747293687173,0.2994794324791763,-4.159730097231671,-1.8220289210950782
-3.212160056681766,-0.6352692923429661,0.3064029401956767,-4.137934406701232,-1.8295931258728666
-3.2211411699240053,-0.6549773057512692,0.3205039288723277,-4.107741886173798,-1.8199688665548026
-3.219413090573512,-0.6663131579067844,0.3365440313453109,-4.084170373082698,-1.8230668123789644
-3.211972302604579,-0.6872679220968012,0.3399965174035058,-4.0510223801392495,-1.8294789011838708
-3.227447265105607,-0.7243520326313531,0.3495526350772517,-3.9959779243330513,-1.850855709999152
-3.2062013319383182,-0.7632560399195771,0.39666054486344005,-3.9205609286868515,-1.8692817070890126
-3.1738290626108037,-0.8094218946741311,0.41075004598562836,-3.8471503684090225,-1.8847930019208745
-3.1512020329315518,-0.8404980829548541,0.4375278220504963,-3.7650604244931065,-1.9137936632800314
-3.099507512225794,-0.9013757359993896,0.44179908549289976,-3.6961654645930646,-1.9080826606919854
-3.0745944567164227,-0.9328291700436969,0.4536991153551451,-3.5909610413905475,-1.926271303004882
-3.0668873095922975,-0.9691429775887491,0.46348506827070984,-3.5165078015886233,-1.954909319415456
-3.0468692766637964,-0.9766448575309823,0.4853766217490974,-3.4475488165354955,-1.9511861664126804
-3.0257397820540284,-0.9901913270985417,0.5008206603517066,-3.3863364388221715,-1.9640926843160027
-3.020531583178438,-0.9906728801084347,0.5269603873779853,-3.3501240847809624,-1.952267391280604
-3.037409558407845,-0.9808153001927004,0.5304670886404292,-3.3336347163059235,-1.9694472724067398
-3.046390091896272,-0.9625946068126432,0.5309742925338414,-3.3391911525744926,-1.9658550451969432
-3.039059610605828,-0.9457967670909937,0.5350380110814121,-3.3576727145463465,-1.9733723108734187
-3.0557412290272787,-0.947350522114358,0.562329492555255,-3.3535405332442516,-1.9741375125443383
-3.081074041024321,-0.9106672179892559,0.5540412449268187,-3.3683688207983264,-1.9728655464442986
-3.09504717968995,-0.8875468789312115,0.5748942642068018,-3.410911675130964,-1.975982606215468
-3.1308488907284846,-0.8666572529684405,0.5622650768250794,-3.472410724929265,-1.9727604687882188
-3.1445486010978065,-0.8310497730909989,0.5540588892280348,-3.527126209005466,-1.9751665511282002
-3.1643176201499914,-0.8129533402439738,0.5437174930538281,-3.598145772640564,-1.9676132428760809
-3.195862284084351,-0.7625335880035476,0.5129271971091424,-3.67882008066928,-1.94973992377508
-3.216220180311321,-0.7095404627012001,0.4977988641962605,-3.7769340187134044,-1.9354992258071861
-3.2402552696241376,-0.6627530277908481,0.47841521467909304,-3.8757285787636238,-1.8987459187292126
-3.267074670650928,-0.6156500771381492,0.46283558790355495,-3.9467725249618235,-1.8883869911368851
-3.2881811540538086,-0.6006376822455756,0.4554904094611975,-4.0325038600651935,-1.8748263411157737
-3.3078835414251597,-0.5758251874800442,0.42474841871226815,-4.121349956057317,-1.831793038175239
-3.314806796309146,-0.5542847071337654,0.39590662111050773,-4.185193475638667,-1.8194554982653657
-3.322722989266778,-0.5259354189674028,0.3669939169510312,-4.231955659874103,-1.8051199181905218
-3.3336174813951485,-0.4884641604113647,0.3494031697184734,-4.2898416218339905,-1.775628096810908
-3.3515401623891674,-0.46081869155469024,0.3217646501212981,-4.357023155473723,-1.7671374738500152
-3.3407454385426645,-0.44547778277401917,0.29198757262977004,-4.398624011300415,-1.745493347509196
-3.352667343774189,-0.4374043809664351,0.29504612489535414,-4.437995728703656,-1.7416606497624494
-3.3373422283982483,-0.400872075713727,0.252342224784051,-4.465566437039646,-1.7306981246867414
-3.354275754432762,-0.3810604572153694,0.2199427043588366,-4.479012662158981,-1.723881961010471
-3.354614020773301,-0.3497829837145494,0.19979561686142974,-4.525568172398136,-1.6884635478885162
-3.3451315746828096,-0.318205971078141,0.19411919465770106,-4.546672846349998,-1.6697184578988693
-3.343252096499462,-0.3211826155565263,0.17797021753471887,-4.59860187473092,-1.659049887671169
-3.3344195465147903,-0.33767299727992683,0.16875122122545916,-4.619925065450617,-1.6385015866783372
-3.2982803997133314,-0.3644809491266353,0.1607669148809882,-4.633429853623646,-1.63542657939107
-3.276898087171341,-0.3860747316933906,0.16651704873706658,-4.60850832372441,-1.659578821679945
-3.264510981146192,-0.41293997500238283,0.1616586138427671,-4.566134099315234,-1.664300885985938
-3.265815302757006,-0.4579993793490429,0.17015727167615172,-4.49636479534835,-1.6778833969783493
-3.2456333522542327,-0.5257956006418582,0.21375314116319566,-4.4270975292763985,-1.7077238137163466
-3.237337237069945,-0.5951305154242545,0.24265620931498805,-4.3331163837006,-1.7523678891181833
-3.1910822859881516,-0.6599298343481973,0.26112579875482145,-4.240798038172989,-1.7905589442458472
-3.1792737467537147,-0.7222226251825867,0.28139181252059664,-4.126890349771379,-1.8324138809604003
-3.1539370056431766,-0.7943150234001926,0.3198756247651043,-4.016027182929378,-1.8497968916427707
-3.1190692970884464,-0.8534936391739003,0.34324119980722745,-3.8758508897764408,-1.8711091280484669
-3.0836566171120596,-0.9243698316560257,0.38270534003809403,-3.755332972219923,-1.908434599427149
-3.061225142011473,-0.9803488339232825,0.3981874995658947,-3.6013721388979136,-1.9262470025495866
-3.020657757346496,-1.0387704532814477,0.4423553931415269,-3.470207114282111,-1.934450246328919
-2.9955354979210704,-1.0731932753717615,0.47847389298663695,-3.328620215163998,-1.962134074270717
-2.9372063424207444,-1.1198963637777093,0.5102137059968163,-3.189037992522496,-1.9888520008622705
-2.8935932176207904,-1.177602228890862,0.5204762395129289,-3.0541863713043247,-1.9872819398171058
-2.856864723381136,-1.2052781496693372,0.561487503808661,-2.9242752308639677,-1.9910427609758004
-2.844633146842364,-1.2461290657767872,0.5985751136830648,-2.782519623100514,-2.0071325753655196
-2.8105430006575185,-1.2736731043706087,0.6197803452211346,-2.6703640477125927,-2.018620826828861
-2.7986136098282772,-1.289332465897164,0.6504309017866985,-2.5657277011299398,-2.027810934412203
-2.796374593192324,-1.3019456596960333,0.6943269622900611,-2.4731029949648495,-2.040437951056093
-2.785022384937778,-1.3103770033614504,0.7165063391418972,-2.417752003517417,-2.0616037948893435
-2.7876359063141223,-1.2623685982959378,0.7550018397736299,-2.413048032700691,-2.059127315404335
-2.814326173903029,-1.241231430574259,0.7494139191645737,-2.4441216710766454,-2.0667367676209367
-2.869028391863629,-1.179279964012019,0.7694126594112263,-2.534738389736312,-2.0538622652991574
-2.912557447463305,-1.1002263912181065,0.7630592640733751,-2.6718678787369248,-2.0674760062495756
-2.9754345412378296,-1.0434467636489442,0.7700380435868808,-2.8144042207274613,-2.071911188472101
-3.0448440675990582,-0.970342011904615,0.7481594835112598,-2.9642724327398615,-2.081158680130359
-3.112149843563804,-0.912675775076305,0.7393537429299379,-3.131043821832098,-2.0693225842651963
-3.1633366017424485,-0.8678299294487305,0.7198323809021167,-3.2922987722471198,-2.039235722309584
-3.2287601675772555,-0.8039712315051043,0.67585686702084,-3.437499246936542,-2.0413604072391585
-3.2592460541464616,-0.7653028448099238,0.6417217498600394,-3.5601051627545504,-2.032155371789563
-3.28904266092365,-0.7351435558393862,0.6263546382669418,-3.6492209706132392,-2.0093050908085837
-3.3185212670605404,-0.7471798486387642,0.5925041132396929,-3.700540958652266,-1.9828023557523733
-3.324355035484424,-0.7423840051167427,0.5751930762158386,-3.7535252701158393,-1.9652963578347968
-3.2971226175913597,-0.7524325244262622,0.5501706750125197,-3.797723485740844,-1.9601579292631863
-3.2967102810765514,-0.7750015001713066,0.5500313426228992,-3.8280946551523876,-1.9753408787497717
-3.2841631827760702,-0.7919945279799783,0.5324510067483328,-3.842170717848703,-1.975442681901714
-3.2790670049582533,-0.7830381770128543,0.5180268464808466,-3.8504972921530527,-1.9768302926044072
-3.2756035059188364,-0.7903372889774442,0.5127192696958406,-3.8862276685980643,-1.9732476133574937
-3.2698615243536637,-0.7875126788100032,0.5081656562515477,-3.872109118332404,-1.9696627327122656
-3.266269645242202,-0.7580333825932289,0.4879019466012168,-3.880059161706704,-1.9669985423610497
-3.2689542158196208,-0.7298040387511413,0.47128577155633333,-3.8973132686904406,-1.9592235509241112
-3.27463433428195,-0.7094611467534371,0.4524071664947146,-3.9412720997873882,-1.9537995701899025
-3.2909985113953995,-0.6723464638659568,0.4403351972142169,-3.9979534216711565,-1.934312150963735
-3.3059978851075313,-0.6201711206315644,0.42765771775473715,-4.050733471423072,-1.906879523597343
-3.305427903778729,-0.5946854926849579,0.41149111788666703,-4.119217719025128,-1.864316351200749
-3.3171679966259005,-0.5682168300652791,0.392611148995024,-4.1755539845985385,-1.8571029071800487
-3.322014221066359,-0.5395032410739156,0.38696885326596264,-4.208183933722913,-1.8325997030182122
-3.31607612490995,-0.528323092998119,0.36940115072745644,-4.257267029084021,-1.8250750617655633
-3.3098192002921514,-0.5582903728067201,0.3524422185391662,-4.275531096447344,-1.8080119216019894
-3.3027645423001144,-0.5475281376932472,0.3323250093062243,-4.280737610243227,-1.8047974612759292
-3.309170253165288,-0.5383910789267532,0.3147161461519025,-4.295906163039316,-1.7926795461279583
-3.327579014128963,-0.5404056663594975,0.2886356657327873,-4.3209606382219095,-1.7687681990102584
-3.3128999506098156,-0.5481744507328142,0.2894816877580796,-4.315666014904914,-1.776230642407334
-3.304791783148062,-0.5388948471175122,0.28305789591654623,-4.309784250001374,-1.7834976002546838
-3.3035529500934113,-0.5139823964329769,0.2715566305061565,-4.326074813679609,-1.7955984513783847
-3.3117613721591685,-0.5205920209192617,0.26688893486146686,-4.341537306601224,-1.7758546618239546
-3.319477982511486,-0.5255349776419328,0.23108932835322415,-4.364424310269651,-1.7697680107592204
-3.3120515252236817,-0.5018243637714142,0.23859821160969943,-4.365362495184813,-1.7541848104355087
-3.3114297882083865,-0.4781912848902205,0.24595283377358504,-4.393080493976308,-1.7475265269461755
-3.3175214236402044,-0.5010318909692151,0.2412444873642901,-4.368752058492602,-1.7563661797971042
-3.294992159992767,-0.5515718709257587,0.25330651084880706,-4.350076044784929,-1.7596698505481847
-3.2687542497150166,-0.5974453429238398,0.2753450118528423,-4.301216870706711,-1.7668487750999984
-3.251993398548628,-0.627838833230847,0.30149283068804467,-4.235283049415297,-1.7951756163341814
-3.218584630976015,-0.6917435793866943,0.3235125944323813,-4.143331766587067,-1.8213701565821578
-3.1954637834222592,-0.7327986944312873,0.34306566900739033,-4.062090405696641,-1.8255234509934102
-3.167774671173606,-0.792470941839183,0.3517002757564474,-3.9663797904676064,-1.861967542362868
-3.1463946689997533,-0.8353046900107832,0.3591976169547595,-3.8669979473126643,-1.8815182116708165
-3.1398860259593455,-0.8757141440680423,0.40421592723844685,-3.7692210370811465,-1.906014657182478
-3.104795598370158,-0.883454410659669,0.42153329754766417,-3.693052492112515,-1.902504851637814
-3.0703967165736605,-0.9239199748546477,0.4279842879980256,-3.6049310465007,-1.916075013793684
-3.0506271976238217,-0.9605295430764249,0.46247978511737853,-3.53959252620223,-1.9644481784350736
-3.0374254347408445,-0.9738418644660528,0.487506618694851,-3.447947944797586,-1.9543355916399403
-3.0181950282499455,-1.0184445224840375,0.5254863025542366,-3.3655697226684618,-1.9658813144204719
-2.984715235687738,-1.0404261713045269,0.5338347587915283,-3.274755561970391,-1.9606588614256288
-2.960490813859922,-1.0733489117347892,0.5477584818568226,-3.1943838415846497,-1.9723322620419046
-2.9476287541820336,-1.0936850796035753,0.5770956464210834,-3.1060576937358753,-1.9828741688086255
-2.9527156282855658,-1.1118802638413818,0.6004230170381213,-3.033115380416452,-2.020556901901303
-2.9363690496608066,-1.1180145312979377,0.6126564252447411,-2.987165755021837,-2.018598751706745
-2.9432901832545513,-1.1141646082425325,0.6363397301596571,-2.9598941049506364,-2.0207245409561083
-2.9566024454859567,-1.0943043910557329,0.6513570554725742,-2.9362377286085044,-2.027910276967428
-2.9790368620304934,-1.0604683027730206,0.6519155183050662,-2.966573917476277,-2.045451307579235
-3.012608880115125,-1.000907418149203,0.6511969561133869,-3.025727934167077,-2.048047028298161
-3.0508312234466497,-0.9556411171504108,0.6555685599799576,-3.123044371928217,-2.038090218673349
-3.0841830796127665,-0.8897981169374162,0.638621520540781,-3.2237092283625977,-2.012983150402778
-3.132127746460146,-0.8238200420427644,0.6496653439016268,-3.3459957887317158,-1.9944839652549202
-3.151428484366524,-0.7676238024740694,0.6155392695807361,-3.4731503933577117,-1.9819931988461772
-3.2049376569683394,-0.7181585277944329,0.5960976896173511,-3.6009348737433,-1.9806160526365524
-3.2403431580054556,-0.6642678963168891,0.5701469256082358,-3.7495477707436886,-1.9494163018201187
-3.2755880897174188,-0.6310274087489708,0.5409033732361784,-3.8494098434919355,-1.9271535971847953
-3.2711848182965433,-0.6230508968625832,0.5272270881121531,-3.9611179700365815,-1.925693255827469
-3.3028009483890233,-0.5880858294945951,0.491562370210083,-4.029845787972114,-1.9000554459230474
-3.320423166849832,-0.5821911978132815,0.4687202185721468,-4.102988351700323,-1.8910839748302473
-3.326989247585293,-0.5831904666059389,0.44077305955578805,-4.149047703640088,-1.8653222533300733
-3.331648988891242,-0.5660167646298622,0.4085741315324131,-4.17893095780358,-1.8350779505909354
-3.3140454389690093,-0.576858423966468,0.3686954474241109,-4.223515070613248,-1.844475008402408
-3.325019102748035,-0.5643504616849112,0.3480326904719352,-4.246901414775713,-1.821052063131989
-3.324433842930677,-0.5642219840154629,0.33156302352977124,-4.253960571256028,-1.8122834337894957
-3.3327201705194693,-0.5398064404021172,0.3056931615866798,-4.290448816546173,-1.8011478501792024
-3.3071695996956403,-0.5188372827473874,0.3129679210098058,-4.323683376441858,-1.7890794484177506
-3.3133399114506883,-0.5000025847127286,0.2825388459981794,-4.344699463095548,-1.7713633318968665
-3.3178276183734003,-0.477625749535339,0.28385883748648344,-4.388444372434988,-1.765853076609812
-3.323149643635883,-0.43164513688438144,0.2522688211896205,-4.436017713431125,-1.7578235554326416
-3.3244946727709883,-0.42779492467460234,0.25570352908173893,-4.4462966830315285,-1.7370103523125224
-3.306385162269556,-0.4118427099837332,0.2416321431540663,-4.468171383059187,-1.7213773780941428
-3.306410192250499,-0.4351512815466203,0.22862742175151807,-4.4506877919355174,-1.7416088133745136
-3.2850560824615793,-0.4780815751642614,0.22082226797179416,-4.447596207546384,-1.7345623282971543
-3.2839332876045284,-0.5039030419769576,0.23376217659976323,-4.394931062949398,-1.7588574967823287
-3.28727298371092,-0.5423959927017736,0.236884591547329,-4.353504680495029,-1.7847486540994275
-3.258578570333,-0.5972060251357587,0.2667831015501011,-4.286404492669633,-1.8009800032275396
-3.2272918905536576,-0.6301932090687413,0.28751954350943193,-4.2054722084895575,-1.8205598440756576
-3.210379969019157,-0.6814960034503058,0.30890274950589314,-4.127362627880327,-1.8377833528332679
-3.175924509046096,-0.7382036363936956,0.34275219447211625,-4.032659102957647,-1.8684239954749415
-3.1517541100922353,-0.7561224340375022,0.3527195425108507,-3.9556423574669575,-1.8896193198255846
-3.110935895341115,-0.7948264350278081,0.3876129119345115,-3.8333035811090257,-1.880621012493673
-3.1112951838876124,-0.8532709613545626,0.39994825167151427,-3.7458390740367165,-1.8877083949248974
-3.09284403097441,-0.8887361936429333,0.4156299912056631,-3.6720604284606835,-1.920670682592791
-3.0697152591465424,-0.9381527685778012,0.4484488898865998,-3.5641029256433234,-1.9300037764414364
-3.056118868509186,-0.9804079732165278,0.4711205410221382,-3.4732886275438446,-1.9543191885506992
-3.0250338202372866,-1.0093981897639515,0.4984113596287312,-3.3684008314579414,-1.9732545569034694
-3.01437449994884,-1.0615059533856344,0.5206543328936039,-3.2574536108430405,-2.001914259649323
-2.978192008124572,-1.119252980897827,0.5468426338136203,-3.140720595307253,-2.0142846048748737
-2.934205710450636,-1.1561562666194207,0.5741946582363372,-3.0377727784095625,-2.023584436849985
-2.9057268733121493,-1.1850086149668957,0.6041680819932029,-2.935976640570142,-2.0241909712754556
-2.9024665295218663,-1.1829767811611134,0.6225676398213643,-2.844449079143349,-2.038262573131886
-2.8948305650711936,-1.1774991897054252,0.6392600452159656,-2.797940035274339,-2.02030320517454
-2.9024361026013032,-1.158930652673046,0.6577474123034451,-2.7640510391151474,-2.020334302317806
-2.9210808150180942,-1.1303302451453447,0.669770598006216,-2.7910799594504874,-2.0383456216772244
-2.951744259482658,-1.0724643846562665,0.6739216383046089,-2.848381188514299,-2.023963845091664
-3.007753689287843,-1.0094236167246255,0.6849361193965353,-2.918119410530861,-2.030601777564582
-3.0502781353303114,-0.9540716029484367,0.6820258025741349,-3.0470358134018185,-2.0327826190075626
-3.0938744411611694,-0.8955062976438933,0.6687090695284049,-3.181458812914145,-2.0250549121345993
-3.1238710151507596,-0.8311148110329594,0.6588386136942409,-3.3257125529698564,-2.011093587468771
-3.174048401339879,-0.7981936759320496,0.6308971484775141,-3.4506517373422754,-1.9660442999598509
-3.2405742807439415,-0.7284742977696967,0.6055253654116752,-3.5860725796140502,-1.9516682767197056
-3.2613528274237886,-0.6995884609437397,0.5818443277593732,-3.68959265382553,-1.9438587455255956
-3.2931253438509693,-0.68015087005014,0.5601117167133243,-3.807392263173227,-1.949408970972351
-3.306426284097159,-0.6385263042565855,0.5193415918898979,-3.911042975337624,-1.9220650329810929
-3.3387580302933757,-0.6135982922632703,0.48809398453877656,-3.9580269550241445,-1.9020052213305256
-3.334942685683513,-0.6046779239685562,0.46253435879243576,-4.015147814454049,-1.8919806490316418
-3.3454635908206,-0.6246791401320406,0.4301934504637502,-4.082577739948408,-1.8894203896765394
-3.3378047647822875,-0.6017267164342932,0.4083974130289928,-4.108429319944777,-1.8928510962426475
-3.3300661081553065,-0.5958502726169417,0.3895557678902495,-4.125642933730089,-1.8819227416067024
-3.3333457188497597,-0.58733215328825,0.3873056195464603,-4.151175014246146,-1.8662209910256544
-3.2996463707236936,-0.6148051862210202,0.3753124092846155,-4.168811384276449,-1.8319584684030696
-3.3104582483749705,-0.6058724438321349,0.3697159002629382,-4.18780720733446,-1.8438063655257801
-3.3134675071385256,-0.5800524416133341,0.3461305523400517,-4.215111555041823,-1.8355415422199197
-3.305362112608918,-0.5551386656383638,0.31255302562955684,-4.271583773793783,-1.805068320739074
-3.3030407005311058,-0.5019450814246467,0.27315678884894434,-4.3081727150483795,-1.8045988895269656
-3.3160035287901857,-0.4665906864364097,0.2628328100421579,-4.373964368499212,-1.7749409453338367
-3.3165605630604325,-0.4573510671937166,0.23813314762181198,-4.395094494410547,-1.767835947560975
-3.3321977039637902,-0.4501064012387793,0.231234637765356,-4.411646889131079,-1.7512389270672224
-3.3139154651825176,-0.47791919019943846,0.2398756195259234,-4.398548218153314,-1.7480444060791416
-3.313908129554406,-0.5041945697215051,0.25255949515402026,-4.383480901316696,-1.7699751380515472
-3.3025926686271028,-0.5376886962388963,0.24087919563755167,-4.3375022573585955,-1.7744491582785467
-3.2814049089454382,-0.5708976809493076,0.26187624205637844,-4.292522534135734,-1.7874536115639394
-3.257928673608065,-0.6309981746904137,0.27430881051191486,-4.237616614083378,-1.8024851805600834
-3.255268125975669,-0.6707093752725521,0.284733975749723,-4.176567171328244,-1.8200667391620984
-3.235118006277993,-0.6829426515068442,0.3117774025541841,-4.106724256571515,-1.842152680702515
-3.202200778011109,-0.7202057837842584,0.3369946991603157,-4.032340123726495,-1.8447773314287352
-3.2004940112752966,-0.738225441230133,0.3617153965785687,-3.960252933938069,-1.8608461567698324
-3.1668221963221885,-0.7782409004487577,0.3830486270360695,-3.9189445196720105,-1.873266802252204
-3.1585747939911046,-0.7841814482037479,0.40715317545560586,-3.8568375915287643,-1.8863876244086983
-3.1405786473444195,-0.8243112870867035,0.4200074989235056,-3.774713629769638,-1.896315416629327
-3.1162646360959907,-0.8594412541508871,0.4365835436325472,-3.715680069899138,-1.892172059497531
-3.089561882579809,-0.897761473330347,0.4522609208631443,-3.6453849341460067,-1.9080654247844462
-3.0638033253395447,-0.9194547400412272,0.47174414560951394,-3.5748776081909766,-1.923742624571264
-3.0555074779954112,-0.9606981305995627,0.4868942395281906,-3.4716714415374246,-1.934880085067267
-3.0227580022994305,-1.0146661251338194,0.5012323788057229,-3.361320425018603,-1.9527036371517883
-2.995963643409545,-1.0496416880317705,0.5432337936278051,-3.2550369930736736,-1.9688029804979277
-2.996550182955107,-1.058765834313235,0.5481612353566309,-3.1709017102886,-1.9891595601305467
-2.966154302904262,-1.083063046968228,0.5667351054215787,-3.078254100484919,-1.9930551671390824
-2.9672872706631956,-1.0688641813090278,0.5916581851888655,-3.0515782358039867,-2.008646941708455
-2.9697156544641556,-1.0743170712189416,0.6115113275413382,-3.0353150075251176,-2.00256537136434
-2.9927196091042476,-1.0445973556565473,0.6152663990232171,-3.0320597773102134,-2.0020965202785295
-3.016483755120693,-1.0060007694667001,0.6151316334851723,-3.050164871129074,-2.0151593714425164
-3.0349635960356283,-0.95676919719785,0.6100619775308022,-3.1139354704242295,-2.011995479909523
-3.0673802527812426,-0.9064012840675998,0.6091881203630238,-3.21018019077638,-2.004093072251385
-3.105465378305459,-0.8549052842489809,0.5985985839297646,-3.295352483959349,-2.0050264418025177
-3.1457113457413306,-0.8220761801336842,0.5856919419923178,-3.406203117291177,-1.991539455274837
-3.174833887803398,-0.7600943510361642,0.5802888057824918,-3.5272883671539677,-1.9664669695817993
-3.224407388267203,-0.7118733153892293,0.5559035494757627,-3.659214106062295,-1.9734134048317409
-3.2626516261508685,-0.6797048206057082,0.5291182799690505,-3.766450356132873,-1.933125372297005
-3.279164890612755,-0.6573408517613699,0.5008541415652608,-3.8800985604767106,-1.903349370331023
-3.305009572898341,-0.6210954215527965,0.48586892166394624,-3.9788635704668245,-1.8679219501077378
-3.3265854865479154,-0.5879262924971072,0.4626778172029862,-4.0537964115178,-1.858916199314558
-3.323675239099672,-0.5840111501685186,0.4198568521720103,-4.12070712082577,-1.8498451779141245
-3.333119204995369,-0.5553214491500664,0.4061774320611396,-4.174751479819887,-1.8506746001109513
-3.3354821388244136,-0.5603350908162261,0.37340702517697316,-4.201482143313873,-1.8567228930872355
-3.3350901295410798,-0.5460729524208373,0.35012590375518415,-4.2371843275379835,-1.8270479558399544
-3.3331558067913236,-0.5288900706158995,0.32635817955813057,-4.2902217811198495,-1.8216896172259331
-3.3277102167674575,-0.5049863911612736,0.30145793332476156,-4.305912717036156,-1.8123914639559227
-3.317109674587669,-0.4986663837197336,0.282190396104385,-4.347974899421886,-1.7857512913198506
-3.3183444782626053,-0.4814176087031391,0.2811201934979607,-4.379665418387876,-1.7686456310791365
-3.313012268167749,-0.45556568876149006,0.23701105367091058,-4.408772255547155,-1.7332605193699393
-3.3125248208837847,-0.4344297087778759,0.21096039271504768,-4.440323948988239,-1.7307295655183677
-3.3338515733115957,-0.4040545639565814,0.19532126278775333,-4.476636149786043,-1.7269343061948976
-3.3403443382566205,-0.42074926584064315,0.20467580187451898,-4.484316535906874,-1.722577003469217
-3.326046317023365,-0.41132663163788097,0.18334105351438268,-4.506169760855442,-1.7417798352281109
-3.3312332668378946,-0.42387018059823556,0.18678221041966045,-4.501083003245566,-1.7256361315333093
-3.327355614945673,-0.467103494821644,0.18506536708641383,-4.476353061684465,-1.725961351893433
-3.3078039469342135,-0.4986074356072629,0.19515009155112814,-4.411913362087038,-1.7424166913538501
-3.2708806108363553,-0.5547320686848611,0.1997783191939189,-4.350445814072819,-1.7395075051275333
-3.243050154815822,-0.6137609972826132,0.23479351927237238,-4.291463293039332,-1.7739126953137252
-3.225111012387379,-0.6468783728121623,0.26724288018234715,-4.187261293005903,-1.7981042826146318
-3.182525750839835,-0.7432364369554534,0.3103443042075125,-4.090169438046709,-1.8381396556942888
-3.173431941728232,-0.77374988707698,0.33875447519147617,-3.996656134436434,-1.868189392895164
-3.1502680382011876,-0.8329720082775536,0.34764096041658304,-3.9032815463960437,-1.876524130664236
-3.126610304178695,-0.8792353051932623,0.38476430257055727,-3.812168249706945,-1.894509011038269
-3.086431968432729,-0.9042284921601423,0.39507576605466727,-3.7058392038161854,-1.9232137606753843
-3.0643385887048815,-0.945921833433239,0.41130920505014834,-3.591462453316022,-1.9258596933106413
-3.0407180303249124,-0.9820722188903593,0.4269661912273123,-3.484608539454068,-1.9433587425209893
-3.0125393415246697,-1.0398924993141512,0.4713082095406237,-3.352226062718534,-1.9517943962054436
-2.979684595567928,-1.0529918223075219,0.5038045012130803,-3.2355150233613488,-1.9688582113698279
-2.9428768814975412,-1.1135317129233704,0.5282061478971759,-3.1263275346624155,-1.9901620078294369
-2.9285255541141098,-1.1490636687653044,0.5639547053931004,-3.0016764783381404,-2.014570896457562
-2.898954318700573,-1.1963411829236412,0.5865919835111155,-2.8792275609614966,-2.0090405852942355
-2.8715709684200763,-1.220083531658479,0.622564725375811,-2.7713925045866237,-2.0217418338321176
-2.8918889495522873,-1.2079519487327186,0.6533419031629397,-2.708125176877702,-2.0372993608481673
-2.889818172805807,-1.1931376873391548,0.6545698030000051,-2.659544868918361,-2.0430719734915836
-2.8756956499602935,-1.1728435090596059,0.6857573185514565,-2.645998329226213,-2.049048460304116
-2.899644706344506,-1.1352792497447073,0.6878821442263969,-2.685535691558295,-2.028253155035238
-2.9369304501940054,-1.116045158394906,0.7001736413444882,-2.751013253496075,-2.039694973294638
-2.9687028745349626,-1.0304253398129684,0.7106498235815695,-2.8760944436179474,-2.053271354245476
-3.0349197851526215,-0.9773738642942457,0.6987150638646555,-3.007239037581626,-2.042535494254738
-3.0874376377184323,-0.9036569130275188,0.6962237676851758,-3.1476458708468664,-2.0324812618227184
-3.1645866093511947,-0.8452704979453523,0.6683658785043749,-3.3131033504318013,-2.0256666513945003
-3.1936255594662812,-0.7822729313427182,0.6344247076634826,-3.4689801532344715,-1.9883646869475868
-3.2208874987248772,-0.747055345958985,0.6161367818469001,-3.583898950036961,-1.9655711126450472
-3.2653343996906177,-0.7031212978025981,0.5850136490658756,-3.7041961664126326,-1.9748145023066168
-3.2994915226246952,-0.6870141719292948,0.5702294619818289,-3.810136565391784,-1.9605980671918408
-3.3087977057972187,-0.6825095750382096,0.5550355128626586,-3.8769766279062967,-1.9505825203065088
-3.325193997526108,-0.6501051500582073,0.5216764544193213,-3.965867992368053,-1.9315019013366725
-3.3225407706368992,-0.6527373741346912,0.5050863314757476,-3.997683566170069,-1.9155861143785102
-3.325145918402042,-0.6525149361412098,0.47306606254696487,-4.011257764404567,-1.9105292825618918
-3.2925211838140913,-0.6538965199912826,0.4664735430553653,-4.033784608173341,-1.890538518751062
-3.292049376821371,-0.6644524460347453,0.45716171732202415,-4.043917511542693,-1.9054935419057166
-3.298386644020519,-0.638049916615047,0.4189962013417107,-4.071507084000939,-1.903440718246573
-3.280528257538757,-0.6551677763359519,0.4171152645776812,-4.078254909381143,-1.9030462334044957
-3.2842243919019816,-0.6478936254049223,0.38984887886978037,-4.114290776761025,-1.8718743106346947
-3.301624371727503,-0.6189957284027123,0.3671123664550113,-4.128103904890353,-1.858708217829365
-3.3221773708680367,-0.6026111420148701,0.3622612102283327,-4.183203453505187,-1.8514484595126677
-3.300590024649049,-0.5552028900711236,0.3369732953872192,-4.245914452692935,-1.8280671186364073
-3.32920896058619,-0.5239426885027292,0.30963762161008734,-4.2609166452617835,-1.811716499730801
-3.32686345960914,-0.5003953237735423,0.2923764683575062,-4.2832591850063135,-1.7938577141434728
-3.330871300111421,-0.48648388003937354,0.27566868607257683,-4.3238126486349255,-1.7633762599208944
-3.3371991129036545,-0.4987642381164887,0.27174652572507735,-4.32679099695767,-1.7800150136219612
-3.3041533584728238,-0.5263269136329737,0.28671613677363406,-4.3395534508868865,-1.765509915413077
-3.2941846842876044,-0.5566754411556034,0.3020728706058244,-4.324825752337613,-1.7691599266575553
-3.2781599108479544,-0.5786065960337896,0.29561894375501696,-4.288209785292561,-1.7762781048110612
-3.2623965425685686,-0.5987443667108198,0.3013858559648227,-4.268484372559843,-1.785755645180767
-3.2454122473703024,-0.6287903626191261,0.2970661142450448,-4.238442820536684,-1.791648746309473
-3.235509003109543,-0.6339990474342126,0.299831340711179,-4.2046131867449,-1.7980954603342127
-3.224892485633394,-0.6395171696126845,0.31562346896718124,-4.156968882653561,-1.8099059578890457
-3.2136157017172917,-0.6636652336736739,0.32006057855708675,-4.120132908246806,-1.8260650028118217
-3.205972353727238,-0.6880389493803499,0.3557442265827874,-4.0990632857586,-1.8241052615101525
-3.2105597762914284,-0.6935447811024211,0.35552633175583637,-4.0398789327837,-1.837884800050989
-3.200339641097505,-0.7125789521576764,0.35993552066215917,-4.000506284752163,-1.8571238401717545
-3.1979782277863014,-0.7402354971312582,0.3796712558386733,-3.9497393367141767,-1.8597032399391207
-3.185100795904991,-0.7797778969298172,0.3831488060736826,-3.890930022895175,-1.894887099569309
-3.1628833040705584,-0.8374545558569172,0.41509923671031934,-3.8236049367520946,-1.9213872297654033
-3.1415246286567293,-0.8616798175480447,0.4135220253497594,-3.7352645845257,-1.9296433640902864
-3.1053468904052592,-0.913557109324382,0.4539233773652685,-3.6397661445706646,-1.9427239849308313
-3.100211217611694,-0.940906090004322,0.4652969845270166,-3.546257049929155,-1.9569966663570622
-3.070506078693465,-0.9624970422034035,0.48619330001895067,-3.4635154982787704,-1.969592713142424
-3.056921760201891,-0.9801471216346469,0.500616903310436,-3.3665728408961413,-1.965627642735302
-3.0277294816672606,-0.9922686200553328,0.5261223575204066,-3.314396641393244,-1.9519068698006863
-3.0343963323585013,-1.010511049732239,0.5342786787371282,-3.2718615339889148,-1.9474164733084744
-3.024311777502954,-0.9844358694892588,0.5634725453966806,-3.2556130957181733,-1.9349380387225419
-3.0288902686069976,-0.9678480463004789,0.5658196613704584,-3.262865227040419,-1.926140448085087
-3.0348352444206355,-0.9526040776753265,0.5704219321317952,-3.2954874030350427,-1.9698412516235921
-3.0445155487102706,-0.9214255681650494,0.5876172902880545,-3.319872246014312,-1.9561421278600843
-3.0669514000921874,-0.9031539309418462,0.5906907644605968,-3.3794198720855544,-1.9539785052943237
-3.1046755836764013,-0.8618284242927042,0.5795180375785046,-3.441610050421893,-1.9381036935197344
-3.110118844054225,-0.836871882975268,0.5708213906240918,-3.511714743235302,-1.9517909746340443
-3.14765175194755,-0.8023419653594378,0.5845444473689796,-3.560023738922414,-1.9462805313526905
-3.1827908082472955,-0.7689813595675469,0.5524823547592551,-3.6397750494962513,-1.9580849621954044
-3.215216220856472,-0.7109881346678875,0.5317671097667733,-3.7260153636289726,-1.9286851721251304
-3.2447591994164657,-0.6905023942015236,0.5040475930653512,-3.8356500268348293,-1.9232561038225564
-3.281971284515548,-0.6428538582983709,0.4793345037570226,-3.9215966791870587,-1.9062881606862208
-3.30069845972515,-0.6212116229758715,0.4685192288939133,-4.004052991875867,-1.8789822112964691
-3.3115045718764025,-0.5805775122606033,0.4379231848224255,-4.087598107822532,-1.8697488916200302
-3.3271274101223693,-0.5452156480727139,0.40026779080930636,-4.155520110864617,-1.8514948238453706
-3.316320804776993,-0.5241443262734766,0.3756520746072183,-4.227291376832111,-1.81611305524036
-3.3135600641954417,-0.5053899505929169,0.35730640122026236,-4.27253041734353,-1.7845222893421226
-3.3206010242768076,-0.49276291309059905,0.3333881981549308,-4.3194047683251044,-1.79246816991674
-3.324288648853717,-0.45197617475504426,0.31983789108517585,-4.375059784234923,-1.7766862638606542
-3.3425991173641485,-0.43275422955906767,0.27543851502477057,-4.398281259939904,-1.7663515087555546
-3.329670193269589,-0.42469023630519537,0.2652885792046841,-4.439443698021147,-1.7542734559963467
-3.322866490633425,-0.4060701831576127,0.23169844539525045,-4.4663052234514184,-1.7248818558319172
-3.332743247664312,-0.39335595813093716,0.21303180134911626,-4.501161373745535,-1.706670762074405
-3.3426572761863866,-0.37675398410874555,0.19334263033813762,-4.533883657075729,-1.6774648376891146
-3.3445772389574624,-0.37724895565170624,0.16316290373054843,-4.5662697033567685,-1.678837631484301
-3.324505567216555,-0.3771149138206423,0.164204929917385,-4.5786645916225455,-1.6642046113908153
-3.3263858771534403,-0.3739792034380116,0.15508081746638544,-4.565986549827068,-1.679478508598592
-3.3066495097606343,-0.39297741536741004,0.15036844927541487,-4.5651587503486075,-1.6619155706419397
-3.2994882754982644,-0.429402958731413,0.14146730095010845,-4.53237070967722,-1.6728622328891287
-3.2791043729354716,-0.4800496746763317,0.17752670063163664,-4.476889069596014,-1.6826893090262907
-3.237419315733591,-0.5378698569932807,0.1983330387188706,-4.4295712435710515,-1.6951019459396717
-3.24075523143636,-0.5743058923521078,0.2303215301674781,-4.343383932225386,-1.7428644721575024
-3.221133773521553,-0.6505444602050443,0.2446335485452697,-4.2535790082336895,-1.7679584137853257
-3.1892469573309743,-0.6961514700242181,0.2741687282440506,-4.154651792580771,-1.8115569159968739
-3.1426012668838292,-0.7725775586915928,0.3011746554320493,-4.049294966343089,-1.827120896044576
-3.1080032817953867,-0.814019995989394,0.3330539565215274,-3.9418497566867856,-1.8507320241786127
-3.0808644476962415,-0.9007120924847553,0.3794158425626286,-3.8243556416951785,-1.8661544318486516
-3.0643357840844843,-0.9595384109387471,0.39025807472386814,-3.6802202246988966,-1.91384476700821
-3.0128371560060434,-1.011517614570653,0.4088480136449966,-3.549804287175887,-1.9278356092962805
-2.979309453540671,-1.0604553285630696,0.45083250442152867,-3.403571359044067,-1.9534778792047054
-2.9331380574520614,-1.088763428228152,0.4754967368579798,-3.2751251305346027,-1.9662061587608677
-2.9147622893586274,-1.1346676238260989,0.5199876099920815,-3.1388266703020142,-1.975376542147662
-2.8752761162468996,-1.1616681470797134,0.555796511971874,-2.9686906349427304,-1.9900421061772937
-2.8467946675191844,-1.1844673883305548,0.5650512692839426,-2.862617585614469,-1.9991004321934929
-2.8281279537918733,-1.256078305566152,0.6016098152940812,-2.7526216729068254,-2.0228225358154504
-2.818905450220108,-1.2456635799290987,0.6163640544622462,-2.640052324604028,-2.0387141635116874
-2.803095583008302,-1.2698373602778448,0.6493588478118488,-2.536611444060862,-2.046738423102282
-2.8067990507780634,-1.2844576306038178,0.6596961925161782,-2.4518819854868115,-2.0453523771255004
-2.828443443085118,-1.2654074676369627,0.6962708921212953,-2.4494517392296027,-2.057957400175902
-2.8488674466927364,-1.2286476748177775,0.7020594827605634,-2.4790594490592,-2.071506737834011
-2.872907651845067,-1.1626160943376307,0.7510108122978663,-2.5486506157419893,-2.076844983599341
-2.9344144201090896,-1.0958104488613591,0.7499435025970667,-2.6639975935947655,-2.0612419412663043
-2.9908759485488825,-1.0162539166448485,0.7244070885440431,-2.811762978836813,-2.068476880674867
-3.034495453830232,-0.9558113903786455,0.7324984288558355,-2.951291964058159,-2.058455737270139
-3.0857093115828476,-0.9064674776128236,0.7065671256690998,-3.1237710035780486,-2.0399078328631304
-3.1757756360793348,-0.8332922798802116,0.6816948110034768,-3.286943858457828,-2.0378340922979814
-3.2148354330000704,-0.7960551292274766,0.6640041180766872,-3.4134226988119027,-2.0270037512573804
-3.2289538156202404,-0.7552147645071251,0.6562917711908218,-3.52802343712916,-2.0216259716266967
-3.247677843280516,-0.74577222061417,0.6356229071350956,-3.6429408627508466,-1.9846939911910297
-3.271766053482387,-0.7230039709912436,0.6170259662179604,-3.712530130025585,-1.9646698705963725
-3.284394541841711,-0.7292216909628918,0.584548324628989,-3.773234485162463,-1.9575583900374172
-3.306256821085367,-0.7227992837102656,0.5637880526809486,-3.7959654765242985,-1.9683515055374465
-3.3194059505138243,-0.7333764900034179,0.5369788224135292,-3.8140677373764236,-1.9657160437562713
-3.3125051407636765,-0.7577659055786992,0.5260102869262266,-3.8366249758876902,-1.9867659302637128
-3.3083739580071074,-0.7657006568506116,0.5212315832941444,-3.852165919532256,-1.9763636094894952
-3.298718674498238,-0.7616430176778705,0.49172157957986834,-3.867950401611696,-1.9754329976900922
-3.2885638963686685,-0.7382551459337869,0.505014590203599,-3.859858089893446,-1.955258816716048
-3.3015494903495313,-0.7348661438483127,0.4714443176614648,-3.876912816519987,-1.946532002775208
-3.299974053252329,-0.7075429747325362,0.4607874439310613,-3.9321005541766487,-1.940592452117276
-3.278098850107172,-0.6834753522962635,0.42792241356582433,-3.959480610338268,-1.9356702904442713
-3.3060895731594724,-0.6364032711816586,0.4033531292207483,-4.0082159949611285,-1.9110301734306994
-3.3162443606428966,-0.6189523130838445,0.3617669781526744,-4.086019701847021,-1.8810655686637086
-3.32451994494883,-0.5843942516644457,0.3492235491865081,-4.161500403306372,-1.8500474454442775
-3.325464334214441,-0.5568714360756103,0.33419036694131893,-4.200502378848763,-1.8318175221624071
-3.3254326171805517,-0.5477319965249778,0.33455559150425396,-4.23929182644389,-1.8102725267133963
-3.326014997982526,-0.5272301223223029,0.3325493056340127,-4.268364404354073,-1.818530019893551
-3.330709439534479,-0.5448629813943433,0.31336601051093294,-4.273277132653737,-1.820624810048348
-3.3112866393371516,-0.5446290608304428,0.304314646251714,-4.2741718431348295,-1.8016158421692237
-3.31601431693139,-0.5440254139081329,0.3001087550501286,-4.281605573274427,-1.7992593824222196
-3.324513549796392,-0.5452831962504331,0.29045866406156495,-4.301595232725714,-1.78228141869849
-3.3112853419834254,-0.5456375125098417,0.2862049728341269,-4.292567716259262,-1.7956739548233642
-3.3084355918912975,-0.5435598694730325,0.28190062608902444,-4.27889280559017,-1.792269594678887
-3.3064002837095092,-0.5196109102851231,0.2557960126437642,-4.28384816999482,-1.7908700476569173
-3.294041091264023,-0.5254328419508174,0.26328503365227635,-4.301294262521388,-1.7790433988827004
-3.2847218591847454,-0.5247713174479243,0.2437280834704322,-4.315527781393479,-1.7613280745213769
-3.282837008738894,-0.5279574429819808,0.2412135940484316,-4.313914485825003,-1.7447167257088358
-3.283598873698542,-0.5208519258478871,0.2660584313595416,-4.311987938719082,-1.7586225694398185
-3.273004574176217,-0.5574598546388172,0.2630126052955299,-4.296607081826691,-1.7669030880287644
-3.261755660778572,-0.5714169036145049,0.28225902901094113,-4.26794433616158,-1.766751302882103
-3.250769361738725,-0.623832172640943,0.2731553289258279,-4.2216622370382035,-1.778946171829221
-3.2538493935704613,-0.6836127396596016,0.29303650461361913,-4.153645891482228,-1.812532723446263
-3.215090180640665,-0.7223840524598146,0.3017669477058364,-4.08558359889298,-1.836381669820233
-3.192562948264175,-0.7801296967895046,0.33836430616132795,-3.973843972244098,-1.8515525570661187
-3.164243894759371,-0.7918624971112305,0.3704309247970932,-3.881711126195787,-1.8804167570130108
-3.1377037218099084,-0.8446432346312094,0.4073806895777656,-3.8124325463353386,-1.8881526528183867
-3.105105732080071,-0.8695845640574954,0.42420542260720656,-3.7174600527321133,-1.9032248861757863
-3.0836970413805656,-0.8866520371346878,0.453362592401351,-3.645005646211943,-1.933334362458272
-3.07955453397918,-0.912995173038757,0.468176255816607,-3.563727185443293,-1.9338687853054413
-3.0422458140299407,-0.9447609045940143,0.47195625726391094,-3.4901954484873428,-1.9481189040495428
-3.0314721762805164,-0.982830781669241,0.501113546860483,-3.4259668526815488,-1.9515282494035862
-3.0284037160851804,-0.9947677756129008,0.531418893186782,-3.375743145763992,-1.9835133912500427
-3.0106842673383896,-1.0278453746886158,0.548482455446731,-3.3179985848405296,-1.9908875550043474
-3.004585623029581,-1.0382396502183364,0.5537580976677005,-3.2650798239937586,-2.011719401269099
-2.9834356415200998,-1.06659384945917,0.5732102586609259,-3.1971883737387032,-2.01634870887306
-2.9849365009233835,-1.0819395549571742,0.5754003328913151,-3.1373134291464266,-2.0117616245171748
-2.9965932250518317,-1.0798240647625177,0.5868456880319538,-3.1059339928307335,-2.003155020527958
-2.9960716108872067,-1.0710688063951233,0.6019654828589377,-3.073436624047305,-2.009418739922878
-3.0233482048056386,-1.033052430222219,0.6152738518669245,-3.1132426587363677,-2.0215847713473805
-3.0509551728269044,-1.00269197999441,0.6211778217092306,-3.147357958476556,-2.0347434407792124
-3.1110321949340745,-0.9483246911567058,0.6143319838757075,-3.2242877610017744,-2.030327333925001
-3.1167368548005796,-0.9037626220732017,0.6005325747177682,-3.3266604323259097,-2.013780014425691
-3.1782134753133104,-0.8441307619721777,0.6040294273379162,-3.419547548476812,-2.0043217437117726
-3.208285296668349,-0.7586523684151152,0.6095337168120938,-3.52364560850666,-2.0099849000849077
-3.249512245123949,-0.7028207885101112,0.576529946274493,-3.6494417144413274,-1.9687490058258432
-3.2746816461913104,-0.6744930168524457,0.5518090855347352,-3.767228683275562,-1.9504038552921779
-3.2984841405049865,-0.6433909670614593,0.5333166870109488,-3.8875419043072186,-1.9256917712226302
-3.3312225422429043,-0.5902350363110286,0.49510190224413203,-3.9637123828243515,-1.9077630297249155
-3.339656693910018,-0.5618387013558058,0.47128058802631656,-4.068623922021261,-1.8752695238115908
-3.3392094695768795,-0.5307662424903234,0.4237942294695094,-4.140572248112789,-1.8566322280065706
-3.3462777781315465,-0.522785063264941,0.40320395641465,-4.212423880576271,-1.8440183633419132
-3.3545639554599336,-0.5130216258118919,0.38027524396829676,-4.258402214126575,-1.8297060213688325
-3.351989494176558,-0.5034075324068829,0.3672348953260459,-4.290492177675441,-1.826713824405205
-3.3333812452147495,-0.5032586386355694,0.3313014726718986,-4.353284783291182,-1.7999742766361995
-3.324687246493669,-0.4957149961704682,0.29659529410928587,-4.358477138956857,-1.800045916789231
-3.3390420227172086,-0.46339067668897466,0.2961236137937038,-4.391493880818698,-1.761352302454046
-3.3232510855268735,-0.46212800697383954,0.25747270160399116,-4.43529885571673,-1.7508395958265546
-3.32370169009229,-0.4434316181014645,0.24012717031101655,-4.4694246692405795,-1.7436977796932847
-3.3136180816795195,-0.4459483861265867,0.2279341162488103,-4.4970901773570295,-1.7103251788583893
-3.308525319412117,-0.4206672037091778,0.22390559563814597,-4.511161180250061,-1.6993457589024608
-3.3189328234708415,-0.41157665192262954,0.20900676756976153,-4.544039309068631,-1.70964079295861
-3.3159843699262646,-0.41819235934509597,0.195092435564458,-4.5381956213753005,-1.6944428943427758
-3.298926553433512,-0.44331409437322244,0.20585333471192346,-4.52016150974243,-1.6905568200214756
-3.2824335145473946,-0.4732471992960154,0.19448918245056787,-4.4903834283585535,-1.7012115139896382
-3.2789222006547125,-0.5109470809837232,0.20326339907567814,-4.440629805210824,-1.7350456564490824
-3.25786663367386,-0.5482163252603827,0.243602264595474,-4.381713938341095,-1.7699786577848389
-3.237891580403013,-0.5954840920268225,0.24651103757405818,-4.3074557028318825,-1.7851171188737744
-3.2233247465442556,-0.660504837231274,0.2899159653353598,-4.212313904859341,-1.8126644347722505
-3.1849656003628364,-0.7263923684240666,0.30594757960216956,-4.126214201588146,-1.8424277823019872
-3.1699468267903055,-0.8035602088752859,0.33934185096347824,-4.005321439291015,-1.8527156520383705
-3.102169741894295,-0.8509801431589145,0.3564320828660728,-3.9008739509628887,-1.8663524350397096
-3.086087680287993,-0.8853815182467596,0.37483365860487494,-3.801808739484219,-1.894021583763654
-3.0593184194302636,-0.9430093177483423,0.39615462122138345,-3.6645865556110895,-1.9044502271871642
-3.027234813038814,-0.9777374773563572,0.42211073214354927,-3.548484939747281,-1.9196763558678223
-3.014318579160889,-1.0091342491020452,0.47705223677841746,-3.4219003226086446,-1.9567006016711572
-3.0072507927421634,-1.0512462810314278,0.47806733494436465,-3.3005617248803185,-1.992116844504224
-2.9618400859149987,-1.0923458570785047,0.5088511779060892,-3.191646778432635,-1.9896728505915973
-2.9324375034556627,-1.1467227087572764,0.5528058690659133,-3.0589308293296162,-1.9934265048075754
-2.9000763278452575,-1.174541409561985,0.5758399018717573,-2.9565358945414966,-2.0033682764704106
-2.884572831855216,-1.2132634645131732,0.6022384682795758,-2.8411290662416677,-1.9980465300050774
-2.853642159954813,-1.2327190920606566,0.6428939219034098,-2.7214102300678498,-2.020776414719933
-2.845483468674944,-1.2529542889907608,0.6635375151273345,-2.6460161026385154,-2.0310876940335145
-2.8491652838667347,-1.2660450647831318,0.6693416840554878,-2.6108614778862917,-2.038047694748482
-2.854243278591016,-1.2364849392566863,0.7134964694458749,-2.598272834077424,-2.056333318664994
-2.8792100396588594,-1.2193365552773379,0.6976615119090319,-2.6151698458854624,-2.0543759541390316
-2.9302795002717,-1.1463638360576351,0.7031936680273776,-2.704623576504418,-2.050032103222407
-2.9826542552773123,-1.0679316990335057,0.7181729077205121,-2.8199425933420965,-2.0460454829615293
-3.037259544241157,-1.001188392896768,0.7103351262673228,-2.966762659334505,-2.0629072159685897
-3.1029138615762895,-0.9204086559981988,0.7013620653645489,-3.1158099967759902,-2.052826071124233
-3.155053551766081,-0.8544205804917329,0.6789861299959998,-3.256560562299108,-2.0525252559074154
-3.2293255883452825,-0.7994497083884712,0.6632315494622523,-3.4048852366256708,-2.030320045355999
-3.2629068079952073,-0.771944419881224,0.6224486871511418,-3.535090413848076,-2.0318886310108155
-3.289324087455822,-0.7557734807962688,0.6145644168771202,-3.654052087622273,-2.0028518326592617
-3.304767203568738,-0.7385201034663377,0.5761261577304967,-3.759255904393575,-2.0017858927341825
-3.32453498951783,-0.7238565710015705,0.5549962134463435,-3.834559752731222,-1.9740060532117518
-3.351302319733366,-0.7113578799036292,0.5320679193069918,-3.8781202583867866,-1.9740894543739922
-3.3454007506322374,-0.7008750792400514,0.492207537628231,-3.929647427070214,-1.9725037450009932
-3.345788970124466,-0.7044677794840172,0.49519626793172256,-3.973240078873416,-1.946863346263834
-3.3392702185498297,-0.6949396133964131,0.45946366827740864,-3.9887407708939997,-1.9386170782258771
-3.3265151751104836,-0.7074205057626463,0.4418710633789513,-3.9974551959226083,-1.9441592587956258
-3.3158637112229536,-0.7085222474664886,0.42946195372945356,-4.012762257359424,-1.9410223707843264
-3.3197737466622685,-0.6923251833295263,0.4251224419460511,-4.0094878988048315,-1.9248281816777209
-3.3084853760862205,-0.6815471934592571,0.3996991061659671,-4.04039908518928,-1.9012109428320367
-3.2965460926740295,-0.6355367214844453,0.3822250853080113,-4.072037535357141,-1.9060937788245071
-3.306230488702634,-0.6129420540994736,0.3612494747386288,-4.123213634295311,-1.8995505567109185
-3.315339663608301,-0.5570379271897644,0.34041775117279754,-4.174280709244382,-1.87441808349624
-3.314777373053805,-0.5211795327223172,0.335662014619477,-4.20893479263018,-1.8405437653096304
-3.331484013704112,-0.5261839198185028,0.3165746927074372,-4.268951826349355,-1.8206329496922695
-3.317755796267022,-0.4998459517213293,0.31195468550190997,-4.310269732000358,-1.7954834799523285
-3.3340000469321875,-0.5149803007014707,0.29330165725585355,-4.304766016075977,-1.7903815535694592
-3.3246568290130663,-0.5175734915033257,0.29494828089465264,-4.314963342866181,-1.7972990586831594
-3.3170686039734916,-0.5362775656942643,0.2996466954575972,-4.307836147317235,-1.7850276375547613
-3.3123072312020225,-0.5719168398450672,0.29819052039951705,-4.2847321890809305,-1.8114041218870311
-3.3041906408466346,-0.5841815880841086,0.31687559252085007,-4.26671764212503,-1.8198216523460824
-3.2854336816342173,-0.6106330505339677,0.30065329090156107,-4.245363682385692,-1.8125462380663562
-3.2768583673209117,-0.6325461000362994,0.3076338853393657,-4.236205083089758,-1.8171074913382876
-3.2634653400636484,-0.646515373153892,0.3068614265677946,-4.186106647618054,-1.8339674099696721
-3.24957713048892,-0.6387343894984905,0.3217846214521735,-4.166708754321057,-1.8311962261681016
-3.240029042558509,-0.6305287210777041,0.3155599029705948,-4.14728688930086,-1.8361976119209105
-3.2369667813781176,-0.620123487258056,0.3346360924939435,-4.108048683404072,-1.8422118726794723
-3.2486142316242375,-0.637835813744903,0.33424772067263153,-4.103780766888844,-1.8435958669047616
-3.252331431592332,-0.6708366664448231,0.35024544334025953,-4.0619968695559265,-1.854082989487989
-3.2325080170295855,-0.7047408469018148,0.3427973738362993,-4.022505882713813,-1.8568217100493503
-3.194530625443627,-0.7538357914175995,0.38227915228266957,-3.9617523950671814,-1.8783209649285695
-3.18623424204643,-0.8057101243071209,0.39771757826320203,-3.9025685202263913,-1.8941232005267918
-3.1373547667371318,-0.8415711810107818,0.41746811338887096,-3.813548829131141,-1.9006834130368095
-3.111294266967923,-0.8835018101488704,0.4315053103408422,-3.721780971836588,-1.9319356771969214
-3.089948752294792,-0.9287755889506674,0.4557381961671616,-3.620000744667318,-1.9459888499018145
-3.065806810843011,-0.9516476202839033,0.45163192395406315,-3.5611604253397062,-1.9508479064296922
-3.039587171757223,-0.9761728477509974,0.47668861405928276,-3.5039076404660476,-1.9659786136302417
-3.0395823184367035,-0.987667547583767,0.5083086038023713,-3.4550692767684086,-1.9773469289802694
-3.030084024126944,-0.9906079400766225,0.5264066303361994,-3.4351984629684367,-1.9693499747640137
-3.0317821865127295,-0.9738509284572198,0.5411574794242812,-3.380459874849941,-1.9831124240285423
-3.0174118960799827,-0.9715372931374193,0.5496015854003576,-3.356041815309142,-1.9858707524897208
-3.03221050062167,-0.9463695112323712,0.5458196310681622,-3.3571244708628964,-1.9773360998848732
-3.0518872349956054,-0.9358443710876511,0.5455310605598017,-3.362976383103152,-1.9716158192136952
-3.0506230086321953,-0.9244747238071623,0.5666138917931718,-3.369926368805494,-1.9793535364513295
-3.082502797987184,-0.9114649971390948,0.5611895341043721,-3.385780742391342,-1.97386732601363
-3.0871328294292892,-0.9005228543219083,0.5676195541124089,-3.4309553160399604,-1.9683704302338918
-3.0897081346119117,-0.8811902777961166,0.568153574958181,-3.4712833325614643,-1.9689715506954293
-3.1323845067131324,-0.8495692967440579,0.5498518707230501,-3.536762861154212,-1.960769505994603
-3.181219138622305,-0.8068230628063927,0.5214123989972411,-3.6117288202095246,-1.9677859778995177
-3.2073000411981734,-0.7643121087277848,0.5184355523538485,-3.717743584885747,-1.9467191508934822
-3.2298788125509463,-0.702852173659989,0.4785290348578383,-3.8019321586835884,-1.9117935655023304
-3.243399584341218,-0.651401991195498,0.46810365638990153,-3.885928804782855,-1.8863233655333362
-3.268165713286586,-0.6191052618809025,0.4311303048544649,-3.961438367279752,-1.895285507146451
-3.2894429842431028,-0.5837803321103284,0.41381862733655156,-4.05998499816354,-1.8737558140030424
-3.3083836523052277,-0.5520453827224945,0.3966618911050589,-4.124242925271985,-1.8406608847616737
-3.3227239827376396,-0.5545453586866999,0.3722710352629991,-4.185580607008026,-1.833180082999862
-3.334077615463321,-0.519134482280094,0.3453120012023041,-4.2396230672280915,-1.8198663373565227
-3.343464225132563,-0.49831515444881325,0.33190029515697356,-4.293000475582364,-1.7886166184229118
-3.3393060889899524,-0.4743148788445975,0.29720564445628506,-4.341770389649627,-1.7775038057891988
-3.335965797988712,-0.4353522167308925,0.27086361867922193,-4.413938701727031,-1.7550161859931588
-3.3315549254558765,-0.42621355366714053,0.25267753967157786,-4.441541100142274,-1.7311537627371705
-3.334954024999148,-0.3864338337666862,0.21729931521611928,-4.4936113829048745,-1.701675944335902
-3.341489502044258,-0.353778446572093,0.19677701639322018,-4.521969590253466,-1.6753408024902123
-3.3368328232035163,-0.34638836649055255,0.17877430005324316,-4.555757811663422,-1.670043301602771
-3.3306665062108554,-0.34127922855535203,0.1624643797295632,-4.579689217549493,-1.6470719792828488
-3.323950670971377,-0.31268421622618237,0.1545459888383254,-4.597441427548428,-1.6320553095373316
-3.326969524924716,-0.32619515034739777,0.14401530610621624,-4.6119112023671525,-1.6237772924086722
-3.2936845387679803,-0.3529102986371287,0.14281125978304796,-4.617662322056367,-1.6268088480218277
-3.287624660720758,-0.39155164906020085,0.14703738085220347,-4.593632604704855,-1.6471272745377594
-3.2848796825722415,-0.4465388094784726,0.15756905922276948,-4.557067383361079,-1.659461112033757
-3.2613738187442514,-0.5086099722369702,0.18894596188487703,-4.491331485036105,-1.682490946492907
-3.2313584512500704,-0.5459257590187501,0.21900184428580963,-4.423426847498553,-1.7026944680250689
-3.2172823436851616,-0.5982956376243247,0.22221954822396206,-4.326395187105093,-1.7254674571955264
-3.1604677758623816,-0.6745723555221372,0.23809922021926502,-4.246253642160013,-1.7639332498533855
-3.1435503943680114,-0.7422436566923506,0.276687478494957,-4.116496704733519,-1.803434359015841
-3.1017238579085045,-0.8084652052361755,0.30517750533440685,-4.000554533416334,-1.8218630892156453
-3.0711040597164363,-0.8707589129912187,0.34278259505258035,-3.8332494146284226,-1.8717319884058021
-3.038113752323317,-0.925712934245271,0.3642424692451802,-3.7047030879948344,-1.894938699606667
-3.034743910488668,-0.9628674355615585,0.39548159726114823,-3.55470516346212,-1.9019430504478128
-2.989623301541671,-1.0162482669936055,0.438859042503725,-3.426940987755291,-1.9154145204860626
-2.9450988964227793,-1.0650141630981929,0.45491807517775157,-3.2794778395480124,-1.9307706254504964
-2.9094640925743014,-1.100449591687092,0.49923992825808766,-3.1425210027050055,-1.9604020775518622
-2.8884331023437047,-1.15432411789032,0.5370085852950612,-2.9923067229651235,-1.9749303751374294
-2.856514092064405,-1.1875153975579635,0.5561511125168828,-2.850379640339589,-1.9797087128419584
-2.8334770258274418,-1.2251094086265082,0.5833057546670195,-2.7415147293157998,-2.015398306443469
-2.8219955105179944,-1.267257408992418,0.6225498221380162,-2.6027598805347205,-2.003179846256727
-2.80101165757536,-1.2927165661649438,0.6652331797258592,-2.506871353675959,-2.0392160427907573
-2.7761010615312363,-1.3039708504237963,0.7136071445193891,-2.418676389975959,-2.0417943940158705
-2.7899054537615537,-1.3015169916799887,0.7155417919896858,-2.3869792540228234,-2.0413583753598816
-2.789726023406364,-1.2638184924673508,0.7466012053642076,-2.3837413498334716,-2.0345653004621393
-2.8354613989713973,-1.21664034223579,0.7669738393252483,-2.440682787143275,-2.0724618277489526
-2.8898654198146536,-1.1604297920099633,0.7805401900657338,-2.5202337368962446,-2.0678006406849128
-2.9466812150037307,-1.0542979830620005,0.7664276312330969,-2.6769175297753405,-2.0701406413201293
-3.019735153557976,-0.9931680996013621,0.757312139163467,-2.8287292094101475,-2.0654270144545204
-3.075651012193143,-0.9272551817058565,0.7562291584340007,-2.973942805043466,-2.0594810992115615
-3.137874153622642,-0.8795220975239512,0.7283200393349482,-3.147343747922806,-2.058901688851328
-3.1972832916681826,-0.8329513561642125,0.6998629828407957,-3.297751007973514,-2.048007923866153
-3.230248253967882,-0.7990419441385265,0.6881943872810609,-3.4253286343145124,-2.0236333431051365
-3.246172747140065,-0.7796393527018468,0.6744938193369289,-3.5400133701664775,-2.011109318039519
-3.2777422894117305,-0.7817599858867952,0.651817170039656,-3.6252928181430164,-1.992695673011045
-3.302345087869277,-0.745455415365011,0.6288424199877214,-3.6992928149605064,-1.9994736922764593
-3.3171199240382885,-0.7587936943482217,0.5912575423196293,-3.7636048408766984,-1.9866226430819007
-3.2939820227585295,-0.7713382642806276,0.5735682382986518,-3.7971299542229096,-1.9890194520015445
-3.297508524761564,-0.7847017772844271,0.5582892979747692,-3.8237801203208788,-1.983092982516648
-3.312202055540942,-0.799577469980857,0.5514452616806512,-3.822732774674882,-1.982218482983786
-3.3087488507988225,-0.7982872391589492,0.5008847409445261,-3.842485152041489,-1.9826792659840373
-3.2966234134387937,-0.7924273282870727,0.49150386714084643,-3.857865381747602,-1.9694922915215778
-3.2822709342574194,-0.7862221151304856,0.48881875122786755,-3.861693212710965,-1.9718502560429463
-3.2647084331451173,-0.7658431331981237,0.4830446305839196,-3.8850293467806294,-1.9581112976342046
-3.2613946024149065,-0.740643648428937,0.4581907852520069,-3.902479545404441,-1.9503057996022872
-3.2633972630506194,-0.6906964602269838,0.44012337176185,-3.9445508668779117,-1.9087535606529658
-3.259133717146059,-0.646473564572891,0.43346576210404075,-4.019336627794617,-1.8810893746892245
-3.277938220139178,-0.57880105860335,0.40451739967732064,-4.073585614732182,-1.8631008270704987
-3.300322883269387,-0.5401964792561065,0.39597652598066135,-4.140733117077033,-1.847219351210894
-3.292688917342355,-0.5379812017756885,0.38758983223961313,-4.181550223024513,-1.8286168405461427
-3.293599955086573,-0.5229183674321052,0.3609291948053436,-4.227056378173127,-1.8274095943545459
-3.288558888019864,-0.5307825167245337,0.3416763240969713,-4.266855918942716,-1.7902954389338943
-3.2989469358723906,-0.5348244358705121,0.36071217828343916,-4.2882840255748285,-1.7896560006059765
-3.2925090813901106,-0.524611145160337,0.32941807584947236,-4.306599735394511,-1.7771216702067265
-3.2933410779792363,-0.5290416397542772,0.31599620129783346,-4.320332325665421,-1.7738120918435136
-3.309818888270827,-0.5265005395898895,0.2872417751276125,-4.316983353460512,-1.7744364382481428
-3.3192366085536626,-0.5126659050143382,0.2901590436582566,-4.313106277287238,-1.7756621633491625
-3.3240444444923636,-0.5106761074330131,0.28162686780933566,-4.322198431559301,-1.7680228132272888
-3.3093794255471534,-0.4996785187058885,0.26008270818955753,-4.3574984493898175,-1.7604328744760076
-3.296837190873006,-0.4967848567468779,0.2539061438983182,-4.379898210226846,-1.7433682537651614
-3.288667292908101,-0.49379787621675464,0.230406161795745,-4.385260390208859,-1.7640698616992325
-3.2868874655370828,-0.4808271390210629,0.23245466794620884,-4.401010981130902,-1.766916855586773
-3.2878567706914112,-0.4855079596616823,0.22795555368836629,-4.389422122924963,-1.756362173061022
-3.2942114374378977,-0.5127150783440384,0.23871375230939432,-4.381903615145558,-1.7531780404717636
-3.2894768625369077,-0.5471350845302357,0.23167317434955284,-4.334135636812325,-1.7763756002068816
-3.2574035491253506,-0.590801274420475,0.26681524488754266,-4.286878091146841,-1.7796048730408973
-3.253198143589276,-0.630458833320761,0.27523304962873935,-4.214999694438926,-1.812066935767267
-3.2261995008002504,-0.6786474679853615,0.32063136700705186,-4.113106609819269,-1.8349804069542504
-3.2115441101840205,-0.7433123717193415,0.3321120094568612,-4.056397292479085,-1.8476697583461157
-3.1724236294591255,-0.7922483759332891,0.35546462183330857,-3.96152686501635,-1.883977510309444
-3.1481265333547297,-0.8285331105140719,0.3959905129220897,-3.883694971852619,-1.8853537428376836
-3.1076072539029704,-0.8856044109948963,0.4194861938658887,-3.7877689709702893,-1.9096102139692597
-3.076867268036911,-0.9068691572883568,0.43151858361896167,-3.687669105397058,-1.9151708888562988
-3.0686869046726435,-0.9305875045303379,0.44760165359685317,-3.5749191812601846,-1.9141529473590533
-3.0557482069223667,-0.9638676488799871,0.4779090602187408,-3.4901322667789647,-1.9259352006316575
-3.0436574909958267,-1.0097291590769244,0.5038391506333224,-3.4337834482953493,-1.961687141670648
-3.0228265439012088,-1.0383643070677677,0.5177396896001234,-3.3465751722447297,-1.9764283929553426
-2.98839843898028,-1.0628500270151657,0.5412496472103695,-3.250957277260045,-1.9761999886537311
-2.9823965634402834,-1.0792791353712028,0.567809181164589,-3.156928660242751,-1.9904602348075664
-2.975189274235736,-1.09997060280763,0.5859623211990708,-3.0547304800774513,-2.000505163009309
-2.947305479031156,-1.1190143915036832,0.6018434840872772,-2.9905789950535997,-1.9985449375893027
-2.927356486012445,-1.1415540340552346,0.6251354235782574,-2.8994147342889502,-2.007165876237442
-2.949089097503758,-1.1108788245866377,0.645282434946952,-2.873930743448318,-2.044844677874356
-2.955269289374758,-1.0942381609890823,0.671382506047279,-2.8860627083555506,-2.0400538234965024
-2.9791444679960124,-1.0648427880135587,0.6778890862580422,-2.926102270529612,-2.029557138550827
-3.025875255483557,-1.0336413557234152,0.6663077892404469,-2.991072599164574,-2.0115509070536968
-3.07227367697233,-0.9642751495301164,0.6715103119023514,-3.097245285340423,-2.018071516726246
-3.0944662426147835,-0.8956272864708164,0.6615780626406634,-3.2457122261579032,-2.014334501989364
-3.137620228307192,-0.8315636221657797,0.6295782665333545,-3.362829606975056,-2.011987017772349
-3.1929056729504484,-0.7849885592021055,0.6149629002567281,-3.4914588791420536,-2.0170402945420522
-3.2310189203756448,-0.731945408369961,0.5845310671656503,-3.606685260144528,-1.996559009899911
-3.2498766045900784,-0.6896410842768349,0.5627770296015739,-3.7122490452267836,-1.9632212330413834
-3.2812859892523725,-0.6560765574929887,0.5347060170452973,-3.809635210831801,-1.9358652539534327
-3.3116737939855465,-0.6166623395051741,0.4992009396581026,-3.9087697800969976,-1.926676068717251
-3.3339994981615058,-0.6104565019358227,0.48583065176155577,-3.984671421395093,-1.8954244190990515
-3.3397877369306816,-0.5861393551068869,0.46256750129434826,-4.063765558704475,-1.8783339412887101
-3.341952828114098,-0.5664919124251963,0.4380070454675658,-4.121854770909978,-1.8624097148341652
-3.3519915813622876,-0.5596520190295291,0.4214209197228308,-4.181512478207542,-1.8430755199946698
-3.3415688195431805,-0.5675033456462576,0.4085543518108337,-4.216036193069554,-1.8355524447388125
-3.332732926133763,-0.550777075792548,0.38764482483241147,-4.246874104569778,-1.8435223183448786
-3.3283713938946597,-0.5325597820973133,0.3754547931361447,-4.2708385849861354,-1.8323197770279547
-3.3325723762876667,-0.5469598321705098,0.3381332325895712,-4.282375644711081,-1.8290699187237474
-3.3299886188662593,-0.5213963144651896,0.31885440807317833,-4.297573131827383,-1.8264182455642726
-3.3490059378457397,-0.48478986487071374,0.30741997609951194,-4.348622639867511,-1.7912347342242312
-3.3560854985658595,-0.47749829731769927,0.2562364099244037,-4.372809866473398,-1.7980896193187172
-3.352715292875107,-0.43847299676468676,0.2455398744726036,-4.41553685308669,-1.767603605781292
-3.34562043028376,-0.4325944678511706,0.2355893950354955,-4.44202403101848,-1.749366879274658
-3.347629174548449,-0.4403913527236515,0.22344992977289357,-4.448493897160254,-1.7441207693685359
-3.331716017965415,-0.46366613483512675,0.23779792725736257,-4.438833065117182,-1.7207220138929256
-3.320838013682106,-0.49392448844018894,0.21992410464586504,-4.436415640255487,-1.7159326826480084
-3.3047837725191385,-0.5171806063823297,0.2270753792474867,-4.396858909578701,-1.7387969039407376
-3.2909559484863418,-0.548341187852115,0.2538255368242298,-4.3364018252379255,-1.740306475364191
-3.2460313171967123,-0.6044927586913743,0.2754280845936479,-4.284887634617841,-1.7824208709407166
-3.215726629106953,-0.6549433156940853,0.275828603248621,-4.218079983754035,-1.8007378274382928
-3.1902731696237128,-0.7099722246241509,0.3025583789784012,-4.12717156869187,-1.8126579829123632
-3.168394875761807,-0.7584612429101689,0.33611851859842284,-4.046373058971892,-1.8362606638812207
-3.1259740004071928,-0.7947066857625744,0.35942452874378555,-3.9729986727346884,-1.8544283592075728
-3.1152242472120855,-0.8284941985966883,0.3722405377369348,-3.8748664116991365,-1.857046767059173
-3.098677361987581,-0.8752081625651326,0.40177856121499184,-3.7896208397271054,-1.8732519399674468
-3.0939187541359696,-0.8984799717218637,0.41752113907463534,-3.6921851776926706,-1.9246160834266008
-3.080243359875793,-0.9324170216310579,0.44803031840772717,-3.597770927655255,-1.9327970734878546
-3.0554818583751713,-0.9855525827514755,0.4470517089193398,-3.501778080518601,-1.9408280153499102
-3.033637197435516,-1.0338363601108544,0.49872401423277646,-3.387140299080998,-1.9628522936503738
-3.0034407992817718,-1.0736291065256116,0.4980268580073112,-3.296817268773358,-1.9761379191504351
-2.9794673192754177,-1.1035864682200323,0.5326819514743587,-3.1730753602507735,-1.976575962196485
-2.9619135137310293,-1.1416359619626022,0.5431859517820222,-3.0664020736047877,-1.997165657757688
-2.9453793573687377,-1.1621895771004922,0.5788712562595284,-3.006511617131857,-2.0236059198197944
-2.930528169720061,-1.1740026682977736,0.6115318858568568,-2.9357439113204284,-2.042821223603907
-2.9191745457190947,-1.1753379642699553,0.6230924744529361,-2.8621837362207905,-2.0354247783752717
-2.925063801351272,-1.1508620419503177,0.6395763283735767,-2.847579041189694,-2.033145227813866
-2.9402204826145337,-1.1246139996866555,0.6673704102482899,-2.839136958385838,-2.048786614250069
-2.9755309054352224,-1.0758624302172035,0.6748437937165371,-2.8872289316386697,-2.068339247966904
-3.0219436413861254,-1.0070935925268767,0.6821543040098523,-2.9616555072879227,-2.0535803476120313
-3.0596257194825816,-0.9531976865677108,0.6718582099260181,-3.0902774511982485,-2.040901380023632
-3.112113687679952,-0.9031511858099349,0.653128712783002,-3.2153777943224693,-2.0257498585829476
-3.1724452368904847,-0.8280228593578842,0.6570183674334223,-3.3547593302217087,-2.0155752384676155
-3.213054932198011,-0.7705890648301468,0.6222212265119461,-3.4871157706419105,-2.001922681425432
-3.2429169441870607,-0.7301092561977438,0.5903041298332984,-3.6062199874939123,-2.004621938068477
-3.2766477561386584,-0.6718407270230755,0.561294921427758,-3.720800590871073,-1.9767438983699033
-3.3157366131507953,-0.6462891053655251,0.5317897666516292,-3.825405549465068,-1.9533798239535196
-3.3117913340757776,-0.6293601277638826,0.511501753131977,-3.9230726269835117,-1.9451551174208042
-3.338935821797875,-0.6188188771483718,0.48965881816693674,-3.986324660230587,-1.9145673534844252
-3.354091984905964,-0.6079449629354492,0.4709675631052947,-4.041624260880326,-1.881094481190129
-3.3684526816765588,-0.6027096775842737,0.45022609324804347,-4.091157904726,-1.888995907246913
-3.3540148360530098,-0.6051730808962873,0.44004697185005504,-4.144247937513465,-1.8820573811205548
-3.342450961051711,-0.5954669523757953,0.417015491475149,-4.162358716434843,-1.8601983536312963
-3.329226995822472,-0.5926376369623132,0.3790938261189486,-4.184089856876085,-1.8399831978653465
-3.308051019608155,-0.5931584376545894,0.3566286724553881,-4.210553726976255,-1.846603850658337
-3.3354147862756767,-0.5727227752290391,0.338264942090366,-4.213675968323837,-1.8416315106016472
-3.3501358549615703,-0.5474075040247746,0.3312201371359061,-4.249742999380868,-1.827005579073388
-3.3401410154771694,-0.5280843493295888,0.3005705852162609,-4.2725094272854465,-1.8000478822514876
-3.3451311184238337,-0.48913578673092345,0.2832508748316133,-4.3204772113101715,-1.7938016071543799
-3.355848432632268,-0.46841434248886404,0.25381499233672217,-4.352681613817753,-1.7694671633134258
-3.3374305979313137,-0.4211580162839946,0.2503687264234376,-4.388546682192632,-1.7488922966116387
-3.340842647478105,-0.440839760706787,0.258560729621885,-4.4265181955938955,-1.7467333758908525
-3.350920913559864,-0.4548578718150753,0.21538472402619205,-4.4201390972808445,-1.747498813637962
-3.333588489175478,-0.4906692296386944,0.23375513941731801,-4.410842766413621,-1.7439901875388772
-3.3234662602801586,-0.516684532298731,0.25168989367325534,-4.350381897108682,-1.7744750441836414
-3.294777144825514,-0.5792412060767853,0.2633692830901659,-4.310984934753859,-1.7994299928702056
-3.282050946078064,-0.6185869770660383,0.29119525695242743,-4.263724352321241,-1.8105553517394752
-3.26970338770435,-0.6608494213921701,0.29126890810922074,-4.196806912790166,-1.8166080791558408
-3.225245009708161,-0.6904403796277413,0.31335366700875134,-4.119395578930182,-1.823901538937957
-3.2179442379542644,-0.7237527570941226,0.3309062782096903,-4.055885024870087,-1.8470053372345567
-3.1997399031407214,-0.7565062467033223,0.3494636149922781,-3.997057192365892,-1.875626131782009
-3.18499471024015,-0.7812962425794503,0.3690745400603096,-3.922691402209038,-1.890145188188306
-3.150536441091532,-0.8051392642761913,0.37961372256270787,-3.8501944034821767,-1.9274369632601378
-3.131317715899535,-0.8559286676525264,0.3961613787908155,-3.7474623267192775,-1.9310314013824381
-3.1029685979874078,-0.8958882030506783,0.4392612546867392,-3.6670001996037627,-1.939819095081861
-3.06575293959142,-0.9448447510170845,0.4374741299533185,-3.583907591694774,-1.9623957757321249
-3.0680019923348545,-0.9857985224315187,0.4429209019590706,-3.4793417817048806,-1.9923388339919161
-3.0375134226950187,-1.033324280761865,0.4767166106669665,-3.3952650371504873,-1.9882140708231173
-3.0087075903254625,-1.051560362436169,0.5030232466933079,-3.278350247950331,-1.9693479759292594
-3.0045808236188476,-1.1101530435451767,0.5482370628024893,-3.173154001133858,-1.9902476920034693
-2.9900151891833566,-1.123912743695884,0.5443344924877029,-3.095217618269953,-2.004481741564665
-2.9722793704201047,-1.1066599421125352,0.5747717212273976,-3.0132505235343987,-2.040360014571631
-2.969130775462178,-1.1014952652655952,0.5957722900636397,-2.969436834536912,-2.0437840006672077
-2.9886194847777876,-1.0980842173449983,0.6281129146199382,-2.9441118428903543,-2.061439359934172
-3.0069399126854788,-1.0750532780073425,0.6258832674332577,-2.956587774637102,-2.060681502952684
-3.016309352816949,-1.0317256345635688,0.6366458058818733,-3.0102587599209025,-2.042193554837627
-3.044422739721048,-0.9938008556420131,0.6452875358041112,-3.080772571672224,-2.0438362557366156
-3.0799261994129683,-0.9393429262490821,0.6530309876810727,-3.1848268458066973,-2.027272956112153
-3.1334396896748986,-0.8880010241194536,0.6568751323963307,-3.300052752205254,-2.0136985500064086
-3.157962219032487,-0.8294564816049631,0.63247951834373,-3.419134106717625,-1.9912540859569774
-3.2196704345833154,-0.7657791183343878,0.6062220943687868,-3.5245958423931114,-1.9876563434625918
-3.2407236554720757,-0.7183957771055076,0.5881261919656319,-3.65519972429621,-1.9611880063120752
-3.2658329244575106,-0.6734494098331546,0.5494997750309271,-3.7732087937879175,-1.9519872556088402
-3.3090250091444635,-0.6513908948373858,0.5117894662958291,-3.8910120769139356,-1.9347076665017204
-3.31388508435047,-0.6114036955743691,0.4825320363522672,-3.9755207376808896,-1.9107881899981762
-3.322104088856988,-0.5851240661589135,0.46152666252018304,-4.065166317244569,-1.8697154001966099
-3.3199287609226817,-0.5745974652476392,0.4389019874421164,-4.122952681898793,-1.884098476435331
-3.342617124284261,-0.5589094622421766,0.3926661249542257,-4.161631634400543,-1.8478386457721692
-3.3282651468219133,-0.5748620201683139,0.3743392523626668,-4.190514141019113,-1.831921727758171
-3.346102007735395,-0.5681458634842752,0.36358338396226475,-4.24635171243966,-1.8262716541225068
-3.3516996157651042,-0.5423004401924023,0.3378811455753925,-4.263605745744046,-1.8273955501716779
-3.356747903012357,-0.5448194836016576,0.34242438245753987,-4.277585535738666,-1.829913142059534
-3.3350939239928246,-0.5212767883616526,0.32479137113240436,-4.3106282148245665,-1.8014315409354074
-3.328284604080938,-0.5092479245300616,0.3008678613284905,-4.351529922378764,-1.7720127019655947
-3.3308720939001084,-0.4717349773838193,0.26938839237421175,-4.386725197565986,-1.7590119764839434
-3.3242195150645837,-0.44536535907823954,0.23536183596502697,-4.42320978670025,-1.7478043212594838
-3.3304700657456756,-0.4069458517924229,0.19988386837092806,-4.454448412612858,-1.725682822282272
-3.3199338954176887,-0.40357094664030985,0.20301097863581455,-4.475996355128871,-1.7160409768025504
-3.3148217985077086,-0.4098623895674736,0.20088860972916242,-4.483469562280548,-1.721828507631968
-3.318698245433555,-0.438646729637943,0.20823924981701547,-4.482070625814146,-1.718811588284269
-3.3089512185854177,-0.4988980837644649,0.20123179056240179,-4.470095751241973,-1.7287946069321567
-3.2848464719208823,-0.5442360427343487,0.22250404431171134,-4.419799661057872,-1.746112572177978
-3.2567992464655444,-0.5855029721799411,0.24483654793684054,-4.334307741976313,-1.763999718861153
-3.2498169372948156,-0.6531305901752898,0.2738394573804532,-4.25767530662301,-1.79347809900172
-3.2157626240680597,-0.6939418457551274,0.3058890402388285,-4.17212651627942,-1.816596181888785
-3.2024766329677723,-0.7219680256981197,0.32395432570796406,-4.096507367765421,-1.8561859462101886
-3.173277688494505,-0.77607584980486,0.3288128670248698,-3.9952571138083846,-1.8820044817614179
-3.1466461297092065,-0.803261985357371,0.3545273552714592,-3.890180626065551,-1.8892266861583638
-3.1153835449800065,-0.8461797427523968,0.39714518003660576,-3.81037576845185,-1.9089082875269934
-3.1014044177933577,-0.8777890787435304,0.3976493444497193,-3.701621947708485,-1.936639758429596
-3.083145856105327,-0.935708315933515,0.4147779624303322,-3.6079792222300546,-1.935065798241948
-3.050182656708202,-0.948232213036489,0.4396516279192147,-3.499274351171391,-1.9408308589431962
-3.0325545133967613,-0.9909643028335254,0.4867778730298246,-3.386140671889661,-1.9544324706384462
-3.0347964225693937,-1.03105864683861,0.5021746557225854,-3.294517755763443,-1.97711015555806
-2.9934878222925976,-1.0956943892859512,0.5419118378603994,-3.1749655003282036,-1.995677462167454
-2.9643030758423152,-1.1285984566597782,0.5593237143402721,-3.0656459420106286,-2.01413498195593
-2.916284993717425,-1.1863893712753666,0.5849687574902924,-2.965349854550532,-2.0148994736116546
-2.8907491669944876,-1.2046353378375847,0.5926338953015836,-2.8763202012420357,-2.0091654612422163
-2.8916548097167807,-1.2055759401438886,0.6342290878999164,-2.7911943891689015,-2.039755287612064
-2.8739259183582244,-1.2026177159441933,0.6509994901427432,-2.749826716585714,-2.040957301431224
-2.897053449320718,-1.167999550753959,0.6769749558969124,-2.758515868914714,-2.0387186681864202
-2.9171093589355737,-1.1150342270084173,0.6924722394070135,-2.8000026133508236,-2.0514188197641707
-2.957219051360772,-1.0545283944825394,0.6996771468486637,-2.868427910278225,-2.0407044725387005
-3.0104695850086203,-0.9950313385209211,0.6930530358408985,-2.964893138178179,-2.0334033602350416
-3.067529506526383,-0.9289239617704571,0.6863018988076077,-3.0901081735913656,-2.0199836459964278
-3.106227491544581,-0.8808973838056867,0.6737475622138488,-3.229671347090693,-2.020591728048542
-3.157181931714534,-0.8215887450987365,0.6651500365103137,-3.3563243549156154,-2.0027947963061465
-3.2083824437434494,-0.7860249227232242,0.6455319973949333,-3.4930924772378686,-1.9828008013914826
-3.238619522277157,-0.7439453285822337,0.6227295389166057,-3.6413236690344775,-1.952486365813807
-3.260250619234726,-0.7135349984103091,0.5870520888268697,-3.749086515203315,-1.9344118856293726
-3.287439391195432,-0.6863917202650117,0.5603643123064667,-3.837719730998656,-1.9286462802382072
-3.295902305992622,-0.6746026996732938,0.5446792026648867,-3.9332205064324413,-1.9277902675993552
-3.3105235219063744,-0.6619861437343244,0.4957018639739991,-3.9972350616775816,-1.901626968253513
-3.317695891769832,-0.6432568711082204,0.48086258431211265,-4.04157549900442,-1.9068012856508745
-3.3122334751986875,-0.6237353572664965,0.44360625379016366,-4.084753355036537,-1.8842426350788684
-3.327071088495375,-0.6373378384993118,0.42376677087736314,-4.1113252109499205,-1.884860266220773
-3.313703309971213,-0.6509152719313498,0.41530608310069217,-4.114895633887448,-1.8805928113470625
-3.3110148034560254,-0.6344901183224855,0.4015446042015346,-4.144336512321861,-1.8647064872537666
-3.310915699634065,-0.6345941139852543,0.3788565730521549,-4.169117272797378,-1.8318246893261505
-3.300490375761181,-0.5988936017649745,0.3589751122310999,-4.189079375818536,-1.8104666703268546
-3.302248919772379,-0.5759761862702167,0.33747409962759894,-4.223786259409297,-1.8089511247569097
-3.30092699606123,-0.5372631121772428,0.32720278664034613,-4.263629775257442,-1.8149172248655212
-3.2977564729036284,-0.5259246172619351,0.3080354753983527,-4.316404627916531,-1.7983253233008256
-3.2905398668490156,-0.49718915308502104,0.2920878301594005,-4.359880263885051,-1.7837085739220737
-3.314402980596792,-0.49663040796583574,0.2722825489612035,-4.389353080346447,-1.7703214580236462
-3.3116656378946416,-0.48885070591431545,0.2579221963185898,-4.401236779627513,-1.7382894439001828
-3.294651161366367,-0.495041655397557,0.2591111349378243,-4.390328679578817,-1.7549146398970024
-3.266885849440001,-0.5134550913052404,0.2603987124018096,-4.364858847501472,-1.7594651550634202
-3.274662570627341,-0.5605003130356082,0.2827172699573399,-4.332838561681772,-1.778998703676492
-3.266700750457341,-0.6002477284497831,0.28586824106838427,-4.287804939816438,-1.798527449009
-3.2434167813437904,-0.6351643241403625,0.2943249067140332,-4.241232947061828,-1.80343623380961
-3.2383415730542024,-0.6688195675696281,0.29613788380581657,-4.182676418327416,-1.8257546881279094
-3.2099639363106176,-0.6999586776294433,0.31622605110038476,-4.124739559380474,-1.8355187429470614
-3.196903624966114,-0.7201409168347863,0.34992130885615436,-4.058274069671623,-1.8397228992575285
-3.194381308380765,-0.7333887941147401,0.3598726845323372,-3.997176653116869,-1.8530663668814114
-3.1769052295862226,-0.7694723142103609,0.3627613885092883,-3.9198655814002707,-1.8699707005384896
-3.1703378819911587,-0.7931207694958583,0.39200061325343344,-3.8621435270446485,-1.8693543795017975
-3.1507203736385514,-0.799266642765643,0.41885269948703235,-3.8153462187639287,-1.8810447905200307
-3.150147614994308,-0.8318964655027855,0.4390096031438968,-3.7572083044925555,-1.916357592121498
-3.1317749701964495,-0.8530884347911514,0.47538768393590297,-3.696838391381788,-1.9352999678928302
-3.1058785389567305,-0.8992929522844216,0.47320043407664336,-3.6013667249257617,-1.9358648810542964
-3.0643283772755074,-0.980244429367461,0.498775590137862,-3.5233490581761795,-1.9502958006726994
-3.0412418047418313,-1.005771254016971,0.5223948984836813,-3.424836539402107,-1.9684371610910865
-3.029166819105039,-1.0338542122805305,0.5352464499070204,-3.3436107445317536,-1.9748073734572211
-2.9881006201499587,-1.0613800602405263,0.5484979620321653,-3.2687474747569554,-1.978717295818573
-2.9818245596033655,-1.088434985349601,0.5468111269558913,-3.190876551290567,-2.0000564061252883
-2.980973805201617,-1.0973527480174707,0.5806409231706032,-3.1525116697305564,-1.997237796709549
-2.9807926507466997,-1.0741694411355263,0.6098786303175058,-3.1194764798807664,-1.9984147485900365
-3.0052144176269278,-1.0433844915384582,0.6064464282314158,-3.1130807772567866,-1.996478623301392
-3.0123037100927044,-1.0016080062285135,0.6221130688509453,-3.1670328448584186,-2.0141577617861577
-3.059872290914255,-0.9501375320823697,0.6298634161929177,-3.2116775327308513,-2.007854218147034
-3.082605068453295,-0.8988873830696935,0.6203179909474132,-3.289837259770541,-1.9953256044745604
-3.1084107216113823,-0.8708508914757976,0.6135373468896376,-3.38145929565911,-1.9763150294461322
-3.1709147915873626,-0.8034620944051334,0.6045522467502323,-3.494011646617432,-1.9799660918811306
-3.201337337293391,-0.7646606738302028,0.5745863347429244,-3.5735880760932215,-1.9646412611704587
-3.225541138588209,-0.7097345688345568,0.5478046467189082,-3.705344162233176,-1.9309504596043103
-3.2523962899275474,-0.6847019644921547,0.5246223433394916,-3.814076046828855,-1.905171074466135
-3.280182458247265,-0.6298885296595962,0.5083757169160844,-3.8955379246081967,-1.8874030363310026
-3.2854108112470475,-0.6050040949130769,0.48630162870618987,-4.009423931003687,-1.8812438623735503
-3.3109296887140327,-0.5949759235566067,0.45075533663119005,-4.081622056339185,-1.863868786796297
-3.305573070902651,-0.568671405388555,0.4218740320609152,-4.152406172003345,-1.8348282831336296
-3.312309658044356,-0.5544231047678522,0.39424040665322446,-4.204013311085315,-1.832233154874798
-3.324121605123298,-0.5460400017876005,0.36338194545461394,-4.2509307601917135,-1.8123549428559877
-3.337355449304237,-0.5202679858844029,0.3437376240239616,-4.278215725312276,-1.795620839054104
-3.331938927383968,-0.5132968492983868,0.329427739242714,-4.311246512802408,-1.7939619449399298
-3.3523146653165,-0.4921021074599258,0.3069855788590344,-4.319469821328487,-1.788021808190035
-3.3295146409617677,-0.47761479029254084,0.2986820868755415,-4.350234359982647,-1.768379904468293
-3.3151978937781648,-0.4469386059620306,0.27906270752744516,-4.393007734893329,-1.748615556888143
-3.31457306311444,-0.4511567336145956,0.2543375152434301,-4.4427961537849505,-1.7365178359188815
-3.303775968044286,-0.41890711010543974,0.23045128763267297,-4.460897543245487,-1.7119211799647236
-3.3296658643440233,-0.3930617297703047,0.20709521253801433,-4.4980528513737985,-1.6932274524038542
-3.3248173324354053,-0.3994763751529729,0.1698011646263497,-4.549286452702601,-1.6969696078820986
-3.318110774229149,-0.3968275288568299,0.1792317901141327,-4.544666389582735,-1.6805222301797182
-3.3052675887794143,-0.42319692181485685,0.1745859645527401,-4.527998779106743,-1.6836005006732038
-3.300021549222491,-0.43996482689476935,0.2026649329611023,-4.505805033788214,-1.69275335465559
-3.283494931354635,-0.5024832536148582,0.2048190653284586,-4.449116424894677,-1.6923499471380026
-3.270552671212362,-0.5456740833367754,0.2230919705216383,-4.396502468385103,-1.7175524051386153
-3.2403689694948405,-0.6150496835064636,0.26558496072996485,-4.304547872752785,-1.761242758595162
-3.188598664336233,-0.678446008299461,0.2700743908066286,-4.219992570311877,-1.803388890001098
-3.187656644883619,-0.7187624673561098,0.3049288017135886,-4.118642650675244,-1.8274947303511773
-3.1690187454909173,-0.770987522216057,0.3258309930154941,-3.999342339157096,-1.845107304285269
-3.1407653774372823,-0.830193001600684,0.3485686965177793,-3.899071611571882,-1.863026462878074
-3.100520132208758,-0.8996619267564678,0.3769941225755263,-3.7943705252827047,-1.8897740341420843
-3.0570883516121494,-0.9365118098838912,0.399090726127368,-3.6842380726754254,-1.9209566207671604
-3.027092632794158,-0.9762307874351672,0.42861520047729385,-3.557060015054015,-1.9218163577697769
-3.007461353438715,-1.016658405188088,0.461028903630618,-3.426382317250458,-1.9389806654455326
-2.9784834734489904,-1.050683668699814,0.4954242775518452,-3.3141326335865284,-1.94011258461738
-2.9443310057564482,-1.1108722997483989,0.5131695297363597,-3.1915965850910313,-1.9621385392188975
-2.9198645755941066,-1.1626214345859887,0.5584029864522928,-3.0677528624516124,-1.9534641284192729
-2.901156057830739,-1.1824136479735339,0.5847522645289343,-2.9355893253875522,-1.9645800150550552
-2.880264272547585,-1.2269844493503832,0.6055145453613859,-2.8242635769613536,-2.0143846032216297
-2.8566588181047337,-1.2495005616337915,0.6237800864546131,-2.720148181513923,-2.0297514416385964
-2.824413932489394,-1.2746879118219576,0.6359904756811884,-2.623792049311257,-2.06193489079539
-2.8409123570157933,-1.269102841248826,0.6434715747288505,-2.572400355440056,-2.0713808110224985
-2.8539627100313494,-1.2387497951230144,0.6787197115305165,-2.540819319194651,-2.06013518569327
-2.8789775751983844,-1.210901447694443,0.6950067043818673,-2.562784090083573,-2.0565417315209387
-2.919496941778484,-1.1379594820803471,0.6999228217301794,-2.65318169479419,-2.0673168842454674
-2.9536979823726393,-1.0631732984937752,0.7161146474040148,-2.75660128615903,-2.0597458703168123
-3.0075772057028978,-1.0141997085551484,0.7129345324510074,-2.911835244028002,-2.059976611645137
-3.07419747197919,-0.9381356215552,0.6864879446771571,-3.086327572048993,-2.0703658626833845
-3.128599611990924,-0.8605728398482573,0.6929057633823681,-3.232179609324222,-2.05107841188088
-3.184718820495001,-0.824433089677291,0.6812143434239588,-3.3747413745553323,-2.0503362755522447
-3.2385024625927166,-0.7830364664331455,0.6530267222225202,-3.5031422296139065,-2.0172466535103557
-3.2715732994381517,-0.7600843357474123,0.6428196206046016,-3.6330206392393065,-2.022241022610325
-3.2958113899962678,-0.751176508084783,0.6187711729632092,-3.74291056101926,-1.9892127642822792
-3.307273931474118,-0.7220178910366339,0.5749670558489444,-3.838194566810648,-1.9753163958541895
-3.3297880883242588,-0.7153626195559684,0.5447509811913396,-3.894162007005301,-1.9560394595254553
-3.332079247012467,-0.7082495592395096,0.525701222976558,-3.9322503096780532,-1.9565771612582163
-3.3397086583955895,-0.7146620422325861,0.5110108092455871,-3.9928163455047248,-1.934961528362214
-3.3264157642173315,-0.6868926940534621,0.5023553343051232,-3.9948388605643745,-1.9372770406192488
-3.3090881518988398,-0.6964286476685732,0.4763830699598831,-4.000532039725204,-1.9252289814564054
-3.3033256365319104,-0.6871589319027751,0.4494533717631277,-4.0089232702898405,-1.9225500746564796
-3.280690459856783,-0.6765139779721105,0.4404039441836557,-4.028167705222407,-1.9227127786654983
-3.281697367108488,-0.6597156451827586,0.4436657917894204,-4.0346182295586654,-1.915207099844401
-3.2814566069496642,-0.6528916686959517,0.41304259818363104,-4.045984380514304,-1.8960088354731588
-3.283920898193068,-0.6143498139520286,0.4046869592831274,-4.079448424975769,-1.891252624623983
-3.3051364981412856,-0.5816238767199243,0.4001541821363884,-4.143470344068238,-1.8688649546844294
-3.312388914005087,-0.5601868404187537,0.37397877798583495,-4.18843418722899,-1.8407999709124045
-3.326886505460152,-0.5218853387299802,0.3771858869404706,-4.260137744622195,-1.8198365538389454
-3.3148681622205296,-0.5020093640331809,0.3455361468526838,-4.3100229802320795,-1.8129801807430324
-3.3228477138624686,-0.4981033991802205,0.324520339110795,-4.3253510300791,-1.7777961382015766
-3.3211268287659212,-0.5000449054674324,0.3026933406460463,-4.3290845926664465,-1.7707657344063599
-3.317527691199676,-0.5299019682594429,0.31829555609173504,-4.319696315374479,-1.7849785980837436
-3.2967904012945084,-0.5253169404777083,0.31156710594702675,-4.317855313888543,-1.7980577294381115
-3.2922027968819116,-0.5534916367708609,0.32197380055656344,-4.304705529344875,-1.8035025795548953
-3.2651117729017614,-0.5854730415156414,0.2958714129075323,-4.273654567214326,-1.8156758439820702
-3.2615375203769186,-0.5967633999690957,0.30435817621050515,-4.232736592653311,-1.816504306560169
-3.251524372555094,-0.6162153910677571,0.30119401772937293,-4.2127790796361415,-1.8224772133365
-3.255579563811492,-0.6188835661692615,0.30562087681160527,-4.18680034502308,-1.8162154992956059
-3.247819119856368,-0.6195318150597361,0.2998161147581666,-4.180023522100461,-1.8158939769151095
-3.2420364264665635,-0.6362585346587218,0.3325793827899188,-4.162301732829966,-1.8087292770554606
-3.2266742105135298,-0.6496831106388815,0.3234664119872594,-4.1412504829419285,-1.8054484257239698
-3.220428941933646,-0.6829518962791988,0.3310911418128589,-4.113722991887366,-1.829879062119436
-3.228236966823701,-0.7159066276288188,0.3720409006841023,-4.066754623072624,-1.8472382632022841
-3.221780287930807,-0.7613175848580962,0.3857198562465224,-4.01567706016851,-1.8749761726701835
-3.1850134505541927,-0.8122919714603202,0.39693764653949015,-3.9449223827157303,-1.865017105799461
-3.1687245379470372,-0.8406092767218832,0.41932265476408787,-3.863223177575007,-1.8795273805665165
-3.149921950739298,-0.8845176286627806,0.4204323816007462,-3.775626462502985,-1.9063388874811815
-3.122244116695761,-0.9149250621745226,0.4553215565733423,-3.6896731090162107,-1.924063971993854
-3.1212040024720613,-0.951095637242389,0.4577391199291454,-3.6264932773088123,-1.9454709821785054
-3.081938856604008,-0.9787638959201959,0.46477415538609707,-3.5351187016576273,-1.9547399479365226
-3.065821336924241,-0.9637386097553916,0.4711686482827877,-3.47259897349946,-1.971025860066262
-3.0458498045702838,-0.9630343032323185,0.49178575955398274,-3.441300616041056,-1.9663168531648634
-3.037205873094677,-0.9634142933450914,0.5200974180828396,-3.403052959056214,-1.9819490379931384
-3.025197670280192,-0.9801043676409026,0.5264572551937058,-3.3794337781524635,-1.9625112858177958
-3.0211832032832144,-0.9700109021943113,0.5391357684464332,-3.3685399638190625,-1.9793512401223503
-3.024511340890597,-0.9657868081758678,0.5367383881474597,-3.3769136695825686,-1.9806023975825024
-3.0488229658113806,-0.967395993882559,0.5620686921326656,-3.3773577878821675,-1.9946689739337171
-3.056226699045321,-0.9440423677066981,0.5649799598315334,-3.402279393073186,-1.9936859984104558
-3.0631107980540455,-0.9229874227058352,0.5574083219501409,-3.4140137959483745,-2.007592300411849
-3.107437916105546,-0.9127160921956162,0.5450250777481055,-3.4398050340591255,-1.9880607309956262
-3.119376663998174,-0.8867976326590206,0.544966263129461,-3.4858349444037278,-1.9698927844562546
-3.162503667620986,-0.8387808363689947,0.5475571309245537,-3.571725185697115,-1.9793200212969524
-3.196816636865437,-0.7951884115056294,0.5526370054364078,-3.642442323578671,-1.9648272411524716
-3.2076710054354813,-0.7337905616328868,0.5077127089410756,-3.7348939381884105,-1.945769436358606
-3.2429529159041577,-0.6730330506368726,0.48711260115378774,-3.8175887618940876,-1.94780013809736
-3.277011444874464,-0.6607471971338743,0.4673741375800171,-3.895661000590391,-1.928336079795389
-3.302602469124191,-0.6233520032824033,0.4380925644264697,-3.9805689738206516,-1.895456733338758
-3.334495279406307,-0.5748951215373491,0.4332611555886924,-4.05566461201888,-1.8917579966435327
-3.343854227573339,-0.5531950184735742,0.38018638848913827,-4.120443984329988,-1.866743777429952
-3.3488486180068464,-0.526619140675345,0.35551216192428803,-4.181111939327204,-1.8340974503299043
-3.3317246563461826,-0.500143811669294,0.3075553161269764,-4.236122112897189,-1.809319170296237
-3.355562076742226,-0.4722583175566062,0.2911238067768858,-4.2947068325730875,-1.7907095891223441
-3.3522208323021263,-0.4355041452979891,0.26667409468787784,-4.3448289249744825,-1.7780312040896042
-3.3618324973940568,-0.4255516335351864,0.2531994844588744,-4.404000105127927,-1.7661117492786063
-3.358970602881516,-0.383137022385295,0.23591295833326267,-4.456887448537795,-1.7281947719074728
-3.3558457184089012,-0.37131031319251845,0.2235482871591887,-4.4836638310161705,-1.7212534816782148
-3.372372836762416,-0.35387283687298104,0.19989859341793637,-4.523930276011466,-1.7075106410063552
-3.349955860327931,-0.34488129435655057,0.19217344521998894,-4.574326197719508,-1.6973624812716612
-3.338663878493316,-0.3306442069896795,0.1847974222105851,-4.5955573365191595,-1.661314326315658
-3.3507542580181635,-0.3294364260685737,0.1569886682401497,-4.631000731714461,-1.6504533427232588
-3.3248278487993783,-0.34495052237604407,0.16985380175295908,-4.617613213620442,-1.6474206302382772
-3.334579381274272,-0.3819042839812631,0.14385518118845997,-4.612878322199349,-1.659743529979235
-3.2849488948638084,-0.4143759052830095,0.16762207122733272,-4.55966386082937,-1.6727952066086802
-3.2644136652370492,-0.474803182106006,0.19367402628462532,-4.523530067435343,-1.69734216912296
-3.250199910615065,-0.5231012732940536,0.20199168441395338,-4.4640319635282095,-1.7149077431845807
-3.235436141774888,-0.5900343854659533,0.2214110723151837,-4.376233978728161,-1.7699324856261096
-3.21988448953753,-0.654312509628121,0.2684756642831197,-4.277695636944534,-1.8040733344004245
-3.1720450591259626,-0.7135016177260322,0.3116309883723934,-4.161349077058697,-1.8383818239958472
-3.140051039069145,-0.7931814246401971,0.3288102608245939,-4.060775854045569,-1.8747450594195467
-3.1097429677133195,-0.8332947746195198,0.3421627292491186,-3.927131704334061,-1.881364260078523
-3.0939905688932483,-0.8824005377368677,0.37205403966093675,-3.7967308474243424,-1.907667880899147
-3.0523680337875647,-0.9394791939749695,0.391466397217951,-3.67115968419878,-1.9133445305309644
-3.006626728040206,-0.9921074393054169,0.4067152654520413,-3.5208409140610053,-1.9244598359051526
-2.9803044347591197,-1.0653796101742845,0.44407495501452127,-3.3843643170628157,-1.9734309631087403
-2.942968622227131,-1.0982884456238433,0.48725508187275285,-3.2282337504298946,-1.971908799762125
-2.888111521738219,-1.1424306634442287,0.5183505191275816,-3.086514158190742,-1.98876916327041
-2.857292559103912,-1.193101317611946,0.541426675388722,-2.9351797863745452,-1.9928189216215233
-2.838695809258557,-1.2228807034157965,0.5805623826461884,-2.7952591969845124,-2.0052583413531173
-2.824013507104102,-1.2545365141161329,0.6088473086814923,-2.660156131638789,-2.024317550173422
-2.7973161188498357,-1.2870817851478742,0.6415522791417732,-2.533494027464824,-2.0224072184341497
-2.7945481702526203,-1.3130055525935442,0.6721252546385085,-2.4460148328366236,-2.034190903761653
-2.7940706305225174,-1.296425015246977,0.6976900769029353,-2.372523712579888,-2.0245682762121042
-2.789716282440522,-1.2940059370095358,0.7067761392506702,-2.3650703224135894,-2.0342443937610533
-2.802328022901908,-1.2481175073803723,0.7292863696357533,-2.3795185491127064,-2.0362520506990744
-2.841320223527726,-1.17874933317846,0.7330178494201488,-2.4470464674079784,-2.027924326508755
-2.892232732224918,-1.1020049740961784,0.7465421260097467,-2.573933598660669,-2.02094742126482
-2.971462273602561,-1.0277866876199597,0.7547738721424448,-2.720185333234805,-2.0305896266864423
-3.036875578861294,-0.9612376003090363,0.7686641396257208,-2.887026588220131,-2.050523867876054
-3.0950115635565965,-0.915991780323969,0.7381539671796956,-3.0333319638637595,-2.0475264479835955
-3.1286678821428326,-0.8774203260822274,0.7236543224025895,-3.191898286406191,-2.0482168063907666
-3.191325143429614,-0.8285435456579477,0.6898169872054318,-3.3443350722121417,-2.0351364005594794
-3.230867323637133,-0.795504392824623,0.680033159863802,-3.4688023525757603,-2.0415765227191134
-3.2616610061117672,-0.7815906547107221,0.6413856393593579,-3.5864780674899692,-2.019881330869097
-3.2975084694532995,-0.7626911713300595,0.6063500649743865,-3.668797873561485,-2.032486019663673
-3.3068185985739156,-0.7706649131619792,0.5915884778841534,-3.744611151768662,-2.014943835526853
-3.327351039715332,-0.7417983511942653,0.562064002251943,-3.7700277514837537,-2.00755193315619
-3.31624277609146,-0.7442664406519631,0.5509537090473764,-3.7837605959383414,-2.002151096672983
-3.3217001547113525,-0.7523554943618705,0.5228652568385236,-3.8116431418474623,-1.9915833150568165
-3.3154007631355262,-0.7797043226224722,0.5311834442487512,-3.8206465368321285,-1.99885367172309
-3.295494009641803,-0.7892861690813577,0.5266300766165062,-3.8265145094707043,-1.9935721789007885
-3.274585457695298,-0.7931627442801393,0.517563639461548,-3.8163896343748034,-1.9849318528117692
-3.2634027863837956,-0.7800674901059843,0.5194752076551611,-3.8333006264224427,-1.967312681352223
-3.2677029575790897,-0.7655488780588101,0.5041190353963391,-3.8746555860428766,-1.9589578889955201
-3.2717238647689366,-0.7353483527744772,0.4734928878381116,-3.9175663022148126,-1.9414273026102757
-3.2840325335396927,-0.6934332225506508,0.45132159224232016,-3.9845384836698714,-1.9352369620028391
-3.285601299479293,-0.6725857347660407,0.4318133658450065,-4.03393360732945,-1.8974104980857835
-3.305481152493585,-0.6167154986917449,0.40344714537660975,-4.089759753438525,-1.862776691000665
-3.324559066798016,-0.5870801264496113,0.3834831082620527,-4.160301783230531,-1.8634927887973984
-3.3367239816796435,-0.5571089363158105,0.37516389985772597,-4.195758336013238,-1.8411438230793362
-3.3175226688801795,-0.5458707203779829,0.35620315319120804,-4.226837133226133,-1.8301794676561363
-3.3213611544122843,-0.5737290569008786,0.3446799962725388,-4.244264788151306,-1.8296462824156412
-3.3247473058197112,-0.54895288268304,0.3558728967886886,-4.271827191501827,-1.8184986515381318
-3.3182561643460464,-0.5301961726318745,0.3271272810763815,-4.288840888329074,-1.790380244020633
-3.302843465215643,-0.5360807618548876,0.3309084495280979,-4.298097242838384,-1.8004608942227809
-3.2958759339939836,-0.5416471411618442,0.3042053240631376,-4.321165689493044,-1.8080764110646965
-3.3012865326899696,-0.522261407007519,0.29238503302819074,-4.338939141621075,-1.7948748327930362
-3.316750306311132,-0.5029768727280844,0.285279643317444,-4.360058416138249,-1.771565591986725
-3.322129442056901,-0.49981869374874716,0.28457659326685436,-4.397194548345444,-1.7592389690254946
-3.307091032678366,-0.4898566702073527,0.27072625677029727,-4.408358563681068,-1.7450475793980924
-3.32420642418123,-0.46724587912294063,0.24777208772618486,-4.416142949536299,-1.7383621438233676
-3.295567947205096,-0.4892659977917158,0.2500647989489717,-4.413943303117869,-1.7444869025618082
-3.2958009449046144,-0.5017091637139413,0.2411351213216671,-4.409061387828005,-1.7349088334717675
-3.283778354237988,-0.5124032582768859,0.2562406073919093,-4.389702628359795,-1.740080426026591
-3.2908587737216934,-0.5381962094061546,0.264468108408114,-4.367055357615692,-1.7653411101178351
-3.2549199691093276,-0.5799561452174595,0.27055861417696625,-4.298652804150419,-1.7786778033327482
-3.2395681350095735,-0.623769819801457,0.2885517027969475,-4.221601384511109,-1.7952124382960946
-3.2155766504415637,-0.6952498938300249,0.31263455698103876,-4.132325422142144,-1.8303490065777264
-3.2054415939981578,-0.7421784001667356,0.3371210450048557,-4.029458009594327,-1.8607687203786434
-3.151880946335753,-0.7959631507698907,0.3581215038453388,-3.9423585431280537,-1.856690962195719
-3.1117170489638664,-0.8285619565363433,0.38839769115456774,-3.8344726025767777,-1.8629616672829896
-3.1095328964604754,-0.8775742930156323,0.4169406685177656,-3.7486558052771617,-1.8887375909762163
-3.086268795813492,-0.9165084783951195,0.4209862706011406,-3.6720162321456113,-1.9122565996495817
-3.081427209142281,-0.9324752235601289,0.44760138832824664,-3.592462353956379,-1.941443872361134
-3.0601382498129817,-0.9558089623640338,0.46365731700496987,-3.497232922969172,-1.9525158398515974
-3.0315074542343186,-0.9986616497410328,0.4872941804900107,-3.4047365666647806,-1.9658926906437622
-3.0270314859250886,-1.0317348083675202,0.525138329365973,-3.329527955944268,-1.9806516718693554
-2.9825062020828996,-1.0599431918757,0.574547964807045,-3.2043423569712894,-1.9738948704024115
-2.9677562361907786,-1.0772373330779386,0.5886580036225535,-3.1227423597429795,-2.011605717905694
-2.960053461846589,-1.0982624512262857,0.593488653762025,-3.0523503507279885,-2.008088778384078
-2.9626653497573288,-1.1155005980537325,0.5937876838405984,-2.985341421029493,-2.0215852609897
-2.9542056012368887,-1.1264016596801822,0.6057519688698235,-2.9149435517247904,-2.034381548954004
-2.9646208706376367,-1.1220163314722769,0.6296290678368739,-2.888162815441413,-2.0525968028091697
-2.9671735288188574,-1.0858122424254066,0.6474416081175339,-2.892334322554437,-2.051998899113074
-2.982809617435868,-1.0421663158837444,0.6447347396676537,-2.924503858964705,-2.0451456698878077
-3.0395455557201907,-0.9822115718085832,0.6383045110320205,-2.9972143772480684,-2.0297447819362073
-3.078215645878795,-0.9296400526183017,0.6627122047345592,-3.0883543102508613,-2.029895319695382
-3.106824053995374,-0.8581257529491283,0.6471270059979529,-3.2146324044091354,-2.0079577452831945
-3.165716516583722,-0.8047777589564724,0.6449864849181672,-3.355564653180211,-1.9987149376225346
-3.2242459255296763,-0.7406069400210209,0.6335549834553391,-3.506676414619682,-1.9791977371633458
-3.2591967742987347,-0.7130458396807607,0.5962320829105041,-3.6405498200445265,-1.9696701968799868
-3.287104209598758,-0.677584055298312,0.5835393547393619,-3.7499219058816005,-1.9487919496311699
-3.3021701979284233,-0.6462538352007055,0.5373943816437612,-3.8557715614974732,-1.9341714664122702
-3.311452574989813,-0.615644563012918,0.5074716732121688,-3.9547231821778577,-1.9183792037127423
-3.312312072736594,-0.6183862636714,0.46839562799807266,-4.006831791958607,-1.9003895595105833
-3.3263936441505213,-0.6020865036250345,0.4477871653530498,-4.072851563293551,-1.8749397694243706
-3.3196840864243704,-0.5867051836185726,0.42778678766613665,-4.135351947652212,-1.8682453569969946
-3.336857823571475,-0.5816288571007853,0.41658076106635045,-4.165129048570096,-1.8464567892176036
-3.317553007595661,-0.5774733453112381,0.3818456628155107,-4.203815650183555,-1.8471675324551284
-3.3216230421019035,-0.5786809123675516,0.35368103076949503,-4.212625090125481,-1.8283946972830785
-3.3224370183569207,-0.5620391135588476,0.3647438124836712,-4.221905109386357,-1.8184524751527542
-3.327952089562149,-0.5368775143152341,0.36475447115064247,-4.245363105121962,-1.8118299998392997
-3.3244120730128097,-0.5255922409866289,0.32683985596678905,-4.281380023432952,-1.8076600075874962
-3.325784435652085,-0.50612408319243,0.3177847642153499,-4.303422590442647,-1.811707703337484
-3.3315887483623925,-0.4785435449126165,0.28706693888655327,-4.3512971322594325,-1.8076508483480793
-3.35993197906006,-0.46856244453401436,0.2667038120096371,-4.408336263063862,-1.7710273804737173
-3.3520714466633605,-0.43255228598734474,0.26385243505904654,-4.440767622782838,-1.7561981583167117
-3.336983209765019,-0.4396264046355293,0.21938626252043247,-4.447053798164403,-1.7475601935663656
-3.330417691244698,-0.4540034359135318,0.24228684350721527,-4.438720683051659,-1.7461711678130505
-3.300971055814777,-0.48746337029460124,0.26242436716948514,-4.418622484088441,-1.7627726787347329
-3.2842170392363625,-0.5355686904175889,0.28037415694959295,-4.386443544763254,-1.7689988067273072
-3.2565759916253922,-0.5800766489158061,0.2897703720862184,-4.329744035217569,-1.7705817744300438
-3.2388272990070823,-0.6145702715707662,0.300939383243526,-4.271577456139465,-1.8172547907115892
-3.217015441431316,-0.6757706629736089,0.31020603747856074,-4.209637996597884,-1.8301367932904016
-3.212341788971756,-0.7234251262840443,0.3323948428317278,-4.122018926233337,-1.8486420072821939
-3.1883238426662808,-0.769220940585941,0.36010931824395775,-4.032102940738013,-1.871213706384896
-3.1734459438763576,-0.7915596529964743,0.3651076423134171,-3.9389298518036275,-1.8682548508996168
-3.1451332418352838,-0.8318207392396758,0.3695594454552618,-3.86062083665743,-1.8900241225864547
-3.1265666456042056,-0.8825259784717565,0.3868237905612756,-3.767684579836831,-1.9028049079917067
-3.1122033953835486,-0.9081918083554312,0.4144059268111869,-3.691981180866919,-1.9120793152109186
-3.10438223077887,-0.9588504073611989,0.4361963794639567,-3.5773889148963196,-1.94193920952959
-3.0819790490732695,-0.9724475808973546,0.4516497384505365,-3.494153344676387,-1.942274047772781
-3.049055937366783,-1.034828525947778,0.48610411903832995,-3.3992395154034822,-1.9536438732748247
-3.025243741479538,-1.0587354960451476,0.5024261143244642,-3.2990471066501135,-1.9657761669375624
-2.9832576999226137,-1.1057222430276026,0.5142303770069757,-3.190837531194679,-1.9835520081117024
-2.981480604238959,-1.1167655740767946,0.5489085010982923,-3.0891439728699606,-2.006747597959113
-2.9504298409885688,-1.137073566216678,0.5706003497849654,-2.9935019104702967,-2.0031689249518965
-2.942294172845537,-1.1475134485295724,0.5969717918247364,-2.908426637541933,-2.004688192562061
-2.9358007693588304,-1.1446223152497603,0.6105573439227984,-2.8862810833035466,-2.0043794167072586
-2.9247921813644044,-1.111283858963812,0.6418348597153448,-2.8465091959436184,-2.004534341681035
-2.9246016377133963,-1.1023244336794804,0.6582318852346528,-2.8901386495205603,-2.0180952609001457
-2.9672050995834196,-1.0504203800340246,0.6556064287690163,-2.9471529621677286,-2.02603595361055
-3.0060596709581144,-0.9765058537051456,0.6631961642560338,-3.041580907329708,-2.0338565913635254
-3.0411332938503235,-0.9041098541910122,0.6519280180190499,-3.146836066546238,-2.0359417369274064
-3.082314908769481,-0.8497994363917644,0.6589081491061549,-3.27034018056009,-2.0221235457019615
-3.1309690034486284,-0.7861864354782715,0.6411691780071399,-3.4113797234693037,-2.0073017146655348
-3.1708229833477235,-0.743057166971721,0.6225694514041527,-3.5242362067891664,-1.9862257800179655
-3.2089173365735992,-0.717460402462711,0.5870903608975958,-3.6573166186462123,-1.9566662576965153
-3.2513026303204393,-0.6814086661277442,0.5723840353352223,-3.7831515994724887,-1.9436931293447073
-3.289309249602378,-0.6590127327612741,0.5404225782586647,-3.886915496387266,-1.9195757838443919
-3.3114825039878224,-0.6252503753353763,0.5104654715127304,-3.9731467803612612,-1.897224963085499
-3.326614108957821,-0.6023595353892645,0.4883026867322895,-4.040651480397519,-1.8870280845648317
-3.3182657091803094,-0.5959450383490482,0.48609283803321146,-4.098794891198539,-1.8860107999589697
-3.3170121163541237,-0.6110338765724493,0.44901379591677987,-4.153095934224317,-1.8689819696848131
-3.319996047095373,-0.6010885661580024,0.43409708429343835,-4.179922144751792,-1.8767295592557507
-3.325705184029507,-0.5879099912846129,0.4021770382361222,-4.193909634813819,-1.844823891059522
-3.3295465978145513,-0.5900721480082782,0.384679552638667,-4.21450493358642,-1.8624486769050854
-3.330185655157183,-0.5736254167881287,0.36796778654707646,-4.237439851258673,-1.844769101750157
-3.3331588230500686,-0.5623761976791812,0.3491503176819627,-4.279550211519483,-1.8283455705398481
-3.313246515336466,-0.5380545841029417,0.3292080165111176,-4.3090443152419375,-1.8009636367605226
-3.324401938974237,-0.5214432834229588,0.3113180312137546,-4.357870605245871,-1.791418846698272
-3.329887951227016,-0.4624788282757162,0.2721184046224698,-4.372034099919066,-1.7795628758414805
-3.3376493496805186,-0.44397937972348855,0.24579068695857004,-4.417387937314366,-1.7533621950689064
-3.325696166166711,-0.41980824673149103,0.22392498651349999,-4.435979283371989,-1.7309313747396708
-3.303624697403115,-0.42331965969413976,0.23459060899036852,-4.458188290953449,-1.731453492503123
-3.302922679609976,-0.4350192511841429,0.23173841635224296,-4.4461203402119835,-1.719343996695567
-3.277573785981781,-0.48034483571680436,0.24739583994893158,-4.435876786488926,-1.7431478131437488
-3.2621194935131155,-0.5109821480767561,0.26853167820452895,-4.388774882543471,-1.74279152812527
-3.244278552832443,-0.5792506295658889,0.28540964617803655,-4.3306532516840015,-1.7609854780767935
-3.224639799653867,-0.6233628641715837,0.3059878856738341,-4.266680132940341,-1.786332738680513
-3.2091214843197955,-0.6660738337907849,0.3095021260793791,-4.169949644229522,-1.8179425186510592
-3.195441675743096,-0.7160910253448016,0.3326899922167724,-4.108698079914211,-1.8294594090503338
-3.1808830933752787,-0.7413988999734703,0.33332543277815935,-4.044966712769149,-1.8497174332692286
-3.152997417129917,-0.780957253184821,0.36615251025928813,-3.9636329841921225,-1.8568520106706965
-3.1426371383358087,-0.8184680843278679,0.36997806251375975,-3.8770475822635304,-1.872062046544428
-3.1294357305921663,-0.8322695519406713,0.38558584815485436,-3.784786269804091,-1.8893294538232244
-3.1122617472766945,-0.8747711778512388,0.42243510819510677,-3.690044680256953,-1.9204468364988292
-3.0853777064900174,-0.9086584552685023,0.4493968501255897,-3.6039155705626507,-1.939901175308818
-3.04940662825259,-0.9523059002358247,0.46804177273641123,-3.5137920200321435,-1.932959896622597
-3.0395740173052603,-0.9894097267441411,0.49490983994704524,-3.4331159654573997,-1.9472370569868682
-3.012652530902417,-1.0265272571548818,0.5334805395786827,-3.306295873179339,-1.9958678205054923
-2.995771006782882,-1.0630318134395347,0.5382527307124281,-3.2238212725047917,-1.9861506109625613
-2.9607368872348396,-1.0988175676508984,0.5448014284164254,-3.10865476802224,-1.9946564624478262
-2.947572967811672,-1.1199558260259097,0.5807967145283426,-3.0009136786650417,-2.0051527004036114
-2.92502997200854,-1.1427127547481806,0.5957580024872764,-2.9296460436590412,-2.028316504257062
-2.931779173673744,-1.1229795525697541,0.6089467860648394,-2.8852033564422976,-2.018668382353674
-2.938416641291338,-1.1302986743869416,0.6411532571344285,-2.899496921337708,-2.0346861025232044
-2.9547416179989545,-1.1157541588455469,0.6354436439756814,-2.924207836598859,-2.027636579921068
-2.9725388640681603,-1.0466004879109732,0.6391076529048644,-2.9760702333382096,-2.0595760445550892
-3.010861388242987,-0.9965303898240042,0.6574047314940805,-3.087417642657738,-2.037293399336621
-3.0532444422272023,-0.9329919977985522,0.6436319062293068,-3.2022802753792887,-2.0217038926708955
-3.106218798873376,-0.859120720716537,0.6390680263667842,-3.3214814705651543,-2.0192033470377146
-3.155658437081251,-0.816567350188602,0.6238834760617816,-3.4538972925225577,-2.0023607926616838
-3.1967401590405577,-0.7496007310267294,0.5882068355175502,-3.5939199667404087,-1.976999364811763
-3.23919613492658,-0.6994802467609356,0.5732711386576385,-3.707211179449958,-1.975274067475151
-3.2642968982117084,-0.6719715879736081,0.5548820271141685,-3.820889965395967,-1.9643383314116352
-3.296750334018206,-0.6184915469877829,0.5159964449260505,-3.919574981562026,-1.9330416578501648
-3.3019076662993765,-0.5977906427980091,0.49801166740763314,-4.009609110073063,-1.9113082024294907
-3.3327023965905043,-0.6010743674515049,0.46733198486096245,-4.0926498184857305,-1.8963942410767063
-3.3237334111096914,-0.5981533614678334,0.4513471257720719,-4.138914669766939,-1.8672270078805484
-3.3144426985309106,-0.5888132642553741,0.4284896922554071,-4.1742081459906775,-1.8718295594670273
-3.3312023631631433,-0.5646718004584099,0.39933539036167043,-4.209002838811053,-1.8601348698680555
-3.3364730804251903,-0.5771930705271545,0.3767448375458906,-4.23723857945011,-1.8392889750105172
-3.3328176761232435,-0.5831229541331883,0.3659428255966822,-4.2635962570541075,-1.8420124836944203
-3.3359964742687005,-0.5689650429221429,0.35859445868850526,-4.280796544458738,-1.810764857374477
-3.3221036006036675,-0.5599135910281976,0.33329636735738877,-4.310831406086321,-1.7854816825343554
-3.3085112138250032,-0.5142451635948011,0.30126143465405086,-4.334735551275425,-1.780466838917673
-3.320985921011749,-0.48201797036639493,0.2799626205519545,-4.357553433626693,-1.7529894744757708
-3.3081070691519487,-0.44555049365484334,0.27251586389575516,-4.399191836694147,-1.7416998273946156
-3.3202429126609956,-0.43992248792060634,0.2473159127337125,-4.4318778604790605,-1.7293701227829668
-3.3015200889500087,-0.41846275610194034,0.25527352078197013,-4.452187090966694,-1.7151040168386769
-3.2869933897296475,-0.422948268044514,0.24957448116205283,-4.452123399147384,-1.7166998671995084
-3.2968436786466637,-0.45875140709493106,0.2472642516150897,-4.443457315486809,-1.708634964995325
-3.2837218710793254,-0.5076380371463088,0.2510190746670301,-4.4190509546569485,-1.721839497982595
-3.2679991328419544,-0.5334718136831824,0.266145934185034,-4.361657970613938,-1.7460637119068796
-3.259142008345924,-0.5746770942420314,0.28569601214605034,-4.311834719897897,-1.7758050273006771
-3.23352283745283,-0.6347073955773679,0.301093969180775,-4.2330315892116355,-1.8084191353314794
-3.224321753542761,-0.6732884160528342,0.2960251881357911,-4.140546147571865,-1.8123275552611748
-3.1881000184575927,-0.7380180103464231,0.31803952114094697,-4.040764129847124,-1.8484225610588905
-3.1801988371917753,-0.7793491411860971,0.32753671546585233,-3.9685073097336603,-1.8796727165124987
-3.1508741302857586,-0.8111759394733349,0.35226310668325617,-3.8636753781317705,-1.8825431279812348
-3.143212876855349,-0.8470563365347707,0.3883415537727147,-3.7685183088967427,-1.8952935920080445
-3.1115276139789163,-0.875543812020464,0.40039279493396274,-3.7051455293236435,-1.9027135014238516
-3.0815402859316463,-0.9172200881448852,0.438927513036898,-3.6318665305341384,-1.9201593820196605
-3.0551547564416333,-0.9791682000028533,0.46081350793551457,-3.51977332580163,-1.9288926076864379
-3.0293782843346886,-1.0015067485905944,0.5000490766746404,-3.4318326748255443,-1.954459274233442
-2.9921717169610136,-1.0489098051482189,0.5193676600441098,-3.309721408758687,-1.9924301748116255
-2.97150426034822,-1.0881657565916063,0.544540550914116,-3.1960718476672034,-2.0090337877023745
-2.955662140502398,-1.1215969388939182,0.5794578745164221,-3.0963083139773464,-2.0158139736218215
-2.9260432634530216,-1.1526836679383905,0.5966443153191289,-3.001819579978283,-2.0153673988737086
-2.9327039830501564,-1.1428141942681096,0.6163592917698766,-2.922220206292075,-2.0193284918018097
-2.911744877944453,-1.1692582431656824,0.644229068702117,-2.866262884492492,-2.030455933721594
-2.9079220388823175,-1.1445893337080084,0.6408295917916207,-2.847381024713546,-2.0300616035453563
-2.910523899078646,-1.1158735572846592,0.6652054189481046,-2.858392015806798,-2.0445693130100433
-2.949033163558353,-1.0613431518101086,0.6620888539541092,-2.87946150864408,-2.042303470115915
-2.9828198224076257,-1.0120825598630574,0.652055568014881,-2.948744744024226,-2.043435141973763
-3.0352578832371258,-0.9528362082526983,0.6569485500558214,-3.0491005932045803,-2.045010806310686
-3.0839094514137195,-0.8871005994661706,0.6469381977133052,-3.162677330498979,-2.030753976108587
-3.1373519426848424,-0.851183970991598,0.6189197791058707,-3.313402337247746,-2.023402023929145
-3.1614170383045694,-0.7978172976110272,0.6268514695929959,-3.44367612765737,-2.000642721633753
-3.2061024287469064,-0.7472190120725204,0.5793524323980126,-3.561003043877919,-1.9905445761871825
-3.252160123577918,-0.7172212605604964,0.5698944689996561,-3.6677783609606696,-1.955823294353542
-3.291411155568106,-0.6765337315810779,0.5605292771886049,-3.791520524327089,-1.941256581296109
-3.3213629174785826,-0.6504778083087512,0.5445692028931728,-3.9040503986167376,-1.9055073886617815
-3.328663343157306,-0.63349833878904,0.512150217221348,-3.982598605659243,-1.9004444867733368
-3.324261113351366,-0.6186601372109061,0.4869393709067943,-4.048529230113729,-1.8824018407206167
-3.3281308532159875,-0.6128312253205858,0.45269490760996517,-4.117791684592776,-1.8690042530104023
-3.326277709100529,-0.5979934632402927,0.40529610109728076,-4.125565827164343,-1.8494511744296334
-3.317990447272063,-0.5924826353047051,0.393165314059543,-4.133325821915312,-1.8418633123327581
-3.319294455427983,-0.5814226575443521,0.3853390514115,-4.177452564984606,-1.835547589478116
-3.301368021890015,-0.5835572377125182,0.37181562409323193,-4.207258474689081,-1.8323652380404831
-3.303685795981155,-0.5821943006693621,0.36458967013521576,-4.210477770389961,-1.8313097863838832
-3.2981596268591677,-0.5675728462323093,0.32926124504536225,-4.239093958502987,-1.8260329225911491
-3.319597975397675,-0.5493463246339391,0.31164168145086135,-4.299053060830115,-1.809708792504287
-3.325219932156365,-0.5209038326145804,0.28597757488283004,-4.310944083988508,-1.7832099452855967
-3.3248207090434017,-0.48873107358396367,0.2781246656609468,-4.346376264471706,-1.765996468642754
-3.330012888981804,-0.4775290130779733,0.2441465334945185,-4.404841128802119,-1.7682254025015367
-3.3242604529214828,-0.47514031848800337,0.22923049268897003,-4.415101185595105,-1.7406334736966291
-3.317081964522566,-0.4853266651068328,0.24151264422760665,-4.416907217702976,-1.7259950601139482
-3.334967300445571,-0.5124772030344832,0.23123052122269122,-4.393456973124963,-1.7421370392110453
-3.299058406759094,-0.5374881875102145,0.24897751172983684,-4.368397440118376,-1.7530420048966007
-3.27982389125383,-0.580600527411554,0.27462424477527153,-4.337972344701834,-1.7719734723370681
-3.2616618089967946,-0.6163323640725914,0.28387047134327537,-4.280642123998337,-1.7744259559301123
-3.243353923131612,-0.66332312488628,0.3021614434404849,-4.200934239503941,-1.8141018021284119
-3.213999755337448,-0.705182940140122,0.30242710491958935,-4.140380201615041,-1.8108361500226529
-3.18599811783588,-0.7320756143146054,0.3092370190917419,-4.067621134358705,-1.8392782730715247
-3.1990309043451997,-0.7499850121739451,0.3607507583466937,-4.012333258083279,-1.8583192413081637
-3.1667439695191075,-0.7643933361173226,0.36801925203966884,-3.9333146206038654,-1.899014459558955
-3.1463341628841652,-0.8033728708582434,0.39429334391010784,-3.8501746317497605,-1.9063051375475903
-3.1138487365772445,-0.8357208889657886,0.4229437281546192,-3.7526008124653982,-1.9391801695956898
-3.0908510022249964,-0.869306497254388,0.43230946710791307,-3.688906561841523,-1.9219373898612104
-3.0919201740286972,-0.9058008026118926,0.45468006897372504,-3.6014678188967486,-1.9588311447672353
-3.072880849029841,-0.9333001746418036,0.49524737948014536,-3.488574469013492,-1.9632149398473748
-3.062007200405291,-0.9769150716276337,0.5045081397298318,-3.3982204093772705,-1.9809414873022166
-3.019812038078696,-1.025527271029286,0.5091285816216351,-3.322362177727239,-2.000318088801538
-3.0141357544127323,-1.0485322595750277,0.5522170503420144,-3.2140048388095765,-2.0208097910524994
-2.9985341540161516,-1.0864741911653406,0.582632105145804,-3.140596448051122,-2.0290948592203844
-2.966794102579244,-1.1124023109467038,0.595159932213675,-3.0637733311071504,-2.020222404292899
-2.9671951314615703,-1.1085548200851116,0.6157605183149072,-3.0029849877033468,-2.034009106841288
-2.9601678182827937,-1.1110546066902982,0.6260016041672968,-2.978818873262639,-2.036065465398423
-2.9570112694693322,-1.0789058278647223,0.6368260752692118,-2.977522666156425,-2.0411649752975323
-2.9684544553052525,-1.0310888786926673,0.6494233958415673,-3.016071741312552,-2.040926497938362
-3.0020830945855357,-0.9790881284087093,0.6430406931023416,-3.0791083591608315,-2.039729344582177
-3.035618364466746,-0.9445395639864191,0.6511108380671484,-3.171205206730627,-2.0295297903158764
-3.0815212295495,-0.8935847686752758,0.648118971910824,-3.2655802453021963,-2.0162410243037576
-3.130934868902022,-0.8444928676604331,0.6411713438781452,-3.3805506900752915,-2.020892171852537
-3.184290341153671,-0.801708722418879,0.6070057541740427,-3.510708899903526,-1.983547879648821
-3.234214471042651,-0.7554691518277931,0.6005715711600148,-3.6350723173519213,-1.964526374840852
-3.261038146741565,-0.7017181344231792,0.562634208186447,-3.7460857238677145,-1.964799165261397
-3.306532537101944,-0.6716517294425053,0.5456236498945406,-3.859920749912529,-1.9426265204185722
-3.3299208869894033,-0.6238379568279964,0.5007931952489663,-3.937495524057024,-1.9275414104817434
-3.356410184851224,-0.5961510964595386,0.4609076839056419,-4.030495201732095,-1.9015115094963086
-3.3494878777673787,-0.5934824644516015,0.4309569308796159,-4.101980641436937,-1.8792877120050115
-3.3567504639437593,-0.5678105513677265,0.3999007641858521,-4.15875495814878,-1.871520479681679
-3.3589660309527964,-0.5559067207224394,0.383598704095182,-4.189472379101254,-1.8515758617510296
-3.3421561698230855,-0.5405267190935463,0.383047928243245,-4.211685436283382,-1.8322475616313476
-3.328452242854708,-0.5405393287693625,0.35706787550512215,-4.22597379147267,-1.8266902484773153
-3.326046397226758,-0.5375281850414977,0.32593655088757156,-4.253312758528729,-1.809415068578566
-3.3248114261652657,-0.521223567985157,0.33119301772971027,-4.291656602440384,-1.7975994513648414
-3.3266966495466206,-0.5053029299032727,0.300703649531177,-4.314198593522606,-1.8110760974279116
-3.3176468485368646,-0.4764544016317277,0.27429962776571615,-4.34829187531924,-1.7794530228245835
-3.305652952553151,-0.4607438664328124,0.26989645207874335,-4.3856339963283855,-1.771505046668282
-3.3190641544921076,-0.4464782808669435,0.2523293650460209,-4.425839178448326,-1.7550401800710678
-3.319582788826626,-0.43155602485174815,0.24710629471500334,-4.428766429199797,-1.7270700675636577
-3.3256390441417567,-0.4429501858682997,0.23561063110224825,-4.450131926332618,-1.7128258758284376
-3.324735906039616,-0.4514708314711097,0.23366661514843787,-4.457062282222456,-1.7180118699443954
-3.3047451733063657,-0.49259248047316373,0.23306316044971817,-4.421477823260407,-1.7303523945393058
-3.2808032518503265,-0.5225802840002243,0.24639130776455018,-4.375588407063286,-1.748662330847038
-3.257756878083262,-0.5517699924326743,0.24703401620954304,-4.3309948524936255,-1.7726223385345399
-3.240686216079991,-0.5902549717457337,0.2820057341023509,-4.256470765885238,-1.7728241266617917
-3.223824053157675,-0.6551247110582442,0.30186040886833504,-4.178024126368344,-1.8065588440767932
-3.208523547033503,-0.6917718716587833,0.31968922646978865,-4.1082422899201845,-1.8190335034648502
-3.200986845685364,-0.7346813292592292,0.3287495353462825,-4.006068313749591,-1.8592138025837426
-3.1838748016781917,-0.7867834480125185,0.3554624151293121,-3.9121461562481383,-1.8706110111859395
-3.147686036739537,-0.8125576116352629,0.37220710278583713,-3.82828834129583,-1.8720815127958264
-3.1188333366474716,-0.8597301692991198,0.39879912628077596,-3.746497389704533,-1.894214730585439
-3.0895331347909094,-0.8993889250274648,0.4137863004892194,-3.663411392831902,-1.8931041741360295
-3.063972389185715,-0.9332738151349331,0.4485867164256211,-3.5467505258547374,-1.910231551702876
-3.034441125850198,-0.9770156254142681,0.46410605443442676,-3.449643326654141,-1.9322933624147518
-3.0230494474033067,-1.0319873614619994,0.5077073578714213,-3.3432337883757595,-1.9440261907328131
-2.986478048415858,-1.0683144735918002,0.5301868217838073,-3.2296069197059225,-1.9801699902720535
-2.9502995821655933,-1.0902498169972097,0.5508803400746907,-3.1114453960769746,-1.9831127360466139
-2.9123362263396237,-1.11825748612383,0.5874795878281018,-3.002850592074653,-1.9976511931736332
-2.896494137922975,-1.140392063221931,0.5952177071464355,-2.904163653624082,-1.986141801790355
-2.8873153990351645,-1.1472406630219347,0.5892401140713506,-2.816709276549162,-2.0112912307189803
-2.881124696850773,-1.1518132419527065,0.615804715130084,-2.7897562137264993,-2.0148824982982267
-2.9041305875376247,-1.1399276437209955,0.6345273390646783,-2.7728794190294663,-2.0383990539190306
-2.928622534596841,-1.1032213134370454,0.6558521722900088,-2.7612177992111864,-2.045492376746799
-2.94356102185889,-1.063318248494179,0.655005917938688,-2.837602615092919,-2.0331237891956833
-2.9987641660938005,-0.9950869463826476,0.6611838725557119,-2.9364970556369077,-2.0346924591591904
-3.0522163219741776,-0.9418829561588358,0.6539194738872282,-3.067406952439192,-2.0267018579967053
-3.0914580374575924,-0.8604378650020311,0.6550758642096532,-3.214024258050474,-2.0144262237117334
-3.1438391544535818,-0.8157482236800089,0.6478362105069115,-3.3417462504518434,-2.0014648683190708
-3.179162011805445,-0.7592607139015103,0.6146394122109115,-3.501845881985952,-1.9852861547052405
-3.2225626250960673,-0.7288691078990931,0.5856112629969085,-3.612952372170112,-1.9788666974261224
-3.2546547489071704,-0.6776218182462914,0.5557286964732602,-3.747193526521999,-1.9446137404789694
-3.278549525722861,-0.6618314280441551,0.5248577760014015,-3.846821461783811,-1.921780506986304
-3.2803558961309967,-0.6412827480430393,0.4911338867363339,-3.9339191329554186,-1.9071976290115267
-3.309072454725059,-0.6124769419670584,0.4715873028325275,-3.9932347470433833,-1.8965184978902034
-3.307950105603791,-0.6113939871696162,0.46399119258881766,-4.045159499640004,-1.8989597722781069
-3.306903901458641,-0.6153339525351448,0.45182748177171034,-4.081204365107734,-1.8928042314131541
-3.309926940653207,-0.6169880862465891,0.4140323460838716,-4.124076763440821,-1.883889583700169
-3.3062807335189492,-0.6168001142387749,0.3928666622010731,-4.134870661145005,-1.8826204365424961
-3.311591629246279,-0.6261830837740182,0.4011704411703471,-4.1428395244905305,-1.8863111279289977
-3.3045651071963236,-0.6095225456096887,0.38922359292179337,-4.153813002655352,-1.8551668146371685
-3.3110602110538276,-0.5928252359495574,0.3749411126258709,-4.182884175799348,-1.848158529523192
-3.306344223627358,-0.5616214095242185,0.34843373246809095,-4.224160484453036,-1.8217345651917394
-3.315194825195024,-0.5255663795412594,0.3166712380410431,-4.25474299034511,-1.8082995507872648
-3.3054900726256284,-0.48807247766548156,0.29030571878398564,-4.299925527486447,-1.8102578245740015
-3.3165941970274844,-0.47678297126757957,0.28536887144574336,-4.329780739999246,-1.7799745628388552
-3.320204977302826,-0.4645632058538672,0.29008497061184635,-4.372031751744457,-1.768394795798844
-3.314482396684144,-0.4710068688208894,0.2745286582931013,-4.388787474549079,-1.7690361773791776
-3.3086603817957307,-0.48967606872440667,0.2658002998007313,-4.3940161069786425,-1.7480784186671083
-3.296737490804253,-0.5001401542241373,0.2512393286591554,-4.370436789788093,-1.7696422149384228
-3.2921706731003515,-0.5468326580825569,0.26639992513943034,-4.344095026067908,-1.7751622938048046
-3.2860257781355124,-0.5778808801591253,0.2686101694062045,-4.290862603379659,-1.7895257384098278
-3.273133404891139,-0.6286197462561395,0.2923825578937666,-4.241379620552537,-1.815922120550138
-3.2386618058709304,-0.6708418011689447,0.28932892683152245,-4.181866964437116,-1.817630224256736
-3.2125009051367974,-0.6988511904617412,0.3265771421495303,-4.0976854000488885,-1.8413685220867264
-3.2087195881039703,-0.7006041037607479,0.32546173337222845,-4.042185509384936,-1.8598999843800812
-3.1979133504660107,-0.7228425631620599,0.33339848659936616,-4.005781342220101,-1.856095068327641
-3.1593389296542065,-0.7428673887488688,0.34186465786160597,-3.9622092942367315,-1.8614820015138658
-3.163855957841904,-0.7718753580864842,0.3718635033929588,-3.901186688996817,-1.8628383039498568
-3.1376810267820088,-0.7942167350830346,0.3834445280317228,-3.8215628948813922,-1.8655256539551817
-3.123240606255792,-0.82773343852312,0.4100459963201107,-3.7486480484156184,-1.894447244130581
-3.1169855870810044,-0.8647488340191458,0.41556910076236364,-3.6718198232055075,-1.9099750057287985
-3.0765948710330018,-0.9087349973926464,0.43844290899660293,-3.5789849060085484,-1.9190452535635947
-3.0610152019500734,-0.9618628038130091,0.45749670827159894,-3.509583937974958,-1.9433988181859032
-3.050291086492474,-0.9831695560760375,0.48288092627448087,-3.3897065136277065,-1.9676381450691998
-3.0420655124710847,-1.0325547049731374,0.5047589217873848,-3.283570492798731,-1.9941871807451077
-3.0181803108577396,-1.054872205891879,0.534341011272921,-3.2041303134237515,-1.9907977717978187
-3.0043298597195767,-1.0513245740410422,0.5449178652622584,-3.1417235304581306,-1.991298061240464
-2.99251894086316,-1.0332678444797467,0.5576617927606056,-3.1140101441800354,-1.997515094287221
-2.9945885415340765,-1.0220853572201218,0.5674336179666783,-3.0839321511084665,-1.9965201411514244
-2.9853995666692246,-1.0083483938467879,0.6047020848525818,-3.0788380181475286,-1.9890158879476045
-3.0077249466402027,-0.9747750278196551,0.6053171039417374,-3.111244584829203,-1.9950213061022055
-3.0463011987697146,-0.942528048550861,0.6238761792891053,-3.1757920260372647,-1.9934644175832712
-3.0726302202260607,-0.8884283795820918,0.6311469138254524,-3.2323538096547315,-2.016507233769164
-3.0926762274628565,-0.8585928016045744,0.628127789469229,-3.350311304630281,-2.0024008068899746
-3.1346220474111854,-0.8135692541812064,0.6058451407614234,-3.480148216207409,-1.9961569528255287
-3.170848588127529,-0.7719167585822347,0.5923723837184093,-3.580771107839469,-1.9632723256434408
-3.210278986626134,-0.7252489139077285,0.5743915317648476,-3.697988585908111,-1.9584318067450261
-3.25262201842351,-0.6901261538355519,0.5740278283225021,-3.7823114871761465,-1.950187310131223
-3.2728131853863145,-0.6499126162844976,0.5341554126133194,-3.875478714716693,-1.9137103602224161
-3.3018492974023923,-0.6095892753579762,0.5192848418998202,-3.9809087684919717,-1.8998992036781162
-3.2997399871100814,-0.5853882394877478,0.4679453694100742,-4.0589957607683225,-1.874498174480138
-3.3252340434313044,-0.5529254621375352,0.4092283440936644,-4.132340047443312,-1.8370555314651211
-3.3205494282930488,-0.5339195791650061,0.3964597129726746,-4.195514423673198,-1.8276722226400335
-3.3357901737523137,-0.5188301848293848,0.3856147697592634,-4.221529816410015,-1.8236618751222904
-3.3261407946801547,-0.5297180737285528,0.36851692052165386,-4.260455689321394,-1.7933319522306872
-3.3360130294223604,-0.5138738299496307,0.3450054688880844,-4.290791688640262,-1.7871792908385722
-3.336113044338093,-0.5143899977195372,0.3144428726187468,-4.324611411835167,-1.7843743891563082
-3.3418040213539193,-0.47639390447639923,0.29645989894358066,-4.352142627554381,-1.756722769135306
-3.3086640763252277,-0.453505229396475,0.26351976516719305,-4.391080032414611,-1.7414073977496802
-3.306737849060918,-0.4367834289657019,0.24158952990971092,-4.424348509548112,-1.737807344969895
-3.3178712633811527,-0.39693337279915786,0.2225589267137226,-4.464895247540661,-1.727355948673792
-3.309635300165276,-0.3924354867552127,0.20985037395108228,-4.492416365688518,-1.7244891496076094
-3.303872691048598,-0.40477471202576126,0.20873041965474995,-4.515955729505141,-1.7262530390239088
-3.3158194459268744,-0.3901425854903938,0.19661920361468954,-4.525443321030822,-1.7088364232953868
-3.304955732168432,-0.4200190972667672,0.20698814828224876,-4.521051544055198,-1.7114550567577271
-3.283106535467353,-0.46768716878196875,0.22034988087281696,-4.460218064193305,-1.722884331169811
-3.2681037244307096,-0.5071405936830463,0.23686033021172537,-4.42541276629883,-1.721218887456861
-3.2433983336873116,-0.5452363194355698,0.2401636569829835,-4.382718078324374,-1.760511135773737
-3.2432555962753913,-0.5999101313890907,0.24030596316253713,-4.298110192587936,-1.7949666934314887
-3.2321953796453147,-0.6625462610403378,0.2647335174196468,-4.22343437517251,-1.8175804892357066
-3.2157417126876626,-0.7083507801833937,0.2853012578068397,-4.13176127619598,-1.837550728241004
-3.1821668376058896,-0.7624398500300679,0.31468302173104107,-4.013723535531526,-1.8568180148002427
-3.1564760520026507,-0.8190493714221492,0.35573231734549304,-3.9180388491274836,-1.8717736358284585
-3.148632481319441,-0.8606478152615441,0.3860020544981387,-3.8121721982861376,-1.9023925041415723
-3.111654552247145,-0.9227621146885868,0.3993857617855932,-3.686057491169111,-1.9188126625483615
-3.0565111581888162,-0.9708272739717804,0.4134072648733863,-3.571554649694415,-1.9476696849949429
-3.0189893339560756,-1.0237827268509312,0.4384107349848975,-3.464803546577673,-1.9531262727738607
-3.019209589201854,-1.05802549674564,0.46631425705124907,-3.323500446803606,-1.963300020421557
-2.9831573862391307,-1.102494614797791,0.5031431260566411,-3.226697166287913,-2.0039382329427813
-2.9555957579617345,-1.1450582682091404,0.5266311278621217,-3.0749277422056025,-2.0100046442993933
-2.9415192158785866,-1.1893734391142436,0.5734460284068872,-2.9664579901191406,-2.031215663601833
-2.9112423837213464,-1.2221264706995771,0.5951570216727039,-2.8404326868984584,-2.026556836700174
-2.878806490975309,-1.2255374277349789,0.6193649377717132,-2.7341276320683527,-2.0427517571936984
-2.846608774699567,-1.2329815716843722,0.6571830158809651,-2.6741937739853388,-2.0552270005749667
-2.8462670929605336,-1.236307414904175,0.6566621587870598,-2.6147981998497962,-2.048364855004776
-2.855289792994957,-1.212456913589404,0.6715900905974915,-2.598071138156435,-2.0528609682951617
-2.8775525691789134,-1.1773756221916727,0.7057189734146129,-2.614256875336509,-2.054076641322062
-2.9153517994855545,-1.1117981448526495,0.7058912319653632,-2.6815955728413794,-2.054551080678989
-2.957093139364444,-1.0599370778994064,0.7068411928891936,-2.809256128834803,-2.0432422859813664
-3.0257077256756815,-0.9811074779430027,0.7103218049348873,-2.934237262304916,-2.0426441714919026
-3.0971978009448393,-0.9115391089693766,0.6899058765025551,-3.0714504119316377,-2.0407605325731772
-3.129593596950119,-0.8561364891675122,0.6698311598071756,-3.2445064413164397,-2.025964873774954
-3.177741374807147,-0.8162879901211835,0.6534971458859525,-3.4114048395060235,-2.0092295538863647
-3.2182804157179654,-0.769578584342568,0.6213483941928746,-3.5249866615531507,-1.9790300373838314
-3.2513072448982143,-0.7349044054617704,0.5982627684177582,-3.6330051973066593,-1.9653937766137888
-3.280562360951602,-0.7086250981308603,0.5705831540728288,-3.723779322937296,-1.963785092287969
-3.300625981101561,-0.6767439251183337,0.5497789555238357,-3.8255043846039287,-1.9231980150070873
-3.2949914133064375,-0.6747532497334466,0.5176792738150146,-3.8837903453369944,-1.906797800957825
-3.305785386185772,-0.6733241546523382,0.4884803764171897,-3.9400185504032548,-1.9146064636234124
-3.3145480976217554,-0.6745633749392332,0.47988139664534935,-3.981595690149539,-1.9069889339784798
-3.3068278733990173,-0.6856723703985267,0.4730365510889314,-4.004669839072384,-1.9181421326064816
-3.2790510470116487,-0.6954794690143613,0.4486303169730699,-4.02891769388561,-1.9143662581437162
-3.2763957734618185,-0.7020778193179605,0.44647302469573485,-4.037851237945774,-1.9082880350360438
-3.255980924177724,-0.7105800828531111,0.44192341506436017,-4.0571677168236855,-1.9030656608088294
-3.2575278197804973,-0.6710872538895922,0.42543639454752774,-4.06639980346277,-1.8957758269903473
-3.2668616468935894,-0.641188531435556,0.3922883533519957,-4.102703985354457,-1.8755953165736707
-3.285525607851585,-0.6258166530826305,0.36599026341178753,-4.1346980007024925,-1.8648237275766084
-3.2822140381680316,-0.5937459410249496,0.32710751523578196,-4.18018178124594,-1.864530543480723
-3.307127762176144,-0.5657998841131997,0.3213655479648896,-4.226843040131707,-1.828038801333303
-3.32476341192047,-0.5333426792806055,0.3065218901865646,-4.278476321294977,-1.8122073958211278
-3.326640791454421,-0.5210473498753525,0.28891391468869754,-4.303602957559272,-1.7971293217451882
-3.323524971552891,-0.5218940043481058,0.3068802297177244,-4.313718887179226,-1.7689200386773378
-3.317800674825307,-0.5249480467348897,0.29327436529501016,-4.324491880232794,-1.7720126675060166
-3.306457769129827,-0.5595007896504279,0.28695197533695244,-4.305316772376128,-1.769174036941408
-3.2892594614347153,-0.581655072579601,0.3102965532913131,-4.294414581785115,-1.773750934146585
-3.2711109293219494,-0.6038463518674182,0.3100322015707117,-4.279584755816398,-1.7746248990787499
-3.270783699581327,-0.6282015389790517,0.30762118429871094,-4.253506155962957,-1.7746335508271391
-3.25761850288576,-0.640654085945603,0.31267781022751157,-4.221854600022138,-1.7901492778060835
-3.2561353077576194,-0.6600110560595491,0.3013748710817107,-4.201051526122184,-1.7942066857387209
-3.2474297564481978,-0.6688152805598222,0.29099200381123524,-4.173004995421433,-1.8250318748344405
-3.2388885286362297,-0.672587382025605,0.3122599041248888,-4.143338160209464,-1.8137390047032476
-3.228144250963153,-0.6790244109640637,0.32053795526439616,-4.115575767171587,-1.8272704409197027
-3.22808604345195,-0.677168931417776,0.3286674766408185,-4.074491357566549,-1.8600425951644335
-3.2246649647073387,-0.7148944526398673,0.3546172820054332,-4.044799246733611,-1.845894242795224
-3.203479764609005,-0.7488546039106305,0.35037050938715014,-4.003523145383874,-1.8570254083548723
-3.1771392740974354,-0.7653807394864398,0.36771216937745194,-3.932208953663202,-1.8754512958901273
-3.1741180918213985,-0.8131273213752125,0.40154891549110067,-3.853740127611683,-1.8731792128473055
-3.153838091249789,-0.8640252508306016,0.4121072610322065,-3.7657273276769705,-1.9071441322829066
-3.147174654152384,-0.9101438079904391,0.43549126641048236,-3.68153837053175,-1.9303230303342955
-3.1219138809900615,-0.9502049943837793,0.4484534860625963,-3.580027401531608,-1.9453418980135888
-3.096275027123164,-0.9659779821170568,0.4740489842180071,-3.5115853967234707,-1.963079605928703
-3.0887457095996074,-0.9705543682028116,0.4861915500664447,-3.4284954110436003,-1.9777437416782577
-3.080588068806925,-1.006191999067424,0.5073663245037299,-3.392256523413598,-2.0020783017388886
-3.073244954711168,-1.0139918903746943,0.5128906941705988,-3.3370511209095124,-2.003609412949714
-3.0626850280506592,-0.9870184185953528,0.5290117291075793,-3.319311289974013,-1.9997399962795994
-3.071384561346888,-0.9531747594608763,0.529249682219188,-3.3112945355270864,-2.015810242920132
-3.061416473199719,-0.9368025915808771,0.5461931583130678,-3.328126102995509,-1.9906471835561554
-3.065389536564214,-0.941176496722484,0.5817360304184241,-3.34376791218544,-1.9830235284666984
-3.0909049751899422,-0.9262552105957477,0.5754124177185631,-3.384186805449311,-1.9910844153882499
-3.0985481601677587,-0.9281528660746565,0.5864397757966143,-3.421158166426002,-1.9763814671268256
-3.1057735399035935,-0.8978476442910084,0.5723291725355796,-3.48763787055604,-1.9758859450350237
-3.1319772106138473,-0.8727675415252315,0.5612161157465331,-3.5424991002819315,-1.9624805564678753
-3.1624609235167447,-0.8266919874214759,0.5644212688539767,-3.597985397379596,-1.9581096978558004
-3.189762649848673,-0.7721257489769261,0.5290467333034935,-3.6755120212701935,-1.94278126703159
-3.2317745395922244,-0.7242036057400973,0.5253035992239886,-3.787164928207446,-1.9348362785833781
-3.2539795493019428,-0.678593523516363,0.5044331829537132,-3.8642932502056926,-1.914010058597815
-3.2580183078529266,-0.6424396604996605,0.49899999295545167,-3.942313651258848,-1.8937950818560265
-3.283842484088899,-0.5873013248503406,0.46427906850425094,-4.031652143112997,-1.887391433268912
-3.3121732216970923,-0.5661340665199124,0.43746821174590805,-4.092371131345147,-1.8504295681394634
-3.3105673237690514,-0.5450516454724806,0.41473498745547366,-4.169408380035136,-1.8276021181610738
-3.3174830952483556,-0.508777933942634,0.3914880778875421,-4.222165601951115,-1.8284389776961558
-3.3173579511341424,-0.4931420774613911,0.3675021696604484,-4.276179283661181,-1.7955142667611121
-3.319370917396061,-0.46812235965720017,0.33162734569449676,-4.322892323790073,-1.784970089890161
-3.3298348895965906,-0.4530092125419526,0.2904605163658381,-4.377621246384537,-1.7693966125145004
-3.348114203718737,-0.4342839551110529,0.2809353787072382,-4.429978502785737,-1.7417871961930727
-3.3658812953674615,-0.40933547951047194,0.24561490957955073,-4.475523229898594,-1.7391548135220256
-3.3447166399581247,-0.4004849832723084,0.23171065347554806,-4.50801358997544,-1.7007771278752044
-3.348106424954842,-0.3631645454289211,0.21192492492712003,-4.536735303376206,-1.6739538248260737
-3.36089350191378,-0.3556751599670891,0.20588930975980216,-4.5656533899641545,-1.6863205832919754
-3.3670375476262193,-0.34829967900653264,0.16957017748150605,-4.592102527684536,-1.664929780675183
-3.357692352026526,-0.34221308493276925,0.15377799167207573,-4.617889876718643,-1.636380246452203
-3.366230874551082,-0.3468377687102476,0.14064780540723018,-4.607571308868711,-1.6551892065847567
-3.325972154160141,-0.3892517054582638,0.14343345009253425,-4.612885949177813,-1.651524702803178
-3.3122923407458043,-0.4189776409794902,0.16916612901954745,-4.568926096338847,-1.6587490293327187
-3.3013821200807123,-0.4626706732467677,0.18763488268207143,-4.510847117644951,-1.668198472204707
-3.2758362168693846,-0.5192263556894502,0.21448835816425116,-4.419845633634782,-1.7060454659088666
-3.235340914289044,-0.5849473251179224,0.222892297160447,-4.338204110322199,-1.7302929435435113
-3.19422651809687,-0.6534575194310449,0.26537368665500205,-4.244449585220731,-1.7707061712145356
-3.1946162522585047,-0.6751199935296633,0.2936986100263291,-4.13838350397803,-1.8010563799244053
-3.139856541616992,-0.7426045962218126,0.30611919861328213,-4.015562502933272,-1.8444025930349481
-3.1074014990175645,-0.8222496360595881,0.34031293513679317,-3.881180686276962,-1.8671571492919214
-3.077502041972877,-0.8827592990191402,0.37118536385497347,-3.7581229314593823,-1.8914084640212596
-3.059834077330889,-0.9359068210775002,0.41192917712655924,-3.5977244156486523,-1.9371404746446903
-3.011965857601458,-0.9999650968187811,0.4413230312226621,-3.478203233520281,-1.94907472190819
-2.974410008668857,-1.058033133631332,0.45253494529322874,-3.3527544571070202,-1.9673404902559424
-2.938055198993607,-1.1066968560489903,0.493565329364348,-3.2186999547303263,-1.9752996951384714
-2.896188097336122,-1.1521861637057558,0.5370344562977771,-3.084306062518098,-2.002072268525921
-2.875818897989708,-1.2104115796900075,0.5646674037156895,-2.9265487251197846,-2.0135532559253835
-2.8340277118539934,-1.2388836870230489,0.5873573686181733,-2.7889124344931138,-2.0155803864547006
-2.8143207552267246,-1.2764680963190214,0.6334963742163262,-2.678114386732022,-2.0423148556310453
-2.7914120258467587,-1.2923714721617914,0.6459000259818736,-2.578489454178883,-2.0349814500836008
-2.787398631208825,-1.298330766339117,0.6596136986192892,-2.4578128072296566,-2.0384244119047352
-2.7970774302112176,-1.3010682727459222,0.675179636644597,-2.403071573259749,-2.038583004169767
-2.8023924647756573,-1.3011324522884633,0.712080707225074,-2.3724489499844,-2.052557561345525
-2.8323295517070015,-1.2586812036260786,0.7328873763916449,-2.3961644663898762,-2.064047771408351
-2.872501106513528,-1.1923539728406716,0.7345840865603196,-2.465472908291289,-2.050981382396229
-2.922844575072384,-1.1283150200827934,0.7242379362240328,-2.584293781867459,-2.0642705297268944
-2.993194612111649,-1.0360471890659795,0.7227119988622667,-2.72359397924906,-2.061895921506438
-3.037433096501238,-0.9740213627675403,0.7098214713994246,-2.9133434069291955,-2.0556610245211835
-3.0938663111836147,-0.9282974672175008,0.7146975240147564,-3.0654951535746786,-2.051084661331339
-3.1649077226670688,-0.878328843878105,0.6927471671530184,-3.245478708492117,-2.031085721557491
-3.2202716346663283,-0.8301261750863893,0.6747884459126569,-3.3804072722524316,-2.051943336986319
-3.262284721535168,-0.8045563602145762,0.6415575026121043,-3.4918048981408307,-2.030380123890033
-3.307256328348769,-0.7743091747921489,0.6112311178258947,-3.5745038794973283,-2.008161885454407
-3.3167327755046956,-0.7839451101434535,0.5927955320136862,-3.6629010863750917,-2.004827017859893
-3.3323233951696256,-0.7825618289720226,0.5777841675114661,-3.7207062107441007,-1.998546523190984
-3.3176412519606564,-0.7534459129266273,0.5509797271153244,-3.768907329599191,-2.001803701075603
-3.3243823091363844,-0.7794664688241558,0.5384207556282786,-3.791778006097995,-2.0039671641908012
-3.292063414577702,-0.7937894127737058,0.5407185533648724,-3.809301335963781,-1.9788379792677324
-3.2776240012223066,-0.8008405028659815,0.5354361001696036,-3.8424953314763575,-1.9786157604664543
-3.2755869896030663,-0.7986390394280348,0.5137756951769472,-3.8407482101454016,-1.9833868070458225
-3.2740909724777647,-0.796477510693829,0.49482232547258226,-3.846549931820427,-1.9947083270726154
-3.2572507146850125,-0.7673061576739213,0.4799323700911664,-3.8408826565004026,-1.9722288680000755
-3.2643796936717226,-0.7474960164995651,0.45972511023441415,-3.8744044548591923,-1.943452207672304
-3.27611650108598,-0.7136761209486794,0.44806334105443324,-3.9353158855900836,-1.9359348145124626
-3.288033222774299,-0.6652975638755088,0.4226731675105872,-3.9939539883090664,-1.9092256180620184
-3.2858047403926482,-0.6214011476423216,0.39522661552935845,-4.030868202063987,-1.9039510137760005
-3.3062912148892205,-0.6038786928808729,0.4017736530963055,-4.113028661407439,-1.875171888371582
-3.3131556942354874,-0.5689877172930238,0.3757068874854359,-4.154184521579181,-1.8582249524789796
-3.3044291666252175,-0.5421271207031761,0.38147091951636536,-4.197421128762314,-1.8361062653976863
-3.315276456535463,-0.5393777393395759,0.3692206951273699,-4.238659709556317,-1.8154680074710894
-3.3337986210736306,-0.5557117583804471,0.36400962794803626,-4.27672373309283,-1.8128175796964934
-3.311435918488394,-0.5248722613978738,0.33278759543614816,-4.285843481062758,-1.7988148242055702
-3.3034333857734866,-0.5346403636603417,0.3043387035611093,-4.309959292989954,-1.7926389177768267
-3.31012645429953,-0.5264414319266176,0.3169474421447712,-4.319103538710601,-1.7914549016472394
-3.290511934345587,-0.521915560523327,0.31356545589531326,-4.316005295063768,-1.7903363386356503
-3.3027483872365053,-0.5141351517947381,0.286993621021646,-4.3342637603393745,-1.797801758513753
-3.29883392763369,-0.5034127585681525,0.2676597258768961,-4.356369291671414,-1.7757721392544
-3.2954684435515786,-0.5126919344473094,0.2637503210591023,-4.367618646174258,-1.766352732700657
-3.295630065210611,-0.49013133409999304,0.26141502791300675,-4.3930972350697015,-1.7516770160930806
-3.291533675412018,-0.4690193209436224,0.226495661965232,-4.39743495398694,-1.7347257211594869
-3.2922582518686463,-0.47876021000028246,0.22403788894541307,-4.401406727578425,-1.7266262981413782
-3.2926934736016658,-0.48829268553143146,0.21879924407355558,-4.391275391856743,-1.7529746387488365
-3.2767279944283065,-0.5312203051198037,0.22077416504192685,-4.358341491473539,-1.7585802788827762
-3.264436074327071,-0.5587170875404295,0.25448363402097496,-4.304469078226725,-1.7726670104406728
-3.2477891795292804,-0.6245739270366966,0.2601286605927121,-4.246091018020896,-1.7940465127337757
-3.2394482490853718,-0.6797009150494987,0.2921603235143994,-4.154976056382049,-1.8238781437072091
-3.231271765595243,-0.7001397585957035,0.3123083891365872,-4.087191659691911,-1.8433186653265994
-3.2065663374876854,-0.7620641082175065,0.339710070378385,-4.003942073758724,-1.8537192928380262
-3.173967000821101,-0.802295912043179,0.3588703964093709,-3.920711892584656,-1.8873256746537115
-3.1587447503865476,-0.835460846897422,0.38119564513478643,-3.8357188197111403,-1.8995036056836307
-3.154017199488753,-0.8506503828811236,0.3945586975709041,-3.734375643184713,-1.9324417760818424
-3.1352385149168023,-0.913574039570828,0.4239257844617732,-3.646589050486768,-1.964096022997072
-3.1001276936080324,-0.9340297686486252,0.45019845395170205,-3.555155707601102,-1.9822871996158522
-3.0835785153362667,-0.9557212510743194,0.4828869434515696,-3.4566995846502344,-1.9842996623557851
-3.0595323022430816,-1.0049871047391021,0.4950230286808879,-3.3524042793992908,-1.9787127186943323
-3.0411275025621087,-1.0323224248373368,0.5323548353518207,-3.260978800487611,-1.9914641712503447
-3.008332031367654,-1.0702308740850686,0.5516183134364465,-3.1744661675247055,-2.001851486809221
-2.997939763183797,-1.0905345915338005,0.5695649272493648,-3.0958983498183112,-2.0168058838733605
-2.970281167822424,-1.1073874072271186,0.6012572458731744,-3.0071635412840436,-2.013494186600488
-2.952899993597421,-1.139549379271157,0.6138565505010641,-2.950788985370987,-2.0369002888849277
-2.9341793516117494,-1.143243664406658,0.6232458864550088,-2.913600339110705,-2.02834491016624
-2.954835032896944,-1.1285280676486005,0.6276205146906932,-2.9145407463068866,-2.028117586286755
-2.977916799518566,-1.1008904451144086,0.6510758502452296,-2.9258128101947034,-2.0158848246124403
-3.0075726275137216,-1.058801667167931,0.6602769317937859,-2.9850243447704554,-2.0370782016384092
-3.0405284421403516,-1.0015877744715007,0.6476360889598679,-3.0738864615506363,-2.0206130806846763
-3.0813936390376986,-0.943936718707735,0.6657628451347343,-3.193956874663945,-1.9936177954468348
-3.1215066083877923,-0.876703058279106,0.6464011265455011,-3.32661618683945,-1.9940228894953678
-3.1658268217020784,-0.8120454773880913,0.632917316642748,-3.4626493755855416,-1.9662770766883537
-3.1912894324703673,-0.7431128314443439,0.6127521887227304,-3.5693036401523126,-1.94976128589334
-3.224551284121789,-0.7064642724464033,0.5920484066651789,-3.709444246664897,-1.9465246912484269
-3.267071236271091,-0.6768432052847154,0.5496976298500589,-3.822786743116072,-1.9389870741061186
-3.297873416224995,-0.64662855989938,0.5216144758072019,-3.8991274370918534,-1.8987897569264904
-3.312886738054068,-0.6350516627919299,0.4917106571136642,-3.992603308288377,-1.9033217363156711
-3.312615510866134,-0.6165315474364501,0.45797480503823146,-4.080267935786086,-1.87713252342926
-3.3060117021813773,-0.5881617995521927,0.4492928720936283,-4.138767009657592,-1.879465954679749
-3.3164252467390507,-0.5775188577189841,0.4241239830103303,-4.169347340101311,-1.8710512135070232
-3.3213321702781142,-0.5861239100582234,0.39876682379603284,-4.211887443066788,-1.8449058979505826
-3.3154581895234356,-0.5902384093031282,0.37568157178090655,-4.245101877176166,-1.8428827198746327
-3.3103104244184838,-0.5784715807170467,0.355704376370857,-4.262499006259804,-1.8274795225459026
-3.3138144381286514,-0.5583605163836404,0.3442856267929311,-4.291534474043178,-1.8147828779598998
-3.321109340117097,-0.5474667294330422,0.31428442839727555,-4.302582212095751,-1.8066078930714622
-3.3327238760321167,-0.5071421012238183,0.2864335402881031,-4.368312130455999,-1.7836908284123356
-3.299343050778861,-0.48093073434708583,0.28910497045232997,-4.39649457818999,-1.7731132341380236
-3.303171829986024,-0.4551868753781864,0.25693596212605285,-4.431078164628731,-1.749304732310149
-3.315212538181766,-0.42211575847210275,0.23870607738404884,-4.45115596765897,-1.7326529413417673
-3.3155673096322555,-0.4131607992984681,0.23596769357007774,-4.464616650102754,-1.7267688075500716
-3.3118016271095345,-0.42306019690580865,0.24660209334528363,-4.4783564930302955,-1.7365744270457046
-3.2986293600280847,-0.44984370438194926,0.254187277652512,-4.454373347970802,-1.7611148013603668
-3.2928752015404217,-0.49025974269577416,0.2670020313762656,-4.417425916742874,-1.7560300615916347
-3.274644060272923,-0.5541282729220125,0.2846924084786577,-4.370195170482694,-1.768298244661996
-3.251923905908662,-0.5993745054182632,0.2990858434833058,-4.317747687797706,-1.7942769421866742
-3.2348748201466226,-0.6415726551161723,0.2971903802064225,-4.24915211897566,-1.8277007101581293
-3.205472208069063,-0.7148161969207679,0.32078227971507245,-4.168716177090634,-1.835436499852188
-3.1845479864772033,-0.7514476961765176,0.33774282973517245,-4.0721441275840835,-1.8336951191929562
-3.179401066385317,-0.7747712557258535,0.3509434691454397,-3.9643688646595883,-1.8492770161173229
-3.145165318966358,-0.8158979957324854,0.38362548352372855,-3.8683342819090547,-1.8726082335948901
-3.1172032582659734,-0.8550412440141243,0.3923793542671428,-3.763305135372512,-1.8986771438447658
-3.099004381683997,-0.8833397024213396,0.4352615086886632,-3.702444325817554,-1.9197511909766756
-3.0668936128700217,-0.9197264526174029,0.4582813675313772,-3.595087693239249,-1.934289075669716
-3.04331310079288,-0.955476548820683,0.4655115171176669,-3.519152174476688,-1.9542300403685002
-3.034397990718691,-0.9893391214648146,0.48801789471928647,-3.39967445581383,-1.9793038773994442
-3.0150117553631537,-1.026941181707802,0.5156284097147974,-3.30506556260728,-1.9972517845926308
-2.969862318558319,-1.0743800609641603,0.5346155122559374,-3.2005609186063095,-2.006958044482114
-2.9365525213163903,-1.123940991727871,0.5660970274177558,-3.0868911373080947,-2.0087429397258725
-2.923052327341089,-1.1605616468064863,0.5971569125670461,-2.9717647223542847,-2.0212984533932605
-2.9113320684203066,-1.17970938027961,0.5984500853533421,-2.8856819753570018,-2.0075939801427087
-2.915152615212023,-1.1780065162846598,0.6220206653837148,-2.836253265971335,-2.0150696807478607
-2.906672248917685,-1.1566790747783826,0.650167018527546,-2.771720656874995,-2.015644868349026
-2.9288253681870247,-1.1126188431474209,0.6689367919032257,-2.794619958969065,-2.0020922596830184
-2.939863684150639,-1.08059630846143,0.6862577255065162,-2.8348889377673623,-2.022877895380871
-2.9814851531353703,-1.0182368521883634,0.6887719337897116,-2.918892675623056,-2.0124695948344016
-3.0182703437854568,-0.9713546616757869,0.6777166089527044,-3.0508507731291004,-1.9981916205806987
-3.0692710105116916,-0.9032728848720538,0.6563625282155172,-3.162819485148423,-2.0114624639136838
-3.107166478711577,-0.8447829667502611,0.6518262529635501,-3.3160848076441614,-1.999872854093777
-3.151742954017819,-0.7916931374443615,0.6264959250083894,-3.45747099312666,-1.978427963913726
-3.195678571934282,-0.750523833711259,0.6059016622649273,-3.6036550043027247,-1.965180618107041
-3.2184044668776117,-0.7166976470654313,0.5778922386935967,-3.723333930377276,-1.937066182339996
-3.2521523201510885,-0.6820669573930543,0.5667616579145686,-3.830371416124498,-1.9441317075935525
-3.299869493784151,-0.6635517271374269,0.5282904521235766,-3.926955838700234,-1.9074132819201775
-3.3288315117663316,-0.6360057910206401,0.4972858968972912,-4.00523020200428,-1.9032537085913472
-3.3202947543065844,-0.6256681130435081,0.46439057977841763,-4.0589206269343086,-1.8957234013448214
-3.3211761724218425,-0.6196907227747696,0.4524479006661878,-4.1248759053680955,-1.8900872237068416
-3.3323485459326827,-0.6094273437721565,0.43637928868249587,-4.13902606058384,-1.8785693249762667
-3.3197132287725606,-0.6172664777386829,0.3947015609376242,-4.168627365583224,-1.8823595435648182
-3.320403678047361,-0.6326735626126072,0.3999414265294823,-4.183745757027648,-1.859015453597466
-3.301049444614163,-0.6129321888381664,0.38437814661743913,-4.195854165299254,-1.8450392979492047
-3.308214035359852,-0.5989405937716932,0.36510898995145824,-4.209679702256941,-1.8378622206913486
-3.3126480510175242,-0.56052704449,0.3440791122269481,-4.2472680460973296,-1.8304555459760172
-3.314243362259139,-0.5455730909534888,0.3160581261478278,-4.2684846540854045,-1.8246493898503025
-3.3138248863848014,-0.5085221614082333,0.29170814447580456,-4.29078183228595,-1.8019559595598278
-3.318305664586927,-0.49003997496297597,0.27368253288373023,-4.331961542791814,-1.7869027973410252
-3.3315676212199055,-0.47531338470708956,0.26156559122507583,-4.3853994417313995,-1.7809700026733526
-3.3051185552855067,-0.4682509229108168,0.24369462517972665,-4.395930389289637,-1.7677009658121776
-3.297144550724569,-0.48087086175921717,0.2510561661686959,-4.408738051575895,-1.7474338773592284
-3.2869488032604797,-0.4951806600448853,0.2693296304311247,-4.3789679434618165,-1.7552696606664224
-3.274292147840536,-0.5335902916279789,0.2757507053984439,-4.364405306267082,-1.7705425115017286
-3.270081911844725,-0.5840007695983557,0.29619753348858063,-4.325600159248423,-1.7926205887209288
-3.2386827236444464,-0.6335537540820768,0.3213432379097804,-4.25251953855018,-1.7969252601810188
-3.224581634602029,-0.670362682845178,0.3307257928142532,-4.194894401455956,-1.8005565375192807
-3.1986161008709657,-0.7008157266086324,0.33684565629064284,-4.120979438801866,-1.8259160371555119
-3.188367471407852,-0.7331592862086166,0.352379115124153,-4.070920848761201,-1.8537388324173611
-3.164522301836673,-0.7512896879874891,0.3756396836448929,-4.020165437598445,-1.8621026770749356
-3.1577802887208404,-0.756550441927311,0.3588324366375045,-3.94178272509253,-1.8862131017290409
-3.1535013514221837,-0.7862110228405537,0.37591811327199887,-3.8696345311189173,-1.8961060246834673
-3.155958280880723,-0.8092317995210541,0.38105576264274094,-3.803901575379091,-1.9103064353761885
-3.1363174540734278,-0.8471875326802565,0.4028174274877618,-3.7232052865147125,-1.9270416281158835
-3.1213722199898717,-0.8794770252361582,0.43614085422638255,-3.6637895648870895,-1.9355330799715391
-3.105898371968862,-0.9270478029751245,0.440445948122789,-3.5838678380741222,-1.9539415517397127
-3.0775797352009784,-0.9617134650658354,0.45831959905448016,-3.4878561596140196,-1.9636898128551754
-3.0621144257406474,-1.004301262378429,0.48288547808543836,-3.3799735482853532,-1.9787251453519943
-3.0147958182219603,-1.0516108830978113,0.530692801667785,-3.2553325400065147,-1.9907125134678998
-2.9711868837947266,-1.0679157432465538,0.5605069098814605,-3.15893843777644,-1.9849857449252415
-2.9472548406461865,-1.095612718387662,0.5732685308580736,-3.10086132543645,-2.008720930376271
-2.9237280964390613,-1.0990322851688608,0.5873591070261648,-3.037379170604735,-2.0080588049870074
-2.940894229450842,-1.0918237681913545,0.6095667578305968,-3.0013364283659825,-2.0116571519907898
-2.9656087991498072,-1.048793990406812,0.6234958860858352,-3.001207815766201,-2.0068355363158377
-2.9915095975516515,-1.0144373876907844,0.6009104924128367,-3.0486486747801615,-2.0044930023825827
-3.0131282389385405,-0.9619764181693022,0.6228293020692658,-3.116255273813074,-2.004221582387552
-3.069213776984255,-0.8997786936926468,0.6410016175599846,-3.1918742537711484,-1.9902301481984566
-3.0919449991068215,-0.8676122543682734,0.6515427851379786,-3.2907435289681044,-2.0033046333682956
-3.1229278677060104,-0.8282156357517299,0.6394563376109448,-3.4085348201523615,-1.9743905427347919
-3.166585020569553,-0.7911051083406477,0.6205377573759976,-3.531520941875085,-1.9725413830710727
-3.210403610447581,-0.7317235527646663,0.5867787281842645,-3.6476480807399994,-1.9719835816305546
-3.251934848456816,-0.6982842773906779,0.569214156468607,-3.75670914990581,-1.960036351224142
-3.275476094193695,-0.6533643595828433,0.5146465550409473,-3.8539295722372557,-1.944184645286044
-3.2871635646219093,-0.6198530774882774,0.48929007724513107,-3.9424326473350098,-1.9139421831647325
-3.2980516559823596,-0.6076804698623537,0.4479595699993204,-4.035003059563496,-1.8915454702933832
-3.3242780051375984,-0.5755854094844631,0.4244939250199008,-4.094638107433036,-1.8513725567573636
-3.3292294103927063,-0.5574476432736043,0.40290721008054303,-4.141380044600563,-1.8449004372935136
-3.3400753730700457,-0.5632843600961099,0.3852670818085956,-4.203821751972232,-1.8256082401925773
-3.3582652952974543,-0.5451174359339648,0.3767124043101639,-4.2383717556233895,-1.8267580622274837
-3.356756754601329,-0.5390556793381497,0.35471409353443917,-4.268337235155156,-1.816438647719737
-3.330876171033018,-0.5094613965358079,0.3358816399937336,-4.316253369631401,-1.811557535612247
-3.332725416992831,-0.5311859339355387,0.3166395450814443,-4.35059730065099,-1.7911420134000475
-3.322933289844781,-0.5106212677296768,0.29524992218682716,-4.384125166691072,-1.7729137420104628
-3.3253926709490744,-0.47494980934161884,0.24242548653756216,-4.39589137963316,-1.782666752644612
-3.327259569727839,-0.4377244975423084,0.22695417556723232,-4.4268835173285925,-1.747637368220099
-3.3182964382614837,-0.4203297538434194,0.21351221660007208,-4.460608911915321,-1.728936628037572
-3.315557255931189,-0.4079517875894392,0.20019895483581307,-4.505380972464472,-1.71933149541272
-3.340536772145348,-0.40488814077866386,0.192753634147654,-4.495054745277396,-1.7178492226996278
-3.3160396796392004,-0.4081356673348804,0.20596624944774455,-4.502771960257099,-1.7088270881797563
-3.316485775990873,-0.45653722027130805,0.2220451188322514,-4.462880136021608,-1.7203025991839982
-3.2692647627154323,-0.5150426044704568,0.25282018251232213,-4.417186075688739,-1.7193486954470218
-3.260548223090471,-0.5488423606882795,0.25709938790152376,-4.36327669104719,-1.7449991174286452
-3.2565601319774347,-0.6270726655435327,0.263010393930269,-4.300997641587728,-1.7833311407616268
-3.207251560156336,-0.6777211042259638,0.28274181073890897,-4.223959454972211,-1.834351120405207
-3.191258647085429,-0.7334469058904176,0.2838206360759166,-4.131296224558268,-1.841710766145504
-3.181380041358459,-0.765837634121216,0.306828879034671,-4.054925055992625,-1.8610434300717926
-3.155974719695181,-0.8039541958554624,0.34385784614163295,-3.949653571228608,-1.8914336573434491
-3.129950560653384,-0.8456936664219161,0.3561461028333899,-3.843709012884599,-1.9019741178038512
-3.1093068387045504,-0.8992648710018531,0.3734295100599282,-3.734840703292777,-1.9098819850653967
-3.0766869516312076,-0.9296822664641677,0.3969449693356864,-3.6286177574273446,-1.9221202622837823
-3.0559107927244167,-0.9654519756707037,0.4346362268257317,-3.50890128303414,-1.9315460319439721
-3.031665965383164,-1.0006603952268631,0.4591132266227456,-3.4091921553118123,-1.9462659358815402
-2.991779049547992,-1.0432186116022388,0.4950852794538219,-3.3009777231182875,-1.9710031424527596
-2.964206481002375,-1.0955837883143713,0.5080893621180298,-3.1794007420027914,-1.966025484436661
-2.934356051516284,-1.1295012195536094,0.5562579135434005,-3.071418932491495,-1.983659337754362
-2.9148358775645664,-1.1623094378137437,0.5737591406134428,-2.944759167125944,-2.0058844267110785
-2.894425952053192,-1.1733496429203842,0.6051188002229166,-2.835803509508218,-2.023298419410317
-2.8824105809144362,-1.206613995367131,0.6174967527131218,-2.758457477514012,-2.0445000363023507
-2.8817930827135116,-1.1954509682027517,0.6201910593270096,-2.705821946592375,-2.043811551369635
-2.8873822014163912,-1.16948377327613,0.6503908832929874,-2.672509489162528,-2.0318968837264397
-2.9084855266456677,-1.1406739946638036,0.6677634362043151,-2.68977566574853,-2.0283798866793705
-2.942204365568386,-1.0823065327242163,0.6729899079895665,-2.747030755992856,-2.0283124002523505
-2.980198757988656,-1.0255573362965587,0.6741302049956323,-2.8352794905146776,-2.038498121514924
-3.0140219774773698,-0.971462146847453,0.699957693463734,-2.9399759554282268,-2.04439307498416
-3.0879634677559356,-0.9185744960717577,0.6744185683118171,-3.109987486342281,-2.028125412774142
-3.172541427969854,-0.8665070406543697,0.6848859720724827,-3.263314059397741,-2.007951677196594
-3.2070347597617492,-0.7979883463875261,0.6534989123509807,-3.390752742482265,-1.9969607848392736
-3.230828962555779,-0.763871675741352,0.6229359161318275,-3.5108855315067777,-1.9923310654728057
-3.2770415100136465,-0.7312834968155749,0.5985555974270568,-3.653753525381069,-1.9803470586646086
-3.3053689978482867,-0.6791299724053587,0.563873846766791,-3.774802795021166,-1.9466218195114056
-3.324895565403189,-0.6807781869425259,0.5511252731701947,-3.8568795400937814,-1.9446410537402425
-3.3284188157108647,-0.6602142847709328,0.536627737979249,-3.909057662260778,-1.9207933011215297
-3.3235473639191095,-0.6545447424665761,0.496638965736352,-3.9784536320290917,-1.9141249850928956
-3.3243223601690297,-0.6535276435934048,0.4597312631492329,-4.004836246095171,-1.91239302442561
-3.315756008101716,-0.6485206204676619,0.45337689799611297,-4.044302970830189,-1.8868480160196164
-3.320162199835981,-0.6555862713671076,0.43219187765186434,-4.067059417868679,-1.9055573610436032
-3.3200033217650873,-0.6508331002004727,0.40835323890453695,-4.093258203604938,-1.88516661525182
-3.319879781012389,-0.639698544917499,0.3755412354859394,-4.114497685749975,-1.8734300894378726
-3.3029024636874427,-0.6169739129022437,0.3727287284999799,-4.118885993813837,-1.8544838987088086
-3.3022418312871316,-0.5867175198323644,0.3543628255691756,-4.14539939605667,-1.8400966415290823
-3.309315772789079,-0.5514526588606078,0.3440183087293543,-4.17931912928775,-1.8385182959971365
-3.318613962389018,-0.5326541699677756,0.33355487003400347,-4.210659647605954,-1.817296174214437
-3.3218460971231276,-0.5118876865465279,0.3204059900725727,-4.251455567663427,-1.8030437958798289
-3.31675148123493,-0.49040262527614387,0.2941961410953608,-4.298238486298973,-1.7935639530716918
-3.3334244432713183,-0.4710311063357144,0.2753986999866867,-4.344883268289466,-1.7895641603173273
-3.3226332205603115,-0.4712076807614372,0.26659097753905026,-4.331165044670065,-1.7739178856330398
-3.3111940262900292,-0.4975898718988094,0.2766304917638774,-4.326171025776699,-1.7806594515409295
-3.303753134924507,-0.5381605344454711,0.27268109833186843,-4.322497784826014,-1.7767724018423603
-3.2916536956257487,-0.554502789654301,0.27633220084767274,-4.2888717417175375,-1.782556297039111
-3.2700707062730197,-0.5870811796485287,0.29113460992351076,-4.242742953219333,-1.7864511989002954
-3.2621426648394563,-0.6150189712289524,0.3092072206787129,-4.215974847753397,-1.8040516050839548
-3.2494453344516523,-0.6385030406116624,0.31216988257019673,-4.194477435918694,-1.8146115561031138
-3.2392987876363137,-0.6491048444220985,0.3321715900012993,-4.146703050805524,-1.8318220818079651
-3.2360288103738006,-0.6829733667935384,0.3264209047731792,-4.082034910706643,-1.834262988879646
-3.2154949559475323,-0.6993748930420778,0.344587305023809,-4.051445608549759,-1.8325878550657695
-3.2168814174925844,-0.7251540527986375,0.3627963249009692,-4.019389367726265,-1.8573318983204032
-3.197167617466593,-0.7553105985110333,0.3585611876217214,-3.95543284085231,-1.8574607600012805
-3.1823671916966876,-0.7740579214450806,0.3952275340750179,-3.892160578319271,-1.8764046283243125
-3.1587692945972066,-0.8155938139518993,0.4084792173117966,-3.8545867087720165,-1.8851078141650244
-3.1350994705579436,-0.8382471065280889,0.4325716077099677,-3.783990545256992,-1.902444046055663
-3.1088148732332637,-0.8825899062561684,0.45179321650979787,-3.6936874370954262,-1.8986947998789283
-3.1152688165813984,-0.919629735065411,0.4730546724526464,-3.612347071638195,-1.9376566801981936
-3.0816865682732493,-0.9667812357798498,0.49278563754245985,-3.497112163004029,-1.9673007751701266
-3.0519913199319153,-1.003986482585168,0.5053050027964233,-3.394576082096524,-1.981733738282468
-3.0298979382811626,-1.049902539345896,0.5325115586893456,-3.3437283475495203,-2.004066094306513
-2.9960063483075303,-1.0394782201158903,0.5371346806901575,-3.2852987634872903,-1.996558277909783
-2.993868666044465,-1.0402031385177546,0.5287737658783616,-3.2522257369774126,-1.998376179714415
-2.9954931770134006,-1.0239845454565433,0.5564035865363677,-3.2226888769610142,-2.0090561922373062
-3.0063730167522706,-0.9989062888470946,0.5673471896282524,-3.202685714350381,-2.0212955328022164
-3.038580664901183,-0.9851917863359669,0.5777414632812901,-3.2251487193039003,-2.0159334035292935
-3.071374574141147,-0.9425575698039993,0.6000785140494586,-3.2809946061105792,-2.00306189010361
-3.09406410665441,-0.8951238327555587,0.5948523985047004,-3.3491618945364987,-2.0041673822144266
-3.098204300824115,-0.8566238737945066,0.5842250023298954,-3.430797431199961,-1.983535232739008
-3.149052078843354,-0.8279520815610861,0.5826659892422102,-3.522385034126212,-1.9831703904118847
-3.1887745092365942,-0.7960657910708924,0.5596080448517675,-3.6009243079563076,-1.9615713151174914
-3.2168439536455673,-0.7493268493808511,0.5354720141573646,-3.687768797265499,-1.9503987972530554
-3.246225613148381,-0.6891474166444699,0.5183207565983523,-3.7830911261889018,-1.9257225576455475
-3.2663859196896863,-0.6417818871780318,0.5118734462558803,-3.8642359076182253,-1.9113476405787453
-3.2812081337149896,-0.6113730002112425,0.4971081967277902,-3.9497437576090744,-1.8993801850049987
-3.28804330290767,-0.5895021614264262,0.4425847219205365,-4.043514967440934,-1.8824505767730126
-3.3095343977199527,-0.5690760482394442,0.4232683582706873,-4.116247755672652,-1.8757370348822664
-3.321752228172713,-0.563772245129572,0.39265868125945863,-4.163909130322067,-1.8503557911295772
-3.3349403947375142,-0.5374270660171454,0.3803088095486103,-4.231690917736517,-1.819022381200829
-3.329553314377341,-0.5116711153459785,0.331509472635312,-4.276815166619301,-1.8171618837331436
-3.3399836238404146,-0.5048275737049513,0.3031776927871925,-4.306131127301294,-1.7988599226402506
-3.3403866325869114,-0.4792957634451457,0.2912918815278755,-4.3337965667614755,-1.7844930545661464
-3.3549512617297346,-0.4521133267593372,0.2705281794794209,-4.370121143753866,-1.787859442572888
-3.3494553166031498,-0.41421464159620464,0.25131240444863806,-4.397249629631966,-1.7541024569600947
-3.365358936266301,-0.4045734382239353,0.22667552891710235,-4.451094907711396,-1.7350546624341663
-3.3582159255027833,-0.3800038343783886,0.21433362762759392,-4.479010605186447,-1.735018796305222
-3.3654514001972244,-0.35869210955548303,0.1742981322693896,-4.520545662692438,-1.7124866162732906
-3.3443393805246093,-0.3522098807303152,0.16330004542922713,-4.55033458697596,-1.6835391966990714
-3.346477256121815,-0.3668794382550205,0.14274699083456222,-4.543479604668656,-1.6762415334518062
-3.3418224843287536,-0.36379365435360594,0.1600690962064414,-4.533899727144567,-1.669886910270602
-3.3408384308137835,-0.3811957854909801,0.15498623292646382,-4.533205836947669,-1.6805400743407843
-3.31504018754296,-0.4235974585801793,0.19017195987804167,-4.505042538855342,-1.7030377157601713
-3.2784721875246774,-0.4923968500896874,0.20284891293887183,-4.441358403309521,-1.711277288132528
-3.2749530790355332,-0.5561226318400984,0.2191188613240751,-4.370740681739423,-1.7495874419771253
-3.2529954296653694,-0.6020720851088958,0.24550317978199646,-4.2721091929735,-1.7846759887216395
-3.242727815127778,-0.6571265833007702,0.28080574754958915,-4.180390478702248,-1.8058968917521512
-3.190320600030878,-0.7240820925949879,0.29828235817267884,-4.06803088104678,-1.8267398590621566
-3.1626663994276605,-0.7721926868843223,0.30783591113435727,-3.9689297379206128,-1.858086069029389
-3.1317595485083456,-0.8298532592524522,0.33606415382418175,-3.852087564786172,-1.8839271900457408
-3.1046961902856256,-0.8829893389974095,0.3632400494536219,-3.7270103216389163,-1.9108913324231087
-3.0727771733300844,-0.9333395651105901,0.42603229294895817,-3.586762431308646,-1.9334127073815386
-3.0461022064604166,-0.9956938910000317,0.4558688239214045,-3.456376880328227,-1.9700336680435684
-3.007833166552832,-1.0487176566047134,0.4669481367384746,-3.333005977182433,-1.9909743984633952
-2.9597975257298343,-1.1160458463512313,0.497838393814499,-3.1715382270143917,-2.002029352036711
-2.9473946299446103,-1.1459018077644032,0.5509039583126496,-3.0545008823515016,-2.0161541123864475
-2.898681123565724,-1.2023241730211567,0.5777975617029733,-2.9323034543705964,-2.025458156116703
-2.8797828498370523,-1.2385137673259388,0.6136642856097646,-2.7963522858776337,-2.023280834321625
-2.840758957074268,-1.2637575231236744,0.6377889388943392,-2.679106102042371,-2.0397083249495322
-2.843386539155228,-1.2711229169859426,0.6659159348690572,-2.572641977107461,-2.038626203255488
-2.8231940528818344,-1.2581420604057099,0.6688684971149989,-2.4709081317012442,-2.0561220749842883
-2.849117482170121,-1.236297612581996,0.7064920069015901,-2.4372058756938983,-2.0538803883247403
-2.8657240693949784,-1.218960218930719,0.722691918685843,-2.4502244675822906,-2.0612738643384363
-2.894315831582971,-1.1621448463250643,0.7396289131284045,-2.505481088551954,-2.0741644921158597
-2.930367605298259,-1.0806556457208396,0.7373279798418807,-2.5997463153101585,-2.0532819928142425
-2.981463472813336,-1.0258617014307192,0.7445947144786162,-2.730003825821615,-2.0569486768477887
-3.0346066222807733,-0.9477946726663652,0.7336065451749938,-2.8978162713548326,-2.0513057041972287
-3.0833705300644105,-0.8854615584994875,0.7297587685312014,-3.0526937537403653,-2.053548889224506
-3.147967569441753,-0.8445766013417979,0.7116323805210198,-3.208342562653339,-2.0421195843735047
-3.2009636521643667,-0.8021759493471352,0.6943852103252738,-3.37392803154153,-2.0412276514683065
-3.250236545014488,-0.7835556402132917,0.6457391704664852,-3.506618025395221,-2.024930239967411
-3.289591646566034,-0.748924266109865,0.6277698473998827,-3.603270803731458,-2.025348289286144
-3.3002401405654873,-0.7403282801404315,0.6185217211646746,-3.6946841824916796,-1.9942888065511535
-3.2997175211515364,-0.728156207932397,0.5581557531330068,-3.763701125046843,-1.9764431735083972
-3.3039535315961266,-0.7141160419759808,0.5527194671589268,-3.8227615767872813,-1.9713064553059299
-3.321031214647772,-0.730091435369131,0.5408167052501411,-3.8756723796021393,-1.9747714801709388
-3.332942012703808,-0.7231261004260159,0.5165136741720961,-3.8804447143883123,-1.9531816586969775
-3.317277019176057,-0.7386522935012829,0.48783099589158385,-3.8872088277848387,-1.9518957601058373
-3.3123442946544075,-0.7379997942145435,0.49438997008412916,-3.921896051663836,-1.9472417346941464
-3.2827797513504517,-0.7390139377786945,0.4829935510745818,-3.9178715084665794,-1.936389322924487
-3.2625106710140925,-0.7413759035336234,0.4495930895780426,-3.944054538773393,-1.9131368264714532
-3.266574724165541,-0.7355809870928759,0.4302841633362661,-3.9661878748917037,-1.9037010510059127
-3.2724497698144708,-0.6967026194016128,0.43405513609040686,-3.9769167329336628,-1.9092454015990932
-3.276211722299866,-0.6581720029855846,0.411268102841317,-4.006225340725099,-1.8605457057847965
-3.302038509528445,-0.6041390531695102,0.3995745010632047,-4.068590136436174,-1.8566869146791511
-3.297335402496737,-0.5712052042794895,0.38972434375292536,-4.11973804233255,-1.8408941154945822
-3.3188518104032068,-0.546132148524952,0.34109137496544284,-4.1783583623569145,-1.8374459095941784
-3.312749949606343,-0.5314417912250404,0.3512687039083258,-4.214604533114919,-1.8170093429444036
-3.323366971512569,-0.5345511201554003,0.3270533360886431,-4.255813644199275,-1.7980819958303844
-3.314757723664465,-0.538991607368379,0.3362397179496049,-4.258469004992324,-1.8014603741456696
-3.311997616266756,-0.532200700862121,0.3040538159862267,-4.267798575912818,-1.8085290047233022
-3.3004753617217157,-0.5518763697160892,0.3189988460537371,-4.2812081380014595,-1.7976193443095283
-3.2933982608979586,-0.5546757118156267,0.3218608854281724,-4.284337660697983,-1.7932392801459678
-3.287667528424285,-0.5683817767795702,0.3389154006283993,-4.279191627199843,-1.8058472646861563
-3.2866635453563267,-0.5635141723024115,0.3127625017241123,-4.273753505563712,-1.7827276025843786
-3.2739504742209995,-0.534589829790411,0.292855607557058,-4.2633134321466235,-1.7848273942621158
-3.2726871612818713,-0.5308423179695816,0.2989035655250632,-4.271240835682253,-1.7813974613648187
-3.261577273160013,-0.5426295127206492,0.3008486595508503,-4.285966783359159,-1.74757566653121
-3.2612476303424835,-0.5296222195608468,0.2794511503227053,-4.315109719212525,-1.7449885693569103
-3.254315631843944,-0.5394279280965921,0.2867602439168219,-4.296366639490723,-1.7547472346026676
-3.241867473881478,-0.5670598861372436,0.29349523158162016,-4.277630499317792,-1.7694856884817527
-3.2585569424487026,-0.5981199829115083,0.302780277428878,-4.225351564672108,-1.7857477334909688
-3.229607515286603,-0.6172288282974303,0.31570139245564277,-4.18490734899284,-1.7858007543682393
-3.2186559487817057,-0.668214215614298,0.3412599806302455,-4.098623116795757,-1.808741219168012
-3.2028118431317787,-0.714597765476094,0.36327801208117044,-4.034431259393703,-1.8298314670614086
-3.1954538907557,-0.7525732668730115,0.3657311217826249,-3.950893387697133,-1.865067790938403
-3.1491955851241853,-0.8249382580832583,0.3924686773491259,-3.8651854719817864,-1.8904877403935685
-3.121137581467498,-0.841433348741913,0.4076984092220295,-3.7800909447781046,-1.9089087153479867
-3.1194616828555093,-0.8796937176304758,0.43269322084407275,-3.7083840369938614,-1.9212432634255707
-3.0989624418005,-0.9123238605007675,0.4538724693676486,-3.6290480204210165,-1.9347043950960847
-3.08752431694879,-0.9428356781075488,0.4718777600279444,-3.5485627566063584,-1.951070413397089
-3.0713280292258918,-0.9547145350176065,0.492942798164842,-3.489946401650155,-1.9662950099798506
-3.072638976552028,-0.9670827369419299,0.5205061682489143,-3.438480371872786,-1.9628493337593589
-3.055218688716397,-0.9908834151212524,0.5400995779561438,-3.3775298584805222,-1.963176648312606
-3.033195602231274,-1.0059858292750399,0.5389702245339296,-3.3131390283727713,-1.9764898742317187
-3.023938675227311,-1.0272499636676857,0.5705265301863198,-3.284863190883534,-1.970918655433797
-3.011357421765575,-1.0258231347810243,0.5808469569168268,-3.253199099593067,-1.9946230948493926
-3.027229325870322,-1.0335450355002054,0.5876809657239491,-3.2019510123018335,-1.9964174206255765
-3.013244697779058,-1.0369120080532075,0.5990591058609177,-3.19031266323564,-2.000578263324019
-3.020688135109267,-1.036190963283919,0.5930581464169771,-3.1879227101389183,-1.9784446273221876
-3.035926144240447,-1.0236641520594068,0.611668052476425,-3.2042502695403465,-1.9897374956478406
-3.068586109278108,-0.9686064422698912,0.6139351511595771,-3.2415449086189274,-2.007924066546817
-3.1021695922645027,-0.9087657837257068,0.600657513352646,-3.3386966886694425,-2.0153179852169
-3.128194326328696,-0.8565357878589988,0.5674264095612608,-3.4428686658061967,-1.9888907926444142
-3.1630871493765933,-0.8054358368312886,0.5679036686236963,-3.5524761466013857,-1.9764282403998252
-3.193117396700136,-0.7360118192756081,0.5417352392455479,-3.6587625346605885,-1.9467761312809955
-3.2369864804417317,-0.6831471824593531,0.5119206459223196,-3.767890938261115,-1.9490934399786808
-3.267220588940434,-0.6502165814441576,0.4812702329935059,-3.86729677246452,-1.9005766233248422
-3.2920304817403574,-0.614141197733956,0.4591577889817377,-3.939926287707015,-1.8938640326148353
-3.291996470121301,-0.5893520766421702,0.4399883944373097,-4.018802054514817,-1.8789353550044239
-3.3155018833657124,-0.549198547739539,0.4307542858004771,-4.118049579362989,-1.8518408354081317
-3.317830482804871,-0.5449588496954706,0.397285954073825,-4.191084334525286,-1.8336365940103492
-3.3459706390107926,-0.5247496439369002,0.36259738351138077,-4.225437109609392,-1.8356310636987319
-3.34104063879197,-0.5138832956726781,0.3476468352258667,-4.294389714074985,-1.8139383510684557
-3.3399275530198627,-0.4818978184377092,0.3335904360628775,-4.3322329440832155,-1.7762477538832098
-3.3404843831054243,-0.4817650749321969,0.2928322622520824,-4.374775178748682,-1.7777725569660607
-3.3515937076105753,-0.4632030455582139,0.28708071170188615,-4.409712632132664,-1.7753528500621263
-3.3316250697561203,-0.4507499840404709,0.2552257920406345,-4.429670498403426,-1.7483714531943035
-3.3328597012916195,-0.43640476611128604,0.23565212933790258,-4.479172417205847,-1.727424932644751
-3.330883005096765,-0.42388872831203817,0.19851771403927418,-4.512459303490779,-1.7090073542071296
-3.3381657905513276,-0.4032600760894025,0.20154061322156874,-4.513048182668656,-1.709809391588601
-3.342449200859847,-0.3732114698072125,0.17391251646213077,-4.550661677346738,-1.693706947743616
-3.32864082914001,-0.36175591853297023,0.17061015402726382,-4.562675043962324,-1.6773580065822702
-3.319755098837943,-0.38818357226421935,0.16742881338203272,-4.56179369296637,-1.6661890087424756
-3.313821101927729,-0.39989550590192885,0.16183166995096462,-4.529708066784662,-1.6800931696903856
-3.290387836641749,-0.4500873733024825,0.1896594621241961,-4.490680834918773,-1.6757977868507743
-3.2731854848915742,-0.4888863159305521,0.20070812399455149,-4.442962610373539,-1.7025827473504906
-3.2649317128217663,-0.5634206514651292,0.23759960168305755,-4.360476427887604,-1.7390690343601471
-3.2285742018443,-0.6187529246880419,0.2633533016751497,-4.273538756498212,-1.7786883709324495
-3.198843830962025,-0.7007624671665074,0.2676225613929935,-4.170197558515397,-1.8213681617491166
-3.1916134877143696,-0.7565054405932762,0.2982154078545068,-4.06204008419619,-1.8491238495999445
-3.140648987320226,-0.8156582352878751,0.3098950302613223,-3.95117344149292,-1.874435524176422
-3.112154901501519,-0.8621444607061706,0.3547428629349291,-3.835021007761552,-1.894867451275214
-3.0790848408562397,-0.9160574517020859,0.36805852044211124,-3.676980254187032,-1.9239716735504038
-3.045798223531401,-0.9684849934792497,0.4183939163137755,-3.5549979629388084,-1.9430931576567294
-3.0072339942572426,-1.0094084969690285,0.46945822362120615,-3.427713667805829,-1.9658086743574954
-2.951746106240811,-1.0673269949619841,0.4875953976089739,-3.309386361594736,-1.975059880419044
-2.9389095471879303,-1.1000158942319673,0.5117799816600718,-3.182598562262025,-1.9882945196847834
-2.9008219832174906,-1.1418929947840106,0.5229136835808316,-3.0578593661009656,-2.008174768036788
-2.8827520479747237,-1.1770231461396667,0.5564524696148332,-2.92600558265525,-2.0178130824865033
-2.8529426924403496,-1.2083994316834161,0.5688535304187291,-2.7941099643756195,-2.027165569638597
-2.834969788260236,-1.2319591295668424,0.612069872730108,-2.664217514018084,-2.031110843536875
-2.817038936415511,-1.2635859535001237,0.6537414225996722,-2.580608145031627,-2.02142852070465
-2.8046900097072958,-1.2433394496182013,0.6588610075845909,-2.5196860141120836,-2.0287715611675377
-2.8131374146236334,-1.25074396050538,0.6907082747014405,-2.480682732147773,-2.035512514964189
-2.8335300061651645,-1.2127854925469734,0.6954032558518113,-2.5119924256683612,-2.030685705561671
-2.867668901417895,-1.1763636653755,0.7056243898585315,-2.5703854946960214,-2.0356420404161235
-2.9217470911491175,-1.1037264188625182,0.7211404820082716,-2.6783282438979663,-2.04851422989079
-2.9647852662361336,-1.0281789596036486,0.7296763649442487,-2.8310819246228283,-2.0442115353266535
-3.026150543377955,-0.9729402511735827,0.7393917656690486,-2.972336318928305,-2.0303010209754015
-3.0956683185450253,-0.9002175658490975,0.7238057042112775,-3.1534783073214667,-2.037952938982729
-3.1396633404222856,-0.8546929072821574,0.6910594452888379,-3.303173300004571,-2.0403588553171264
-3.1937444633959444,-0.821332429937433,0.6709015538064297,-3.43862658739929,-2.0285572030332135
-3.2328787230071434,-0.7817133911771279,0.6403914475525505,-3.5565899753001493,-2.0094369340999694
-3.2583038050624737,-0.7609238698678842,0.6228832185168851,-3.6326562861754628,-2.003171740326728
-3.284684464451349,-0.7360476131803498,0.600068216072368,-3.7132332775249957,-1.9801397379409802
-3.3001522722901053,-0.7390561635537388,0.5817284689090384,-3.7998162466588066,-1.973660863218755
-3.306275775099951,-0.728158698801065,0.5581680138811757,-3.835807736906321,-1.9627475971308042
-3.3023115246537857,-0.7553548073861047,0.5517638053544969,-3.862225244768213,-1.9670953513772058
-3.3165106197998373,-0.7468251219638807,0.5366539760506314,-3.89170270311557,-1.9654113495337289
-3.2979842545055678,-0.7357402304784241,0.5205622903463673,-3.909177848748691,-1.9564513260971927
-3.28811176167643,-0.7348054095872216,0.49492373857910094,-3.918259616939769,-1.9724317057862153
-3.2996213627052366,-0.7386624298658956,0.48289348528269727,-3.912814080981035,-1.9404179848167136
-3.2932966422066405,-0.7085935216919921,0.4506032176451823,-3.920280912701933,-1.9417310309017655
-3.2937919000657825,-0.7098593008641807,0.42722260433685655,-3.9481952957703013,-1.9164369109674058
-3.295894240369747,-0.6776313886143609,0.4135660097230206,-3.975363875636018,-1.8969806037462256
-3.3034485810207883,-0.6598378278629173,0.40131984282086963,-4.023105438813805,-1.865106348706729
-3.3059014318681337,-0.5988903880539675,0.3839618920234287,-4.082209283635397,-1.8428692328550627
-3.290031493960043,-0.5691742460219118,0.3540553163836787,-4.147630105066117,-1.8253382541234187
-3.3084733885426085,-0.5473064965865255,0.33366314866141716,-4.196259255465474,-1.8235359077951918
-3.3104714558339734,-0.5369358538782343,0.3110547087918525,-4.229281085399074,-1.7975423350875384
-3.3080903728519027,-0.5257653709931379,0.3227863058616445,-4.240785053147112,-1.7895434912666968
-3.3163778324796263,-0.5399915131498998,0.32249496223906704,-4.259349271928921,-1.7827277716614685
-3.2887612832258997,-0.5592883266544744,0.3194334644114534,-4.274345687469259,-1.8005126084979857
-3.285347537195916,-0.5722857096701931,0.3313062151963958,-4.285763162571752,-1.8064818937065157
-3.2949793429218697,-0.5851483625489508,0.3197437387980266,-4.277951723302278,-1.797036063488789
-3.282333244838343,-0.5586589662286539,0.30588884891302254,-4.267758389054576,-1.796802606315023
-3.2750634986909035,-0.5719277172377744,0.3145985882020134,-4.243673641451787,-1.7997356180038329
-3.2845129973874414,-0.5644646849683727,0.2952203978505795,-4.250763837574959,-1.8072193433430463
-3.273190942045665,-0.569170363744177,0.32546537158890754,-4.256689141774628,-1.792038029982958
-3.2760688235644024,-0.5539767949794938,0.28996829819872993,-4.256770883555226,-1.772006094875737
-3.272019618860749,-0.5503717514475597,0.29899359308321094,-4.244054235440006,-1.7867180586081362
-3.27025305055106,-0.5752199044748051,0.2882967290825561,-4.22996177443024,-1.78520163649578
-3.2780172068135753,-0.5910990247949679,0.2955031114614398,-4.2276142256255715,-1.796357520048886
-3.268549010303452,-0.6207028560565949,0.3142726200906236,-4.183800402143001,-1.7999087956142852
-3.25827386308842,-0.6559884605113073,0.31083846833144163,-4.135940323153603,-1.8265104866347386
-3.2455732815664042,-0.6885844379445495,0.3273458534101884,-4.087192321510646,-1.8436352937974398
-3.2247152660307745,-0.74575419801688,0.3503317400739878,-3.984714923542785,-1.89058870159974
-3.1789351770107004,-0.8042072163296604,0.39057673962151135,-3.88240152846628,-1.884487308444528
-3.160046538657016,-0.8315899088607241,0.40395046754916125,-3.8115281498563887,-1.8923267128398369
-3.156621546037176,-0.880812951213058,0.40813522031939475,-3.726859115788088,-1.922257876206695
-3.1268355859808907,-0.8983781373907478,0.44218683458531777,-3.6363922163337654,-1.9225105147999275
-3.0899557413205256,-0.9054071604553671,0.44673270124694203,-3.565317210791727,-1.9394741557344906
-3.0750443389958004,-0.9282318489056122,0.4654434138127551,-3.511369115903087,-1.949500270016592
-3.052635996195439,-0.9455836049289272,0.49552664450006695,-3.4565905267808037,-1.9436040812517055
-3.056476128890646,-0.9714408648645587,0.5222971968954238,-3.4146534300848126,-1.972633042930121
-3.0372012058591875,-0.9799745138987408,0.5268308005540543,-3.3595794518764204,-1.96968914132937
-3.0645012421070255,-0.9715112948328118,0.5421918468650622,-3.3188018116389166,-1.997293016428794
-3.024113584797084,-0.9941965295501403,0.5383825539077003,-3.2878309825406866,-1.990037209809582
-3.02069462079319,-0.9979365924259678,0.5326745909412972,-3.245177880532491,-1.9849601166508306
-3.0382720557646423,-1.0087206959579615,0.5591858746191773,-3.2144529795278562,-2.0002398132083674
-3.0406165551290982,-0.9925475019406323,0.5621090092830996,-3.2228562730468746,-2.0258576821306935
-3.0490412876639947,-0.9686830039011798,0.5817400228205402,-3.2152987710607195,-2.0144400622819094
-3.0785721616643595,-0.924512904909907,0.597668599441468,-3.249831742396945,-2.020705422742114
-3.1179757133698116,-0.8879558645863797,0.605932888653145,-3.302789808584864,-2.0320704627103656
-3.1667435391546945,-0.8416662978178457,0.5833890495977392,-3.3866149807148043,-2.0161404673111956
-3.2079779825958328,-0.8023456330245623,0.5659190520484716,-3.500409955769867,-1.9981480234051217
-3.221479935962536,-0.7403106739001138,0.559463118520685,-3.598734237788299,-1.9762864406753218
-3.238964778361494,-0.6906163024561333,0.523328749976278,-3.70773703331151,-1.9494412653918243
-3.287973819250312,-0.6503042805224758,0.4979984180208361,-3.8384525196462045,-1.931269461238087
-3.3149120641653296,-0.616927519912238,0.4837335884063287,-3.9107602068167533,-1.9139016505807682
-3.3387051940824484,-0.5585672227665726,0.4686809931586529,-4.009795172486286,-1.8735083336676999
-3.3222370637544434,-0.5441371997199471,0.4500078795302426,-4.0910822344069215,-1.8422438365673546
-3.3409940741574258,-0.5315504135093921,0.38761662221235765,-4.157980362846045,-1.8423722950131318
-3.342713634962069,-0.5155061089570734,0.3605591681485168,-4.220683321643108,-1.824549733179762
-3.351523920396812,-0.5050010874831343,0.34442557201973706,-4.271419844998035,-1.8140090551068717
-3.3544896662859394,-0.4865984997151026,0.31992381244047396,-4.331415152888032,-1.7925555748100732
-3.3589619634665486,-0.47432338676917557,0.28461152756108965,-4.36618085621647,-1.7811497672874261
-3.345722834127834,-0.455373122993428,0.2576922430916593,-4.42723826457044,-1.746715595412997
-3.348976481761676,-0.41878847748684966,0.24285576421315355,-4.454360195902399,-1.7373538535356199
-3.338771380437137,-0.3930306621387134,0.21285556880039372,-4.494202049331485,-1.7096960165885913
-3.336339309060048,-0.3853712482030884,0.2081288547241142,-4.5127393458194165,-1.7003456090033278
-3.320757150673057,-0.3629394459224612,0.17824970961202358,-4.543446175441039,-1.6627835621922455
-3.3470492030136128,-0.35762609248387656,0.17011217966949277,-4.563944396184121,-1.673549527114931
-3.3280500984485877,-0.354990494453804,0.1682374490284821,-4.577709966837965,-1.6714937217287285
-3.3041928103392526,-0.3785154225029624,0.17758005845625052,-4.572517289120614,-1.660169146947182
-3.2838487834353645,-0.41652594484754246,0.19000286384735088,-4.562234691979611,-1.6599163611925685
-3.278274802730934,-0.4409050402803778,0.19473886189740272,-4.499710929175569,-1.6769957633924455
-3.2610291285604074,-0.5031452315896232,0.21299051431259003,-4.449234417496038,-1.6974331961694287
-3.2514491281076947,-0.5624189421376072,0.2202555833349785,-4.3630059981874165,-1.723408237340947
-3.2184654390905387,-0.6157046871664483,0.24296261156557195,-4.276766584076659,-1.7720458065395086
-3.192029192686265,-0.6842787884885004,0.2746963185688699,-4.190041282792032,-1.7923015943612135
-3.164772362520655,-0.7706504574331944,0.29372242679437227,-4.0609238081269945,-1.8223420005871724
-3.1294813754417574,-0.8213557691909288,0.34714610763874953,-3.952749294500653,-1.827442460281464
-3.080623727639966,-0.8854786845020272,0.3697936747260755,-3.8394718450765213,-1.8677058613530784
-3.072800861115736,-0.9293368514537964,0.37732426364836036,-3.7022996565435498,-1.8889230819563134
-3.0134418676096204,-0.9641046804420375,0.42356829858288864,-3.5844003221745737,-1.9047686234673993
-2.9890565089767156,-1.0043677834948013,0.4367499242723506,-3.453158853383052,-1.9284385220276803
-2.9549283760147214,-1.059413685099092,0.44630168519104124,-3.3273609479767563,-1.9458548365125088
-2.9330094183871447,-1.1093876559782077,0.47147131518191665,-3.1828908365597908,-1.9561036324552152
-2.8989502111544585,-1.1490067233635803,0.5135314651089754,-3.036418175160671,-1.975598113399389
-2.880351575645017,-1.1632878449234367,0.5426285247313507,-2.9190273087219922,-1.9843844950896994
-2.854581643150339,-1.2025605202457639,0.5753755166748443,-2.7867263489427256,-1.9881276257910738
-2.8228355609014417,-1.2304823679252237,0.6113582583215946,-2.6911132918652294,-1.991137469300193
-2.8149182647839095,-1.2199463921201912,0.6458474148959468,-2.5970353853426005,-2.014812533221656
-2.816539446769266,-1.2645580681796236,0.6577846928212484,-2.516382038170245,-2.035744061245526
-2.7982267997069057,-1.2470371254040424,0.6787785683540282,-2.4753228072729736,-2.0480480889343204
-2.8162628850894653,-1.2204601090331058,0.7041793288570485,-2.4762699152011267,-2.0709106898991614
-2.8531881180872447,-1.1932943268691503,0.7266446625559547,-2.5361242297976663,-2.0561065794998146
-2.910639901538411,-1.1131098631863534,0.7471576414727102,-2.6097449411775435,-2.055139359737837
-2.9508664787750742,-1.0328628264940325,0.7204983115210606,-2.7235918576504927,-2.0660679932102335
-3.012856855104216,-0.9783796734620456,0.7372428928561516,-2.880067509487868,-2.0427786648358506
-3.0786279242408088,-0.9227624769317063,0.7130010752620491,-3.041978842896728,-2.0504690004172823
-3.1225044308914836,-0.8254014922242109,0.6999489688063515,-3.2198692484651943,-2.017638505203004
-3.1840664281026125,-0.7836924032462367,0.6823552698615211,-3.354416046272605,-2.013774444082703
-3.2166944005532097,-0.7387648172727884,0.6719486013405486,-3.4828715538077906,-2.003398892333698
-3.2488987414322352,-0.7256896171915141,0.6388670179683646,-3.5973760694150587,-1.9916402838864355
-3.284160125051774,-0.7021553427721174,0.621361688640487,-3.6890995884428874,-1.9781636472022672
-3.282226659232416,-0.7038566931520692,0.601467272526407,-3.7709178711145395,-1.9609503345236763
-3.289550596761908,-0.6832760104783335,0.5695058147569741,-3.8152763841536905,-1.95584970699548
-3.2945287695819863,-0.7194028186185524,0.5396091647077264,-3.8610192887977774,-1.9588012008855935
-3.287132197645873,-0.7293692938692282,0.5146687582723956,-3.8771300492708187,-1.9755556236828116
-3.285307998733076,-0.7339784778163515,0.5140303493935484,-3.8798831261138584,-1.9539590253385233
-3.274861487962076,-0.7363272334118486,0.5044687542186742,-3.8987606728355213,-1.9429526946406919
-3.2666875744540063,-0.752202506916895,0.4988375427343,-3.9186046890274215,-1.9477605068151838
-3.2635303300618217,-0.7421288845536311,0.47134869812344393,-3.912828173496447,-1.9357393081465688
-3.2494601773584284,-0.712949719180687,0.4579254862684923,-3.9438571419311717,-1.924908975156271
-3.25160017604821,-0.659961288876586,0.44479071644372487,-3.977944422050982,-1.9069323119572401
-3.27182384752843,-0.6349514426808586,0.42585691533937,-4.0033950642174725,-1.9055034784655884
-3.294784468241679,-0.5957950101089162,0.42141668828561607,-4.060351900955776,-1.878479543231733
-3.300804935652721,-0.5826214804570704,0.39451306703478367,-4.139969468375846,-1.8505721754245819
-3.3018425066136636,-0.5555366903148047,0.3728129370119318,-4.188335391150404,-1.843680513225596
-3.2954019131504224,-0.5489366685990361,0.3604070240296937,-4.239273830919042,-1.816304160585678
-3.3097623755908376,-0.5303024956832264,0.3465026746662061,-4.256161534685844,-1.8043513352841394
-3.316911057582573,-0.5475193613466335,0.34694658675860596,-4.287284112601044,-1.7933862071263766
-3.285969703511879,-0.5389947967795151,0.35029335950051776,-4.306089097553379,-1.7909936525401389
-3.298971484341882,-0.5526881614354769,0.3193757494517783,-4.308173518228915,-1.7919899461005593
-3.29245601063692,-0.5518620046454875,0.3228337916144295,-4.315241079570745,-1.786700059792964
-3.2936654169204433,-0.5603059352995641,0.3053599699482611,-4.302822610876551,-1.7787140772838235
-3.2812157405233595,-0.5566695689020587,0.3077133937344664,-4.321191000019638,-1.7661551362050925
-3.270757640306236,-0.5589663965411044,0.31133268334704367,-4.314544703421557,-1.767565936289691
-3.270883595038441,-0.5564509527791023,0.30016030853903425,-4.327677941421732,-1.774510773273604
-3.278596218492786,-0.5472593570792147,0.29844310832560855,-4.333638006298337,-1.7720630807181754
-3.283516394867622,-0.565821333645529,0.28916120602847195,-4.327951432831176,-1.7587889577579487
-3.2821341548267546,-0.5544590327185658,0.2726594524520628,-4.321958413467205,-1.7664408894901193
-3.270518872462475,-0.5533964670228549,0.30014241142372594,-4.298802333933536,-1.775938116077576
-3.26861216340134,-0.5854062444071728,0.29708032246163296,-4.262548441994981,-1.780844351634425
-3.2583906469966135,-0.6302452793206154,0.30941711273172395,-4.2262578570419445,-1.8013832597553587
-3.2161815144106467,-0.669179288698476,0.3287367837014988,-4.149468261783567,-1.8150131329643355
-3.203211997684256,-0.7223521168414956,0.34093947453391704,-4.105930205681518,-1.815592223299633
-3.159325904719933,-0.7717121556993743,0.3506154274154493,-4.004713725069447,-1.8371001500632986
-3.159080515318711,-0.8171034312996637,0.36976815079376757,-3.92837977490884,-1.8636496814485168
-3.138081892917456,-0.8503814644032333,0.40068005162579573,-3.8244954102506807,-1.882086544175145
-3.1234653856938457,-0.8814621665689678,0.4075639736040344,-3.759578647062409,-1.8920668609777997
-3.101184649266442,-0.900640868603201,0.42852371298293546,-3.6798845587311977,-1.9094830330177477
-3.0714203144378036,-0.9415274604540391,0.46188480022332534,-3.595363943943812,-1.920590101308414
-3.055647564546155,-0.9507944741573859,0.4927248050096662,-3.51344987442336,-1.9319974090890044
-3.048449930289056,-0.9723987195421246,0.5129140165568911,-3.4426740370578597,-1.949514106628099
-3.0425649188578836,-0.9892086510374374,0.5260059162556456,-3.38446084794916,-1.9700837352785694
-3.035781676914537,-1.0187202581126296,0.5474092738857377,-3.321396917402351,-1.9654786919165903
-3.0259019957770086,-1.046364019350141,0.5576732114905556,-3.272598764014069,-1.9947890282567426
-3.0066694262107583,-1.0607910858343534,0.5832335675913158,-3.222991149915651,-1.9867024941520357
-3.0060694656312825,-1.0494888507124767,0.5888981638472902,-3.151238224202866,-1.9947305436589262
-3.0084232583689103,-1.0534896574426047,0.6112960765286969,-3.1083745509708574,-2.016831482554576
-3.0219213433967447,-1.0395010565191574,0.6149249042558786,-3.10551529360676,-2.024844828066898
-3.039021342946374,-1.0299490447898663,0.6245932943688324,-3.1044541796888243,-2.0231263446237806
-3.0544876460830084,-0.9952381019497257,0.6149501949015035,-3.1655288982696344,-2.028563063465229
-3.0891524585038437,-0.9398711967636382,0.5941469890999374,-3.2473298278705616,-2.0181725411056872
-3.1272440109126878,-0.8621185885256232,0.6059455382239965,-3.3301734520541437,-2.0127018807208277
-3.1777172176640582,-0.8164985337191937,0.6004318125249646,-3.43451413926712,-1.9726797915497338
-3.198513390801747,-0.773704292654133,0.5807038601792862,-3.5689200335833533,-1.9692976091321763
-3.242933866997064,-0.7333811526286559,0.5626000253699698,-3.6890041112380634,-1.9397229806149359
-3.2655246127124924,-0.6829414531319266,0.5383483481344031,-3.7828576632145428,-1.932443404243719
-3.2914296882052416,-0.6461411052783953,0.5011671974732085,-3.8825677893024158,-1.9173052614134238
-3.311958361709086,-0.615208104368671,0.4700400515060999,-3.976610232833223,-1.9016218879506015
-3.330435525582924,-0.5870128048583336,0.44912872735202725,-4.048714920852708,-1.8801701127556831
-3.3547837472696274,-0.558062266628625,0.4319564921042162,-4.113349979918584,-1.8681930602688688
-3.3442427030909,-0.5341202731601643,0.3933767371851924,-4.1821351243852085,-1.8515768423834156
-3.3535251122347236,-0.5260867831483778,0.3803095520724581,-4.224142945184348,-1.8292629393072257
-3.3500968767691823,-0.525529883350433,0.36851882779160394,-4.28565115019561,-1.830272660167004
-3.3474087635101633,-0.5098143842424253,0.35522964921803657,-4.32654088659298,-1.8097713536202067
-3.3640396478678083,-0.508773381050697,0.3237210037267301,-4.363445451170816,-1.7999054220944972
-3.347244694014842,-0.4899944443054459,0.3011304780735165,-4.402547643839076,-1.7765725740199207
-3.347421494172568,-0.4765341840518565,0.2512626500403097,-4.429256633510951,-1.7586650904972205
-3.3457194707957907,-0.44707701870141403,0.23449371997354843,-4.4664886341715135,-1.746843252526875
-3.342177879903309,-0.4245205854748945,0.220493895959171,-4.481603918925299,-1.7103404529042903
-3.330628351619863,-0.41348453239054483,0.2179538696511932,-4.511211369543095,-1.7006787379024757
-3.3248199526202913,-0.3978170801541086,0.21112516084543603,-4.539313843978009,-1.6929391736958532
-3.3233643399261803,-0.40699774941928996,0.19469893806907163,-4.5471233968838956,-1.6936979857306134
-3.3259005306839726,-0.42282228234988484,0.19981535874905978,-4.519732457610687,-1.6919956580651974
-3.3026957327913955,-0.44817230854902257,0.20966665763133785,-4.496406492396241,-1.6819687738125466
-3.2774107116053828,-0.49664859501846215,0.22539824041329937,-4.461780690190006,-1.691942527619504
-3.259739278985689,-0.5571366501877373,0.23319996912057164,-4.398278836232173,-1.7252174606083854
-3.224887256593344,-0.6193559286414404,0.26313476120083434,-4.304820789312343,-1.7592046113980009
-3.1712152571534626,-0.6975932528072576,0.2968417380624304,-4.215305986177286,-1.7823843245585487
-3.1554731070518414,-0.7351881639879814,0.30875261403977294,-4.117441271946442,-1.8253329823131537
-3.13294496544615,-0.8005258230367109,0.3438818478372464,-4.007807323555346,-1.8503480056358959
-3.106229463556027,-0.8614445457339103,0.3632856125053852,-3.8942577091854633,-1.857929229477483
-3.068488620154049,-0.9133514349399852,0.3842438522307609,-3.780871221584371,-1.8811186594182023
-3.0478906941060355,-0.9732628887669645,0.4177640925055493,-3.643229913799878,-1.8984044836983063
-3.029240894160283,-1.0169505745874583,0.4311362698338832,-3.5250028853862814,-1.9468345367290356
-3.0159733124962407,-1.0548641566657093,0.4677094076708242,-3.403467284313255,-1.9678524745939927
-2.9810968769800246,-1.0863555751934335,0.47022988913488234,-3.2798783637040576,-1.9822478295965844
-2.9576207668775796,-1.119445079446859,0.49612275776911396,-3.1667042441392095,-1.9848645554038988
-2.9190168986639597,-1.1499667409963061,0.5204796851910153,-3.0227981904438574,-2.0027633450461204
-2.8848274016920845,-1.2109203785864775,0.557325449081333,-2.881384665220936,-2.0176696740571534
-2.854227121826286,-1.218538279161404,0.5817048640662553,-2.769575725738299,-2.015665184391876
-2.8455584910637772,-1.2423151780931843,0.6117322126301986,-2.6680958961144787,-2.038823034834717
-2.837918669175555,-1.2629538202865014,0.6286959002448685,-2.5737729372840095,-2.041652612329998
-2.828202517659375,-1.2517405417992729,0.6525068493278642,-2.538566594806484,-2.0639038734327486
-2.8596642964240897,-1.2176971419473326,0.6833998379751165,-2.535289954832552,-2.060683048802448
-2.8703444806468545,-1.170908159210749,0.6940596681999994,-2.5821815025302928,-2.059258676831025
-2.909957490351369,-1.1132679854184124,0.7087118305624269,-2.6799998192280663,-2.054908815532968
-2.9599317558569562,-1.0394823960707469,0.7109836646414178,-2.7862563988167897,-2.079564033836535
-3.035286018667422,-0.9766063693120188,0.6900248079232197,-2.9282025592223064,-2.05664769896525
-3.0859046480365047,-0.9193668295389716,0.7007920687006216,-3.078899038632634,-2.041879884926906
-3.1473868459507797,-0.8572244608692504,0.7115043416334407,-3.249909988142619,-2.036525228678531
-3.1865045465830195,-0.7884092044086755,0.6756301343346472,-3.3941413759584136,-2.013861505022403
-3.2336768908638405,-0.7533741061018916,0.6619314115181095,-3.5230034698686494,-1.9991618592075373
-3.273530948382564,-0.7235084543734379,0.6254003806129217,-3.6307991241627797,-1.9958552427180702
-3.2805121787023865,-0.722240486805257,0.5948959459340297,-3.727980537520354,-1.9835743465524034
-3.312026579339867,-0.7025885237481797,0.5790181695281119,-3.7892270971527213,-1.9864833300155709
-3.3298003446511415,-0.7013813483169465,0.5340054827877708,-3.859324334584788,-1.969413851980505
-3.322862566898464,-0.6925863304429879,0.5299750288719494,-3.8907959122816385,-1.9566879501861087
-3.3175439827151867,-0.6900343861443659,0.5148163731649098,-3.9335529142804293,-1.9475114674037683
-3.30843592411266,-0.7064392530457257,0.503527725146437,-3.936265072612179,-1.9455598774535459
-3.296984239472794,-0.7267450101672154,0.4819978133169146,-3.954011922311622,-1.9442380538550996
-3.3006341485645057,-0.690805556669373,0.4506485133218206,-3.951036298442117,-1.9290112103011923
-3.2845121734416884,-0.6958094266788794,0.44137865874421417,-3.95692436595855,-1.9181317738750978
-3.2894198197971787,-0.6866913238459748,0.4358179364649875,-3.986056506646279,-1.8960345286276492
-3.300087895612122,-0.678325738401631,0.4186998909273107,-4.020341849460632,-1.879008526351132
-3.308447141163337,-0.6395708594836662,0.40096850533454687,-4.072424239143366,-1.8680044383623542
-3.3069117934401335,-0.6105655988179803,0.3885671698258946,-4.12800831132227,-1.8527018217763573
-3.3212839019742666,-0.5554971019895164,0.36382845850189705,-4.187125227513409,-1.829833522133574
-3.3123352755773587,-0.5167752685582669,0.35585345864293083,-4.23619994848067,-1.8197610113808138
-3.3364250480305815,-0.5115283929908392,0.3352405244714272,-4.2557272278636855,-1.819930603842498
-3.3128746650026737,-0.5080177231068821,0.3132011028889147,-4.318518168148245,-1.7999526658072649
-3.3058524362275965,-0.5233159190503944,0.3057191514675117,-4.3305470053145285,-1.7905463446649452
-3.30200899431392,-0.5550408716241255,0.30597289760922136,-4.321832102155989,-1.7949405733975687
-3.288567742565282,-0.560902237725973,0.29272186024488756,-4.2950523264134945,-1.811943035248801
-3.2981191036559374,-0.5744100785497995,0.3104798706226619,-4.287466134229489,-1.8205492513400707
-3.293522526711223,-0.5867319279980555,0.3056708630391294,-4.267224403817157,-1.8123069059285373
-3.274842273491165,-0.601891533079421,0.3171323614758295,-4.246802645525572,-1.8285540364659076
-3.272999069674623,-0.601409525878735,0.3208977076026587,-4.234469036837762,-1.8338218986061476
-3.2695520322361356,-0.5867652255748073,0.3052760078941562,-4.21836397326211,-1.8296979505812445
-3.261010977663073,-0.5768363698768186,0.30896632272301927,-4.192025306378077,-1.8182700314014535
-3.2641696114657153,-0.5863902835881647,0.30930804878713203,-4.2070640074536545,-1.812603032854951
-3.2465440480996244,-0.5988128938937572,0.3215726101600353,-4.183441710213752,-1.8214265499711344
-3.2260718087229243,-0.6115986668313744,0.3322841506163551,-4.163558263730145,-1.8311527273161714
-3.209710561218449,-0.6380942549192774,0.3374365944886199,-4.105778982542263,-1.8236427392319894
-3.215593212870211,-0.6968345096150748,0.3507184759298114,-4.062062014091207,-1.8436457844312466
-3.202013838653137,-0.7509957809991106,0.35137583904098435,-4.003573444622078,-1.8428821074141908
-3.1727460343665514,-0.8059687958751736,0.3842756928068889,-3.9164482750715552,-1.8786212473364081
-3.15528354076084,-0.8354655563979227,0.41037807954545596,-3.837068136468007,-1.8970694550800817
-3.1242992657595945,-0.8599765613446004,0.4276119917323852,-3.7394210233085494,-1.893872640094011
-3.1027949063176585,-0.8967317662775103,0.44100811635206644,-3.6722573577701474,-1.9264368417217583
-3.092467706453813,-0.9250063819389883,0.459630430122311,-3.579531185899492,-1.9391125223995083
-3.066135079185915,-0.9532484283526027,0.4912101725355352,-3.5187120888422143,-1.947730742537572
-3.061754424904995,-0.9659618365438432,0.4974454526586268,-3.4605548695653052,-1.9548943552288893
-3.0467857032838697,-0.9507011899663435,0.5030479795118457,-3.428843035825168,-1.973285384757979
-3.037205494669806,-0.9473090060368368,0.5279983064503396,-3.4108320229043163,-1.9709776422998262
-3.0315606684804326,-0.9632085050575151,0.5256878929702593,-3.3732569574132025,-1.9695188169574938
-3.0206053588217956,-0.9754275857356943,0.5408330641532425,-3.352276291843356,-1.9735807559835838
-3.0260578046935476,-0.9539726061720232,0.565430613045981,-3.343744133898752,-1.9752889110291885
-3.045234237179355,-0.9423492219783852,0.5854341445696701,-3.3209708791369894,-1.9859511339993134
-3.0465690065565796,-0.9518575718416581,0.6039113460495232,-3.2987002241332717,-1.9729011547205881
-3.075455708145078,-0.9136188718514116,0.6083133245932382,-3.3374153352211935,-1.9780364453313244
-3.1131349987373076,-0.9012729102613262,0.5848123230629293,-3.371622345531339,-1.9742839974035433
-3.124167423478783,-0.8673675385670033,0.5910509534113403,-3.4515114908032882,-1.9625458358308718
-3.164095901208054,-0.8132559749248323,0.5713977054616716,-3.5330712734666423,-1.9661907381088302
-3.193980473634959,-0.7673984144461367,0.5662429663794175,-3.6230066306653756,-1.9573879879030627
-3.2472961345645475,-0.7062414618049875,0.555712784124265,-3.7149488330469325,-1.9366516634912856
-3.2663710623591777,-0.673692351153035,0.5061203883823769,-3.8060709605380603,-1.9193912613232353
-3.294953759605663,-0.6382575718892698,0.4802868312002872,-3.8880627275160884,-1.9066859668690972
-3.3189221750666147,-0.5917066083504764,0.43931811913925384,-3.9800600199879628,-1.8982932097170802
-3.329743051258664,-0.5665403550844001,0.40547326840748266,-4.078004668026603,-1.8705199869979414
-3.337576297942477,-0.532389594049755,0.3902071873946402,-4.149059344689494,-1.8540993169867863
-3.373013282565416,-0.5120720825396095,0.3717288890261257,-4.222682837953872,-1.8330595905285378
-3.3687890105312825,-0.4834828119454895,0.3362939243001064,-4.284286330050701,-1.817190314359861
-3.3728599958371968,-0.4591940547452481,0.32147380761458366,-4.324332285431143,-1.794020580874278
-3.359719083701975,-0.4463846192649617,0.3005176722523636,-4.361520086280209,-1.760358654348359
-3.3592693902440502,-0.4411675510016014,0.2521177575474196,-4.42506073524564,-1.7425342396971901
-3.355473465666135,-0.42884340041697905,0.24491469349579023,-4.452199365604592,-1.7141269518602968
-3.345911167906832,-0.3876065715813788,0.22365892764238504,-4.505622632227427,-1.6881690400340135
-3.3435422971886792,-0.36231656484652647,0.19256698613020717,-4.543248371570446,-1.6708172641202965
-3.351166672865989,-0.3554528118789193,0.17815036082056998,-4.5608406885994475,-1.6711080177062634
-3.3241929811868833,-0.3463057602852685,0.1639520602174054,-4.587472386183017,-1.6527183773981289
-3.34236532618713,-0.32636266773262085,0.16253343142984908,-4.589946596069752,-1.6608977884956757
-3.318052046275244,-0.35601015950900294,0.15723908195521027,-4.6008774050071155,-1.6639269726077652
-3.3014058194271474,-0.3760423077238314,0.17502816953651132,-4.579337864390272,-1.6521146359967145
-3.287737304325632,-0.4060907188653233,0.1737016865167423,-4.545807586202841,-1.6693836759689358
-3.2778756478721043,-0.4577568383877359,0.18751266828644952,-4.483627058179971,-1.6831577321514795
-3.2510673698693067,-0.5258324714082598,0.21962143149212102,-4.452283354050747,-1.7124322457999124
-3.239376311280163,-0.586630450802726,0.24294585009705452,-4.360113326560273,-1.7479745431889915
-3.2246427115254486,-0.6411320476450997,0.24683364854898737,-4.246407543667518,-1.7662504246694726
-3.1880658570190716,-0.7126366648739054,0.2762475320818683,-4.159798720310335,-1.7954628869915565
-3.165224355726773,-0.7808940733048771,0.3303529192387001,-4.03663714524303,-1.8241710129847368
-3.1277151411369353,-0.8387953251947986,0.35660723249509496,-3.9187484511062673,-1.8706451249428468
-3.0885008699660124,-0.9117912437352211,0.3701335110348967,-3.79071341299904,-1.8954467485374753
-3.0428546055220584,-0.9412075713586274,0.40660968278394466,-3.6484244701070603,-1.934307714522781
-2.9994039310869676,-1.013357934786472,0.44145049148133514,-3.505891273043838,-1.9415710191942903
-2.96771532600129,-1.073777567004284,0.4704124888044296,-3.349934333973787,-1.971788879818865
-2.937991870783784,-1.1268395163819795,0.47955791425389804,-3.237766541629148,-1.9743871805545672
-2.9010483900023405,-1.1665989159886652,0.4883132562457189,-3.0962816356657163,-1.9901626194728086
-2.8697176299057463,-1.2013208268269846,0.5241189107659268,-2.947263642776686,-2.007373557944506
-2.839197594675196,-1.2286227334299744,0.5499856242945617,-2.7950617203725727,-2.0001538552062916
-2.8155336408079172,-1.2746400320839633,0.5883657696068502,-2.665696500273736,-2.01348523109941
-2.79096652569139,-1.2865003268821822,0.6264093769330717,-2.562431724636801,-2.0025783290386334
-2.78704103074104,-1.2920111294746972,0.6531157119914839,-2.46208888217049,-2.02393198692132
-2.801203897562182,-1.2841408291449257,0.6979987307939485,-2.410892747833835,-2.0388798020608445
-2.780432221459558,-1.2891547536455454,0.7113030040648644,-2.389162754314582,-2.032163908891939
-2.805086693890967,-1.2544249369667961,0.7534274538075966,-2.4209093293731905,-2.0427612054713458
-2.8478909201426985,-1.2065362314725927,0.7695262348635188,-2.4901779893024885,-2.0404423557173827
-2.90656278897019,-1.132694371082681,0.7552033724526304,-2.6100460902553637,-2.0425058971004284
-2.960138866466978,-1.0628298993214127,0.7417141770307945,-2.7364851971516804,-2.0374588411795664
-3.0310531819973017,-1.007144982974641,0.7356253065312102,-2.913843520456577,-2.0320331739002455
-3.1091822025480287,-0.9339620504083639,0.724323810550144,-3.0649962831217192,-2.0451070481694353
-3.15286058374242,-0.8713814235508083,0.697033235115875,-3.2174384409837162,-2.0416575074398087
-3.2013346445547004,-0.8382156921432264,0.6776451995498515,-3.371127140435107,-2.0168308752104918
-3.2528070415985493,-0.8070662684665901,0.6328781826324505,-3.491088044509383,-2.0218050841263135
-3.2791437678869166,-0.7729412302794643,0.6066546298711859,-3.601534805052537,-1.9989541359068421
-3.3031345560495415,-0.7733066324654294,0.5977678743517416,-3.6790934786599685,-1.990665623592281
-3.2996119349671393,-0.7723618868360467,0.5873755286783167,-3.7420435998073014,-2.000732288544259
-3.296931301199041,-0.7358941386500516,0.5674687177413325,-3.790377786465271,-1.995249649300488
-3.301255844479098,-0.7619262483531731,0.5444709277226524,-3.7940795832879224,-1.9891132094663126
-3.266025380687838,-0.7517157412678372,0.5383378406787774,-3.8121898171922024,-1.9638739853086447
-3.268629152869823,-0.7626043428446674,0.5140599537553686,-3.81528241717484,-1.992102209398106
-3.279749021292884,-0.7820126120663924,0.5016813414035551,-3.825725561834938,-1.9946029053138463
-3.2733961577181243,-0.7737563552105059,0.4918751328745188,-3.8307817316107045,-1.9908656165983964
-3.2546225051360747,-0.7636082466428074,0.4772271108722534,-3.8379366788033216,-1.9706721535086367
-3.255516523816593,-0.7641285633464006,0.46449024296102653,-3.863582236545418,-1.9628527720771702
-3.2677352038988543,-0.7303359328446959,0.4548029335527669,-3.9118776840534806,-1.946175109186186
-3.2675587686936765,-0.6848282369201325,0.44224889098039205,-3.9699388379947647,-1.9214273481046646
-3.2916783748147145,-0.6562759244419618,0.40362400804849674,-4.0405231365231575,-1.902329754998569
-3.305848105529343,-0.6195792475665827,0.39858204922197127,-4.090013728240373,-1.8719790490228807
-3.307484571176069,-0.5743558695821118,0.3790058072266399,-4.136903819737085,-1.847415444319628
-3.3089878805488,-0.5553400044392223,0.3534837864713156,-4.186036233048961,-1.8322081464037787
-3.314888317512783,-0.5350389088788812,0.33389931507645787,-4.241068896668982,-1.8258851805941518
-3.308565559013234,-0.5357014165601095,0.31897455887654486,-4.270737358244128,-1.8111032841439192
-3.3071167404584005,-0.5343429284336181,0.31585241831143024,-4.2725211924169795,-1.796277182222702
-3.3211297440341596,-0.5323738789026624,0.30575937675294473,-4.277936095002108,-1.7930328452535498
-3.3090818363010466,-0.5366904931426875,0.30608165252137925,-4.299529948071994,-1.7744127719974192
-3.3086259864765495,-0.5452236434464962,0.302285259577901,-4.30721829222051,-1.7778198933441676
-3.2990610178451734,-0.533778041146322,0.27703147853948246,-4.34066273443922,-1.7751333853382874
-3.307508409972483,-0.5125848110056436,0.2527999247132449,-4.366403812795397,-1.7721433986737571
-3.3196304552144795,-0.49210827814197794,0.22259028538798342,-4.3529231384402545,-1.772085886475192
-3.295643454601969,-0.4769330739075317,0.23211483533185304,-4.365171788439499,-1.7678876778872623
-3.313293864539699,-0.48589220455629645,0.2244142500140124,-4.36987728571907,-1.7566498119479343
-3.3101700833936873,-0.4886313532638166,0.22746925599823323,-4.373122003115846,-1.7497068745237239
-3.2878635613565317,-0.5047423565066201,0.25748153648705396,-4.361882107714325,-1.7496372607790576
-3.2719273738617387,-0.5362999273610491,0.2742188673776622,-4.339790794535797,-1.7687998768627848
-3.263469614494883,-0.5742501213876143,0.2873498520793258,-4.313252140290746,-1.7617603138754978
-3.2506131131203593,-0.6179541088187711,0.2822074252662718,-4.2567637246403125,-1.794469656065441
-3.222306120964038,-0.6725487023788698,0.3113433357806217,-4.207056110363419,-1.8130519488148864
-3.2024224900128697,-0.7371631263976269,0.3373055732174432,-4.113083976810914,-1.8423526069827592
-3.1771708820489035,-0.7731315606972988,0.3598470802963453,-4.012232477775197,-1.8567835026192998
-3.1440063716451996,-0.8276792570622988,0.36918364842338075,-3.941685245782424,-1.8771718718762238
-3.1471778082426236,-0.8611023724174999,0.3725813658049184,-3.828574020192945,-1.9255471439047702
-3.1275624733112983,-0.9040834328193218,0.39995742965960146,-3.7457765226737085,-1.9303313312106956
-3.1122075712678074,-0.921940631265114,0.41218878679248766,-3.6499935606580434,-1.9534459200975238
-3.084625560556123,-0.9485524257965406,0.42950791344567074,-3.555990935759625,-1.9614349080211235
-3.065780525967694,-0.9702716468618171,0.4666615438887346,-3.4510923743924056,-1.9767384234951906
-3.043076557092563,-1.0011627275481385,0.47983798875297645,-3.374572998146305,-1.9893875232187896
-3.0324430018639275,-1.0248370265340194,0.4894118922704757,-3.2798367018050323,-1.994186255779112
-2.9979586919929786,-1.052475096816836,0.5267543302519622,-3.1998280192429305,-1.9995322571087213
-2.994153819331018,-1.0723380709495465,0.5400720981264651,-3.1075106178738086,-2.0027513350381834
-2.970023420846623,-1.1064435040757596,0.5846578115937625,-3.0281258471233112,-2.017176322555823
-2.9493692370070024,-1.1323396328702593,0.6185566534430212,-2.960975446314048,-2.0220866086010525
-2.9443262296579498,-1.1352318996841437,0.6401239198460922,-2.9256742583971316,-2.0264738435769734
-2.940677199630225,-1.103599620737214,0.6467945708771572,-2.8946803351728763,-2.023780459452751
-2.953523103737197,-1.0704579854992866,0.6617626066189176,-2.904374869230538,-2.03175405197568
-2.979171495388198,-1.0309742364226757,0.6844065616322796,-2.9551046108334353,-2.031546541184918
-3.016356451841171,-0.9759230497207015,0.6796029901723074,-3.0424031830354674,-2.028985382438166
-3.078673375580937,-0.9210522036702686,0.6586707123218707,-3.1478734931974657,-2.0061668672554593
-3.1220046004653703,-0.8599063633851672,0.6470404573948793,-3.2798973740345025,-2.013951744882026
-3.1772897162010474,-0.8032455723589225,0.6236737002330522,-3.421986686247582,-2.005930118238379
-3.207667475687884,-0.7641090147012101,0.6228222006961577,-3.540652834541254,-1.9895785321450987
-3.2552427704843576,-0.7052340692810114,0.588937199442453,-3.6694929150814457,-1.96699129250488
-3.2928490812210054,-0.6837369094685745,0.5607323879351248,-3.778884689708435,-1.9602536805417767
-3.3331116614899807,-0.641990012745257,0.5450011254158709,-3.8772137693128963,-1.9262790163464585
-3.331797739673836,-0.6070692018469483,0.5123239245303698,-3.9565598506597706,-1.8991045762424812
-3.345495374482962,-0.5998324989482375,0.47889230665725374,-4.0384043085747185,-1.896830043019125
-3.3453009665019997,-0.5913570753974361,0.4559261753806233,-4.1032094306522,-1.8943972500166921
-3.3669720431648242,-0.5690989723020048,0.4133920669656514,-4.118335513236041,-1.8735762355349244
-3.3529489923492743,-0.5683299357288984,0.3934866857863577,-4.182883900212511,-1.8573859409479823
-3.3384884072552805,-0.5760045119010123,0.3785788051994174,-4.19673691687972,-1.8473819706553398
-3.3664619778635547,-0.5730439256925024,0.3498567138826197,-4.224857862291376,-1.825937498146483
-3.3519373176419083,-0.562154753379363,0.32033336428771125,-4.25517325346964,-1.8145406726198323
-3.353937792866623,-0.5479952333340217,0.320470211618886,-4.266828882143918,-1.8060304708933497
-3.34767410600005,-0.5211455039375524,0.3017743422299144,-4.304248012699617,-1.771374192489831
-3.3464290907082166,-0.4926198067711274,0.2733853651122611,-4.355809983918485,-1.7690988678080233
-3.3456430071530106,-0.4626054983996418,0.24569500833643265,-4.388828594305414,-1.7578039551685716
-3.355924175886281,-0.4329545829757772,0.24744820887703256,-4.421483626500976,-1.7344007379132882
-3.344958452949883,-0.41963076857109183,0.22986321523155614,-4.4510583764456255,-1.7155884163012087
-3.3275625426166604,-0.43068969558377285,0.2322364856380105,-4.435070439745992,-1.7169793038106498
-3.3022804720848606,-0.4630104271376629,0.23135481606030006,-4.440865260979927,-1.7112725666921333
-3.295095869327497,-0.5094255840422457,0.2293821502196019,-4.4148150207807095,-1.7349492407227294
-3.2777350217937617,-0.5582109632112628,0.2585604631335662,-4.3853444310427285,-1.7579229584516818
-3.254852418280029,-0.5991462307326325,0.2827520708807696,-4.317166876138644,-1.776245511753336
-3.2554567178509823,-0.6514328697459848,0.30112733257264107,-4.257213715164398,-1.8056620839692754
-3.220095849806778,-0.7096347908199758,0.3138125518874617,-4.179369181085412,-1.8186536926310954
-3.2030197975761094,-0.7404669591837185,0.328181972150962,-4.100147136985386,-1.843890167079065
-3.1817447046720004,-0.7842822665857307,0.3316330246801188,-4.0110619293871,-1.8703879974138682
-3.1689575713033924,-0.8230629541690276,0.352503625678575,-3.9211438634045597,-1.8758668767529312
-3.1429965109939917,-0.8467330983276837,0.3859378231224155,-3.818075396611238,-1.8796549915254788
-3.1126997044400313,-0.8933750231558506,0.4089819053035674,-3.731072306031404,-1.900177191060928
-3.1056254715354212,-0.8993710034885878,0.43804889830621163,-3.629681655498654,-1.9112236912214726
-3.0684762419259055,-0.9471587841692134,0.4552173048022282,-3.5350556299117906,-1.9196395663165033
-3.0378635561388876,-0.9709115438391349,0.45975834152653583,-3.4218332988599633,-1.9417223322456623
-2.9985426069596297,-1.024582778827558,0.5074125924602353,-3.300687890811813,-1.9663945911969387
-2.9569394650998206,-1.0478581310753399,0.518324303951054,-3.221839042719754,-1.9500875046815145
-2.9375645669115493,-1.097902889116749,0.5461704682708883,-3.1060979055680464,-1.9708846742747872
-2.913679277816133,-1.1505151286943103,0.5574100428071039,-3.0070750152752317,-1.9828836817293993
-2.9052645357170936,-1.1576483113682134,0.5755767363314822,-2.9165915182357267,-1.9948222301038592
-2.8914520328686484,-1.1597045438536293,0.603325417925004,-2.8482034370773768,-1.9997793189007431
-2.8861498540142727,-1.1541861764264558,0.6289668238835953,-2.810463492659408,-2.0078125229458843
-2.9064648855819804,-1.1192490543640925,0.6500346133783632,-2.802472489868993,-2.030905448287214
-2.950117507367315,-1.0860098754349774,0.6402876362927518,-2.846393311302046,-2.0324622704096784
-2.9777203729775996,-1.0354107651998272,0.6475207592803374,-2.9224881570927987,-2.0295573565994336
-3.0203010806814037,-0.9617881394269735,0.6363784452890464,-3.0261404512867798,-2.008844670087033
-3.0500733563352656,-0.9059209423913459,0.6426784385083563,-3.149877842526682,-2.0043141434624396
-3.111530165831656,-0.8377939941082968,0.6110916368837099,-3.295162892159905,-1.9804438269602744
-3.162540633578778,-0.7704557508027399,0.6131839749747203,-3.429717871689047,-1.9799044170961697
-3.2120810165686278,-0.7150477804810215,0.5948561678740758,-3.5442672289328527,-1.9695590269824104
-3.2452432801386686,-0.6719628563521901,0.5643765172024348,-3.672664368195548,-1.9562749878923529
-3.288383650199357,-0.6369512158833122,0.5504492200484501,-3.7867992514544357,-1.9436462609818712
-3.3130291587067617,-0.6232376713847957,0.5238422195832554,-3.8804342642925422,-1.926577683910663
-3.3477107877654833,-0.6138324793925265,0.5049806380135646,-3.9631874396578044,-1.9141365342670784
-3.3412721891817108,-0.5849317225936921,0.4858657412704246,-4.024923919107477,-1.909048251171929
-3.33268645309542,-0.6105396876261439,0.4619406196927826,-4.064754043265616,-1.9059870999426427
-3.3368813680419676,-0.579539432094194,0.4325657649734847,-4.123538260089363,-1.8789383015872
-3.3276174915662082,-0.5936739754736984,0.41775996787706254,-4.148479073703308,-1.879735897606355
-3.3275520201969813,-0.587953339676275,0.37420835822573384,-4.176838901442336,-1.8627307821491672
-3.3331178611815897,-0.5701496846890537,0.3607959964364586,-4.18420798216482,-1.8555243663719434
-3.3311592954893463,-0.5782845674506851,0.33988450029128486,-4.218342225442036,-1.8373127181958555
-3.3268346185585917,-0.5656700230652336,0.320502692751914,-4.229871620536189,-1.83621057461234
-3.321624007907105,-0.5322597192904926,0.31344226471693415,-4.290832357523811,-1.8035599641615365
-3.3121198861064522,-0.514684760340035,0.2933217274797013,-4.335394170694541,-1.7987574179820531
-3.3216833553052383,-0.46171142068316917,0.27125032864742454,-4.375273543309615,-1.7930976206766422
-3.342983365345852,-0.46764226560565914,0.23777684915402778,-4.409275130835694,-1.7806216344568007
-3.329580294236649,-0.4633087403380119,0.23531892935881935,-4.410077176030056,-1.7757872737433429
-3.323166024221498,-0.47374580725150595,0.24027749563779469,-4.419704248507673,-1.7637109253875485
-3.317890296678658,-0.5012196030347501,0.25056016742080256,-4.410939992510217,-1.7604628450481057
-3.284387468242039,-0.5389683337151483,0.25223375698987577,-4.396034671033626,-1.7794989249601476
-3.272624186646937,-0.5690570793887718,0.26635100154886143,-4.353489033441743,-1.7809533098887813
-3.2495224495144592,-0.5886991696893724,0.28456490691249275,-4.284863255227655,-1.7864787361592247
-3.2325138832301024,-0.6460782179978086,0.3117222237357532,-4.212479929899394,-1.8020320901746214
-3.2089211351375178,-0.6909586388973004,0.32894856848762444,-4.150539576128377,-1.8172641058824937
-3.202663787631094,-0.7341779273676337,0.3380173084001432,-4.078852376508107,-1.8395659304629368
-3.181288432014303,-0.767070745058602,0.35658708296388075,-3.993152270717481,-1.8593277732316984
-3.1670465109698958,-0.799047968963518,0.3761256971964747,-3.93465199214199,-1.8634101131386218
-3.160978337610374,-0.8101572653642877,0.38758814592819385,-3.8699292594170647,-1.861052704218979
-3.125145451932824,-0.8539612760942186,0.4169715355221517,-3.793793431007992,-1.8920077795046664
-3.117544811199263,-0.8807099781872274,0.4471451026604616,-3.7153544959002933,-1.8965945798559414
-3.1103043538120585,-0.9064160731171975,0.44498078169822397,-3.6419181083420966,-1.9325851970153605
-3.089208127701878,-0.9375639160440624,0.4713434396794711,-3.5510758274367302,-1.9460021504479645
-3.0566009223341664,-0.9739318684154142,0.49013911436394647,-3.4511060003794625,-1.9515841570559893
-3.0441369415956916,-0.9923136183684117,0.5178799936618517,-3.361496599629923,-1.9782921843285888
-3.0028237471505577,-1.0378685804936276,0.55265933254798,-3.257556161404719,-1.9730825605995992
-2.9611282319056595,-1.08868672998361,0.5830416722091404,-3.1520495083864453,-2.00746893645847
-2.9479192112233656,-1.1172698504249376,0.618424773645156,-3.062773790777924,-2.008134833738844
-2.9314406182928208,-1.1333060937172934,0.6106232798041306,-2.977123928353334,-2.011344599514834
-2.9267252471136613,-1.1246045130026727,0.6400930662282813,-2.9756651023400305,-2.0149425122467766
-2.9558385225323964,-1.09041245466408,0.6385151769070002,-2.979731990565543,-2.0164197585181607
-3.0078612569334324,-1.055792698773188,0.6300952532804448,-3.0168563073075054,-2.022870818282051
-3.015110571346831,-1.0087964810093084,0.6474380664353241,-3.0668658629122016,-2.0179622094873144
-3.0229246350250887,-0.9479223940415669,0.6362669053463884,-3.17309290606279,-2.0014768511574155
-3.091645644041858,-0.9037915482998145,0.6229801968470254,-3.2747324473302726,-2.011238886897598
-3.1392975063938247,-0.8480984752576612,0.6001081895897922,-3.389390908026403,-1.9858265020000503
-3.188787630453301,-0.7923025864907998,0.6047850365055876,-3.499399656533463,-1.984593447235445
-3.229452121785093,-0.74372521385702,0.5939412933281362,-3.6291705352056685,-1.9697012501794713
-3.275616717261554,-0.6934112831337457,0.5542906366915462,-3.747305197739001,-1.9449451660482988
-3.2863317678785844,-0.6563899165335514,0.5213289172097011,-3.8517254410352906,-1.9170375133262307
-3.3019063491477927,-0.623094589294935,0.5012938340774801,-3.9364587186422892,-1.9108671916790898
-3.3471359656427966,-0.5935427046921694,0.4723826944311851,-4.034281041948745,-1.8804245449357992
-3.362231077766773,-0.5751373429831613,0.4357318626285254,-4.121797309035166,-1.8515839714662745
-3.3496758781474827,-0.5890157926323834,0.41488179099038297,-4.145519225401011,-1.8487382706048348
-3.359838191739762,-0.5543748856173004,0.3990698968708282,-4.190357295297995,-1.8491155058251156
-3.3663640732884885,-0.5669264494647294,0.3864307372530391,-4.231920944456566,-1.8248781453855685
-3.375292115135381,-0.5601090483907353,0.3590799153852185,-4.265336372618868,-1.8329502054716722
-3.343783731640896,-0.5373873502024067,0.3424930400115765,-4.28251548110399,-1.821013553900938
-3.3447550769679215,-0.5120305415337216,0.3093209766620861,-4.303566472890442,-1.7876901289973284
-3.3466097140922746,-0.5031961129236799,0.2737895473124904,-4.332811344854156,-1.7872990525255201
-3.337670306048784,-0.45919377853399407,0.2566927589118651,-4.359719146911359,-1.7667279666883253
-3.352886120112797,-0.43051512498750877,0.24714801684010476,-4.3815439813870505,-1.743567493343061
-3.345277145342853,-0.41180871685593945,0.23834098665030495,-4.419278596236337,-1.7364318627201787
-3.3536845479005555,-0.3906663957619494,0.22302191716645645,-4.46546586463253,-1.7218372762468672
-3.3480786570176035,-0.4007905348485653,0.20199027579443202,-4.486737379002126,-1.7159981476190875
-3.3431331231330597,-0.4089420866022653,0.1951438077105306,-4.50132680118507,-1.724440325286413
-3.3210634532891854,-0.45004487693226225,0.2184111352222453,-4.474708402516343,-1.7236672172418388
-3.3223293597806824,-0.4847081800875369,0.2383394696828533,-4.431829571772422,-1.7355954017014315
-3.2912098195266077,-0.554225114329282,0.25478317163945224,-4.387098164426475,-1.7328553218783134
-3.26525347285884,-0.5934556642019995,0.27870420485846603,-4.308000059581518,-1.7680342298296954
-3.2363715994128626,-0.6575031030485108,0.29699108305906513,-4.224968041805318,-1.7987926018466154
-3.2102197928075924,-0.7259764269768161,0.32308028307784264,-4.140721585990034,-1.8254357157878203
-3.1885762623355496,-0.7649241919966182,0.33632582937197114,-4.042068894092022,-1.852781502660251
-3.1539007560032486,-0.8035473200189711,0.3411444811673182,-3.94544254586771,-1.870983280787939
-3.136384462927685,-0.8610669706097568,0.3635357746204133,-3.837536995464958,-1.878906490054985
-3.1235034928193226,-0.8860443714782997,0.3957290785037559,-3.740028026691443,-1.9107449874245779
-3.094168119773342,-0.9381953010233232,0.42902989947687686,-3.6231525470684756,-1.9311800751994377
-3.05866732584266,-0.9586076790268164,0.4541539431603998,-3.5119068895929444,-1.9603706623680959
-3.010448266707408,-1.0035431236539825,0.481435356937581,-3.424561087211923,-1.9370963117907731
-2.9832796551830985,-1.0524233505455372,0.504909714937336,-3.3245450784369512,-1.9515201317737352
-2.975012705187637,-1.1163875386534299,0.5321300166248055,-3.1956678263373437,-1.9789678791392087
-2.9718200943532547,-1.1374842903184539,0.5479591776634102,-3.096555161266919,-1.9876146856774006
-2.966328639203907,-1.1654577426092079,0.5717358015732218,-2.9609345175804997,-1.9928247011304925
-2.925735838112042,-1.190282576266709,0.6031631192222999,-2.874017556815494,-2.0270872093678602
-2.9076502929049495,-1.2068263293910877,0.6355974465060213,-2.775829168584434,-2.021501319366674
-2.8927604926658983,-1.2282733373922672,0.6574007007220006,-2.7088642277074704,-2.0355604804935448
-2.899393105594733,-1.2083573044748253,0.6645598507705901,-2.69681231664739,-2.0481636343803804
-2.9200832684366147,-1.1705949456177074,0.6792071257654756,-2.712513341569601,-2.04308664395486
-2.9325569752672664,-1.1177816953727648,0.6906339409391746,-2.7955569197658696,-2.043845726947735
-2.9768622596531573,-1.0654955361360459,0.688414327759374,-2.896893316297442,-2.0310769698422226
-3.0263555056178224,-0.9812283429552854,0.6833039164351994,-3.0246246889832333,-2.0316154386446255
-3.0690746383055982,-0.9046211491571597,0.6731186755316974,-3.1588487623130623,-2.0173396061649744
-3.1338348605124957,-0.8377678613905752,0.6608649390894322,-3.301403323523312,-2.011090893225139
-3.1643433586099006,-0.7921156572295776,0.6325519084805693,-3.446530758921923,-1.9744468285891896
-3.2259183584704587,-0.7555176650761527,0.5990207682273033,-3.5651933946522125,-1.9770330068934896
-3.2457171068024806,-0.7202637695756073,0.5782837414877299,-3.7143181672738668,-1.9566341934497746
-3.2700445429991905,-0.6950740476559056,0.5468391579996631,-3.808259346501653,-1.943217845122127
-3.316033191022352,-0.6616791709229686,0.5127185554608661,-3.892946453104773,-1.927273187674463
-3.326764908895972,-0.6380247397735345,0.5036275906952391,-3.9693544225144852,-1.9239946387386628
-3.3320870790434003,-0.6460986711956191,0.4783660773981896,-4.034292993364835,-1.9070506294141014
-3.326812826406852,-0.6352265996916436,0.45651478181462,-4.067797593003611,-1.9076318062716868
-3.3126919859754453,-0.6379334288833606,0.4271332865167356,-4.098440450137484,-1.8881182909257184
-3.323204710989984,-0.6584658843911124,0.4127126992496924,-4.104592296931171,-1.8853665291321142
-3.3136261255037547,-0.6436943792154742,0.41074487078351035,-4.128681690893061,-1.8704254348875966
-3.3043182706650787,-0.6296121703778085,0.3895858255166045,-4.152271142710944,-1.849173227139397
-3.289204730268994,-0.6244854337294071,0.3754320305987021,-4.175437805295983,-1.8503556218578616
-3.305561529801,-0.6054914692129889,0.3571099279374502,-4.205997741808383,-1.8404579386136366
-3.2971726824371608,-0.578938519938625,0.3439685004123761,-4.218674359073733,-1.8414392627105483
-3.3037267741266,-0.5483701289336635,0.32094998482664566,-4.265671938734399,-1.8160733872206738
-3.309313106936664,-0.5045650317282413,0.3103746409922297,-4.313278271424003,-1.7956965478145794
-3.3198577910432245,-0.49044787191750516,0.288337592152854,-4.336155625374874,-1.7698403353752745
-3.313676775380143,-0.4918845594606515,0.28988919369491234,-4.3613750811991085,-1.7562928509214186
-3.3021950285497077,-0.5056703761794545,0.27021101393197616,-4.374928911513562,-1.7401155630560687
-3.278479187164082,-0.5182029378148484,0.2796308525673885,-4.369113972408548,-1.7404908735837348
-3.284627278895098,-0.5246418485238562,0.27249104424240217,-4.34421820653344,-1.7630143657682948
-3.2491865042891974,-0.5620364044788762,0.2915742171972521,-4.319466238608834,-1.7729331380283233
-3.2565504237675054,-0.6162060724794269,0.3035663939727621,-4.269937699535115,-1.8155912069216789
-3.225232162188386,-0.6437150491391929,0.305528026956682,-4.222503572780782,-1.8148860158667461
-3.2273879656419755,-0.6750814482456514,0.30602072553710613,-4.164283130120477,-1.8293557935555127
-3.2050683534908257,-0.6962639138345289,0.3350415888774417,-4.1151471440350145,-1.845232475960728
-3.2161005386858097,-0.7353810713225373,0.32351235588536026,-4.067515080142162,-1.8732258801667625
-3.2133813823537514,-0.7367213870334143,0.34972342283070473,-4.004942627918614,-1.8766235858181908
-3.1877635432340146,-0.7653863262569417,0.36681688879079377,-3.9551147774238813,-1.9050727570683208
-3.1584782111975076,-0.7916227417867513,0.3868505994962598,-3.9047750487104955,-1.9044158386183045
-3.1614089671458507,-0.8097287878977939,0.4116419191515416,-3.849675822254447,-1.920534012804444
-3.136232983637504,-0.8571704478268872,0.4213308580596482,-3.7777713332645138,-1.931400106744196
-3.107722613370646,-0.9104205843806918,0.441878788802581,-3.7138922866090196,-1.9613237697557335
-3.088606792026248,-0.9589148823241346,0.4630764476804439,-3.6351893202147334,-1.9580481722509315
-3.0658274244068933,-0.9775185446641318,0.4803611975911721,-3.5335348459120035,-1.9593797388253962
-3.042120678091528,-1.028928816974881,0.49881495532761183,-3.4364335388933616,-1.9785421092848081
-3.0327220053666486,-1.0616806782414148,0.5184973655764169,-3.357355802503268,-1.9924480562415166
-3.0169042011060028,-1.0619166744460742,0.5059471901697397,-3.2772482349168066,-2.010965168852783
-2.9896442647079113,-1.0899748421832813,0.5516757453914279,-3.204717445413789,-2.0105466695686025
-2.9690212785331993,-1.0673668899433792,0.5573869123532317,-3.1447998403924244,-1.9947096306592287
-2.9855646881441573,-1.0459495961400043,0.577581026469564,-3.131264289590837,-1.9977481271680033
-2.9981246236791383,-1.005385154491808,0.5969451580719298,-3.172505102818093,-1.9762392385689904
-3.019731586957465,-0.9799341028658259,0.5968325339195497,-3.2137315810800096,-2.0089860092820895
-3.0670618978612767,-0.937735536767,0.5918614992980092,-3.2634978637885244,-1.9903533864085021
-3.082196882770143,-0.8994612929593959,0.5901083722549744,-3.355383120051945,-1.9830335598347804
-3.1269686307736406,-0.8435220039445599,0.5649573283508308,-3.421056553738016,-1.9662913392789472
-3.1784178980268667,-0.7874033759348925,0.5540743578330942,-3.526441731072002,-1.9758496867510909
-3.207438296537976,-0.7378886939046132,0.5552033362096978,-3.6257039616102738,-1.957628152698775
-3.2334286127047758,-0.6982314464981745,0.5265116757360845,-3.7436142087707633,-1.9353328940670202
-3.260687494092962,-0.6663636448766157,0.5003355317940994,-3.839889188618478,-1.9183014566362384
-3.2951047758790937,-0.6420288769770698,0.4735508329075596,-3.915371188986317,-1.8963831857155493
-3.301942952253225,-0.613734840688129,0.4604888603831892,-4.003768627413196,-1.8793550719628154
-3.305024162223049,-0.5791510417057696,0.43326685189114433,-4.0833700447190475,-1.8508099179128195
-3.316956516442941,-0.5430263523416822,0.39801838830512987,-4.156808181069067,-1.845319756753727
-3.3377023932620826,-0.5258832159344461,0.3857947019729397,-4.196214352370926,-1.8240620013666673
-3.3229066933981,-0.5182688890613972,0.36333396559229936,-4.2613951900724105,-1.805450478993536
-3.3178219662278567,-0.5168135390156712,0.34396880746451214,-4.293526700417438,-1.7915686614194193
-3.327156314266616,-0.4941395884017312,0.3264977957803023,-4.331325236418162,-1.7878616556543863
-3.332096321801016,-0.48136636105197733,0.30445782454179576,-4.356722310899074,-1.783937622282431
-3.324676219557424,-0.44358826981094646,0.2868160502090019,-4.38448703613128,-1.7691863736333062
-3.342142776084644,-0.43453202811462427,0.2709557284877891,-4.417799889138069,-1.7657078454108694
-3.344334904711284,-0.42617806912907535,0.22836202065866462,-4.450204927654004,-1.74390644694774
-3.3365324661083817,-0.3905102944217385,0.2041487855091472,-4.4819773311909055,-1.7401160606887316
-3.343877879409508,-0.3874346457333555,0.1914848305190299,-4.511498178003475,-1.7159945284581832
-3.3504198270964403,-0.388321393590735,0.18565668517186815,-4.539533979049673,-1.6933544946868848
-3.31952727431593,-0.385995529416662,0.17542754190653928,-4.5369917999092815,-1.6694959559806586
-3.320412707496861,-0.3978587582232833,0.17884155449694855,-4.525833419448493,-1.6747992931681068
-3.3129217805295537,-0.42846026063132664,0.17345954061432936,-4.490867898192519,-1.704131177609098
-3.2935338577795514,-0.48748947833858797,0.19448800584478998,-4.453407023840656,-1.7084038638115737
-3.2591029625461356,-0.5471799948576674,0.213124961161769,-4.385849611249949,-1.7319699504672743
-3.232415224320562,-0.6062107645440058,0.2545293124917283,-4.292608754949802,-1.7362206269932123
-3.215648572361666,-0.6574815776056986,0.2842355239943277,-4.205255645394815,-1.7762116384487447
-3.17393980007284,-0.7186843564800084,0.3127762124492144,-4.104473771830244,-1.8132161272938205
-3.1444543782365835,-0.7651240254759561,0.3192463320817501,-4.009656400857396,-1.8462422812443602
-3.12635170803983,-0.8119198008852629,0.3375292615974655,-3.8952504624215023,-1.8606041020938615
-3.0877996275025383,-0.8476260874222995,0.3711766354178137,-3.7858828367253223,-1.8906542636735868
-3.0593325725597365,-0.9073216124821298,0.40784184670948775,-3.65464015260332,-1.9039246025822611
-3.013895479740616,-0.9731061155393279,0.4286251475245688,-3.5228592575268984,-1.919883725189155
-3.0004004107078566,-1.0151778994914091,0.46263374478404223,-3.3868435118079803,-1.9498847795087209
-2.960432386172295,-1.0625147378584325,0.5070027464927882,-3.2500276663789123,-1.9697638079581443
-2.942691822972682,-1.1225916818241999,0.5339278391061286,-3.133098286889964,-1.9993242253645833
-2.9054831731633923,-1.1544199329260518,0.5573600606337313,-3.0052770665992945,-2.0231403647019213
-2.8736545077885802,-1.2075524699324371,0.5875724208173052,-2.8589066133792853,-2.0302895492622657
-2.83134097479616,-1.220662792374146,0.6233152931951563,-2.7462317210754503,-2.029609108400272
-2.8344895516008264,-1.244571513896562,0.6366530462878673,-2.6730590036969852,-2.0447881845339517
-2.8308338368519506,-1.2564289809876643,0.6631608920269182,-2.575333052464883,-2.0370867744850205
-2.819420258617761,-1.258315163677999,0.6842890112088853,-2.527409986058255,-2.0466173833680408
-2.815925877545997,-1.2518398893922285,0.7022106168465776,-2.5331472877444123,-2.059347601006359
-2.8458237098109755,-1.2134316239934573,0.7224354183552087,-2.5824174705118703,-2.063060880632844
-2.8879703437438784,-1.145256496355058,0.7454883978627977,-2.641311330416984,-2.075896879243293
-2.951419176218493,-1.066100712352057,0.7493135908028349,-2.7492137675018364,-2.0694524715929816
-3.021703756111222,-0.995213033250926,0.7368395701357889,-2.879581196878493,-2.0492169709720818
-3.09639441452228,-0.9251040756541659,0.69600377239992,-3.037117336182394,-2.0502165315311904
-3.151877717979828,-0.8693152831665816,0.6749961536034499,-3.204461124651935,-2.039727652389199
-3.197351856089666,-0.8115731967436927,0.6627065584109831,-3.3311131517881982,-2.017938792641495
-3.236186838778417,-0.7696400140610281,0.6453776575878784,-3.4738306090666073,-2.0026781856913
-3.2480783704495275,-0.7508292427238302,0.6265756863415396,-3.6049276796331626,-1.9858755065864233
-3.280263410216844,-0.7185474385696913,0.6028068609087206,-3.71590000753098,-1.978573947240148
-3.2882497806393203,-0.7074265372575554,0.5812414011134829,-3.8032510844990255,-1.9762474325507455
-3.3073267384447407,-0.7152616263377873,0.5701358110720729,-3.8614491307160193,-1.9769840149956635
-3.305293986175912,-0.7057411682317399,0.534118895253278,-3.902392287769969,-1.9776024100089273
-3.307483993394474,-0.7211831368378268,0.528234891542255,-3.9330297821028557,-1.9612309219908957
-3.310844761482859,-0.7147826302309284,0.504401356623166,-3.9460305229096737,-1.9564167134964687
-3.2889926251451693,-0.7289066479343421,0.4845875972284265,-3.952251543066663,-1.958519429438204
-3.3079503947392728,-0.7403582531828059,0.4686528258107258,-3.955962895714129,-1.9478048159986077
-3.2913191497500485,-0.7223896517665025,0.44892625634115363,-3.95651908686055,-1.940701092870426
-3.2899787623139023,-0.6961977757624074,0.43484692679242815,-3.9632193014735515,-1.9310073718618033
-3.2994813518654054,-0.6590470588163994,0.411775376801193,-4.008612981996612,-1.9262153124389634
-3.3109877595961086,-0.6375628515916393,0.401641020900099,-4.042367408186842,-1.8984146574484972
-3.311473692643717,-0.6099681610616594,0.3781841287303379,-4.100907030504014,-1.8734475688683119
-3.32221553684924,-0.5552140857246655,0.33750804884463226,-4.1724325903134005,-1.8489960570772834
-3.3335100231206196,-0.5228922247281372,0.3237855871256923,-4.2362696379124944,-1.836372178599679
-3.321643734191906,-0.5232867597716765,0.308793543318597,-4.258646628890999,-1.811210168315784
-3.3158692617408674,-0.521104271548196,0.31553315082771416,-4.276202581047131,-1.794490753560533
-3.306603322064673,-0.5326869980844793,0.3025346999702489,-4.2882444002954605,-1.7851403989008392
-3.295644911843112,-0.5616479962878024,0.31715314041289416,-4.308611573149418,-1.787998791905065
-3.276411419571221,-0.5622811839179813,0.32534342508520375,-4.304504111747994,-1.7750258663558645
-3.276413853454139,-0.5870793621559679,0.3240787546848737,-4.291010217637064,-1.7782946033493048
-3.257159661411397,-0.5987581953953174,0.3175978343980301,-4.283704564339069,-1.774037149062794
-3.2629493272658263,-0.5936714729481103,0.2969884987016831,-4.274201082039938,-1.7853763412349661
-3.265014382335918,-0.5897645516613449,0.2980580590003265,-4.274342275164163,-1.7912442070624766
-3.240729010967981,-0.5806075839253507,0.28917462748932704,-4.265125154558452,-1.803295384678571
-3.263943815862744,-0.5778687182160672,0.3070537050054108,-4.253345901066977,-1.8124285302958745
-3.23615449816852,-0.6003475169082902,0.30704042604661025,-4.248281747452489,-1.8106439409355943
-3.2446677797586707,-0.6068303433489182,0.3181719436160765,-4.240828351121648,-1.8121836571518064
-3.220524049073576,-0.6034023313863494,0.32172164046400953,-4.2076674217896475,-1.81433922198804
-3.2188029620205727,-0.6522897800273958,0.3291416358901399,-4.171712837852427,-1.8411300422601073
-3.1928086019110617,-0.7016772202477847,0.32492086267527787,-4.115686436234821,-1.8561614371068687
-3.1896343528654802,-0.7528260931997017,0.3430026781587708,-4.022203016319697,-1.860539957858804
-3.1804283377466143,-0.7861145804400896,0.3405801476330503,-3.9433932844898893,-1.8677577105073628
-3.1576501189165285,-0.8275171236167929,0.36345359130177013,-3.862223451635184,-1.8813363194172235
-3.1523564344572668,-0.856328136530998,0.3969819620950126,-3.765158709114491,-1.9118992763569116
-3.125243752310648,-0.8945314811426065,0.4206610679235092,-3.698642919278007,-1.9225213917383668
-3.111803728519942,-0.908187660199462,0.4255241523046411,-3.6269932073425153,-1.9312376640130924
-3.06961876406292,-0.9339471865326583,0.4340693368820058,-3.5643677960612123,-1.91503957260352
-3.0688101759630517,-0.9349091063370293,0.4517097727940405,-3.4903374675459724,-1.9387536355717947
-3.051938320894143,-0.9438910256383434,0.4915418430779382,-3.4323847014524307,-1.9462119816851444
-3.0478056083078138,-0.9492540431778437,0.5243717289789022,-3.378430966993299,-1.9449689669343584
-3.0661296508109035,-0.9743874697474791,0.5455042601127051,-3.3391402408032382,-1.9650480317305419
-3.0728471651345863,-0.9822620134140573,0.5508172056189122,-3.3152854001952874,-1.9787970236113335
-3.076462954356953,-0.9749650548469249,0.5655614418599181,-3.306772014247177,-1.9793960071982912
-3.078765216136393,-0.961067603074795,0.6031923118378753,-3.3139816727333997,-1.9965559668678066
-3.0725728324463537,-0.9652263035964157,0.5955384512560703,-3.2887650856975243,-2.0077497629139147
-3.0861090758610423,-0.9542694455432689,0.601992652631564,-3.3222537206185145,-2.001772190645664
-3.0835021657899384,-0.9266460306759058,0.5968468093857942,-3.3355484956398436,-2.0031744359057986
-3.09858980274938,-0.8811761493979823,0.585682942849835,-3.3798725786243127,-1.997278867629538
-3.1187400246913106,-0.8443245660930233,0.5893747057973753,-3.4575690556796776,-1.979157241412963
-3.1560191189404887,-0.7915781499770881,0.5616642703560343,-3.540241435450057,-1.9665028639596083
-3.173577079186976,-0.7381942860251715,0.5395563909190613,-3.6546247404376593,-1.9532842959775776
-3.231657998891619,-0.683988891167197,0.5275856254175757,-3.7557008282174817,-1.9292807341754366
-3.255583611373229,-0.663575581577713,0.4971309330093306,-3.8408557904392113,-1.910977063425785
-3.271675247310758,-0.616515151137103,0.48195733571822547,-3.9349155762638364,-1.8981905362889802
-3.3086958725626734,-0.5853982781004572,0.4578954858820449,-4.026036620344326,-1.8801608317578222
-3.3161945506129245,-0.5648620333255558,0.4382558346362131,-4.105845804556727,-1.8571953113998676
-3.3160471828363574,-0.5421206053162138,0.4221731061118337,-4.167419870910595,-1.842727743916774
-3.339010242330396,-0.5312455427968071,0.39194851736070935,-4.227898897873586,-1.8179342688388225
-3.349156770742856,-0.5001448683791158,0.34819585180181395,-4.283168832808242,-1.807014520089387
-3.3568051592679207,-0.4466468507421852,0.31603384045661714,-4.345593552987904,-1.7895401439862428
-3.3451661133283754,-0.4412871923555052,0.28941703058917245,-4.378791580813958,-1.7497404016480227
-3.3405445284683077,-0.43594744369871663,0.27069037457026596,-4.422673417257772,-1.7241025857619918
-3.336948331629343,-0.41459039976609086,0.22604680088029205,-4.470110295847392,-1.7202626255706512
-3.3446043118239466,-0.4021097251854217,0.20944892685986272,-4.493561194721335,-1.7165147505062286
-3.3523393631342846,-0.39267749367071086,0.18428193617266592,-4.522885303703831,-1.7044701749159936
-3.3398601539609962,-0.35798302276078536,0.17436775226297102,-4.563631984323196,-1.6854893028092328
-3.3478289816493625,-0.35396750596675935,0.16867382400744005,-4.571039973624449,-1.6582361261090561
-3.334687745301392,-0.3523575125256683,0.15780017453434386,-4.588494022363418,-1.6352778971211723
-3.3235127904458257,-0.3456050886930736,0.14778610293596697,-4.584708864556184,-1.6428686664586243
-3.309554506751626,-0.3769923124998488,0.16051606301116744,-4.569960401654586,-1.6605275564011823
-3.289316665106809,-0.4157835724245564,0.166303450754655,-4.548693995737846,-1.6782945786263117
-3.2786131649963455,-0.4898450276059956,0.17802056168215094,-4.490448099068978,-1.6934624656846176
-3.260548602457582,-0.5491909784756879,0.2094898176192565,-4.409691312470285,-1.7306035845648893
-3.255097619386677,-0.6280610250993458,0.24562118175859207,-4.316313270129632,-1.7597730538126957
-3.2335465324399597,-0.694875415891218,0.27714439153803017,-4.217580051264911,-1.7900137884461442
-3.2087067067955606,-0.7429487648572345,0.28157704497403424,-4.101063793229687,-1.8205207375216679
-3.1664078508201037,-0.8093047550779334,0.31518046172098585,-4.005435580807387,-1.8297487518377678
-3.128582483115472,-0.8687413899659975,0.3570728152569006,-3.8698814055701676,-1.865432594553629
-3.078316140209168,-0.9249424760577327,0.37508300629492064,-3.7384683452658525,-1.886945407891195
-3.036107009690964,-0.9795051591366294,0.4314122073962957,-3.6175280844681126,-1.9114699587446806
-3.00950758085885,-1.032884559441132,0.45419828480427815,-3.4675660104503523,-1.943851133419783
-2.9798899180847727,-1.0609506940428646,0.48246491932857655,-3.3087820536386516,-1.9576480933519085
-2.941774493621194,-1.1090632419165058,0.5040373921953937,-3.1707381396773617,-1.9674678439937001
-2.898700579798431,-1.1472120864120257,0.5339639571603177,-3.0384321945327772,-1.9636667557951464
-2.854385814824287,-1.1783058710259566,0.5734893580571557,-2.8974745654707723,-1.9899876126796077
-2.8464166366343244,-1.2020096634214557,0.5904746647734338,-2.7752218341868033,-2.0079303576972722
-2.8067461880918767,-1.2298642030861209,0.6170906664948139,-2.654295308272586,-2.01188451283885
-2.7886553467141986,-1.2560414021510389,0.6613054542409453,-2.522515673896375,-2.020368720863714
-2.779773060857449,-1.2548605977833693,0.6905948249063036,-2.4371499308141025,-2.016906683806458
-2.7750976950736983,-1.259344319358831,0.7120706626076113,-2.3735730593532933,-2.0225253166832027
-2.77975657269319,-1.2367476010576697,0.7104140666146577,-2.3628545805738805,-2.041575712687161
-2.8184306338514995,-1.2132642874301616,0.743569363444374,-2.4299465813545127,-2.0418650180707547
-2.8656428201966513,-1.1499036275570178,0.7576401904569182,-2.5229506725939332,-2.0326459322296317
-2.9314816332482083,-1.0694870288688105,0.7608255288233273,-2.6427249341304564,-2.0452411868396845
-3.0042538693040717,-1.0059335553899622,0.7516597245560029,-2.7929010043955107,-2.0505602218825416
-3.065796834637709,-0.9473647349103944,0.7411332871930814,-2.962886796980185,-2.049634106753076
-3.1185133909526277,-0.8834328153160986,0.7263110502620095,-3.1456025070193765,-2.0502608942977316
-3.15451504837691,-0.8099261051926216,0.7125343462230499,-3.292987346798583,-2.02337921870648
-3.194930486783603,-0.7983020163227049,0.6683931663985242,-3.4336976480126014,-2.0120188906506735
-3.244850245518708,-0.755770044563427,0.6500749759271962,-3.560325126343337,-2.005875104977356
-3.2789179903148744,-0.7320409169832613,0.6291376691979956,-3.66063440526549,-2.002368955583181
-3.3143184337673217,-0.7331218770845468,0.6037078898207211,-3.7166228407882977,-2.0066081326240206
-3.3196194341465994,-0.732739409420695,0.57203001411312,-3.77081391198637,-1.9937463825954773
-3.3190707597269635,-0.7345718437813967,0.5517036720053454,-3.818726676006369,-1.989969469366295
-3.314202240880636,-0.72519015450734,0.5344341526733829,-3.8387186049358792,-2.003492808671647
-3.295582215049385,-0.7539727775344472,0.5336129553021542,-3.8430507316564504,-1.9729830982704828
-3.2823492795451177,-0.7732531562938444,0.51799403374829,-3.8360701689032815,-1.9696939271289529
-3.27285980160643,-0.7784549037356953,0.5368056412323445,-3.8482955200967806,-1.9804828984114073
-3.257001526784045,-0.7962370468182496,0.4968383458733888,-3.8538976050620315,-1.97937113355924
-3.254887814833342,-0.7713514728675247,0.4922368685980001,-3.8738027544802414,-1.9588881358996035
-3.260104033974313,-0.7520588780029225,0.46318957055181,-3.9201840360490245,-1.9505596859439847
-3.259000488145686,-0.7279791734361487,0.44016287057909786,-3.941035798423222,-1.9285791191875437
-3.2718153055455264,-0.6693717220324918,0.430335167227052,-3.9955132291106956,-1.9118901942755437
-3.2782569163887603,-0.6261416780466615,0.4043806007228589,-4.062169622821168,-1.8826573164136295
-3.2940254959807844,-0.5879160990556258,0.383518453995942,-4.129232460735135,-1.8900323207244514
-3.290848576313615,-0.5693120577854824,0.36744639155812736,-4.1818049372503925,-1.858184429028851
-3.2980795173979716,-0.5455745392721236,0.3558692222247087,-4.210843183058558,-1.850167794982265
-3.316066531890513,-0.5392283881381117,0.3226585353927079,-4.263186540473463,-1.8196714928205575
-3.3231199186502725,-0.5293395405174447,0.3380968491046798,-4.266846387487816,-1.81168597076066
-3.331074221210997,-0.5299357757759326,0.31829221597936674,-4.291747294175346,-1.8074760483324546
-3.3318908525944533,-0.5383234614540043,0.3130294019868333,-4.2963072584413595,-1.804514929075223
-3.3053737887306154,-0.5330176612737404,0.2965101951362347,-4.305643311278073,-1.8054453670793016
-3.308601844223552,-0.5485105099861904,0.2935664342511808,-4.305827497624465,-1.7891987818780624
-3.288895230825959,-0.5229619485752814,0.26985096409672116,-4.352405315795933,-1.7732285242034942
-3.2920052769217474,-0.5119738628586572,0.26289740071791123,-4.3607449585694935,-1.7720797300554796
-3.30138296784104,-0.5039098942050956,0.2573657795183153,-4.36079901063176,-1.7704060746196204
-3.2976732541447125,-0.48506986325712304,0.24321095491120107,-4.377671792999017,-1.7690661891181672
-3.2876305513071156,-0.49248419315262437,0.254465599864596,-4.388465930891654,-1.7427588279299444
-3.293443236798329,-0.5005456630518433,0.25964428787173477,-4.374665444160109,-1.7366443205348838
-3.290299798953685,-0.518646730312532,0.23194002339463252,-4.374259908383686,-1.7402295579416225
-3.2708846072740387,-0.5578176932776997,0.26258297691653326,-4.342357294267115,-1.7549698885049232
-3.2533748419376924,-0.6005043524648754,0.2775807468302347,-4.299552088695217,-1.7595884763304321
-3.2306074184630846,-0.6317011141284183,0.293975265007412,-4.224575195147377,-1.7707055673818834
-3.2035984779425855,-0.6783914906126016,0.3205509613653495,-4.149958102691521,-1.8044534582972391
-3.1860584465445307,-0.7467997060250628,0.34340707826499944,-4.076309965040804,-1.8390709504614797
-3.1588315808374303,-0.7990760838607807,0.34718499568949374,-3.9894274715587725,-1.8507368432380973
-3.1234887610645963,-0.8537597853533299,0.3786471012474838,-3.8984395002230334,-1.8648911246472384
-3.110234529769355,-0.88548338588475,0.37266630531937345,-3.8197445739983347,-1.8987045116623422
-3.1032911892146333,-0.9226144076923753,0.40705165210249766,-3.7093402531630675,-1.9053430842613543
-3.0600331003896244,-0.9372327720053485,0.4269010768336476,-3.6216096324252924,-1.9349283047752592
-3.033328340827364,-0.9759337423775574,0.4624264158636497,-3.5534112292582263,-1.915120762204615
-3.0203598854484626,-0.9962281370267929,0.4704818429906225,-3.4586373940584414,-1.9346473643339794
-3.011591250145041,-1.0219002155542019,0.46867185075515305,-3.3658456704694055,-1.9632671258896217
-3.0008401587838422,-1.0391618770108133,0.4956356681837363,-3.2810137460991724,-1.973351934237327
-2.998858610357312,-1.0839488635017283,0.5046586463555974,-3.19527431819258,-1.9951811064173997
-2.9856005556901564,-1.1156403420388064,0.5292450976011774,-3.122786801809391,-2.0235078138374387
-2.9630397639345447,-1.1376203607407835,0.5530333453565376,-3.0551298357421848,-2.0256133591979273
-2.9445448462539123,-1.1524713400556588,0.5849772080074855,-2.9730161546489016,-2.0264719364146035
-2.9414623719059514,-1.1407415714758913,0.6158367011330644,-2.950668970554193,-2.042842656567401
-2.9432146029421284,-1.110047197023266,0.6290599455918723,-2.9603538167459047,-2.053570176252998
-2.9765832639097947,-1.0939466008065206,0.6450470797482876,-2.983752529206888,-2.0449949460342793
-3.0239517656531922,-1.0342424262837233,0.6631246045977215,-3.0622676898097403,-2.0267597668842554
-3.050955685852127,-0.956255575738424,0.6373230803698672,-3.1491178186653364,-2.008482554982237
-3.087844575792024,-0.9093207817688987,0.6357968387106476,-3.264194634882564,-2.0019829765764463
-3.142338872447608,-0.8334217294664302,0.635059172148885,-3.39406480623312,-1.98800083548943
-3.181550311038847,-0.7924206459036729,0.622548841697723,-3.5428699200243106,-1.9756215174798215
-3.2240149080405587,-0.7442964981450989,0.5853131753272063,-3.6610408112113033,-1.9590708410938025
-3.2428452715154554,-0.7080057181429533,0.5674931571102537,-3.779196543064739,-1.951876307670478
-3.2783672234843135,-0.6679428392322039,0.5318600125254583,-3.8848627792937664,-1.9318437846045269
-3.2964210276360553,-0.638211708166212,0.5108289323427384,-3.962755002743021,-1.9217999069399156
-3.320352774924233,-0.5995962619934287,0.48495936983552873,-4.034173488785905,-1.9063803040855967
-3.3421434284325495,-0.578899931760128,0.4598282793476939,-4.113292607891144,-1.8921313044950177
-3.3474768099849093,-0.5801134392822287,0.42662386354180104,-4.140345068976296,-1.8707015512116951
-3.3302403442320347,-0.5909053362313875,0.4099472445788012,-4.196111655083876,-1.8634864989976292
-3.324249225773674,-0.5813501407124213,0.38539161607912276,-4.233016037062153,-1.8341114772393388
-3.3219497506436255,-0.5793776187106091,0.3620025554311466,-4.267760210721168,-1.8485342958732358
-3.314815903010374,-0.5440421928221946,0.3460694386179829,-4.285040826001818,-1.8224715313243411
-3.3071806724420387,-0.517840646577808,0.3445678340979858,-4.289080559262207,-1.8150845375636833
-3.3065316242651512,-0.5094138453195578,0.3278166081086667,-4.338314547915818,-1.8111690004655165
-3.3200139491527554,-0.482648530018672,0.3039194969277104,-4.393127688266268,-1.7776577395997306
-3.3272047484004847,-0.4577166152119239,0.27835749283564043,-4.394335485096619,-1.7832114597645816
-3.3291207516937944,-0.44903901559386106,0.24574036781800096,-4.4286230180875625,-1.7503948575563244
-3.329694100538866,-0.4352947403774129,0.24558618223040532,-4.4561863003498186,-1.7369448200413624
-3.3300687344313107,-0.41933463104420055,0.22507232272111247,-4.462150330706685,-1.7216404351302805
-3.32086708707967,-0.43412860789915403,0.24902541250206542,-4.449909821055146,-1.723804967639523
-3.3004906858630676,-0.4641381600887067,0.23440753570286055,-4.445806793311112,-1.735322637625496
-3.2800977111182434,-0.5013837703496747,0.24539092440136304,-4.403982965397261,-1.7519246095761938
-3.2623409937444072,-0.5712207764028105,0.27493703209241893,-4.341438671891169,-1.7575679164084608
-3.2386203585799813,-0.6257273617513827,0.28669811536601,-4.281142674695326,-1.7735593785690642
-3.2323438786643104,-0.6853169831411052,0.30370339563729104,-4.204313785518215,-1.8072968006992651
-3.2008999494275834,-0.7303255712035451,0.3126009514106806,-4.101608077120912,-1.835979790401246
-3.179821158884689,-0.771287459189299,0.35267071000330424,-4.008394471941448,-1.8570291932536915
-3.151464202328712,-0.8223770429205217,0.37006059804171776,-3.9407127904093047,-1.867504776503617
-3.150954890871308,-0.8579185753261427,0.37442715711120605,-3.8439448135244625,-1.9045696108975372
-3.133195016266162,-0.8906041638442911,0.38616780336121675,-3.7525139375324534,-1.9302470378342227
-3.106555161176576,-0.9129944257416323,0.4212610740384716,-3.6600473499709283,-1.9250998232416467
-3.0775293655401135,-0.9631743483621044,0.4389267465348397,-3.5584482030245965,-1.95437448478289
-3.039105447709318,-1.003727837737491,0.4517015235094853,-3.459512733659865,-1.967720805327003
-3.0174486053462544,-1.0185269977290676,0.494123118815835,-3.359172207658402,-1.9651093236078394
-2.992917254145841,-1.0815413269252798,0.5314915585013041,-3.2261182229710776,-1.9922683035850395
-2.9451105945029394,-1.1252858594142754,0.5688345303219339,-3.1296572653187726,-2.0169518411145293
-2.943876115273074,-1.165718243972721,0.5744057795690642,-3.0130898038321723,-2.0369124836402457
-2.936113141144294,-1.1849484938682382,0.60698073303565,-2.919208297646886,-2.0408630767720424
-2.8990797921323557,-1.2171895291482302,0.6292707781003992,-2.848252918619147,-2.042069470782007
-2.9014547223234377,-1.1950694572460259,0.651490123815358,-2.791063302172029,-2.047842717414518
-2.9063650911225065,-1.156562171282537,0.6674287454934505,-2.79933421731338,-2.048634042460905
-2.9186755373788875,-1.1199738670972086,0.6667297682830409,-2.80526928134683,-2.044150318644779
-2.9702728756522996,-1.0652328797302693,0.6752936839755527,-2.859799386545126,-2.043489281340855
-3.003310286538511,-0.9921060980989814,0.6861650889528176,-2.9626170786213697,-2.045743866766546
-3.0505989693171505,-0.946868620090614,0.6792505908993828,-3.075664577905479,-2.0455050678043163
-3.100673531941523,-0.9085149071877253,0.664300755388924,-3.211733466293576,-2.013188080490574
-3.1337137588446375,-0.8339209644667054,0.6531371780769769,-3.339376807445177,-1.9885046917032194
-3.180376251978106,-0.7889021175528043,0.6192898936342646,-3.48918858464371,-2.007197241800999
-3.213755182096859,-0.7481540690548005,0.5952263474919706,-3.6432869229320994,-1.9924119611016968
-3.239969474935209,-0.708165768413643,0.5765003154572916,-3.7296455597782554,-1.9554519125304852
-3.2643682712809343,-0.6837654395526738,0.5402006907524246,-3.8453366374052123,-1.9512336479749548
-3.2956682048290595,-0.6420966218119812,0.5315604413991608,-3.9168511631638596,-1.9250479712429565
-3.305096487398011,-0.6435733920573556,0.4964056454147304,-4.008160822000245,-1.897067712351283
-3.3266929141606925,-0.6178614645301344,0.4710488783114991,-4.054952050476714,-1.8873691773365615
-3.3159394240010025,-0.6067625834371425,0.4636474836176711,-4.1031230206780505,-1.9047526039005214
-3.320482978896198,-0.61749712735972,0.45917779827340577,-4.125677990009389,-1.8930088252638178
-3.289591228113136,-0.6087988763730037,0.41202127858496906,-4.137857746393151,-1.8715289088591673
-3.309107888974617,-0.5917405775943896,0.3902142789596121,-4.159848390473754,-1.8641643605379088
-3.2861444379224993,-0.5760446357973943,0.368358176115503,-4.179974372871397,-1.8573463068401024
-3.2749550113337897,-0.5744215358134791,0.3464956111399424,-4.1906880326046805,-1.8372434494557912
-3.2634912861790792,-0.5684065975770989,0.33926766881157605,-4.222165373369789,-1.8334864825472033
-3.2834366334085745,-0.5406946029511449,0.3220785697134089,-4.264849982361107,-1.812125738597405
-3.291407456631215,-0.49860280458511796,0.2854854495431445,-4.299691002018388,-1.8023205986148112
-3.3284042523624997,-0.4812593970297504,0.2845590816165523,-4.354621571163039,-1.7743625970388004
-3.332444793550771,-0.4782610020409614,0.2762090880548052,-4.375095230710465,-1.7605719380156053
-3.337404747708581,-0.4685101942925443,0.28646416223829724,-4.371814548466971,-1.7629540498860596
-3.326842866346256,-0.48444765409209284,0.2981209397921407,-4.385450266055839,-1.7607164926352865
-3.322309272845241,-0.5016955766981439,0.2835755678306649,-4.3605079648648735,-1.7665557659803974
-3.305710792872945,-0.5433024807013325,0.28411891645279935,-4.319815493483326,-1.7754946736574788
-3.2702275168049546,-0.5878352227357316,0.29231900067023964,-4.277773056166233,-1.7811798232569287
-3.2700480701636367,-0.6134488669852525,0.30918888224935803,-4.24894377166349,-1.7787655915141865
-3.2488044049639644,-0.6448640845756866,0.3162890098311987,-4.18978630643315,-1.7935596824824749
-3.229411573269953,-0.6869826002793923,0.3250619474654071,-4.149469362252007,-1.8090693486337528
-3.1939995992756858,-0.7040631499417008,0.332109092628146,-4.093097731916437,-1.814880639030842
-3.1829868293035584,-0.7378085761864255,0.3470334692163504,-4.022798822388734,-1.8528964214474903
-3.163441403490388,-0.7661763742039727,0.3740931174622628,-3.949712459634627,-1.8702636831781148
-3.1314494661078855,-0.7911433412077841,0.3824670079062295,-3.8862644860589617,-1.8814740727628942
-3.1053144229207366,-0.8204325433932554,0.41513561642199875,-3.8401287945357643,-1.8817359145889818
-3.106183403653828,-0.8479912507364742,0.4117705483456293,-3.764814604406031,-1.905569552099051
-3.0856920391339018,-0.88389403367117,0.4245701242692617,-3.6862772804633894,-1.9188176028928856
-3.0644280425044266,-0.9426387530806132,0.470002654646472,-3.59796497480119,-1.9495865369215515
-3.0398244161607275,-0.9865577551437674,0.4898459014916367,-3.4927041833895673,-1.9530304354681707
-3.0152314923163717,-1.0320224999822112,0.5230694870545695,-3.3994510978471166,-1.9751256904120735
-2.9894651774966516,-1.0694011201156584,0.5177359394594909,-3.299601861756344,-1.9990275795451438
-2.967403673314065,-1.1044610203740524,0.5519317927455932,-3.1989790143747583,-2.010603367412425
-2.959455784813209,-1.129217487969204,0.5753782410945217,-3.129829371451071,-2.0154222561126764
-2.9685724619696847,-1.132328575463645,0.5892268568144949,-3.075019353182523,-2.0208318492171937
-2.9542404953562547,-1.078992503091735,0.5880657755504134,-3.048409846540484,-2.032074736359127
-2.9806859329444566,-1.06589088538004,0.6202230940479713,-3.0399715246908756,-2.0400651778062713
-3.009901029429166,-1.0193566989640077,0.6412126891490263,-3.0795422163303194,-2.015884096471343
-3.0545502400841347,-0.9713545659023687,0.6518172757458667,-3.1333146598421058,-2.026996628957224
-3.0934764314798464,-0.9171683923458133,0.6552614778242506,-3.235106834584453,-2.0323861829474983
-3.122046556510285,-0.8620372050265676,0.638736728213252,-3.3487671433892867,-1.9983332958217797
-3.1641892529612354,-0.8115404566384836,0.6404335535659821,-3.4727972935201317,-1.9888430333354947
-3.1966255057223254,-0.7803518398162624,0.6133745625144658,-3.5699620721045844,-1.969693136899374
-3.2394469684579494,-0.7240866618008678,0.5995160901967165,-3.6946637952933568,-1.9565975873980432
-3.286171079598974,-0.6953917774187152,0.5600422288348408,-3.7978184137848534,-1.9325589307027622
-3.3167593223599217,-0.651382829673548,0.5219104557351854,-3.8973066456222702,-1.9184216095732283
-3.3251044801376994,-0.6405193367531085,0.48575623026355547,-3.990473349961655,-1.8988893785172059
-3.3269627574703,-0.5781743182610256,0.445856050884301,-4.060302828266935,-1.8851656600543583
-3.335422857843659,-0.5858452930021057,0.40383310936141026,-4.136860732350407,-1.8555727065676246
-3.3349781971108343,-0.5603147423907234,0.38761498881577916,-4.201163485991735,-1.8459379051578537
-3.3465620082890033,-0.5342730941542638,0.3622403577267377,-4.250516342751785,-1.8428528597628822
-3.340289263890309,-0.526022045810344,0.3271657457894463,-4.26842576957308,-1.8420451582902881
-3.3361404070174623,-0.5135812624504109,0.3337708784039284,-4.293758238379174,-1.8215994076212225
-3.3405622326582067,-0.5084582422741645,0.30536998741981164,-4.327847231631003,-1.8026884014546871
-3.3305355246859594,-0.4965341367844398,0.2993761816843022,-4.341810151313744,-1.8053895455475393
-3.314312658162911,-0.48454554907292485,0.28137202743616463,-4.3824831833976186,-1.7791775988147567
-3.3314650437990663,-0.457116163922138,0.26291948927254266,-4.411050014982966,-1.7708441677401214
-3.3267463612311516,-0.4232798210567814,0.2377281865542045,-4.4519910530028115,-1.7282009275358423
-3.3179425037418016,-0.4059022964883155,0.20546931376745878,-4.47796759334625,-1.712696384214082
-3.32588982422679,-0.3836648986612792,0.1903300261297054,-4.502004299838965,-1.6881784212158324
-3.329841105221967,-0.3944643713945032,0.1852523887488933,-4.510481679754532,-1.669934780219008
-3.3144609630475066,-0.4058085695465306,0.19129945266314421,-4.519998646931915,-1.7047750576421936
-3.2990219290373024,-0.4232395479664409,0.19137210304755325,-4.482936445637605,-1.6972074301929243
-3.2848691564128565,-0.49167136722960847,0.2274681586343457,-4.4547237095932815,-1.7225290009928855
-3.2600172167792802,-0.5459568949546475,0.25030561030634935,-4.378595300827312,-1.74667368357744
-3.240767232649035,-0.6061367380528789,0.2574203021744466,-4.3042264455454,-1.7654608986078701
-3.221751373699463,-0.6695839965942895,0.3060654239121488,-4.210107918826155,-1.8031896243790198
-3.181514606407669,-0.718955546833752,0.31213840388530706,-4.108024558810317,-1.815479520266575
-3.155623160625301,-0.7700173594990956,0.3191468470240205,-4.008313947939879,-1.863027908959804
-3.132249963788733,-0.8307217285332237,0.35309778987467627,-3.9156648999842534,-1.8479075938135192
-3.117692921437107,-0.8863913470021008,0.3642750097109555,-3.8055467333947623,-1.8717954297086425
-3.0777330195846195,-0.925238388785262,0.3986016945213795,-3.682277409123279,-1.900751200262369
-3.051994936073976,-0.9577276172872999,0.4335236851193363,-3.5775756868421613,-1.9216897154005594
-3.0241045950956695,-0.9972616122462759,0.4560398567957116,-3.4543172416866894,-1.9580414613320078
-2.992807331775476,-1.0570479160602695,0.4986575411823755,-3.323778806227422,-1.97609591401533
-2.944831206446655,-1.0934691234620295,0.527831794349463,-3.2287963770623533,-1.9798993432184246
-2.916441329056335,-1.1290544983392676,0.556541506357214,-3.1128449725319443,-1.990298853126966
-2.91099837290869,-1.1722434804756319,0.5675813121317227,-2.985878637461642,-2.014795252894358
-2.886757958660841,-1.2188599272160656,0.6087374379413044,-2.8505734641063762,-2.027922848056853
-2.864360522518468,-1.2400342428397666,0.6352611567112697,-2.7543055234133758,-2.010085835021418
-2.862002609686476,-1.2420847313599261,0.6436780422994597,-2.6746832583979767,-2.0337047360423024
-2.8525008583153824,-1.217713558188137,0.6674680733998183,-2.6380489837710464,-2.02527232296509
-2.8717320005076523,-1.18929355148521,0.6816108945823705,-2.64039630680702,-2.046202508769193
-2.883988574472034,-1.15979165517287,0.6804835444373352,-2.6765063204036186,-2.071523898249451
-2.9406804469584884,-1.1069735418848035,0.7058269908654992,-2.7368612776714483,-2.0639339972661874
-2.968189493654429,-1.042112024365669,0.7062915840663198,-2.857871847284091,-2.045443955213996
-3.022981506751371,-0.9635735052003547,0.7032048775342319,-2.981642902364118,-2.0326057221839267
-3.0730931752229127,-0.8941876056157179,0.6891482400617348,-3.131012534145829,-2.0022875563259444
-3.134250142319854,-0.8411755047973474,0.6899425987033284,-3.279100495014745,-2.01300517417772
-3.1826990592941202,-0.7986289619982336,0.6528250610493178,-3.4146134040254714,-2.0179129548454178
-3.211856925922399,-0.7589825913704804,0.6259194309944562,-3.556219268040553,-1.9817042685177109
-3.253331094087249,-0.7228526303010595,0.6089782953952126,-3.67558553290381,-1.9653667505204029
-3.29987032377397,-0.6793674886449111,0.5644109801881801,-3.7737876855427452,-1.9406549629636487
-3.303430428606305,-0.6555018430596945,0.5542869351090147,-3.8625919739149936,-1.9287493183305429
-3.299522045470737,-0.663847568172519,0.5288304787397201,-3.928017639860211,-1.9096162080241297
-3.3081589389247563,-0.6473796502746231,0.504188721747432,-3.9611257256932766,-1.9168328434140107
-3.3064649978010863,-0.6617006500167883,0.4993424054597353,-3.9711964013910084,-1.9173808562971382
-3.3132809273572046,-0.6588705904839727,0.49123088250406793,-3.990884472102586,-1.9104407805130057
-3.302212258813435,-0.6609175019136594,0.46506841387102255,-4.003528936322838,-1.9263008452328854
-3.3021941478207073,-0.6529009225593242,0.4332018447324994,-4.024106189052081,-1.9107227169839154
-3.2896310534755413,-0.6639031845852371,0.4262516338484221,-4.050037898921827,-1.8927677727510892
-3.283920204355528,-0.6526269183479294,0.43206057125048464,-4.069826610020449,-1.9053396918030803
-3.2880755074547756,-0.6336408296613657,0.40615762402880146,-4.0953015525980225,-1.8862211261583268
-3.302990616347835,-0.599460505138102,0.37005389790868676,-4.125211817557469,-1.877381865412894
-3.3061781229473564,-0.5705311529023258,0.3538049338895589,-4.1736541589588345,-1.8531152003739848
-3.308622881413367,-0.5283513988144403,0.3127568099774484,-4.225289572743832,-1.8231525929840255
-3.3253908090680744,-0.5179414021384643,0.30778088487054917,-4.269690063142361,-1.8271047088072765
-3.323531930853141,-0.516716398808247,0.2941901969517332,-4.306141583859056,-1.8042193008896201
-3.3227886345273414,-0.5012347010460941,0.29007414936655707,-4.324780463059058,-1.80496405147391
-3.313328755977932,-0.5187730414835489,0.29412983069950355,-4.331732991430498,-1.7935602155614236
-3.304708627294439,-0.5490047786149962,0.2951600322572492,-4.316331554124226,-1.8065864174380106
-3.29835986540437,-0.5550498983028798,0.2864101746645878,-4.297233748070531,-1.804346391217796
-3.3020760843782964,-0.5884882604281941,0.2953494074602353,-4.25731459176227,-1.8323794514449403
-3.2828689153369943,-0.6117229739670629,0.310186179579994,-4.2229728943984215,-1.8231231765741502
-3.266737299419304,-0.641519320411227,0.3189891903762788,-4.183503981282145,-1.8369286214436045
-3.2664472162306173,-0.66681876505621,0.3113908391404631,-4.146182221672896,-1.842670253222715
-3.2643138307619943,-0.667393904367344,0.3312421838898711,-4.120641114024263,-1.8443207087522158
-3.235525210049764,-0.6904440915557029,0.32685189468493986,-4.089137344479745,-1.8503504563334596
-3.2271770881437596,-0.6989870438036618,0.3255814414331351,-4.066863558897845,-1.849282508384767
-3.221223788906808,-0.7111440864671044,0.3118256325674611,-4.053747093544773,-1.8472975262755231
-3.216288397123483,-0.7355912746937739,0.3198487360644559,-4.017279029277862,-1.8678814136217234
-3.206821733539336,-0.7533857941980969,0.35879345070804924,-3.9438281000506827,-1.8548135230297018
-3.173385060732561,-0.8002945603128228,0.3672086418534417,-3.8885903122918273,-1.8695546584649023
-3.1535063355468176,-0.8470089546006094,0.39303189089007284,-3.8150613526843804,-1.8891981901074413
-3.1118070467570464,-0.8893790300854928,0.39828765126385446,-3.7220452807676327,-1.9024222603989691
-3.0902495453165018,-0.9371107276864102,0.439549457624388,-3.6180108497383157,-1.9173002808610025
-3.051796691736539,-0.9498088122384102,0.47780965319865304,-3.5474232253874303,-1.9200996621091135
-3.0666837323698326,-0.9755304143253047,0.5081335446187605,-3.452561078520546,-1.9407708779352817
-3.036724436994047,-0.9853394236965681,0.5193583977086335,-3.3887531228700745,-1.9585166238067901
-3.0339313252581475,-0.990504623256841,0.5231018995629777,-3.3437636270456217,-1.95207302320847
-3.033892336446692,-0.9889938440130173,0.5313911882321609,-3.326740072405658,-1.9532307546861298
-3.0460959115755135,-0.9688588541236905,0.5663516791498894,-3.315251511784189,-1.9734373229430209
-3.0533362304589935,-0.9458091823228846,0.5635356062222744,-3.303527872517898,-1.9842077660810036
-3.0587194836342797,-0.9302176475107877,0.5796945800564798,-3.338955886763101,-1.989521376039982
-3.068360989032407,-0.9066712670067039,0.5856196203415603,-3.378067166877894,-1.987962927139928
-3.0888840060130645,-0.8902945932987308,0.5954795400584914,-3.4217488230735964,-1.9905919263822334
-3.1206627068027664,-0.8608565346795394,0.5919497440942607,-3.468880056141389,-1.9842919667654972
-3.164325056781157,-0.8148585334149457,0.5820454257686354,-3.5192678984957904,-1.9702102908905275
-3.1756439185760166,-0.7751983424919606,0.5820511826158994,-3.5833505088213693,-1.9698349898936078
-3.1877444437244695,-0.7532423962101542,0.5520306694121474,-3.6643635692771808,-1.9653024844486626
-3.2157821508853206,-0.70058800341199,0.538883433632068,-3.780580174577806,-1.949130352101446
-3.247669863342298,-0.6605015614363874,0.5056807670102685,-3.8422631433979237,-1.9384786198084725
-3.278919664238304,-0.6273548828077888,0.4745381522714369,-3.9431404970154804,-1.9213063959102845
-3.3039093004561786,-0.6030900193547746,0.4375185599499014,-4.042112930249367,-1.8924464545591573
-3.3131970636485373,-0.5630689499394895,0.4331518267833849,-4.108937843221688,-1.865586208360173
-3.3323605311470654,-0.5428778831606402,0.4007981096503025,-4.16201482712863,-1.8307415905218378
-3.3372547726196853,-0.5116895724820204,0.376695540841513,-4.225470047415667,-1.8181665563866571
-3.3412287421157956,-0.5025042947462688,0.35720133282140115,-4.278215030382496,-1.8047084650310177
-3.340122493143872,-0.47458512013094595,0.33995771185222484,-4.3206094922663345,-1.792665541163286
-3.3438833846785276,-0.42989134400823636,0.30203686134776103,-4.389645358121235,-1.7829005976138705
-3.3343397140344178,-0.42837867863305706,0.27508589802671946,-4.417073029606243,-1.7583301306845267
-3.326930195318413,-0.39387359848156145,0.2541974935769759,-4.4426689601490805,-1.7465442910744409
-3.333641131154086,-0.38608703121090293,0.23555020969952428,-4.484841000710175,-1.719481508548026
-3.3380983549236025,-0.3664461144374215,0.21800469759574426,-4.532325524586292,-1.7120657142171125
-3.339702855144587,-0.3517649831700563,0.19624845271704705,-4.566288854618338,-1.6934625822080256
-3.3515532545884894,-0.3580272878109871,0.19125904399021398,-4.5784215493179765,-1.6823805375297725
-3.349825679444276,-0.35237569276859493,0.1769070538581234,-4.598568446330846,-1.6738752115119526
-3.357751907575861,-0.3499519865277314,0.16167528748472373,-4.599198384239742,-1.6687797397273898
-3.3460162297400755,-0.39438206050994806,0.16994680974074958,-4.587992509976293,-1.6726328226950757
-3.3122758940471826,-0.41547657727216986,0.17392682362063064,-4.586867066073983,-1.668723270526335
-3.288726969940708,-0.4666419368809643,0.21236502766969526,-4.530254085226623,-1.6763594890845281
-3.2696487544616413,-0.5215297424103347,0.2187997065896008,-4.446224250012562,-1.6988661489588033
-3.2454261595525793,-0.5767364622893697,0.23819229766283873,-4.361786700289476,-1.7390381393541399
-3.2236132813522667,-0.6438057762757587,0.2434970220889293,-4.253744797273266,-1.782048182464319
-3.1810402797271724,-0.6830091626248759,0.27828695207852133,-4.120523146965032,-1.8130550734710102
-3.1470184517070896,-0.7716188217234871,0.31875333457977717,-4.008658498155679,-1.850740014893668
-3.1165112421787273,-0.8473718899028104,0.35259869655224707,-3.900130831349957,-1.8908302630558391
-3.0834561070614104,-0.9184002727474321,0.3741813472446789,-3.794982134085148,-1.9212930291209416
-3.049293835938197,-0.966129996044973,0.39145313442350665,-3.6624835411130987,-1.9559264025072445
-3.016685882301122,-1.0150151867922053,0.42250820906752856,-3.519108030683207,-1.9618622518551512
-2.991163466168771,-1.0665307445818426,0.4531015354470137,-3.383474937334162,-1.9793669995542005
-2.9542796465523264,-1.1263363808821472,0.4786566909700671,-3.2178170028404867,-1.9894247966112042
-2.915726786894957,-1.1859699215468562,0.5149479020834953,-3.086275790020387,-1.9829097440483745
-2.8949167870787917,-1.2209603074623936,0.5584031088248277,-2.9386963531529613,-2.0009883325403246
-2.864660612433742,-1.2645897833645332,0.5806259568226285,-2.8065288838557074,-2.017032502204011
-2.8276861868509218,-1.2856750799571781,0.6143946708279537,-2.687490458540534,-2.010782503891018
-2.8088749684352114,-1.2891979389662458,0.6502303344820818,-2.575666886686629,-1.9952832347487792
-2.804366326216332,-1.3058077265765944,0.6693922995061774,-2.496696674010462,-2.0210197701407178
-2.7951870851433522,-1.303995165175885,0.6868791362477458,-2.444718174227571,-2.048939409008381
-2.807516448365193,-1.2651807995392346,0.6992995802688051,-2.3970089263584415,-2.0631486989996572
-2.841801921385917,-1.2269911123989297,0.7239816592888285,-2.4040844446360126,-2.0606773940370737
-2.883987105566206,-1.1750746459109618,0.7276048885939602,-2.486862903238062,-2.076644209618729
-2.91698226272565,-1.1113836040271534,0.7373062029384277,-2.6088663816906976,-2.1004068537335217
-2.9660265250726514,-1.0461203282124725,0.7300389750455768,-2.7660607801942647,-2.0914808693556277
-3.0341284537686484,-0.965457208602281,0.7448520572451603,-2.9534443493757925,-2.0759686200556273
-3.1039452908810365,-0.8970912785753721,0.7155053249214086,-3.1036993866712583,-2.0652055318277776
-3.155303873223086,-0.8488299942585529,0.7068109010960199,-3.2723141103440754,-2.057021451882134
-3.189062680880366,-0.8196278997927042,0.6660633932922465,-3.423649422461108,-2.048985356021224
-3.248229646552593,-0.7683825258356788,0.6483099640934583,-3.5240238877275156,-2.0414865817669265
-3.292379482484478,-0.7601219458586886,0.6199518422130742,-3.620036678620385,-2.0308437106699824
-3.3166949466806894,-0.7741721745961918,0.6070764512466656,-3.680644639879129,-2.020962732249572
-3.3301906629171376,-0.7670662674900318,0.574336031819506,-3.7506710538970216,-1.998936481725394
-3.3354973515804094,-0.7652769592098371,0.5585979465631694,-3.8014323530845417,-1.9985829010390619
-3.3242717517521054,-0.7582927792420738,0.545340354814424,-3.8280671065914,-2.000304207625757
-3.3025682691613865,-0.7735874308211819,0.5279519957813035,-3.836720723189241,-2.001974868358362
-3.2947142469488524,-0.7612545354988025,0.5246557286596965,-3.853147612490891,-1.9587588417532038
-3.309311621379047,-0.7604068097454434,0.5048911855395666,-3.8560606648861944,-1.9586983810569667
-3.2983837591172716,-0.7563146944625966,0.49237396903194713,-3.8603672629602825,-1.9569306964244284
-3.285278231290647,-0.7233770068845556,0.4798233522257121,-3.873458753459926,-1.9429270308950926
-3.2717001999146595,-0.7275542725133483,0.48080434827418966,-3.892597374889674,-1.936869858964543
-3.2751163676325503,-0.6885526046804268,0.4413616159164161,-3.9566911746502527,-1.910228728232382
-3.2885872993482788,-0.658675070010155,0.4309842347413658,-3.9916409366251258,-1.8979483824978618
-3.294327341212704,-0.6031138380661037,0.3820205347923511,-4.0331267967316675,-1.8898854922224249
-3.2914847150356414,-0.5777654992262283,0.37789075997472854,-4.107868475912099,-1.843086210571138
-3.3067198791823587,-0.5462112195849079,0.36215123237850533,-4.171869921399335,-1.8486619263094408
-3.3135641207449478,-0.5258210998960154,0.35417433817875277,-4.220022010392275,-1.8233376808040842
-3.316163777579362,-0.5312291713826383,0.3468351211539032,-4.251461457711417,-1.8399575730444864
-3.324111796371545,-0.5231440752593096,0.3355497232681131,-4.284253928194056,-1.8143743319330732
-3.332774473471906,-0.5445727784603538,0.32263522153124435,-4.278741713664512,-1.8037923446279236
-3.3197435844696175,-0.5548154893214381,0.30206562577663243,-4.2960356962864354,-1.8110291246246244
-3.313040834983073,-0.5479860654922903,0.30121003713453676,-4.321786358769418,-1.8106236738842583
-3.318022028460179,-0.5450608133336045,0.29030620081928943,-4.32986916419389,-1.8033261057466456
-3.3324314674330684,-0.5394107498860176,0.2653384031469138,-4.307463655888063,-1.8070814540496842
-3.317961045544049,-0.5409422199328695,0.25435318617938374,-4.329505778653225,-1.8055752531325377
-3.322359201807728,-0.5013106770979019,0.25278223497680785,-4.330597971263514,-1.7911476944704832
-3.3145285871214334,-0.5080794840138736,0.24576063245242652,-4.353644015763022,-1.7810406441505582
-3.3207047292206804,-0.4995586078899391,0.2641062866200415,-4.363683699342561,-1.7662045592047972
-3.306669996132578,-0.4931885661971548,0.24557795650839476,-4.358512808158113,-1.7542981367570274
-3.3109732835143286,-0.5053995211262015,0.24505547516335813,-4.3505767249222185,-1.7547415408197644
-3.288021339659676,-0.5326427191744502,0.2773553283130756,-4.324777826049135,-1.7758576119987894
-3.2540507273837385,-0.5774672588882572,0.29557381317843107,-4.274526598134291,-1.7854614603678167
-3.236759216165213,-0.6523114440900329,0.30860057389446316,-4.193548544128301,-1.8107048357392843
-3.23077136871175,-0.7051557888037198,0.31767420523021267,-4.134851472427325,-1.826804915671964
-3.199525199061341,-0.7520190837330528,0.3297383915839198,-4.054597476159508,-1.8423480440938924
-3.169535324923755,-0.7913525216435966,0.35887872053966924,-3.9674001642195584,-1.870933925820635
-3.151924296910849,-0.822761781015267,0.36443079326180366,-3.888977431240299,-1.9003753305968878
-3.1240357263315612,-0.8720132405105768,0.3779235358305552,-3.7851774218294936,-1.9115602879574856
-3.107734208021059,-0.9199497293241623,0.4132814984137842,-3.6986401719810607,-1.9249371155303416
-3.079044865204981,-0.9415346042312688,0.4536384450387095,-3.5977971690688926,-1.9535852589787495
-3.072315183166946,-0.9604287999370541,0.4602546430401471,-3.5285689264123916,-1.9652670339020621
-3.051037318824501,-0.9801988405058756,0.48996377048767686,-3.449935711653726,-1.9665406851983265
-3.032088038178401,-1.0010486127459743,0.4924034801103818,-3.3614463055425703,-1.9619733193762277
-3.004679851605619,-1.0283317406634944,0.5098655853542821,-3.278006431199283,-1.9853272705975922
-2.997506281480981,-1.0565158237321355,0.530353848099227,-3.215944811454242,-2.0133844382415806
-2.97507957639191,-1.0706289733018264,0.5569528452848077,-3.144075134305861,-2.03667326464142
-2.964152968889198,-1.071860907855015,0.585753367877972,-3.0560462247607503,-2.0178737513924534
-2.953384071598851,-1.0767172625079926,0.6047688336077356,-3.013464315905108,-2.030185653539656
-2.948457602753901,-1.0879665447410747,0.6206367375442472,-2.9775368663374477,-2.030180245142297
-2.977423727427688,-1.068312290573418,0.6427435496903071,-3.001862185495556,-2.0304037544313847
-2.9976502722716143,-1.0293638633040065,0.6360228510883347,-3.0366891331111368,-2.042975061327758
-3.0281383696907063,-0.9695668226125645,0.6490979522969624,-3.1176934732665513,-2.030177349834896
-3.0542189504058324,-0.9160279382661015,0.6381545420742941,-3.2155377637638383,-2.023637024767887
-3.1039778544189094,-0.8867610517911843,0.6318636609436146,-3.33563989864596,-2.0045328107591613
-3.14367234202309,-0.8251700898402943,0.6181044283110717,-3.456468077459443,-1.9932326832557752
-3.190277608903913,-0.7690716429454493,0.5940413488559213,-3.5687433895018787,-1.9806649545229729
-3.2119089641195298,-0.7316745187480947,0.5792994488719772,-3.6924600323667,-1.9529014299454137
-3.2403633015755773,-0.6887452373951404,0.5443663787716795,-3.806602523490825,-1.957141022086745
-3.28019608994977,-0.6677849500248958,0.48614052908602434,-3.8951154959235383,-1.9219447675758514
-3.30662430135164,-0.636085925052917,0.46378822757131716,-3.9796160710413213,-1.895494883845726
-3.3247163863799725,-0.5898167379514269,0.4471107415742903,-4.061349534697558,-1.8570436914353219
-3.337429788155025,-0.5856851348948421,0.4175541788501774,-4.133630527922307,-1.8281420318165542
-3.349907765905187,-0.5579435989663808,0.3828573953304239,-4.205765872925493,-1.821331010793678
-3.3415223303694837,-0.5383602871116333,0.3764974819212632,-4.260347561039579,-1.8141480089936128
-3.345927557033625,-0.5302514305858818,0.3513666545741879,-4.27534439010793,-1.793542916990202
-3.32957751391812,-0.5035137929709755,0.3440945117236896,-4.296909272687646,-1.8035603689425155
-3.3229802470786565,-0.5044070163167272,0.31611454660325305,-4.317440977629495,-1.786123050575202
-3.3202042338352973,-0.4969649787298124,0.30584263775541,-4.338245557535318,-1.7650135681372423
-3.3185892753484856,-0.4862931867696968,0.26906524546323773,-4.3661733380486085,-1.7682737978948864
-3.3147127150570785,-0.47678277557391097,0.26413805707573756,-4.412181382023579,-1.7552243651499093
-3.3059838944255153,-0.4503802781079669,0.25065005836503745,-4.433059511323739,-1.7505037034820738
-3.3162590427700778,-0.42778650122977424,0.23421814266587945,-4.477510125263717,-1.7509645438469876
-3.3092178397131833,-0.41581016827100087,0.23496238488515261,-4.477350324222645,-1.7269399062085826
-3.306088405838918,-0.42295409832013636,0.24260912684237412,-4.483155638684565,-1.7141898689727393
-3.3152175511136224,-0.4403758195888256,0.23203225797091717,-4.4741547908297585,-1.716702554150161
-3.2925523650448074,-0.4818294239977638,0.2359436413533215,-4.458288827522849,-1.711035628632007
-3.2645762091179926,-0.5204615044223085,0.2541148901012438,-4.41416992636704,-1.725143952008375
-3.2381618369964875,-0.5761084620938011,0.2595783034160388,-4.350285556485544,-1.739630122390099
-3.234845326802136,-0.6260224148372596,0.28546523841948007,-4.271656659404165,-1.7752902853260875
-3.209845677372283,-0.6748240835458925,0.2828325089973859,-4.199817369614752,-1.8056538910330424
-3.212033765768534,-0.7220127758506937,0.30781631798524833,-4.092356189776941,-1.844967928994256
-3.1951685400268177,-0.75911912089321,0.3387867148528514,-3.9660951335010877,-1.8868744452740318
-3.1582167623007797,-0.8035585680019457,0.3520442620199402,-3.868782428813179,-1.8913058094368682
-3.1355292936646832,-0.8683317909453092,0.3596160771797704,-3.765466563819351,-1.9034505120321945
-3.110215274400995,-0.8908690462668696,0.3800907518507833,-3.677860611645109,-1.920472252497673
-3.0922641352932128,-0.9277860878347217,0.4150513389314174,-3.5520942325482583,-1.927888129617286
-3.0699984768312114,-0.9702704191710542,0.41804096656261136,-3.4462746466733525,-1.9382582091223064
-3.016111604803244,-1.00692204621038,0.46518945549810936,-3.34139432053798,-1.9495599789765194
-2.9811263627364686,-1.0743018404971105,0.5013767525901129,-3.2510871443262523,-1.9649576206097346
-2.9398793825562484,-1.1161832646817973,0.5251061627566486,-3.124913949797883,-1.9841788951381139
-2.912711538724666,-1.1496352118137614,0.5560621936789487,-3.0165896344026,-1.978411969281352
-2.8959441771191905,-1.1909357780341017,0.584359344330297,-2.9026671627872616,-1.9866019906190633
-2.8671834942394026,-1.2328793121782382,0.6183582197957916,-2.827306829266472,-2.004531307295285
-2.8784464155419975,-1.2305426879591421,0.6344995548802399,-2.7481309159405103,-2.0230638048528604
-2.8755481755448438,-1.2094094799634427,0.6433614270373113,-2.7041153317619844,-2.0314616113315735
-2.895796362125261,-1.1801473393979993,0.6634549280956502,-2.6942696783784292,-2.0351456876625758
-2.924180019515264,-1.1440683178061548,0.6746464379271132,-2.727172550660566,-2.032677415307691
-2.9616235914778097,-1.0938777175000534,0.6640200728622507,-2.8006594896096364,-2.0271114241839414
-3.0045203969842094,-1.0172126041369547,0.6802575000360414,-2.9301475392302545,-2.0376867142980686
-3.055924745035399,-0.9479928276201771,0.6889274551722594,-3.0319895415558764,-2.0374050942055666
-3.1229119669627496,-0.8705547970838657,0.6831723897627595,-3.1828205450220235,-2.0366764225763863
-3.160301980375622,-0.8066135343339731,0.6531034867950245,-3.3376915407147467,-2.0287439867993418
-3.2206405471045576,-0.7701963108425143,0.6293406082763618,-3.4708825902435465,-2.0022680434352282
-3.255638832357654,-0.724366951601311,0.589184893689,-3.589011913874932,-1.9879018069657108
-3.276875109603741,-0.675488787734082,0.575428667096765,-3.7238315137595257,-1.9614162338465841
-3.310187106537838,-0.6604295181276942,0.5492462674919841,-3.8276350688698564,-1.940517899605326
-3.3087862236498737,-0.6727349317001746,0.5264390357050934,-3.880509025569851,-1.9495429623083735
-3.3363653880812865,-0.6686074196028936,0.4920639584818793,-3.9439158437644926,-1.9323078196657593
-3.3484841643889682,-0.6473311280612272,0.4835916488978937,-4.008036542418147,-1.924981148463053
-3.3577309195816425,-0.6434643457895034,0.4646755176989696,-4.045123919008999,-1.9041270369906884
-3.3432192324778813,-0.6505034347018596,0.45394207542562015,-4.063050697088316,-1.8984844519285207
-3.3290906924843604,-0.6384821969874664,0.43137971370890393,-4.0836627871115025,-1.9097881177321014
-3.3326996664729776,-0.6295197332339642,0.4247637466976889,-4.100359434267309,-1.8895286712280668
-3.323613048326649,-0.6291975494675671,0.4033136627638495,-4.123386037291186,-1.8743731867354898
-3.3279480988494,-0.6107590567340787,0.3959897437906108,-4.145151792010623,-1.88232696507752
-3.3043509652144976,-0.5923669099834117,0.3765488044176514,-4.192898591864849,-1.84217254349601
-3.302958314893723,-0.5632796708431338,0.34019104103200176,-4.221749163679432,-1.8347737369539778
-3.3060930520706138,-0.5484605172315111,0.32321643644935005,-4.260382000395817,-1.8275072724281014
-3.3157401425419852,-0.49735966115283925,0.2889856917667929,-4.295364526242479,-1.785454235657392
-3.3135752124331916,-0.4869417686668624,0.2677495328453935,-4.34917098144582,-1.755612562445434
-3.310981746314792,-0.4920983035082027,0.2716346341180007,-4.363072237055785,-1.7579070636508274
-3.3009542110271,-0.503289283357456,0.28146962152930494,-4.370322708054347,-1.7630558419528577
-3.2814514407836723,-0.5160558885119926,0.2687862247596702,-4.362143298485473,-1.73557111894583
-3.2517728033297084,-0.5568136335374058,0.2633137636634467,-4.33238155524831,-1.7491975886822346
-3.263518726840749,-0.5863171831697633,0.290582563512811,-4.277707933909601,-1.7793894561691737
-3.265490453226009,-0.6187874703192611,0.30794971802563537,-4.255513105270902,-1.7931292815591204
-3.244832520619261,-0.6613987834087974,0.2985200197399949,-4.206328601098476,-1.7945329155477554
-3.233007203450308,-0.6882551341509183,0.3229980419718401,-4.150227529714837,-1.8157931408199548
-3.214758163221411,-0.6927385215805114,0.3380037431543979,-4.091579919030993,-1.8214983338615403
-3.2030228361556623,-0.713508200768611,0.3521631114040677,-4.038721465589147,-1.8358249130948048
-3.2065596403332295,-0.7376366137040336,0.35186786513939267,-4.004198429386042,-1.8443719239015681
-3.2035421288529613,-0.7655513569393868,0.36413974112414327,-3.961576208900649,-1.848675135493745
-3.1876066200536948,-0.7829732807758564,0.38022699820457245,-3.9095366661039974,-1.8804943452207539
-3.1591468000228464,-0.8205661350527251,0.40258693464577183,-3.840247312919916,-1.8655703920437974
-3.1443099543809314,-0.847918052883491,0.39400794431050123,-3.7834056794723994,-1.8842711868682742
-3.119782193868392,-0.8784784766416229,0.41559751245116855,-3.702336453697606,-1.894725337330479
-3.0962210282171014,-0.916671840803319,0.44537170202828713,-3.6138686505858892,-1.9160303302190944
-3.070513838449549,-0.9586347658778952,0.4817441811200583,-3.5155108501222343,-1.95030157867426
-3.0213208329445838,-1.0052424472562547,0.49360997378504134,-3.4280543595109427,-1.9620535466828237
-3.0059791868253183,-1.0183646200786172,0.5152609248187764,-3.317506036596313,-1.9782577555822254
-3.0030189763102633,-1.03173659479698,0.5301939960013052,-3.237874524204815,-1.9871110607497517
-2.9733182191715923,-1.0463647645161303,0.5652392926857143,-3.2184136269926666,-1.9902965146166653
-2.989683785691546,-1.0308031875724408,0.5603899891476245,-3.158900745040749,-1.981811952265615
-2.995627869935434,-1.0076355660374168,0.5720889219334663,-3.1859926865741537,-1.9753668029737428
-3.027238364720296,-0.9848795064738721,0.5848215674593887,-3.1898926108200514,-1.9835920609339208
-3.0342202976709673,-0.9577740278934954,0.595327339829898,-3.23489077922256,-1.9703345922621547
-3.065946258647435,-0.9209031898014782,0.5886092432470271,-3.3070024141935255,-1.9677985454091484
-3.089096945922122,-0.8724652793764625,0.5800807061846647,-3.3547914337210805,-1.97084504352792
-3.135135982910615,-0.8365785384857528,0.6013391225756716,-3.4470924307561335,-1.9513028624795128
-3.1635639965128637,-0.7974617253364105,0.5942419057110474,-3.551272839601121,-1.9470256348200763
-3.1952533013452,-0.7335128414654242,0.5678838169401828,-3.6430711893189027,-1.9470361148491162
-3.229643890741787,-0.7218585812199213,0.5313866023849513,-3.740172764964041,-1.9244261793311677
-3.243231025184992,-0.673700801634124,0.4992522391087859,-3.8475270618875403,-1.8936523616428014
-3.273330115750224,-0.6408319469099779,0.474599358982493,-3.9393118253225863,-1.8686532345294946
-3.285316534685347,-0.6186439748283984,0.4353579048732737,-4.037658435813397,-1.8663110086508867
-3.3039402597512635,-0.5853790407885112,0.4206499959322811,-4.101357308890437,-1.8258738023169128
-3.3177949488195724,-0.5626470128023302,0.39545773426171454,-4.164415018759388,-1.80758370281691
-3.3256569305116,-0.5385221974556923,0.3879621113047546,-4.223976465071728,-1.7938026276535968
-3.330846584071943,-0.5220917088078529,0.3407286465363108,-4.24565439706498,-1.7724779725684028
-3.327033974059743,-0.49958918074188585,0.3285641787350173,-4.288666698947256,-1.7807800595390202
-3.3214049260865632,-0.4785133195095017,0.30432929062283887,-4.336652810253093,-1.7831059600452437
-3.3268005769597573,-0.4764432958718547,0.2890214488834751,-4.3928389629944,-1.7683261730392303
-3.330883059506876,-0.45915145287232106,0.2580936848907362,-4.429681562274794,-1.764993073530228
-3.3166749816413743,-0.426378783252085,0.22068386171536258,-4.459857737312729,-1.7362380080258286
-3.3219271254918485,-0.4182961316627924,0.21319463872564465,-4.489629949128622,-1.72888460419586
-3.334909667345294,-0.39650479136849764,0.19698724061174588,-4.5173501446849444,-1.6935470273113444
-3.3476076046069956,-0.3761467507422717,0.16924635050109235,-4.542979271360913,-1.690130663668329
-3.3395168439872864,-0.37917057123110065,0.18853822074318466,-4.5553923886062915,-1.6840445522740632
-3.331639027932633,-0.39472196772929513,0.17649595643914043,-4.541464981844587,-1.6712631399011793
-3.3079972792147596,-0.40696748389727666,0.20624766880340972,-4.525396513991254,-1.672615394897534
-3.291794623376291,-0.4518807738450198,0.20609476528980017,-4.483464355843713,-1.7009218760755194
-3.2732718527791076,-0.48793715887311223,0.22961908799513,-4.444504370383386,-1.6936136930546892
-3.2505524392749914,-0.570607905731245,0.2628008093820673,-4.3943926998030385,-1.7244172077869988
-3.2242857205314674,-0.6192812906152044,0.28164166560854953,-4.30161902418638,-1.7660381991606422
-3.198332071486226,-0.680744305062227,0.3067759510986971,-4.190301589715239,-1.7902731600102184
-3.1602443997152516,-0.7536457569636346,0.32057303728750286,-4.099841922474116,-1.830814065042522
-3.1296737656634392,-0.831930345281657,0.34365428673387743,-3.9783844786298252,-1.848077902788712
-3.1256571074440416,-0.8538141906675857,0.36058584051870585,-3.861731501338861,-1.8762861091568266
-3.097074109191512,-0.9052284670416544,0.3652210745296457,-3.727272203348981,-1.9069107505924834
-3.0654020682359615,-0.9439014523850506,0.40916614153504366,-3.6126537906314753,-1.9208789271420994
-3.0358689017254337,-0.9867948819585833,0.4377324669923134,-3.482243501641381,-1.9445577131287612
-2.9999942926348937,-1.0308632911974194,0.4484085551745465,-3.3661007718534317,-1.9494305579398303
-2.977203880652523,-1.0939755420906363,0.4859901173494397,-3.2209930163535976,-1.9845369787691864
-2.930309763879105,-1.1538596452055292,0.49134622317379617,-3.1035901278009455,-2.0003436589685006
-2.9003063114988983,-1.1819529841004552,0.5326774393415552,-2.957919661765674,-2.013251217382341
-2.8747024217353334,-1.2124612776254158,0.5717017050211227,-2.8242797339228987,-2.004290899280338
-2.8321687679114587,-1.2491491066830192,0.6041011763164167,-2.7253898479839576,-2.0220722699553413
-2.821962264292618,-1.2683012924622563,0.6227596690574457,-2.657516990906178,-2.02927260965022
-2.802987898563498,-1.2614303495950387,0.6477310406587906,-2.5656128200283814,-2.0352352253175274
-2.825959879800489,-1.2379733670025344,0.6823535911842016,-2.5010419828220183,-2.0474956349284157
-2.8326331332378327,-1.225506818081318,0.693857396665725,-2.484457924695465,-2.052404350147859
-2.8776354311271772,-1.1773880686347606,0.7001376821285151,-2.53476809137633,-2.04438112402311
-2.9171542927499234,-1.1225292711415842,0.7105396325575258,-2.627467743879013,-2.046724776048334
-2.9829649462610863,-1.0493425947419721,0.7204197114302823,-2.746437699701039,-2.0525357906527
-3.0348613806709275,-0.993300036768615,0.7223079104322871,-2.883806539462627,-2.066750745902119
-3.084865537262384,-0.918436128613163,0.7048668631653681,-3.0578694824304873,-2.057755468249369
-3.1326793710127654,-0.8825802293663245,0.6930847037696656,-3.2248300188692367,-2.050831940772534
-3.1811523766066117,-0.8247697284966298,0.6737640368035239,-3.3540175336677143,-2.0296845954552647
-3.2240349921455005,-0.7733865677149244,0.6388213993882313,-3.4821863259127657,-2.011084353431189
-3.2291371606917014,-0.7416560897712011,0.6306433843399439,-3.607846135077199,-1.987622163524914
-3.2415473240287507,-0.7179874237966835,0.6003656014296322,-3.7282642801502743,-1.953186317027316
-3.2691436635743534,-0.7076981980196648,0.5643971957078768,-3.7981986222874573,-1.941598275200364
-3.269546977536676,-0.7070434349858705,0.5505806577806761,-3.859384130961094,-1.9227460153282745
-3.276602522553595,-0.7176367630355117,0.5325747778256574,-3.9020828696545427,-1.9343531137767305
-3.2816303384255585,-0.7284133011035747,0.5116314790704578,-3.930300580212023,-1.9326091350359416
-3.274817331308367,-0.7333723068125618,0.5122563409235463,-3.9317295224875792,-1.9148611987348494
-3.2588484810819094,-0.7399111979053221,0.48928984813944304,-3.9431862787649985,-1.9244034550289886
-3.2562367639470673,-0.7443835312154585,0.4653670283117953,-3.935834301816272,-1.9272260186727508
-3.244037009514257,-0.7172807830521607,0.4519406766047952,-3.952256024458498,-1.9208978297002999
-3.2501118851047637,-0.7113959216405993,0.42365246617045366,-3.9719859252953236,-1.9244911748721325
-3.2530711082757375,-0.6858083247631954,0.3917175921066567,-3.996467149942311,-1.9020316559497832
-3.280237718048723,-0.639559582716186,0.39061904431220407,-4.032939398212258,-1.8895459824969092
-3.2873151295028875,-0.6030195718030124,0.3696539353021652,-4.088955301557994,-1.8532921835579597
-3.310937561323748,-0.5820058441426953,0.3597798553008766,-4.128246711599859,-1.842170227343138
-3.30341813570186,-0.5435894701567595,0.33013307674391806,-4.185288183791328,-1.8205084898571706
-3.3013100422340806,-0.5317701892686172,0.32457753175383114,-4.225350723570246,-1.803025694536707
-3.3057466400210243,-0.5140610566935129,0.3052631403085684,-4.262318818380202,-1.8042191881473395
-3.3030055103126483,-0.5278598786704645,0.30622195106819095,-4.273836354193385,-1.7840725921901401
-3.301129739496232,-0.5287784095884883,0.2985038858951177,-4.273590153391419,-1.7649247854644952
-3.3036256729740185,-0.5496374220830592,0.2835447605739464,-4.28828225368115,-1.7685388333748124
-3.2964631050893742,-0.5408358244128196,0.3018796270751658,-4.266187585950223,-1.768788168945903
-3.3000509188968294,-0.5631744848537121,0.3019109192440125,-4.250145263219886,-1.7806094759896316
-3.279391266945393,-0.5425494764610815,0.3027207623837856,-4.24439236976144,-1.7792290869678622
-3.2739250978932204,-0.580440826695354,0.3084335492080464,-4.2468036326610905,-1.7803646557354933
-3.2562766742525855,-0.5745637971960773,0.31806297049611343,-4.223409443249282,-1.7764932876430855
-3.258511903232966,-0.5667060235149088,0.2955535172831553,-4.233845639499591,-1.7660988724469744
-3.2456838199676765,-0.5773397435445439,0.27616450632886036,-4.255321621915149,-1.770705794130463
-3.25944968026742,-0.586744135781149,0.2777217488997536,-4.249620964499774,-1.7550698122778015
-3.252849949867929,-0.5951406017349343,0.2661826763276222,-4.207758754721868,-1.7756840426710836
-3.2341686721138605,-0.6094096552833141,0.27943624438614373,-4.189986133209404,-1.8038757321467513
-3.2375277784934666,-0.6361551978163944,0.2948389718294725,-4.0974943548961305,-1.8163726111822605
-3.240331306902198,-0.6916571215068028,0.3239642990686224,-4.046814770316908,-1.8342453465054038
-3.198202435031427,-0.7356168010745038,0.35765155212880145,-3.963435999459032,-1.8604188533731525
-3.167892180340508,-0.7890846670663322,0.3633244541978323,-3.892019859519615,-1.8847355625327176
-3.1621972082364684,-0.8366950450383516,0.37623772774119985,-3.811033224835133,-1.9056308675700717
-3.1516044114840915,-0.8661833277138683,0.40580638155119775,-3.7267110657349862,-1.9062754663474957
-3.1300914266732858,-0.8933723428813017,0.43169392434976694,-3.6349031859358534,-1.930691189277417
-3.0871250992777943,-0.9295466012960604,0.47231854597008865,-3.565435516622067,-1.9155363737770974
-3.0668042477002064,-0.926314184410028,0.47391560329264615,-3.504606671828433,-1.9378549548008897
-3.060048146975584,-0.9337959416075282,0.483223791214076,-3.4753796913295094,-1.9388198836934614
-3.0492123484366247,-0.9538179888996576,0.49620854704949363,-3.4026795881536285,-1.9511119732451778
-3.0490062126590805,-0.958344741041511,0.5211028535225622,-3.366875087234955,-1.9754760202135204
-3.055105493255059,-0.9790589873855807,0.539975020827127,-3.339018293477245,-1.9517928037069232
-3.043550969061624,-0.974914653160742,0.5342728545544052,-3.3115531707073433,-1.9552811182571825
-3.0146675224485735,-0.9945306372696765,0.5485774386195125,-3.2780764082931184,-1.9694490826856028
-3.0486397717612523,-0.9810941358449212,0.5597464516042989,-3.255104672009998,-1.9682356058527204
-3.0553839143519066,-0.9748271432877295,0.5986000864824977,-3.2559828128840387,-1.9751497810776582
-3.0600274497490068,-0.9587352775958001,0.586169004296087,-3.273128838419101,-1.9859037314777064
-3.070758262433504,-0.9193972695977092,0.5918460465219123,-3.31376856377189,-1.9994314800758948
-3.1097282834470334,-0.8740079226865888,0.5827082600874348,-3.3663864774174113,-1.9954784575316968
-3.147229878729356,-0.8338095447832589,0.5800657139518409,-3.4520029475273604,-1.9926140110516333
-3.1717367251923068,-0.774103764214456,0.5724738299165509,-3.543412713008065,-1.9830895711289163
-3.2017389285006677,-0.7499723700940243,0.5391412329391085,-3.6619578365082033,-1.9652186900226047
-3.250359335290715,-0.69003403709383,0.5010182002530528,-3.7541108772092437,-1.9479389246707988
-3.2772440477027014,-0.6617251964564778,0.4867973310737705,-3.856523243791116,-1.919369467095056
-3.304279622314623,-0.6213497448853968,0.47737575709504293,-3.958582243627259,-1.8936955244409017
-3.3255874806880383,-0.5875200278342447,0.44126173441233063,-4.044912016122047,-1.8638411002653383
-3.326234118337159,-0.5442754448781281,0.4231294054030957,-4.117721312908511,-1.8435388629893859
-3.335424949713638,-0.5367836206989588,0.4068880495732882,-4.18677868808935,-1.8178232685808677
-3.322807920205091,-0.5208434476200131,0.36977136677328587,-4.2567359533711775,-1.8053263711910423
-3.3361368998417156,-0.5104516489823303,0.3651808941208506,-4.3010790611545415,-1.7941392349178265
-3.334326481841619,-0.4871602839835867,0.31772936575029825,-4.338615534435429,-1.781545638874802
-3.3404776053139407,-0.47181877194704525,0.31191731944278006,-4.3839541018331225,-1.7442163916968971
-3.3422156388667825,-0.46433610540000114,0.29654122495370144,-4.423370889804391,-1.7368619100575948
-3.3566632774314877,-0.4331480553984652,0.25643043249287667,-4.459326267177636,-1.7244523826939657
-3.3733443444430304,-0.43785821141122494,0.21624541923871174,-4.485212288768427,-1.707067961192819
-3.376791410883719,-0.40582705799987273,0.19797083139208066,-4.518854353369213,-1.6960999727742396
-3.3624211095322014,-0.38266677902735696,0.1760080014979167,-4.548341143250107,-1.6797442465387753
-3.3410258133456634,-0.3847588656395509,0.15035400451902162,-4.57463356083169,-1.6588647794041915
-3.3357303192565624,-0.3700962116903362,0.17568781840488892,-4.590890063723637,-1.6453568950880364
-3.329580966840784,-0.37822998426371274,0.16373396994835268,-4.593417551417127,-1.6598306194209684
-3.312443396078312,-0.4027833925890991,0.18313060276902343,-4.57108747406015,-1.6727453678123143
-3.2998916127022135,-0.4582362141205165,0.2033379434702266,-4.524553220446346,-1.7024003605263376
-3.2699291018430756,-0.5051982335266122,0.23409096697141693,-4.454511096594938,-1.711490158934878
-3.2377445564179737,-0.5652110769862092,0.23818966852848245,-4.386659659825556,-1.7362246408100908
-3.231563957617261,-0.6190046129129406,0.2569876045373273,-4.298614459884416,-1.7751848394781484
-3.198580901303202,-0.6800558628084326,0.29459795555472146,-4.195196832196226,-1.8021297900118978
-3.173767520079651,-0.7580415846700325,0.31324101993494924,-4.0904005227750275,-1.81989773588236
-3.131911633170581,-0.8013954781844871,0.34248509190550325,-3.967423808059898,-1.8475429543461834
-3.073933234816951,-0.8852428542447518,0.3654257681363846,-3.8416637913646077,-1.8739323670837522
-3.057912225004281,-0.9496349542699443,0.3962375450714111,-3.712746540440841,-1.901367389954335
-3.0211510402937,-1.0043530295048344,0.4193342924705861,-3.5802428390879664,-1.9126258501594942
-2.985395133449767,-1.0523768324571892,0.4595876542248891,-3.4400066404552265,-1.9496826096360482
-2.9520755383976414,-1.1050306921195316,0.4874947063039945,-3.2816153773765597,-1.952703542963556
-2.932476223021124,-1.1261594740067198,0.5087769494106349,-3.1458124998573136,-1.9888192548114787
-2.897815472239641,-1.156829751831295,0.5507627029373736,-2.999390616414538,-1.9859227615731188
-2.845397989364686,-1.205364171621012,0.5773324684899276,-2.867277476817026,-2.0111286099201884
-2.8240054720274985,-1.2212741838632006,0.6151650009771752,-2.7659862658509913,-2.016655041704587
-2.79601565327131,-1.2485806089273628,0.6151959107212563,-2.6161850762095527,-2.025503752878016
-2.7898687623566665,-1.2663193807206636,0.649334548986989,-2.534827667954113,-2.0465900810456996
-2.7796645925614136,-1.285292185505703,0.6790361518950431,-2.468893428932455,-2.0313726959944143
-2.7954064765424502,-1.2624469084270495,0.6898365288878444,-2.4021270274524755,-2.0275851043196993
-2.8171265757631483,-1.218171713001171,0.7228111136470168,-2.435954628230176,-2.048393909959662
-2.853903824805266,-1.1880813791747658,0.7339001140933722,-2.4933257804198794,-2.0613339983726986
-2.896920797585017,-1.1319734010380305,0.7373628673445162,-2.6139979091920207,-2.0641198815228994
-2.9639927232116983,-1.0596910931816206,0.7469035399789872,-2.748760925549798,-2.091856169781732
-3.028212735920282,-1.0121226094207914,0.7305779473468076,-2.900430313635768,-2.0626340996883403
-3.1104750835416417,-0.9569211358619867,0.7186299053078904,-3.074307160348072,-2.0439051317214383
-3.1647845800496457,-0.8865344738870026,0.6995841455762976,-3.244162896665236,-2.045760627649794
-3.193882583197335,-0.8460848118129101,0.6925264138502903,-3.3816708747879063,-2.035059558800226
-3.2316782374985777,-0.8013257760982685,0.6627305930969374,-3.5126772090119003,-2.018894291969163
-3.262239594123172,-0.7920088177161493,0.6296217283751794,-3.6132400572546026,-1.9935030858880245
-3.2831699023720597,-0.7682020534078262,0.5989733059481755,-3.6935959345452276,-2.002748055374109
-3.2911880326927974,-0.7545608577167864,0.5856093388302209,-3.7589939184472456,-1.9824061852340187
-3.28065374806129,-0.7275507501808071,0.5855359029946323,-3.808643846185748,-1.984573471819426
-3.2901135173564304,-0.7282123893829033,0.5491300577691938,-3.828675418968842,-1.9879791584593145
-3.2918599544028386,-0.7419150690079707,0.537151387584137,-3.855925975040583,-1.9714374639281167
-3.2834571838389697,-0.7383803855040288,0.524146787865557,-3.8662473767745453,-1.9554654399401061
-3.288932981690309,-0.7373306743807742,0.49508471634365064,-3.8678431441978134,-1.9528676487098449
-3.27667100252691,-0.762140125619802,0.48384429004470225,-3.881182405739601,-1.9471460565900356
-3.269927811830432,-0.7471421417508212,0.4568363167639815,-3.8829984648284737,-1.946274566318919
-3.263195388287401,-0.7197297372351029,0.4493518127072612,-3.9014927665856076,-1.9423368158363659
-3.259092542081215,-0.7055209779945274,0.4384146142880626,-3.9559437553267203,-1.9415163492767198
-3.283151955605346,-0.6788721060848593,0.4118750981963178,-4.006532822354021,-1.9209145047543734
-3.2877225257710627,-0.641074388738272,0.3929963001352782,-4.055033802921589,-1.891237098044381
-3.2958504738730454,-0.6170941844260686,0.3770800920792649,-4.110816189095165,-1.8671593303370748
-3.3174125822818303,-0.5861663328298641,0.3954873311148854,-4.155508925892828,-1.8436570598277833
-3.316085190315313,-0.5596030798350962,0.3605792856039015,-4.201007564297064,-1.8144155937200528
-3.3174616342981826,-0.5476085968417346,0.34807078965847305,-4.233437093803786,-1.8158675222919796
-3.3174913608574403,-0.5340745655845569,0.3367903508643343,-4.241544229838766,-1.8147476544642038
-3.310363989446668,-0.563331445324635,0.30343113652770315,-4.272111657311695,-1.8244813698598903
-3.3221839200267205,-0.5665710317909053,0.3050239090853872,-4.269832369978027,-1.8234794436150543
-3.3070866340139102,-0.5727189523736388,0.29375810758185655,-4.274588289024511,-1.8060916592037786
-3.289753825843748,-0.5600956735898852,0.30255353369109295,-4.2886459115932505,-1.7817443393570442
-3.297584353953528,-0.5559146273881445,0.28491525303996373,-4.300795802603093,-1.7852206827790358
-3.305310745368989,-0.5410258890369285,0.27525975266090796,-4.311095770282874,-1.7691741847188895
-3.3103396955251934,-0.5337932025871863,0.2571616158000981,-4.323977470317019,-1.7531532953653488
-3.3184838146373976,-0.5115877045168645,0.2805841015526591,-4.33577346147282,-1.7633925931868324
-3.3156285137558954,-0.5111186446844865,0.2652627714755464,-4.343952288826959,-1.758392008341804
-3.298202955038995,-0.5094567789162993,0.2629164697134825,-4.346368933681643,-1.754527647171602
-3.2876441956448033,-0.5189110221592663,0.2654123278804953,-4.342416920446986,-1.7489303628803556
-3.2734135514112115,-0.5580745407200349,0.2769308882224483,-4.32641138836629,-1.759704326094309
-3.2690786350817613,-0.5832597881566794,0.29660817122430033,-4.273870057868119,-1.7881880254589058
-3.2565080835775357,-0.6398872200464909,0.3013486194724957,-4.21911375053466,-1.8143341396855661
-3.2377009526409877,-0.6982388819557315,0.32617966555270156,-4.1439111480359605,-1.846892218145461
-3.220006969979923,-0.735267321827688,0.33213348887281713,-4.047600987499368,-1.8639664105682636
-3.207703152190797,-0.7710945264676163,0.36821039809027173,-3.9750757911708323,-1.8816719615057944
-3.165923451928464,-0.8110573036744914,0.3941792173287114,-3.8899317000689617,-1.9049075808708578
-3.161562022578724,-0.8534099593190085,0.3908873916419839,-3.800407994473013,-1.9263158861316954
-3.138478907465306,-0.8872246368665428,0.4034978040107363,-3.7099640248909664,-1.9280863556369419
-3.0973931658404106,-0.9324407448736663,0.4274358257407267,-3.627067837823996,-1.9648627096720304
-3.0645864533840315,-0.9524254801744758,0.4644621370557352,-3.5529254830308794,-1.9642456171777196
-3.0572860359202547,-0.9915694016642091,0.46970002038806,-3.459143484279488,-1.9800974186244393
-3.0290515540721277,-1.01301298834023,0.48975212391309614,-3.3811876133935703,-1.9678362583694942
-3.001471716852627,-1.028823318026912,0.5187895577693796,-3.317582675367171,-1.991626279838763
-2.9886743748541877,-1.0508723138820342,0.5564994773218724,-3.228824096421222,-1.997613158158901
-2.9866575546178447,-1.0462635075436806,0.562733086413798,-3.1478504312140365,-2.0253879930325787
-2.9888733878414175,-1.0740680072657747,0.5770483872131567,-3.0991988684160345,-2.029476354990145
-2.9773974279833895,-1.1002842355766724,0.6202588139538031,-3.041178051797627,-2.02797646367175
-2.9879088156514935,-1.090633233422151,0.6256010664171957,-3.0080990291416514,-2.0298434164745274
-2.9790981500350813,-1.065423352675718,0.6294928902750021,-3.0303579528152054,-2.019498538766173
-2.992082352281893,-1.042303715982355,0.6279848212922474,-3.0463483255022474,-2.0081174511203552
-3.0364121645540503,-0.9922256250198658,0.6435347413538619,-3.1060381633395635,-2.021060033482939
-3.0695794648434984,-0.9088373791186402,0.6453933564305917,-3.185909986860614,-2.0075218789997042
-3.1196879698091267,-0.8434960964755007,0.6166797301793143,-3.2944920071367223,-2.003744419069388
-3.1586840634240914,-0.7935779688260695,0.6192143398161449,-3.4154721366365783,-1.9849334673058372
-3.1945611750374283,-0.7471868380526904,0.5947953607952965,-3.5428497989122656,-1.9808195294229534
-3.220998613632137,-0.7128667912820521,0.5629088899345515,-3.65828175839888,-1.9605301006064064
-3.2571226769376938,-0.6866149429096776,0.5369250180959153,-3.7861321916214057,-1.9519968150786207
-3.2839389643922807,-0.6332656079155453,0.5140555457580681,-3.876727555352132,-1.930963105590002
-3.3083957926630516,-0.619388821391972,0.4706377697839483,-3.9826492595504064,-1.9084501958013542
-3.3115809654914994,-0.5850208631976052,0.42492364009039607,-4.060946017893829,-1.879094127125815
-3.304407509928549,-0.5614592330716218,0.4044860078296665,-4.12410467710719,-1.859560699256679
-3.324990630411419,-0.5612885824421134,0.3929778048358567,-4.187841439263133,-1.8576172609234858
-3.3261503791500964,-0.5472136031658208,0.37508481326667925,-4.219984032496778,-1.840277566998591
-3.3270194300813865,-0.5335066623062823,0.3431536258461459,-4.2473224288637486,-1.822363374583713
-3.342689127536584,-0.5342990771187749,0.33151596132238126,-4.274827639042054,-1.8298376769618339
-3.354011990966404,-0.5096020034374817,0.3089436080861816,-4.295457916759792,-1.8000391119011594
-3.347728569221326,-0.5059738175374272,0.28939550214052256,-4.318756954217116,-1.798139265828285
-3.337212825207195,-0.49118673306106087,0.2732343072683401,-4.352996641441012,-1.7837447091677403
-3.344818867307686,-0.4539010086502142,0.24902399891799523,-4.3944026968905145,-1.7597979238142798
-3.343350982096222,-0.4450097224405043,0.2282026463303554,-4.407186745540225,-1.7394975257644738
-3.3412863780463273,-0.4272486201411339,0.21898347368751395,-4.434646553973418,-1.723513449693675
-3.332032659141744,-0.4275616591946313,0.20674552790147807,-4.467501479929142,-1.703593786579819
-3.3393469053837554,-0.40978199055780007,0.2034246485662491,-4.4733372732145025,-1.7130845739742417
-3.322503328468275,-0.44278912505973694,0.20921862298246857,-4.49179587913154,-1.694929255325653
-3.3102347843415147,-0.4669459478350436,0.2093761990883192,-4.459618878934348,-1.7023691467797368
-3.2778083393014494,-0.495614982194363,0.20620848449209028,-4.427489019572647,-1.7264041971338382
-3.2685770633925855,-0.5522916056463073,0.25394540892712497,-4.3544858199820276,-1.7509964271494454
-3.2473555964874823,-0.6123108619646264,0.2869320451282435,-4.280895933813428,-1.777223680860734
-3.217558638691916,-0.686231735462667,0.31857631361774996,-4.19057789089538,-1.8330927460035935
-3.178499195258501,-0.7270142230805278,0.32204567287998564,-4.0945301780055425,-1.8519336976037124
-3.173113195928614,-0.795639952185996,0.3297973489330527,-4.00553240154933,-1.8627907510930213
-3.120503535488543,-0.8420910856646142,0.34950914882967493,-3.9012753139989957,-1.881195584795727
-3.1324623991977947,-0.8689809355466047,0.3643015362521017,-3.790127521025139,-1.9140989239633637
-3.094321119209582,-0.9314661215760163,0.4018989672425197,-3.669797596148262,-1.9320662620570959
-3.0673118282468095,-0.9813745369428332,0.4355872748424566,-3.5918867075293446,-1.953509468054288
-3.0454161226690086,-1.0039524122417243,0.4462925538106699,-3.482071940779152,-1.9715608719519093
-3.0226492723680995,-1.0351085692205089,0.47546591657663817,-3.361735009191512,-1.9931902767829923
-2.9905930290040628,-1.0803750070318139,0.5013158492984908,-3.2221875186223747,-2.000801407536276
-2.9686162658380657,-1.1334648652292278,0.5418009421126675,-3.1108767666485955,-2.025954136914302
-2.924713441888686,-1.1786646779263663,0.556677535788326,-3.006704487917656,-2.040289699345869
-2.9234709477293075,-1.1981917674091893,0.5747162921670813,-2.894177004522239,-2.0471536803623227
-2.890288753608764,-1.1924394299370378,0.5877249230783776,-2.7765239176913177,-2.0369634957510088
-2.881991763672872,-1.2024907670876313,0.6168458832382606,-2.6813819607644502,-2.042266781480355
-2.8788081016308418,-1.2027305374353108,0.6318828476992754,-2.620430884902172,-2.0511704717139048
-2.8819342399955614,-1.1614317878902853,0.651396070719152,-2.6170332058425743,-2.0462395737425263
-2.9048774816817833,-1.1235051761422412,0.6864795406175499,-2.667296791319824,-2.0604865568646646
-2.9322764579140457,-1.083501635823726,0.6779443090606236,-2.7594701012418716,-2.0383333646963946
-2.9830148284343023,-1.0142193821735768,0.6970737588454573,-2.8689131839589326,-2.047523570245547
-3.0199554400377973,-0.9642453409230066,0.694206977663145,-3.0207455976913526,-2.049884917833389
-3.081625918398302,-0.8896382367469818,0.6722259038460899,-3.165382919236719,-2.0343516369316847
-3.148537335794447,-0.8310472242796202,0.6751926902633554,-3.3393790052117844,-2.027450393204041
-3.209785007856019,-0.782285016162656,0.655486202479408,-3.451614580508961,-2.002769469546672
-3.251574166904415,-0.7277167406631647,0.6392635867849092,-3.583562592919468,-1.9911769397510473
-3.2830129932884224,-0.7006528870011851,0.5917590678874585,-3.704995941248801,-1.9860577485059308
-3.296388228090062,-0.6779331429647092,0.5707153625005336,-3.8176300848218148,-1.9546766059624547
-3.304936538863452,-0.6691370416289089,0.5672928632755049,-3.887331857861033,-1.9415714831649313
-3.318661430294121,-0.6626492270577119,0.537800105850938,-3.95504451356127,-1.9325934465491987
-3.3351425750536894,-0.6595858332562292,0.5214718525102695,-4.01696020342072,-1.9226254808801682
-3.3396744614294684,-0.6588197069159951,0.4791630840391338,-4.029783009635701,-1.9128109720351827
-3.3231064593400967,-0.6844163028494412,0.4761287353473979,-4.041491753735948,-1.908435411178953
-3.302443600476217,-0.698421893808661,0.4695590271177936,-4.083756679166508,-1.9072660373459533
-3.30715671554164,-0.6561128149563796,0.426869726939177,-4.084037057695301,-1.910828073505551
-3.2814412211738273,-0.6536521428433436,0.41878331290080617,-4.112642009161225,-1.890945962504345
-3.2838307896692265,-0.6228151778911739,0.40991355501419424,-4.128442334757717,-1.88348074261938
-3.2937936818676277,-0.6171758006085689,0.379788239562395,-4.16695031724436,-1.8889035661826183
-3.306850336443308,-0.5668820570963432,0.3629389264065955,-4.2015195049141125,-1.8562422783423589
-3.332148430765977,-0.5543853643070773,0.350152442613928,-4.229899042255587,-1.8525416818080203
-3.3303550042714005,-0.5253199071143422,0.3320301214579204,-4.274296503853084,-1.8382971981619642
-3.3394023857934583,-0.5119758023050954,0.3106339765653202,-4.310469918239518,-1.8267150870182736
-3.322138398746125,-0.5102281642837505,0.30264928025388627,-4.340777463764778,-1.805165555925916
-3.3317249947710086,-0.5099125767932673,0.2877223432624915,-4.348676030612681,-1.8079618364939263
-3.312905894445639,-0.5435026735492395,0.28947681967191274,-4.321238160361582,-1.7923797008709303
-3.3099501279271126,-0.5701702035556111,0.3100826659445125,-4.310272228153662,-1.7968715857690012
-3.294370420005761,-0.597832542209878,0.30073390875929007,-4.270518998423583,-1.8099917657201137
-3.2838736564055275,-0.6260789901105018,0.31437517786081204,-4.243148413299611,-1.8267933102630274
-3.281849188620881,-0.6442890202982855,0.3169635500799418,-4.1963336642708935,-1.833282610379489
-3.2618468583784685,-0.661133400603171,0.34204929584316734,-4.170209321166429,-1.8546507779146804
-3.250601821812671,-0.6805692353536842,0.36598782087946746,-4.133984749345657,-1.845914083385341
-3.224189504177596,-0.6771309758314399,0.3425988382180464,-4.100414098878115,-1.8486420787159046
-3.2222751499482247,-0.684155007594134,0.3622247749565314,-4.064006342787666,-1.8455714046850757
-3.1964146365079587,-0.697428566783157,0.36688607179981303,-4.051609394985641,-1.8733687839122795
-3.2076215756790907,-0.718642958014374,0.37262586032129913,-4.000453447072636,-1.867522716557962
-3.1965040525938346,-0.7614346656654566,0.387524169629102,-3.934107688946038,-1.8844137969267343
-3.1810833685240154,-0.7991262599301489,0.4082802039536956,-3.869267139323057,-1.9025430065559183
-3.1501462312680637,-0.8428613282197117,0.42220406610158073,-3.7948094317875363,-1.9145829830805394
-3.140868998000129,-0.8870152163470655,0.4310745390231436,-3.7012239954458175,-1.9437227141650113
-3.1030872537880287,-0.9130591430646909,0.4591942857873365,-3.5981000931329965,-1.9467257545151782
-3.0882363418182917,-0.9586401338187069,0.4764022704855819,-3.5269347859239906,-1.9474621206619995
-3.0556938540453715,-0.9954024588584667,0.4886758678980806,-3.4323643968380386,-1.9689566549649942
-3.034373042715282,-1.0342103069373516,0.5087309623454618,-3.3535875843412057,-1.993092800551793
-3.022523022337488,-1.047766994987628,0.5316396152018998,-3.288755133079314,-1.9855145089783663
-3.019923148535902,-1.034269000559718,0.5455204062423689,-3.2568257547148165,-1.97493168753239
-3.021256839656929,-1.010595488408847,0.5652795213769113,-3.2397812442784555,-1.9940527048618015
-3.023600638208579,-0.9941340125488309,0.5687554568613574,-3.2358960661396514,-1.9938538490267204
-3.043424649120066,-0.9618879323723655,0.5655242670618943,-3.272820987902256,-1.9856994644268886
-3.0644400645857455,-0.9312861359648276,0.5662332384025737,-3.3107485098598506,-1.9742048700513926
-3.0888500937782886,-0.9007232933536498,0.5619979031974318,-3.367643746080864,-1.9808184423185438
-3.117399192834359,-0.8797704368989552,0.5758635028941147,-3.4375548226408323,-1.9636179936137812
-3.158748288592196,-0.832655473128033,0.5551048588439416,-3.4997226350162656,-1.9572165456864332
-3.2012719454749483,-0.7980743244519867,0.5523234918547412,-3.5954652595506214,-1.9374051413226807
-3.223539164539803,-0.7434143879058911,0.5132973995056496,-3.6839931658258704,-1.9317555266628599
-3.2586865177079676,-0.7131956229171221,0.5285207864485851,-3.7649262765493106,-1.9425887072904333
-3.2701932552482504,-0.6777158113074977,0.4926850774517252,-3.857485075263496,-1.9286748073918092
-3.287822656172854,-0.6277595861730526,0.4679727620666514,-3.9672122027601797,-1.8994021811355868
-3.318314444967008,-0.6102350241432368,0.4322516555122202,-4.046440643192016,-1.874961886860276
-3.3234571520998974,-0.5776116405665741,0.39814038848846317,-4.119145646601067,-1.844408356199903
-3.3204020949224384,-0.5386483577213567,0.36883297159801814,-4.1951064005690615,-1.8253648955396318
-3.338951293775943,-0.49105583938623126,0.3500399062048939,-4.247686414318521,-1.822368886140943
-3.3493807891565752,-0.4854265933109826,0.32712446545531526,-4.295508221488928,-1.7905474849701266
-3.336262789590114,-0.4539185841038018,0.29944105542884386,-4.341922753455937,-1.778707787602946
-3.3336447272442453,-0.45200883689383786,0.29309499798175914,-4.395569614084203,-1.741351949017912
-3.329869960486378,-0.43096812518148997,0.29272101511436677,-4.4460183230476655,-1.730080318894247
-3.3080326311590174,-0.4119079184550364,0.27235606299096016,-4.472467307077823,-1.7229838800205242
-3.3193173947168906,-0.4290106584286891,0.23837534726350415,-4.510737920977276,-1.7084299874003486
-3.3119507127767593,-0.3900022951062851,0.23083058055674166,-4.524746142757914,-1.7005033287468356
-3.332015965983655,-0.3723619864211471,0.18889568847150393,-4.55714243555026,-1.6936787867565992
-3.3328352837009465,-0.3808098429930581,0.18755183908746711,-4.5950450928637885,-1.6831185335923553
-3.325657965410703,-0.3869883439317153,0.1590660824319734,-4.595488689610075,-1.660470607386631
-3.3078205938352307,-0.38434404750403883,0.1689427063134219,-4.5842779024350975,-1.6807527992634856
-3.3103227109882383,-0.39730111490253067,0.1655235192551526,-4.559252522518409,-1.6823217095859124
-3.290540448303689,-0.45081187623200886,0.17284950365211116,-4.525776088596188,-1.7000683775812941
-3.2867047813888193,-0.498309888396362,0.18947869791030209,-4.4747741189231425,-1.7016342127499444
-3.2580517339942237,-0.5679796721402832,0.21626056882719571,-4.3994522484906975,-1.7417185147749035
-3.240019224268242,-0.6307787195847014,0.23854449492319205,-4.319780159834283,-1.7708750202390333
-3.192803534525621,-0.6845586271876568,0.2767857249623141,-4.205642881245196,-1.8140877361092151
-3.1722539162678434,-0.7404824540310927,0.3018679770413443,-4.085816075958746,-1.839758235511709
-3.137610114742405,-0.784819926254992,0.32168656069753787,-3.9772790466261947,-1.8672787974533764
-3.1138139206965887,-0.872259196243066,0.35530336005885016,-3.8599838765312198,-1.899179669261661
-3.0874768850404757,-0.9083007757637215,0.3745380214513301,-3.7621835545849405,-1.9125401687241368
-3.0577211876037427,-0.9622208275760079,0.4144018713821622,-3.6412905501638106,-1.941506354969941
-3.0253892147677393,-1.008095161407465,0.4524705263424278,-3.5019638892675657,-1.9559155933483092
-3.0067830688074895,-1.0458107748567138,0.4839907712052688,-3.3547910537446555,-1.953038252897617
-2.975020034554502,-1.098327896757191,0.5216689192031133,-3.2150249226881265,-1.9994943208806826
-2.9531272145047556,-1.1638292998963962,0.5441496684806391,-3.0731615458866193,-1.9918048555221204
-2.908751312189563,-1.2149260621306297,0.5762955303636671,-2.9390186060232026,-2.0320644760188653
-2.8754940013538244,-1.2179438249916725,0.602709293443326,-2.788530126004067,-2.0064657908333374
-2.83359777359647,-1.26042477001226,0.6246096940320687,-2.7069345290917877,-2.0115596130472095
-2.8126118548346035,-1.282500352735236,0.6579393902268927,-2.603162250510908,-2.005757703644075
-2.8047731545187364,-1.269779260035171,0.6773832320094444,-2.5219387971036986,-2.034562154073796
-2.8252694879016524,-1.260702764730968,0.7164223124334684,-2.47197895685984,-2.0624522415551367
-2.827234694843959,-1.2379327112403158,0.7159335232936606,-2.476399556341707,-2.075357187284425
-2.845246097842474,-1.201626620713153,0.7414453951944184,-2.521489464700195,-2.064606899603029
-2.8795489189196983,-1.1467093809392706,0.7351156696269516,-2.610697911420725,-2.0629184455223317
-2.931310172008248,-1.0749257942747659,0.7255966024821988,-2.7371501717073663,-2.0684721205848495
-2.9958105202596887,-0.9857431028081141,0.7391360662996295,-2.8858791505231167,-2.0594631394102905
-3.0589744710582147,-0.9295495889549438,0.7275738706863548,-3.015507311334583,-2.065391036802458
-3.1324389934645698,-0.8623264876992444,0.717950343762739,-3.1711709653745115,-2.0519825772869984
-3.178729489140222,-0.8060267273966853,0.6768677481004493,-3.3195726036230653,-2.041333171337708
-3.214473139223724,-0.7753602514814578,0.6597570803874601,-3.475397265085304,-2.0247141827226995
-3.246457302659665,-0.7461140188885771,0.6414769084543764,-3.588365860275639,-2.0191669061330617
-3.268600036466524,-0.7464642104893974,0.6312950118770791,-3.693651190587222,-1.9901210121067079
-3.2847621632044457,-0.7339666211249769,0.5896391066409004,-3.7565218853433606,-1.9881302203069307
-3.2925606134119394,-0.7357621195931624,0.5709254157375853,-3.8239701113971547,-1.9744467062549145
-3.2982173615059347,-0.7359271340187301,0.5540451690877828,-3.8540504046071775,-1.973418851494405
-3.3031257594368135,-0.7522628034831055,0.5319466006417977,-3.888239110336492,-1.9466263651385924
-3.304038283626767,-0.7496871506814785,0.4964432243850294,-3.8852379223100892,-1.9511896069034735
-3.286759289958768,-0.7441012867223401,0.486318041988404,-3.903004498675789,-1.9463733011666806
-3.272248054024007,-0.7576777109838335,0.4884185638487894,-3.903557982255262,-1.9408642889478447
-3.280245847241353,-0.7521138855604964,0.45229096692513826,-3.9195454363223026,-1.946920324673422
-3.26599553966699,-0.7386387463579963,0.47187593669027533,-3.9114817808751177,-1.933413752587117
-3.2567974632578363,-0.7281182058409041,0.4470610769680519,-3.9601624769486135,-1.9322183921772176
-3.2836842605574623,-0.68310405736862,0.419081432783268,-4.019158346017142,-1.9290688672379952
-3.293669251269068,-0.6525690630267295,0.41600916809596444,-4.063893857238885,-1.9032097285476923
-3.2906985101475974,-0.5935403988041246,0.40136373890474997,-4.112256873934628,-1.878215688965195
-3.3203685038125816,-0.5505672924739013,0.37717593204425376,-4.1804891138663045,-1.864102897776997
-3.3084747707853,-0.532609809529748,0.36135864364272585,-4.213945059196458,-1.83305874690181
-3.3060965507317452,-0.5208357382773461,0.34944551343112634,-4.235092341501503,-1.8219628518707676
-3.3112804271730067,-0.5337380576800732,0.3088422142561212,-4.274248876907009,-1.7937726604212492
-3.313960431222232,-0.5358794111369032,0.31598059569016734,-4.279844059512923,-1.7910136443654394
-3.3012026165848996,-0.5478979597755633,0.31382420204993383,-4.271793435436766,-1.777063963649304
-3.29630529339037,-0.5347321283617656,0.31402849584143877,-4.273889040995805,-1.7648874350694363
-3.289542063381886,-0.5460305988028676,0.30549420394416443,-4.2890794413462885,-1.769933412943624
-3.262762885445868,-0.5615987666654104,0.3179166840926068,-4.267769463407272,-1.7640852999521355
-3.2601329585810874,-0.5508312020706728,0.3236905460161894,-4.29504909584954,-1.7658562117010526
-3.2416305022406298,-0.5364687962415603,0.3125161466264277,-4.28911640913944,-1.7700608854586921
-3.245342699061945,-0.5209064963245467,0.28501606340552044,-4.310020660053601,-1.7644072715669545
-3.250374336510151,-0.5234438380149555,0.2817901803026895,-4.303460801463776,-1.7659531530707522
-3.2538493105300255,-0.5130476953435743,0.2807721666256218,-4.297546840839105,-1.772406793632031
-3.2639685376543897,-0.5344724097631274,0.26498818965473064,-4.276229216205877,-1.7625356606425968
-3.259162285881086,-0.5751682115653011,0.2807347175434106,-4.249132502464502,-1.7723595909773164
-3.2441596085462354,-0.6244287944120549,0.30058053324317174,-4.191342529093497,-1.7853500763530064
-3.2271644843274454,-0.6507028862975065,0.32184359681785873,-4.133474187568947,-1.7946339240556755
-3.2136108962581695,-0.6945948368482678,0.35478731855374884,-4.075962624704074,-1.8033576006848377
-3.1838307689223373,-0.7503680781041264,0.37871183716472384,-3.9851211293546767,-1.8627277218620546
-3.1949387236673408,-0.8035538922162311,0.386095630058006,-3.90257765148433,-1.8794790050709307
-3.161103087580897,-0.8477773328627254,0.3956594898864939,-3.8011295975184844,-1.9010098437894867
-3.129024447439241,-0.8941530120127708,0.40214875122318683,-3.7311213181197753,-1.898136122923337
-3.1225957854724102,-0.9180549703447501,0.43187708022104715,-3.637651473399259,-1.906504685744248
-3.0914762422168844,-0.9437685691589416,0.4731604210141296,-3.5595411894315823,-1.928596227838993
-3.060400740409597,-0.9422710245175652,0.4829823462686095,-3.472748461154775,-1.938279319119792
-3.050245714850481,-0.9612383008166868,0.4955566864240721,-3.423306796533547,-1.9449902784299153
-3.0417451993600086,-0.9803446911338283,0.5054071682814163,-3.3585492981309786,-1.9538838892998385
-3.011477461503206,-1.0070903342502369,0.5168602978575391,-3.3230649576758404,-1.954666838297772
-3.030334118053011,-1.0286925166663106,0.543983825089342,-3.267757825172003,-1.9789569882849918
-3.018724125925796,-1.038337071579152,0.5553268273482991,-3.195699321890724,-1.9813590387783147
-3.023166495868812,-1.0547646259346235,0.5616686896079142,-3.1566035413526388,-1.9968267876734533
-3.0026949547454054,-1.0537813570975498,0.5861907988004649,-3.1137910200877044,-2.0220028515519046
-3.0058155937619606,-1.057684613602148,0.5944966278253523,-3.092375277119725,-2.029409995927229
-3.024077005636688,-1.0119122497570705,0.6310455408526657,-3.1115831082719483,-2.0167619597741426
-3.042978661017949,-0.977519250668911,0.6261398616876094,-3.1653378424820096,-2.0301377568533074
-3.0832359660771114,-0.9207222825737913,0.6324957671782486,-3.247941121947767,-2.0461008645404073
-3.1256930070178925,-0.8572521336144077,0.6034682258073804,-3.3276238067208683,-2.0084458159236624
-3.161010993328258,-0.7865608180347469,0.5855050008082309,-3.4330434916515897,-2.010762880469051
-3.2078746828765876,-0.7434378556306668,0.5614572929870761,-3.5411534116575707,-1.9930682970417146
-3.2454438185406196,-0.7137189306299601,0.5553295690143063,-3.665649243905675,-1.9892585780621157
-3.2745405551990454,-0.6681680982726164,0.5297502669550356,-3.78719699103956,-1.9401667116756809
-3.2857511548713156,-0.6169205659257003,0.5008854734986073,-3.869270092396555,-1.9168755885117188
-3.298428489681402,-0.5995265828681499,0.47451856931304925,-3.972795187191282,-1.8794812449636875
-3.3082390520722202,-0.5724146077255612,0.4420175048756428,-4.039919958555643,-1.8821733677580976
-3.316736830356721,-0.5363502990055296,0.43095469762118843,-4.111572204926865,-1.8666344393896235
-3.3326587362337086,-0.5198175702014541,0.39891550578229523,-4.187886009836455,-1.8449677012003363
-3.3566563539664,-0.51629054134667,0.3709965131563176,-4.242954995710757,-1.8278762333142142
-3.3641458971036946,-0.4826461440502469,0.3344760466273012,-4.289597117103859,-1.7987854688983955
-3.3458626709564516,-0.491266397621258,0.32041825892333026,-4.324649668414345,-1.7812250632649482
-3.3601442073114027,-0.4776743255678799,0.31516454829069307,-4.357956086577704,-1.773112422175029
-3.3368222876008837,-0.46107004331317525,0.2830658916055489,-4.392454999970114,-1.772368100242625
-3.3514059159107714,-0.45294100525490866,0.2587906080233722,-4.431645598869352,-1.7529536211354586
-3.3430297914193283,-0.4421109248212206,0.22830795212534535,-4.439687780929948,-1.7471287358906897
-3.344988065513979,-0.42058735953458687,0.21796854763580348,-4.484894634861335,-1.7182236720691213
-3.333270904965958,-0.3998687814342675,0.2016093704874854,-4.522401871085101,-1.7017989352936123
-3.3212974581883588,-0.38911703957778093,0.19385522698835092,-4.5454401988721225,-1.698242218533206
-3.3285013162585853,-0.39947028371404497,0.17906212023943446,-4.552238679079527,-1.6860038588947321
-3.3154527117186117,-0.4310597447639627,0.18927275562360552,-4.55832973054892,-1.696332491298918
-3.291426827586483,-0.4437943024807097,0.19448434205085946,-4.513584448390435,-1.7157839078574995
-3.2930425320956407,-0.5119716138244566,0.1968384552423008,-4.4669913071115035,-1.7315573064492507
-3.2638727231622937,-0.5724876583050914,0.22959768707824896,-4.402490617911896,-1.7308967059757205
-3.2296633532668646,-0.6266460569662828,0.2548561207401485,-4.30845541171965,-1.7469158797133908
-3.2171999110356135,-0.6841668269523935,0.283685358701301,-4.2273407839438955,-1.7910639645518136
-3.180489348093658,-0.7418968864721877,0.3033982016609391,-4.135130715098624,-1.8148928016808579
-3.1431077396665783,-0.8029851759396898,0.3284748841704448,-4.009389099575731,-1.8438925462953628
-3.115301655151032,-0.8585366663687176,0.3560116132077278,-3.903823663892309,-1.8827472085116486
-3.079310052306745,-0.9079783373175142,0.3908172853985512,-3.7799337266749253,-1.8802413967392198
-3.0616200377359615,-0.9441368014880807,0.4222526358636523,-3.668883349911462,-1.9049254123549406
-3.0325482094502685,-0.9808697089262157,0.4391698062998044,-3.5567653747645838,-1.930123773865683
-3.0032178523845605,-1.0298594697394328,0.4596596924305558,-3.4426041294091645,-1.9595200018008274
-2.967055137473721,-1.0871760973638647,0.4695880575910999,-3.31548914678493,-1.9597922074777887
-2.9398989737454015,-1.1306380068339037,0.5125827157831654,-3.1713295704191284,-1.9750227268656597
-2.892813656300162,-1.178467861386625,0.5523484244384699,-3.0642438231865397,-1.977752909758887
-2.8705022638157307,-1.2032829401100997,0.5703414204924561,-2.9266032411238645,-1.9911030348827699
-2.839916214031801,-1.233128236421985,0.606978576496129,-2.8034094623881454,-2.0080578334540884
-2.813633587135276,-1.2287639869370648,0.6329701047544332,-2.6992946383077707,-2.0093789020696335
-2.8071230310063173,-1.2513759012408794,0.6389606323480455,-2.6174209683524454,-2.0165215531685043
-2.7966189580008223,-1.254406814871965,0.666945873939934,-2.566854917255949,-2.034082352875232
-2.816219749659975,-1.2189591683039538,0.6873909947560941,-2.5512568290910425,-2.0321859240131106
-2.8298085910190567,-1.1684174787712571,0.6841059804623512,-2.5628509410910643,-2.011358898636268
-2.891550623709086,-1.1163640575591967,0.7180245180065512,-2.643695044819372,-2.0338451036099046
-2.9462919204175,-1.044235486615821,0.7388029071950424,-2.7379693690303313,-2.038917603031589
-3.0067693948823093,-0.9638270736922002,0.7397286260210104,-2.892792354007157,-2.0365454889634442
-3.0771432618659436,-0.9011944848302015,0.7298631223150711,-3.0507698034451676,-2.0409321469478052
-3.131781993396605,-0.8478041942641716,0.7238487125449568,-3.197434783808758,-2.0336088734032076
-3.186384074569067,-0.7772401905703281,0.695094159922707,-3.3586843473801045,-2.020766652555618
-3.228947876262345,-0.738700008815584,0.6644901088930807,-3.486326068030655,-2.0024570774637955
-3.2652045743973965,-0.7372528544983268,0.6314901222876432,-3.605059124656154,-1.992668046498454
-3.2903947165106264,-0.7267167960113597,0.619502156284476,-3.705429193756712,-1.9857628885086207
-3.2887810135730495,-0.7083530015266681,0.581352457720272,-3.7904336650825416,-1.9629538021291533
-3.2870816301502566,-0.7203707486351955,0.5823678211729197,-3.848688835741045,-1.9414012599245618
-3.2942140217951352,-0.7216052101168743,0.5284230161638377,-3.909642153026575,-1.9466377793113319
-3.3203656025751718,-0.7202673751089946,0.5022853846712549,-3.9419332950253816,-1.9222223419271056
-3.2992194202055964,-0.726131525696415,0.4873067948307289,-3.9477576734626356,-1.908153830970745
-3.313124142685552,-0.7247922566996293,0.48083809314866255,-3.9686119123732513,-1.929265484153764
-3.300074344559231,-0.7224329585831828,0.4757022281271853,-3.9722088614231095,-1.9227004578758486
-3.28758495579492,-0.7128601720489165,0.45725620865437006,-3.996361231274581,-1.926777764118415
-3.28678338870129,-0.6834091856384455,0.43805135969717524,-4.011236137111354,-1.9163652403841307
-3.279288371106664,-0.6639304348903075,0.41347039118311824,-4.041579585608471,-1.9040962598453324
-3.2967915647460715,-0.6494368510129207,0.4025166056564179,-4.091365258000652,-1.8917837939308197
-3.2998969255555064,-0.6013499608208258,0.3718591671885775,-4.12655771038543,-1.8763805203222486
-3.311296440070388,-0.5733556640402403,0.35980108006354344,-4.192634165071688,-1.8359092898913008
-3.3357315764075626,-0.5435786459994739,0.33605294724854007,-4.238485275390664,-1.8317777188513544
-3.3244294600322672,-0.5155108182166653,0.34361671005809064,-4.260827854463768,-1.8192594643636764
-3.3314918092487735,-0.4971774518953025,0.3269599759309883,-4.291640999432223,-1.7955412523910304
-3.330920523871246,-0.5141416308056056,0.3022381641910794,-4.321520997652835,-1.804111755921981
-3.331595958462086,-0.5283835283949798,0.3172939633115703,-4.314198429462972,-1.8020980020279072
-3.3239302339810535,-0.543762359946875,0.30995875267940437,-4.298396858080822,-1.7710560933139596
-3.3103740020358963,-0.5769318349373371,0.3203244490297088,-4.277448400830717,-1.790833099432491
-3.2817399303944863,-0.600138299006237,0.31864276320082097,-4.263857248978111,-1.7842233009458242
-3.2764140261507357,-0.6045683976813169,0.321034360775033,-4.250390132552755,-1.7925496110095602
-3.280035822420015,-0.6095343296369992,0.3338714188639756,-4.234546207174197,-1.7979415691187128
-3.262906214396268,-0.6036834109746367,0.31225476185801576,-4.226778164569727,-1.794640357584786
-3.2719240621057835,-0.6091494483521045,0.318096300807758,-4.206884092119996,-1.7891058379769107
-3.2704423139277985,-0.6087749673633897,0.31296785886900963,-4.211663717496376,-1.7978014073027866
-3.279317069095368,-0.6109476185307343,0.3251142679495236,-4.188195437103295,-1.8091960366394646
-3.2578700755328205,-0.628244041560313,0.3338495198692623,-4.147657635968386,-1.824050594524913
-3.2422781386850605,-0.6587588980347611,0.3470256052887173,-4.122073749363824,-1.8145758889087642
-3.2374887783741615,-0.6970172668560856,0.36363360965467506,-4.0775760032625294,-1.8226472267203062
-3.1966958059331514,-0.7373801405845987,0.37145390866746936,-4.011410954765727,-1.8477708544858225
-3.1615367010034854,-0.7958140975239093,0.3943720000804631,-3.964571399370627,-1.863037155134149
-3.1521731454849626,-0.8394321942708531,0.4168208659272163,-3.868233181952001,-1.8943795981125873
-3.130266873167939,-0.8849232314526716,0.42907172355004286,-3.7843771043661607,-1.914765320347423
-3.1246496192598747,-0.9121189324477875,0.42074786673956394,-3.707788292804195,-1.914237247972304
-3.078903982596869,-0.9563262625602863,0.44618828303205843,-3.606553622288219,-1.9370027382078558
-3.0730592044782936,-0.9656983464751507,0.4563241365077545,-3.544066106661529,-1.9531799050310599
-3.069491788173112,-0.9606966178902149,0.4789225261263402,-3.4934836701955603,-1.9543544118076883
-3.0591134875803725,-0.9893246422668144,0.5042882531774449,-3.4358939752713833,-1.9928927894581625
-3.069189437792358,-0.9850442569881396,0.5220626302898972,-3.3686966614470384,-1.990360424253478
-3.0637883796443224,-0.9858599775530289,0.5217562673480587,-3.337039513163212,-1.995115071740175
-3.059077820819222,-0.9634744850691918,0.5383568862185086,-3.32190883776303,-2.005173683670589
-3.0519110743022124,-0.9668392983277306,0.5487841694011895,-3.2890956968644978,-1.9860324837973549
-3.0652278444264875,-0.9482017356394272,0.5626151995711122,-3.2764934470099067,-1.9897366159926493
-3.0724482371248825,-0.9374536975781161,0.5826105958086008,-3.273236704242109,-1.9773433209380897
-3.074921995514131,-0.9214230475904389,0.5754998013592474,-3.3006527889009263,-1.9741593244447202
-3.08377532592112,-0.8967823473548086,0.5781590480667118,-3.3496257751118006,-1.9798968209805565
-3.108773410169378,-0.8652699808449117,0.5777152683163348,-3.410149449733172,-1.9844552670980997
-3.14065342405281,-0.8212097361368436,0.552983866360674,-3.497584647675636,-1.9643100765286128
-3.166434711845322,-0.8042775919245614,0.5517713180444823,-3.566921219725742,-1.9534217076168825
-3.2039187493994246,-0.7400982817645188,0.542097546425633,-3.6677863933842545,-1.9455739199934554
-3.21564204393465,-0.6922368452022877,0.5242243669757433,-3.771442767041398,-1.9528374603166143
-3.2660426898818753,-0.6704839826456995,0.4982720780834723,-3.865326505314946,-1.9150305110244963
-3.297307372795249,-0.6368155562594539,0.4615957535380704,-3.96118901876467,-1.898029187236426
-3.320807272442102,-0.5859599903507755,0.44818241407781795,-4.044265643426512,-1.861371389448549
-3.323167101202931,-0.5501390515360446,0.41112128888112426,-4.123054144722988,-1.8347715361082029
-3.326295092684078,-0.5395239487732375,0.36776178030813617,-4.203837710316242,-1.8222480777913301
-3.347409254424891,-0.5217348238505478,0.3553939050554646,-4.260612248032064,-1.820069707021996
-3.3447147007426112,-0.49089865824032286,0.33336998511171073,-4.319426120421355,-1.7898814620012908
-3.3328933019542593,-0.466962152528968,0.30830517996025997,-4.3702384385318584,-1.7703143852732441
-3.337205522369943,-0.45099782802024035,0.287379569292153,-4.416605593687504,-1.7589051040653523
-3.340553004083803,-0.43606990810874763,0.25121970172683533,-4.4521580132006235,-1.7310684285587261
-3.33975857421544,-0.4226465938198459,0.2392542242125036,-4.490600622184002,-1.7269188560143616
-3.344684987419984,-0.409425182244873,0.1955917509985653,-4.523606965193323,-1.7059095146767786
-3.34247976056897,-0.3951958586356009,0.19522834686042603,-4.556238317509657,-1.6974325390012037
-3.349380719288476,-0.3735788629980817,0.17825876402615867,-4.566284685168903,-1.6751221999196355
-3.337322650504089,-0.3633341410126332,0.157831181244688,-4.6074981896607,-1.663702657947711
-3.3408520468368383,-0.3717466158117969,0.1496342922150727,-4.611479167384518,-1.6754143581894612
-3.3153993725558646,-0.38644537911709903,0.13579144424191905,-4.6191563210349145,-1.6405942387865935
-3.3132568642485984,-0.422117636054338,0.13923034457818645,-4.579919728057475,-1.6695131961973313
-3.3108621024844305,-0.4543822077469122,0.1837203992954605,-4.53533844783757,-1.6852837809924193
-3.2831565219215975,-0.5066844598720882,0.18516298932817474,-4.481550734912342,-1.7041629352168282
-3.245396516508775,-0.5627500674632161,0.20783186210517884,-4.4033090181259364,-1.7325308159230433
-3.2226054063924052,-0.6236837219405348,0.234568933608445,-4.300637025149347,-1.7702060254466772
-3.203106274713497,-0.6697650839910474,0.2697782025530004,-4.198318922191805,-1.7733361455157963
-3.1554208859360253,-0.7506099349571614,0.31131436002822827,-4.084101083557717,-1.7986362957699233
-3.1259413626034243,-0.8013920840222382,0.33666036903070656,-3.9650830121064273,-1.846352450080848
-3.0914655377966804,-0.8646635975980759,0.3636070930025113,-3.824579848567759,-1.8688281008232543
-3.079188114001368,-0.917242518907046,0.3937017290650443,-3.685160029755612,-1.8864005765787755
-3.0275169340641748,-0.9843058159794107,0.438384536342519,-3.546799696675745,-1.9077013919392778
-2.9893460608422897,-1.028645506603665,0.4635840531392035,-3.4057086298468704,-1.9214392146682087
-2.95767463849634,-1.0949682944616381,0.49815664113274344,-3.2767197520481472,-1.9576982584983276
-2.91990645465116,-1.1481734940984736,0.5346800116363915,-3.149017761680954,-1.987227433654757
-2.878464236820434,-1.1640919808230634,0.5459785186206316,-2.996488254549112,-1.9889206785747418
-2.858986549718806,-1.2316148576489063,0.5721815264563914,-2.85270351127021,-2.003308611463847
-2.830935094637552,-1.260436694775286,0.5916224826457485,-2.7255075296198434,-2.0062197177581855
-2.8075751388953334,-1.2772883729038271,0.6264349654856199,-2.5972227158243197,-2.039408026075494
-2.805270075059613,-1.2964568340149958,0.6610818901615033,-2.501271848686712,-2.0448794092380735
-2.8014038337451908,-1.2913324323958495,0.6889565384540861,-2.3910297608478484,-2.060709092019153
-2.810986092436422,-1.2926416288602398,0.711032351001053,-2.3649023029243637,-2.043960180871659
-2.824953883687469,-1.266019339185871,0.7204168856546465,-2.374175573674174,-2.0545945156708827
-2.850621215746571,-1.2064871029909272,0.7563801730881206,-2.4346518477786283,-2.049025232245353
-2.9002284870705615,-1.1435620302970457,0.7459831054082012,-2.5345224495016945,-2.071485848606513
-2.9652859275919092,-1.078422012667289,0.7380187851014435,-2.6698911862501626,-2.080286914061642
-3.0318754786937485,-1.0034487055182058,0.747301571315693,-2.8284119663342624,-2.0757878602716433
-3.1014544302324993,-0.9189163402699729,0.7248735381089149,-2.9978827184958146,-2.0568057926972045
-3.1594026478976764,-0.871202655419774,0.7256700472519352,-3.130918160096423,-2.0451812998729455
-3.2051739722279136,-0.8176114621541217,0.697976066752171,-3.2770346906021683,-2.047852141749387
-3.2517543109413776,-0.783420619444429,0.6665471493269366,-3.4269778110313367,-2.011975087896374
-3.2898997110907042,-0.7673710805566356,0.650284390998039,-3.5584225443384914,-2.000567431090399
-3.279539798285582,-0.7624954752449463,0.6356988002200973,-3.645944433788809,-1.991078817342204
-3.3013139887266103,-0.7450097663899821,0.596338187227729,-3.7166404575751915,-1.9857214173262967
-3.3062960341209813,-0.7422526988129572,0.5734154770851169,-3.7593042335898903,-1.9904959733403462
-3.3023209358915553,-0.7574263602823073,0.5470296849488274,-3.812852544324729,-1.9733136554921664
-3.3093696911945503,-0.7573794859602222,0.5459578444140768,-3.8343951836618984,-1.9878234543027138
-3.2881609350156125,-0.7611811608121227,0.5263918159324336,-3.843572061099622,-1.9843938514556634
-3.285536275166533,-0.7623999758403737,0.5182432849131562,-3.8393203702607313,-1.968602904147885
-3.292674776009769,-0.7851794918130812,0.51066592007729,-3.852562048422527,-1.9647515356130205
-3.2755539547164334,-0.7620782046954119,0.4833690634592715,-3.852077867175164,-1.9637061543248255
-3.2828662832244944,-0.7308962325639861,0.4699143818922703,-3.859389832054068,-1.9526451528846716
-3.291933953452585,-0.7003476445520144,0.44995694207067743,-3.8836010011013746,-1.9387779593942516
-3.2766466333417186,-0.6789584952648515,0.44044869937826037,-3.9459334490236486,-1.9209781815058469
-3.293637750125468,-0.6389695933948073,0.4038456998775189,-4.008865460222995,-1.8968718249259646
-3.2937199551165586,-0.6016344773527211,0.37521475873933646,-4.078296415974052,-1.8844938252604582
-3.307843612110016,-0.5685237796692796,0.3861962291510747,-4.1190044541839885,-1.865978918827253
-3.321882193839554,-0.5460795145560043,0.37147646568780995,-4.1686946949773755,-1.8574004279077099
-3.313926986029702,-0.5360540089450078,0.3660387953313783,-4.217689020768177,-1.8299449365878955
-3.3096295901278734,-0.5405165827145303,0.3473872704364896,-4.226821823277173,-1.8338264736047933
-3.3234511999456906,-0.5411605316801801,0.3298324428252455,-4.252307812747279,-1.808609741249049
-3.304908932313356,-0.5303378208399286,0.323367197223243,-4.292075979907896,-1.800695442130025
-3.2965306529788783,-0.5349841398150346,0.32342829429218356,-4.3156844351205255,-1.8024993987210651
-3.306895323644998,-0.5202086148591765,0.2995824841339156,-4.310014020305058,-1.7907311127566337
-3.3037592139334317,-0.5088173702980203,0.29169843441083637,-4.3166460116829,-1.7917266834354575
-3.286011800033115,-0.5287206309134129,0.27851161652751777,-4.333940834407688,-1.786588528284526
-3.314721891771559,-0.5053854311620596,0.26923263536656367,-4.3544119853406205,-1.7880736479754338
-3.3080750806859642,-0.4871183050888326,0.24565748783141367,-4.373684136891028,-1.7679712711015878
-3.311850023276939,-0.5070929319843962,0.23309877193958906,-4.392820975466366,-1.7651549477834907
-3.325005416384447,-0.4743642066011863,0.23783064115469219,-4.388013264828337,-1.7494873660693675
-3.3023913171131283,-0.49822709830707484,0.2511247629620794,-4.386841765437948,-1.7625441828268735
-3.290740898323267,-0.5238763280311568,0.2685927069458244,-4.35566583276081,-1.7643763748455756
-3.292453760578712,-0.5608314488636705,0.259985796645858,-4.305708636280064,-1.7632366360244967
-3.2649903583959414,-0.6016129923033804,0.2778924793782274,-4.266315138612063,-1.7812083279299944
-3.248725408572874,-0.6590860771104292,0.31446819561117423,-4.18928803270102,-1.7958522840232098
-3.24433140700771,-0.7024556701738384,0.3324192654759584,-4.1188317295424595,-1.8272225152583423
-3.2023472921860052,-0.7505156047368878,0.34263654662949705,-4.024121797713665,-1.8491400014507529
-3.1733862752558393,-0.7844602950789328,0.3711196788818487,-3.9306688934316725,-1.8597108021296522
-3.1510194426644267,-0.8256792929746415,0.38377508472911065,-3.851613716716171,-1.8837305782000826
-3.0979864755264828,-0.878710843210056,0.4210295030995383,-3.7652001314883665,-1.8994414487985352
-3.094209162464728,-0.921215517577422,0.4321075944947313,-3.675170553888403,-1.9123239266096013
-3.054333145925124,-0.9598059220227416,0.4507838514954076,-3.5958486884618868,-1.9147983482389932
-3.045420496857796,-0.9550394732040766,0.4686838477540101,-3.4923332147699235,-1.9464613760599596
-3.04071761032186,-0.9991492149496723,0.490994676604639,-3.410354481885549,-1.9602990428776488
-3.009120952192046,-1.0388485039592779,0.5192642683219181,-3.3281775389428914,-1.9684167467621965
-3.00471316862539,-1.0756138994340991,0.5308680078926714,-3.238972137427137,-1.9964070923166428
-2.9837699507002204,-1.1041416291589983,0.5500705089073346,-3.1502232171848323,-1.9992098088045864
-2.9552331344910616,-1.1066342552716018,0.5680982247141508,-3.068224275967518,-2.0124873072191285
-2.948790344714612,-1.1247847754021534,0.5723300360744147,-3.0007569433594017,-2.0409035107771487
-2.945397591132355,-1.1278475528187273,0.5920503854899535,-2.9306841299221404,-2.0254653481800053
-2.9572382426968784,-1.1009212208656447,0.604543193886535,-2.902645087038871,-2.0324841213622142
-2.973000332807654,-1.0740261359134489,0.6026522252034477,-2.9104534823377,-2.011049261829225
-2.9880660170684035,-1.0212385245685625,0.6236948144217047,-2.9636591912928836,-2.0022097607714997
-3.0297923700470255,-0.9626869768423287,0.6253283967577622,-3.0263159607232666,-1.9889812597769765
-3.0663574608849355,-0.9121237465765264,0.6423105133611304,-3.1183201866560006,-2.014456745136984
-3.1311700566820444,-0.870142235673004,0.6344827749753698,-3.2351507742907106,-1.9908580731744971
-3.18530252561327,-0.7951858343745911,0.6210650945727094,-3.3704247695299343,-1.9954957637332649
-3.2201788993786113,-0.7391948646783685,0.5828754964144778,-3.5020322533397636,-1.9885792231426855
-3.2610221327114925,-0.7044667840908406,0.5731915181701401,-3.6383911061085636,-1.9798880095501348
-3.277921084719379,-0.6748901012366075,0.5490196332607533,-3.742280513700441,-1.9436788392532518
-3.3033157551719343,-0.6326723638498094,0.5014538749037855,-3.854587174446312,-1.9319367619750907
-3.3256421083609613,-0.5937091171490906,0.4806511484649129,-3.934754443089957,-1.9097420805673642
-3.3521487101960696,-0.5966351690392031,0.4490032222708434,-4.013929587032263,-1.902339361697826
-3.3651524720689086,-0.5742570328186549,0.4370906815486423,-4.078724802846986,-1.8856819919834977
-3.346737163967701,-0.5820655451110307,0.4042829185240831,-4.1276446292922175,-1.866324532308763
-3.3668603825244974,-0.580863019444506,0.39510231948589103,-4.16531751010427,-1.8616835363060678
-3.3625569650698077,-0.5611072908887187,0.37308020584875645,-4.220017743270086,-1.842041147821827
-3.3464727119783433,-0.5512910623433729,0.34399942434799197,-4.2461237496691515,-1.8237339165739244
-3.336400507762938,-0.5518462430262828,0.3365022900503439,-4.274407164839509,-1.8204045399250843
-3.3379218722150608,-0.5359067064538555,0.3117196866091468,-4.270821089084471,-1.8058717028625386
-3.3355495884037176,-0.5232732513510746,0.31253603233513827,-4.313648906501152,-1.7827445536221875
-3.325448196569568,-0.4895456710834519,0.3103389094377188,-4.353910437446719,-1.780063870538204
-3.3284930881851924,-0.47914962047795767,0.28521641853629814,-4.378893155339218,-1.7699807213877814
-3.3336511537708957,-0.4339592171486081,0.2564145123194034,-4.430791473462222,-1.7499219864925628
-3.3496766077962716,-0.42358481590367686,0.24310966857450117,-4.4519785783818975,-1.737903400996549
-3.340123708855112,-0.43659398342230843,0.2484431726442102,-4.461214690290982,-1.729230687505116
-3.333502873878555,-0.4532369473926561,0.24808428265652965,-4.460618028315294,-1.7307317797603596
-3.3081843786741985,-0.48133334158139524,0.25439845558760643,-4.4314143188046025,-1.7337363357656232
-3.2880344831927344,-0.5289774312865501,0.25958661948527645,-4.381955848235203,-1.7550088584800962
-3.2552782293975886,-0.5746874104438751,0.28878486736356346,-4.324302910487127,-1.7768122548942762
-3.2564600141617777,-0.6131850554755928,0.30005580591520703,-4.248164038280173,-1.766967113164604
-3.2159738129868036,-0.6713285034370172,0.323172884416664,-4.179944284083911,-1.8036910340469543
-3.1952095369717415,-0.7103397425189424,0.3346671778524703,-4.109299186954224,-1.8260727195152266
-3.182109654732554,-0.7717996149604951,0.34307752687684695,-4.00941020275669,-1.850517897772262
-3.1481867530868115,-0.8251558883074067,0.36795008574266796,-3.91035633896927,-1.8804282215306782
-3.1310956646971673,-0.8659393327979852,0.39413404964271387,-3.8291400303416534,-1.8873791705629448
-3.0882648653534823,-0.9033365272526579,0.4043495540904037,-3.733273617707753,-1.9022810155602705
-3.0665882932035706,-0.946197575618133,0.41904319304147075,-3.656246430406889,-1.9289354302585788
-3.053465077311058,-0.9763345881956131,0.445209232108401,-3.545568139160188,-1.9498687140636757
-3.0302382951158853,-1.01880057677299,0.48601522234816075,-3.4518350640516595,-1.9818738707614887
-3.008668399020804,-1.045106823801074,0.49424737985145084,-3.3388843834921276,-1.9899958341690693
-2.9708406287506084,-1.0758500185948432,0.5354386578271476,-3.2290368489269516,-1.9868630313689206
-2.943073882146937,-1.1125341223989966,0.5642711470224901,-3.1193771113990043,-1.9977189278479845
-2.9183449798043815,-1.1404851652028818,0.5813200477535873,-3.014345029309109,-1.9978764073741255
-2.8976178381396145,-1.149972471023454,0.600554044650417,-2.9295701310633198,-2.007903511882636
-2.907179008080696,-1.1615787177916974,0.6085555838321058,-2.8499896987172058,-2.012886451004596
-2.9039380753979622,-1.1709917111770007,0.640253414112471,-2.8153954347666024,-2.008959629555117
-2.909428629787609,-1.1333825291604438,0.6619238353753955,-2.7801582271588994,-2.029779003151971
-2.936369925864101,-1.103023063925751,0.6620428573979922,-2.8193138677350924,-2.035861445275976
-2.9706580189141536,-1.045783991053974,0.6647386051352858,-2.8879646774896472,-2.0407429127939043
-2.991482878928846,-0.9880126169682142,0.6768441384953021,-2.9866488892047998,-2.0314609790515568
-3.0496560261363825,-0.9333854948939652,0.6621196937132007,-3.11946280248703,-2.02863081230636
-3.1124047511832464,-0.8613868600982725,0.645411977276208,-3.238397038949535,-2.0203848285466335
-3.1506209197980333,-0.8156957617012948,0.6351336172998621,-3.385216823955525,-2.0156200111775915
-3.2084367014574244,-0.7511335993912334,0.6041571720533689,-3.5233396952696414,-1.9957867633466737
-3.252126559225598,-0.6981756474426223,0.5842954546902371,-3.625460974481289,-1.9841152901410286
-3.2810468252239704,-0.6704122415478919,0.5708315783171306,-3.751422332263507,-1.970232798826718
-3.3016091843369226,-0.6538565136176581,0.5298924069606868,-3.867970743858058,-1.9390025990481197
-3.320882796324932,-0.6160994032296919,0.5030806225565292,-3.9587984645203287,-1.9303781107231404
-3.329886011528702,-0.610005258328244,0.4799652598356475,-4.014599627595316,-1.9050355729291124
-3.34664155295239,-0.6056167103783683,0.4624651120922476,-4.090645321267716,-1.9066962469531934
-3.3446132632383403,-0.5976455882326962,0.4415843429358021,-4.113638540020208,-1.9016960540172936
-3.3319781547633216,-0.6232635331777515,0.4164710030196896,-4.139767213780811,-1.882011636519213
-3.3232955182609962,-0.6122682241355037,0.4002201412549032,-4.149600442582241,-1.875748127502902
-3.333396808917883,-0.6071722147733701,0.3935520753406567,-4.171127004075188,-1.8714112598442778
-3.336534271902266,-0.5911353262819043,0.3553616756634832,-4.17233854364405,-1.8566817292388342
-3.340019689080985,-0.5489719706698656,0.33569196910146465,-4.197251922898046,-1.839392074330687
-3.324541178043382,-0.5396191981745709,0.3272121350415721,-4.222579202317819,-1.826341221769302
-3.328682193493172,-0.5309401006531983,0.30963045883956763,-4.270690352589182,-1.8159857922735907
-3.3187283930328775,-0.49126103294538676,0.2871619899866931,-4.310098454728159,-1.7887040575397777
-3.355553707267955,-0.47705270033876485,0.2643431023101276,-4.345362655984338,-1.7841749699836795
-3.3450355971971932,-0.4504568980438968,0.24657249714623275,-4.37757491128982,-1.7529552673178195
-3.353855954826368,-0.446922151864576,0.23621585416277413,-4.392616133748504,-1.7510490295984642
-3.3421778204884647,-0.48661284205308103,0.2275520022611698,-4.371753996230025,-1.7626059024844487
-3.327306151663906,-0.5024907735752623,0.24507441775334815,-4.362909608395385,-1.7703729762698428
-3.308074363426627,-0.5591660792498117,0.27149539987663596,-4.3351139166693,-1.770239470191079
-3.2797934256026626,-0.5899137198903242,0.2718588667620807,-4.269878633344499,-1.7955362312976995
-3.2620606252351516,-0.6380825355094344,0.27228198630776157,-4.199686946818407,-1.8178832751499598
-3.2650453825255594,-0.6734945749818851,0.3021248079944501,-4.14395627983334,-1.8364732011098992
-3.234370351472458,-0.7190950802170956,0.3181796247337919,-4.080774280990168,-1.8444155878322188
-3.201712264359428,-0.732784545669376,0.34184080102813746,-4.01410221371176,-1.8411837934144855
-3.184646055973864,-0.7626615403221808,0.35619245354550166,-3.97290895598425,-1.8446539594697335
-3.172122786961026,-0.7928799321606083,0.37561890561556244,-3.905623613913904,-1.8492849111081422
-3.1646805242734466,-0.8029830547217042,0.3832570488317961,-3.827714850654113,-1.8795796808523577
-3.146176323475778,-0.8331106614922366,0.41950531846222133,-3.753427917351332,-1.8848512784250802
-3.0972048991246504,-0.8855411767709287,0.42257876446149967,-3.681910651179404,-1.9053840582957007
-3.078406655773771,-0.9033632809765476,0.449550114125282,-3.6070131242334167,-1.9260418563100599
-3.0824968297809896,-0.9254585684847073,0.48560037925501215,-3.5163412340167377,-1.9232809278879626
-3.050622432725476,-0.992528849154526,0.48862145802736046,-3.411327863631132,-1.9657902421581388
-3.033391692028536,-1.0428156383466627,0.5005760155861653,-3.30443863146057,-1.9904326432604222
-2.9979465153662255,-1.0863481082978075,0.5291167202519922,-3.203498896015689,-2.0045915078405008
-2.9782352114700053,-1.0859464332625395,0.550756093625082,-3.1106367748905868,-1.995037332580626
-2.972978615943788,-1.11199659326228,0.5794159233896646,-3.0664743198960234,-2.0091134167348716
-2.95529079579883,-1.117331023086461,0.5950614617867994,-3.0147062686681854,-2.0184388288833905
-2.9557984953061793,-1.1003515179764585,0.6077572045967029,-3.008730111119609,-2.03134613883724
-2.9680525828201536,-1.0543377136974033,0.6336196286060504,-3.024774858217667,-2.020756064259011
-3.009775640962647,-1.00488988112696,0.6157859641754342,-3.074946425998945,-2.0141073754303247
-3.051770836006455,-0.9559160717597319,0.6060211933773076,-3.152982341436415,-2.017076229524754
-3.0922708245080073,-0.9046264577365358,0.5981565229330185,-3.2583785568638852,-2.0018182831812834
-3.139046704021075,-0.857613321332056,0.5920971793775506,-3.362071047267031,-1.9795129331648578
-3.1942150615562293,-0.8034914805313135,0.5806457250469654,-3.4458506547848184,-1.9778051914089092
-3.217670201877877,-0.7535472033908561,0.564750859608797,-3.546918669143933,-1.9665581633949274
-3.23977083247256,-0.7003339243115587,0.5462383103540177,-3.675297212827919,-1.9374814193437115
-3.276886563258527,-0.6623618870083287,0.5297650028431061,-3.7865192848585263,-1.9413999949369611
-3.3324366141222956,-0.6341874134494284,0.5095383496029415,-3.9004436759090857,-1.9085112781162972
-3.3200018424368754,-0.6097259443674149,0.4705762769964751,-3.9626496896263355,-1.8823033733385859
-3.348393839422914,-0.5788472123912491,0.4312906793986687,-4.043272170111292,-1.8709927059783873
-3.3374164292081643,-0.5601899823809867,0.41752802639809317,-4.128180295580062,-1.8622930969280191
-3.369398581787735,-0.5484222711707041,0.3874378895881759,-4.181213405021899,-1.839992700594394
-3.3524894305395665,-0.5476533585406969,0.3669192991487358,-4.229805284340223,-1.8140270585333136
-3.3624524195366043,-0.5235047621671021,0.34895502062939227,-4.271061787154057,-1.7978431159065342
-3.364886630170684,-0.5276480036130646,0.34040792514205365,-4.289118637391467,-1.8122439202256508
-3.35885328707212,-0.4843733562847522,0.32293821302842485,-4.313441074641241,-1.7984631298087326
-3.348633512748532,-0.48961643250350273,0.29410736221170514,-4.339075760199105,-1.771855010326947
-3.3366894113307977,-0.4711839797514984,0.2908617533855758,-4.367382020898897,-1.7590061916223048
-3.3302566594669045,-0.44529954261988636,0.27342337053511245,-4.401757269020292,-1.7443422899594314
-3.3341841778402252,-0.41984710798039443,0.2398151887147752,-4.44437382276238,-1.727982160050344
-3.3314506438980667,-0.4186569560265395,0.22563969533887696,-4.488679240128218,-1.711086204052542
-3.348023618940548,-0.4323008757856197,0.22091155748116803,-4.513743683698236,-1.7086280016349504
-3.340466444490159,-0.4349218958897308,0.20911943859828963,-4.491264154876482,-1.700012714658339
-3.3216298125038413,-0.45160161861518644,0.21368172362962085,-4.478671989854496,-1.715250465191892
-3.312228894960008,-0.48300500716734274,0.24572678363917955,-4.465757890034135,-1.7320048190490702
-3.2887224961768395,-0.5278839249365166,0.24363521075485406,-4.390069334799411,-1.7440959517582604
-3.27729529039095,-0.5939562152791024,0.2780478210375649,-4.322892591066417,-1.7735398246045109
-3.2377581982856274,-0.6474418038299644,0.29469861667019975,-4.229735323133292,-1.7949776219394904
-3.2157531386299714,-0.6954785228203164,0.30394889051429724,-4.145953132799514,-1.8404969145507089
-3.1902917923007164,-0.7524852248354147,0.329503767859588,-4.0369864805936215,-1.8532077686763557
-3.162574618221641,-0.7825746682976646,0.3570765070776022,-3.945384023463861,-1.8668335711282236
-3.144484718477243,-0.826330386622684,0.3704882844388721,-3.8577965065079294,-1.8888082297782667
-3.120929028459969,-0.8654357955225083,0.4092668502098338,-3.7552038026867782,-1.8927460161372816
-3.1001795541157744,-0.9076892884019799,0.43405572611880533,-3.645213937466208,-1.9222572885992
-3.057396278694523,-0.969917190573656,0.4402559396316245,-3.5495104267812905,-1.9267507108589115
-3.040974339244551,-1.0019500413919398,0.48138529809695696,-3.4376999686838277,-1.9285163230272913
-3.018693277251511,-1.048426661099576,0.4965370297152978,-3.3359972216057057,-1.952312555340878
-2.9724774485913454,-1.078312817680887,0.5242123202905495,-3.2205267642681665,-1.9596304396188824
-2.9406867201808833,-1.1210523193377604,0.5482060071891995,-3.1034576321353127,-1.976705044391278
-2.917070442649898,-1.1504599884587976,0.5775324235693261,-2.9819663184528977,-1.985271861893912
-2.9004375182185593,-1.1640420705659595,0.6163799828154658,-2.8965909239008667,-2.0043112433519905
-2.872515836908693,-1.1970250910954776,0.6261100824024618,-2.7893053362328337,-2.00982431374558
-2.8521426944339003,-1.1809848709536892,0.6517857651412325,-2.725329794473362,-2.030983609302236
-2.8792114692033146,-1.165611827811277,0.6762285104265897,-2.6660331939393016,-2.0349195257786716
-2.8800560714585215,-1.1584699879000417,0.681488846158008,-2.682724907961193,-2.0302668048886643
-2.9045979753176026,-1.1133525930325803,0.6868869028832061,-2.7452906851238814,-2.064167836597965
-2.9657295003177415,-1.056214779473553,0.6803661906567087,-2.8246681095396915,-2.049810957369772
-3.009113720283893,-0.9832470214162344,0.6972789027122186,-2.936085335002135,-2.0400654721784774
-3.070596515566754,-0.9047996813191233,0.6797301455025528,-3.0773140094294598,-2.0252141037734366
-3.1352371873243956,-0.8485857547214631,0.649663557726037,-3.2125311694637033,-2.0236720261055594
-3.174300573088818,-0.8070782531936318,0.6453607335995699,-3.3578121648957127,-2.030357165037172
-3.207688210749528,-0.7873624999840128,0.6377627422481077,-3.4978668057341413,-2.0152442105850237
-3.24633716339842,-0.7468600992199983,0.6137297805573738,-3.6047499471889943,-1.9888035373997652
-3.282857446079439,-0.6852562096199437,0.5916361769448178,-3.7278308886463427,-1.9640044715484184
-3.3048292159476373,-0.6689587312026242,0.5640497118794029,-3.8161530476918015,-1.959720062279655
-3.33025654638336,-0.6526761067945334,0.5390436687397197,-3.895554590469849,-1.9421745042234269
-3.326777488049512,-0.6424172048960717,0.5270220094163344,-3.9729720221466662,-1.940789676368136
-3.334388923312897,-0.6564832767443337,0.4836716642666698,-4.020851487624962,-1.93945827777539
-3.3178652825800423,-0.6359368153503606,0.4571197715673134,-4.04851697739835,-1.9301520030165473
-3.2968243122541003,-0.6503276467392326,0.4521279982339729,-4.05872904971124,-1.9194338266866282
-3.310424317971478,-0.6385239485322317,0.42286851371234924,-4.0791979240332035,-1.8979306667821247
-3.3056555041234104,-0.6366828146906933,0.4065542046434883,-4.088834217902761,-1.9171889738998396
-3.3192287680269277,-0.6301981636815865,0.38646489236930914,-4.103617825226802,-1.8944837970514359
-3.3036045550136155,-0.6100321406089286,0.3833771966904291,-4.114352841801458,-1.8927741750120581
-3.3143720084828407,-0.574751825320373,0.35821480960698177,-4.154716373526464,-1.8577041925440048
-3.3102044712259673,-0.5552082955038812,0.3336883710514699,-4.197821976805634,-1.8306077160463043
-3.310307528485755,-0.5207324175499007,0.3198769418572122,-4.224699975432056,-1.8342178624079233
-3.33608103886969,-0.4924965418361982,0.3028652062528062,-4.283381239085781,-1.7771312451168435
-3.314760622203235,-0.4852549945743942,0.2907140519616816,-4.316981903427398,-1.764988349624398
-3.321203463831266,-0.4877841011266881,0.27188567838312194,-4.34507991798342,-1.7613608879312517
-3.3376423970009905,-0.5058588183371177,0.25752973783678096,-4.337854017531874,-1.7797107599386222
-3.308550235582641,-0.5488752591553262,0.2744196922664275,-4.314785591004413,-1.7969031878933213
-3.2964228106063227,-0.5697845143508358,0.27679071455697507,-4.308823690531321,-1.7938120523696304
-3.287938768710429,-0.5902300544762478,0.29508813549832985,-4.24947952633733,-1.8015620433370716
-3.287359083194763,-0.6072252268467494,0.310337965763559,-4.1938467107600905,-1.83116119497881
-3.2677744671041693,-0.6382617797284049,0.3142275322689637,-4.163297726282576,-1.8412022621698791
-3.2602442707156443,-0.6708997298913635,0.33004626794105335,-4.133939321914251,-1.839925200982856
-3.2235850343021375,-0.6916018385744097,0.3324897025474502,-4.1028156942172975,-1.8465014524727617
-3.211451902159845,-0.7011461390668642,0.3377029485804718,-4.053054041369833,-1.8445361384515517
-3.2035435949882554,-0.7209916560130998,0.3494452658868336,-4.023161522018689,-1.8389984619987987
-3.2032604480077187,-0.719881631731922,0.3420962227861627,-3.9626056718448823,-1.8777323661661605
-3.19635935732169,-0.7514964552676383,0.3717613830690601,-3.9170077477989644,-1.8694530292120033
-3.1814218286256555,-0.778477109198,0.3830988489838137,-3.8717607313484286,-1.8873753713096357
-3.164643379969007,-0.8328865779220644,0.39935275361277994,-3.785329760485064,-1.902523582576966
-3.152148299620434,-0.8568023879662721,0.4223788841847248,-3.7041185360951525,-1.9225443903717903
-3.1214401968612635,-0.8902260657850187,0.449112935380176,-3.6075157112925833,-1.9247686947056928
-3.0920149602684575,-0.9456566719399235,0.47877491387241905,-3.5167296644165034,-1.9463357271590431
-3.067834345834062,-0.970534914340249,0.48745542467817216,-3.4357324033237435,-1.9572557011583986
-3.0643825552848836,-0.9904754245939071,0.5137889786928608,-3.3675189980909197,-1.9722696601453167
-3.032870250835023,-0.9872479347725299,0.5487834444715655,-3.2763427799363973,-1.9844193732174629
-3.0159199131837404,-0.998029416715809,0.565519174183381,-3.2483570556030967,-2.0006201545179207
-3.009991852692547,-0.9933837709445412,0.5488396589880016,-3.2129825267301655,-1.9901514886725535
-3.0398869166980163,-0.9742323246314843,0.5516962750067747,-3.229549898583336,-2.0005493060445514
-3.045821924987415,-0.9597782930712463,0.5610098341520575,-3.242591464767662,-2.0010430449231165
-3.0991642025816346,-0.9233732614962464,0.5900551163700476,-3.2587498965114468,-2.013956466699208
-3.081981321220621,-0.8990052396361072,0.5878126391572341,-3.3195153413908414,-2.0115151404002125
-3.116215635733055,-0.8602307443072762,0.5767142687116114,-3.3940108038325927,-2.012777939841409
-3.1543578315057497,-0.827369759131151,0.5602784025189949,-3.476225032526555,-2.0020873914011243
-3.1623707783973694,-0.7965714665066882,0.5574829267262941,-3.537014662979085,-1.989490750359773
-3.200535278410929,-0.7288043661797927,0.5461144793299517,-3.631203766114695,-1.9784456957948033
-3.2305357198119666,-0.7102447458425758,0.5460244585419755,-3.7317287943675574,-1.952977631141986
-3.253219450649883,-0.6572259709553888,0.5314635039284329,-3.8215801983454174,-1.940136589407994
-3.262064843397282,-0.630374137706621,0.48489704720573007,-3.9051507725983297,-1.9025518192779232
-3.291231872414316,-0.6048514704165068,0.44417172052247395,-4.003698686356955,-1.869135559024996
-3.30274203859434,-0.5748561913105867,0.42523656281772204,-4.093585358092683,-1.835509162493515
-3.3058505453130977,-0.556579197730248,0.40504852947446834,-4.169580327376271,-1.8030911777322205
-3.3067275846894235,-0.5305394905463766,0.3709450318577658,-4.203144568347581,-1.7983880928584155
-3.3230204757882738,-0.5084565791878732,0.34498426873350746,-4.259370162486425,-1.7890757819252747
-3.329294383506173,-0.49631681392476273,0.3130738986106075,-4.294115228952446,-1.7818369121872535
-3.3323996768900943,-0.4741539079601647,0.2908680668904128,-4.327650558565534,-1.7682804958868505
-3.3543927820632056,-0.4506670005108873,0.2729462298959614,-4.369300030365827,-1.7564280059051964
-3.349868110351963,-0.4342942244660208,0.26325119558041316,-4.408641169371103,-1.7390387738467483
-3.34943645110748,-0.41226104855791007,0.23453002693946323,-4.447985113716657,-1.7135534109533603
-3.3318709624775744,-0.39298558487420654,0.20678178308468917,-4.4920855351642075,-1.70310306915775
-3.3375723312639294,-0.3722731255065689,0.20160212281779355,-4.529942096151858,-1.692557512404172
-3.3580215773603603,-0.33855124908524525,0.1775915688368086,-4.543409830385074,-1.673182433437647
-3.3391193370518266,-0.36944959835075336,0.1797755624843387,-4.56380564794416,-1.6659114646018522
-3.3231442113372522,-0.37396583876145034,0.174307355063377,-4.571876758049797,-1.6763541093451009
-3.3166648596543116,-0.4117068915539941,0.17971018924591653,-4.556567437690045,-1.6765157498690493
-3.297396314616288,-0.4444756425456383,0.1816836349023104,-4.525227782418923,-1.6730093861334128
-3.2724781388687783,-0.4897403748472497,0.20897959309700095,-4.4526875442454115,-1.6988258395762785
-3.239475861871251,-0.5350713556027709,0.21583906708983303,-4.408933626735241,-1.7149054046298358
-3.2232900834806726,-0.5899760377796511,0.2234876028371069,-4.335325935326822,-1.7450016703259508
-3.194477727193705,-0.6545874078292587,0.23266070337328557,-4.246513130182756,-1.7705595588029932
-3.1823888430756564,-0.7106208515997088,0.29027612465179453,-4.136223199575167,-1.811836491149271
-3.1518798753999806,-0.7608862023423106,0.30750202173231356,-4.0217655924065285,-1.8377397219613052
-3.1090266318553343,-0.8160826297660677,0.32617442886441916,-3.901733719082955,-1.860352851695199
-3.091902552482724,-0.8722935048784433,0.3675973512455933,-3.771557566454292,-1.8791720673192014
-3.065587364478503,-0.941339322635354,0.3896581719146651,-3.648489067748046,-1.9137967502773694
-3.028638636326003,-0.9865792421963298,0.4444303628305876,-3.512313978385014,-1.9265542287961086
-3.0032629549799097,-1.0482174111624758,0.47261927496553957,-3.3998962217158053,-1.9552003215660698
-2.9715370321978236,-1.0702830645238832,0.48476290184667253,-3.26035128303261,-1.9714197933015005
-2.9335098069766965,-1.128675172206213,0.5179758573668647,-3.138228333281055,-1.9908890250343183
-2.889193940305006,-1.1261143222423322,0.5471248344016778,-2.994485746245971,-1.9680420785354356
-2.8782211877901456,-1.1761082930338187,0.5763815794704913,-2.8834136036182705,-1.9802220870082559
-2.8299251128612206,-1.2068273036177468,0.6032405332205418,-2.7665306438329478,-2.003780077431197
-2.7963897447310075,-1.245457489975411,0.6239479808597199,-2.6359004264429835,-2.0207251076477015
-2.786518545173304,-1.243224977576967,0.6238805591127551,-2.570423794028766,-2.015498312694837
-2.795145224665928,-1.2484546743216338,0.6690347807193593,-2.4898218127897636,-2.0484304963897957
-2.8196946764128574,-1.221021840164518,0.6918166039128338,-2.468448414548218,-2.0200414747328708
-2.832618451863561,-1.2043569432857675,0.7226818481439542,-2.49300898040439,-2.0308212033837334
-2.873172555393812,-1.1561513579976765,0.735015898058785,-2.5773396903679737,-2.0552800636423916
-2.9263567016667467,-1.116882279003921,0.7344505522097511,-2.6963228151508996,-2.0536835630918775
-2.969375984675692,-1.059187679971316,0.7535495415632877,-2.838991207456933,-2.0752992517791444
-3.0333144883509044,-0.9910754934338342,0.7364860274039966,-2.979100558880288,-2.082443576696252
-3.1055066281191945,-0.9123879955717217,0.7415579174479354,-3.113848422742773,-2.0550938828131566
-3.1683420560683255,-0.8594063669851915,0.7115906714986169,-3.293491617940562,-2.037972602310678
-3.222128782106049,-0.8045039550394162,0.6670622837947294,-3.443266772651754,-2.0180007105269775
-3.2641159751253883,-0.7826649589396151,0.6568475579209954,-3.5450550282502813,-2.0169450449156248
-3.2963675943401483,-0.7573475200079303,0.6145913249925685,-3.673189786734853,-1.986343625176252
-3.3199262328678505,-0.7358997357131771,0.5893884684228763,-3.7512538410052567,-1.9796775453311564
-3.313284922267368,-0.7325101676068846,0.5524807587285259,-3.80641481245373,-1.9622382046480449
-3.3212545458883485,-0.7323978214483724,0.524434364236337,-3.853884551474446,-1.9550223591890485
-3.30061250789567,-0.7290075324782973,0.5299510679401113,-3.8699095417306717,-1.9593654991104892
-3.3305221784221968,-0.7355350222005418,0.4905087818449461,-3.8726168798143834,-1.9499124428897279
-3.313128016588911,-0.7503033771974743,0.47659525538716635,-3.8763510286280742,-1.9485996372817151
-3.2998978147624265,-0.7404094423724653,0.4693954221720055,-3.8931013814508693,-1.9424533356354332
-3.288084377322827,-0.7392673454793175,0.47183339736467295,-3.921273462783357,-1.9443529206470498
-3.280632349584951,-0.7308210177884701,0.4625360065391566,-3.9318269422822927,-1.9276312380051093
-3.2934458311568924,-0.6852163653000604,0.4426932852200089,-3.965980339293616,-1.922096274904195
-3.2765250115009255,-0.6498583746898329,0.4287443602812382,-3.9881356422476855,-1.8961496805171367
-3.292776363829051,-0.618549571804534,0.4166387144161585,-4.04244765720451,-1.8895491493892878
-3.3245368169727048,-0.5865393169731506,0.4047841046885058,-4.07512114236541,-1.8585687760236762
-3.314353535730708,-0.546920844601423,0.36547458654541964,-4.145443134383648,-1.8404410341984305
-3.2936139559244126,-0.5471493358899233,0.33443841197871793,-4.203781113930959,-1.8340707118756916
-3.3357980858470166,-0.5299983143615883,0.30415498710688116,-4.2486612250683295,-1.8247763270358548
-3.3306229803219316,-0.5226059141388838,0.30576443313799295,-4.270263356399891,-1.8113455099116946
-3.338440886036571,-0.5334315648140924,0.291761726855473,-4.285184953280689,-1.8097047832750583
-3.303130783976704,-0.5649774421744896,0.2963799026405335,-4.2815288401482885,-1.7949820727224375
-3.279055853431881,-0.5631786478000261,0.270614048135444,-4.280306345765155,-1.775262387132038
-3.2814076119125315,-0.5841294396232343,0.27732441902465255,-4.267267151369034,-1.7766912537855444
-3.285542137969843,-0.5636838777734294,0.27615109380053815,-4.294972561767146,-1.7850123077897169
-3.2766957251726594,-0.5689077344330535,0.2965631150864821,-4.282703386914463,-1.7740514722258058
-3.28038131147646,-0.5795150884685153,0.27546368636613056,-4.2926716123333835,-1.774854662863863
-3.2830116665354616,-0.5687017575642292,0.2732433297495997,-4.306249267466557,-1.770643132693725
-3.265860360991593,-0.5612253558557023,0.2905681993257283,-4.303656792024697,-1.795297914100027
-3.2659955320355896,-0.5752174151507808,0.2705015394409932,-4.283844554606395,-1.7815128900481196
-3.2550996621205024,-0.5790414812909052,0.2789561526461723,-4.291086195426426,-1.76310135410464
-3.2483368078896686,-0.5984402560443844,0.2942837363386653,-4.271720860780458,-1.764224628823705
-3.248150330841934,-0.6384267200429284,0.30683364481467845,-4.222493457091273,-1.8036153267877164
-3.2385556737913967,-0.6623666489351012,0.3207336468471405,-4.155798300000289,-1.8113448301127593
-3.2004257280906003,-0.7120446080553767,0.3384260183084591,-4.083099738750831,-1.833706696931703
-3.2040565515924584,-0.7634399341347712,0.3619165057128059,-3.9796996091331382,-1.8681907190117895
-3.170670334908885,-0.8236681112342237,0.3631047562327793,-3.925794642653128,-1.873377560597796
-3.129625085425606,-0.8624997182388837,0.3845293207209573,-3.8136064419795104,-1.8788222680734092
-3.127304712479789,-0.8830484521043617,0.3991654552524585,-3.7391916247032593,-1.906848001998143
-3.1034335623013236,-0.9028728562777772,0.42302318510803344,-3.6647544408218535,-1.9209219412913494
-3.097553185873381,-0.9098655873028709,0.43623021563725606,-3.586481090568523,-1.9430316901083682
-3.098331389905037,-0.9150581946432332,0.47177116439194555,-3.5397487115243287,-1.9372326521871337
-3.0710035019431356,-0.945658875334318,0.4951599148964037,-3.4709820908262086,-1.96803510172891
-3.0708093054258216,-0.9630719282312438,0.4999682330151518,-3.411878594096415,-1.9640678620642231
-3.0368926595099746,-0.9985850146536916,0.5439121609401492,-3.3558735682268233,-1.974814295951626
-3.047053181080652,-0.9971268342455274,0.5360292038129325,-3.2946221157251134,-1.9905894187786883
-3.0454594099110297,-1.0295304959577818,0.5370455649588965,-3.2380176033668318,-2.0068393675589387
-3.0476691352969487,-1.0357441010963815,0.5559212517502101,-3.1898404469197805,-2.0069803819098153
-3.0547920325799924,-1.0368177624890489,0.5710195837463033,-3.1529619457266134,-2.0185141600864567
-3.0476771115037526,-1.0209190468633,0.5859642758088768,-3.155236878364461,-2.0021245166791912
-3.054966389807352,-1.0063847322775012,0.6180573521790416,-3.1635737931827728,-2.0072598455618347
-3.0744118154548983,-0.9672698793420808,0.6113342178971806,-3.214983165978632,-2.0071193213696983
-3.093554201592908,-0.9258145930399975,0.6092429149511394,-3.2943867145181938,-2.0104916789396863
-3.109753193228134,-0.8524156957395874,0.5948672570813733,-3.3836053078622967,-1.9749459567678087
-3.1661950315614393,-0.7870777287630383,0.5916007633041429,-3.492453101216221,-1.9623425678035713
-3.1928138077490256,-0.7410841023727246,0.5790927198709304,-3.5836965773591083,-1.9620980976009883
-3.2468808478650746,-0.6810443051466663,0.5468715811721043,-3.6942632307022834,-1.9453509567804697
-3.2651486255556437,-0.6453452058759315,0.5336553726794666,-3.7991713184235545,-1.927478149575604
-3.2927276758325212,-0.6097340254966883,0.5095693039438062,-3.9125811694714825,-1.8951463434971856
-3.2979203857835597,-0.5791199746001653,0.46075935442725274,-3.9929372736671818,-1.8697014604483178
-3.320102384320119,-0.5443132218321088,0.4360011614479389,-4.094708337273144,-1.8545282198150181
-3.330635687234378,-0.5234824903059497,0.4130032151476287,-4.145614041326683,-1.8384951243670837
-3.3336060769007654,-0.488098351135829,0.39384820134370035,-4.211912091573602,-1.8151529370265653
-3.3400215743245054,-0.4696391644459949,0.34912371783200974,-4.263283238088421,-1.8098858556254231
-3.3349172198775903,-0.46980285240120767,0.33133361513709586,-4.327552101472801,-1.78510216403244
-3.347758539918993,-0.4494197715243059,0.3118451012076678,-4.358234265500297,-1.765969318207298
-3.3509741089641913,-0.4573558149331058,0.27582692287277444,-4.3824682403399695,-1.7652588294035467
-3.3479468389189626,-0.4490115928599599,0.24666636303514636,-4.401064783602808,-1.7573182380874888
-3.3456621295116684,-0.43208238650763475,0.23725749177890787,-4.42838610916154,-1.7295372443057877
-3.3333318409148074,-0.40831464851960186,0.21299666010422694,-4.4806887445633174,-1.7114716233850176
-3.3333842222882355,-0.39403119721327157,0.19355094584034493,-4.510230394000244,-1.6985748224373247
-3.3358661448834153,-0.37898867139838216,0.16447574854273705,-4.539705186213256,-1.6913287122502034
-3.327558192593738,-0.3865437674867024,0.18003452820902066,-4.536463511721906,-1.6827088274554491
-3.313875292881004,-0.38245955089934364,0.16397794878185837,-4.531744672430713,-1.6708177823014598
-3.319406084600239,-0.4134188888220135,0.1702581599150698,-4.522908206903557,-1.6577084674538176
-3.3171260524659854,-0.4360628490727937,0.18568114823900353,-4.498007343634643,-1.652066799896596
-3.2975289017561438,-0.48771903701878816,0.2022514367731477,-4.441463892918109,-1.6711123613404149
-3.2731214446637655,-0.5397040605126239,0.2077832287940409,-4.386705712905274,-1.7100148229514651
-3.2157861495877698,-0.6101663337139166,0.2583482804053603,-4.313098422529,-1.7509482025586534
-3.1954418749194637,-0.6645223214879338,0.2626725055164419,-4.225014141336907,-1.763286958265918
-3.177859785596211,-0.7234648121467698,0.29579927480974416,-4.110555480735379,-1.787223265846286
-3.1287768142221517,-0.7799707452769986,0.308995176062907,-3.9976577859691877,-1.8339495119603524
-3.103506796241187,-0.8346108865109062,0.3456980953467586,-3.8776282703116465,-1.848715850844201
-3.0861373356869515,-0.8680156486806142,0.3586618707280684,-3.752248006867812,-1.8750589695572009
-3.042230182040401,-0.935278660433899,0.40757581885918515,-3.626393217107575,-1.9017881276707291
-3.012850933161139,-0.9708911584417141,0.4407316971230005,-3.480823927912486,-1.9216185878013718
-2.9968145256533005,-1.0297679398874622,0.461511135063196,-3.3622889966756055,-1.9583023645580817
-2.9386156434113597,-1.0787743852519238,0.5029122660639769,-3.2311984306897856,-1.9796452672667313
-2.9191738456196146,-1.108844113188791,0.5221286330903536,-3.1041759585350133,-1.9744439880621216
-2.896990187109154,-1.1466042491858903,0.5467589876479687,-2.984838678464658,-2.0056504118130425
-2.8849941599615376,-1.1786379288108064,0.6018661393331588,-2.8538073346316803,-2.0079805938809057
-2.8538225041137877,-1.2331537223846376,0.6308470892905541,-2.742246203951192,-2.0174661285523596
-2.829027873554304,-1.2490487264453558,0.6565935318118845,-2.6372491501290365,-2.028584899873102
-2.812562389009335,-1.2564930863269634,0.6781729808423835,-2.5656664513274183,-2.0216442202693385
-2.81494160226079,-1.248674566265579,0.697745118900428,-2.5126616316404267,-2.0225124493039432
-2.8298873163197773,-1.228860602062048,0.7195997140986927,-2.5022470205048744,-2.0300926239912953
-2.861788725406326,-1.203480095503691,0.7379637875389746,-2.5377935286713256,-2.047617954438619
-2.918105654550911,-1.1487105991456754,0.7485378033593868,-2.6003301211061878,-2.059915634923587
-2.9628854138757834,-1.0813151955284785,0.7572306881475388,-2.738244579198631,-2.060970293141438
-3.0304525377267,-0.9987175945639515,0.7431991358921191,-2.882455593280084,-2.0545765341369324
-3.096215579837749,-0.9212313398820237,0.7335591928213556,-3.044303235203554,-2.050804074015604
-3.1469519810357043,-0.8874270544118384,0.7151678283700582,-3.195292600043321,-2.065762436325166
-3.189644239790939,-0.8403410251503508,0.7064969819296033,-3.3550545176865163,-2.0380793431756534
-3.2308418503777556,-0.7805515864655245,0.6575875669320578,-3.4921912643752133,-2.01854956769216
-3.2706147680518733,-0.7508533760989304,0.6310536027316741,-3.604746357582194,-1.9986866933386787
-3.289175711808236,-0.7436201919938581,0.5992345894034299,-3.687693678748425,-1.9977059532338788
-3.297784548474846,-0.7215806874642999,0.5701542481632984,-3.7777904966356863,-1.9778697654735133
-3.2991689653201832,-0.7192489025349104,0.5631726610898682,-3.8408642631005834,-1.9559517653244447
-3.304348784926646,-0.7206955118016354,0.5375674894657259,-3.880111086159478,-1.9316799126347317
-3.3032122737833776,-0.7284496354907805,0.5205481236517385,-3.9090022488783793,-1.9528720770615546
-3.297115848636227,-0.7177708338685408,0.49498790880342286,-3.9271764243567557,-1.9544511748007496
-3.2919917684960263,-0.7196732172382867,0.4924947795928336,-3.9373532003425145,-1.9450464293737757
-3.289373943196467,-0.724133765377622,0.47541268873242115,-3.9139900211973213,-1.9341293654717477
-3.283828276790001,-0.7263926916088975,0.4534268986760183,-3.9389021223560134,-1.9167740517633691
-3.279758414584112,-0.7078848320316402,0.4478815959293319,-3.9666765004674924,-1.9178065500556343
-3.2604286380288614,-0.6874701730912156,0.4460877485128163,-4.010339409086001,-1.8980997768187577
-3.2588365395098666,-0.6518041303612669,0.43231951432562016,-4.054074316811734,-1.8902642882612775
-3.279183998975673,-0.6067613279878702,0.41038625536289963,-4.111751225545319,-1.8688186029741916
-3.3012323755434565,-0.5724986529715302,0.3932541547485649,-4.1600034501647825,-1.839378825183314
-3.2891945057611407,-0.5477728204960463,0.3657236306755395,-4.2242863177885575,-1.8203963514973391
-3.277049378297927,-0.5370891914142769,0.3596075651049704,-4.262376368999993,-1.8087841250774896
-3.3007098942444353,-0.5464376931689839,0.34233252232123085,-4.292399990069936,-1.800006378680876
-3.3154514715455807,-0.5475245348985434,0.32309103560734753,-4.315884143904427,-1.7985463578329985
-3.2962673532956646,-0.548202394465025,0.30775424449329325,-4.309999003705614,-1.797263835789654
-3.2887341061721913,-0.5599196164581929,0.299509665895838,-4.305781117114875,-1.784990945004534
-3.290785997856674,-0.5720981222258404,0.2795911022272005,-4.291131043910775,-1.8016971767422774
-3.293294270167271,-0.5775330867982211,0.27995352170978227,-4.271344395712467,-1.8135320783971294
-3.2918133735261152,-0.5704798697677117,0.2963528651977056,-4.255105946581465,-1.8133160585735952
-3.266415327240445,-0.5679540457586176,0.2955565524966811,-4.240545717869288,-1.799879159527426
-3.263119066780742,-0.573194075873898,0.29485307084205753,-4.249728092783075,-1.8014601146630282
-3.270764057940741,-0.5546296584210095,0.3009520892245547,-4.263273523807632,-1.798985547192256
-3.2654724029350497,-0.5625023995989086,0.3041356117843858,-4.276347661065948,-1.7876021561730555
-3.270889893169272,-0.5716458655302672,0.2909340279531918,-4.268772889804665,-1.7810434117200635
-3.273629016860879,-0.5937705284492669,0.29014081483654763,-4.228296984148745,-1.8008769705123733
-3.2461735649276062,-0.5909926888270762,0.30007341499947227,-4.207624152457771,-1.8129151908826677
-3.230961801194762,-0.637447637295024,0.3309042765839147,-4.16079225132247,-1.8217130206429784
-3.214097168438426,-0.6853943891645893,0.3302357257572373,-4.089544268047065,-1.8336621125638355
-3.189004617986271,-0.738571272724428,0.35405088989037664,-4.0080144749709,-1.8586573996983142
-3.172111594682185,-0.764832839140236,0.353610664369263,-3.926938119134031,-1.8667528837705127
-3.145892459970215,-0.8213683244728717,0.3748925157524887,-3.845547513481271,-1.9076652688498572
-3.122793694151835,-0.8677538391564158,0.4061449790720898,-3.7522571060123373,-1.9114190787219116
-3.0792174251477804,-0.9021521081563488,0.4345554419218093,-3.676416262482194,-1.9283046455891621
-3.082429393428459,-0.922877847695552,0.4530177445060559,-3.5975746060739437,-1.9247494112191457
-3.091140091346064,-0.9510432296123544,0.4661084585038958,-3.520179780251907,-1.9261125640466512
-3.0633680907172445,-0.9575514130212723,0.5000157254269078,-3.462394813470066,-1.9443670770587265
-3.052345953741733,-0.9484853724243303,0.5285026325659308,-3.4219966489420703,-1.9632911976330425
-3.046688678076551,-0.9559685322785457,0.5507378896039814,-3.390719053808017,-1.9651304590634768
-3.059150292210645,-0.9854630678889321,0.5699273682364713,-3.325996072212808,-1.9814256495045568
-3.0460010571021066,-0.9975515540362876,0.5858900080977214,-3.2825597173852947,-1.9683508447835172
-3.0448609899969292,-0.9893726617926379,0.5851096827772342,-3.271141221707993,-1.9715113338453267
-3.0468359466475916,-0.9968648458713584,0.5895189733290257,-3.2267248944874796,-2.009893370703175
-3.04740954671672,-1.0231088455307666,0.5963999319006397,-3.2021753472361625,-2.0067116811319536
-3.051915772896248,-1.0010457492811176,0.6102562738370615,-3.215590345641908,-2.0294753554793097
-3.0581135036142126,-0.9798035640337986,0.6327208064341697,-3.243779698808913,-2.0093078873001544
-3.09187957053718,-0.9169309829195026,0.6048962087262149,-3.3149112795473306,-2.0130523020858107
-3.1337695739704787,-0.8739260901866177,0.6033033915718184,-3.3892616192503446,-1.9870003765091415
-3.1592138793724702,-0.822929156737517,0.5875111782016114,-3.4916594224394317,-1.9734294632907905
-3.200053526874206,-0.7759604374754546,0.57415163754969,-3.5854076648151247,-1.9725202896592133
-3.220848088269126,-0.7293673215708844,0.5445107947056039,-3.697651003298631,-1.9559940702527863
-3.2616571149499123,-0.6698321498893332,0.516191538032873,-3.8091445350809585,-1.9516507163302552
-3.3061730626864247,-0.6492668483962036,0.46937438918354646,-3.90518690310739,-1.9337597495957872
-3.344365952555594,-0.6016643289340123,0.4527499048992132,-3.9992386840418126,-1.8955608580683008
-3.3495845861818467,-0.5852867941942836,0.42050121553436043,-4.086234591650303,-1.8798124182286782
-3.3520469161274304,-0.5664504216603307,0.38819324921870924,-4.1393046742490185,-1.845418152198348
-3.379592453279321,-0.5347138402763059,0.36361799045831583,-4.202948705253973,-1.8315682680142829
-3.3780600986121168,-0.49751452474460783,0.33150528906049814,-4.271499034130237,-1.7997130102896515
-3.37558972865396,-0.4908724934158309,0.3218078524180947,-4.30620827981131,-1.8013740059546937
-3.372504166476208,-0.4828072042175917,0.30284530884697874,-4.356218796303776,-1.782105291417013
-3.383146801164225,-0.46328602822038406,0.2597679922773793,-4.408058781286585,-1.768221706150456
-3.3809272661578396,-0.42973319261552956,0.25754543118549983,-4.429722153557569,-1.758821938257111
-3.3717840220654565,-0.4097024722220537,0.21346945017757102,-4.472369100831721,-1.7205417716200686
-3.3464815183744436,-0.3981593355626249,0.20773105483835236,-4.495656663042686,-1.7100940152568305
-3.3477881658170756,-0.36051409431472825,0.17391584994028697,-4.523701685677344,-1.6796768201426924
-3.3450794342647017,-0.3596993468773168,0.14298649372459876,-4.5565789408934,-1.6759893335357543
-3.3479625560456485,-0.35782313796395976,0.14414886826081597,-4.5738671411158895,-1.6713861645552208
-3.3428164157859155,-0.3784363705296871,0.1316241094178271,-4.56111514710982,-1.6602350814443003
-3.331321488301761,-0.4095591294435856,0.15658133620344455,-4.533782858711394,-1.6678738821931156
-3.3135448159412517,-0.4194356896275087,0.16364806984483335,-4.5085812613803,-1.6796518808024032
-3.2965268065660287,-0.46840807724133127,0.18103428706831995,-4.460500731841655,-1.713268508602013
-3.277342054027148,-0.5373826393663552,0.20966042794887407,-4.390848613800045,-1.720300745015486
-3.238337977072856,-0.5859576238766299,0.2254474109968615,-4.3109135399090395,-1.7626075770148597
-3.2158861036530335,-0.6489812858000141,0.2452701251555636,-4.204283789066718,-1.7759832838968663
-3.186793057029951,-0.7065841625868255,0.2784858490906302,-4.105885464218796,-1.7975535050065983
-3.1523313940093756,-0.7844686744700251,0.30294357323641,-3.9948273813399284,-1.8285160656263915
-3.1331899158162027,-0.8264455122273633,0.3379898878092246,-3.8574916647052797,-1.8674015803770474
-3.0989955539488103,-0.8813737887007751,0.37315173454086037,-3.740835865530311,-1.8866147830685152
-3.069902139904151,-0.9572224363242874,0.39657923311552906,-3.603559157237749,-1.912732428543078
-3.0423879433753838,-0.9882672926369804,0.4430749149403584,-3.4675470291611834,-1.9415932607622504
-3.012185061980572,-1.0358928223108208,0.4874383662113906,-3.3448267717314524,-1.956941735578408
-2.9596315022719986,-1.0841661359356816,0.511650200356383,-3.1995737540193923,-1.9788882785142086
-2.9179812279912842,-1.124115836527534,0.5279843044353967,-3.0849033316909615,-1.9935554840793954
-2.880465439785896,-1.1844846070783122,0.5532782115240853,-2.946742995600439,-2.006259369410125
-2.8704118178637663,-1.209297798023347,0.6048080344439568,-2.825505169157363,-2.013309082682506
-2.836225672288352,-1.2414790413396208,0.6471261829253921,-2.6866865801975734,-2.0311585541356094
-2.8239183156935797,-1.2722357847836154,0.6652498589372255,-2.5906172609631954,-2.0470856721042643
-2.822171562202135,-1.279682599172273,0.6946917832962299,-2.51730012584253,-2.0474348064280057
-2.822521552060738,-1.256900850596232,0.7029378822403698,-2.458473750556513,-2.0523475545698315
-2.828795018468962,-1.2263912249523823,0.7133232216915814,-2.440837812712733,-2.051686675972163
-2.840288746657421,-1.1903012916187403,0.7336052519405338,-2.476389653697877,-2.0593904291890306
-2.873759845133347,-1.1341029836339775,0.7419191092046432,-2.5568181245414414,-2.0583953245895312
-2.9506510046903216,-1.0620207660613898,0.7268372024721016,-2.682423804188808,-2.049304322289756
-3.0220382480991175,-0.990570717305579,0.7376213223468745,-2.8338328979293586,-2.074092191979082
-3.0743892161074484,-0.9125199211014761,0.7332765382796127,-2.9880003747193724,-2.0736251965060335
-3.122407604303001,-0.8559735556279539,0.707147039647401,-3.163970565136751,-2.061462472372962
-3.1746122261881906,-0.8228296616665616,0.6936214306839177,-3.287702479356884,-2.041005215791321
-3.2144722928038254,-0.7991777026786414,0.6662469515647486,-3.4384703371494276,-2.0204346995724043
-3.2575374039958978,-0.7693196357420311,0.6338037997394016,-3.552584752492235,-2.0234883768393392
-3.277330993739157,-0.7646790466451301,0.6120999817987863,-3.6618563688903674,-1.9822621359843722
-3.2915451024933438,-0.7344496532544299,0.5950080413170193,-3.752625923333839,-1.9773986780795523
-3.318988254643725,-0.7456548359647296,0.5718000816527339,-3.803797764466277,-1.9759605876050896
-3.3204613240480407,-0.7469458683508361,0.5341980689312082,-3.8507032654426516,-1.9660208742315803
-3.329969427872291,-0.751770636254791,0.5238972840782062,-3.876270041286952,-1.9594984525803887
-3.305581229982016,-0.7459632463721076,0.5064591907479644,-3.874438945225285,-1.9842322241906951
-3.3182939297408662,-0.7551095458694966,0.5085201816298975,-3.8928666538476118,-1.9794262993354155
-3.297729960362967,-0.7479381789131437,0.49811034808253424,-3.8762691307054498,-1.975788127545449
-3.28971773100363,-0.7436548277331239,0.4701117220402889,-3.8898466022035096,-1.9565876941047862
-3.284476883618901,-0.7304203640676059,0.4579634652505454,-3.912470772317584,-1.94549116099862
-3.2768896024921217,-0.7096634351138887,0.43029162164664175,-3.92735546345382,-1.941784415724766
-3.284299684506314,-0.6675182965874984,0.4266575145260197,-3.967470957086,-1.903597172665462
-3.2821356136903304,-0.6351201689552687,0.4091194417486057,-4.04207166190922,-1.891217363073536
-3.2934423133353534,-0.5871346855455527,0.3771517633935594,-4.091980880021181,-1.8627694265769736
-3.305838021079828,-0.566038527056771,0.3576874956827381,-4.153235485359285,-1.831997373261525
-3.310860758647524,-0.5412537970594216,0.3454552906071153,-4.2051532283765205,-1.833759466786742
-3.3055311204180144,-0.5279234475018615,0.33712869552988856,-4.247469829570074,-1.8071946559247076
-3.2909401661364646,-0.5316936133881913,0.33221484408432855,-4.273174578840445,-1.8111353140961897
-3.302743066860656,-0.5250062578022164,0.3216331439655471,-4.277456064226227,-1.7969802784576607
-3.2960901437538457,-0.5440642173774678,0.3219408647718123,-4.284341336890658,-1.779428849633478
-3.3094939778962424,-0.5307370329668677,0.29464981266134943,-4.296988464720296,-1.7876077345919947
-3.307519862537087,-0.5469108764078299,0.30052961522654215,-4.291602811062028,-1.794951506168823
-3.280270881659101,-0.5414351645604085,0.30413087933613786,-4.290908540345699,-1.7856983609280668
-3.283892989322075,-0.570547265710661,0.28877831391707776,-4.307747919638871,-1.779422254503933
-3.2723551772681905,-0.5456441155816255,0.2889527565256475,-4.33150323024621,-1.7576658265081089
-3.2796534488382116,-0.539592558449194,0.2848642614240887,-4.329140192488937,-1.7635076395833633
-3.2600356825574823,-0.5228483618691371,0.2934116551015785,-4.316698355745461,-1.768489193770313
-3.2764432065525004,-0.5171974851912661,0.29287531548181633,-4.318470965431073,-1.758817317665286
-3.2598542544190683,-0.5256688110887062,0.3057719018488304,-4.3170142546381305,-1.765588923716908
-3.2572811492215235,-0.5536605445529418,0.31311662469825347,-4.294564397107758,-1.7905730375451743
-3.2512381753542314,-0.6089958711509433,0.3189706771146374,-4.265395469667572,-1.7903294006048065
-3.2189686061158476,-0.64961944159136,0.34231125463427553,-4.222399961187118,-1.7790298377760854
-3.191583472484666,-0.7286098456972964,0.327568412989491,-4.1536506194570135,-1.8181445520533257
-3.1620674530437998,-0.7524514193734577,0.3549713600431386,-4.069096712427331,-1.8447578997181622
-3.1361532280655275,-0.7949547104292665,0.3467381102656611,-3.9988144024376897,-1.8644154894034315
-3.1356438948957983,-0.8342676798492067,0.3745852858384814,-3.8803440057867586,-1.882975605185447
-3.1149568942207244,-0.8643069941501952,0.3959011218421341,-3.79057406510106,-1.9136765088969339
-3.099909677938839,-0.8872601719889108,0.41463440619764597,-3.7044350786838947,-1.9103300669286025
-3.0779793550186128,-0.8976108756705365,0.4375852755408093,-3.622481838821557,-1.9290982593531818
-3.058771414779032,-0.9239812169955236,0.46244862161056804,-3.5471549286984736,-1.9473161184812326
-3.0670589650864306,-0.9624141215302703,0.4829336761321153,-3.479194654335471,-1.955528321951098
-3.043387471444584,-0.9582357208468947,0.5006420531968188,-3.4014326733026587,-1.9572602035373134
-3.0351034720571497,-1.0003313058415197,0.5125446588034185,-3.3427161226719244,-1.9621110895978164
-3.027739845908869,-1.011164697498545,0.5300422548783736,-3.2716949028436884,-1.9758415521663342
-3.004938858942198,-1.0545098077942558,0.5567281906694924,-3.212875823215294,-1.9826547340519078
-2.992964398173443,-1.0619070691828183,0.5628019275120992,-3.1585849201835448,-1.992752673856798
-2.9861343182400883,-1.0941698036445944,0.5779340756640096,-3.1137891885939766,-1.9868650185242687
-2.981167714883733,-1.0816310614435605,0.6078804453684509,-3.0924429205554405,-1.9881333184685097
-2.983817482554488,-1.0600476076371899,0.6282189792881895,-3.1088154174998013,-1.9756835532707249
-3.00837211139509,-1.0090218283716759,0.6318596082441037,-3.1182309936072214,-1.989482419209776
-3.046984327905587,-0.9615483480020622,0.614904961336322,-3.197698637926401,-1.987825355695056
-3.0761366556167062,-0.9088455486800195,0.5945801197067048,-3.276696745499757,-1.9613596638249666
-3.120328343691225,-0.8330330543516177,0.5951269495858743,-3.390634447888335,-1.9566167534471781
-3.152653930876801,-0.7705416597493996,0.5694066401831319,-3.5025034916964923,-1.9484491210749206
-3.19186879384816,-0.7250933209727237,0.5720608554281196,-3.6293921246976955,-1.930693965665001
-3.227163027441785,-0.6906959072848557,0.542922888338916,-3.728540204652843,-1.9238596508589416
-3.2625366986258943,-0.6446676120236227,0.5270212913230229,-3.8176117054648997,-1.9125899994452848
-3.2747359593680088,-0.5885618677322358,0.4962654874734994,-3.9295489829443455,-1.9062864142777256
-3.3068242428715275,-0.5798682650614793,0.46635468538807623,-4.009469081815499,-1.894355348363044
-3.3329286675530927,-0.5511371420459887,0.4364787917636625,-4.0948589845934364,-1.8698156286803294
-3.3417297287165146,-0.5311381887652858,0.383631803394212,-4.171937821903912,-1.8608203796933995
-3.3493925161409717,-0.5072065970946373,0.3319926903154151,-4.235588357097173,-1.832297957325601
-3.3597509231167138,-0.5004663770152888,0.3233686185220584,-4.265925829013889,-1.8257009781889115
-3.3507880226181466,-0.47419414869977106,0.31894059461212393,-4.288764073317103,-1.8230435047194786
-3.3546287290963006,-0.4920093002716825,0.2810114809721638,-4.338607884701393,-1.7839222530174823
-3.359976573820887,-0.46970155509340583,0.26887032357224677,-4.352254788416123,-1.7721441628043573
-3.3614119139395564,-0.4577280744349344,0.25889044900144453,-4.386622670784162,-1.7474360147788717
-3.34616386376487,-0.4427641006216431,0.22830127930668503,-4.4332873939118755,-1.742323895312507
-3.3431011565484248,-0.43534138667988287,0.21147727642456715,-4.46694514807419,-1.7332634610960007
-3.344222115057133,-0.40705938605959824,0.21249126799554852,-4.496423982617619,-1.7345186741328549
-3.32594272034607,-0.41524998936068375,0.21173502909071182,-4.522391218313183,-1.7036630274711784
-3.3272557286410382,-0.39692752274050036,0.1881987656769807,-4.5271273172403745,-1.697904929971837
-3.309415815235811,-0.40471242853252254,0.19188256055855027,-4.53301568514402,-1.68352485603843
-3.2949866609180645,-0.4476676601825228,0.20024679827069444,-4.528577403668803,-1.6945941585143156
-3.2926886853820783,-0.4876808808480751,0.21489179432096536,-4.48919505667372,-1.7170705583090682
-3.2714398714051067,-0.5483336663428509,0.22916763209619725,-4.424530011925142,-1.7489218433071594
-3.2566125260790977,-0.5915270890313288,0.2675054399429322,-4.3801766273776686,-1.7771136279277893
-3.2132028952024125,-0.6539389769874007,0.28636710615049626,-4.265564409706611,-1.7942877110989786
-3.1823873531964164,-0.7230683834484808,0.30508765886296996,-4.180410466291199,-1.837942407256107
-3.1530962980112407,-0.7879252860540702,0.3290522287624782,-4.083360670334024,-1.8364964328088067
-3.1146405983842973,-0.8178440114856098,0.3522616135505265,-3.9730590870063898,-1.8566902472412599
-3.0909662218277,-0.8550729513563454,0.375315973109255,-3.852757837804092,-1.8863635645742363
-3.072400607903493,-0.8999073060956508,0.40635734502686965,-3.742581030664302,-1.9044350133701846
-3.0252092477240273,-0.9626990885052741,0.4120028066569838,-3.620391473118555,-1.9225808307225596
-3.007775262789251,-1.010135745766429,0.43654115709404306,-3.5003874364653615,-1.9244793507169045
-2.9850554302050982,-1.0619903651671272,0.4804734715226081,-3.360985188406681,-1.9463531621951822
-2.973459671474378,-1.0880998270822906,0.5058091928735915,-3.2239861702068575,-1.9709870621078458
-2.9443960046068387,-1.1274437874970342,0.5323942802305054,-3.1143953510409292,-2.000043894081368
-2.890333682235463,-1.1541548179757202,0.5647101205497285,-2.973276335092414,-1.9995172136178956
-2.883370472882289,-1.2024610253364278,0.610175215124613,-2.8498337295563156,-2.0192825668954324
-2.8607498427513294,-1.2110515483945368,0.617044067895482,-2.758941422807487,-2.0053423098702825
-2.851804302275873,-1.242246786140817,0.6421836297454016,-2.6676943191941755,-2.02469362015166
-2.8238539302833825,-1.2431153531822785,0.6667449622888876,-2.600783200802553,-2.0216504067045773
-2.830494747774219,-1.2222274101081982,0.6879808409744221,-2.5648025027581247,-2.0012120118907935
-2.8534998907110776,-1.1904000514838584,0.6959000752069373,-2.582826877417141,-2.0256628697467405
-2.8841067847873316,-1.15843224353154,0.720433248789661,-2.6595942856021426,-2.0424966975579717
-2.9078769687173835,-1.1018919650431829,0.7212581589481362,-2.7444125213907578,-2.0392197394437375
-2.9740577836962463,-1.0202419047141553,0.7302234247758935,-2.868266992962089,-2.036904451097433
-3.0321642244719844,-0.9540284105524116,0.7137383392992591,-3.002909879087914,-2.0506160359834618
-3.1037014907549056,-0.8873148751218511,0.702252404247632,-3.153963715449287,-2.0430668123336577
-3.158595224273864,-0.8319108753349423,0.6811058132149999,-3.301733817155927,-2.0270938360997395
-3.2108909007739435,-0.7804881924768178,0.6612155780560707,-3.453328120708007,-2.0054521638471443
-3.2418949471443974,-0.7601421280329712,0.6456339872876137,-3.5615940028094246,-1.9998788625341972
-3.2930336059692453,-0.721914631989614,0.6145543582850291,-3.677918943183691,-1.9798987305138398
-3.3086328171052615,-0.7142965635291819,0.5620025725420704,-3.762980055415737,-1.9667376237336252
-3.3165915092535236,-0.7020548993637231,0.5550973844702469,-3.838180014137177,-1.9508784800786125
-3.316635652867895,-0.6812627218894608,0.5271211201799854,-3.8842760732013555,-1.9367368501936797
-3.345606988809509,-0.6811054410975267,0.49868403835675157,-3.9160377997885503,-1.9273142504730427
-3.328341556161152,-0.6720838479843898,0.4892258225377256,-3.9352840629688326,-1.902096682653151
-3.3101476973606636,-0.6765419190325884,0.48502176203959,-3.969930837125311,-1.9145675981000807
-3.293180652975814,-0.6917590327328967,0.45864421851210385,-3.98362160973067,-1.9087043695624344
-3.285636128251232,-0.698479804949683,0.4381899724274037,-4.014996375212167,-1.910274250090997
-3.2741717948383577,-0.7007683155099153,0.43299806080263853,-4.014058219034177,-1.8978652290498257
-3.2839136472165085,-0.6923560690446069,0.4079136207821541,-4.023899620050697,-1.890681968813324
-3.292706080988291,-0.6637167253861179,0.3873567427570522,-4.078862648265027,-1.8699334119565743
-3.291790150931862,-0.621772267809268,0.3671712402417186,-4.112779620779762,-1.8529770653758495
-3.3196835268749227,-0.5907056056864081,0.3436217347306027,-4.172834633689341,-1.8357336807597968
-3.313124468364299,-0.5720690765107015,0.3037983216604186,-4.208939668332262,-1.819979503726649
-3.326791359206313,-0.5403091472703563,0.32285582094630993,-4.221607275001967,-1.8106839750914594
-3.31765125216018,-0.5333847190438948,0.3093885867121381,-4.247926503373965,-1.8150624049535926
-3.3077700312807425,-0.5517346645300646,0.3017352484356998,-4.271557183271996,-1.808552912267377
-3.3019002248319187,-0.5487610345861329,0.2981444592255959,-4.281159061667467,-1.7989243957734922
-3.3051723621278573,-0.5751803601108183,0.3149015603175286,-4.295246171002217,-1.7939013823659453
-3.280055123848284,-0.5741845784306784,0.30754716262678083,-4.277128573268151,-1.7801354817186625
-3.2744203128137386,-0.5839723861826898,0.31733298077267813,-4.262174089839587,-1.7876076863022303
-3.2676724487067608,-0.6011704570753038,0.32422926342394065,-4.256099137192563,-1.8215700776743622
-3.260641675129084,-0.6042003699956927,0.32139083175314,-4.226748608637208,-1.8046489038376206
-3.2337106925229677,-0.6084219529287636,0.3050606577399655,-4.2141683347673045,-1.8133890887274864
-3.243434509044815,-0.6047401749983311,0.3111569909584239,-4.207411505473798,-1.823763381298563
-3.2364808143514168,-0.6151653587813081,0.30608127068243196,-4.178815646764122,-1.799362849408916
-3.2223068344887458,-0.6387557649846233,0.32046040926649016,-4.168205303072748,-1.8129449421128803
-3.2326540526831,-0.6688638976012812,0.3325496488528474,-4.135145110818335,-1.8250998152518194
-3.2314707136355487,-0.7083525189566096,0.34379589479362394,-4.093640167133918,-1.836232570548715
-3.207627964081862,-0.7221485774356483,0.36328573266633785,-4.030017220723608,-1.8492507824587365
-3.1872560172672793,-0.7709037156825522,0.38219627374775467,-3.971720263277429,-1.8662173859669695
-3.168913925594223,-0.8061793852827691,0.40004157767217696,-3.885951674543527,-1.8997780712826495
-3.150704511639638,-0.832507167625316,0.4062713220771235,-3.8160157014015486,-1.918980317002805
-3.1183005799311063,-0.8751361210703944,0.430171212747043,-3.7109029020167568,-1.925236674808075
-3.0987125538578875,-0.9219152949253524,0.4444189049785868,-3.631465659179142,-1.920522441017122
-3.0627772121992463,-0.9524085137365631,0.46079373355038733,-3.553005977117573,-1.9335033440665785
-3.060369393706428,-0.9622559052992089,0.4861593808543469,-3.4698030044553714,-1.952058058928751
-3.053193257336621,-0.9637599929086996,0.5011269700755968,-3.4330541433906756,-1.9653827967474635
-3.0493859239429506,-0.983495397786443,0.5241731755722568,-3.3974423740433837,-1.9509396439887616
-3.055202332413092,-0.9810684403892486,0.5410802011065629,-3.3576393169997343,-1.948868183494356
-3.039364091017543,-0.9619930185498043,0.549040103649591,-3.35101869736727,-1.9518390928616283
-3.0473563743551417,-0.9496667964102924,0.5488059189588477,-3.3320408010966127,-1.9608267675816766
-3.061430320619241,-0.9306456712435898,0.5661274014452267,-3.34167108650891,-1.9585782978139445
-3.0782772767353492,-0.930017340334129,0.5603589824371705,-3.351418204883629,-1.9743390742473923
-3.0885431568697954,-0.9105462133640421,0.5762939930396904,-3.3556645952595483,-1.980425993588881
-3.1145678062055664,-0.9047498002108897,0.5890760150754498,-3.3821542326976797,-1.990507313163226
-3.1275358301421727,-0.8694695878471383,0.555340663151423,-3.4370928872313256,-1.9616983595147237
-3.1623496695302205,-0.8509277943238852,0.5560800408535774,-3.4921523151409253,-1.9652157209179733
-3.1918933216534136,-0.7984542086017543,0.5528594503679997,-3.559947307052003,-1.9444527859339362
-3.2172107139440587,-0.764550407767961,0.5237795360914289,-3.641734910040664,-1.9377407338183807
-3.263677386808991,-0.7203534309482849,0.484671330356178,-3.720167640793401,-1.9355557547767197
-3.28781902125592,-0.6672821850995082,0.46986073289357755,-3.8438571750390165,-1.9053180392628364
-3.2986494647637725,-0.6168443711589764,0.4503800732160865,-3.9351405715309227,-1.9043223869478452
-3.325679858402359,-0.5682596598645135,0.4173677514481619,-4.0414085983008,-1.8764831107419722
-3.336994485503613,-0.5427024137050893,0.40553759507489073,-4.083785352711316,-1.8784939802109235
-3.3511865308953372,-0.5392501772517826,0.36869436658098836,-4.161315872092103,-1.8405937561475332
-3.3720526802573585,-0.491555958304996,0.35089702357234753,-4.235427954729906,-1.827243722733018
-3.3662603792160564,-0.4766009176083963,0.31351745957781557,-4.2906703550670064,-1.8088980197608548
-3.3680749624855433,-0.4646183909975078,0.30967388161462167,-4.332256978439741,-1.7897175563891632
-3.3643685224767235,-0.44460798985164623,0.285328312932515,-4.402294136328884,-1.7628986575880785
-3.371553168073952,-0.44229223723302175,0.23440772245807762,-4.431479427963595,-1.7564939615358148
-3.373490622430681,-0.4030110155166037,0.21854207120382133,-4.47145451240878,-1.7452283103608157
-3.3670504884339283,-0.3800233737391651,0.19745741028217678,-4.500062542607342,-1.7036049208193986
-3.358104763750371,-0.36111125457900917,0.1647411973801244,-4.544932918917703,-1.7032192248573566
-3.3595856690558223,-0.34593236088384505,0.15377259566571821,-4.5751822306981715,-1.6802689118078495
-3.3535640613062534,-0.3301377752262321,0.1386691571191054,-4.599394906139269,-1.659522913117125
-3.340340497879293,-0.3508475015312423,0.14654370205930514,-4.6025238091210605,-1.6439766600019519
-3.3107533430263367,-0.3564685619695759,0.13762958632958242,-4.595034204596204,-1.6499663583333952
-3.305410851807575,-0.3868135953221241,0.16516148419565635,-4.581793418940432,-1.6516568537139902
-3.272497620348544,-0.4382221728949081,0.1778631479205589,-4.545149722541755,-1.662783512771887
-3.2392138488058437,-0.48045799972257275,0.20099468148521962,-4.483387682718556,-1.6874992235656716
-3.2233666686540663,-0.5482857998752574,0.21754867712529333,-4.417234720125035,-1.7294681680089
-3.218245374153711,-0.6198458796911076,0.25340183185312043,-4.34019939807546,-1.7508606229273111
-3.199164255309123,-0.65987840891635,0.271608661744938,-4.230223703023547,-1.7837318616817506
-3.143037793729855,-0.7494246514485824,0.2990846944478161,-4.091425435253405,-1.8283431415976552
-3.1263895266135906,-0.8029606762906368,0.3152449574603919,-3.978179146225854,-1.8625096195117377
-3.1052062671335907,-0.8749290912949417,0.3300190887873254,-3.8575543651042943,-1.8864029892855594
-3.058333430948178,-0.9299569875749231,0.3643723407883133,-3.747087876653489,-1.8952038156420152
-3.0286332325819374,-0.9569742369485582,0.42752735981724593,-3.5950235747622523,-1.9257201900383627
-2.9847220761005975,-1.00578390498914,0.45408141924374185,-3.4589889688434092,-1.924115005184669
-2.9371799386911954,-1.0618910252312368,0.46633673233888806,-3.3115722316159837,-1.9561696242275366
-2.9068053377138163,-1.099882675905814,0.5038069358689158,-3.155743896009712,-1.9684039023553235
-2.8736203953367583,-1.1300640268787001,0.5413823296916183,-3.0005947549726177,-1.9862276056578498
-2.8429178191450952,-1.1724597729786197,0.5644941067577582,-2.838436387584151,-1.9811305899880967
-2.8270967679643397,-1.2193761704147654,0.6058120724401248,-2.7161461666644446,-2.004439220615455
-2.798540361936591,-1.249979195325794,0.6493266318764358,-2.6084691820505945,-2.0094733585083793
-2.7850762278221213,-1.2810017376104013,0.6716848954964831,-2.50690958588034,-2.027430926777851
-2.7718649101440707,-1.2931805333073068,0.7131974618969279,-2.425454553545275,-2.0265653529651098
-2.7650454022769764,-1.288256789404045,0.7366280564617136,-2.3893869134944756,-2.039987793865033
-2.797316273078042,-1.2679884033759263,0.7690738525910188,-2.3818535681391406,-2.049003361578388
-2.820150740872086,-1.2173893546987369,0.7617678256792312,-2.44155906104551,-2.055282247854991
-2.8895833240179756,-1.1440485032291616,0.7689334837106414,-2.537030854371712,-2.056034869260209
-2.950147738501777,-1.0693320125889616,0.7682032881708931,-2.664824907575941,-2.0617652630238243
-3.021513712924961,-0.9960365743273242,0.7643309829764902,-2.8250918011865753,-2.0722844048913758
-3.069730939778232,-0.9462898257169016,0.7416990826933002,-2.9659898144338355,-2.071326644091106
-3.1239720827301825,-0.8814309751649866,0.7267888238623965,-3.1366094446096535,-2.0463556709135156
-3.208581204402115,-0.8235882275788026,0.7080436216124505,-3.276597630277736,-2.040441284766985
-3.2317322897922676,-0.8018329504166167,0.6807750622041253,-3.411071836665886,-2.0174235484819727
-3.274083165182387,-0.7777151374480012,0.6600331281619316,-3.533920474811516,-2.012824166927366
-3.284994792170182,-0.7639036905439388,0.6173559920396773,-3.6401836793044526,-2.001800090320798
-3.291211088252085,-0.7507066127717487,0.5989937935651463,-3.697123773952729,-1.998776467179821
-3.3041538310978336,-0.7302883926564127,0.5664467819125767,-3.7676557244254454,-1.9902855042484058
-3.3055069940448916,-0.7312410180744495,0.5574178317880176,-3.7966197034797724,-1.9978065884237184
-3.299269144653625,-0.7560297672416884,0.554033988900058,-3.8281806969177326,-1.9985413007212602
-3.29557643538728,-0.7621801887097608,0.5519756874984285,-3.8258846464435186,-1.9839236431464065
-3.3013201440855418,-0.7735118665655026,0.5273644025953941,-3.8284928421315603,-1.9846011342565166
-3.2692550354737686,-0.791421874764595,0.5106977847180135,-3.8246593033001655,-1.9674593997098033
-3.2601834759693045,-0.7879262446282741,0.5089356387197128,-3.8596776633980308,-1.9700052908483563
-3.2473799801945984,-0.754474373597921,0.4674927662814851,-3.853548814807127,-1.9559932669852427
-3.251423651903561,-0.7373449104113112,0.4931324559641264,-3.878854939085837,-1.9476664349923403
-3.2549169001957696,-0.6991540014888113,0.48160613069989017,-3.910172160590467,-1.9340892390787254
-3.272985066230162,-0.6551911604534952,0.44723171371848724,-3.9922378669281344,-1.9160236471881344
-3.2958781581353302,-0.6202921484306869,0.41497119281913286,-4.057166919668176,-1.8937324328175145
-3.2999230529568773,-0.590878956087453,0.40202539944261456,-4.106642276347349,-1.8793000497371977
-3.3179798641631515,-0.5719065710469846,0.37739584331383935,-4.163419620267302,-1.8489763479581625
-3.322861093012179,-0.5604675565857751,0.3719105967331612,-4.223039206734021,-1.8278244292344827
-3.3212761306702743,-0.5378737400570514,0.363564112122036,-4.248869922480499,-1.8169247988122363
-3.302392741922087,-0.5477367749179017,0.3569989895377004,-4.255995089513818,-1.8063138090971256
-3.3083378158487706,-0.5333721354869168,0.32609431237488884,-4.273182000433971,-1.818073125005593
-3.2913405291779534,-0.5413185132713183,0.31289543062794395,-4.290455976265768,-1.7948255837793818
-3.300986235099918,-0.5402140078356631,0.31477221971701996,-4.307198084475577,-1.784098908787942
-3.2990161630508616,-0.5246709654480765,0.2944671854559201,-4.324050537248103,-1.7876582514509018
-3.295558241759012,-0.5361773175106025,0.2833152582043992,-4.338493445606696,-1.7868907224059392
-3.297664938337949,-0.5240322918196045,0.26163488864420725,-4.373099582958947,-1.794255566589855
-3.300433934545211,-0.5024695627937894,0.2370719691962946,-4.365159761821008,-1.7726422216617403
-3.3008229309028203,-0.4864240707289368,0.23749707273334442,-4.381607613096925,-1.7683620278250691
-3.3276765854691717,-0.47614286855765914,0.22769244235469255,-4.375638468637023,-1.7489036856060918
-3.316495096582843,-0.48320453481457604,0.23165684371435233,-4.370104783965615,-1.7614415641865844
-3.307958388056519,-0.4925574826661695,0.2340896744394233,-4.3604258692699815,-1.7639876798941747
-3.309837953667837,-0.5410371674262049,0.23974732637390447,-4.318721592478688,-1.7672102121961786
-3.286791070519102,-0.5834883970336631,0.24740520645803513,-4.272154816926757,-1.780696430011241
-3.279755145441252,-0.6351609154372472,0.28414178034019333,-4.224219895777492,-1.8079639311793567
-3.256695791599691,-0.6901841846617038,0.3245670198711543,-4.155208619992338,-1.8181213899680555
-3.2024661202017426,-0.7422061357071703,0.3470080769652764,-4.084188633677454,-1.8400288877560707
-3.2063567843491305,-0.7723081318688274,0.36657760637959086,-3.99624373858437,-1.8686338981114352
-3.1748926846761187,-0.7999403508593853,0.3801265424372243,-3.8979401270501963,-1.8773661280196252
-3.1493093673739603,-0.8410645748215865,0.3875364504852013,-3.8002089693205474,-1.8817788191713243
-3.1184376393552378,-0.8779168706751119,0.4051112641035139,-3.7099382433497103,-1.9095889612876364
-3.0717536773583656,-0.9093724984016079,0.44269430921853375,-3.6109482030843383,-1.9360615574957345
-3.065511189527873,-0.9431250648548948,0.47482862892617556,-3.5158240980330437,-1.950158035138776
-3.0432840426876275,-0.97228403950728,0.4919371065071851,-3.437299970735537,-1.972075489624354
-3.0389431599141337,-1.0116654248683454,0.5123800309231112,-3.3637414615210535,-1.9658168996917031
-3.003977154553682,-1.0547229861789948,0.5362435093074592,-3.275538892255816,-1.9824303268859316
-2.9929851130781784,-1.087509713877082,0.5526085736178606,-3.1753352850286296,-1.9959286672739704
-2.9772479025729,-1.111870852805243,0.5871249510481339,-3.080222319495095,-2.016899613646531
-2.9515242935989505,-1.1237299472014513,0.5990624909797923,-3.004014392819107,-2.03386869088417
-2.961116252236401,-1.1490753154106532,0.6310786285494934,-2.923531870194954,-2.0444179087082244
-2.9668846543019183,-1.134686164312012,0.6269170676467798,-2.8675970425728208,-2.056369224160992
-2.9594421720969173,-1.122664350754109,0.6609623976696646,-2.87427578240704,-2.04855538281891
-2.964441952839881,-1.0979956205276733,0.6542406766511987,-2.924483229817318,-2.0546215753572703
-2.9958519800624837,-1.0426593613510047,0.6701624152787399,-3.00033107054676,-2.056723897446529
-3.0096617577060725,-0.9886759861989349,0.6737615325778269,-3.0862876673177153,-2.0428130473672805
-3.08996898171783,-0.9183552086040871,0.6833307672146096,-3.2175664502870163,-2.0264566963438724
-3.146437920446619,-0.8356616012791022,0.6464921942746347,-3.334714623272987,-2.0311219711711925
-3.194276057349824,-0.7826535619812403,0.6308051736491107,-3.4573513078428144,-2.003301230753683
-3.2257910818777247,-0.7344377560406575,0.6104651693529156,-3.5804985964426597,-1.9911138563759
-3.2737230626103857,-0.6975696397104038,0.5812742240157585,-3.7055168070279803,-1.9769044838958436
-3.312909673226044,-0.658702411829689,0.5572752369735462,-3.8057576037240275,-1.9695648868466293
-3.3331714132471952,-0.6316370962108167,0.5319564499046514,-3.902813023828328,-1.9418314129404224
-3.3461437061129584,-0.6177848431121121,0.49767731979069285,-3.982015258794705,-1.9271326147191994
-3.358563941853353,-0.5918188666449126,0.46933971115737444,-4.053949520567617,-1.8910182890310137
-3.3504549025375057,-0.5805408242752305,0.4388136019913917,-4.128704534864903,-1.8735477006952932
-3.350713378339495,-0.5964608716894348,0.41942356740346187,-4.167164084358443,-1.8630662844337047
-3.3345339555560276,-0.5817796237442947,0.3734587339042742,-4.200381057007683,-1.837294309875665
-3.3388030451163546,-0.5807973265011267,0.35003059917056334,-4.21229954228635,-1.8256563988599848
-3.3515580451804774,-0.5700247720113035,0.3430297765262101,-4.229059263518883,-1.8238784921088342
-3.3528241120640336,-0.5486036844301898,0.324534845159458,-4.250668349170828,-1.8071466660119146
-3.3357487040106815,-0.5275303268814054,0.31174652587061275,-4.279780974511727,-1.8029233497029076
-3.335402428135563,-0.4934497864043204,0.2872774787335839,-4.284310821153609,-1.7942303581403833
-3.315010921067953,-0.484323077841635,0.2855544635045646,-4.330060823790565,-1.7681287618338752
-3.321209640599875,-0.4579563161767668,0.2709232126041961,-4.37669655509346,-1.7490354122596667
-3.3333382267443605,-0.4409707961834383,0.2451138170327362,-4.409987727843634,-1.7331419611385466
-3.3311413232384157,-0.4526395282122711,0.24131870547205755,-4.438363107015353,-1.737026780963296
-3.322261052508134,-0.45212956294778406,0.23079079039553677,-4.439952599000653,-1.7262175964640607
-3.3195146458472475,-0.47005329319481826,0.23481485159331836,-4.436435266642573,-1.7217246566009679
-3.3006905242033877,-0.48877935260676325,0.2451565773739711,-4.423335303571037,-1.7291203122337848
-3.27591040928807,-0.5535479757601963,0.27104994397546667,-4.338497329290551,-1.751680327532206
-3.2601196342673187,-0.5941670889766809,0.27966928008643355,-4.29399283383228,-1.77412873636278
-3.24475839114871,-0.6258068510458731,0.28305614463716516,-4.230351642219317,-1.7914200866572598
-3.2105611674861567,-0.6956986345630933,0.3108682722923674,-4.161139655981664,-1.8163642582299853
-3.195320708902853,-0.7269239916182594,0.31896182914848964,-4.067372849943376,-1.834477087832865
-3.177387368536645,-0.7553266828583091,0.32071015970506395,-4.001675808644293,-1.8588951952184534
-3.1542909996492856,-0.78921200640322,0.3819169044121525,-3.9149534222345945,-1.883063139409
-3.135209981128332,-0.8297468456876133,0.3923055724316222,-3.818377888437317,-1.9026758098571996
-3.109995057425398,-0.8631844311457936,0.4183227079412615,-3.713943012058371,-1.915903772050219
-3.0835513218092916,-0.9157542275850674,0.4395293737382737,-3.635162793080507,-1.925845344242989
-3.0461377808888375,-0.9546589197482972,0.45851402563021193,-3.540860645919769,-1.9161552295476125
-3.020063384960803,-0.9757205158855786,0.503999637081482,-3.4398281717246886,-1.9433714765251517
-3.000670875646188,-1.0333130010773817,0.5319235809773032,-3.312876643439172,-1.961471708782942
-2.9541301234693913,-1.0606433799069472,0.5475126441118354,-3.213368180965317,-1.9756492824664822
-2.9353076680330457,-1.0753010758807684,0.5840217718662356,-3.0889570934779536,-1.9865513723909565
-2.9235277687153927,-1.1099234668904405,0.6034405793656558,-2.994414778487137,-2.002211245162192
-2.8956761551001873,-1.155524771434613,0.6074962851533473,-2.9287730606111615,-2.0204114935605526
-2.897825585175097,-1.1720906798816795,0.623649255253475,-2.8658888417628416,-1.9991298148028007
-2.8904352277221617,-1.154042316290644,0.6319196561978345,-2.828191725464701,-2.0168850689897324
-2.899426915149929,-1.1244823831843374,0.66378429065068,-2.8515876326591356,-2.0194234173940826
-2.9379000209306754,-1.0773260244499971,0.6704431114070449,-2.8957846330732546,-2.0130340016516772
-2.9767241955724875,-1.0234874465042612,0.6811256848016756,-2.952167431386107,-2.0358484713459277
-3.036944189602023,-0.9556494093157851,0.6748975630292318,-3.074343101067449,-2.0137726888605276
-3.059879820089485,-0.8837114779609296,0.6829855412931393,-3.1906170830283025,-2.0282643622848604
-3.114169556743653,-0.8170851873119244,0.6552194311818073,-3.3510733075531824,-2.0142313559702854
-3.177496310852828,-0.7837441442970254,0.6342854437565587,-3.4623161477942803,-2.012531634348149
-3.216656878446393,-0.7218996816364922,0.6168673189125027,-3.5902191842818283,-1.99863449492782
-3.249593875485483,-0.6983147148321186,0.6160540632627423,-3.6989466407507647,-1.9771885567107574
-3.2707405649411556,-0.6755653376607678,0.5781636191074732,-3.8158100491855027,-1.958228134461454
-3.293246082967405,-0.6532943109009833,0.5421832643598195,-3.9108516902708725,-1.9414452492241507
-3.2999588238798148,-0.6169280202610006,0.4936463913180884,-4.012624985630319,-1.911348563936462
-3.3119022380334155,-0.6086227141083269,0.4678908795446146,-4.066541072296255,-1.8957500085015409
-3.3067707541738747,-0.5936347617706295,0.4486142628593335,-4.111465779873418,-1.8784500185571544
-3.316308693631816,-0.5713496314949434,0.4412889104918991,-4.14669103226776,-1.8675604012482614
-3.325517935922727,-0.5924701999815335,0.43328617032357,-4.171207707328759,-1.8557728627144296
-3.312230996488365,-0.5668988047111263,0.4044430234825043,-4.209600405223089,-1.852693467562236
-3.309482441855626,-0.5829419198864515,0.3867517188484286,-4.227983945864846,-1.84094448463869
-3.3060308840812183,-0.5742243081515905,0.3553009459027989,-4.248838252256975,-1.8203588100731838
-3.311930511245862,-0.55750387965283,0.32406771566762266,-4.289247992737199,-1.8222806584335909
-3.313603626540914,-0.5405578767720086,0.3320212312427522,-4.30392292493532,-1.8103251709188224
-3.3248340093002153,-0.5054832968337444,0.2839418771625151,-4.340216055840336,-1.7982098248669025
-3.318260020310445,-0.47678352771237564,0.26134671084004557,-4.387222448618142,-1.7752814354910236
-3.3308007810650504,-0.46816691738776717,0.2561251786816731,-4.413065908708544,-1.7541852763111505
-3.3151717617437795,-0.44326940855995905,0.23896376285038634,-4.409334182310006,-1.7355794160107676
-3.3263740738645717,-0.44378490677256394,0.224660692852493,-4.423084520377455,-1.744212161090748
-3.299800485414225,-0.48734604371701085,0.23580086446436863,-4.4111772459749234,-1.7242671914796233
-3.2954504738570525,-0.5349098631795298,0.2402800682377711,-4.386976770120626,-1.7299051296776884
-3.271499858331884,-0.5821265080361717,0.26848783778600005,-4.339465126375774,-1.7327764363579392
-3.233757918405927,-0.6135269301021073,0.27009170464198745,-4.279771907156932,-1.7538224078506035
-3.2206975511085787,-0.6456312130152534,0.29567853400305727,-4.203602304390514,-1.7912147364237543
-3.1998701019186937,-0.6796125152731183,0.3061693387119812,-4.127011640082602,-1.8130744538578656
-3.194421864760604,-0.7218470644794323,0.32480277791576284,-4.067059672787646,-1.8249401077049334
-3.1675031115341064,-0.758650196321961,0.3469873870561979,-3.976950702861665,-1.8482655944072959
-3.1421546134772917,-0.7901740320227749,0.365572425494686,-3.9104895068853764,-1.8625454577539835
-3.1296373360176304,-0.8249128483296223,0.3761830547579602,-3.8397078736365335,-1.8726922909351078
-3.121457845736392,-0.8549506836865809,0.3898830297441867,-3.768644976389115,-1.8945360959005588
-3.1021573033415333,-0.8817836993252984,0.40479527497409706,-3.692375943221394,-1.8915794937900048
-3.079817915124987,-0.9469275661783493,0.4207555271810741,-3.6094995023608876,-1.9234232526398498
-3.0506676083002913,-0.9758577839574759,0.44444095827140256,-3.5007543967957555,-1.9351711944563186
-3.0244833071662027,-1.006677868692711,0.48070245617661234,-3.3776175501097523,-1.9386118235705354
-2.9983820362477527,-1.0512663585260313,0.5052730221455473,-3.2738216274126484,-1.9558528693926724
-2.9720455962925736,-1.0923410337199213,0.5484593124076994,-3.175444798844806,-1.9706447324985965
-2.941290204769089,-1.116894400531641,0.5610598226007156,-3.0892603947224146,-1.9742196050832999
-2.948389708977055,-1.1310120610134358,0.5833845321594425,-3.013127890607167,-2.0005465376864215
-2.9505001674748454,-1.137929811387618,0.6112072004538781,-2.970873436263581,-2.024792093782788
-2.930103141606684,-1.121076115127765,0.6266798724332662,-2.940524457690017,-2.023367268454308
-2.951134086567816,-1.0981324456327262,0.6481933689777138,-2.952401563133394,-2.021188072714729
-2.967256688618456,-1.0639519707302125,0.6494073638031853,-2.9906366242248312,-2.031644221118901
-3.011644998202214,-0.9978959082835767,0.659473980863694,-3.0582260775420465,-2.039524288517215
-3.06609823266842,-0.9259123751662758,0.6566159744323489,-3.161459718910688,-2.0373647164859574
-3.1070530723907686,-0.8728853431843764,0.6539115555562468,-3.268032097309056,-2.0170956479181386
-3.158465787573659,-0.8228188247217415,0.6230112634212911,-3.3770275293958885,-2.0069373381955415
-3.199405265412067,-0.7728813919288482,0.6109084150489981,-3.494626599787357,-1.9716399374358755
-3.227636187463181,-0.7299929454430357,0.5827057881309851,-3.625305056806927,-1.9582414562839596
-3.253364904046679,-0.6902541870211809,0.5726925813130445,-3.7434748959399706,-1.9384093118649834
-3.285788215647517,-0.6519242248263383,0.53090687461167,-3.859234275553136,-1.9217462649570296
-3.299617180818568,-0.6258008000082953,0.5173193127846081,-3.948471539996808,-1.9006162296897424
-3.330843630991093,-0.6046582915988792,0.48463883661475743,-4.027439207710717,-1.879964909999717
-3.3412221200678753,-0.5836780673562387,0.4505089733926348,-4.113413966948701,-1.8774662761114833
-3.3383879424210505,-0.5698894307482401,0.41225967377308814,-4.149137067706686,-1.8614391487796285
-3.3369150697501264,-0.5452844201413424,0.3961407654974504,-4.1942549659210835,-1.8235301225742122
-3.327185832035819,-0.5540567700026228,0.37915887745280313,-4.235454984047105,-1.824845028550849
-3.333266293983388,-0.5470791790535617,0.359127594645673,-4.254868303837145,-1.8065009453756697
-3.32349048329131,-0.5399554671394862,0.3462246391496463,-4.276330476952609,-1.8042341094263106
