h0,h1,h2,h3,h4
-2.873727600597284,-1.6622769103489319,0.740414056114477,-2.5362010185914925,-2.128844120984605
-2.9409417253365677,-1.2250010261573678,0.6448519813637622,-2.843417966066968,-2.0622176255029214
-3.007708647021662,-0.9886515157149923,0.6064871342731029,-3.1064896188606554,-2.0231254010866926
-3.0997254162124315,-0.832663186242383,0.5824140635426415,-3.3372645533932372,-1.9888493694253961
-3.149893911671506,-0.7651018466410173,0.5551695923294644,-3.489237970241131,-1.9698806289789408
-2.975408029045427,-1.3564765671250492,0.7010651722364519,-2.9233874792965393,-2.0238729251228227
-3.0478769332468088,-1.077273100112525,0.6291169161483096,-3.187720081946421,-1.9814177780262718
-3.1125283916371522,-0.8882984185100772,0.5989149828999922,-3.392422622133918,-1.9851815629866227
-2.920405408807918,-1.4302280596373744,0.699449210573278,-2.828244007145815,-2.039606772671738
-2.746723968774433,-1.6839133850732577,0.7137719342946961,-2.3433440754270247,-2.0802435798220054
-2.855852696015213,-1.2322587139526435,0.6572272824258852,-2.7119683132248165,-1.9956859530850293
-2.697092423610188,-1.5563215154798695,0.7148325053693683,-2.2454585741509034,-2.0416490091333315
-2.843310673554954,-1.1493849600820112,0.6648923650831873,-2.6199821569476804,-1.9725739878570945
-2.95990806780763,-0.920322437997657,0.6477566175854523,-2.9564886444641836,-1.943721794380202
-3.0695158670130236,-0.796213366452596,0.6280851703581912,-3.207203959409526,-1.9339491781194929
-3.1375043749033877,-0.7256572584069808,0.5973554133796461,-3.404613401328698,-1.9431482004794374
-3.2135809562771045,-0.7220659638306164,0.5962619873567045,-3.571356172815245,-1.9643262480550698
-3.008328835843842,-1.3383390552002237,0.7102305576008167,-2.97653177298565,-2.0415015766616462
-2.8569255601769408,-1.6229844905426738,0.733333721906209,-2.476811531487441,-2.0953133186412236
-2.701641411343724,-1.7713511326459628,0.7333351587807445,-2.0378426379738777,-2.1247248193791393
-2.8176363151754593,-1.266892364968985,0.6669604992305241,-2.451935627620655,-2.028239791929353
-2.6885780974346596,-1.5687435608783202,0.71910375288451,-2.0609328783615153,-2.057116663072027
-2.8271365032364275,-1.1396783337386838,0.6814749334560969,-2.5115788588699615,-2.0007454252962558
-2.737452088145809,-1.4737012066232158,0.7679505291301819,-2.1138002000218616,-2.027767759184161
-2.6152630627877693,-1.6467636034247446,0.7912942914562339,-1.7645595223981072,-2.0464768806431906
-2.7694285252572786,-1.1712881996385927,0.7391098416193344,-2.2632979126990325,-1.9825329388747674
-2.682791280508217,-1.509708360630986,0.7931775251267862,-1.9011998426378294,-2.0257429601540475
-2.8236444570576076,-1.117490195817922,0.7587547877184923,-2.365840823897958,-2.0003694759022452
-2.74831700491656,-1.4864835333897666,0.8291038054619765,-1.9984973341703627,-2.021867095581098
-2.8817965906574723,-1.1131646406221472,0.7936617562277491,-2.4667668937905285,-2.0021701754597725
-3.0013665327125327,-0.915604136857564,0.7630918235122145,-2.8308069287147632,-1.9952512824496926
-3.111063532478043,-0.8076332836332131,0.7250702616428839,-3.1091310743462435,-1.996032740398536
-3.1773423093457978,-0.7739423872003839,0.7035303152947361,-3.325257276463687,-1.9870805133547813
-3.243167123318748,-0.7599129646841682,0.6687447402752172,-3.4894571137245167,-1.9990722064894593
-3.2617948147783844,-0.7571328237162014,0.6576749072249732,-3.6493032542431485,-1.9946911781675838
-3.067404864212564,-1.3958475366667689,0.7763703744997652,-3.027298175044982,-2.0752326945235153
-2.8861148280581874,-1.703309467210264,0.793479709538009,-2.509993203972891,-2.126364262650265
-2.949294013737888,-1.274224213289381,0.7114874997675703,-2.8303115653746023,-2.0406879485226708
-3.037711096747284,-1.0186421527951504,0.6572242023532463,-3.123170893525539,-2.0021224453067346
-3.1067727555960096,-0.8661701348681404,0.6119622393986492,-3.3343710936773303,-1.9719482092352834
-3.157504893878165,-0.8111380996496915,0.5948318949696765,-3.5043902037936174,-1.9617326998786573
-2.96312504036271,-1.3741440774716678,0.707236334819764,-2.919693897745587,-2.024371218208632
-2.7997865283385712,-1.6701667248206353,0.7507227571594557,-2.4226784894375752,-2.0883689659347238
-2.8944886256456046,-1.2419066490661461,0.6774962044737478,-2.777399270697181,-2.0214121630794444
-2.7596114916848533,-1.5684101635560153,0.733329819604281,-2.320625308040327,-2.0561595418630585
-2.878307760161247,-1.1460163588160737,0.6836127848525686,-2.7121042476847554,-2.005143955738819
-2.98389691627081,-0.9113960994647231,0.6364363495632775,-3.029116398070333,-1.963046255954183
-3.0811257802193803,-0.8171379130757912,0.6204165909161238,-3.2582494005397913,-1.9453388809713053
-2.9321204127090126,-1.3692572008617732,0.7162192158321962,-2.71964496111428,-2.039426959721095
-2.7936192815563796,-1.632302564717265,0.7671724593551472,-2.2692546497300228,-2.0844290834008454
-2.659498562714282,-1.7752712985539583,0.7768934510073013,-1.879841381125932,-2.0976968659065585
-2.8001045144406294,-1.2799295712940013,0.7399466965255121,-2.3307798530615673,-2.010027109834027
-2.6998902556696547,-1.5514807236861738,0.7611226749113725,-1.9710182489492118,-2.028075312598491
-2.8175406116949304,-1.1417063694080232,0.7355770035885771,-2.4368487093048796,-1.9847186845362867
-2.70717262363167,-1.4834527810809468,0.7918257981304246,-2.0348719914026536,-2.0289975773502174
-2.8649043119343696,-1.1130387052626942,0.7571467166650985,-2.481145734019718,-2.001593066821508
-2.986003012237801,-0.9144735723891612,0.7220055280595286,-2.8380903750105024,-1.9905233098451174
-3.080977163236831,-0.7987735992564045,0.6953937376572903,-3.1144816494754655,-1.96844208995068
-3.1751617655394426,-0.7717498911847231,0.6642181299829489,-3.3370964436998904,-1.968209053633852
-3.240394928055622,-0.7435834148880942,0.6311050835920754,-3.50909874569745,-1.9714465707079394
-3.0379546655190355,-1.3546473998834414,0.7591549266123713,-2.918679230718293,-2.044248994812528
-3.1086981042247825,-1.0562547883541602,0.6772229611720335,-3.16774838226418,-2.001565210427898
-3.166651657860814,-0.888913482307018,0.6467382421727449,-3.3681060659510385,-1.986362310839093
-2.953610862364377,-1.4244296529291036,0.7323330966950828,-2.7920437439939874,-2.051064434463193
-3.046091557063385,-1.0848243568910596,0.6618034771003786,-3.070172985928732,-2.0207620662683343
-2.8663969741514688,-1.5167540172235616,0.725862216181007,-2.5517748699849174,-2.0860518965726853
-2.7323152076720225,-1.712066352461255,0.742653926753961,-2.1226523520614204,-2.1274973642223696
-2.581016148601628,-1.8146900364463616,0.7763190314076207,-1.7420837612109261,-2.1071081839895376
-2.771908480565761,-1.2836122230760774,0.710826505953043,-2.2469154467460815,-2.0125202617398483
-2.6490623022023843,-1.5410869596911032,0.7699620188221168,-1.889350144771701,-2.029248818780456
-2.5266596814220073,-1.7123238889468253,0.7890546952065575,-1.613061870113981,-2.0339811450826226
-2.471078365359504,-1.7665655943448644,0.8292452747294595,-1.3461284248400875,-2.023854957465015
-2.4139410470161935,-1.7945507947996986,0.8409306940239689,-1.1140242632814183,-2.0116683584279555
-2.6323510195856397,-1.2725399920761016,0.8318608136752811,-1.750590945137206,-1.9701957810775965
-2.560992212320776,-1.5405328980907202,0.8631355237367478,-1.4957529976405786,-2.000731537074985
-2.522161706734366,-1.6699526042249695,0.8861040067287251,-1.265274280019688,-2.0178506652203665
-2.7132623667666858,-1.2213133387504782,0.8710249558208456,-1.8741114236380745,-2.007386776081387
-2.6508015044738342,-1.5233274995066406,0.9168425776361446,-1.5959490148434514,-2.028315139264478
-2.613706550663774,-1.6934053563319635,0.9328637587734945,-1.3432774388046267,-2.045050762185396
-2.5455261690971853,-1.7926604740463985,0.9343186424269401,-1.1430607274903288,-2.0773427811682774
-2.495395594014674,-1.8418379656399075,0.9734685998801891,-0.9661768739827775,-2.0630109815793864
-2.6924834159399444,-1.3213940252351626,0.9264452594469903,-1.6215007198706906,-2.0383800635049316
-2.640593015691447,-1.5904366716737623,0.9449158211900253,-1.383388541929892,-2.0578755334630223
-2.59542090853477,-1.7417473010880116,0.9617390652775902,-1.1847037830014786,-2.0769871187830216
-2.7779864045570353,-1.2710899715780808,0.9231978262402764,-1.804813424443324,-2.0510867258872363
-2.714289721545349,-1.5794149871482752,0.9584542165455472,-1.5496861445370043,-2.0755757009738884
-2.6650413806727697,-1.737400789793986,0.9683358490735887,-1.3015777634150045,-2.0882061574774884
-2.840290566393919,-1.2407704617299529,0.9415035092964759,-1.888423963303257,-2.055739027510232
-2.9763760830805746,-0.9921228348270312,0.9071534737017445,-2.381316268770213,-2.064891863799802
-3.098882838247078,-0.8518251620701085,0.8712243018313539,-2.771015900912804,-2.0683228981467168
-3.188667221609819,-0.776425621051667,0.8405465805157629,-3.06962003517124,-2.07990471780152
-3.251920428747136,-0.7567291681106739,0.7808282498182036,-3.31857060886991,-2.07224503538169
-3.2958647271073547,-0.7517844481684437,0.744457946621348,-3.47813629031884,-2.0612256829417053
-3.0894155579235245,-1.3775272107045566,0.8405699618037035,-2.9277568408873385,-2.119845780051482
-2.906261175204157,-1.7100784056105647,0.8617527502262555,-2.430649714351111,-2.189509572379836
-2.9978118223718617,-1.2824573200040192,0.7732251180161197,-2.7921949877835432,-2.1048509589793634
-3.0813893111886808,-1.0230243474732241,0.7021393754617374,-3.077470426868572,-2.0757469302944735
-2.908111542936501,-1.4899513118879915,0.7953473881741376,-2.5634671997681338,-2.1278378296030267
-3.007159290217405,-1.119127913774706,0.7301585186730066,-2.894303392554169,-2.075791637947352
-3.0957760434977417,-0.9343457035098331,0.6867816237441935,-3.1753019529231308,-2.024896826730168
-2.909865071748356,-1.4429032460502564,0.7826722674724971,-2.686613016642209,-2.082800005344756
-2.998948653103101,-1.1190274411793562,0.7292787447580587,-2.974071787296463,-2.039656912730141
-2.8318922620896503,-1.5091069140309563,0.7889155200569808,-2.473279948610524,-2.0942180410142974
-2.7060612418794125,-1.7299925864820163,0.8081244385987013,-2.068381996572662,-2.119472646324296
-2.8456042039592377,-1.2561794265508224,0.7402517201069576,-2.5058953160645556,-2.067325224904354
-2.707381628208296,-1.558053017648257,0.7743746177148403,-2.084555848757283,-2.082947668604165
-2.8433924285039045,-1.1529823028184325,0.7206016575816232,-2.5201576283561273,-2.0315495430862223
-2.9679211674896733,-0.9231256402370893,0.6967879322460243,-2.8894037852034646,-2.017122034108147
-3.0735587877189845,-0.8079788481855587,0.6851565859444645,-3.1503662548546556,-2.0047352418922277
-2.919466380982288,-1.35347516500085,0.7683891679398708,-2.637583404507292,-2.067259972311438
-2.7879380092184167,-1.6480304689833396,0.8064346303702707,-2.1966808222194993,-2.11245239375295
-2.9127390754989735,-1.204153276166406,0.7352358654424072,-2.5951228263275903,-2.0392051129684687
-3.0285334339720706,-0.9834247234043608,0.6819102498631403,-2.9215312484390967,-2.017828694353001
-3.1072018690365155,-0.8493184950504062,0.6513614605813856,-3.1831922482131807,-2.003064623849237
-3.177156101425347,-0.7906119983374769,0.6389171430676507,-3.4060592569447663,-1.995646416168574
-3.24128237631047,-0.7546735764941153,0.6240533145747131,-3.5511176604641754,-1.996710421278837
-3.262715324587884,-0.7371515077183765,0.6116250147827782,-3.696967398751768,-1.9716893170202494
-3.2942675374004953,-0.7219599258807569,0.5905585933980221,-3.791203773924653,-1.9693299811149665
-3.3260184154395582,-0.7323677591116077,0.5531068499470656,-3.8684208380586935,-1.9747367124361321
-3.3368959099852025,-0.7393736947775447,0.5305450758042418,-3.922356458353847,-1.9691973481511171
-3.080786217573945,-1.3712346957298618,0.6715910377961503,-3.2482812681268185,-2.0393660731604593
-3.12028018106204,-1.0597286427559103,0.5958126122926234,-3.403324439569878,-2.005552252364733
-2.9186962066122075,-1.507439631926734,0.6845584720965091,-2.816440387218639,-2.0809909679803007
-2.994050695590429,-1.1348325312252396,0.6162545869884545,-3.087333814447774,-2.0030160815409332
-2.8044349608629964,-1.500245725718949,0.6808873404278979,-2.555714918988328,-2.04544827850446
-2.654013602088029,-1.6781433205735758,0.7061975790996732,-2.121283695051413,-2.077985737491878
-2.7794928646181885,-1.2082028432649297,0.6324518633423577,-2.5423581461256863,-1.9960526643316656
-2.6768300436860177,-1.5073453242889454,0.711614380620792,-2.1220337623824173,-2.0252164893527067
-2.5781380674632506,-1.6425482247510519,0.7616071830434427,-1.7625182486009805,-2.0456399418118676
-2.749382724558342,-1.207635724047699,0.7202960199531905,-2.260839067995998,-1.9705426522109448
-2.875145277773449,-0.9460707280992459,0.6801451987291433,-2.677134845458528,-1.9596100964203982
-2.7719764524664363,-1.380889070740446,0.7645353400524206,-2.268934521569683,-2.0084531203419136
-2.660361770229492,-1.6261679173371515,0.8091750537198535,-1.9145479090921802,-2.0226298276548187
-2.8194290323264064,-1.1834038059402958,0.75686701910033,-2.3962543803412006,-1.9881756094844465
-2.9628940289413235,-0.9522697272234607,0.7216399608188502,-2.780191751094414,-1.9646199571024925
-2.8292701482350116,-1.4074205959374855,0.7953224388349147,-2.3417313605198418,-2.0281274307781323
-2.711987771954948,-1.6670843780476046,0.8509161876126218,-1.9611575511218762,-2.0579658001251318
-2.620025413735219,-1.7973056431686052,0.8473557794833922,-1.6131100209021694,-2.070889799112891
-2.5094156247159587,-1.8218151611308626,0.846336844625554,-1.341781835506395,-2.06017161587469
-2.4420658453334707,-1.8452626890700843,0.8826760154978964,-1.1271104097203906,-2.034953041767089
-2.6387012095154736,-1.3118213673806103,0.836650618459131,-1.7415638306839778,-1.9912822044658995
-2.589145834094946,-1.575361039249728,0.8815790226382985,-1.4983023676611744,-2.031810415764401
-2.5712076787721694,-1.731929298014132,0.896891153580372,-1.2674100236976065,-2.0481202729682955
-2.508701156240588,-1.7899313406141932,0.9173526267857821,-1.0685992820252326,-2.0547168106300404
-2.7172733597340164,-1.2763603359906552,0.889617188687425,-1.724963118216234,-2.016011902599862
-2.8735916773532666,-1.0037104642644965,0.8684652170954043,-2.231123988207631,-2.008818134841673
-2.774809938894717,-1.460149580572688,0.927386479541487,-1.8980829320186494,-2.0536782685738784
-2.696747447149836,-1.6902620115651232,0.9382224319233,-1.6251946209433428,-2.0817665064672344
-2.618126689466617,-1.8089764089226472,0.9242472590081471,-1.3815467778340151,-2.0844898099232316
-2.553095658249913,-1.853914369716602,0.9310536791702143,-1.150100172998238,-2.0811016687882726
-2.4895651362312115,-1.8631474462420263,0.9304896047187087,-0.9800716848491187,-2.0625229944063643
-2.432353058670718,-1.8666655601450268,0.950725515837782,-0.8272928199305046,-2.0435886990265524
-2.400047750668187,-1.9016983433017332,0.9555964426813284,-0.7136802387868866,-2.07255691284812
-2.393084646033047,-1.8883756667113243,0.9860383830038179,-0.6012436496802007,-2.0633051360635086
-2.616656801495467,-1.3411413067813407,0.9751571145118112,-1.3351448436510105,-2.0582049365986785
-2.8075392209423784,-1.0325362966230036,0.9521310697570825,-1.9321525421846664,-2.0453711143197237
-2.9658292580074117,-0.8698671862475753,0.9091643881116972,-2.407270470277551,-2.049530241694485
-3.090739157262521,-0.7975145811567269,0.8780721041276446,-2.8185098936029194,-2.050476943303875
-2.9664429784674904,-1.384237682231049,0.9364423428625321,-2.409490691610108,-2.1085849463907596
-3.0617850330457967,-1.0894274803770239,0.8702662296422143,-2.780326840581506,-2.0794388383644344
-2.9286413587294517,-1.5194523775139688,0.9018695249328591,-2.3347277330595366,-2.140871404351982
-2.783941257495506,-1.748180486814275,0.9220258497727895,-1.9426022053918879,-2.1535881980464633
-2.9161403572981905,-1.2950863344390964,0.8531008260952286,-2.3671570346181863,-2.0982649294153233
-3.0386156855876343,-1.0205505712075862,0.8015800113103675,-2.749478283832129,-2.078603031777463
-3.1209537043696804,-0.8758518776987788,0.7762054221072343,-3.0548083025303123,-2.0341157266951715
-2.950194058932934,-1.4118803045330763,0.864130100616968,-2.5799949284183628,-2.0882679851387915
-3.048907950692489,-1.0928465778435539,0.8086935633787594,-2.904101375324369,-2.075459034493811
-2.8855554274366315,-1.5140890639388291,0.8598547433781561,-2.4206037061169527,-2.111132981784692
-2.735126378765999,-1.7028706028348946,0.8590416999952959,-2.0157777916549624,-2.1333196197729545
-2.610850242651999,-1.8093610721545268,0.8598095199366853,-1.6644830575771254,-2.1347432817313
-2.7799074311378353,-1.269011416514624,0.8030381729893085,-2.180173661103142,-2.079990920178969
-2.6828283760597462,-1.5673816551120585,0.8467985410714803,-1.828085286118083,-2.0954674883453954
-2.585129061568961,-1.7237319984420845,0.8786805204333732,-1.5236587726695614,-2.117493135314366
-2.524758891180457,-1.7997466337451653,0.8940144100720212,-1.3144262466149799,-2.106425615987963
-2.450659461666103,-1.8494184572165695,0.8947392001963191,-1.1092609310850856,-2.0938981692606387
-2.406285832510392,-1.8528088535218357,0.9153184044592898,-0.9054234068837734,-2.063905384362406
-2.624667546373692,-1.322631032461692,0.8961096842463113,-1.5792605244494258,-2.026276780558167
-2.589477925398863,-1.5991331563801106,0.9240089653050958,-1.344322593805764,-2.0355079105524654
-2.7865141896496484,-1.1751733876089137,0.8987273137288009,-1.9427287391039108,-2.0156606854001224
-2.7157328815959634,-1.5097361747965508,0.9333536603834265,-1.6630045498986983,-2.056610006980088
-2.8762039739751084,-1.1565527099676407,0.8941609705208889,-2.187894805412813,-2.042661381302044
-3.0138828516511533,-0.942860578049375,0.8537808289714477,-2.627520625163802,-2.031941657903327
-2.8944825708123454,-1.436920029043594,0.9100484308020311,-2.225987535027982,-2.070808022593752
-3.0085419198168974,-1.1252533617697942,0.8614434434846938,-2.6309552345473017,-2.049491878859047
-2.874510541830058,-1.5233513435679071,0.9007543467372088,-2.223886696064652,-2.0938378737645227
-2.9740136377189574,-1.1618278797892092,0.8419019133065038,-2.627632791431701,-2.051080391887677
-3.070027644218162,-0.9651045387932982,0.7789182189842356,-2.9514487580401747,-2.04782954494085
-3.1510626540380517,-0.858084647025371,0.7408103327581501,-3.213582998461846,-2.0363675376701575
-3.2085084506183437,-0.802550910296909,0.7110607714654753,-3.409797395319578,-2.0330945138896133
-3.26841276598416,-0.7776779187439073,0.6716118492017072,-3.5728124033261675,-2.036359648931492
-3.0693598673914093,-1.36142188482498,0.7844509638929742,-2.971018718978391,-2.0873101924017687
-3.1364169644302464,-1.0823649099284016,0.7147284527889827,-3.2087720603596184,-2.041862824670145
-3.181170157865048,-0.8893874430389066,0.6574543689933209,-3.387608962963139,-2.0128336073494557
-2.9597226342281773,-1.403444419673335,0.7453680204979123,-2.801338253127899,-2.0805205578438324
-3.016332345943126,-1.1077673532689885,0.6992360025292799,-3.0666262398195703,-2.0253668851784608
-2.8431494794670993,-1.5131999998264507,0.7495792530163152,-2.563620507572619,-2.08505081294978
-2.933900681489987,-1.141788553873252,0.6704227672212647,-2.88402307930017,-2.0077647254758033
-3.0112360521425403,-0.9156573606919124,0.6272758461558756,-3.1436493615696532,-1.9808127434208642
-3.0902886019597133,-0.8189874778473741,0.5967248610714415,-3.366635754441092,-1.9731805962648046
-3.1645454478037633,-0.7715055716356827,0.5921554923791128,-3.536842091376042,-1.974220905875253
-2.9569972508948137,-1.351759869471673,0.7164915653319484,-2.9667946916386834,-2.037100136729583
-2.7845606451557448,-1.659550998476289,0.7674641894261014,-2.450634886105099,-2.08162167167346
-2.88258306627839,-1.2247588330216819,0.6943847749553302,-2.784543710105974,-2.0097423886414005
-2.9787309645866396,-0.9981205244523794,0.6606259137368664,-3.0813698881800025,-1.9926158174367457
-2.842572198673152,-1.4425992549098878,0.7352344514660578,-2.5640323017681235,-2.041969386152202
-2.7184336970817955,-1.6786643673055832,0.7618148990757729,-2.133555576821489,-2.0716368136760486
-2.851083216071528,-1.221056154865084,0.702974656515181,-2.5457512862708875,-2.011412953464465
-2.966535088994432,-0.9546514388669693,0.6369795606826267,-2.895314463593017,-1.962942189180724
-2.816873630842391,-1.4101760003810904,0.7331605672762849,-2.4303282290656076,-2.032137227813561
-2.924537356914604,-1.0791440641031111,0.6693628409012983,-2.785089474524716,-1.9994214487875808
-2.777380109056529,-1.4779189399545978,0.7431793407709142,-2.3281722467568375,-2.0380484955399214
-2.9037202782541334,-1.1216797797828433,0.6977102586038626,-2.6912782081465845,-1.9956277719171127
-2.7769544313477965,-1.5067185193439603,0.7548643878592263,-2.2646659075862914,-2.0332712504648125
-2.9046095422574254,-1.135832567357152,0.7176036610917347,-2.669782093302515,-1.985949646066043
-3.0186653509305943,-0.9382938801173942,0.6784062532157039,-2.9905425585296905,-1.985078349895611
-3.09774542718866,-0.8307278830770365,0.6592801583808522,-3.2320741689938024,-1.9802110294908584
-3.170580166328807,-0.7877034215730313,0.6375149403847397,-3.4341634983423535,-1.9920394467546212
-2.9962146678457713,-1.3678386547492696,0.7343894843186417,-2.8528332691603326,-2.0475149090589295
-2.8372202722079507,-1.6524512939317972,0.7754665010257813,-2.374790833151916,-2.1160030881222602
-2.672237358211547,-1.7967992291205124,0.7730625845670053,-1.978082904125968,-2.108430970863089
-2.5315940051782455,-1.8672059112140655,0.7656667663123464,-1.6355887451812785,-2.10109421793587
-2.4429974105611505,-1.8812652615081615,0.7694158078444261,-1.3414528950818816,-2.066657273816248
-2.399557418466423,-1.8676129366649494,0.803839151856325,-1.1156953513739911,-2.0763761668895335
-2.6070651700675227,-1.2979572688661494,0.7832863409093329,-1.747625558654799,-1.9974080514344048
-2.8072159480850014,-0.9792317621539681,0.7667364884489206,-2.269900407244139,-1.9920433526154055
-2.9586395660866227,-0.834777107767144,0.7572177345089149,-2.681888972040219,-1.9862609164754084
-2.8660963179395447,-1.3556826813901368,0.8264664197024085,-2.278488926862446,-2.034897193272319
-2.7498857152116263,-1.6299327403409392,0.8560964282565288,-1.9169419090035869,-2.0674831569699452
-2.6274875394535187,-1.7872928333549287,0.8780653744472736,-1.5982253957823105,-2.078907084474786
-2.5408973497213525,-1.8606564991880943,0.8605678798478259,-1.345523082132028,-2.0922864086422055
-2.469697473960379,-1.870149041490011,0.8850757878176452,-1.1060666147357132,-2.0842341307797976
-2.675826122810101,-1.3321478428897204,0.8648013600882772,-1.7342040847409164,-2.037072960026901
-2.8487179111979595,-1.0218723891201769,0.8447125051513825,-2.257730513624102,-2.031141562512283
-2.754198370776486,-1.464053662365048,0.8921643947027068,-1.9503976052268845,-2.0577191304155797
-2.6917086275363036,-1.6825977942356456,0.9093952233929152,-1.630859752256499,-2.08256171875226
-2.5989827678699435,-1.803952925457877,0.9220326381775192,-1.3597365379572792,-2.105894175100214
-2.7995745659364326,-1.30977426656983,0.890409312504803,-1.950392124827141,-2.053659343791411
-2.7099053209510457,-1.621477331380783,0.9154409512991164,-1.6660727997246434,-2.062632162787043
-2.8768673921264116,-1.1804028246883604,0.899691979261813,-2.1693606842769557,-2.0528711848625014
-2.7972744637633986,-1.5392065854286363,0.9369315329623842,-1.8456784411741394,-2.0879439848632058
-2.9298307065098883,-1.1631883136764418,0.8977015423419772,-2.323773779420344,-2.059859799464395
-3.0663675784404125,-0.959734659184657,0.8454069601369328,-2.7169624904987835,-2.0589187942031297
-2.9366548238409003,-1.4491503918521373,0.9047352059395062,-2.306641439932232,-2.0911138650308536
-2.792175102676201,-1.713001596488331,0.9074137097948297,-1.9469964197476444,-2.122743739851899
-2.6626898160950083,-1.8427772103627933,0.9065371699515122,-1.6278573174276278,-2.1202514906214653
-2.810537765335867,-1.322253607928449,0.8436591385443589,-2.150338714325408,-2.052880203295041
-2.9440005409978016,-1.0201647362488635,0.836827658409048,-2.589408260652206,-2.0252170436096617
-2.8188744258762406,-1.4705258175825597,0.8844444560270358,-2.1760904317539884,-2.087064348471484
-2.7246905034113915,-1.6842939759755218,0.9009769773107379,-1.8161627996356453,-2.106044220935368
-2.6316443973156867,-1.8086214632703859,0.8914442109115327,-1.5110456156552174,-2.138006130590664
-2.5588836484557422,-1.8496659683411616,0.8991779432277347,-1.2727703229286114,-2.121626756440149
-2.735682059277887,-1.3097774919571294,0.842340206053655,-1.859699838014739,-2.0572797052872955
-2.6600231731997375,-1.572502650778066,0.8827423922478311,-1.570671231176942,-2.071071703999909
-2.5788875832947653,-1.725349359852817,0.9197486301231536,-1.3399644432778814,-2.093698979610662
-2.523857379249861,-1.796132757287793,0.9447677776304406,-1.1499332254548122,-2.0764480830600975
-2.726482085099324,-1.3009387000477377,0.9138962493057828,-1.747190684133963,-2.039003559976412
-2.8860407534639485,-1.0086423302442629,0.9031041064652555,-2.2825020848158153,-2.033805742884116
-2.787342990531814,-1.438684260723923,0.9345958859758731,-1.9437134389019324,-2.071471471513284
-2.7173386424559807,-1.6665054276075764,0.937173327248754,-1.639879362135455,-2.0972517442145566
-2.630382806404725,-1.8071654017308545,0.9183663522349286,-1.387215573908995,-2.0894732538038734
-2.549076247865772,-1.8798713509104308,0.9230528607059533,-1.1622593042487521,-2.0905042750871505
-2.7357184059604354,-1.356842612586013,0.896351729010377,-1.781336624956364,-2.0472817382576647
-2.6404669359512973,-1.614495992400837,0.9298805095259597,-1.5144074068676767,-2.0478675489674663
-2.5958731689245482,-1.7567519655211277,0.9436308574370948,-1.2816861073349493,-2.073951981782121
-2.5365842517697152,-1.8548859410037248,0.9696561091037965,-1.0706106166913076,-2.067108709355171
-2.7402156318857505,-1.3262620855525948,0.9382083309510915,-1.7123415639911537,-2.0515562865307397
-2.6824209920864783,-1.6256954994834534,0.9623666597872214,-1.4646343939104205,-2.0652485600684343
-2.60406360121521,-1.7586408557818762,0.9595078680982049,-1.265654051125353,-2.0950380881843427
-2.539115338569031,-1.8426895366613811,0.9688375025231888,-1.0558277529449134,-2.0753814800879535
-2.497397522046213,-1.8775255012535492,0.9809840235255951,-0.9064477517883658,-2.0731080670633384
-2.449340266543494,-1.880008250470061,0.9800575497765945,-0.7525015672416281,-2.0720037832359552
-2.4165111321220403,-1.9003246660544513,1.0088953566513243,-0.643300010632593,-2.0725501949835756
-2.649108904912548,-1.3418616526971174,0.9962728542501657,-1.3722880504459445,-2.0542841975443396
-2.8437167467783624,-1.0292676346826313,0.9807778436905923,-1.9629647464371054,-2.0530435559558593
-3.0045311332685793,-0.8615825110906371,0.94193510018677,-2.434710732649539,-2.0726888513156814
-2.916080866573153,-1.3876191782568974,0.9897747087873863,-2.0864865857579957,-2.1196375663328753
-2.794596270539306,-1.6784623057539516,0.9889718021609428,-1.7496470132655524,-2.135201325369148
-2.7011739602804763,-1.8199298283807,0.9811292947636375,-1.4599737474472192,-2.138953004055244
-2.6089375875012917,-1.888047980108781,0.9727460767490703,-1.216718851824134,-2.1111245302179653
-2.783894954163137,-1.341230234256217,0.9226681260715865,-1.8274800176954167,-2.0600344433160744
-2.9590804923952336,-1.0176642947455665,0.8991635498934663,-2.326196566075031,-2.0461056323436497
-3.064639208869918,-0.8648038481011171,0.8791068840929623,-2.7090431252994307,-2.0655166932377464
-3.1753521351255616,-0.7758741667654567,0.8479693804183964,-3.029104041953088,-2.063225768614186
-3.2349840945935213,-0.762440172620781,0.8056675547942425,-3.2941040118242806,-2.0639112735194063
-3.28756888219454,-0.7541669824908014,0.7641494734603085,-3.491674602268201,-2.03853707791406
-3.081193707656457,-1.4173018548093708,0.8619802478341457,-2.9357719432964866,-2.1233605919774075
-3.1080393954087038,-1.1214322349113985,0.804375577055864,-3.1829647958478846,-2.0783962793761575
-3.1415382543425894,-0.9511260344832625,0.7317846282229482,-3.3949559390179007,-2.044835067258009
-3.2009355165869215,-0.8538574729129523,0.6657260384459995,-3.560873489298736,-2.0042616974091727
-2.9840627367063024,-1.4388051588296655,0.7640419512808905,-2.965673614161086,-2.0795946995784362
-3.0552389044520156,-1.107207870737356,0.688410656066935,-3.1973600762376426,-2.0463004161816443
-2.8837725275396613,-1.5413836037771131,0.7563547290887788,-2.6800885165476336,-2.109052750508874
-2.994918469643858,-1.1512312222808387,0.6790024598527673,-2.962753783825082,-2.0499547244608918
-2.8130635012021568,-1.5404472658369943,0.7525862285151056,-2.485955022063487,-2.103405769561325
-2.6776117863075397,-1.7373481280717173,0.791664175979429,-2.0639180363359895,-2.110749631735775
-2.5387984329942954,-1.8166405757556388,0.8125374771510844,-1.7266932816287535,-2.096216684181724
-2.450200228896888,-1.8487292807796418,0.8459555197817226,-1.4304228242135364,-2.106509310287638
-2.3753042412874024,-1.8644413066501897,0.8619681287528519,-1.1852738783335266,-2.086350947813343
-2.6152137766137025,-1.3048039924530026,0.7971101349291082,-1.8043088001005432,-2.0046231253260776
-2.8005134276556336,-0.9996075239167341,0.7679494169434944,-2.3271696821906507,-1.9879574360801229
-2.7191025311283883,-1.4213529647592702,0.8345514187587888,-1.9742771265374313,-2.0244711699417017
-2.6213571858046523,-1.6623564537335418,0.8611121549255827,-1.6734818583349176,-2.0419626978676413
-2.5502461720552874,-1.7916644393974315,0.8825958202166129,-1.4168031607756875,-2.058636670408081
-2.73485982351212,-1.3028099903692512,0.8439763244672341,-1.9894217160836893,-2.0060175534989577
-2.6705742142019195,-1.5964985947344368,0.8819154840951119,-1.6939769847505248,-2.0679346564651637
-2.8327127703702044,-1.2038735254150983,0.8391978176543721,-2.2127116499212836,-2.026060906084586
-2.7543736122434805,-1.5508008742199915,0.8858572771699542,-1.8711938647256239,-2.065905231635593
-2.6518605853631056,-1.737977427417244,0.8866236241340193,-1.5784910213893015,-2.0841455277725514
-2.5783193970089364,-1.805584286644896,0.8948429934149571,-1.3171780989129989,-2.1021612417977016
-2.7541371698863406,-1.3090093023004794,0.8545049565990143,-1.8851640534965513,-2.0664389402751837
-2.9266415140536823,-1.0208559632513154,0.83903704853788,-2.3735924702454527,-2.0361068803514883
-2.820382443110133,-1.4697718998773353,0.902100163335471,-2.025517773288225,-2.085711459891855
-2.709578423831,-1.711706870950518,0.9218918643841525,-1.6953964499035454,-2.106025825579249
-2.629029248863758,-1.845462301601255,0.9460942584850133,-1.4053722811882265,-2.1210272934629923
-2.8011079028753083,-1.3277608357540276,0.9067507239727091,-1.9790685471175216,-2.0649867127923804
-2.9431340911308963,-1.0541258969992713,0.859356539461416,-2.4484061170594855,-2.056093810120952
-2.8244204412402882,-1.477022907595089,0.9024850477840515,-2.081200927761113,-2.1130078600155002
-2.976706504456198,-1.1250777041596587,0.8517122598907517,-2.548965123271484,-2.0628977759668317
-2.860072074161024,-1.5288696728342877,0.9044603918955372,-2.15969952936816,-2.109529500969684
-2.979342991628213,-1.1531975559931131,0.8538838287188489,-2.5596945736613836,-2.076724672568723
-3.0866777589917556,-0.9530192313979822,0.8127108724170026,-2.9068299172063456,-2.0568133237620327
-3.163507192589924,-0.8235450751503974,0.771981858404635,-3.1859905925856955,-2.068511411467567
-3.2328437451086387,-0.7819365333246584,0.7248578601416045,-3.4120513165830504,-2.049035129663399
-3.0333074596200804,-1.399929038164401,0.8128179019666592,-2.8442223115306837,-2.102706639572235
-3.0965332644641577,-1.0962524066517003,0.7492533133759378,-3.1238308500709953,-2.066543896978354
-2.9295316645234486,-1.5164414624765556,0.7938561188569729,-2.581169021749849,-2.122338773667472
-2.7651289432725155,-1.7401772798501396,0.8102729283014398,-2.1408190603704713,-2.1504432251309344
-2.8895079335838627,-1.267143492180814,0.7379044148968904,-2.522369506951628,-2.0900270296639674
-2.992054799736209,-0.9847548271797048,0.6853414125911588,-2.8688809337858547,-2.0261728767296745
-3.0731148124823613,-0.8280783307815096,0.6581868087593675,-3.1542454643574933,-2.015448650138614
-3.15028230860701,-0.7660197993210401,0.6386035392414087,-3.3726597078170766,-2.0011210705700764
-2.9740317352101777,-1.344990350428854,0.7455201942760301,-2.8139974358549082,-2.068339715201286
-3.05852475900016,-1.0596172836339148,0.6987771389232427,-3.0932186114068076,-2.020388459547434
-2.8664403545820436,-1.5028902393408983,0.7664914365199956,-2.5800690653200373,-2.0990306474886253
-2.715750788755006,-1.7197467221130314,0.7856806888336713,-2.13771537167646,-2.1332996511052515
-2.5917197169859327,-1.816246202290494,0.8210056086180427,-1.7724879401866238,-2.132451366071276
-2.7429881545341503,-1.2897862750169318,0.775576518152582,-2.2712678301043177,-2.049541931757055
-2.882056842912188,-1.011750808169233,0.7357109518696047,-2.678047680188023,-1.9989410445110982
-2.7483725737498395,-1.4556708697615568,0.8057511861868975,-2.2730366794110966,-2.0253799919055413
-2.899174405990653,-1.1021157033427884,0.7593191951097217,-2.664619591879291,-2.018583796853603
-3.0085090436138473,-0.8941564030978566,0.7390805567186963,-2.9935334177492114,-2.0024794701494364
-2.851865747937449,-1.4057874147770852,0.8197269196184445,-2.5469745726671924,-2.067047334213907
-2.982272099966989,-1.0940741347638374,0.7658067737588466,-2.879684679460099,-2.02944322829549
-3.08676929865699,-0.9229631127840942,0.7182599327339467,-3.1514206840229515,-2.0156760128821625
-3.1571434857588665,-0.8176149604977027,0.6929207120746821,-3.3480416759733616,-2.0030559368317737
-3.208319867944893,-0.7747286220776597,0.6436462410473687,-3.5306715782096654,-1.9863582149192551
-3.016469051204262,-1.3804981568318861,0.7450448809320735,-2.941732850998512,-2.069230328936631
-2.8456808839555543,-1.6770898689696114,0.7747825757165562,-2.4429854247376643,-2.127038095046686
-2.7105043104898026,-1.8055869179118424,0.7716366927703602,-2.0234006605240196,-2.1181698814122343
-2.8356250352740524,-1.3052780796759456,0.7129743628199934,-2.449472775228323,-2.024059582473974
-2.9401356337737274,-1.0035479970738428,0.6818265361053115,-2.7867323609422043,-1.9831784992102692
-2.7979662635829463,-1.4419496621620818,0.7520338372756404,-2.3633513295961577,-2.031551858496943
-2.912518914261116,-1.0901469908261683,0.7027735963692966,-2.737507099862909,-2.009069444319005
-2.794092366093976,-1.4865853887120783,0.792317630928391,-2.3227501218376503,-2.0546299322680834
-2.662711070083215,-1.6944805915029373,0.826482463919132,-1.928017612577619,-2.062312922697792
-2.581023520049367,-1.7817277818703907,0.8288707979939184,-1.6073149257035977,-2.0656577594400547
-2.4868377840609224,-1.8271366927601729,0.854649922058518,-1.339917353922969,-2.0630156597827716
-2.4256577849575063,-1.8357262697282595,0.8677461207638623,-1.1293675297211048,-2.049155771227673
-2.390592934333364,-1.8371853980154538,0.883706896996538,-0.9323382981621928,-2.0279156818246458
-2.3337385446604264,-1.8471237280065564,0.9176092667582104,-0.8053947760465988,-2.007668948820523
-2.5894082207970257,-1.292301512356026,0.909822166608498,-1.520437552990259,-1.9715580443611354
-2.788741938919938,-1.0073514571620297,0.8883829126260622,-2.0916070817730605,-1.9676261792759904
-2.9673845467267173,-0.8446998390160741,0.8592596705913316,-2.5375993789980136,-1.998654520775944
-3.0940496354853706,-0.7760898635399828,0.8444574230737898,-2.8980531584258262,-2.0041714556323647
-3.188112216502555,-0.7519387341405442,0.7826454603411377,-3.169030334226722,-2.01070769175956
-3.2518993066974184,-0.7506926311355004,0.7641973890704127,-3.3875576314641496,-2.023573521748393
-3.0620907980009617,-1.3793398452403167,0.8333585170010216,-2.8473520491036095,-2.084238561415715
-2.8892544609243442,-1.7107700824202716,0.8443012921065458,-2.359411294822223,-2.139100339351571
-2.7312940571108437,-1.857243918594134,0.8458368357071019,-1.9567247508695107,-2.155483903203654
-2.582175967600367,-1.9000272907511033,0.8276736531089496,-1.6318227820531255,-2.1332463180695647
-2.7350242034944343,-1.358113862888046,0.7612437350937484,-2.1431962888044227,-2.0561485854291295
-2.6341936694146018,-1.591966210890799,0.8023181943235341,-1.8005753254916097,-2.0662620700661622
-2.8175008135968986,-1.1813244829529175,0.7712860101544239,-2.2759368820603636,-2.0260381386391177
-2.7239092941878638,-1.5116517618985696,0.8485426499330089,-1.9229683494524368,-2.0557520937126266
-2.6233984342236942,-1.7409137747951908,0.8995181773688842,-1.613735152341988,-2.0710200877701057
-2.8061184086178614,-1.2601791804207625,0.8654061526585075,-2.1649309353482313,-2.0213428499868926
-2.9626483814275413,-0.9884087590355742,0.8282606169658702,-2.6084301082168766,-2.030176916758015
-3.076233281701168,-0.8482336747836854,0.8180961321677858,-2.9302235042235156,-2.0024656659205773
-2.9284167345142826,-1.4111244670016794,0.8930518801807127,-2.4756030304781897,-2.069125757936972
-2.8026418551685945,-1.6862785338674804,0.9388151363280147,-2.0964097447879113,-2.0954163653706237
-2.9276681636315898,-1.257614539616536,0.857790802521782,-2.546165296075719,-2.054015603941226
-2.772396802396442,-1.5870154270882868,0.8869641439005314,-2.1272340151081672,-2.093685565816978
-2.9066465932011893,-1.1929467666624252,0.8190551523498389,-2.5600942571323637,-2.061644894596961
-2.7827368052476986,-1.5439473414468528,0.8608107059406472,-2.1718239347224064,-2.1074762028388245
-2.9091216964275324,-1.1579314063863133,0.8159719398599463,-2.5871203374964082,-2.06074035614483
-2.7845982827872486,-1.5306298633861803,0.8577321395191567,-2.1749961512592293,-2.101818928222418
-2.9072578076038917,-1.1438112438505923,0.8070648180227854,-2.59901675359402,-2.079256770765765
-2.785099650778945,-1.5326262099731376,0.8613534084287138,-2.1800794358201294,-2.1031507117359443
-2.914280012360017,-1.137242116519436,0.7991119962877475,-2.592453701579156,-2.061782264112279
-3.0251538150572,-0.9465874567795038,0.7611846474985827,-2.940146138579226,-2.0407285047885955
-2.8715409721611427,-1.4319825910762074,0.8203943079282571,-2.4710906496400318,-2.090922306420301
-2.7481884582169522,-1.6921622007003754,0.8441082011057297,-2.066340434082144,-2.1252134415545223
-2.624167764558877,-1.8063005013283149,0.8495277422608516,-1.7075137674015548,-2.1055365396268884
-2.5354499029896562,-1.8641998430551792,0.8844876732287925,-1.4230524618258318,-2.1000129705620383
-2.4605511834075258,-1.8892512616532127,0.8798426012700096,-1.1811942105672752,-2.092260673771059
-2.653325542893227,-1.354311968438406,0.8584219844631816,-1.7984871122066428,-2.0465298705145694
-2.845908299525105,-1.0202210016181148,0.8292343147413199,-2.2929495468040937,-2.014373896109112
-2.9779342702097793,-0.8671372304933652,0.8000652608924119,-2.697767667354736,-2.007138845315249
-2.855181631080049,-1.3858298661193384,0.8762464169976536,-2.3284802909316102,-2.042538579720913
-2.7575633866495792,-1.648733120803556,0.9090774065595842,-1.9600599224978679,-2.0856631982931426
-2.882034275636787,-1.2314551229706983,0.8654158708804582,-2.417519601676202,-2.0584297812719328
-2.7539934183662385,-1.5682300816322559,0.8961171202379962,-2.0522541791257605,-2.1033089482467306
-2.665310687196501,-1.7384032246467425,0.9177852685180561,-1.7136762427644092,-2.1214363624654338
-2.8019001181044927,-1.2711164422488983,0.8366385491459176,-2.2140394688272664,-2.0584795231720587
-2.9371104031111224,-1.0050936915984858,0.8127886184121091,-2.607664816481358,-2.0240247171867005
-3.0625874842543332,-0.8533578263518715,0.7676021775248337,-2.943181096657308,-2.004798127462392
-3.159759193996204,-0.7784575465551924,0.74736148374679,-3.2077412789921413,-2.0280811112051693
-3.22926886932801,-0.7388002219306411,0.6919201873918633,-3.406366418635719,-2.026798369459962
-3.0578570158995833,-1.353586044539022,0.7832469976293113,-2.851709080089573,-2.1050231160360076
-3.1262331265273238,-1.0861349820551387,0.7245276827664929,-3.114206135534618,-2.0805888075875285
-3.1787915107274003,-0.9058521267753928,0.6646030406974832,-3.3493304635275023,-2.081202075232947
-2.972565172994688,-1.4298748886777226,0.7714336529748502,-2.77873667183772,-2.1087020364909015
-2.830049544944381,-1.7106798512653667,0.789982783564456,-2.3227960738631164,-2.1557359498648667
-2.9339650906616774,-1.2496633849948489,0.7086038255756545,-2.70548934218553,-2.069524184698353
-2.7694374211493633,-1.5769295375577363,0.7628753332549812,-2.253436435584784,-2.1138410558018035
-2.8871000869689656,-1.1682406733207564,0.7086954794537492,-2.6357361286838175,-2.05126995443784
-3.0098184304019453,-0.9517590932399667,0.6742285172024954,-2.971686142047035,-2.022730130427927
-3.0947170382170492,-0.8293392524005688,0.6478740655128656,-3.217538682926286,-2.002529923533336
-2.932819411346441,-1.360661434968883,0.7420469792937138,-2.676072639010774,-2.05632225430173
-3.0297272114527396,-1.0617502028031245,0.7126664458956101,-2.981067181295859,-2.027249647226741
-3.0991549826615836,-0.8934369808403264,0.657394845611952,-3.223803356139103,-1.9984096674607674
-2.922857733501853,-1.4104416569198002,0.7548986509117371,-2.70179325180086,-2.0416328918384163
-3.010561564496436,-1.1101034216691261,0.6882302061608924,-3.0118274464514436,-2.007436018550602
-3.0678863000348437,-0.9264482237647845,0.6621684178123961,-3.2383934087356057,-1.9894872589598194
-2.923134894703553,-1.418333391652622,0.7282360001801053,-2.7279193236218036,-2.0535082234273574
-2.7719785167965854,-1.6777120935647565,0.7861944260753723,-2.254744200686406,-2.0953299375406673
-2.8736230194532997,-1.2401192027976875,0.7172558657235708,-2.6350304067051447,-2.007104449589741
-2.75173341590988,-1.5316809833066543,0.7682980956309202,-2.2048993105856214,-2.0462619880023296
-2.8519466810085063,-1.1393675848607479,0.7197611043647828,-2.598379992429255,-1.984336435791074
-2.9754929457160544,-0.9242799707343137,0.6676550259854013,-2.941924327133296,-1.9762326386348656
-3.0634570213692456,-0.8034012836317961,0.639676611281117,-3.214295598971544,-1.9699383087721016
-3.133086263532299,-0.7291615370060808,0.6245455175997232,-3.413520425730592,-1.9535618020984107
-2.9582033634321996,-1.3562293599287112,0.7392430971480369,-2.85924352442036,-2.0427742283157473
-3.050692016766422,-1.0962775015929964,0.6983758079403396,-3.1299543359595385,-2.0197508081494338
-3.107986478032328,-0.9208623446825758,0.643975083502771,-3.3439218230387278,-1.9865377935155129
-3.161568017446644,-0.8451285634031218,0.6162466554720255,-3.5075503484625212,-1.9872357252894195
-2.9848374001430824,-1.4247490809826304,0.7259444798087026,-2.938534176199866,-2.0685229198405883
-2.809479458583415,-1.6848160580974911,0.7771208729253394,-2.4302391895804187,-2.104671328188928
-2.639992852116481,-1.826366235396797,0.7640484860409712,-1.9984753472732877,-2.1296308355685634
-2.772164454053593,-1.3014378469912682,0.691588225183436,-2.427726670052128,-2.0257704064435247
-2.9018385974398075,-1.0068978331473715,0.6603498880934903,-2.7895203801880144,-1.9841489180919523
-3.0226246263129988,-0.8398606548452697,0.6293870721942456,-3.0583061636286213,-1.9839550280386524
-2.87090981469361,-1.3744331432289725,0.7357411391591531,-2.5946850558336343,-2.0261515621047628
-2.7438745803548703,-1.6544980265432785,0.7580470976843073,-2.1683494159518655,-2.078964359091184
-2.6068717253720526,-1.773380091809033,0.7727088968006239,-1.7970424042227522,-2.0708026555785284
-2.759757995972107,-1.265690216005688,0.7107357426869478,-2.2807011591882,-2.0051372212932437
-2.6508356675374003,-1.553402357271525,0.7634950295167112,-1.9281533402636983,-2.0376775151287587
-2.8221152001406438,-1.1521032931953643,0.741724422122514,-2.397016498278371,-1.9824375865726187
-2.709519738486906,-1.497761345295116,0.8009836389534911,-2.011213770219348,-2.0428281828957684
-2.6258121791763807,-1.6888210759269966,0.8231125706737938,-1.6926805715666007,-2.073364374057183
-2.5501374083480868,-1.8022987862464157,0.8334411131008398,-1.4347258400626242,-2.0583961783865385
-2.6978408030045133,-1.2978528954962725,0.818409417323028,-2.0120838600349646,-2.0048042114808022
-2.879926954543949,-1.005970063734575,0.7697389698321561,-2.4545248916994336,-1.9944634050203145
-3.0151667723060354,-0.8483682170948975,0.7643603602864515,-2.8337562301614274,-1.9753773891059447
-2.8895578837296365,-1.3679095227514781,0.8335245196147708,-2.4087751678721507,-2.0314255628958096
-2.997928778800822,-1.0674257845706414,0.7719402277635244,-2.7676500950570486,-2.0193556534515493
-2.871121926831533,-1.4797773582905387,0.8386688987491328,-2.33764065920697,-2.0836829518451574
-2.727397284972855,-1.716111291927413,0.8461156694312961,-1.9302741061483226,-2.0994032705534775
-2.6318436959165146,-1.8196204574888366,0.8382466161851506,-1.6054440948248831,-2.1030152599553347
-2.797714975104018,-1.305910794482156,0.8020169714773235,-2.0973347414252963,-2.043859783509938
-2.932582563504018,-1.018737370149191,0.7877212178411258,-2.5404901036720804,-2.0176298594842
-3.060039007278628,-0.8470356144080728,0.7576014405407665,-2.882832615887287,-2.0147278076116786
-2.909971189436276,-1.381355306583846,0.8237663733002968,-2.4455075501852055,-2.073277016104606
-2.7742660634572087,-1.6643635136346027,0.8486053994581356,-2.0266738173668286,-2.1068500416047624
-2.655312900449247,-1.8037662552643117,0.8372025777706052,-1.6873745457959404,-2.1172124632434546
-2.541648993835269,-1.877006810059709,0.8594680861309492,-1.3973237570671866,-2.1056565693376825
-2.470248186403369,-1.9042773729932765,0.8582575829316301,-1.1643762614100064,-2.1042456981832838
-2.4056392209819166,-1.8971208207322656,0.8639408705087306,-0.9645564793342056,-2.0633300070359413
-2.388143703971854,-1.8778425256676046,0.8927963497240567,-0.8177277482066909,-2.073788516211111
-2.358685902003204,-1.8880608795903857,0.9176887173277731,-0.6931715441189005,-2.0543335368711944
-2.3478771705618238,-1.8809143355529727,0.9477451720706436,-0.5891155839564175,-2.0295547453156275
-2.3392661007926994,-1.891057838322948,0.9893241941764068,-0.5118108153218551,-2.02642762648667
-2.3366785819077953,-1.8667280128077173,0.993695927979679,-0.44333459249214285,-2.003409642259097
-2.3499977855287275,-1.8862936424858538,1.0474626969818543,-0.39356907389270696,-2.019865362838405
-2.3621622330148364,-1.875719784188298,1.059092058024059,-0.35228123619152013,-2.018966233157919
-2.627363214063379,-1.3218395679911692,1.068643071944754,-1.1199604747440055,-2.032645311722625
-2.833636252669169,-1.0314266032556152,1.048388150430771,-1.7821413948357017,-2.052703571406735
-2.9740970766077015,-0.8798574767854198,0.9964556159493857,-2.2880201591167384,-2.06306177293247
-3.117274651575193,-0.8015409446843103,0.9351026847610866,-2.7170544042614955,-2.0596897759851363
-3.2009051488059512,-0.7638089310171873,0.8966045496837811,-3.0413037505100067,-2.056189721425669
-3.036767772465495,-1.3766452799058913,0.9384102008367279,-2.5803389841327493,-2.111443689733527
-3.1122636091531612,-1.0826615852640986,0.8907927111355863,-2.894580295882373,-2.091378872955276
-3.17397051745677,-0.9458687776921909,0.823757519819208,-3.160520611848586,-2.079273340907027
-2.9922510580578647,-1.4843745558424357,0.8927897313439231,-2.661669073708575,-2.138160101549754
-2.8389734494810734,-1.7455047760409332,0.9047888613004583,-2.2215360603790857,-2.17751564121906
-2.7095471270192286,-1.8720580465373062,0.9014790702525131,-1.8461711972620245,-2.199860642588758
-2.825738917107449,-1.3554640637948359,0.8148972734337551,-2.3233381099274704,-2.113295299462167
-2.715161257246474,-1.6325161510377293,0.8550850842511657,-1.9564215178285975,-2.1341917393861527
-2.84730597358046,-1.2141857116808283,0.803196896492135,-2.412254435961089,-2.10093482899463
-2.7424729946239266,-1.5617761513386135,0.8587273003837851,-2.0410140787253637,-2.1054430618178297
-2.8627628625469237,-1.1749087509525094,0.8079720798434992,-2.4980549447499616,-2.0566253540588084
-2.737684876801225,-1.5560900840210055,0.8807038832349381,-2.0899027809963777,-2.0739389072213874
-2.8862335177778817,-1.1736526163457366,0.8220563140889985,-2.522357901589402,-2.031760264211855
-2.773756468517584,-1.542103607353342,0.8635662073569853,-2.1277624836617997,-2.0768145065340815
-2.922813544379747,-1.176905856218046,0.8131383589575482,-2.569941556061474,-2.0466867095873122
-3.021229548734013,-0.956460908293967,0.7751241700531859,-2.916403258170523,-2.014684204972165
-3.1295101558605145,-0.8550057715953533,0.7334301409757721,-3.195558786493927,-2.02637800701488
-2.9606472821094068,-1.4171667879862375,0.8027356943563316,-2.6926998799550894,-2.0842870876404724
-3.0608574036784217,-1.1149978949724413,0.7466451686462753,-2.9865534541101306,-2.055543552012569
-3.141329478196565,-0.9381445831972588,0.6871954308601207,-3.221488892684888,-2.0325258147456533
-2.9536357604015446,-1.47065549193465,0.7601091931971475,-2.698948701339013,-2.094578131475784
-3.0291703516711648,-1.1408701719556522,0.6916655979312268,-2.9944408301781764,-2.0343265829701442
-2.866407741695159,-1.5463759060594537,0.7760693324740611,-2.4850442166501137,-2.0740001152713248
-2.7050123701597557,-1.7626221888486617,0.8128972783263285,-2.064248465461689,-2.1131237723189082
-2.571974803594007,-1.838897817397047,0.8239522124952069,-1.7086658376583013,-2.0997309112756426
-2.7306985848853653,-1.3168160996994946,0.7700433982577529,-2.195353048958343,-2.023206166232619
-2.887612472600536,-0.9966178729801446,0.7337184072933141,-2.6372223480173904,-2.0058071610541415
-3.006476839279451,-0.8515903905915629,0.7070393709122719,-2.982509272748611,-1.9896800991407986
-3.1143713406107225,-0.7843483338132077,0.664889934463623,-3.247367590779495,-1.9827296319207375
-3.182481689553536,-0.7644498622544044,0.6492187376348177,-3.441257591421607,-1.9887085608967792
-3.003320436359685,-1.363443478236544,0.7558218975321989,-2.883248488794749,-2.072818500801624
-2.85012528174409,-1.661534573095489,0.766345917679916,-2.4010577647724656,-2.124617452641176
-2.698228843937163,-1.8008400033831329,0.7785769993269138,-1.9690479931792209,-2.1427449273403947
-2.8237699110351446,-1.2752194404993427,0.7068473613109505,-2.3984768330971775,-2.0632391084629087
-2.6927723187142854,-1.5590241570466739,0.7733863259268278,-2.0076001567219572,-2.0831101013459987
-2.8447508921921902,-1.1538144647178492,0.7177994569824202,-2.4600144645316124,-2.0202633825130514
-2.735348448005924,-1.516753705056545,0.7788357205610893,-2.066220130167665,-2.0645957966180926
-2.632194989542353,-1.6758653384405537,0.8018064406027025,-1.728388925794424,-2.086274820834272
-2.7891719895508538,-1.2112248084647337,0.7774189996786374,-2.2316875150868243,-2.027332030315766
-2.6875145870725943,-1.5352117198970443,0.8307172979028411,-1.8759433114301025,-2.066414745329563
-2.8392595136305423,-1.150762700798527,0.8014032436113947,-2.3544617088723268,-2.0216910509518056
-2.9979183702559866,-0.9207398268450852,0.7451838027105068,-2.7657049985407722,-2.0009819976450745
-2.8634358848742334,-1.4227520941933098,0.8207068614093684,-2.3246667668531686,-2.0594513627184328
-2.7310014485956082,-1.6851392099011357,0.8403713850764711,-1.959609713232635,-2.072771098891068
-2.880648157533402,-1.2362833634384351,0.7746402940619175,-2.406084752484074,-2.0327820968720633
-2.750349917735579,-1.570177388469793,0.8273710979126623,-2.025018473601777,-2.07805620181804
-2.8883236166866517,-1.1620108725036562,0.7845138671488509,-2.468091963206805,-2.027534135071126
-3.0136151361900434,-0.9365851722247487,0.7437474345547054,-2.841604332719305,-2.0213209340695704
-3.116834385558135,-0.8124267944219632,0.721984076976222,-3.1052855229511587,-2.0131698372355253
-3.193401301896229,-0.762606916251443,0.6725822385343005,-3.352111305813929,-1.992663999526192
-3.01968215270133,-1.357199568251975,0.7661523197500776,-2.782313443293469,-2.072682362594888
-2.8491479423943447,-1.6785237357930562,0.7919124373503872,-2.2888380994583644,-2.1252042700259914
-2.707514922614721,-1.8120657700051597,0.8015274739725153,-1.8775329068675983,-2.1318955173263134
-2.8274522223340943,-1.3063642884503623,0.7177676726393176,-2.334071166096734,-2.0859684485122982
-2.7037145981544315,-1.5906627993192641,0.770329415737868,-1.9727989337455507,-2.1029842786753434
-2.849824026909181,-1.1497474102645238,0.7377926102647591,-2.409748499676987,-2.0284708083796756
-2.980596849191132,-0.9174348891424657,0.7204878455727003,-2.7796222077070305,-2.0174501878544993
-3.0596079633099134,-0.7936463693108935,0.6931631965324148,-3.091533504905709,-2.0038202401736678
-3.1628233114775828,-0.7557462725871085,0.6645445297934816,-3.295757420534484,-1.9936011017546587
-3.23286986001326,-0.7263945639223478,0.6434573998482694,-3.4843499066166728,-1.9827579666564872
-3.278960969337378,-0.7227355282503449,0.6100120885245568,-3.6243038557042895,-1.9818390051269168
-3.3114119064859686,-0.704737731100159,0.6105337923345856,-3.7136234145136746,-1.97717468353188
-3.0798106755405397,-1.3458938250310386,0.7204759745927872,-3.1163136126074695,-2.0410080459479794
-3.1163017231812,-1.0612854720690421,0.6572377472233802,-3.301446143907627,-2.034353891954748
-2.9040250929032774,-1.4997165224732165,0.7190817186735644,-2.747085161359813,-2.0898616796788065
-2.762263896311233,-1.7266048878189515,0.7509438637240949,-2.2864463156517036,-2.142556760521593
-2.856783855357605,-1.2758333561292,0.6702857577023736,-2.6497922147837425,-2.0547073726263716
-2.951098801540248,-0.9737850787614805,0.6271886326184787,-2.966953484866437,-2.019898421888852
-2.808695439518028,-1.4300365920514408,0.7322901433450831,-2.475307977706455,-2.047032831078242
-2.6993930473056458,-1.639803213899424,0.7591440523315603,-2.059248078102077,-2.0834363827625535
-2.5847531753065343,-1.759509570715531,0.7812928776740914,-1.7039336016966644,-2.101341978790098
-2.7597049958213606,-1.2431718575101531,0.7312828668925341,-2.1981769091875734,-2.0227155138100557
-2.6735823223609416,-1.532732274975393,0.7849019408715321,-1.8510600365067467,-2.0400793278210654
-2.8272532640828,-1.1434169812097814,0.7505020923167898,-2.3373686415961505,-2.0066563573434686
-2.9646009999456155,-0.8956280518541356,0.7286809640161307,-2.7313060594647007,-1.9830888598924987
-2.837401635562085,-1.3805556795136693,0.7939912300080981,-2.3097247976706767,-2.0419553239516355
-2.954069470521927,-1.055163842516053,0.7594424865369909,-2.711178291512209,-2.0000622716993592
-2.8195172140543066,-1.4577012415492079,0.7998724823845511,-2.281220867214336,-2.0669444109925066
-2.7126804987026176,-1.679385173377868,0.8414836447806864,-1.8927398674569629,-2.0744280357426317
-2.608926167483021,-1.7878260731747113,0.868327266323008,-1.5564251778935145,-2.105009737320107
-2.773147331435108,-1.2849096642966753,0.8036812916817766,-2.093228750764665,-2.026642691949902
-2.6635327234442974,-1.5788725298551045,0.8497564251845531,-1.7687120308159905,-2.057493504643308
-2.599960395936718,-1.7170798648735663,0.8759484285931485,-1.4853640029221986,-2.0727174419060788
-2.5234925633830394,-1.8082651161085908,0.8835736147037807,-1.2630713571002408,-2.0738864888236437
-2.7215973859728844,-1.2833136572076407,0.8501974443793338,-1.848851782762666,-2.0098951423120694
-2.655968418014978,-1.579843748423311,0.8956648582365697,-1.5855141288041303,-2.0531612338952927
-2.818256160753667,-1.1720922061344694,0.8451994299328623,-2.1302615298948777,-2.031858135928381
-2.966925311011376,-0.9238376834164033,0.8218561593196476,-2.5659713158189708,-2.0276640238107246
-3.0778415891718685,-0.8230744250373052,0.7832950701901923,-2.890341597248442,-2.0179579710643876
-3.186605030188576,-0.779359754540409,0.7557754563130685,-3.1670027835984262,-2.0231877923628407
-3.2440662256348274,-0.7427176170818743,0.7262940773248825,-3.379607732817161,-2.010822801032244
-3.305826750372647,-0.7408280677631413,0.6880835268939466,-3.5335759317503426,-2.0053532502193225
-3.314049397048148,-0.7525455752175629,0.6502530971257237,-3.6404163644407386,-1.990943260565546
-3.102260750733176,-1.3803006249598162,0.7638615027516742,-3.0403932402686924,-2.0792056519611704
-3.1452238820247818,-1.081108471525403,0.6696436154597899,-3.2656302688838506,-2.0374674002189006
-3.1751282443207285,-0.9346514675337391,0.6025555503069939,-3.4257546684363533,-2.0248921510225233
-2.9797907912648185,-1.4417378543387227,0.7302938559925526,-2.8381284680631143,-2.1051351799768314
-2.8171040378063497,-1.7005749928721583,0.7752278841316395,-2.3382340017249432,-2.143214161109287
-2.9051029024851722,-1.2436114683996369,0.6795431909771615,-2.7049176209161927,-2.0477374452936945
-3.005237139029032,-0.975234805092585,0.6536231853975211,-3.0104776855239086,-2.0261203440778424
-3.0856008968124526,-0.8228029459732034,0.6119503320992847,-3.2797482318133655,-2.0163611157537984
-2.902620510449414,-1.374975991258566,0.7202230242407733,-2.7656399542543295,-2.0651159077709975
-2.7557869851259786,-1.6442628069956446,0.7688484791013408,-2.268028422608609,-2.109810233314383
-2.886511714412366,-1.2101933801457008,0.7011265322881965,-2.672355610836278,-2.0437202649825292
-3.0050452890352815,-0.9626919794117423,0.6467973289715095,-2.9772589502377835,-2.0075632598717874
-2.8593597106549744,-1.4196819395215583,0.7419337851735838,-2.5203731402477,-2.0677173253479215
-2.952377625578038,-1.0857661815024984,0.6876867984825464,-2.885659000146718,-2.0224148642119957
-2.8222298418283254,-1.4929082236971836,0.7547904078416914,-2.420845787773029,-2.0666977754870897
-2.925647405174453,-1.1215537075162634,0.7004996873026982,-2.785327259884676,-2.0254660784074847
-3.0295607351884897,-0.9255124975077519,0.6739890176367719,-3.072685497332445,-2.0037776180809868
-3.112921749712177,-0.8217402866487697,0.6429211084456699,-3.2934322133063656,-2.0047584987385854
-2.941826611119206,-1.3949412041602025,0.7468236148540806,-2.7704595388654236,-2.0807466439914717
-3.0401413856749677,-1.0781253442189085,0.7185361169268836,-3.0282250404857716,-2.0342093729513895
-3.1187414755396143,-0.8985781881131156,0.6512837915857476,-3.277315839887095,-2.0332770511098524
-3.1773802391994854,-0.8195470305378615,0.6216737609487897,-3.444831557911212,-2.010542354190938
-2.977986270753137,-1.378355606694599,0.7361762079299067,-2.8708654004931167,-2.0744205860222253
-3.0526185120529665,-1.066193092327798,0.6756902336328616,-3.1195125364911367,-2.036832122812912
-3.1264554071152384,-0.9086400250892189,0.6202020486862228,-3.3294798604576012,-2.007542980705308
-2.941845781353311,-1.4363609696281443,0.7287808415582316,-2.7755935916821195,-2.0764597143761225
-3.029074649828784,-1.0776615249625798,0.6581219013273993,-3.0673045901421605,-2.0363299900997
-3.0870188410828305,-0.906581045688795,0.5909243789242544,-3.27489302126614,-2.0075670747068095
-2.905816148524005,-1.4193171797484518,0.6952315711943968,-2.73541126137219,-2.0658824123638415
-2.9875637655555938,-1.0988184326191068,0.6421634710532292,-3.011369492932843,-2.026385235481757
-3.072662924838313,-0.9149155836624113,0.6127853322198107,-3.248484160531225,-1.9867236014015157
-2.9060930862910515,-1.4337954647627742,0.6889757875511374,-2.7106272517181216,-2.0562659358503126
-2.99201325975562,-1.1043506047381106,0.6325147111892369,-3.004472327709788,-1.9921529523621786
-3.089098462885816,-0.9053693094509564,0.6001174172940591,-3.2416337714451418,-1.954435858404707
-3.131416429322207,-0.8170814177317309,0.5848455166905362,-3.4375388674801015,-1.9409285339313647
-3.1824192637412994,-0.7566896256478718,0.5519791472043459,-3.5860482342796955,-1.9459691837386752
-2.984168781553227,-1.3490546724900037,0.69526374342603,-3.0021481121640683,-2.019782551764474
-3.050500046173759,-1.065950348398211,0.6431174732598068,-3.2270975366637535,-1.9803965655173283
-2.849689421441815,-1.5043730699525324,0.7023609427056821,-2.6794599683955136,-2.058257027295185
-2.6911092655951125,-1.6883364758414194,0.7294928843026383,-2.209918013560769,-2.1029130850558517
-2.572091594041554,-1.795410967534852,0.7518389022558741,-1.8188779707803135,-2.106270020845647
-2.7314546209745747,-1.2661386888268475,0.6671772906282022,-2.2907747233491347,-2.0118573898695296
-2.8823485766865296,-0.9771537803849675,0.6359723671165465,-2.6911449106541765,-1.974566834757123
-2.9862340454342986,-0.8305046102657626,0.6398244314544314,-2.9979557326375854,-1.950448858643663
-2.8536946596358295,-1.3481374813774938,0.7445952372874903,-2.5331377309481127,-2.001561528955838
-2.9518618032817106,-1.0488885954825682,0.699509264663417,-2.8885169060695777,-1.9683577820120814
-2.8227267176353097,-1.49140055274065,0.7692395308908891,-2.4051771212126165,-2.0329091202577434
-2.67486509807606,-1.705513110697085,0.7829700077678802,-2.041492028690584,-2.0570245676870678
-2.581319851344767,-1.786196743966957,0.8031660372047797,-1.6822839904400264,-2.0524758237793153
-2.5080955623777776,-1.8178109720362263,0.8191952907979726,-1.4068774478444768,-2.040227977849682
-2.693846248604031,-1.2895882753717414,0.7780633931844521,-1.9681016266186357,-2.0071009367692967
-2.849044338293647,-0.9626688234133782,0.7429477609663152,-2.4354111561892116,-1.965753054561254
-2.9891268466142558,-0.8097507119439017,0.7257386750414926,-2.8017868104064654,-1.9800262798618706
-2.8778317406475904,-1.3398079698102363,0.811675517731622,-2.3871957596521547,-2.038172141489624
-2.9939171306453267,-1.0654388852610395,0.7638926751192032,-2.7711517878878964,-2.010253819779216
-2.8579744409061574,-1.4937741250416459,0.8311005391733769,-2.3004610423776777,-2.0541272911702646
-2.7336092913975247,-1.704741994111332,0.8257772508149155,-1.9333330427019018,-2.090670343828612
-2.8637998424413023,-1.2363339679298622,0.792369169497128,-2.383010709602426,-2.0238130539088197
-2.7491814288067093,-1.5309296593623694,0.7992864017347417,-1.995864840620311,-2.066810049887479
-2.6545059871011913,-1.7174569992381683,0.8157314703890217,-1.6713977833985105,-2.0810979966918386
-2.5592442007832226,-1.8112614329993857,0.8297352330781083,-1.4007382401226347,-2.0957312478952415
-2.481137328781856,-1.8514635935439825,0.8490821685665856,-1.1781359262879352,-2.087431674207006
-2.44005222920074,-1.8392375987167329,0.8768829659150873,-0.994940878462348,-2.0601900343846293
-2.650534746364914,-1.2676332936998573,0.8449500403507327,-1.6428365163548329,-2.0039595929114706
-2.590740374499838,-1.5368622166689005,0.8880470568829679,-1.3987914411528741,-2.017870437758179
-2.7954347964649866,-1.1183096248136657,0.8526464336527873,-1.9834375117795593,-2.015840590221375
-2.704780785970098,-1.4961143300890956,0.8941998175483181,-1.6978274032287701,-2.0654983195891368
-2.865043178163377,-1.1273021376807906,0.8762822093881864,-2.220371421708869,-2.0345218236216636
-3.0015116926337413,-0.9157265001740763,0.8287014548034922,-2.641127503780791,-2.030341056776254
-3.1022663154510584,-0.8101510748460328,0.7985175229559744,-2.9691603801227946,-2.0374202077578487
-2.9521153552439166,-1.3855474397258132,0.8621124892878783,-2.4867544815248426,-2.077571573848741
-3.045694203082862,-1.0862611639993511,0.8087711988119909,-2.831780823572938,-2.067967997482836
-2.888233072416253,-1.5164933849085631,0.8662839301648948,-2.3592816651640285,-2.114295926337012
-2.762256082827634,-1.7117702215818262,0.8638674662978518,-1.9719867395911903,-2.1314828813684374
-2.886831949203973,-1.2649827568751708,0.8087717440508851,-2.4323194800986383,-2.063858370100986
-2.9854007048708393,-1.0098644331837412,0.7636169817186245,-2.793939596634792,-2.0482256049764356
-2.8392790725673533,-1.457502354884438,0.8313604429081578,-2.351603766450789,-2.0834992528543963
-2.9622972011099877,-1.110828643647881,0.7691660653697061,-2.7514726402698813,-2.0450338278126177
-2.8074464044071163,-1.5240760343727335,0.8470585512614471,-2.300597079578649,-2.0900939142437442
-2.9236491033204457,-1.1372018119237086,0.7895234311413648,-2.6945072557463448,-2.067209692702159
-2.806909877188784,-1.5191827903050716,0.8302422508188263,-2.2548918298809077,-2.105111202340765
-2.9418043564121406,-1.1444140450052989,0.791914560194251,-2.642284188980383,-2.0589398511261674
-2.803224795287261,-1.5178580592092534,0.8415885350187243,-2.2190277284822133,-2.0917953982170996
-2.68917389910817,-1.7359305965298744,0.8600765380353791,-1.8408779665876316,-2.115280456359111
-2.8105212364475505,-1.2755263793400398,0.8057149891167096,-2.3153607117386774,-2.055060928527135
-2.9472299898750736,-1.0149479572341393,0.7621966899403335,-2.716738514834209,-2.017284382364253
-2.8186855718172064,-1.4729859618710004,0.8281199556639447,-2.3056196537767217,-2.050073405710499
-2.720591646086661,-1.6951266890370584,0.8840081648127223,-1.9256202919869008,-2.1001138712731486
-2.8710352542581714,-1.2420687884941577,0.8048415815973636,-2.414650792328755,-2.0572850861803693
-2.74878038055876,-1.5617277312623798,0.8520477063964956,-2.0267916132691566,-2.091676338210193
-2.908688256831471,-1.1667543058693632,0.7998130959942418,-2.4859941350843537,-2.0479371928383796
-3.0208753133374766,-0.9657759255466638,0.7568971422218183,-2.847204760731607,-2.036683472078544
-3.1116835475580364,-0.8359258900474535,0.7254744778962692,-3.1314530809937966,-2.010620105503344
-2.946318798731108,-1.4017836205283298,0.8128534418127619,-2.644950749771333,-2.060936227554551
-3.0539572122142773,-1.094910684355384,0.751088299425902,-2.954977587622331,-2.033082521892224
-3.1308652588249166,-0.9125872297336493,0.7078323027716359,-3.221861484455721,-2.017923495237563
-2.954969143915215,-1.435981577742457,0.7996655183192775,-2.70218682211464,-2.077851189701956
-3.0439417697684896,-1.1020228718999792,0.7139309154039123,-2.9877196571254006,-2.0517879107451216
-2.883436136134379,-1.529703876282268,0.7955811894390129,-2.4881922064913087,-2.0970903059133406
-2.99647094320495,-1.1315879132262625,0.7366170721941998,-2.8347818069647106,-2.0558201759398944
-3.090280399042232,-0.9477881007727131,0.6886678581031034,-3.122320742761904,-2.0125332583775006
-2.9221028980054458,-1.4412391029332,0.7631183746533369,-2.62109322477545,-2.0893778204504954
-3.0090440985206226,-1.1071532636479642,0.7095599124926926,-2.923682767931979,-2.033443422269642
-2.847500587483724,-1.5062025450136507,0.7830313101988894,-2.436941726499851,-2.092186783268249
-2.690578311245161,-1.7106598989115498,0.8121712630563733,-2.0584215490428215,-2.0933547134804806
-2.82965515335004,-1.243034086143496,0.7449798589262572,-2.4854089848579815,-2.0397435102640395
-2.725715555676014,-1.5555252518584284,0.7899984619050952,-2.074776446217879,-2.0637870447555198
-2.611503983225925,-1.6945117581054847,0.8262531902962885,-1.7282745118165792,-2.083875537200122
-2.7591163162714163,-1.2291548764629945,0.7659614371997607,-2.2379164852102433,-2.005218471624037
-2.9149808390878222,-0.9551497981147747,0.7307494690743742,-2.661158745575864,-2.0015623142055903
-3.034188352728878,-0.8217313672520523,0.7197859037613195,-2.988103636934673,-2.006865419298155
-2.9040664306777604,-1.3603778035489464,0.8094873186828593,-2.5232001139488838,-2.0596957758363605
-2.772114577754144,-1.6400807587739028,0.8270418277696279,-2.1000037986518993,-2.092158661116596
-2.8903992459772136,-1.1981154410069397,0.7815259215899495,-2.535659032940837,-2.038890643704256
-3.000251434702946,-0.9774322247584758,0.7430506909910899,-2.8804126272030395,-2.011189932969612
-3.0703767720505555,-0.8620750916949853,0.709897573158527,-3.1494038923823933,-1.985620038196188
-3.165063261761957,-0.7816958226991846,0.6712284223000963,-3.357393757777632,-2.004935378342089
-2.9958426444466593,-1.375354565371165,0.7938306447615215,-2.8328488935571112,-2.062880697181488
-3.086026441970352,-1.0753551709709583,0.7161913187637367,-3.0854133407294846,-2.0388490010815374
-3.152687234891982,-0.8903666311278932,0.6640507411064535,-3.303295393723123,-2.0343737923351863
-2.978646747079851,-1.399352260977157,0.7582907330517682,-2.7639459965584976,-2.106974435768858
-2.814263173356579,-1.6588572700550739,0.8049715707828881,-2.290815125129406,-2.1447178616403697
-2.9087007543488297,-1.2366182601561762,0.7167327963087008,-2.659026361568169,-2.0788008584448385
-2.9953357513248826,-0.9831611344543449,0.6564225967229479,-2.955092165741646,-2.0116024327335147
-2.85943847830773,-1.428474131708059,0.7412980661101227,-2.4926253804069987,-2.0716981248597186
-2.7303389895151904,-1.6688882464636794,0.7832076875679499,-2.075120630615204,-2.0952705941081398
-2.6199004107884836,-1.780473099735605,0.7922611613718495,-1.7035215174511718,-2.1035296257222433
-2.5250988602855364,-1.79979225290685,0.7918723562492349,-1.425726071855569,-2.089752674349404
-2.7204072414772122,-1.2698907942284414,0.7522318318286932,-1.9997525315689886,-2.0189049225266413
-2.6184719170335167,-1.5344591054614238,0.8104970034481963,-1.6862577534107457,-2.0387247551511547
-2.803316056454996,-1.0989357141122307,0.791144348395229,-2.1907962490033857,-1.9958897550850307
-2.716283891635146,-1.4650711963969094,0.8430861230430886,-1.8340187931250824,-2.0225691584507928
-2.640176465505583,-1.6677329313153442,0.8594011717944946,-1.541032254633638,-2.043971924825532
-2.557525953372797,-1.786553932433758,0.8813520117672177,-1.2747290022062994,-2.0513309007122063
-2.517682710205942,-1.8253863531452188,0.8925202406514996,-1.0613339765947645,-2.068272652060436
-2.453326777485549,-1.829253337446741,0.8943416017942348,-0.892936810068352,-2.0392362556793193
-2.428967083951674,-1.824126234015902,0.9031881568735555,-0.755051548537044,-2.0180349076137687
-2.6473902024762626,-1.295686264174114,0.9073052247823796,-1.4386280462301038,-2.005662978798815
-2.858948243068842,-0.9865604096324073,0.8939890140687297,-2.0101814782520266,-2.0233983418778227
-2.7796794615363476,-1.4109588206982908,0.9511222214943297,-1.7261327439699852,-2.0493504475275848
-2.7053133298922303,-1.6685224951537732,0.9529378334550295,-1.434611393967392,-2.07233957233825
-2.8599611676544106,-1.234921834101001,0.9279765915602011,-2.0173017548799503,-2.05165259923429
-2.9962388691751722,-0.9833096299058821,0.8875115576659643,-2.4741661442047747,-2.0537721094874044
-2.8918316301677796,-1.449907469732519,0.9345452224401969,-2.087877726622251,-2.1059222676230243
-2.7725847451953465,-1.6899085524519764,0.9468003958155407,-1.761410498382862,-2.1251282361944077
-2.6780238574208575,-1.8395563838482707,0.9439478143120377,-1.478487508578252,-2.153615576767194
-2.832928696880181,-1.3276104952536287,0.8928648486233014,-2.042088400970697,-2.0947920504558635
-2.95506428971216,-1.0119941474595013,0.8711595212450329,-2.5011552891604385,-2.0712486265432806
-3.0792640737118715,-0.8680156044300954,0.8277095617031855,-2.8483253031597378,-2.069378960547899
-2.934203442004183,-1.4015709690188167,0.886459595903052,-2.4119037223804765,-2.128956855820792
-2.777881876580281,-1.6926945165488756,0.9082685895062185,-2.005703795390761,-2.1661645114072936
-2.672460820591586,-1.834960408014266,0.9069324893638763,-1.6856716656610282,-2.174414490326165
-2.836016114047974,-1.307319383961552,0.8496334640197593,-2.181915675684612,-2.1349022155673425
-2.747763578441648,-1.6093702636509029,0.8826585483851945,-1.837719169419651,-2.128658523075289
-2.6560320879151678,-1.780583288584418,0.8785852190714633,-1.55745828173329,-2.1386464584485063
-2.5765766810081705,-1.8382098535807738,0.9083699142529257,-1.310132855186296,-2.122584576079174
-2.4912107516039255,-1.8679623089850048,0.9312248377164105,-1.0951884812423947,-2.10000059169512
-2.6937023103444453,-1.3135778785047314,0.9096607217880772,-1.7062027864100031,-2.055643232678093
-2.8770173746660332,-1.0017085264456171,0.8908953108933844,-2.243214862395963,-2.0274088066875247
-2.7877448293124147,-1.4432969400837308,0.9578004486303532,-1.9265096803498454,-2.0777876391101984
-2.9428187893665743,-1.1109069159087364,0.9134170213546489,-2.4006033272566945,-2.068834702763283
-3.0655228177043337,-0.932107780674011,0.8726152260067525,-2.78438198157849,-2.0566749258366666
-2.9240806106915227,-1.4434758951702609,0.9230120378658917,-2.360329930183346,-2.1120956790111447
-2.81513007531686,-1.7021173809834151,0.9239461898003866,-1.9558793252297173,-2.166543308962565
-2.914394219899345,-1.2745481196975144,0.8748682609658353,-2.4034957223437674,-2.0922710500985087
-2.8092230771610094,-1.5924804862103819,0.8956992362192524,-2.032071160081492,-2.1207459627114327
-2.91672490459929,-1.195649966811571,0.8327000320301607,-2.4665453239661774,-2.067647593768533
-2.792042844864373,-1.5431266800139887,0.8568254827035652,-2.1062576244850733,-2.113433186791966
-2.6736359386151864,-1.7150261024725522,0.8808318352051479,-1.743202657111375,-2.1175486089542206
-2.5889552587111626,-1.8057075425318918,0.8841014563110399,-1.429325623748439,-2.1296654173573217
-2.533777277756131,-1.8483082993203446,0.9047957317510779,-1.1876228901961263,-2.1373159574455887
-2.451430294935916,-1.8516282507398558,0.9020369387234809,-0.9942239338761729,-2.091968740707187
-2.4007611246057285,-1.8481642455984748,0.931693323464517,-0.8561993928084451,-2.0844594565951025
-2.624143814059888,-1.3260909899591737,0.910252915191006,-1.5502702849405028,-2.0523303103801487
-2.5834541671173312,-1.5950089277798136,0.9311980706850792,-1.3294849811737854,-2.058183109907387
-2.8076088034424256,-1.1824265364773168,0.8966240534089308,-1.917028601196816,-2.062056857105279
-2.723456410155136,-1.5496025192155594,0.9318998222984437,-1.6701340710993322,-2.08719990867533
-2.665653097207634,-1.7251327136300734,0.9509066382725787,-1.4198588359053386,-2.1054924557889367
-2.8487591324408514,-1.2666373978490444,0.9127797562963209,-1.9739625923685613,-2.0778893518881634
-2.7389169656344357,-1.6024229965539283,0.9413628516020768,-1.6945934699398852,-2.1022610465354314
-2.8947541887945634,-1.2041304201914085,0.9090543289247021,-2.1992778383804605,-2.097775913764738
-2.810024981136194,-1.5474859681458113,0.9209861043042425,-1.8507089546338287,-2.1133082294284
-2.709376715507105,-1.7315963072837561,0.9466770290755452,-1.5597333576770052,-2.108254711386404
-2.6093354363818335,-1.8461475768424835,0.9580482795842963,-1.315890300002633,-2.113585806562494
-2.5464775671028743,-1.8828475176142911,0.9646330359425521,-1.0953905132390203,-2.1134434120395995
-2.729517468365623,-1.3441646669280096,0.9161213376412186,-1.740718707639802,-2.056971094935505
-2.6621449317933585,-1.6062216098586557,0.928213374070341,-1.4748321585856259,-2.0875400673486464
-2.821393619846557,-1.1834321769451217,0.9086981906363774,-2.0323154843138127,-2.0548392019490627
-2.7527046293553927,-1.532813502633291,0.9389896529760061,-1.771624927991292,-2.0975106714498777
-2.677461083301319,-1.7259458295896624,0.95657487131267,-1.5067605365278993,-2.1078877325866765
-2.574640801595023,-1.8320816001507747,0.9495481398548954,-1.2706538598156616,-2.1152173730116703
-2.762728486949934,-1.3164161052273071,0.9158655483222247,-1.8550237769239197,-2.082906120351428
-2.674775151684274,-1.5917059428219325,0.946312545826254,-1.5766016090343709,-2.0898820227401704
-2.861747889773963,-1.1655040171203788,0.9223198377009989,-2.124490829908092,-2.064459371100788
-2.9770163002864978,-0.9468171182552737,0.8909945760831351,-2.555621202649178,-2.051648505118664
-3.090827536112617,-0.8318791719458515,0.8367473064587723,-2.9058209648631412,-2.0428052416893956
-2.9358698214649754,-1.4117917523535737,0.8925349396164867,-2.452626221882497,-2.11229053671769
-2.815648800173964,-1.7166614730910603,0.9206584891132078,-2.0587651900158503,-2.1347137049285103
-2.688357495564244,-1.8599743969438256,0.9213120941499603,-1.6995800440388307,-2.1606535739090122
-2.864790239375021,-1.3365728926934557,0.8663083122367019,-2.20602130525985,-2.1022262221909385
-2.9862874623494013,-1.0349879143618663,0.8195853351531993,-2.6222903011681287,-2.0718284338216457
-2.863313562957243,-1.484579025513999,0.891176834905025,-2.2231740267595606,-2.1159064721394336
-2.7553438255834966,-1.709754868480642,0.8902887736218464,-1.8511090657979477,-2.131406122453535
-2.6330849577912536,-1.805751176849385,0.911111193565893,-1.561759813517514,-2.1163698327137777
-2.7985109300516604,-1.297957685927242,0.8411268004680804,-2.0983365587768334,-2.040552983796198
-2.7152595748684396,-1.5954009189225933,0.8859447754052988,-1.7698197867994192,-2.092133299539084
-2.6256811845072874,-1.7400338638182284,0.9265060201599944,-1.4924136365988354,-2.105290258325736
-2.7758231776079216,-1.2661891897745856,0.8829925317132343,-2.0448024839788292,-2.067959186738454
-2.9155262286774457,-1.0026363678131798,0.8250562458065317,-2.51331379206214,-2.0511151075160585
-3.046673654064413,-0.85338477845072,0.7931639015485948,-2.889710572558874,-2.041325334303939
-2.912587082319853,-1.3912003603639402,0.8721472567174349,-2.442724671286039,-2.0855602052382545
-2.804237800055879,-1.6505306761902485,0.8845197030610685,-2.0476905373358356,-2.1241480147057685
-2.6899211579905447,-1.7965669913981903,0.904239661470219,-1.6952277723815055,-2.1360063386046826
-2.839677387879927,-1.2816714598725152,0.857620792455788,-2.1800122516705898,-2.0695803494738843
-2.9694598086416244,-1.0027744058313517,0.8182272311969762,-2.6161169733137197,-2.0400867409126016
-3.0871525402562026,-0.8505684094762581,0.7882298436292345,-2.941805455929366,-2.035945010577018
-2.9361298371296383,-1.3908411900703503,0.8617019999575761,-2.4900462967006067,-2.1017164107126383
-3.0422054704453463,-1.0721685520350883,0.7907865539536516,-2.8516924110353825,-2.0735234516519885
-3.118924673863317,-0.9100808583237232,0.7453988379509278,-3.130207744581858,-2.0644350506167375
-2.949232171520456,-1.4312687952830383,0.8154917263279341,-2.628306127510336,-2.107996152089204
-2.7950522898798487,-1.7100200399807586,0.8360970624856185,-2.1813430950511083,-2.1414639628784045
-2.9151461635723983,-1.261488176467534,0.768324023384044,-2.588690000096353,-2.06910689384827
-3.0132168195363502,-0.9923354005166191,0.7254070458928369,-2.89439131654399,-2.039554002033485
-2.8696550977866604,-1.4702199050781146,0.8115680732429479,-2.4307779921196397,-2.0899999131349114
-2.7518252685413875,-1.6931814832722407,0.8578585332986038,-2.034727589733599,-2.1092272145537048
-2.870775853696075,-1.2333700199492168,0.7916492509929505,-2.4717960353345787,-2.061495399278609
-2.752922309479859,-1.5610920031051203,0.8382530356993839,-2.0791242152864955,-2.098218225923596
-2.890433952952712,-1.1662724200353103,0.7796675477176149,-2.511300606021831,-2.04947995541202
-2.7666826304743948,-1.5155096593867976,0.847043905476585,-2.116077329287491,-2.0675981533579177
-2.6307650645424907,-1.709463511799791,0.8581416693473038,-1.7652561414982617,-2.0877796891789013
-2.790748223414317,-1.2348415408076323,0.7974149411223062,-2.24960992233108,-2.0369921289751636
-2.691119491758741,-1.547420028608463,0.844120678154602,-1.9091952693005705,-2.07559784663882
-2.618810215100822,-1.7130853675523845,0.8543388860280917,-1.6152701644616263,-2.08502451087549
-2.7769685298041225,-1.2490209813901618,0.8196433528408147,-2.119171845811983,-2.0358043731816107
-2.9288839426530493,-0.9661598105876985,0.7832725119416457,-2.5769370915323044,-2.0105129650993194
-2.820881951892444,-1.4166884205986996,0.8561377495104906,-2.1751447088767013,-2.047621222027697
-2.9464968004411443,-1.0776982477183397,0.8069899907723843,-2.5814638229297886,-2.023815834413958
-2.817996046120131,-1.4983629000025758,0.8760824667024405,-2.179747078284093,-2.083681138734225
-2.7058679252362383,-1.7017576757195096,0.8847973317026632,-1.81786987478608,-2.1049337773376675
-2.849780994566279,-1.2192141896159103,0.8271785222373628,-2.295074774084486,-2.0537272100449453
-2.9646448448988427,-0.9776258196802563,0.774451069193747,-2.717077223646212,-2.036310136366348
-3.08974276218216,-0.8397579711837875,0.7423378211884897,-3.017219956010119,-2.046650029749869
-3.182634527747436,-0.78085760391429,0.7022155896208214,-3.2645553299001757,-2.0219079937957622
-3.2426004812723526,-0.7471417018726539,0.6861797488137764,-3.438286804952198,-2.0199041229684607
-3.2867862311737728,-0.7448710084081257,0.6564827748320219,-3.604602752096372,-2.00197046546448
-3.3094063620388945,-0.768326782972914,0.6172014907941933,-3.697557196866498,-1.9867272008254817
-3.08325913313126,-1.38145604749644,0.7368264623399347,-3.095541836307697,-2.071160732307634
-2.873626434012496,-1.7218355803180954,0.773454683031077,-2.55375259793312,-2.1417092411091976
-2.7083517060344118,-1.8556914685207562,0.7567096256359703,-2.097913161102755,-2.146945682719048
-2.8270219503473535,-1.3478936644733235,0.6933597113060278,-2.4959126308637645,-2.0496676571833343
-2.685501715530069,-1.6218876982331873,0.7322674219150787,-2.085129056662074,-2.0835592266366985
-2.581247149811067,-1.7609932871832052,0.7989115487705947,-1.7493005533832464,-2.0973547066791864
-2.4708231273384014,-1.8053814695631187,0.8144007694341169,-1.4376161005962635,-2.0844182775098155
-2.3750138038927036,-1.8351130695007352,0.8342176431747078,-1.2144509755725907,-2.049000581656523
-2.5924406539747578,-1.2950132364282383,0.7929700147993954,-1.8173374208581952,-1.98008116975249
-2.789431999723145,-0.981103784236011,0.7690764146779228,-2.3301540210932083,-1.9743168021144497
-2.9359117580068563,-0.8448799514172046,0.7499438488740234,-2.7335200113119327,-1.9729618060135805
-2.816291533112159,-1.360744403019093,0.8270772655858085,-2.3033306464330208,-2.025558966433129
-2.976096968398019,-1.0727989458311158,0.7798454628351628,-2.6975078406846333,-2.019537643175701
-3.0601360466329255,-0.8965266705400134,0.740411256029299,-3.0146478033160165,-2.001854729443709
-3.1542272345151243,-0.8019144606902436,0.712176234261451,-3.262339598695463,-2.007792500807056
-2.992891305136971,-1.3810998556340188,0.7994855061604855,-2.7406788678488847,-2.078369196709731
-3.091464259312286,-1.0922922509085695,0.7337954683492197,-3.020016280234091,-2.049139307836906
-3.1414510604500774,-0.9374213599689883,0.6950645839493756,-3.2686062197771815,-2.026112206359537
-2.98871048359781,-1.4625512545030934,0.7848209261402539,-2.724256527619078,-2.097166660829721
-3.066237032698713,-1.1255037652850648,0.7184250498716693,-3.004317582517326,-2.052843735621971
-2.896899505546772,-1.536575807298209,0.792018107838295,-2.5008543998105086,-2.10721589787745
-2.761172247118521,-1.743717085234459,0.7948592111070887,-2.0820251953212563,-2.1378458384285013
-2.895629182114424,-1.2423177713490454,0.7270759950953213,-2.4986293942802744,-2.0770323200431418
-3.0002023270653972,-0.9857848499654722,0.6745622657580765,-2.8633090019577887,-2.041974570683218
-3.0863642298833303,-0.8353802970737499,0.65485265359525,-3.131261629685502,-2.0227496690908255
-3.1648800692296546,-0.7700566409104839,0.6171125011059329,-3.3553920586265247,-2.0075509824838424
-2.9944187350216906,-1.358802531589042,0.7433264832949918,-2.8097788278844176,-2.081393065586518
-2.837148279579107,-1.6525396861570996,0.7727717938656803,-2.3351993646736435,-2.1126256596400848
-2.671527454153693,-1.7892978521233842,0.8045651434384212,-1.9286432419602104,-2.1156495141391916
-2.8110559287425736,-1.296745950892655,0.737419872813011,-2.380559682482849,-2.0648545773987705
-2.70300910593369,-1.5929631135370708,0.788246994651272,-2.0049692709559785,-2.0896033853538847
-2.837794636076108,-1.148255803164685,0.7464435349206618,-2.4512389896761553,-2.0385653278151943
-2.7332187241162917,-1.5142372690763206,0.8209424755827555,-2.062804745190768,-2.072525828008591
-2.6352063659984126,-1.6912821362786337,0.8430231138461931,-1.7475245550494967,-2.0633432010597175
-2.5372064855485874,-1.785400309191765,0.8489331992348027,-1.4421156138713938,-2.0827889675414797
-2.731006579231958,-1.2810361377190265,0.81901162105329,-2.0045874885881094,-2.029294374577481
-2.886371201202469,-0.9840043031227836,0.7701258940302348,-2.479423455887435,-2.0035163864502703
-2.82139241308039,-1.4177922126409341,0.8430283638456633,-2.106202855723691,-2.0556960239379727
-2.713447912212236,-1.6723521789655205,0.8923735510737473,-1.7557978829979757,-2.0738044800822744
-2.606162797489159,-1.814228240790935,0.8918880417910995,-1.4964369888335272,-2.081707788891413
-2.530310808953371,-1.852637827559914,0.9047838468698971,-1.2402758039477206,-2.0876257899552826
-2.724787296013995,-1.3149242562360992,0.8585519044884192,-1.8500697801439348,-2.0409793351904595
-2.659513271567889,-1.5963014502102992,0.9115349668947753,-1.5639753099842428,-2.068225759681378
-2.8194627060006985,-1.1724487715004128,0.8941907055027353,-2.1267273779996843,-2.028000186712113
-2.954766020121621,-0.9420902677241977,0.869839044826555,-2.5446208213499926,-2.0451984879571468
-2.8636373085351248,-1.4392567596844779,0.9473245281294741,-2.158528341829255,-2.074850255864448
-2.777667905909054,-1.6818828403806974,0.9439127590880018,-1.8216527472519997,-2.1282187580418923
-2.6785226045512847,-1.8205709276596218,0.9283825516681122,-1.5429782581450386,-2.1514927310389806
-2.5779384767176827,-1.8724587963852954,0.9055842586578364,-1.2808523240922056,-2.1530946084656484
-2.5093882734461763,-1.8883422982701468,0.9060852865656553,-1.101778154362259,-2.140101776027777
-2.470303245660486,-1.902295511644878,0.9270654031273622,-0.908033932913661,-2.1167027143381376
-2.687725002798642,-1.3456726162310242,0.9036294627564108,-1.590479158294782,-2.06993113324671
-2.6336815705100887,-1.5968292773540846,0.9348867618420345,-1.3673683638977998,-2.0961023186076884
-2.573847616632955,-1.756399972490858,0.9691531953007196,-1.1581360662702398,-2.0806734084093064
-2.7688643852564025,-1.2527046269199016,0.9489868321347331,-1.7799037361645853,-2.063732570809378
-2.7089879998440614,-1.5507741100282197,0.9639727664826147,-1.5229553483138942,-2.0791113141408712
-2.636110334669279,-1.719439880745106,0.9588513150748568,-1.292737350067414,-2.084424807198746
-2.5729778240974697,-1.8118969566848027,0.9639805065579672,-1.1005328956974436,-2.0690901880943753
-2.519377460343421,-1.8537437606789227,0.9756414602720743,-0.9262314077623268,-2.0816246843785424
-2.7169670209811834,-1.32539065814632,0.956508759103812,-1.5833017162099825,-2.053802734467373
-2.8703107168832935,-1.0296187103519203,0.9438916943046873,-2.132711284454738,-2.0535955519683387
-2.7745175322494386,-1.4598606667557203,0.9645062574786192,-1.818180499499195,-2.0759642283115696
-2.9191207541503617,-1.121701602606891,0.8947172849328626,-2.316960923842958,-2.070258551126876
-2.831615916405447,-1.5295243033934445,0.9579270950039315,-1.9752759200790257,-2.12295511266745
-2.977662806266601,-1.1753284833587017,0.9017048300529799,-2.4067626100963793,-2.0957822687739593
-2.861338322929707,-1.5875034433967146,0.9448405841664927,-2.0473366964492827,-2.123886276262524
-2.9784923246564428,-1.184727563868114,0.8963895046343616,-2.484610100782351,-2.093473434027439
-2.8621094946151997,-1.5708649371508545,0.9425961511803684,-2.1244380252396122,-2.131874647616985
-2.9726334184878644,-1.168561169016184,0.8783615682111529,-2.5399134355433604,-2.0954200230659095
-2.849816667175039,-1.5701006115708267,0.9233269362084789,-2.138943764995255,-2.127049836619285
-2.724738799286787,-1.7552696263586243,0.9371875452623811,-1.7995835454810356,-2.139383255608871
-2.850646568153757,-1.285689892469308,0.8926609734619795,-2.2875881622392207,-2.073207218721708
-2.9952260320977193,-1.0018559166628276,0.8144452532300389,-2.6879724116104278,-2.0598168589706725
-2.8689821965439544,-1.4661722209600594,0.8710388246706842,-2.2705440166091493,-2.1125108575868787
-2.978802864977037,-1.1199669337004194,0.8127052037555743,-2.6683626703693046,-2.064721660936988
-3.091354462708004,-0.9290181861583282,0.7860591612341511,-2.972718539863642,-2.039816168162217
-2.9330778066985275,-1.438401534662862,0.8461833221806334,-2.518694501683063,-2.1146621183186642
-2.7785922174216973,-1.7004059141561478,0.8645798747676762,-2.0996683645383993,-2.156192062369299
-2.6439500490967323,-1.8239662767504283,0.8722473113965085,-1.7299612995020344,-2.158238114814231
-2.5446829369867463,-1.8879410442877433,0.8686919533954238,-1.4398856420957242,-2.143276859770109
-2.740192856899312,-1.335856008304823,0.8280031309859285,-1.9759936374541904,-2.0577226847282346
-2.6462834746820736,-1.5925480969269459,0.8714070204656884,-1.6693822488564103,-2.057944395869171
-2.57454807187664,-1.7359183240149048,0.8927738320852153,-1.4263141963825565,-2.067074182437338
-2.740966919276231,-1.2404035150087216,0.8634903508947677,-1.9900793351343946,-2.036860389382375
-2.9051359479202694,-0.962552114197818,0.8222815160392279,-2.4689722180348945,-2.0244137058963534
-2.8065393325209436,-1.429467835226919,0.8851288412892628,-2.1175010288791007,-2.088232207794403
-2.9303339265288653,-1.091231085066876,0.8446164439315184,-2.5517050979719804,-2.048178219279122
-3.0415662082751167,-0.9120803961926024,0.7918717515988939,-2.902899723778138,-2.017894623094748
-3.125831447780619,-0.8268355829347436,0.7729146123729119,-3.1759350037434593,-2.0148925919232497
-3.193692328829092,-0.793700288536929,0.7193460661106712,-3.3993241337826414,-1.9974594780271713
-3.2404588744978398,-0.7634907966057761,0.6844219651079362,-3.5610860797338457,-1.9978264612339574
-3.2643108859188383,-0.7577227452829403,0.6447780793938713,-3.677835575332305,-2.0026767494407935
-3.2902228907087347,-0.7508676252829434,0.6135486664682229,-3.7680136009386,-1.985740673502716
-3.079678436297484,-1.3876863366248675,0.7112422951137448,-3.1327132903463615,-2.0719693673984607
-2.87766785699809,-1.6861013710271853,0.7389896574608089,-2.5780040283415167,-2.124430490438209
-2.6853894275574928,-1.8470699440068978,0.7576174802758668,-2.120361442247589,-2.1469595170637583
-2.819409418152011,-1.2998553460507656,0.6626758237490947,-2.5317438224745943,-2.0538805687224713
-2.9442805045634803,-1.0071458806392253,0.6097938707654069,-2.895420456251298,-1.9862202860536373
-2.7980769930041256,-1.4410421982544446,0.7117610184657992,-2.4294628954101505,-2.043546851521027
-2.928960720492354,-1.0921855178513071,0.6545682340944685,-2.798252039695547,-1.9909024783404323
-2.77089655048873,-1.4878269036866827,0.7348895574794465,-2.3253766247134893,-2.0398045655497925
-2.897951404101424,-1.1214511576889732,0.694572202296391,-2.7203063277869743,-1.987967618658376
-3.016285850246573,-0.9176753500255873,0.6679246322231205,-3.04072246647174,-1.975914724975478
-3.0857598411245504,-0.8233760950739979,0.661364418281063,-3.281356511961982,-1.9726366579696812
-3.140037400128365,-0.7705708142268015,0.6356893129287123,-3.480278420667993,-1.9911634762380859
-2.971477060004124,-1.3684817488071477,0.7360083203106812,-2.9099864849830097,-2.0693710644833234
-2.8210354747192268,-1.6755435077926137,0.7697829479590281,-2.4174802125756583,-2.094451100079403
-2.9142265593626058,-1.2477959687268323,0.7042649803147099,-2.766130332290059,-2.030016682733673
-2.761905511138767,-1.5857590214529247,0.7580029307170376,-2.2903727212064986,-2.051778557378865
-2.631592343349482,-1.731224166374708,0.8035384113827136,-1.903065982223173,-2.0767614635010787
-2.779523814709359,-1.2602553303297694,0.7278171258055043,-2.370607237704763,-1.9985837736201328
-2.6707655810991113,-1.5612247091373,0.7807626511555514,-1.9763591441337096,-2.041349292437989
-2.5838764735124333,-1.7104414168173057,0.8149750571729403,-1.6514006568378985,-2.0663689192601393
-2.501156327183518,-1.7922223199155027,0.8379756865638679,-1.3764906769755398,-2.0647063838556963
-2.4307529076735235,-1.8302670818884907,0.8463293555087845,-1.1336340301627055,-2.0559517986517797
-2.6477665763700515,-1.3122689709368514,0.8379233767279323,-1.7662206758068273,-1.9910878234124605
-2.819908843721592,-1.001115850859608,0.8110432652449043,-2.286778928568143,-1.9911583764904892
-2.9678155299547377,-0.855158108463239,0.7996019416601056,-2.696324119424117,-1.976197832557987
-2.857201477862575,-1.3610357589666862,0.8792675481079922,-2.2965033007540803,-2.022901214986597
-2.9786932152020826,-1.0570376559534733,0.8209209975835882,-2.6805901614303758,-2.027403829978468
-2.8548228673413933,-1.4945343190618436,0.8811878782358981,-2.2801666753182053,-2.0840931513905057
-2.951738688663767,-1.1542393519805663,0.8278363145187925,-2.6818293668795596,-2.0526328241382883
-2.834208605644622,-1.5246666774509168,0.8762938371099106,-2.254366011499529,-2.1182525260511653
-2.6728759202689902,-1.7180391274502045,0.8833656114057381,-1.8809642247105625,-2.116990929696062
-2.8211350608080843,-1.2573761309442535,0.8082224242782012,-2.351666429777872,-2.054219289060875
-2.719811028583711,-1.5602933158975476,0.8577180102180075,-1.9533599548606988,-2.0763078746637036
-2.8383350739860034,-1.1493666291653113,0.8174772372499021,-2.4064100637837105,-2.0406338464999014
-2.9850972130738054,-0.9333470333180205,0.7688205066761097,-2.790555941242909,-2.018940625026348
-3.081430315116225,-0.8236588563845085,0.74414988372221,-3.0932324591767393,-2.0057907467181746
-2.940008859908717,-1.3687997731874537,0.8271674312667211,-2.6225739939140493,-2.0802837419059315
-3.0470303375018686,-1.0886637385441034,0.7642079035761693,-2.9309345378785516,-2.07505100883689
-2.8722546726630966,-1.5338416568134914,0.8253478112932296,-2.4421005996380654,-2.1121784086851
-2.9954224240489165,-1.145967382444864,0.7600704005851319,-2.801429662675177,-2.0398758611869665
-2.8225789988890577,-1.5527681144546028,0.8086775427710226,-2.355526993971499,-2.0886482624654965
-2.7027873556638187,-1.7295640485786714,0.8201496494788519,-1.9563778137713412,-2.11678442426087
-2.5728911783002237,-1.8282594076142236,0.834957749218592,-1.625082782943581,-2.1185218626585134
-2.4872757404699204,-1.8737857898331496,0.8529810548422091,-1.331527970200891,-2.128959626778879
-2.407982799359088,-1.8830931669811162,0.8238127870583938,-1.0956237461959009,-2.084319876732252
-2.630024009893001,-1.3342883182298064,0.8108221045116643,-1.733511666904113,-2.028366609247532
-2.5785631701081257,-1.5899342744554046,0.8472608145985181,-1.4637497988287977,-2.0386958132076205
-2.7836994683550316,-1.1680287862225063,0.8292010717071917,-2.0466515753964662,-2.030162651843469
-2.7033548768697013,-1.5037169871846479,0.8621025100174841,-1.7485810739197623,-2.070768942638487
-2.87146207378139,-1.1255664421877825,0.8260187895150355,-2.2476177613749644,-2.043508820894151
-2.783618450169617,-1.50022262989932,0.8666561560333349,-1.8835541220271037,-2.062354426661974
-2.9337787415889927,-1.1198498489506785,0.8382821797315005,-2.359866835821088,-2.0428216276384106
-2.8247998296881613,-1.5057452846382953,0.9005102160014448,-1.9898441348201326,-2.074535499277576
-2.719374069278355,-1.700837730170958,0.9275583603367206,-1.6885071409869667,-2.0876297152455288
-2.84400862202219,-1.2299996065968197,0.8865637567363251,-2.1952202550898425,-2.037495798958346
-2.757652961107261,-1.5531146373184328,0.9231322167000076,-1.8813591584969576,-2.0663138900307003
-2.9005544152097977,-1.1514093983516678,0.8818619581045574,-2.3624522068030047,-2.0292669626780606
-3.026549964077914,-0.923683935831672,0.8399875147009348,-2.7310679464399237,-2.0394190647238823
-3.1162466663175663,-0.8231085576547007,0.8055472100953439,-3.0317658295198053,-2.0510586772305057
-3.196219593081716,-0.7728273459895889,0.7710819065094479,-3.272764531106672,-2.044905446539909
-3.243805711275981,-0.7524393240310412,0.7095074743932367,-3.470891723607709,-2.041283571248423
-3.0559486314591875,-1.3704488178011636,0.8207505051647564,-2.914774716713919,-2.1015737897936932
-3.1120124403957408,-1.0910175107015383,0.7545063657175238,-3.1696788482620017,-2.0533823549130243
-3.1800831948114454,-0.9336330038134395,0.6902418998145382,-3.3528430131980427,-2.050989165587345
-2.9730257133741396,-1.4604096729530185,0.7724065791158994,-2.798927086732479,-2.110280604121685
-3.0306267059176024,-1.1522803492797806,0.6936919749397403,-3.066005530959528,-2.0477163348125265
-3.0958222050474418,-0.932682223057262,0.6489268795482371,-3.3089414659740073,-2.0224848088197613
-3.1538884994120395,-0.8318241562904098,0.620162967078584,-3.4653491586542158,-2.0039825867510457
-2.9581330555531467,-1.3824750460033501,0.7323691785651092,-2.885847763263712,-2.0766101443343468
-2.7968555396504717,-1.6599942895946285,0.7820622210459738,-2.4290941027219617,-2.1165558979704375
-2.6519277565102897,-1.7830242889694492,0.8020041297093152,-1.9836857250396422,-2.121624341793051
-2.792849003149284,-1.2659498975611825,0.706593855064908,-2.442552407633912,-2.0352082934297724
-2.918082349860579,-0.9791104120440733,0.6824728751442265,-2.787534889290507,-2.0078599540882585
-3.015328460973603,-0.8138168322889437,0.6518570165457203,-3.0987223373594888,-1.9846758033404115
-3.1098425290848706,-0.7417053420280731,0.6380685959523161,-3.3338677807231463,-1.986126577679153
-2.945017430779229,-1.3233168607695347,0.7529243035796449,-2.796720378358585,-2.0421557829749677
-2.795373692219073,-1.634734563302862,0.7896274704457291,-2.3183852802591214,-2.0779461243473887
-2.6660668515526584,-1.795827668534535,0.7868302506357505,-1.9340159231408254,-2.104959534238124
-2.7835876404554685,-1.2918634564175027,0.7377513650145707,-2.3804726825229805,-2.0216502108399848
-2.909556019087509,-1.003630802976849,0.6931402003690389,-2.7610372111447443,-1.9754772540829797
-2.7919109396280803,-1.430690073220647,0.7706123531052397,-2.3256459659827375,-2.033449233015334
-2.9000998913156746,-1.0834796854191147,0.7226610522072788,-2.7113467796515156,-1.9937891152000489
-2.7910340453012816,-1.48995507206247,0.7984873849097326,-2.25139736427589,-2.0400358444341227
-2.6713510947860146,-1.6978893532378847,0.834623601776376,-1.883414173873622,-2.06546863953078
-2.571704457870094,-1.7931938093120123,0.8468555128781006,-1.5639049616770382,-2.069053595143772
-2.7304238702376664,-1.2935325414899113,0.8084855269935188,-2.1119102081631187,-1.9895594928846119
-2.8761334322627956,-1.0092336891973575,0.7783582856632791,-2.537281523170579,-1.9996641893926639
-2.7543921522786614,-1.45039939763663,0.8434305964431045,-2.1782165432029394,-2.0422893732295138
-2.9042966088551094,-1.0923489860035074,0.8054825915291712,-2.6061173343636708,-1.9996552686030846
-2.7833231257863047,-1.4895768939485148,0.8649763885670151,-2.197604186539482,-2.0481382095887457
-2.9130769199575175,-1.1389927207723027,0.8200770337306691,-2.598754475188478,-2.0255442970999695
-3.023241320805943,-0.9431023825291257,0.7637694250465126,-2.9344730587380794,-2.0061663358239885
-3.107316826812729,-0.8453993075595311,0.7357559941984597,-3.1943266300177355,-1.993121290010192
-2.9505805719365585,-1.3976219167418507,0.8154709446134627,-2.6829689763009035,-2.0746795081510836
-3.030830683645497,-1.1005807375438523,0.7362125771856768,-2.995695456165936,-2.037008051651213
-2.869415665634065,-1.5310777345486761,0.7993974088157783,-2.5038751578997895,-2.10819166129848
-2.7184668402274874,-1.7546940710633083,0.8080702416674294,-2.0871433435065114,-2.1449810298626644
-2.847141575712454,-1.2995140536821868,0.7716392351361808,-2.5077448828479914,-2.0717403225896884
-2.948969205361669,-1.021261686575275,0.7127946519917427,-2.852273111472525,-2.037836028304033
-3.0733414770260885,-0.8741865390908753,0.6843326403293312,-3.1162280259687556,-2.0115867410804213
-3.140426807790003,-0.7870299093056728,0.6520040970320659,-3.327055675541529,-1.9983547934282058
-2.9935411714022298,-1.37993451804441,0.7554459080593112,-2.7848054200946026,-2.065174409998081
-2.8214453755707023,-1.6714455030668232,0.8058523262695632,-2.3242939980034243,-2.1158396501872785
-2.691552950131645,-1.786508844083162,0.8028273979147854,-1.9197466938030936,-2.109857060967789
-2.8136384258212184,-1.269678145328644,0.7530872714491011,-2.3604126004744304,-2.0330685218541746
-2.705555192815625,-1.577237044308233,0.8070295025733396,-1.9939474528482624,-2.060250443523897
-2.604585847645987,-1.735284269172519,0.8094500121009622,-1.6806556344421744,-2.0921355827684036
-2.523095322452959,-1.817778260197063,0.8366681333832101,-1.4234309192071988,-2.0785731113717145
-2.7169853604983953,-1.2783023622911007,0.8000650116228557,-1.988884320912716,-2.010445591990365
-2.6078341891649544,-1.560711087148424,0.8559877684599115,-1.6914198131118139,-2.044384307976555
-2.7850856579664187,-1.1745589694498693,0.8261677111022406,-2.2202850506735694,-2.0030039600436136
-2.71284344340933,-1.5354876410246698,0.8743283558011671,-1.893564449405917,-2.0343233139132146
-2.6496416019301066,-1.7056414302300578,0.9087974428791247,-1.5929551833716833,-2.048299345242388
-2.548539583416484,-1.8031657305795334,0.9056723556111863,-1.3143931176565753,-2.0517874906579814
-2.745595361140618,-1.284752673776832,0.8515659090814389,-1.9180498666826518,-2.015786947375087
-2.660617824576987,-1.5871976401616037,0.8913782793209267,-1.626257025102579,-2.060438556753037
-2.84857520813917,-1.1837705678228096,0.8630515242102916,-2.1566416357767104,-2.0363681554677235
-2.9867037376590257,-0.9511462504752228,0.8400975427297457,-2.5788456657913534,-2.0308251080733735
-3.0993121747950125,-0.8318249127670163,0.8153351147724317,-2.9296766360925672,-2.028834138303992
-2.9601674357705097,-1.373238180672297,0.873153054143316,-2.478246943192089,-2.0486245790938926
-3.030994173666997,-1.0734361388786073,0.8063489708695442,-2.842405282260534,-2.0278623616098046
-3.13140277296783,-0.9071322146018291,0.7392582339401242,-3.1313862594425714,-2.0220166800020087
-2.9599578875888004,-1.4291190843364148,0.8136111668486283,-2.6320687600264314,-2.0844799474984677
-2.8342013836793343,-1.7042697057595557,0.8305079444034237,-2.17990006554377,-2.122640180435772
-2.907813035092394,-1.2571782950876353,0.7672989531329103,-2.583776622656471,-2.0704611630789094
-3.0309988585535117,-1.0031041646167838,0.7225183673354334,-2.92130538347257,-2.04281786013956
-2.8652077205457287,-1.449724797470253,0.778985865156446,-2.453427889451162,-2.10092132383037
-2.973604893167921,-1.1227226417307403,0.7311571376204633,-2.8194552516413554,-2.0609738799297745
-3.066855341681494,-0.9211257764073787,0.6850133383042355,-3.0975228324723125,-2.0368572167674364
-3.1259089749047417,-0.8157100042660579,0.6545337901357542,-3.355148684284975,-2.01580083913351
-3.1892909613391947,-0.7640904681060939,0.6362798567807652,-3.5016218529270664,-2.000783824307685
-3.2155098090245344,-0.743639548484097,0.6137866417165233,-3.6445277683859953,-2.0009357974797988
-3.267932434417113,-0.7211457434056424,0.5699045338583675,-3.742920135669476,-1.9981255198504906
-3.2967913833033955,-0.7358335812508552,0.5479125759990027,-3.824852029417756,-1.982447654171558
-3.062600088349884,-1.3528825079528504,0.6632787516575295,-3.172166887966364,-2.057251156497111
-3.1018887721346804,-1.0657777510731428,0.6100320588695982,-3.356120745794855,-2.0221388443626505
-3.134473886788287,-0.9032803415688325,0.5758467265615236,-3.5151650576993125,-2.002977183099749
-2.9211624074561175,-1.4150051525478418,0.6614580303837756,-2.9226662415626556,-2.043995754521854
-3.0014013092421425,-1.0817128016726365,0.6017088651533077,-3.1661923847469433,-1.981702613319819
-3.0815657766865225,-0.8797823853162531,0.5784841216397861,-3.3571481001305172,-1.9556982443577133
-3.1385729217030907,-0.7843070002052236,0.5340882431059402,-3.5279641868590113,-1.9494104057473884
-3.1840309308560544,-0.7376498936393373,0.5238856439720815,-3.643846297524678,-1.929969481108009
-3.223468768678619,-0.6954772705765254,0.5196167779261933,-3.7507443249386396,-1.9348482613252678
-3.0116788337900715,-1.3280057426060805,0.6634298290438224,-3.097956040130985,-2.039945195818
-3.0719819274847637,-1.042918625804774,0.6215984503851989,-3.301253656032314,-1.9946012135828846
-2.863637791378975,-1.4792531748997109,0.6841021152054831,-2.7559680791633596,-2.0531349642285415
-2.724310450510512,-1.7040045975007243,0.7221385572703943,-2.2701989187131413,-2.063760656912915
-2.8459130523025173,-1.2351468350820256,0.6624518231468579,-2.6455993833199907,-2.000849515211827
-2.9435851812354654,-0.9534358629528915,0.6045653365511582,-2.965745905444742,-1.9527404376384079
-3.038374480251327,-0.8316739834244042,0.5865996484257927,-3.233698383484626,-1.9354050441623147
-3.118196225137029,-0.7291871175509229,0.5801881051135852,-3.4484527750155003,-1.923133462846404
-2.947189673849843,-1.3415796731874492,0.708998655328937,-2.881309532586236,-2.0012268180621735
-2.7849602646269718,-1.618255806883072,0.7629059624523018,-2.3905812484011473,-2.045586307067863
-2.9090541668012535,-1.1959802098232846,0.7019812503051356,-2.751196464175021,-1.9856322090108347
-2.7545767862207984,-1.540356672114966,0.7661115249470474,-2.295433805716367,-2.0392421813922605
-2.623737737343929,-1.7105470934311777,0.7869922271556444,-1.9067142507542798,-2.044309747120815
-2.5229087716941168,-1.7875983072268762,0.7885092545826842,-1.5883621252326077,-2.052338206788026
-2.4536476700000214,-1.8163968149627938,0.810208471978911,-1.3350492626376997,-2.0548290476710878
-2.667014365330071,-1.2654720975265343,0.7691271875127649,-1.9227310905589379,-1.9990700491290767
-2.6013779262313173,-1.5292185854205245,0.810440602197607,-1.6396052349388,-2.0161400317309583
-2.7741272894560645,-1.1310225216413996,0.7871806750982833,-2.16133966113681,-1.9918688745205724
-2.9498387317558117,-0.921762494177361,0.7586176061381829,-2.599898457228188,-1.9827425149091977
-3.078674310813386,-0.8141625182614711,0.7432331783164102,-2.9338758524440083,-1.9859797783837247
-3.174071793828153,-0.7618919683080017,0.7300895996431636,-3.1875980145279827,-1.9972336561868043
-3.0181210634425595,-1.3539351104611275,0.8086708766989749,-2.6954560156071117,-2.075669428007122
-3.116973929189488,-1.0847314162811084,0.7517617347818735,-2.9861935188586832,-2.051387096555864
-2.937959103556032,-1.5129440856168206,0.796785490315983,-2.4799412461681802,-2.0944216902343786
-2.7900987095450254,-1.7314884701305333,0.84753290701154,-2.081683591002628,-2.1525157310825938
-2.8876599215738032,-1.2513489326797294,0.7621344009413507,-2.526976843053533,-2.0559204814485823
-2.7486554543938935,-1.5568403468899579,0.7976387405429294,-2.1016080538096267,-2.082599500954389
-2.877898230326635,-1.1417566359353521,0.7611912005724649,-2.5192922661270054,-2.034615561522117
-2.985824207396708,-0.9123175514053743,0.7285728454494644,-2.866884670416703,-1.9936961024331648
-2.8625062187683126,-1.3859709784888838,0.8079913336167324,-2.419554548397766,-2.0617693689610426
-2.9587807398125348,-1.0671533560508384,0.7734899167156842,-2.80246582562472,-2.013704348969637
-3.069391668250141,-0.895083652679566,0.7188032651103133,-3.0893950959274665,-1.992615512731522
-2.8961508976395653,-1.4050698662644103,0.7880844696188994,-2.5902005132797887,-2.065365893462549
-2.763501338602167,-1.6726388561550942,0.8206011684578925,-2.1426772327456827,-2.0840179294481516
-2.8888516057402853,-1.2332297060180166,0.753756769279636,-2.5450193459877526,-2.0326075050603327
-2.764844087253795,-1.5670397795435305,0.7897248945144212,-2.134859878843305,-2.0747018187685367
-2.8942868544970852,-1.1513842903719285,0.7293802363246858,-2.5683094517011504,-2.024537391597977
-3.0058625476257457,-0.9272584165651537,0.6975420987774069,-2.891765373130553,-2.016646077639612
-2.8608852237163043,-1.3948241687290432,0.7637156441995159,-2.414477789686972,-2.0683585455246467
-2.7268212224464543,-1.6681136230453069,0.810091412288389,-2.0286466539020074,-2.10157498254536
-2.621323334532296,-1.7980697633150333,0.8185749208957173,-1.6733471213347941,-2.111439492888849
-2.5221316855372797,-1.8373957437119068,0.8333611910011228,-1.3959608114748938,-2.0862692820064184
-2.7001138342060633,-1.2707871459537972,0.7922123544638929,-1.9550879606927172,-2.023013252002804
-2.6349043401805865,-1.547488472507033,0.8267940292340621,-1.657559792024497,-2.039186093670325
-2.5952666123840116,-1.7029537213029657,0.8577551188834398,-1.387298157998642,-2.0617806511449923
-2.774996268167076,-1.2308230502882924,0.8185764620721828,-1.9654497024353226,-2.0062936381257757
-2.6982827752698744,-1.5401236348677336,0.8758090393132877,-1.6723127959444748,-2.052260700825047
-2.863753155345501,-1.150450373332759,0.8430590216755092,-2.18483946298591,-2.0309951588865496
-2.9896363712853242,-0.9388525359665935,0.8220599016502509,-2.617425100478921,-2.008579695641231
-2.8648745633503476,-1.422506904757304,0.8653579827090039,-2.205244589920639,-2.0591182350891213
-2.7504336914901804,-1.6726947354497572,0.8985397367104122,-1.8461475590235152,-2.1007119357587056
-2.872269860504437,-1.2413080971455437,0.8451318450978672,-2.3350243199448384,-2.0445629780995818
-3.008373530024209,-0.9626690836321644,0.8005949658104251,-2.7199380203463117,-2.0256512968956453
-3.116589996568742,-0.8347587132895556,0.7654990475855382,-3.034344884400214,-2.0287305273526615
-2.964730995641857,-1.392163754566553,0.8411359293217121,-2.5684628498723434,-2.0701407105345813
-2.8260931653589014,-1.660766563099663,0.8724523268931502,-2.1392904027302877,-2.111513114302926
-2.9224382757315404,-1.24211377997873,0.7995426359463472,-2.563491764071766,-2.0662696271579732
-3.0253603260683146,-0.9940610522257531,0.7562991220309059,-2.8708427929035016,-2.0453275572287026
-3.103599578928625,-0.8788400034763528,0.7224998333032668,-3.152328727658291,-2.024299253254334
-3.161467213128761,-0.8028136771558471,0.7136299633743661,-3.358870458635117,-2.0275170636791877
-2.9861959196044046,-1.3895599226083617,0.8140784025087161,-2.828344922038586,-2.079426126123435
-2.8071047047757784,-1.687120755489068,0.8575782863513671,-2.342298435243273,-2.1254378862818886
-2.687842460147288,-1.8103467020750694,0.8495446752913252,-1.943689903905153,-2.147353215142322
-2.81734142112001,-1.3087631122974064,0.7676349769892744,-2.397897953292782,-2.0650687253161837
-2.9427577833290797,-1.0145817820911456,0.7153608041497025,-2.766233859323532,-2.0167891258938484
-3.0702030235654267,-0.8707955003249084,0.6829435539974514,-3.0604358353740913,-1.995948771459551
-3.1538849301599106,-0.7536675353347003,0.6737276134923472,-3.3221150263224377,-1.9937853601862667
-3.1897364469335243,-0.7281267158172163,0.665201757661725,-3.490896030628064,-1.9824603243689563
-3.001053258801909,-1.3251375789277091,0.7784122267946957,-2.9414804745476375,-2.0672715319825343
-2.8388944721092013,-1.6426867316223437,0.8060321009737003,-2.4341011065990865,-2.1006827769358756
-2.918631018629573,-1.2213744153220083,0.7169428462664549,-2.797032267254762,-2.038895381790671
-3.0308010979935056,-0.9663671823705572,0.6707769137830804,-3.0673642363643148,-2.0195000765977196
-2.867477943774196,-1.4333918329419395,0.7543066053279066,-2.562680613895538,-2.0607574609270256
-2.7386237170906735,-1.6635751433157948,0.8117063848098787,-2.1116788975724528,-2.084493797086139
-2.8706238740112426,-1.2015003410492717,0.7542938395893236,-2.527912025882201,-2.0332902539491906
-2.7212039605649716,-1.5235655431331596,0.8033251204867214,-2.12367351155536,-2.0505842058515933
-2.611191976870738,-1.6985219392616435,0.8117697344288818,-1.7698378563406043,-2.073778252000118
-2.5315968732101695,-1.766913282328385,0.8388488467817206,-1.4729598767602845,-2.070083992407993
-2.453440171023795,-1.804570112003041,0.8606941277806158,-1.241081649786852,-2.0641230766970073
-2.64706309606027,-1.2611699400523746,0.8253429706809723,-1.8577070123105681,-2.0033967555197068
-2.837615589940489,-0.9557437478097208,0.7989413495123828,-2.340313080497721,-1.9870829344358494
-2.7513881254371944,-1.4156606471603719,0.8697253447440009,-1.9976897301614298,-2.031517320742077
-2.902869988983208,-1.0753999170237827,0.8222343006675639,-2.453512542562955,-2.0231550514878225
-2.806858034913753,-1.4755879443615796,0.8783881870276302,-2.0812007535289956,-2.0467365168514986
-2.945180943284482,-1.1441316684622023,0.8357124899815347,-2.523752469604208,-2.043398697221509
-3.058412400304469,-0.9322213249380799,0.7972938804670086,-2.885926454171903,-2.023058231931968
-2.9245044194404097,-1.4289819488241153,0.85737205127288,-2.425737368112201,-2.0922594025477164
-2.785475418215194,-1.670556459254218,0.8682134487049943,-2.018397716785565,-2.107557958535653
-2.6641892603381696,-1.7983945688494665,0.8726010887401998,-1.6826811220515416,-2.123738799865325
-2.561053506070261,-1.8381228590430754,0.8553023540433501,-1.392414891117111,-2.1210912260761847
-2.486456630104457,-1.8610817294879844,0.8647421419225464,-1.1552843480612378,-2.113309846537398
-2.678336436174637,-1.3083384177371224,0.8370244819744742,-1.7715177906766686,-2.0466946038280573
-2.8471454072013516,-0.9946695355644818,0.8156843752837694,-2.294282092754215,-2.02590021360558
-2.985851939455181,-0.8367585827580566,0.7990219835480584,-2.70311095230633,-2.0020985760408907
-3.108835180423908,-0.7717047736621804,0.7747620967986392,-3.0303247172015944,-2.0104171200271224
-3.201316638524972,-0.7401943728314034,0.7350947819701873,-3.254470312570298,-1.9993771022018028
-3.259738405230933,-0.7484279983563139,0.7082370092620488,-3.4588362312047876,-2.0010280762138333
-3.060209662947495,-1.379342962297334,0.8101866815119378,-2.902222196529385,-2.0663371774393116
-2.877906290811949,-1.6900648158140985,0.8473559944284627,-2.430516481387389,-2.1265047570827282
-2.9704348015577278,-1.253245955687296,0.759144112882984,-2.7760572560417502,-2.0693757807231012
-2.815712351248297,-1.5958767005585908,0.8163199507948478,-2.295731120473264,-2.1136322895968704
-2.9191839014312353,-1.1756642245503741,0.7587717453118583,-2.6658751956336895,-2.0618228254542137
-2.8006657524917826,-1.5347274423568904,0.8011172790539606,-2.2370767250676105,-2.124640617527981
-2.665348282268126,-1.7275491049450065,0.8443232555479387,-1.8618269604696518,-2.1440676303252943
-2.81209674102356,-1.2563265048882364,0.7685519485654289,-2.336117813825927,-2.063284287026426
-2.7271312319674736,-1.5490098986696474,0.8102350595555238,-1.9754600533892988,-2.070448430194763
-2.6147819331768334,-1.7100755334578297,0.8407548700668437,-1.6475581055937767,-2.0718269043823625
-2.787754708785714,-1.2270260634245116,0.8132386572998633,-2.155324124661006,-2.024969604219376
-2.9300283545389747,-0.9533890901997065,0.76963782266989,-2.5968355359213575,-2.014762174749362
-3.056888616147304,-0.8190193341018991,0.7332042693481025,-2.936404062587662,-2.0163063971443913
-2.91889548034437,-1.373168957356307,0.8293698066298744,-2.4942502543656357,-2.056901850346255
-3.0271484969591445,-1.0791495170493675,0.7697421223587267,-2.8350914700944245,-2.051088621085292
-2.874929971233651,-1.522052094859606,0.8172286949304659,-2.359940670986199,-2.090198259640329
-2.997592190112045,-1.1490244595073504,0.7719218528933335,-2.740028581845974,-2.0282623657973233
-3.087408186999271,-0.9417256989781958,0.7239872086401268,-3.0432986525525494,-2.025032190682612
-2.9333393654491697,-1.403369085217964,0.8004648872196395,-2.5300369292454055,-2.095911615019322
-3.0240856560218994,-1.074390048694704,0.7437084189714117,-2.8689882009982934,-2.050103930055554
-3.08028607679812,-0.9136153339032719,0.704776275903081,-3.1385132117007513,-2.019175563033566
-2.9315485771366934,-1.4053565591521373,0.7828921352524782,-2.6261989996314483,-2.0644893420519335
-2.769011721322648,-1.6666049178264573,0.8042984865486478,-2.1853344007180358,-2.1220708596401625
-2.9092944953955024,-1.216016543970861,0.7648128513562127,-2.572394450064976,-2.054594746094903
-2.7800025776091988,-1.5439662230993554,0.8219940039499265,-2.13724296123453,-2.080122539901961
-2.641186795541613,-1.7243101927949485,0.8481509967703346,-1.8005828388228386,-2.1142231129758153
-2.7785720893189345,-1.2522816050257626,0.7919103462350476,-2.3077809252842276,-2.0275136680956534
-2.671433278322976,-1.569758573194719,0.8329983265452309,-1.9446045037636581,-2.0668846966023757
-2.579218184698815,-1.7410910211959847,0.8433208681919305,-1.6344754421666106,-2.06874302607942
-2.505546848028417,-1.8041025060257507,0.8475869778618103,-1.3581529776264136,-2.089590215832408
-2.691296442327168,-1.2843368707079867,0.8280410987638196,-1.9391505023303355,-2.032462270601886
-2.6167241717547842,-1.5568493303105273,0.852726055646058,-1.6386821293747793,-2.0402997848570235
-2.5836647474528354,-1.697146448672373,0.896298144265413,-1.3943801947791008,-2.0651842998925822
-2.5240927169414342,-1.8054698179582036,0.9187177416382315,-1.1757300280251766,-2.072631503137456
-2.725984159744653,-1.2988597166574212,0.8927725017990348,-1.7884193843597227,-2.034643545883645
-2.898166027143725,-1.0146930845404416,0.8694877185790725,-2.2853493792701225,-2.0360577206321055
-3.0344323071121693,-0.8652206099844127,0.8466524778321769,-2.7010617620469994,-2.0347245142013217
-3.1454569899941744,-0.7812119900807297,0.8161084361160047,-3.033324638128548,-2.023298682095376
-3.0002316072019304,-1.3714848901738426,0.8831628709044447,-2.594079568899879,-2.0840031038820457
-3.101492092366709,-1.0850819244455077,0.8161809178242814,-2.921591492196412,-2.0579155159631934
-3.1644759231092783,-0.9378684410588709,0.7668275023355877,-3.1722847974102706,-2.048469659826397
-2.9907677814521225,-1.4555941230850902,0.8406623503772617,-2.6612644510509287,-2.1037206831307067
-2.8317509896804665,-1.7216836806488893,0.8571003610210475,-2.2265018283173372,-2.135448061232824
-2.9262340455135134,-1.2684057118812253,0.7859998450387043,-2.609252488132898,-2.0927203613363474
-2.7743056690193573,-1.5889481450077787,0.8338849756089657,-2.17285609379978,-2.135343779278887
-2.6559046561268094,-1.7625415064070664,0.8368827476044921,-1.8232407734768767,-2.132781155107866
-2.558507113154108,-1.8384357184493016,0.8471928551543516,-1.5051590867385731,-2.1290205740813692
-2.490249331451971,-1.860356579470199,0.8649865002594281,-1.2836253032986489,-2.0997965421498956
-2.6856618452735606,-1.31054141725626,0.8254844815533671,-1.8873365946225404,-2.037273264208971
-2.8511727762665964,-1.0055484720247803,0.790466800296105,-2.3760611317610403,-2.017750364152804
-2.765906756558813,-1.4277468075428803,0.8658103062719359,-2.0075489202400183,-2.0355167291229685
-2.881583998403402,-1.0861834987002454,0.8433839915129844,-2.4792901698465344,-2.0317228456892913
-3.0182839157072876,-0.8895839647586625,0.8005923599185869,-2.8515969803547603,-2.0162582463880003
-2.885205814434206,-1.4244776954482388,0.8702860115270036,-2.4057653684152784,-2.083737951364918
-3.004759108270845,-1.106040861685979,0.8286493448990732,-2.7574853384137104,-2.043725197561979
-3.0957451560079248,-0.9318612708799079,0.7650907747950416,-3.0806787354797054,-2.017544978200686
-3.1566271226970555,-0.8397572464255503,0.7325530123016315,-3.3049861384397192,-2.0252941711073364
-2.9957030371544793,-1.4171411287934292,0.7982155196920219,-2.7726738613167283,-2.0976277888616073
-3.0634083132924297,-1.1282452414833608,0.7548533289165621,-3.083618257995743,-2.0591495855117055
-2.896508873445576,-1.560327312223719,0.7919711103479081,-2.5511477305673176,-2.132517369046347
-2.744167561516426,-1.7850451720328329,0.8207627854636544,-2.1273962107894415,-2.166667536214371
-2.622038874235699,-1.8549321149211173,0.8072507935354508,-1.7591059078508893,-2.1502448001625667
-2.5216913859274004,-1.8840484202213952,0.8275703549066687,-1.4435557203442178,-2.135024057922025
-2.706266435961766,-1.3228045404158326,0.7933269433369924,-1.9921852085535114,-2.0503572392533513
-2.6136334880604792,-1.5872482261267054,0.8390204717901899,-1.68796490272094,-2.055052360556747
-2.5280068476500306,-1.732261070503826,0.8612606523118622,-1.4147641575701768,-2.055000586818126
-2.7194627660651687,-1.2173822929921834,0.8330750850073294,-1.9989725050491967,-2.0028092290230903
-2.6660999426424286,-1.5275542247827543,0.8601323399998918,-1.6747703559584415,-2.0470052350130405
-2.5839078238286914,-1.700111149729465,0.8869175442630771,-1.43758242186279,-2.0519482953354506
-2.7733135937662667,-1.2451920409292503,0.8471622281196791,-2.0150358299647047,-2.003920210242872
-2.9159567444115635,-0.9835810651845158,0.8321740334402835,-2.482168027581947,-2.0062519612959977
-2.8263075520142205,-1.4424605892230862,0.8812794431770582,-2.1155072125092795,-2.051561484233909
-2.9526246136399283,-1.125648298472594,0.8397436490640655,-2.541394775571764,-2.0401266007781986
-3.042311097359233,-0.9388843868299681,0.7836639344663945,-2.904474942013553,-2.015796728080631
-2.9131497678821865,-1.4588463578547473,0.8422295367179062,-2.450334595789866,-2.0852852307784397
-3.0013819073679913,-1.1374386850593212,0.7787291319253925,-2.7934978388202105,-2.0545277759926055
-2.8613628878690873,-1.5552776579597607,0.8300442114583978,-2.337473840397444,-2.0916725517277084
-2.7342674024457514,-1.7655716122725413,0.8471773581580453,-1.9404350875114709,-2.1154075160270143
-2.8759512679420047,-1.2860572599220101,0.7807300398726567,-2.406130973414083,-2.0569488269649487
-3.005355344043976,-1.0093151730138765,0.7431358939492635,-2.7834459693525777,-2.0327148289007733
-2.849624492628785,-1.4423590865663034,0.8106296155636155,-2.336500800591436,-2.0758541960283514
-2.953945515354139,-1.0854976162187173,0.7684087106752375,-2.7180004392191104,-2.025361961276657
-2.8197351973152087,-1.4846957792951982,0.8147630071360242,-2.2820337760102487,-2.089145763328231
-2.959852325914921,-1.1181674045693561,0.761011538780584,-2.659201359583643,-2.0511926834632916
-2.8208281037997396,-1.513860969319733,0.8218951577388316,-2.2324178185582046,-2.0978818423172463
-2.941868808863044,-1.1478456927351621,0.7745040926386632,-2.6208738415446695,-2.0445043363291133
-3.0417238407861156,-0.9381833599253917,0.7386684344287711,-2.9470615196682206,-2.013911482396192
-2.886370175335234,-1.4361426686995842,0.8127271386375522,-2.4845925746455375,-2.093489138199069
-2.7558608742105353,-1.6845571626128208,0.8372119585160943,-2.0749693596662295,-2.11809414412657
-2.8924102434704624,-1.2430455929127626,0.7784918654418338,-2.511446915388207,-2.0528820065037707
-2.760259037209866,-1.572968769613804,0.8069215557507922,-2.0967791114536998,-2.090055769458578
-2.632677552095867,-1.7421069749978284,0.8408532798183475,-1.755192950732539,-2.0721267514836526
-2.552242384207097,-1.816216644355118,0.8582029014437906,-1.459030853628896,-2.080081143174275
-2.4766332636051893,-1.8445264160487107,0.8639494862994108,-1.2167759817167096,-2.0685350542630414
-2.4227067529302584,-1.8447119786169657,0.8963883660224677,-1.0180690823032923,-2.0573264423322217
-2.388074296162485,-1.8483954811836416,0.9210154035973831,-0.8488947451867122,-2.04680530505718
-2.613813004030561,-1.307033901844161,0.908753221764447,-1.5200617579229398,-1.9975683158387922
-2.575448407988285,-1.5639409849517176,0.9412389898433021,-1.3208877457026738,-2.030462801959187
-2.7793382957570056,-1.1456488925857253,0.9237376511410658,-1.9041753783002984,-2.0308485058497454
-2.708740685446722,-1.510568132851599,0.9524297772534361,-1.6459568130301783,-2.057288873270768
-2.8877936949238623,-1.1252231675115636,0.9106249870754498,-2.165611714354667,-2.0485283964139476
-2.788383944511749,-1.5153794842693276,0.9483650058604463,-1.8281933836997037,-2.0717022955767948
-2.7088269287516287,-1.7205104664778024,0.9453834602374145,-1.538696563218844,-2.125029200902348
-2.862151265641473,-1.274190701723076,0.9015192686751179,-2.092980089528062,-2.0715785810996934
-2.9999031919162964,-1.0174551605440834,0.8571546045905502,-2.5221980709060787,-2.055460419283779
-3.109840338622357,-0.8671131199241994,0.8024360375549159,-2.8784313639180805,-2.054769932604279
-3.2025186174742974,-0.7984516210919427,0.7764021298188595,-3.1545083832381406,-2.0438935227841597
-3.2469913203298044,-0.7628127625840337,0.7503984832593266,-3.3495942015315596,-2.056852385993674
-3.048180988062623,-1.3836147271466293,0.8508353919645866,-2.8271963122748924,-2.1262397428027264
-3.123166070299814,-1.1103417494647538,0.7880860667577546,-3.1028860203300725,-2.072250433478907
-3.1761419442444465,-0.9399045755342508,0.7167903734541511,-3.332328670776729,-2.0579092600075897
-3.20732710450986,-0.8558304963108376,0.6884553082893615,-3.5069392873484766,-2.0492418348092314
-3.243806783577942,-0.8050491947221072,0.6497240073083925,-3.658170863596076,-2.012776985467424
-3.2801293535466773,-0.794227762484918,0.6121312713121572,-3.745212478770081,-2.0037519355460462
-3.2834820062014853,-0.769970879996162,0.5889920498690535,-3.8337829572033426,-1.9867749264768082
-3.0586114078417665,-1.3834372823532328,0.7171634027168626,-3.1737205413368055,-2.0736906176595573
-2.871887179501864,-1.6628820812402887,0.7599582561147072,-2.6295704699150497,-2.1432230801078704
-2.9585835550565953,-1.2218989437373091,0.649842520580711,-2.9102479273266817,-2.0875311390741036
-3.030928809845945,-0.9740257944626023,0.5857483025231952,-3.1874326256292718,-2.0311979487988316
-2.853225746541505,-1.4425064206144904,0.6848109510415518,-2.6545682225066636,-2.0681478582746133
-2.6842971947241265,-1.6779294593196323,0.7227521637478814,-2.2073284902607053,-2.081047138787498
-2.808640022490976,-1.2235278287518765,0.6631790068991393,-2.611080956938574,-2.013984594930833
-2.942108200583098,-0.9518590457965254,0.6281088117185937,-2.940766947840261,-1.958951902093798
-3.0383482667102193,-0.8170688064818931,0.6231870335556852,-3.211426315283036,-1.9535483929669537
-3.121142672603558,-0.7521410799667361,0.6281935256140718,-3.423233191588016,-1.9325497646941991
-3.18198712704494,-0.7462250656487786,0.605434135676617,-3.5899244822481116,-1.9507121330163528
-3.229033031759312,-0.7185921340060433,0.5859925208505758,-3.697987127543725,-1.9480141883252735
-3.0155213671038403,-1.366591695945313,0.7163239316661585,-3.0778611316004483,-2.0308844926567793
-2.856640425900753,-1.6716267837809817,0.769926454891241,-2.5497107551334985,-2.1025961476003023
-2.913946428744599,-1.228948430440581,0.7062037707847088,-2.880547004254039,-2.026778110580212
-2.7624606512688734,-1.5602992558647686,0.7502411113047303,-2.3867097901138496,-2.0710133841106018
-2.885315981853452,-1.1560810774113788,0.6555749110642011,-2.765548644079435,-2.023678023190479
-2.7402142600343886,-1.5156208912914038,0.7243080595438076,-2.3210470173317663,-2.066346278181302
-2.8833732792471856,-1.1498695262005503,0.6842552278715899,-2.716793943538351,-1.9972575470273952
-2.7338875167936134,-1.5243097931285776,0.7608765001647638,-2.2578137458419887,-2.0315717804285662
-2.623376201722826,-1.7123304215777364,0.8032753899182348,-1.8857137005543558,-2.0532689944818885
-2.782749015096613,-1.2364986075088573,0.7380192894233317,-2.365707666862027,-1.9930971864806046
-2.696793482730033,-1.5365486844253418,0.7974678360322751,-1.979259903493524,-2.04565507224179
-2.600178634274256,-1.7032562091636387,0.8114671010141897,-1.664525459352299,-2.0612028404044027
-2.5299772704474544,-1.7857293304972657,0.8319680912964396,-1.3858287897601231,-2.078901633390589
-2.7249287037949443,-1.2600480577748117,0.8065016686070442,-1.9636588723374748,-2.0309521576877523
-2.8795093654610633,-0.9807303704535093,0.791740142991731,-2.4251267385592037,-2.001132772943163
-3.0004489995861685,-0.82720008355622,0.7627760722333863,-2.795109623613364,-1.9990720170947454
-2.87405327869966,-1.3796997288691282,0.8515934271961554,-2.3671768146575958,-2.05542945905285
-2.7526658381898734,-1.6777487006741032,0.8525317655572338,-1.9866057218490647,-2.078967424029565
-2.6511254796447714,-1.7760763071425474,0.8616652582942439,-1.6444004464647233,-2.1232905887847044
-2.569850068945252,-1.8524913418321702,0.879717087310046,-1.3760408107226036,-2.097254822807381
-2.4804887932785413,-1.854299216353152,0.8881962327371062,-1.142851327482565,-2.0863082093038665
-2.4389332190031148,-1.8566023184909328,0.8945311362535832,-0.9447457618213736,-2.078502502529783
-2.4029789985790075,-1.8568996871456536,0.9214989784550279,-0.8001030987019393,-2.083092282454996
-2.6366298837894386,-1.3113107783431162,0.9061068391098265,-1.4967004277176152,-2.0391098078121668
-2.587271577572202,-1.5567694634373759,0.9308151721572324,-1.2935061623495994,-2.029625739937199
-2.7785797698104,-1.131940014957792,0.9274877777136664,-1.9070514524011488,-2.018388218417433
-2.9363148862971697,-0.9110857120389425,0.8812625527811159,-2.4130137975201404,-2.0185761784411014
-3.067504358177044,-0.7997369767047693,0.8497329346693552,-2.7943484260119544,-2.014931897730264
-2.9399889345201697,-1.372145863249916,0.9167966217144968,-2.358636884748617,-2.0942128825646975
-3.0572460392248826,-1.0745582742206348,0.8575384053144146,-2.732740546776147,-2.0493389838971563
-2.90309656661122,-1.5146509599293716,0.9138961791884251,-2.297432691668703,-2.089411752399607
-3.0147458552138624,-1.1558024944601772,0.8444720628256404,-2.6957562665677672,-2.0649803636389854
-2.861406815686744,-1.5440330136677,0.8985760569339238,-2.25517498895152,-2.1295167489820175
-2.971288769272568,-1.169014017201414,0.8180313685359002,-2.6559034542905895,-2.0543790038244145
-3.0428327640767985,-0.9376738058453121,0.7920824115803095,-2.9752552377281947,-2.0200706534693538
-3.1374848126223145,-0.8075071454747026,0.7305572525794889,-3.237864430122178,-2.0138538158277073
-3.198719048999486,-0.7553598762565557,0.7071302367834191,-3.4157433795140375,-2.008895632440713
-3.0042641036656743,-1.3436695149777573,0.8143615261097894,-2.8783624140438095,-2.0696132215777268
-2.8482927881300073,-1.649094060030435,0.861181095223313,-2.398017311781897,-2.122220445984395
-2.9296559707882794,-1.2063437774189192,0.7814156341787635,-2.7624494909636175,-2.0601179288691283
-3.0214357478556844,-0.9545575677999695,0.7170232690157745,-3.0529873835205534,-2.018431729781266
-3.096908135718651,-0.8240558168018437,0.6877611423138288,-3.28912853081385,-2.0109159096881246
-2.9163032785959184,-1.3828622589287778,0.7711279177220746,-2.7577605737558817,-2.076879248291364
-2.753683732764804,-1.6686272968309217,0.8001957165989677,-2.2955415824015866,-2.1210091326239815
-2.63308193940058,-1.7794297131167125,0.8111365393504761,-1.9010899968995691,-2.122468566045452
-2.7781823087535766,-1.2736312435400559,0.7433032243872165,-2.353895240397862,-2.057180245364121
-2.920177646014418,-0.9963053580664979,0.6956671449468896,-2.7462387698854367,-2.008708414288239
-2.7864960508697196,-1.4186488114033529,0.7809777570750822,-2.317062751310647,-2.0464561674865704
-2.904224679833452,-1.088257915890892,0.7445195338029038,-2.712512426695318,-2.0189341405000714
-2.782327917763709,-1.4805258828318968,0.8111062436400628,-2.2790551496755147,-2.057632946101505
-2.9109683353147395,-1.1437721796076223,0.7760473617398667,-2.683006341811006,-2.024667395228798
-2.7760863003678162,-1.5189991216089045,0.8297513997089135,-2.242768228537652,-2.0632100248314873
-2.915200266293019,-1.151826423020522,0.7820857116067489,-2.6507920194190677,-2.0444229180238906
-3.0220211823282206,-0.9533746978898754,0.7363497402988378,-2.980526072594533,-2.026863813195547
-2.8725015555732423,-1.4383863470806924,0.8062521826254322,-2.493468241652294,-2.064840634649433
-2.7461836448783807,-1.6875346273330967,0.8229590796574827,-2.0903276488516016,-2.116036217488418
-2.6419137462008626,-1.809005493283677,0.8335387400910694,-1.7423132596404756,-2.111713907489152
-2.7993277749820544,-1.3258317176116567,0.7812354579269767,-2.229912395536991,-2.048517903067076
-2.7172596691493607,-1.6045172828485694,0.8326069379626456,-1.8771913593683376,-2.0715800716560535
-2.5961496446878454,-1.7481456857756985,0.8561841947601347,-1.5883189823543933,-2.0686481716296248
-2.782929804705837,-1.2674386262322606,0.8190146731251261,-2.137325754572268,-2.0293832784239845
-2.682095820216305,-1.565484020915094,0.8688950688170634,-1.799238609877994,-2.0818127088569818
-2.8462299200379704,-1.1406360487614307,0.8126929554064439,-2.3113470465660115,-2.05135516539712
-2.7576891666653967,-1.4973732044418846,0.8746203305220149,-1.9637644290961567,-2.0813542853354305
-2.657281736950545,-1.6836129482145084,0.9022470121428445,-1.669007867092138,-2.083399883689957
-2.8103848678552197,-1.2222189866383415,0.8354868038897831,-2.1909682098888124,-2.0175204675596885
-2.954221008249097,-0.9552273077941278,0.8074247828718948,-2.604092408713355,-2.016916496284435
-2.8480897922941155,-1.4289132686150188,0.8800042135284369,-2.2061905943636035,-2.076344428956667
-2.9637642786837146,-1.0898474133554106,0.8271378936162769,-2.6099783701297476,-2.0344378557141285
-2.8445698003955058,-1.5116960990817458,0.8638458140574853,-2.214450189827174,-2.0770978079112927
-2.7191762982283185,-1.7241012073699507,0.8728166495925817,-1.8546398615926023,-2.1171638005682896
-2.602833052379319,-1.8398301850276124,0.8789386962180763,-1.5684976026974853,-2.0873933098023345
-2.7636246579709045,-1.3029189118908688,0.8432712340060105,-2.0876274844470086,-2.0229690776981917
-2.8864745286500333,-0.9964869427285201,0.8101140191870844,-2.521420469705365,-2.0102906566359713
-3.01954914927402,-0.837832195046591,0.7819043189847902,-2.8785291951256413,-2.016044723201658
-2.9056416334036275,-1.363737171704721,0.8703282742807831,-2.419991860683049,-2.071942969617639
-2.771544494851249,-1.677434733736755,0.8808719547061947,-2.0310424194441157,-2.1200386853927813
-2.894882140000698,-1.2352394671879012,0.8390224977224406,-2.4629252183372454,-2.065164137820997
-2.777995143089421,-1.5806882273460245,0.8804712017732514,-2.090101601748813,-2.108223153453774
-2.6669422568191465,-1.744108964172631,0.8816918457891572,-1.7358317213515988,-2.106205603253789
-2.819047870850167,-1.256600328216532,0.8391891225608719,-2.231196094814916,-2.064263241718403
-2.723534241838535,-1.5802370932329197,0.8908964399873746,-1.87868902064705,-2.080546639216277
-2.6347764086099534,-1.7604185938434997,0.8869493549993006,-1.5802965556127309,-2.097890553179924
-2.7974882455897068,-1.2729486365262321,0.8553541189887107,-2.1129559533893607,-2.0453750967434625
-2.926796256780949,-0.9849367108941997,0.8167875616601246,-2.5513197315209255,-2.039706032838973
-2.819005728245553,-1.4507354917501154,0.8718040259563757,-2.152921160807411,-2.0786544860481024
-2.7262378803399305,-1.669209793389023,0.9005305257745259,-1.8210893022110068,-2.1207987068124896
-2.635313743774113,-1.8014400565055257,0.8931848621500351,-1.5146152373894897,-2.115201241701097
-2.8006358471389605,-1.2832958397849752,0.8389581879664563,-2.048767436959325,-2.050175123367186
-2.9437193384848426,-1.0180326782403168,0.8217606856682257,-2.5118920489869474,-2.037221601314709
-2.8287385293941454,-1.467014099339498,0.8819717117778435,-2.129301533768972,-2.091357101727195
-2.9665508670294822,-1.1086425725958524,0.8477175564323712,-2.563764761237252,-2.050457020548733
-2.8579902164872317,-1.5242121070989634,0.9099413989206535,-2.1625535922471806,-2.0985016183515097
-2.9657623419366685,-1.1527366435352695,0.865697928743032,-2.5946194732804657,-2.0544827375674073
-3.0595708260193417,-0.9470212965271934,0.8179423881058446,-2.9351243649987677,-2.055925743711748
-3.1312984639170782,-0.8542574512102,0.7551315002062527,-3.208627740830764,-2.043069588939354
-3.2131534408231994,-0.7830352478329219,0.7334756112299051,-3.3865780586121055,-2.0445555676184433
-3.2570033251717105,-0.7666373592874665,0.704728188172658,-3.55097812485618,-2.0402313325974015
-3.288118822081317,-0.7459665316732571,0.6648779136721525,-3.687123602156168,-2.0162518011329955
-3.3200553566105584,-0.7336017164665938,0.6322993506647383,-3.7770318772027167,-2.0127080991199073
-3.0744004512379135,-1.382630730765416,0.7511010665371023,-3.149401768931068,-2.1059370478709076
-3.126500161385027,-1.0871956202542987,0.6843319086177833,-3.3478529140690485,-2.0531688765773324
-2.909231820609885,-1.5246243601153542,0.7331684160575395,-2.7812801463738976,-2.1103168530912195
-2.733062146801175,-1.7312815176744725,0.7675611625922526,-2.285757793425543,-2.1490258092665475
-2.590235953195017,-1.815936590089353,0.7687588112556092,-1.8785279024433903,-2.147782358093061
-2.4656709235816927,-1.8559580970083243,0.7877075878056446,-1.5546534483339498,-2.1202638421184226
-2.4070141329403625,-1.8404624213262677,0.7896963501162515,-1.3052480414480487,-2.0948087802326554
-2.3481368647572034,-1.845095314352056,0.8132239934937645,-1.070562904684163,-2.0531604559181513
-2.5783111807222787,-1.2874841749913941,0.794316258221609,-1.7312545737116234,-1.9943607191872779
-2.7748868457810962,-0.9781715395520717,0.7822515551679695,-2.2422503638635245,-1.973605984320902
-2.7082895991273936,-1.4058897154297672,0.8506087960199424,-1.9138328550138253,-2.0009096563335125
-2.8664012096908436,-1.0776692806633492,0.807150160882741,-2.401331302781677,-1.9967051163807656
-2.9925011425366392,-0.8970049425535752,0.7708009293792328,-2.7866212309271248,-1.9964317996017718
-2.873042421650218,-1.4169666512349113,0.8388581465349902,-2.3423937094257905,-2.048746648763966
-2.9916766845349403,-1.1125498164584724,0.8085268554619975,-2.736375990237148,-2.0348835992607044
-2.858893219802796,-1.5371367754536773,0.855417485731069,-2.307582711249121,-2.0688393420882334
-2.977599488308936,-1.173351588347932,0.7977343804857302,-2.6815270233880746,-2.042566122790752
-3.073477295115476,-0.9309528746458848,0.7333573800348538,-3.002685138692241,-2.0210854381272028
-2.9317326084982005,-1.3991067914236017,0.8315542548162463,-2.5036624701402483,-2.0869139917638035
-2.8177199202883187,-1.6663906064622276,0.82517386245103,-2.0858763835510996,-2.1356006782784878
-2.6800935634566336,-1.8096825062572917,0.8412701640238149,-1.7318968922818587,-2.143630811487665
-2.5670641911306515,-1.864901601140963,0.8614105068989252,-1.4516156858063174,-2.1583060272404793
-2.483886129477318,-1.8832358392498354,0.8792360222528313,-1.2146913831209658,-2.1378995890587857
-2.416220108860946,-1.8613232598257836,0.8923981180293237,-1.0128586373191741,-2.103170070153647
-2.6363107896931544,-1.3061982157187606,0.8541328690491998,-1.6768819691607897,-2.0372892993662375
-2.588982527404633,-1.5734820557362954,0.8993845449626442,-1.4367438214764543,-2.0503153095338265
-2.7769131337963118,-1.160564660924256,0.8857187898817572,-2.0299231089615493,-2.015394866111088
-2.9231901685402875,-0.9315363058864109,0.8645003937766292,-2.489811792955971,-2.0286393873581603
-3.041371563530698,-0.8178219867963306,0.8494622621518907,-2.8609046934266775,-2.0422369749148666
-2.932991560621829,-1.35542373069723,0.9200088544840268,-2.4134817093802705,-2.0958155119398247
-2.8026650729271596,-1.6615198383495031,0.9366579855048044,-2.031152186301124,-2.114811368813754
-2.708145491819908,-1.7883116064188869,0.9170483246091578,-1.6782713397673161,-2.139938804872744
-2.831942982019353,-1.2973307218762542,0.8694375412829812,-2.1964918943378664,-2.079290572738518
-2.725342991838265,-1.6067486941048115,0.9005223843546949,-1.8626570461063048,-2.104861402301873
-2.8732016218815155,-1.1792163521861085,0.8323011335688503,-2.3429838989405556,-2.0528322295829153
-2.977765990857014,-0.9565043824045348,0.7973982995164941,-2.721639774973567,-2.0385471995309574
-3.1054266136811317,-0.8223832217892991,0.7826498950306171,-3.036786100602693,-2.028703197187664
-2.961703821239709,-1.362302723051447,0.859641719349989,-2.54810196722754,-2.085485433902728
-3.0618356198745578,-1.073497476181327,0.7909508526143769,-2.871850832723275,-2.045125009770519
-3.123442860871896,-0.9069141456064838,0.7488766078313194,-3.124194106203323,-2.0335959771208447
-3.1866065705119277,-0.8099798198203988,0.7096665238504152,-3.3397023828783645,-2.025487740360601
-3.2474707605962285,-0.7693032377484661,0.6570246902473852,-3.5309633832382152,-2.0138099464253676
-3.2870970537182393,-0.7250547340139512,0.6141443028782386,-3.6605082464325385,-1.9751352962402156
-3.319349147136236,-0.707341804911372,0.5967297825302008,-3.756078004317381,-1.9995712650584572
-3.321714960050883,-0.7088482629036054,0.5819889519506433,-3.8189154005743147,-1.9795515226434035
-3.3155285807938206,-0.7194236683347092,0.5604415127921546,-3.8972680155566697,-1.9791926486459923
-3.061789736667592,-1.3677837450221146,0.6960647139462129,-3.2382718367794707,-2.039925450531379
-2.8817841982993886,-1.6566531855205893,0.7208964162954088,-2.6789581410483003,-2.140284846606601
-2.945105021982152,-1.2077526806567007,0.629699721082854,-2.964608015635849,-2.051190152775716
-2.7499444166069753,-1.5556306690571295,0.687620034900862,-2.4657008560506664,-2.086274318957497
-2.620151819991175,-1.7065507744892614,0.7008041055989968,-2.0198348717298673,-2.0949046122928983
-2.758333410373468,-1.2197410770946822,0.6544369031118639,-2.439850455516509,-2.0026109857205237
-2.6595184187858885,-1.5316171316683809,0.7295044264013937,-2.0562561472533756,-2.0465918261298532
-2.8133085826744355,-1.11935179250285,0.6919857693192493,-2.5300668775299657,-1.9788697333018301
-2.929841869854598,-0.8920004821989411,0.6655545052887119,-2.886335230725464,-1.951394854094794
-3.0273689877442056,-0.7999308187275145,0.6380848080615504,-3.1752367377695383,-1.940575288117664
-2.8905298877962884,-1.3488864112061596,0.7523419414234219,-2.647347867249785,-2.019376884796409
-2.790863614481655,-1.6165965244166733,0.7938385840332677,-2.18828490285411,-2.079423557377185
-2.6535093351564547,-1.7531893589042944,0.7889323122814036,-1.8119455980998247,-2.082194937063795
-2.7944460507432654,-1.2601672112634612,0.7447328672541956,-2.2754378848775336,-2.003651191020337
-2.9187185510753366,-0.9850434420531997,0.7186886615005502,-2.6559447408571684,-1.9782484062555201
-2.7940269011135395,-1.4383690091717636,0.7820270790954349,-2.2364826752458975,-2.028635435857916
-2.6755899921569846,-1.6920175585838717,0.8020104060449562,-1.8978625050752864,-2.0329856063373586
-2.5816718586825793,-1.7854740891041079,0.8391888502284999,-1.5791178583593726,-2.046900782797295
-2.485732567554845,-1.8373686271172645,0.8629077604069427,-1.3050973060181659,-2.056203735806328
-2.6852204349363933,-1.2963881434438655,0.8204259569829274,-1.9108255657759579,-1.9815071249002436
-2.852501949457155,-0.9964864996272002,0.810891907188897,-2.38343238121696,-1.9781683796951897
-3.0081806695110944,-0.8395464305420536,0.7668994942873367,-2.7674170984560056,-1.9688565240058624
-2.906603126336003,-1.3669894872990676,0.8296832455519313,-2.3448707142330245,-2.057390400450943
-2.77886061283126,-1.6467237221608133,0.8660967650219127,-1.9554789575549179,-2.094113193106157
-2.6452999242475617,-1.7829948384151886,0.8743766899981649,-1.6344986237177563,-2.1074124803931884
-2.5690954808572055,-1.853919102706833,0.8761026133559088,-1.3426861761744502,-2.11606449810119
-2.7560773559490275,-1.2969821800835117,0.8462597088697819,-1.9189541704280368,-2.0608093527061633
-2.6616511534159515,-1.5827346730870806,0.8651203869246017,-1.6372157570103805,-2.0771356016784024
-2.831184034842085,-1.1669620802814356,0.8417979357593857,-2.1448623547193715,-2.045811504679981
-2.953945821902939,-0.9507065440260983,0.8204433401594529,-2.5892134613245994,-2.028699346270076
-3.075373238828377,-0.8172893232126908,0.7943114957680921,-2.9392762453187204,-2.017733526529528
-3.182289813164983,-0.7597571891344854,0.7696236635278398,-3.1935264158743975,-2.0244073571540104
-3.2472783699215455,-0.755557411589023,0.7212600702280204,-3.402579181702828,-2.024281101102296
-3.2904807026451492,-0.7503412335855376,0.6955529593524794,-3.5721712005855646,-2.0085982470375656
-3.096218119215247,-1.379411287818351,0.8072880034953402,-2.9740057669517834,-2.09515781093148
-2.8910198055963616,-1.674764700841523,0.8168813199523153,-2.467505271672506,-2.153896925298955
-2.9762755358819253,-1.2387432016791888,0.7419186161381202,-2.7996436843806736,-2.0803490323717773
-3.0460189838643124,-0.9849033099461548,0.6848191471897951,-3.095675021939518,-2.0243319741033177
-2.878265111520918,-1.4615769444092845,0.781057059887194,-2.5898550847457447,-2.0923441515261105
-2.737490814769534,-1.6934945560082915,0.793849118141526,-2.152674760499474,-2.1077011576296876
-2.604481613215477,-1.7997993783527795,0.804953545896323,-1.7896893185293459,-2.1275035221747256
-2.508476023844638,-1.851269726888866,0.8321907595018153,-1.4853453920951722,-2.1131646818166314
-2.4138032273006074,-1.8754157510595812,0.8360792934666096,-1.254184838441705,-2.0931628883071434
-2.3691776360942005,-1.8528830110307986,0.8572183606932455,-1.046316964898752,-2.0759626777569564
-2.3482311496825248,-1.8513710075960224,0.8788106462660978,-0.8752426791793108,-2.0426976160633745
-2.5731229588986713,-1.3037421459122491,0.8631365630858265,-1.5663207192671085,-1.9945651526605839
-2.5474115278297824,-1.5713443806035905,0.869096507431368,-1.3591992556065782,-2.026775713539395
-2.503376880678175,-1.7217563385075891,0.9080596242721021,-1.15804335379415,-2.0430721519629778
-2.482504586597047,-1.8175146707425072,0.9355283085262833,-0.9713437899775895,-2.0582076678893304
-2.4633115952377853,-1.8689186476881412,0.9239283105550332,-0.8338305326751676,-2.0550585686575737
-2.667659945547881,-1.3523803385369257,0.9534392844140361,-1.5068045067172604,-2.0310627946702984
-2.6217184247524665,-1.6142448500126283,0.9917677475675882,-1.3030727616316002,-2.0452872611358703
-2.836423280363582,-1.1876277198203222,0.9633933090155675,-1.886084314097255,-2.0476086129710844
-2.988655638285917,-0.9558554796926211,0.9083927049763975,-2.37592257723905,-2.0627112665396807
-2.8956983629575257,-1.4228175523797355,0.948206464159463,-2.0212375024219695,-2.0959834779511346
-2.8059156590892362,-1.692268599462259,0.9505564341862149,-1.690250210173426,-2.115741254531032
-2.695012993794784,-1.8290023571106822,0.9585556230425117,-1.4278900442976843,-2.1409613134638596
-2.8530347603288164,-1.3237818344648598,0.9050979015747519,-1.981406870232871,-2.0964816038732246
-2.9996206664816065,-1.0271834049574726,0.8632566764177257,-2.417937925044949,-2.0899667421197576
-2.8691095701166973,-1.4795372994558893,0.9070647983494089,-2.065014584307412,-2.108218537463915
-2.75813796810312,-1.6895216962419395,0.933749344364559,-1.7260274514807346,-2.123028013748119
-2.909261387741743,-1.240266954344897,0.901332226839943,-2.2486640355884413,-2.0885169309093934
-2.7907688691372847,-1.5857306746892137,0.941653897199105,-1.8988303669135325,-2.1337743420886457
-2.691278013477263,-1.7518976216173365,0.9449091971543211,-1.599374661558002,-2.168997772916822
-2.831386912906501,-1.287119605725731,0.9165197594757185,-2.125250662152798,-2.1062638120068766
-2.7240788157452958,-1.6169291321770178,0.9386738135374819,-1.8111734246327376,-2.127581938446316
-2.8879219543200247,-1.206435356510714,0.8829047228279033,-2.309494148041572,-2.0881935047058486
-3.0317336966394515,-0.9707346071577052,0.8498339636408823,-2.698963490963073,-2.051761088615754
-3.1207766530911463,-0.8704491463538307,0.8109439129768767,-3.0197272340027697,-2.058893794079774
-2.9614683766060352,-1.408343740636653,0.8817285462683221,-2.5646227416281326,-2.1150693648376064
-3.051988563595136,-1.1167328953495954,0.8240268224762889,-2.8860920934152414,-2.080885892409915
-2.9009683166787896,-1.537872895066805,0.8726705140547474,-2.4188620306280346,-2.138298201479844
-2.757931857843175,-1.7656218546247102,0.8730265481845013,-2.0408409581616955,-2.147866445938307
-2.6363199964085102,-1.857103986990062,0.8792993276952591,-1.6870798062702608,-2.1500563367728556
-2.798608551117,-1.3337837535605745,0.8121531209177449,-2.1903932641101425,-2.085816776614077
-2.6991935832374323,-1.5925200786702614,0.8508755789462394,-1.8399077727719273,-2.0977091196053923
-2.619337761306285,-1.7470784062472327,0.8753163012667224,-1.5470686451774225,-2.1234473709003034
-2.5284159206219834,-1.8537434823297032,0.8940597691718176,-1.2949668928799678,-2.127184964385705
-2.4633642982488237,-1.8612330606928387,0.88396633615698,-1.0851350728594114,-2.1101223294726124
-2.4214483670490576,-1.8869714342878119,0.8995275842333638,-0.9302094222665305,-2.086575107917204
-2.39487226772341,-1.8703543280343047,0.9402987878349366,-0.7933043988600709,-2.057525356350778
-2.3749554635998225,-1.8877499960475947,0.9692226302665582,-0.6831615734780215,-2.0520443671588633
-2.36035503550894,-1.8831297755281642,1.007990162070873,-0.5689752151097586,-2.0422269064658485
-2.361528887450517,-1.8767166033277107,1.0197028362500604,-0.5151829639249965,-2.033940454357196
-2.3913240461836227,-1.8661525009413862,1.0293774216002005,-0.45469320187658524,-2.047056546355833
-2.388560702720482,-1.8773604556339512,1.0396536789259012,-0.38786111109747207,-2.0435239637285667
-2.3865945303647953,-1.8756875851709967,1.0470243132943227,-0.3585601317190172,-2.0407650543766613
-2.631771774193123,-1.3249362644703548,1.0240911988952606,-1.1328022548035763,-2.03981695807378
-2.8346455775414996,-1.021932764267642,0.9966542979093735,-1.7663674395637319,-2.05025354314923
-2.9977252054379377,-0.8880960340646008,0.9826598331627667,-2.250429530404626,-2.0704492708650792
-2.9061668485151513,-1.4192468729123522,1.0039553128488952,-1.978043449706967,-2.1084359803042934
-3.0260430399395206,-1.1275586805582396,0.9558658119410743,-2.4172532105426376,-2.085890853816591
-2.9075621111620493,-1.5495290306496965,0.9792449709938119,-2.056084418181769,-2.111898986662816
-3.007748246149578,-1.19166853526005,0.9356892526114428,-2.4743762989676674,-2.084194624625512
-2.8874022337867626,-1.5599039984002403,0.942156466915808,-2.079182486034311,-2.1206330982453934
-2.754736105473335,-1.7577833893805193,0.9448065786016708,-1.7359343298385177,-2.1525787718298606
-2.647642495990419,-1.853914066341815,0.9539050880333427,-1.4506812570740497,-2.16563146071102
-2.8113035132888404,-1.3041589851452067,0.9049685440823654,-1.9984872743096689,-2.1013761393311827
-2.710229388677704,-1.6093564076353235,0.9437549319198452,-1.6826266269060937,-2.1399601144220903
-2.6223488058737097,-1.7697947411740278,0.949655262124643,-1.4398992758372327,-2.150849603110025
-2.5456095033672903,-1.8366295018404255,0.9800497347371175,-1.2219174344196453,-2.148782294134566
-2.486274700633809,-1.8778262714536649,0.9782808543592837,-1.0423387337919354,-2.1261048106218765
-2.447330158149219,-1.892675650550789,0.9950116478894443,-0.866696687943262,-2.1082857837628204
-2.6645106797499905,-1.3288910618176542,0.9920905040803834,-1.5495071910981237,-2.062962683758601
-2.628175355657871,-1.5861397223812153,1.0059371924010063,-1.3421065372592942,-2.074350686269287
-2.57654012670842,-1.7311225073826124,1.0173103643000367,-1.156551059498307,-2.094277068231508
-2.52192792586918,-1.8116870560701175,1.0050752721924954,-0.9860439709825403,-2.07890560061274
-2.4890691440127632,-1.855290885877624,1.0088507170390686,-0.842328303293925,-2.0676360119808552
-2.703199093661527,-1.3244923136501099,1.0068825845054978,-1.5131331381453208,-2.04964594930367
-2.8905106567481176,-1.0439401614715054,0.9672707532024918,-2.0807908161790563,-2.0681145893404245
-3.024021470949147,-0.8789217714748545,0.9169611811989968,-2.5305014152794802,-2.0672376394244663
-3.1342121626327777,-0.7896557117447576,0.8729376534414036,-2.88290392460823,-2.067738944659745
-3.2283025181154006,-0.7348856672480578,0.8335990538694728,-3.1566380761582975,-2.06075970852558
-3.275292989597357,-0.7398926921320884,0.7819401954340709,-3.3800521585330148,-2.0711404439090026
-3.3200106237776614,-0.734478077094434,0.7306153352895286,-3.548248641988264,-2.050699427961636
-3.1098745637957297,-1.3665354514835617,0.8222985575574555,-2.9530197170275083,-2.1022181447018697
-2.9339911724815533,-1.6985094784481296,0.8594980918051746,-2.452030112844865,-2.187297478004241
-2.754793764315913,-1.8595748784374941,0.8538511861439604,-2.027682794475301,-2.2119553267250573
-2.6145842436126876,-1.922499224220593,0.8503589462373474,-1.6798616069426,-2.198325734610563
-2.5090382712203607,-1.9295088428166842,0.8473556192196092,-1.3961092622079105,-2.1599154733102313
-2.4073663018553044,-1.9115871070168997,0.8492235442827778,-1.1445938176583363,-2.135075055554203
-2.616240957965058,-1.332805785252402,0.8000372146891901,-1.7656062832181894,-2.0384729812912044
-2.800799330830091,-1.0226748477985623,0.7898537837081794,-2.295407845834048,-2.012421061839656
-2.719139240382218,-1.4296769046138247,0.8478527547427651,-1.9655328580272888,-2.0291098958348996
-2.8657627894607294,-1.0843397718093115,0.8096558137008221,-2.443428917779884,-2.011281503427523
-3.0002689483486638,-0.9168862546230343,0.7956432983981138,-2.8278029577609076,-2.0070326237669143
-2.8672295328041377,-1.4105646575870807,0.8559697684540339,-2.3966445636230236,-2.068410463484029
-2.747875796365569,-1.6681941551548636,0.9002666866378473,-2.005066823013484,-2.0855855022390863
-2.6471998591748043,-1.7921378183846643,0.8863690819326128,-1.6726076529812477,-2.1129843126389045
-2.8082032902735756,-1.2719173253141385,0.8154043488785133,-2.191726231096516,-2.0519301155276968
-2.9396749367233688,-1.00078225372135,0.8030558457286057,-2.6289913165207994,-2.030084922361865
-2.8239885347682057,-1.4388458657321321,0.8538483420786738,-2.19685648610094,-2.0804496361029705
-2.7052181800887842,-1.6771188492997213,0.8692887629520676,-1.8549022732950906,-2.1004231873621446
-2.8434929619692335,-1.2336122712079338,0.8321231829046574,-2.336213487156357,-2.0571939958542402
-2.734728761297699,-1.5874887012118797,0.8852298681319405,-1.9711176731627307,-2.0937590789061655
-2.8670448184941124,-1.1908805580393296,0.8481188644741865,-2.4293887756320154,-2.0643563934347013
-2.9901685457245066,-0.9537591478596201,0.8087576645955012,-2.792461274860604,-2.0458616012946513
-3.096587362796447,-0.842823534834325,0.7710826965106129,-3.0994353393097667,-2.0480107479900873
-3.1927984610688647,-0.777353130651986,0.7306931898462197,-3.3263899103290893,-2.0383988298679703
-3.00695237598931,-1.3790061774144466,0.8039734118586352,-2.778053488374732,-2.1081273379086154
-2.856436505216175,-1.6903834624102017,0.8335561473482332,-2.3232325094272688,-2.141429268809488
-2.957547184654223,-1.259695983748301,0.7823620477090161,-2.6815788003768666,-2.0819191839731013
-3.038174818637225,-0.9991849608489847,0.7146681916784716,-2.9988091155024525,-2.043976729399965
-3.1078338420633718,-0.8651168356875684,0.6858805967198701,-3.23498244331385,-2.051510862528791
-2.917535860321253,-1.4159969239374062,0.770273755135378,-2.717828715845639,-2.0974471824926693
-3.0316248577406397,-1.118789308248193,0.7166896678039022,-3.0215747767224874,-2.039298542152708
-2.8518073724241537,-1.5507970542672598,0.7815832903187007,-2.5291794170410378,-2.1020096412972835
-2.9619300897220233,-1.1707817501161681,0.7302606157858886,-2.861374954496569,-2.0446364627992217
-3.057893049251419,-0.952813133966282,0.6597877478652365,-3.1469299432509072,-2.019704994744843
-3.1305700809467356,-0.8445349165632776,0.6347212041062202,-3.3700605098930616,-1.982959985265132
-3.1904069123996877,-0.7920126743791954,0.594682277751251,-3.525033194617868,-1.9874435498753764
-3.234835607616479,-0.7559648745572475,0.5794694501762523,-3.6501319860119463,-1.9762056059608022
-3.269653958052374,-0.7395675522646139,0.5732175834740709,-3.741194055711957,-1.9603262031579485
-3.040918931408912,-1.3635023494711869,0.6995399985371712,-3.1335332805036082,-2.0528798780934143
-2.8650243613609865,-1.6730175406511647,0.7242774270716071,-2.575825022827074,-2.0974097879594185
-2.9311251553402395,-1.2347756624061794,0.6456393487275258,-2.897403968695965,-2.029406140530025
-2.9909991442260173,-0.969697605144139,0.6000300555747029,-3.146517202827638,-1.9846207400882516
-2.8345322745243413,-1.4279877796209206,0.7003802463037959,-2.6449889411170897,-2.0533841198965925
-2.9441603305882973,-1.0818527984240414,0.6249883451950781,-2.94963234196585,-1.977106220032863
-2.7759515881972066,-1.4903168617236497,0.7304617347891327,-2.4721666352032132,-2.01942607060853
-2.6598149801192967,-1.6881701610220754,0.7587590661219981,-2.0712464788948677,-2.0550365619411712
-2.5393413081895213,-1.778043723986302,0.7984850344091541,-1.724074401920919,-2.043988008834252
-2.4419070423478564,-1.8224585020031996,0.8011493188550796,-1.4140528304501594,-2.03437602175714
-2.615610577878512,-1.2846915357530975,0.7541821852160511,-1.9926218133487743,-1.9557434851488762
-2.78139841372583,-0.9793073353677141,0.7481097077135425,-2.464300863621965,-1.9340737460838955
-2.690057112135849,-1.417101143302295,0.8136547916681257,-2.0701489720410335,-1.986398927912599
-2.6171454099958056,-1.6816382464404664,0.8482253892444673,-1.7625309153196587,-2.032469449669949
-2.786611548500795,-1.2245485719625693,0.804556190876213,-2.2679296850861856,-2.010987724192161
-2.941440897939458,-0.9778109001190853,0.757203074710008,-2.6823190600542492,-2.002675797283769
-3.0334321517067604,-0.844386292745645,0.7518266206104758,-2.9981029353204063,-2.0146855352764135
-3.130619333992025,-0.7949602829140265,0.7264742747251356,-3.264834675421956,-2.01736811361346
-2.9571364313761,-1.364109196696961,0.8106145583951941,-2.737545588920042,-2.0754976577349447
-3.0566279222181136,-1.0824620986173616,0.7504391468556331,-3.027620727143317,-2.0511297650463542
-2.877418689976068,-1.516169974263985,0.7994590885893915,-2.546626486321119,-2.107153228313156
-2.969508296624049,-1.1640362241864084,0.7272648222350832,-2.869929485672744,-2.0589787625118654
-3.071450695484164,-0.9516700779754347,0.6843192518289858,-3.13124703694637,-2.014357802494342
-2.904019924147846,-1.4658557433253392,0.7744490197666203,-2.619864439054575,-2.080593060765249
-2.7685348492165014,-1.6991791018147309,0.7819077919697038,-2.1665639713147637,-2.112945662515026
-2.895448322565829,-1.2260452216219944,0.7142916478967616,-2.5829182389070673,-2.054750693993326
-3.0018638547875676,-0.9728427104169932,0.6838335404152899,-2.904743287561136,-2.02442703161867
-2.851561060771176,-1.4286767171492443,0.7690300251520107,-2.430567850074167,-2.080927277242572
-2.976737212500707,-1.0770518979559363,0.7172546393058971,-2.7812517217742228,-2.0261856220867376
-3.0750139110775843,-0.9034355233154063,0.6886143943357166,-3.0784187518442243,-2.0206227458733736
-3.1508353141407173,-0.7963239636460572,0.6585729841360843,-3.2934957969678975,-1.984888753398758
-3.214903175231792,-0.7451173225074158,0.6156068926454686,-3.4719760996032245,-1.99863002901948
-3.244176513532666,-0.7319688832049206,0.594005914975257,-3.622680074930756,-1.9862334194243965
-3.043397550233981,-1.3676112877988518,0.7114141734531476,-3.0160807121072595,-2.0690227324511947
-3.099798726592265,-1.0602113150210346,0.6352938373760851,-3.2389076261272742,-2.0105189099942162
-3.149024530692134,-0.8847358350752257,0.5770248652377288,-3.4170858801816935,-2.0056068019552002
-3.184737640456644,-0.7935089182348553,0.5601169021530745,-3.567840787983791,-1.9679268937304464
-3.206802163802229,-0.755840958702493,0.544263347383712,-3.6792993123402757,-1.956724197933186
-2.995683791286309,-1.3450818362792816,0.6638483917293216,-3.0642381577093225,-2.0553916850072778
-2.818206693205363,-1.6439463545820612,0.7069665015769748,-2.5212027834430595,-2.0988665969619613
-2.8870268064952174,-1.2160326534255383,0.632827970757237,-2.847464034226348,-2.0178066379230537
-2.736619271656857,-1.5453252087979015,0.6815134971727634,-2.373358688243692,-2.043340183361562
-2.851145143374514,-1.1298477443282882,0.6231481674857628,-2.746847466645401,-1.9869825432222679
-2.7003197021435383,-1.4873427133728874,0.6861747981527402,-2.290934277437623,-2.0128873026268983
-2.8317435765600716,-1.0993090398687413,0.6536956770668336,-2.6596905861788684,-1.9617175925780896
-2.9599634492457865,-0.884500130927089,0.6510370016804743,-2.9993179270114516,-1.9353080676991463
-2.8112926966766616,-1.368363428414707,0.7300244911592548,-2.494007156696475,-1.9816643617027374
-2.695388108016121,-1.634346940759328,0.773583659828431,-2.085146919637195,-2.047723760576254
-2.598090046560967,-1.75197099377421,0.7832559267856111,-1.717707591049756,-2.059963561514758
-2.5051035125874095,-1.7818837748121996,0.7838838617301871,-1.4353568391899043,-2.0412053565207846
-2.6792010171942913,-1.2694433073594606,0.7515290710886869,-1.9910539188782528,-1.9822320759282614
-2.6031431802364353,-1.5431625939077862,0.8076911014934981,-1.6861018356230806,-2.0219770939354245
-2.536910607152722,-1.7208748892921215,0.8207284161049908,-1.41583397964158,-2.038341189312094
-2.4885354154851913,-1.7947328631584922,0.8618111091826106,-1.1655090791229386,-2.0385494703712714
-2.6863654951906986,-1.2723359859026646,0.8306329225633806,-1.781394799510762,-2.0182302590603767
-2.8842010694132436,-0.9888732212427419,0.8223243067212036,-2.303375356107495,-2.01652770275788
-3.016135806600602,-0.8408078214100095,0.8001136462543725,-2.704633367768463,-1.9989804011603274
-2.9064133504310283,-1.3847825598619383,0.8511592231568625,-2.282418164457637,-2.0479037746680717
-3.0101501019567127,-1.085326309856383,0.8213916537957914,-2.6609164015807427,-2.03016004885996
-3.113250838943513,-0.9292650095331952,0.7898239427220217,-2.985757455112295,-2.025057236939429
-2.9573475076581373,-1.4473106907591118,0.8307348075988263,-2.5079576219897115,-2.0939246763694452
-3.0415818298239294,-1.1371030822265107,0.7655310177779371,-2.8456019710814635,-2.0632934389612934
-3.1227252715593288,-0.9356253002649195,0.7217418039387935,-3.136046193040314,-2.045088269250156
-2.9661966066546674,-1.4401250690904004,0.7864234441687162,-2.609284269348353,-2.102703601840496
-2.817289735216543,-1.6743798674495767,0.8045244631477887,-2.1781785493284227,-2.1314585799788803
-2.934162963565242,-1.211047138593887,0.7388303851870333,-2.5745255398518987,-2.079823033788635
-3.0355595414057794,-0.962390517000867,0.7005760556668106,-2.9011861108216817,-2.023381304992474
-3.1071684333076566,-0.8232510779085993,0.6698376140816604,-3.1844045142103576,-1.9922411333370493
-2.9418845733567656,-1.3674326022705932,0.7435018218311008,-2.662086634486475,-2.060529641686866
-2.7976054908346333,-1.6354360477755125,0.8113587161350344,-2.217280457849777,-2.112176683151365
-2.66756688013082,-1.7767307936014824,0.8332435245001664,-1.8327899702214199,-2.124110874192055
-2.5556200783554526,-1.823370230503802,0.8213999108358162,-1.5062047989374117,-2.116478870022986
-2.4675830133864514,-1.8366044534385877,0.8393750376049794,-1.243758712787522,-2.090277852443136
-2.6749114203099693,-1.3025229496421686,0.8129948213640239,-1.8489019315440691,-2.0442924633746555
-2.6112669783840223,-1.5518407226531565,0.8442424288337779,-1.564344911453998,-2.0513259149205716
-2.808448793147837,-1.1326928572446955,0.8238512788845651,-2.1151436088446216,-2.024430503253508
-2.712019457788684,-1.4824653316231557,0.8682184166400974,-1.8033400752181639,-2.050477740610495
-2.863875436382983,-1.1168265040870196,0.8246917480470299,-2.3082550874331385,-2.0243635437757725
-3.003573474425327,-0.9042194634539404,0.8011353877211657,-2.70134453643475,-2.012820984452166
-2.8606247533560145,-1.4208540530555154,0.8673360278277608,-2.2654001891451885,-2.063831294083515
-2.7519777191902848,-1.6862720320277542,0.8917581020821772,-1.8979350969825333,-2.093291021742394
-2.8886222062027866,-1.2538344456414503,0.8356195528210978,-2.370537038500732,-2.055907611576619
-2.7603047773278773,-1.5766045584296484,0.8782346557381258,-1.980642798703763,-2.06955875384874
-2.9182561954946538,-1.1792865566820188,0.8198330736105522,-2.450081961902896,-2.037627698529719
-2.7962248953445403,-1.5570448419932674,0.8725275993741552,-2.0518666515973427,-2.069365683377053
-2.9297689803483697,-1.172099874589504,0.8177894332969563,-2.5044633763939417,-2.0443636814623063
-3.026396519196745,-0.9601869714078751,0.7706222143951659,-2.8484700546463233,-2.0397476778849373
-3.129958174540467,-0.8594421243832352,0.7343308750940254,-3.14431504403493,-2.030655663812684
-3.2079337291967223,-0.8010619886566632,0.7055590945661357,-3.3551348817753293,-2.024044651926406
-3.042373844455463,-1.376180387287373,0.8076128976032872,-2.823739632035216,-2.0941871328634702
-3.1154357581104213,-1.0719276449068533,0.7386394045946038,-3.097520165488641,-2.0576050376923947
-2.9356244797555453,-1.5090762174402066,0.8139569182405401,-2.5778970256656133,-2.1002548309751203
-2.773917789934596,-1.7156764054147795,0.8225779386134708,-2.145355106190445,-2.140079912189237
-2.646662089778431,-1.8258103654518634,0.8209376220101263,-1.7785683974537214,-2.1619019061340903
-2.5142122811567376,-1.8551122158532958,0.8220484999514065,-1.4836472888597303,-2.1333992442808505
-2.447703336206218,-1.8822016003634099,0.807752555154607,-1.2105756551186524,-2.117954351163017
-2.6458910013103147,-1.2943466290671495,0.8022114683420624,-1.8223634343002872,-2.034999225624872
-2.8386300409649876,-0.9902278327436126,0.7764066355855227,-2.3109754935095728,-2.0305624335521477
-2.7516032183571664,-1.4271964831832382,0.8314595139417832,-1.9804730298736626,-2.0628194477478887
-2.9028482435162255,-1.0680683927847903,0.790849472263785,-2.4406204042545023,-2.03212878706026
-3.0215538728034743,-0.8832585148408012,0.7600461360039348,-2.8289613441397754,-2.0199475048419755
-2.9100969624281547,-1.389990441469378,0.8396852744767054,-2.3686089279858407,-2.07204987653506
-2.7906677659295953,-1.6400919595128511,0.8493160591704658,-1.9761295041905513,-2.1183761639269805
-2.6826810176113054,-1.7879834177974983,0.8430415393951707,-1.639175487660294,-2.1177480753009656
-2.8500376839579227,-1.2816365923078894,0.799909335498001,-2.141641606945632,-2.06349566717883
-2.9596276583473906,-1.002255936292806,0.7655744611004086,-2.5760211101234693,-2.051321540223857
-3.0649647583445057,-0.8628984701675065,0.7418709870616955,-2.9087371723902398,-2.030652734894683
-3.1500096466866503,-0.7895075815075882,0.7121986091589627,-3.192239075888101,-2.010441051379442
-2.9900433707358447,-1.3609007900313634,0.7961002254829779,-2.6859979792794504,-2.0904116024899104
-3.055171086960954,-1.0781287009535911,0.7562016340475031,-2.9711046512406525,-2.0373295715313544
-2.878792421236863,-1.5248415119673606,0.796132106405693,-2.489733679921434,-2.0980123835357154
-2.9808206361204768,-1.1512123620929207,0.7419616280951429,-2.8301356955933334,-2.036409679069552
-3.0495456251714894,-0.9408205687921214,0.6876944133700436,-3.133408992491593,-2.0098963165221035
-3.119394223448447,-0.8311499641549696,0.6458211887915559,-3.347638068553724,-2.0002334035909786
-3.17564671126207,-0.7660857280482434,0.6119592488866026,-3.5125759264036085,-2.0037624750248617
-2.9894653200398955,-1.364202349774438,0.7164654313387474,-2.949572394181316,-2.058658469617938
-2.8236935506120724,-1.6454166004771222,0.7528600344845132,-2.436231433426089,-2.0974816966157013
-2.9160222268033853,-1.2078938394975889,0.6944096585245775,-2.772916279736226,-2.0503274293457565
-2.7536351384866533,-1.5558213564551053,0.7455312195585622,-2.325056227392076,-2.065145473572722
-2.8881285700763164,-1.1565363666855764,0.6849745404998498,-2.6868747137260534,-2.031056020479511
-2.9999425718585555,-0.9356233853894859,0.6542945619488334,-3.003622633842077,-2.020517974203061
-3.0856646708187,-0.8013623468317246,0.6093563947836014,-3.2588198112013362,-1.9731630413334909
-3.16819733641504,-0.7289863852161633,0.6207235720285181,-3.4370798087503194,-1.9747995081202154
-2.977258819715814,-1.3130804020459683,0.7462150725207973,-2.894816410245574,-2.0407911421394114
-2.806715494832369,-1.6220935678695547,0.7649651972388773,-2.4163989926645764,-2.083893765112022
-2.649584665707342,-1.7667804852020734,0.7795176516868535,-1.9867822233715524,-2.108576039242037
-2.796263608043949,-1.2650523194853602,0.713283007127317,-2.433601950470063,-2.0274139802312785
-2.9384042693420636,-0.9806486032579452,0.6853116956469849,-2.781228941118771,-1.984760641257769
-3.0394285655597453,-0.8220843362850694,0.6576419908475691,-3.0823056298561524,-1.9982019051794022
-2.8735059656783,-1.3497866824543403,0.7674598559172925,-2.6115355368571045,-2.052962356294045
-2.7397497583712096,-1.6235163256333078,0.8196604815370212,-2.1642851704334256,-2.0698579763902947
-2.850611975887423,-1.1807437747811804,0.7477126483216773,-2.578571739830724,-1.9947680097647815
-2.9455799586587115,-0.933021805930943,0.7218789909721233,-2.9070995921737035,-1.974117937829278
-2.8384662975836137,-1.4135764789511907,0.7821207078894985,-2.446644559269503,-2.034776192192129
-2.9353982150055904,-1.0733049261105232,0.7351796374768473,-2.7984401981497564,-2.0083811666878373
-2.80968263806631,-1.4799129002808127,0.7847530284330585,-2.325398800664997,-2.063550319986599
-2.913118041821477,-1.1172665010429874,0.732968495559562,-2.7145067855805003,-2.027320121735418
-3.031888745433248,-0.8992528949538839,0.7119947797806733,-3.025844104780695,-2.014881550981155
-2.891859228010031,-1.410470138725137,0.8063587500860857,-2.53038294814353,-2.0656556426615618
-2.986538647772842,-1.0869091721893236,0.7605005086932091,-2.8681183922713767,-2.0289360354787984
-3.086217346336027,-0.9068985163611432,0.714108617499917,-3.150441738032718,-2.0067163228729723
-3.153047458201825,-0.8057965917121217,0.670623305777084,-3.352159176405463,-2.0050147018050093
-2.979063299341688,-1.3672906206147424,0.78085816225647,-2.818923618018043,-2.0468376262323544
-2.820514402386668,-1.6450831764383085,0.799577738747912,-2.3447290772456095,-2.106215798848902
-2.669633788616756,-1.7929693934062696,0.8013186076468941,-1.947926986297674,-2.106136517149877
-2.5525109011784926,-1.8276439330283307,0.800880478433159,-1.6006514246756813,-2.1207083483058398
-2.7174373853311025,-1.2871022246246724,0.750402550101691,-2.112037384750109,-2.03791429511393
-2.6196780014184813,-1.5730433966412225,0.7877737286048744,-1.7574898986913126,-2.045193675598236
-2.54788598822599,-1.7105275129161552,0.8015840932874726,-1.4968299426802236,-2.0550894453368618
-2.737722364715883,-1.1980310580316254,0.7884970288011922,-2.059303965458713,-2.0054699407507335
-2.8883766495345653,-0.9505761640617635,0.7594998296121928,-2.493067921272494,-2.0001899018018636
-2.7971973977086275,-1.4041348493597106,0.8309868315017008,-2.110247648205179,-2.0331690060230727
-2.6967405974349203,-1.639053709969833,0.8789763829051535,-1.7755937676208837,-2.0564319837860765
-2.593586829425214,-1.7744191741341904,0.8952129426326865,-1.4850567626585005,-2.093157232024255
-2.7780723078952074,-1.2800116533249235,0.8664512472622812,-2.040352339081021,-2.044204588348921
-2.929685620902411,-0.9885629634026344,0.8272987601471823,-2.4911888532510025,-2.022222896197746
-2.8136062445634553,-1.4632203263639258,0.8826230038305517,-2.132612924175677,-2.0720756385430654
-2.69779211203152,-1.7028246079597684,0.9053992730664338,-1.7931446309718362,-2.112479136327367
-2.6115249483408145,-1.819635595865787,0.9107125555372778,-1.493772500379816,-2.100748133418436
-2.7695496477458708,-1.2901851723896598,0.868314509580124,-2.0638134428500114,-2.042885684816879
-2.6615532586470296,-1.5859453833703268,0.8938671041062137,-1.7409844755285242,-2.0712838277766585
-2.588050430731737,-1.7366503090195127,0.9178697349879157,-1.4794363211312096,-2.071034969220734
-2.760122309465572,-1.2582785649426633,0.8956105947588727,-2.0226565500903217,-2.025129724265246
-2.901705695402663,-1.0040681997103578,0.8671493435343286,-2.4736980667037387,-2.026298355327066
-3.0353666957507954,-0.8511173194751738,0.8318977436028396,-2.8480481623766294,-2.0342670303778796
-3.1262027906078393,-0.7969781761393726,0.8010582530058743,-3.139210654485107,-2.0440910749492076
-2.9869562865439208,-1.3822042860926331,0.8739248375969939,-2.641513232805111,-2.1006264821406653
-3.0619289307528006,-1.1148141395236564,0.8009512305332123,-2.960039577275645,-2.0698322624199017
-2.918876330466667,-1.5358054980291538,0.8424706077398414,-2.4709671606358037,-2.11961074910877
-3.0074150824243993,-1.1690128513443478,0.7915499701209716,-2.8114352352524548,-2.071546003174975
-3.073212788549692,-0.9652044429678656,0.7578959242417219,-3.0996004243074267,-2.039276530309477
-2.9176099468499697,-1.4561331625354703,0.8302029533931902,-2.595261311042965,-2.088001962605491
-3.0021389375091734,-1.1171657949301828,0.7561865736158851,-2.9179612733921716,-2.0474566443630584
-2.8325171308413024,-1.5217545064391342,0.8114830929238412,-2.4385061408645194,-2.1141083030063625
-2.9418119598334513,-1.1343710540313894,0.7505931194699066,-2.801400314381822,-2.0424315827220987
-3.0264227062223683,-0.9244673235943397,0.6987338375057018,-3.100017173629193,-2.00887018706222
-3.1076474734534236,-0.814125351915,0.6599691171748496,-3.338950972122754,-2.0034662991896934
-3.167377749469118,-0.7671948545856657,0.6241882420097247,-3.5099664758922873,-2.0051091518933344
-3.2133322336475585,-0.7426368017501455,0.5929768785187216,-3.6507302370328247,-2.009567516778832
-3.038153657758131,-1.3702494493696105,0.7226046260212826,-3.0514647800028163,-2.0906568157220606
-3.0772937566215752,-1.064618314240279,0.6358105619869358,-3.2777191135623105,-2.0195712567812034
-2.902788512411866,-1.5169900876127278,0.7250819205870453,-2.7292243362510025,-2.089820457950799
-2.9689626409426126,-1.1592768342040427,0.67371772123504,-3.0156364523572163,-2.0233421792936417
-3.052765787647638,-0.9243816005821707,0.6142292321314462,-3.256960424217321,-1.9838737301358451
-2.872352420826967,-1.4176788965802358,0.6929544200901501,-2.7095409148748026,-2.041587160549934
-2.7363310198137225,-1.6502396176314915,0.7109505558157216,-2.233194038954122,-2.0749356410193966
-2.6008672213839943,-1.7632507335403065,0.7324067443658036,-1.8528902578884128,-2.0769265518803746
-2.7434775100240407,-1.2560647790546993,0.6824171748648113,-2.3161345932239557,-1.9796088127053788
-2.8824306863974463,-0.9748549310158884,0.63858102144192,-2.729709981642393,-1.96090144063672
-2.754808713338136,-1.4146635922009179,0.7463319984095371,-2.285638149539065,-2.0285153117128365
-2.6383572980285135,-1.6470491958221913,0.7919921529757527,-1.9226582988669922,-2.0594302884809177
-2.8040795291880314,-1.1917955673249903,0.7525922608463994,-2.3698936000740076,-1.9926770749075724
-2.951022277705636,-0.9593095067771367,0.7221979868694848,-2.745888650706237,-1.9813292966620626
-3.063578171939628,-0.8144999477384365,0.6886750686421599,-3.0559203470946597,-1.9589107044231098
-3.1542283047076416,-0.7754464701219917,0.6919299530871104,-3.290764672312054,-1.9772792091922198
-2.9691317957029684,-1.3785690349482946,0.776784652367034,-2.7783735356741857,-2.0531768591782504
-2.8157173329152596,-1.6784313840832639,0.8076402036535228,-2.3204776238529012,-2.100946386370297
-2.69748138011363,-1.8026306897038396,0.7835565274137027,-1.9228923057022687,-2.1081966078770473
-2.826863122572906,-1.3112329083138272,0.7349593651636477,-2.381846953614596,-2.054303598517035
-2.7132245901571603,-1.5947436351165254,0.755251912991192,-1.974364917147106,-2.0680526714117082
-2.613796163776099,-1.7524538998090542,0.783265154491181,-1.6436594702433505,-2.0915615443634046
-2.533871324641949,-1.8238355463877283,0.8001598229228668,-1.3863094302445145,-2.0690497711385314
-2.4775803198773003,-1.829990029308276,0.8087323139104827,-1.1515890057917102,-2.07076869167765
-2.679976172774572,-1.2874826078990873,0.7865320875660128,-1.7797130620751358,-2.0004938200247953
-2.849610316407251,-1.0030250168292936,0.7648371557643941,-2.280744372797787,-1.9819643259379787
-2.9932160171885287,-0.8283186573106874,0.7480027129523747,-2.6959182263284545,-1.9781119577476616
-3.0961739212169292,-0.7794008433014815,0.7459615179968085,-3.007795029186287,-1.998051749526781
-3.1901879082764877,-0.7464129077656868,0.7147192876156363,-3.26904211969035,-1.9818703843604066
-3.0206446995680576,-1.3701822746848398,0.8125624357714424,-2.7438204237493595,-2.0732685523915975
-2.8557056568724626,-1.6891791647832102,0.8433202418393787,-2.285900314470973,-2.12868927981636
-2.71506342256447,-1.8227940020438187,0.8360873145189386,-1.8903176200986627,-2.1330378829602004
-2.8266608419012624,-1.3246491433399539,0.7825390649575572,-2.3660560652163163,-2.0631357052356445
-2.724166027697449,-1.6121882555505054,0.8139735885909543,-1.9860694794398246,-2.0942325206727164
-2.62028459620025,-1.7476597186936946,0.8373866599976915,-1.6738416276904515,-2.1070275090900834
-2.549448114877693,-1.8330404073062072,0.870083772761494,-1.3726539149374648,-2.108360922565603
-2.4642402921999214,-1.8510749283222072,0.8916858877899224,-1.1274951466423513,-2.100341786188879
-2.4180843374098617,-1.8543167017363447,0.8888401234876899,-0.9486036474823905,-2.0760184808649846
-2.637142667077074,-1.298717806079536,0.8849378776248762,-1.6200872222566065,-2.030336716124352
-2.601517042920926,-1.5657196332346373,0.9278173952617468,-1.3933561543355413,-2.041734423252661
-2.780183112575896,-1.1401444251212367,0.9098728199895716,-1.976567934979888,-2.043443595137968
-2.713985176258208,-1.4974982570810138,0.9443025397006197,-1.6883847328866126,-2.0815158483080096
-2.645165345660536,-1.6858925771920084,0.9434467894048237,-1.4239001726584202,-2.0837840890384394
-2.5910230690340232,-1.8065645744628611,0.9448400477400558,-1.1942739282902792,-2.113503318753164
-2.7946450159366822,-1.3039620952155728,0.9246948101545629,-1.805778191806574,-2.0834132235742935
-2.9511436888060305,-1.0083071608501202,0.8838846095472304,-2.317581238978344,-2.067154454574004
-3.0889817778842454,-0.862440305931777,0.8455105403340064,-2.7120263214398466,-2.0535245028601077
-3.177170931269633,-0.7876847112672443,0.8083589395053338,-3.0342744310407523,-2.056103746405942
-3.0173269088126506,-1.3943504074711146,0.914392840773082,-2.545862902985708,-2.1179361763912006
-2.86764197829715,-1.6822388451600774,0.936538531083443,-2.124101250729658,-2.163172619757389
-2.975858139137727,-1.2424494947036684,0.8623669311684937,-2.540773002777007,-2.1109716595537384
-2.8306416438400417,-1.5894572300585523,0.9034164997424641,-2.1310196345774495,-2.1276851703183994
-2.9523501633070675,-1.1761347881544657,0.8302478224870264,-2.5746556992702323,-2.0678367899135517
-2.80830136309,-1.5584258592715339,0.8679384185037596,-2.1603773286749703,-2.111755946806969
-2.9331417842929635,-1.1601344175518895,0.8001351139537045,-2.5682436653682563,-2.0684609628415105
-3.0491014069544677,-0.9433129993573236,0.767317633443202,-2.9066055725775333,-2.048434114935582
-2.9003057251496687,-1.4543568808052194,0.828608774816497,-2.457617078609876,-2.090960618679007
-3.003752150912126,-1.1239383459917869,0.7545415789211983,-2.8295356230375734,-2.073468010164603
-3.092848898737582,-0.9420599449828307,0.7058267405959808,-3.108268574799998,-2.0482207328595665
-2.925825143615791,-1.4271729459618159,0.7771751895303607,-2.6084786013228016,-2.107414113712179
-2.7825797861428194,-1.6835656987274816,0.8079852869766884,-2.1713842888186776,-2.1646863010703288
-2.671218142975104,-1.8018197264025089,0.8292738931784555,-1.807472128324177,-2.163928650671479
-2.5510114844259846,-1.8504843182868067,0.8415525904414204,-1.4966007792978644,-2.1347124272958347
-2.741264901946721,-1.313871082446327,0.787612808091397,-2.028460090796336,-2.055035190369802
-2.6602828811332224,-1.5712969487640902,0.8265961449422095,-1.720724642900458,-2.086246166164284
-2.8456366367382397,-1.1415009100077305,0.8065665264649899,-2.238133938734269,-2.0451909250955875
-2.7316214056371506,-1.4956400555939762,0.8758890305982282,-1.873238077745491,-2.067481265469053
-2.6285559210375062,-1.6770033598406056,0.8954711355109923,-1.5799682188322377,-2.0746623402924276
-2.7962473358857047,-1.2049028260373758,0.8595285717868884,-2.1174451526826967,-2.0364855607252865
-2.7117448572237572,-1.5258084583424,0.8865248977864425,-1.8125559488356648,-2.057378483115976
-2.8565887181922816,-1.1470921860754235,0.8498110036233941,-2.3141331582846965,-2.001291197087461
-2.982421638533081,-0.9333731162914538,0.8284047411908801,-2.703478431408257,-1.9917607211357584
-2.8435353916209074,-1.4295105603116405,0.8902577772494231,-2.297416619497367,-2.065896105804489
-2.966059635898755,-1.1093924314643668,0.8372596382868209,-2.708683541969829,-2.044802550740471
-3.06858939389929,-0.9387078642414679,0.7889057887364433,-3.00620032202861,-2.0188773131906834
-3.1501752648684516,-0.8460922110229626,0.7632823176093184,-3.2421363022969363,-2.0118013989580805
-3.223306624149865,-0.8050726130740988,0.7080908982463284,-3.4343745808047577,-2.0243389561398475
-3.2689999107153938,-0.78016565756478,0.6821881141177043,-3.6069148098373804,-2.036674762042175
-3.3154059777205305,-0.7701525998354641,0.6507976625747568,-3.7152435043959686,-2.0073062297667086
-3.1027135797019345,-1.4018056495183777,0.7707788262710374,-3.0960617281453593,-2.0885499562176406
-2.897258558321779,-1.6948720658308438,0.7910975562874266,-2.56604334723111,-2.1370363360189337
-2.7433299195939447,-1.8389977382246039,0.8035102620128646,-2.1178631483738184,-2.1639534998025085
-2.8440888785811516,-1.309651457657727,0.7431327829342087,-2.5211199233488295,-2.051903223037651
-2.9643211836654686,-0.9819031359796002,0.6960638199314495,-2.864673595484286,-2.0024537696576403
-2.801107138364577,-1.4410846979222114,0.7732623747100069,-2.399544450362988,-2.0495897491326054
-2.6787971040346172,-1.66464724862951,0.8219068972121781,-1.9870082977547903,-2.097563823927552
-2.814865939881214,-1.191827296332892,0.75326161751603,-2.4461182097165057,-2.039968999498569
-2.935346574945192,-0.9494830350562151,0.7330903117290901,-2.814763091804853,-2.0089332114637872
-2.8084573561461044,-1.4111674029925756,0.8186457455906588,-2.383829113647629,-2.062250890696378
-2.928165670973641,-1.0681890330530144,0.7633681471988671,-2.7619539471300922,-2.0203018858819313
-2.803778719250559,-1.503362362562435,0.8481077180166988,-2.3208202387734405,-2.065912919140084
-2.6780190379384186,-1.7267282630078105,0.8625054913497147,-1.9499798643657535,-2.0845220898348464
-2.5672090036561217,-1.811813329552917,0.8638383343056487,-1.6197511033696665,-2.0878028467140437
-2.487660694040773,-1.8552303741002376,0.8538814413639034,-1.3514490206849175,-2.0651327158218846
-2.6931105583276214,-1.3134044259607562,0.8220020263017508,-1.9102163667973027,-2.001995490005627
-2.615328195855806,-1.5779791711724076,0.8648793723091198,-1.632120967414981,-2.0472977003350787
-2.802064358935487,-1.1713653179240822,0.8196978749589884,-2.1780481406295698,-2.0238540247361683
-2.9488256938446344,-0.9233764180023958,0.7966945721176565,-2.6235973828965413,-2.0131228805056485
-3.059012286239124,-0.8102825233325338,0.7602732925249536,-2.9724545593648863,-2.0166754874158843
-3.167663878597992,-0.762619988121974,0.7150307192727555,-3.225893856260536,-2.021716594331296
-3.231304903202586,-0.743708831060646,0.6823458240697674,-3.4308788667239956,-2.019780346805124
-3.050865882837128,-1.3718119432158675,0.7972567588968431,-2.8737185163855394,-2.085048793876861
-3.119402497130986,-1.0904134991805956,0.7443013552248742,-3.126111176045869,-2.0615470762996897
-2.926459668407825,-1.5310452193830144,0.7878689191041524,-2.611960299708691,-2.119726119931882
-2.747070324943182,-1.7478999615480482,0.8192382334517164,-2.165388607694918,-2.149996787468319
-2.6031121651054163,-1.852495630603113,0.8203975116824854,-1.7965538798969283,-2.138409990697464
-2.472592963372323,-1.8780560550246925,0.8356824214318026,-1.4984447294595058,-2.0996759716788604
-2.397526067076947,-1.880205310982873,0.8356862837928497,-1.2486541714185913,-2.1023739190761095
-2.6279673500866267,-1.3181739405975328,0.7989624385715359,-1.8255900552209394,-2.041201495281107
-2.8032106618524044,-1.0086459824564342,0.7824271944646046,-2.3193282758830964,-2.016097771034803
-2.9589518883008896,-0.8345521463729383,0.7670869671043875,-2.723992338001914,-1.9961112429778558
-3.076363264174229,-0.7816522799265705,0.754446262927168,-3.044833225776906,-1.9872829522791793
-2.9321535926111806,-1.3663395221089905,0.8378813598584413,-2.5829862863084414,-2.062091729755079
-3.022117993606402,-1.0827722514847937,0.7867528440602408,-2.9150513019471664,-2.025653636289936
-3.1051573971127846,-0.9070270072565676,0.7217850599212879,-3.182146816978904,-2.0147011971641677
-3.180161222271978,-0.8370300352287412,0.666411510503127,-3.3950964664628445,-2.0146542386480157
-3.217192625613431,-0.7793649981479361,0.6193041038254851,-3.5316146496287693,-2.0099528863625755
-3.2729966016486975,-0.7651028399016633,0.5978426650988996,-3.6363311927502537,-2.0030580724285985
-3.3096186749479517,-0.7481859280458372,0.5880785987840587,-3.753410621591582,-1.9924986381460599
-3.3072651471484362,-0.7395919306920853,0.5685252142839682,-3.821217560821745,-1.987455962382476
-3.0696979792192076,-1.3647150004508506,0.6912579897675342,-3.168689925310297,-2.0671720862657517
-3.1356935860996478,-1.0814316370044956,0.6148509965310646,-3.3553811840224186,-2.0195327951687516
-2.934292247701265,-1.5100636672421817,0.67387439765306,-2.7641621694870566,-2.090260766114502
-2.7521798863453375,-1.7141651901696335,0.695401811928804,-2.302207237832113,-2.1137968416600184
-2.870540655923618,-1.2362954920608207,0.6385834191350012,-2.662613987744431,-2.0493453449586876
-2.9710876393993546,-0.9545607402060692,0.598693467222146,-2.98445492960077,-1.9853819524920275
-3.0548099045364308,-0.816408309063118,0.5870089591341862,-3.2249072037119664,-1.9621498483299602
-3.12390519424817,-0.7588052312310445,0.5611261159248736,-3.4151955690803035,-1.955867589528528
-2.929844912086487,-1.3204875508688574,0.6871411484871366,-2.8597675101225453,-2.0117903049993036
-3.0237609566645576,-1.043630006610789,0.645821893650899,-3.1416153262456836,-1.9852059469561836
-3.078888577486166,-0.8671619670461478,0.613596572738229,-3.3535031012686205,-1.9710688376237917
-3.1315271139549177,-0.7853400827769792,0.5667178634256226,-3.5062343075011357,-1.9518962746139399
-2.952260430060702,-1.3551061475539061,0.6888763362868058,-2.905735696061957,-2.0281009632716374
-3.028960455735303,-1.046592404741215,0.630705471427966,-3.1541605821090215,-1.9714979927246268
-2.842335620226658,-1.4756724355095434,0.6911295571754803,-2.614453228509109,-2.0348695307828955
-2.6988447817773498,-1.6843203178664181,0.7346640584245538,-2.1627836831308254,-2.080139692181626
-2.5803828766764076,-1.7683119739921898,0.7564575750731545,-1.800337951966723,-2.067912939273386
-2.4785073273549862,-1.8158165253658551,0.7601907923029249,-1.4714132195400407,-2.071390517857608
-2.654858416727052,-1.253498713011752,0.7287594725665809,-2.0206111069940436,-2.0084329430003787
-2.5686921256924093,-1.5156714365663353,0.7762305711071186,-1.6908885669709062,-2.0049146078688156
-2.5183411026468674,-1.6585387674198002,0.8256068991904858,-1.4272638142777452,-2.030875039522043
-2.7101763889827533,-1.2079348449797191,0.7961718486353327,-2.005399921531736,-1.9851317577008813
-2.6311189423520114,-1.5006049710127367,0.8471146425156691,-1.691571194822946,-2.0141633329364934
-2.552825231367132,-1.6720822417952903,0.8745152643032472,-1.4329859752017264,-2.0287617767136243
-2.505602431175399,-1.7688892600281303,0.8784148718069005,-1.2096477918514552,-2.0404441099545174
-2.719155588158198,-1.2617779224077468,0.8732524300969403,-1.816711109999954,-1.998410532098259
-2.6501484094309893,-1.5432467168640025,0.9199869087404078,-1.5548352922296635,-2.028871119662618
-2.826201179187005,-1.1313437726861357,0.8825871574791154,-2.0845099150611333,-2.010324139135412
-2.740994341896956,-1.5064764177685368,0.91979790430726,-1.784274629689806,-2.0481658781137146
-2.6496745884682826,-1.7154767926724717,0.9393283131094678,-1.4916955222534203,-2.073820052526648
-2.821146114314712,-1.247654848471196,0.9132859959226078,-2.0702537988094014,-2.0346911745356846
-2.9502187596500837,-0.9792172497888799,0.8760295847108159,-2.529027694259208,-2.036638322792625
-2.8514961949384476,-1.4411668494552805,0.908948021305659,-2.117314238970557,-2.1043794771427065
-2.955499233280265,-1.1012577330528293,0.8542137790797275,-2.564346985252187,-2.056171658810443
-3.064902314476222,-0.9034733574099117,0.8203940557536548,-2.91082613345265,-2.0524233496020616
-2.945411995404314,-1.41390942292388,0.8693988001016112,-2.455426991981159,-2.099733816610157
-3.0603625930085143,-1.1217630785615642,0.7829699291522233,-2.8009660852811633,-2.0654940727072804
-3.12139742023047,-0.9231552728123086,0.746095598268473,-3.094095187720193,-2.040847597022376
-3.1784643348451262,-0.8412609804427156,0.7215778747643515,-3.3126970433777716,-2.04176494604023
-3.235197689267755,-0.7868956870873317,0.682509420698842,-3.4902385537198275,-2.0291323030373203
-3.275631436161964,-0.7514875511345667,0.6278964652709906,-3.654557964021818,-2.0239989130461296
-3.0867438413968813,-1.3571841924505255,0.736734740235921,-3.027985399743427,-2.099137447330382
-3.1066984971780727,-1.0626119066123447,0.6832219841328746,-3.267498923675007,-2.045182276872984
-3.1658332215983433,-0.8924667116304378,0.6179343225500763,-3.4472426645508527,-2.0131182447406117
-2.9718628880162834,-1.4082995628193529,0.7268620664570364,-2.882782989179686,-2.079200936191274
-2.789219539129943,-1.657884178200853,0.7637995052992235,-2.3740322426009506,-2.1223994626572846
-2.627450790623478,-1.7820425884609379,0.7870436253995194,-1.9571795123852653,-2.1307404117802404
-2.5033066749552697,-1.8359768895486355,0.7845010932769253,-1.628608129088873,-2.1178240090201843
-2.6883057363039806,-1.2918340802800536,0.7361655081651807,-2.1500702469544346,-2.0234333026441718
-2.581080664939277,-1.5468065323494333,0.7779389031910988,-1.824935413348347,-2.0485727555721143
-2.5197368966097016,-1.6777878118959246,0.8078968272855765,-1.521971929032309,-2.0411331601781932
-2.4518537367777102,-1.76247361291275,0.8152483385907325,-1.2502009876688824,-2.054506460994916
-2.413109510763987,-1.7922593553326085,0.8279232947483909,-1.0471694706313617,-2.0541875397206866
-2.6101014951208596,-1.2678644673825512,0.8240671164640658,-1.6951562744777111,-1.9944106384848526
-2.567019410553346,-1.5288149059222125,0.8608632912176092,-1.4602756722946433,-2.0032449329967688
-2.5148163363431775,-1.6934735823998108,0.9004246169185162,-1.2458172152070643,-2.0431377051967723
-2.486151502391891,-1.7773092254714198,0.9257014120952545,-1.0584675350586092,-2.047840755296735
-2.444749046648785,-1.828913435598418,0.9447593919303169,-0.8843595861773258,-2.0522791406236696
-2.436069711575181,-1.8591529453768194,0.9541564508688634,-0.7540065988582595,-2.058965394895445
-2.6635246105661685,-1.3096810787930044,0.957805273286769,-1.4398345127991208,-2.042393607033443
-2.850490756887772,-0.9969513613984781,0.9170589766982807,-2.0344292585047734,-2.0526965369768875
-2.785688119050655,-1.4677468521192054,0.964026455832828,-1.7319508961577492,-2.0976274252041804
-2.937792320777276,-1.1332504301192108,0.9253007159227369,-2.2227203450632342,-2.0812451424908236
-2.8512971747179425,-1.515635187992256,0.945356049750446,-1.9052217243061627,-2.1191882690730552
-2.980633904990341,-1.163973562684891,0.9017575285632317,-2.3788413296887256,-2.081283656118582
-2.8647589503940405,-1.5590001043131154,0.9442218736228755,-2.019271940309924,-2.089110363657257
-2.7412824481046947,-1.7641367767365883,0.9512910250998641,-1.7090047194486118,-2.1134381530889677
-2.890521276225274,-1.282500581337351,0.8944807037909159,-2.1960462337986524,-2.087617447692868
-3.018865200937878,-1.0065937321793867,0.8517605971881379,-2.6236745716240213,-2.0725147257922862
-2.8773563489126066,-1.4532290469419118,0.9112595857747589,-2.210940764067885,-2.1103963375435257
-2.7606054922903747,-1.6910446437426125,0.9327613380675684,-1.8532302951879007,-2.1339540580292726
-2.6632388323464102,-1.8011774443467494,0.9341167805374048,-1.570421157188239,-2.147922641984821
-2.5808168210469438,-1.85681130551804,0.9352363177907027,-1.3149343839997323,-2.117663443548264
-2.486605605761582,-1.8835969390373386,0.9138189143219068,-1.1021012489954634,-2.0944804753994446
-2.6696319237462163,-1.3357702717956308,0.9078654681994458,-1.7188437449371505,-2.0532468980547693
-2.6217361210083263,-1.5983650196063015,0.9373077859994144,-1.4814639405818355,-2.0658473539745446
-2.7885728358440653,-1.1777332493502093,0.8972154228445636,-2.0637256440956033,-2.017079871173598
-2.7069832873975477,-1.5249010844344313,0.9500496531107223,-1.760057253687817,-2.0677109271141156
-2.86515115345455,-1.1504512212021691,0.9177538184170745,-2.2676918480903785,-2.0332938599669386
-2.9893027052640098,-0.9399776953091716,0.8640853135568111,-2.682801449562061,-2.033684077750535
-2.8707683935037904,-1.4573282432930486,0.9203505402694171,-2.288623099698699,-2.0834661903371896
-2.7407104241750884,-1.7181869025556942,0.950989935598443,-1.9429400342393837,-2.1197829133631427
-2.644850822654111,-1.8453002524107263,0.9466051385603829,-1.6115853229389605,-2.1352893029674114
-2.7952835618352254,-1.3474598820077581,0.8766389664317975,-2.1283589806747485,-2.087596500350382
-2.7043706966150487,-1.6393409338460714,0.9044313619305969,-1.7816726383973038,-2.0922269691199076
-2.843246647393802,-1.2124463869538933,0.8605905697426796,-2.2872807125218446,-2.0505577504125276
-2.738696404185218,-1.5752185120984232,0.9191369779415703,-1.9235462769917653,-2.0903828923937113
-2.660690750894357,-1.7624799008592529,0.9203069011885445,-1.6130505388642222,-2.115334910858603
-2.800908728751966,-1.2774426554283997,0.8844177833061684,-2.1451762136760046,-2.0554353365362155
-2.7366184553080477,-1.5848942713336192,0.9179234832988821,-1.8242699940865348,-2.0958966096854086
-2.8783975892482547,-1.1750586557881226,0.8813999298280272,-2.327036913257294,-2.0464642029644686
-2.786183140011517,-1.5304039205495326,0.9299206061562488,-1.9690962904599991,-2.079923807557932
-2.920073604233813,-1.1464825276785524,0.8637069663028916,-2.4491218863968296,-2.052172699019029
-2.7936213510569576,-1.5493884255535635,0.8951731144750374,-2.0551499856781152,-2.0884715981486477
-2.9384602755604496,-1.1785875144670317,0.8348422223434233,-2.5056738398173852,-2.0625921663160303
-3.027801279269469,-0.9647358913421972,0.771948177797779,-2.8703394606821444,-2.058234873026906
-3.1276250533883587,-0.8371874977040169,0.762491865953925,-3.147256300401667,-2.047410411348598
-3.202140168729451,-0.7752936165068292,0.7244860438687272,-3.3700474740794673,-2.041963197160088
-3.2586591072270843,-0.7574671724969211,0.6901020031320209,-3.5316090555408657,-2.0419830504947045
-3.306610666255827,-0.7583970376226634,0.6633363099333557,-3.643522466206611,-2.039474113072392
-3.093659133071866,-1.375650477828207,0.7648333396663214,-3.0576998965544866,-2.0943255500355993
-3.127651955125625,-1.0670038215320339,0.6976159794420161,-3.2642529520629555,-2.0500335138506705
-3.174487734695639,-0.9029763670657355,0.6404234036058365,-3.436309334708693,-2.0314585872634967
-2.986974958276364,-1.4345031700951185,0.716158365760505,-2.850375501749904,-2.11347927665272
-2.8033590679528197,-1.6893936517249881,0.7425949167815912,-2.3685968000666953,-2.1395495673728817
-2.917062869531658,-1.2331541307545915,0.6858690635487482,-2.736360916581033,-2.0576531183374116
-2.763680494624909,-1.5451995607802016,0.7436578115208705,-2.274850219291081,-2.1032670698049536
-2.636890767798752,-1.7160232171572,0.7766748184335031,-1.8854624818077486,-2.124114859282594
-2.776477693700646,-1.214522142035218,0.7259955449582582,-2.3692505706907125,-2.0312908586824787
-2.8938486761195485,-0.9518957142974789,0.6957732469441186,-2.7693476768386462,-1.9832174590080462
-2.774466904680422,-1.4080581745006389,0.7786167209872159,-2.323656421736977,-2.0436350534355605
-2.9189724318878554,-1.0682655371815495,0.7270846213527874,-2.7065126035245504,-1.9915463453654356
-3.015828806793575,-0.8954579688519728,0.7020740764242108,-3.035122074275685,-1.9873700253263187
-3.1203844460286434,-0.7998748770920617,0.6979356357343431,-3.273313522960121,-2.0022868694523925
-3.1887391264489415,-0.7526379781788111,0.635628516224775,-3.4758997255086586,-1.9863139385294142
-3.024441798104932,-1.3573889129704084,0.7438626344903111,-2.901829342051439,-2.074884843403022
-3.079556336131609,-1.0784486061410132,0.7073709799009014,-3.1513602363945377,-2.032109614590208
-3.1366023880552736,-0.9228957639727754,0.6418092089861988,-3.3593223680245083,-2.017835593803529
-3.197430805019741,-0.8113133363946161,0.6056795915623268,-3.523203065741844,-1.993007061007808
-3.2228241416086276,-0.7857963143702438,0.5656779822619218,-3.6174157825644255,-1.9991649101355529
-3.0111080293047903,-1.3764195263367258,0.6788229039016355,-3.0248169326903533,-2.0557234473947337
-2.8371994528886106,-1.6473118339842097,0.6998127967017558,-2.4984248836290086,-2.1011614797355214
-2.91913371026799,-1.197966391043086,0.6366457530312507,-2.811982188569372,-2.028541711694624
-2.7609335946965055,-1.5443695545355873,0.7055662828932181,-2.3267032027103713,-2.0740347801567167
-2.6419753718291514,-1.7075945903608136,0.7136934727128336,-1.9318171369123338,-2.104125587544627
-2.518330155981754,-1.798614504584272,0.7468770516148006,-1.6008936606028457,-2.072263298950746
-2.692689069694047,-1.2770758822204922,0.7239832250460748,-2.1139075733186763,-2.0124648463894292
-2.598417320770901,-1.5460065144234798,0.7805936893393608,-1.7867413142366255,-2.0319676805216136
-2.7850959629059946,-1.1276807633662909,0.7430283925351132,-2.26977892366369,-1.9845946068151723
-2.6887539295078735,-1.4731402407286023,0.8269704878824763,-1.9244017122075978,-2.026324297611251
-2.5882721632745707,-1.66482889564227,0.8486448246252928,-1.6383950859483236,-2.0361438484510734
-2.510998253331338,-1.769302051084848,0.8729661338752909,-1.369913896020627,-2.049612369850333
-2.4778258919826412,-1.806703581766193,0.8824140585599664,-1.152677431360041,-2.0434849091459375
-2.4249402243885565,-1.8589507010003883,0.8988233821388842,-0.9707044181950243,-2.050316160130869
-2.648018234691216,-1.324411402874783,0.8700378861470137,-1.6305117099136128,-2.0150478773256513
-2.590637734846592,-1.5825703628564523,0.896127145329159,-1.4080573550878572,-2.0167196227798847
-2.560356234495722,-1.734854036921294,0.920055334659949,-1.1853297455679928,-2.0406337082831336
-2.5149076715537575,-1.8013301127443242,0.9363339578647438,-1.003103073615396,-2.0322277579628834
-2.473036695551123,-1.829147077754868,0.9547387698668703,-0.8320974900895413,-2.0456162672833944
-2.6770717040959315,-1.3034850100572222,0.944148383427166,-1.5254110887074996,-2.0175474251935923
-2.6369898889834587,-1.5888891467435502,0.9768251681727218,-1.3175208541974892,-2.0327592486071904
-2.813168306174478,-1.195193490499086,0.949742759183447,-1.9237425809150734,-2.031676598138919
-2.9571220428479448,-0.9503073818224781,0.9189024337547985,-2.412378004251796,-2.0286881306788547
-2.874754227490046,-1.4287800260335781,0.9578615512899964,-2.0740341589287756,-2.087868975246321
-2.786886951733008,-1.6789718208811504,0.9668366414566816,-1.7345251803958759,-2.109282553961733
-2.910799654544833,-1.2499094573053866,0.9307877770143087,-2.2320180002464025,-2.0656722933403566
-2.809046229293837,-1.5984430245053762,0.9394567822413987,-1.8908028200280287,-2.115347870346175
-2.9370187608633262,-1.1970874842588262,0.8907654043874202,-2.371453133659783,-2.0816041214562047
-3.0414308338779863,-0.9675739810845628,0.8462794629161363,-2.7531557065690873,-2.0678674783344113
-3.147364872419486,-0.8646334391494102,0.8002476818206138,-3.0384908588837014,-2.0637617421985563
-2.9845507888818097,-1.4179669730435576,0.8839144298575512,-2.588019949165347,-2.108526883882232
-3.0619799147111446,-1.1096370180666786,0.8194595634445192,-2.918509758058529,-2.075949687262544
-2.910683710394149,-1.5375371179549036,0.8465853089155109,-2.452143297185099,-2.14510560034738
-3.001897705042947,-1.1561367683516541,0.7800378511297139,-2.7958867960958615,-2.0802572880357015
-3.0834474836719123,-0.9431835451290101,0.7247225309491289,-3.0664562193784874,-2.0695092771428096
-2.9331475681446784,-1.456373117613031,0.8072885973561394,-2.582744694013466,-2.130150643884514
-3.0320913673904473,-1.1242030954741837,0.7651694747179583,-2.9116991666899295,-2.079130191278947
-2.8697268308792463,-1.5403771367014993,0.8127485985303918,-2.427171682528543,-2.099449201852611
-2.9894951411295896,-1.1543814584538301,0.7482221331243729,-2.763644796267046,-2.0738843876816375
-3.0628443343702596,-0.93443332756718,0.703836929695515,-3.084801879253003,-2.0434984044880227
-3.1401325852730086,-0.8330501398816706,0.6706287770305209,-3.329160507289167,-2.040268898962911
-3.204845080001772,-0.7881504510185284,0.6559202626468512,-3.4989752681921935,-2.006383377851709
-3.0252757806123145,-1.3723983656570666,0.7467133267221121,-2.914051657341579,-2.0736165531823416
-2.8398127640118997,-1.669227504484853,0.7849234529881518,-2.4098051631721886,-2.1190077177284037
-2.936643633414269,-1.2283056572642397,0.7083802747834114,-2.7696638846248898,-2.0384263234331796
-2.789861615451731,-1.5566988315109331,0.7509595798015122,-2.2955664308028876,-2.0671688011645086
-2.885508281220348,-1.138825179736146,0.7028939263702341,-2.6691809257393855,-2.022500935897811
-2.7495863568613794,-1.5051639317920626,0.7883154664566915,-2.2422485748358048,-2.0575628778686768
-2.6345421493764096,-1.692318841899381,0.8027207561761883,-1.8680306563548128,-2.073264974427783
-2.792534386275531,-1.224753348592592,0.7448621366677027,-2.351293879756858,-2.0258897742473545
-2.931889157076306,-0.9662363943835329,0.7141374909340935,-2.725231925434635,-2.0047354652896177
-2.8128039304501113,-1.402383415200628,0.78619081312995,-2.309679302636252,-2.0252606089489458
-2.6799443086599424,-1.6474865622993224,0.8289969149525688,-1.9361427043942205,-2.0666905809483302
-2.8207176980136714,-1.2170748328199388,0.7838144598351163,-2.393998945020137,-2.0160352556865333
-2.9502013793298794,-0.9498248602940702,0.7503909030674439,-2.7720000646206016,-2.0040574602712486
-3.0726887724324246,-0.8557927661612562,0.7233088472616901,-3.0675036730133893,-2.0078295020390455
-2.9101080338399354,-1.4108185440879935,0.8038118674826165,-2.5792778458253873,-2.0748670361801795
-2.7739778436524687,-1.6831328389139169,0.83305537798973,-2.1645959841178164,-2.081607609255514
-2.6596886262977777,-1.8184769944709989,0.8515736231627843,-1.7643648387969304,-2.10336699387348
-2.8238908771643607,-1.2909423253327947,0.7879131656470281,-2.2597906000101906,-2.0385094591263027
-2.6976014605649983,-1.59506688328173,0.8308740061988601,-1.893660276148995,-2.0650868145061034
-2.609066406228928,-1.7247451315844087,0.8643958730961578,-1.5958966612682235,-2.0814361271167248
-2.7943523024655845,-1.2537688170060863,0.8160988303309025,-2.111532717496638,-2.0406014134819297
-2.925864240410704,-0.9743562282522544,0.7790767014370229,-2.5619743147136496,-2.0178187110882297
-3.0336484692000125,-0.83102417708897,0.7521886095983215,-2.9225660851695117,-2.013801555874864
-2.8982793506289246,-1.3807433003987999,0.8257056126702328,-2.468433753684775,-2.069171859057862
-2.9902895498518487,-1.062730313690831,0.7781648841262808,-2.827664895576937,-2.036089401150637
-2.8598799240360746,-1.4833938478073125,0.8450780390528372,-2.3640817839596773,-2.1018889299359578
-2.7339657806350384,-1.7046150196465257,0.8521621945514876,-1.9726376830861894,-2.116686666650893
-2.613209746480416,-1.8109538519673651,0.8536849357495544,-1.6506456747580687,-2.1218306111873755
-2.764102491612532,-1.2941022224229926,0.8096137256672904,-2.162045125363462,-2.0464430612264897
-2.902620991030608,-1.013542891191737,0.7757968358599325,-2.576319560996519,-2.017092870859362
-2.7872261968176124,-1.4707322967877394,0.8343283607421165,-2.1945596850596427,-2.0521628091169433
-2.9383184074703435,-1.091736539979368,0.7836859884828753,-2.61057355816657,-2.0152512220067043
-2.810605219795023,-1.4906611115907327,0.8428182995295492,-2.1960691978230673,-2.0709780686345978
-2.694548474435475,-1.710014109624182,0.8770570784278044,-1.8080193893911674,-2.09912695827848
-2.612098853785208,-1.7982026426431406,0.8835221409133279,-1.4993873766226533,-2.119778410124161
-2.5331159012155564,-1.8481784989249364,0.8820669011570942,-1.2523187652264995,-2.1288966097573283
-2.707613907060454,-1.3333549485896892,0.840438246870743,-1.8517069869190375,-2.0554265236583604
-2.6311065567510994,-1.6154021739569597,0.8830826199677357,-1.5874219542861285,-2.076581360158457
-2.5671272491596584,-1.738411184086341,0.8996091299044459,-1.3328952372528047,-2.0930389539212584
-2.512986150774296,-1.795283839662869,0.9387804564388018,-1.118481075562593,-2.1080941026509388
-2.470666364856841,-1.8608328393232203,0.9501865983785998,-0.9582326647666704,-2.098834217147557
-2.422473758026856,-1.8432121599143476,0.9504884221214368,-0.8078834278670566,-2.085495096723354
-2.637213080221824,-1.304610943293968,0.9240353848217534,-1.4967989497736387,-2.0509519945432437
-2.834611696979276,-0.9996824667296654,0.9326815256584631,-2.0405602925060364,-2.047469493360696
-2.991920465983784,-0.8504410981433423,0.8937272022770143,-2.4996714651515637,-2.0473956375460745
-3.1120374974514164,-0.7922503636864058,0.8685013862567365,-2.8644642570955967,-2.0564915160367754
-3.2046455769643996,-0.7493718579575257,0.8169009702915284,-3.143579896172683,-2.0479191570837116
-3.2716156189167593,-0.7385689762807338,0.7876238070083509,-3.3651259595648586,-2.0297192772024384
-3.301986524178758,-0.7523364273838095,0.7495251400715911,-3.5303979235883314,-2.0495111050228982
-3.1119796028306954,-1.3966447940544147,0.838727195536856,-2.963704374356575,-2.1239749233479173
-2.9198062278175905,-1.7171517692840552,0.8557365233892461,-2.4634917831003413,-2.197208713545406
-2.7577295735765195,-1.8627570145713723,0.8515195798201198,-2.0181803109086647,-2.2022690920871764
-2.6152578713380947,-1.9169752327355694,0.8411160857515407,-1.6775902860606706,-2.1965400518488623
-2.7798985417162725,-1.351413824866666,0.8001287306522011,-2.1877742287223714,-2.0867854191416417
-2.901069016859659,-1.0469245467165342,0.7469663340792784,-2.6114530962210614,-2.038181078051728
-3.0127096929132646,-0.8737746142236442,0.7051534630702068,-2.9440085942882823,-2.0154621383354496
-3.0955966506927286,-0.7950914194128439,0.7081946058178339,-3.2242405087295603,-2.004368345549504
-3.1761995147570614,-0.7603837876851913,0.6841508960696518,-3.4231213727220577,-1.994257950333939
-2.9842656836283012,-1.3508339966864258,0.7656803289028771,-2.870592720764584,-2.0704975044708855
-2.830235441836725,-1.6636260344747484,0.8097521423007733,-2.376968109531073,-2.1301919229537956
-2.680557032150908,-1.812552997239816,0.8181409468325849,-1.9801027943391873,-2.157992213828178
-2.808650713889941,-1.305814951851015,0.731324413380628,-2.4264520871623803,-2.075411489587034
-2.6784735255428362,-1.597351914139403,0.7775333434120663,-2.0428442549181542,-2.0888811314153237
-2.583957059757831,-1.7493706692819084,0.811568368039851,-1.6729166291163384,-2.0769215899189515
-2.7653417732735237,-1.262313660829335,0.7649185607913584,-2.1867362257903995,-2.017387573835226
-2.9009570444186723,-0.9697208058549678,0.7458253915803887,-2.6248123426587737,-2.0095823561072805
-3.0197684433444465,-0.8476686756234578,0.7110337981793837,-2.9577042803102076,-1.9827934688708317
-3.114966542623339,-0.7594254409106459,0.6923878762127752,-3.216276172915316,-1.988741385689654
-2.9526715735332316,-1.341565134567316,0.7925027616084664,-2.7116930506605703,-2.0482459633790917
-3.0548458673773236,-1.0591258605052538,0.7383045538251014,-3.029638750911071,-2.038384078529539
-2.8894283521872413,-1.5120685284835613,0.8042226635670422,-2.5148346845008485,-2.1076105874353996
-2.998597987942978,-1.150520390640491,0.7352221858870066,-2.8608204192690283,-2.0666479276718026
-3.0851609972551515,-0.9447721951622915,0.6944040592717675,-3.143371497226816,-2.0296379318436224
-2.8963132403546092,-1.4559753650785068,0.7567732562241898,-2.6360380533935635,-2.071705514920847
-2.7665534358139174,-1.68631545133087,0.7908728308943254,-2.193345295193397,-2.1168119326455876
-2.643317199108349,-1.7908051562452152,0.8044298790867396,-1.8303882460723053,-2.1289653388747616
-2.764646844679186,-1.2834142768828682,0.7544857911227749,-2.294030064821016,-2.043030587383069
-2.9044361631796,-0.9924874703770853,0.7190950656942754,-2.7012240637405416,-1.9882783435812625
-2.7698430707593356,-1.4367135174449357,0.7938421410920642,-2.2869373551346257,-2.0436552590229216
-2.892630351392658,-1.104811975899761,0.7576585544601937,-2.6730807874508122,-2.0183186416828423
-3.01877067473403,-0.9107488855021478,0.7289803669016699,-2.987057794699554,-1.9982851800664685
-3.105081154649811,-0.8028470235903978,0.6894816226426161,-3.2462835724584003,-1.9808115408722933
-2.9393302486578388,-1.3786652365914203,0.7743021479383729,-2.7352688910139697,-2.0483934428424537
-3.0462191464304653,-1.0788768880211603,0.7221355790319413,-3.0191729861129053,-2.042844800108561
-2.875883930601545,-1.542051276054521,0.7791803263816375,-2.52711560098715,-2.0771390022682374
-2.984663698681488,-1.161104770625464,0.7099719024767267,-2.8475080639868513,-2.0362396159364953
-3.056958168166788,-0.9422895848046724,0.664198977783995,-3.1416212387424935,-1.9891516341915128
-2.8959048272923638,-1.4145682742546746,0.7426223118041398,-2.606161852752508,-2.0452923072648135
-2.747819656335461,-1.668220927328319,0.787840236357651,-2.188360256613655,-2.085002563141533
-2.871614912477681,-1.2273366157777401,0.7390269561960431,-2.5603392572370285,-2.034471765430918
-2.7402502044482007,-1.5523037035669631,0.7860078253929768,-2.132684466171444,-2.065971663046568
-2.861689715640941,-1.1340081239054698,0.7419474578756293,-2.552755706275107,-2.0154240720921193
-2.9683093922124506,-0.9203757253616818,0.7232594841665417,-2.9037386667735863,-2.0090660745590645
-3.0688033179189507,-0.7800333255144429,0.68884445415421,-3.1651144251226553,-2.0006661307462843
-3.1541340298979788,-0.7202832385247714,0.6538039058644056,-3.3820375945142986,-1.9829196290959414
-3.21332431575171,-0.7092601423383701,0.6558360112634545,-3.544973668738041,-1.971945726148271
-3.2374718989019184,-0.7272686074905366,0.6228655800709044,-3.6694536450049484,-1.9787308688250898
-3.2710541867881266,-0.7381495416687424,0.6172515851309289,-3.763956560574835,-1.969183773676762
-3.0647726339999064,-1.3623119925517917,0.7336662404682787,-3.127601044723751,-2.046803650638648
-2.866798179630822,-1.6774893691445867,0.7685994343834843,-2.572838800132231,-2.1117119284341332
-2.9645772861819233,-1.2325944630298167,0.6824995075805562,-2.8954475621773796,-2.039064618084723
-3.043698857308087,-0.9634013875778907,0.6175840067690616,-3.166097799933191,-1.9937581866118264
-3.108187462404831,-0.8041203134097237,0.5677643567986411,-3.348090130189903,-1.979641974011133
-2.9347622210585036,-1.3702684775220737,0.6558594078625641,-2.8245374526243725,-2.0514211520256334
-2.7734643000219577,-1.6705926818580612,0.6764562473004627,-2.3230970260492008,-2.0925584596458395
-2.8839587115878467,-1.241731000328747,0.6274060226405105,-2.689152549545262,-2.0253581643534457
-2.989712602104637,-0.9684515030687554,0.6032638296602206,-2.9878381311045463,-1.9625290492136966
-2.8285494598485097,-1.444959350262467,0.7186904484902598,-2.4931018670032343,-2.0206115996250733
-2.9269775863550755,-1.099634979545054,0.6502736255274382,-2.8550355905954823,-1.9687391919657098
-3.0136909008193746,-0.8972880284154654,0.6224622073471884,-3.138187952925518,-1.9679353099939987
-2.871946571312925,-1.3873499285812951,0.7197253864798254,-2.622242476897623,-2.0219056750291013
-2.973630667833925,-1.0806569487176207,0.6610248486315923,-2.938022575107333,-1.9865278687992767
-3.0511978884742326,-0.910392553042425,0.6269364619336322,-3.1953843427773494,-1.9526959406258977
-2.8842564713695675,-1.417292726534704,0.7196494903003383,-2.6839517796608368,-2.0206932478033486
-2.978014378777552,-1.0837768775241179,0.6630276661534337,-2.982201507087378,-1.9845434215317395
-3.0582577860608997,-0.9130503136149851,0.6215942160811931,-3.2370057654531563,-1.9633426572141934
-2.911170804996992,-1.4153780598021903,0.7075778306045823,-2.69581194856276,-2.0458786835363134
-2.987181446154544,-1.097436656380946,0.6648208388938667,-3.00240498107912,-1.9954698311211683
-3.062383836709617,-0.9063395922108702,0.6242668372391431,-3.237483067159307,-1.9905027104247168
-2.9091330007520533,-1.4057799503175246,0.7161363806616861,-2.7008815771739663,-2.0452364045220137
-2.9904013983982947,-1.097610408135612,0.6818093917194074,-2.991899496944609,-2.0089857421437083
-3.0693009731928713,-0.8884124842374445,0.6340607106182808,-3.2521173959746568,-1.9852216511738396
-2.895781684524309,-1.4081800492705216,0.7263718673537923,-2.6992733002769222,-2.0537905793883997
-2.7646856368170556,-1.6515971808278067,0.7692615483066727,-2.2454981329685557,-2.0845225929123115
-2.86771762774022,-1.2279690084875756,0.7201851986193775,-2.6271124744548633,-2.025115395575809
-2.9794284565969074,-0.969937700876855,0.685291169274472,-2.946485071482963,-1.9826750938979107
-3.0883370011774787,-0.8328118043647251,0.6508151862936934,-3.2055652205623852,-1.9868005641014859
-2.9162108295176017,-1.3655485863570425,0.7650764794156111,-2.6809977483459058,-2.050469405130003
-3.000364121991052,-1.0588582298993645,0.7306905925779263,-2.975885605738802,-2.0170345633833247
-3.0914009637898254,-0.9220839651829404,0.6611105776332341,-3.2210812355886786,-2.0110065738949534
-2.921967092095847,-1.4141240826905013,0.7477453023601581,-2.7041667385065646,-2.0865656610660066
-2.7729632566174147,-1.6724034258773854,0.8022755899173987,-2.261090339523928,-2.1321741163832555
-2.6498255934666695,-1.7954657655020345,0.8254428972550271,-1.8658189516259962,-2.12950841261983
-2.8110346418290595,-1.2790582657255503,0.766742597463802,-2.3179436978582926,-2.054456103092105
-2.9356169033682518,-0.9693574551447434,0.7199227370931663,-2.7082385502671213,-2.017951235367073
-2.811175846191881,-1.4263400901810301,0.7946777072407946,-2.264573953073906,-2.0628154238360117
-2.6988886754756134,-1.6487005854320784,0.8305133469114622,-1.9077793827676837,-2.0834313904031183
-2.5929709066456654,-1.7620596537916462,0.8581836931326041,-1.5848500269357542,-2.1052289846074808
-2.512168296606353,-1.8282628405124783,0.8775929751581987,-1.3289987475484812,-2.0817349347822405
-2.442665201432676,-1.8427721053497703,0.8885133183542313,-1.1016232322662276,-2.051190734092681
-2.656258188600537,-1.2894236934286776,0.8550468025108156,-1.7354194650180583,-1.9916703462921335
-2.826389938039229,-0.9745568059184255,0.8326949449576091,-2.2464601628614154,-1.9922652242593772
-2.7391355324824067,-1.4119539824730298,0.8919382729391228,-1.9269413998265836,-2.0130089375361133
-2.899667689853568,-1.0750584983307898,0.850463366073985,-2.406517724845334,-2.001742181716274
-2.7937783831254865,-1.4956386764531922,0.9125802008814748,-2.040821850312963,-2.0465641723623462
-2.707158440786298,-1.7049871875606104,0.9224271560258565,-1.715318096007044,-2.1035709804631235
-2.8427905323585465,-1.2517187143729847,0.8556563533876742,-2.226479812748868,-2.0651847683620033
-2.775859420654941,-1.569493803490231,0.8874168034909159,-1.8835100377013132,-2.100941926525917
-2.894621866010075,-1.1840346127172816,0.86138880689726,-2.3615066746810705,-2.057943757082792
-2.7831278566797932,-1.5405192692400123,0.8998011274935135,-1.990448825369378,-2.093281275733894
-2.9156541356950854,-1.158475368988778,0.8698847349763109,-2.434735002785041,-2.0581168563170116
-3.040491797139415,-0.9354274871939082,0.8128662451062586,-2.818846659404921,-2.050112801610503
-3.1257489746603304,-0.8343474724823,0.7898228200940994,-3.106411468579489,-2.0471962449515333
-3.2007450522326524,-0.7923493030799672,0.7478900264371088,-3.3478512696989915,-2.045855501440551
-3.0170004714519467,-1.393395894455252,0.8571394460015873,-2.8094939814130013,-2.085262896776403
-2.839339952020835,-1.7083207677259022,0.872045693884218,-2.338681219534624,-2.1333723215998774
-2.6943975472698867,-1.8517425500644136,0.8749001169557221,-1.9663304454030148,-2.17594278710464
-2.8188923962290695,-1.3351035850213127,0.8084100420182491,-2.398810111141939,-2.0773766976367565
-2.924762797954951,-1.0443062496262652,0.7465366831427779,-2.7755844811089916,-2.031468825458872
-2.805507012505907,-1.4755817007685557,0.8069887828772077,-2.331687270410122,-2.049831230336236
-2.9273719611592854,-1.1154138740911759,0.7573281096469411,-2.702630587559048,-2.0106752302369175
-2.8244152784330203,-1.5239712316367726,0.8222217758778634,-2.2877063372145914,-2.06859247169326
-2.9253123228471805,-1.1601529119860448,0.7987468663816266,-2.687832627897793,-2.035979893573959
-2.781784016181171,-1.54416351226693,0.8422966796995087,-2.2452627201345754,-2.065581403995749
-2.6574736124862866,-1.7399561535504258,0.8523425487438577,-1.886131841426445,-2.09407495753281
-2.5691705855745117,-1.8034752291631737,0.8500987788946649,-1.5733676352745318,-2.1063126975107496
-2.7530321285196977,-1.260146731723465,0.8201750186722994,-2.1120611345319773,-2.0284382484390284
-2.8879346788640037,-0.9801867096471024,0.7687531501664387,-2.5549214619493843,-1.9901616315977284
-2.7865351448043434,-1.4214770584414445,0.8361087599271314,-2.172168656202443,-2.037933019273069
-2.9080588203347477,-1.0861446728887802,0.8114939818968936,-2.5925212180568438,-2.0125947627107617
-3.020384432698211,-0.9140564757573351,0.7793194004183804,-2.92322814228645,-1.993081322016726
-2.874474010998333,-1.416090403445723,0.8510957552261643,-2.4500491358592424,-2.059957552444813
-2.9833037658622374,-1.0994184633842268,0.7952843052259133,-2.800710407624725,-2.009802368843353
-2.842892189868222,-1.5311218990023803,0.8577918675245664,-2.3527904060505516,-2.0687057026723004
-2.9544619601081545,-1.1657459095963099,0.7931250946804003,-2.720478260573724,-2.0483053196980614
-3.0355489145187886,-0.9547244251765556,0.7282914992483012,-3.051646003161547,-2.013092552046255
-3.1338305431309457,-0.8166345080856674,0.7002124575030563,-3.2780714639915716,-1.997330435147485
-3.207642133780645,-0.7652340408472592,0.6605434131912794,-3.461915007269243,-1.9937758275689474
-3.2559915908065418,-0.7364866306576817,0.6408164340268573,-3.6018707368168865,-2.0036802033469905
-3.275288311265689,-0.7194203194353275,0.6079722773898721,-3.6973435642054,-1.9817985746213695
-3.2836170001211267,-0.7520597860863506,0.5805986103877036,-3.7988919538605064,-1.9832783903223177
-3.0542571882307743,-1.3872307529284305,0.679822972663789,-3.148064452629543,-2.067543572569544
-3.103531980522028,-1.0784898446812363,0.6114048893017698,-3.3257055943477933,-2.0394855790502664
-3.1539682185512543,-0.9247076846616186,0.5706318371254109,-3.5014020585210304,-2.007071449211493
-3.1744948219046862,-0.8169293209723381,0.5629332056800852,-3.6261130395711967,-1.9721163593400344
-3.22103121022601,-0.756568616408608,0.5498076131844593,-3.737476069668561,-1.9330375271049909
-2.987023100050046,-1.3740216266807879,0.6764586258584032,-3.1055628145328833,-2.029366264170799
-3.0569347584864506,-1.0715924147050029,0.6073004711384546,-3.324069898831439,-1.9944502776786872
-2.848080800996209,-1.4737896233778098,0.713095009517548,-2.749903446293017,-2.0268159781218174
-2.6764092611233625,-1.7007164860885693,0.737960275800715,-2.285642313027018,-2.0642032267694677
-2.801813221646221,-1.2345543325713253,0.6613137194674994,-2.652908208742353,-2.0017781024461008
-2.680937949947454,-1.5425116984342397,0.7026144610447431,-2.2339719981175907,-2.0388329651588037
-2.5828930678485453,-1.6873552929297742,0.7366959867334055,-1.8561287528498767,-2.044778155428825
-2.4896771929531125,-1.7589248292960051,0.7714245965831493,-1.5475920585442084,-2.0752885642606143
-2.410299371547172,-1.776145931598607,0.7885172968975829,-1.2986357092914695,-2.051582038005265
-2.3530355338753095,-1.8065743035476753,0.8144856646179569,-1.1037148138717165,-2.031235264859959
-2.5892011207045624,-1.2666532228882088,0.7923210366206255,-1.7393027601338884,-1.9751489684168833
-2.5428692734846767,-1.5303797631351728,0.8468969174320035,-1.4832785595530917,-2.0042418300213525
-2.7388122055411177,-1.1356085088048524,0.8272203807978714,-2.0496868418208414,-1.9829227281754105
-2.909146803847689,-0.9213893082948669,0.8126251800769931,-2.479602928414638,-1.985065663055217
-2.8089726986416217,-1.3940875893021478,0.8711484852436128,-2.0988539053468713,-2.029336508513763
-2.949932178180396,-1.0789931169316873,0.8276531307904803,-2.551407861970232,-2.022224949030224
-3.0474978401092327,-0.9126920558222196,0.7668650375186599,-2.90145253403343,-2.0118289066016706
-2.9233014136801665,-1.4460350904910837,0.8339964855675522,-2.4496562449334354,-2.0823027399102294
-3.0237161358456217,-1.1286656562319393,0.7941441262711965,-2.790882589717237,-2.0481335406653156
-2.880291779760791,-1.5503585778931372,0.8417966981582541,-2.3419344905511608,-2.1001043629536054
-2.745177801986941,-1.756881506938164,0.8569801988256016,-1.9587793607785642,-2.125887898990756
-2.6137314044515167,-1.8661097207735382,0.8780182274770023,-1.6216078422538451,-2.1244678962564834
-2.7795446101230876,-1.331403169128389,0.8365010989757787,-2.1368548440924755,-2.0806626185482666
-2.6943418747774026,-1.6079057567223873,0.8612709214081034,-1.8188411799231858,-2.1005734092081947
-2.6108560039271285,-1.7450617897885876,0.8782381910395821,-1.515916867936014,-2.1068441202385
-2.795472548790018,-1.2569162029130658,0.8710040374917036,-2.0539405641772173,-2.06752781328553
-2.7218451966661847,-1.578987704550095,0.886006367107997,-1.7448520880563843,-2.0704278253345465
-2.871711852596498,-1.1610851841240926,0.865472006501712,-2.256197108795823,-2.057143386155653
-3.016749650483994,-0.9352745829805593,0.8249282427812642,-2.675609494329573,-2.0434553225174543
-3.11884349631279,-0.8428242206744782,0.8031828100306654,-3.0016644766819933,-2.0538025602857064
-2.968727094446052,-1.400895948591609,0.8791439670375757,-2.5525870414128384,-2.1071545762924293
-3.0680468787118635,-1.096258358944895,0.7932487429590309,-2.894553310108905,-2.052422646260025
-2.9210532925308303,-1.5332822193124993,0.8505482687528142,-2.4181990567984997,-2.1089672159189017
-2.9964118338186854,-1.1694267807632435,0.7821176860660338,-2.780432362449247,-2.0639121992452423
-2.829730721032951,-1.5522765497270232,0.8419745800789687,-2.325396131272658,-2.1113016257734185
-2.935667679632132,-1.1668119506034216,0.772602763825878,-2.715381016555259,-2.063026446292029
-2.809505438340085,-1.5333149528984227,0.823885950702698,-2.253159554470363,-2.10183361724404
-2.6781678886343916,-1.7210950380679837,0.8250187446057748,-1.8783188103174369,-2.106433260519025
-2.8272924240319237,-1.237141803033944,0.7886121334133763,-2.3539029896413455,-2.0373893755700756
-2.958191802759424,-0.9653382737226944,0.7700762242819392,-2.744005122336803,-2.012234778971747
-2.8240180478156125,-1.4053863810679257,0.8425465656620857,-2.323994100901633,-2.0587261771718075
-2.953870626504553,-1.0654577071329834,0.7935223219446306,-2.723213925635998,-2.0143446861693812
-3.0417929967723065,-0.8880144685452545,0.732292149193126,-3.0378650115438495,-2.003654481844494
-2.914980119413125,-1.3892634437354956,0.8241704880247143,-2.549064326092222,-2.0550531548846616
-2.993963454950017,-1.0656667381056255,0.7758438759945165,-2.893462699237161,-2.0225492737508546
-2.858705198343831,-1.5075251326277836,0.8341193840624789,-2.422829532233878,-2.0801864373729275
-2.964698021970676,-1.1292354466504084,0.7710744152758269,-2.797535702317154,-2.0531501132146714
-3.064646505747845,-0.9330746676742944,0.7370742851217253,-3.0750117981750114,-2.018878128178533
-3.133405469314364,-0.8389611237348502,0.7123124051067683,-3.31579911190208,-2.0221495873504454
-2.953701929484715,-1.3933029498533844,0.7995113628122545,-2.787653303611784,-2.0786826703232952
-2.7955589940438226,-1.6660352721334228,0.8315603872746339,-2.2945477158656433,-2.1147918903392995
-2.6820102853957923,-1.7853926425501068,0.8234316349977249,-1.9112622190062263,-2.129455682923335
-2.580248163494991,-1.843946401080434,0.8213765321863478,-1.5705067500145509,-2.1098979192114595
-2.4767667647826355,-1.8505983679600733,0.828051802517336,-1.3068950808975988,-2.097274878887342
-2.6911848076458513,-1.3137159296245124,0.7760548828663829,-1.9100100707169685,-2.0401950132787423
-2.8592196915280197,-0.9978335890196595,0.7427413849768325,-2.407684266204707,-1.9852622816884617
-2.9899319070967882,-0.8493663261002028,0.7410327758286107,-2.7911427767059194,-1.9867288736147635
-2.868208493158742,-1.3712431533765603,0.8248405520595309,-2.3579454449296233,-2.02431439748198
-2.7607784973014122,-1.6229712467334791,0.8665473212440149,-1.9907028900089458,-2.0755233785694003
-2.6345767937017555,-1.783986317811029,0.8995404338901147,-1.658879215342187,-2.0961534428769695
-2.5493307786053028,-1.8478466094498058,0.905847744820175,-1.3634018353489046,-2.103664194120293
-2.47796678269085,-1.8727947269244993,0.8919899945764428,-1.1389953955698446,-2.094783165849451
-2.666265415979022,-1.322219008823935,0.855462252067032,-1.755908978738214,-2.035256037036809
-2.8255234871780823,-1.0264450184922271,0.8397634087717176,-2.265140516503029,-2.024691370029407
-2.7403988169960507,-1.4572529048381289,0.8961565845125455,-1.9277740662369747,-2.040603663479962
-2.8839200973929735,-1.109722522151846,0.8643431577681492,-2.4223066489697738,-2.0317048970537357
-2.794934522818041,-1.4989656529942004,0.9169466613222551,-2.032815661961701,-2.0497728172816103
-2.921588134726454,-1.1342028330750147,0.8753137378649467,-2.4704586402595847,-2.0257871379465953
-3.043278569443839,-0.9334863041516271,0.8002571438050214,-2.819765105919038,-2.0273737285121576
-2.90511145679049,-1.442566676131864,0.8841389063265163,-2.392318579206729,-2.0879157494108234
-2.784400081756207,-1.7043114144871658,0.9022807737221131,-1.98770363136212,-2.1162003732878185
-2.663671664148054,-1.8143336848259073,0.8992441587192561,-1.6646268884680089,-2.144010318727894
-2.7974949052507596,-1.3103529904155011,0.8285560902384447,-2.179570643043008,-2.068829240472636
-2.938838573256824,-1.0196840844857558,0.795237449485672,-2.5801837816090587,-2.031882514958495
-3.057836880703377,-0.8657224532724289,0.7603882621138539,-2.916975127033724,-2.014554641240119
-2.9246611698556157,-1.389568888694367,0.8378398836244559,-2.4790195217744637,-2.0823394612796484
-2.7929814277497766,-1.6754186368633026,0.8795761795954753,-2.05754911740257,-2.11240447648314
-2.910773451678388,-1.2543847480382881,0.8205178137869147,-2.4905572070111917,-2.0689195793852617
-3.016919197642225,-0.9881797818551955,0.7431322746843112,-2.859633327418698,-2.037471133781822
-3.109293885254818,-0.8416261304882177,0.7152298404690746,-3.1323944056574473,-2.013671290407664
-3.1920765633967765,-0.7761100446829191,0.6729936231686633,-3.376768558840778,-2.0055812819808008
-3.235001430837657,-0.7461359532421558,0.6599751410408178,-3.5425682047286804,-1.9995974391027689
-3.265628499162654,-0.7420888826902761,0.6238492198494967,-3.6593056099858545,-1.988236707851907
-3.063104232559394,-1.3359879038344094,0.7312798823962909,-3.0397555663514533,-2.0654948127741313
-2.866286886463675,-1.6676436538743586,0.7645504281412422,-2.5197403716772713,-2.122025506331928
-2.697457674189185,-1.8176890635221954,0.7592988170008473,-2.080653049541451,-2.1467117103761106
-2.5511937002198115,-1.8713576362253743,0.7577587039289958,-1.7000012208856097,-2.14023770221895
-2.719642097923028,-1.3119960565718878,0.69460741581905,-2.208816421338167,-2.030513760776872
-2.622600506747613,-1.5614104368705188,0.7650283233374776,-1.8355501773214882,-2.053848328003679
-2.789046705649443,-1.125382473751824,0.7348247406636724,-2.328154449734265,-1.9925636278628491
-2.921966238793808,-0.8981257186605778,0.7184596490663278,-2.7156093979408515,-1.9847902535248145
-2.8105572363897635,-1.392755032323042,0.7934796082278879,-2.302014733262481,-2.033016755586148
-2.9227241471737435,-1.073614965745006,0.7452585438697464,-2.7114944240946506,-2.0058605219321404
-3.020217043383908,-0.8916812126033344,0.7233700456375846,-3.0409155659652938,-1.985834312176474
-3.1145101811319256,-0.8148736673218302,0.6904378671518056,-3.2707430241533744,-1.9768647725550912
-2.946245249938848,-1.389967077406906,0.79815760209094,-2.7455879971555452,-2.058706610541205
-2.7926486108598714,-1.665886248309782,0.8236331770514347,-2.2777349586685682,-2.108979922875395
-2.8857894418012418,-1.2236370665225855,0.759225686071693,-2.66448913141181,-2.0235186473942943
-2.97984550147523,-0.969395104729077,0.7312954541631483,-2.976874126602682,-1.9975444290359492
-3.05775344821122,-0.8276988845861574,0.6769436707478089,-3.2599545465473385,-1.9751805213535203
-3.157450478172921,-0.7540732992313963,0.6480372298210989,-3.441183784194531,-1.9721505453989001
-3.1890655862251047,-0.7459014095012168,0.6166717819488934,-3.580931865924839,-1.9702648406048442
-3.232864218589434,-0.7413342158258847,0.6073145716972191,-3.7338656666587164,-1.9800161631386173
-3.0152666918849005,-1.3667167257583273,0.7031662482267114,-3.1085905821502684,-2.0538904000018605
-3.1010921272817398,-1.0949981217511013,0.6550006129505437,-3.300287744381551,-2.0122770048424674
-3.1546954207254156,-0.9033989830380307,0.5943417741326968,-3.4353560838103228,-2.0059128142792515
-2.9419779149406287,-1.4403064662243024,0.702048777481448,-2.8587566597462297,-2.0734337631483437
-3.037048675991008,-1.1042647536073138,0.6379950808422238,-3.1279435566569203,-2.032502064141424
-2.8721458899793038,-1.493076427850776,0.7175974060059613,-2.5948054209843847,-2.0825191579057987
-2.961506338477643,-1.1266589768505497,0.6390724669202732,-2.9053554064029723,-2.0175214152985625
-3.035403286232663,-0.9068172605636847,0.608215877334437,-3.1595887493681314,-1.9829944853106751
-2.866097829925679,-1.3848410714837016,0.6963614988603061,-2.6342457257582,-2.031778850842017
-2.974693567847084,-1.05672173882839,0.6198448265838304,-2.9482372532886094,-1.9801118499996593
-2.802100868933469,-1.474218917131095,0.7023304494571776,-2.4736868726677104,-2.0359458286635457
-2.9279406017726703,-1.1161669340042824,0.664756744080369,-2.8284511425642482,-1.9781491967487475
-2.799838723300648,-1.4844854017614582,0.7189399999964321,-2.3658602639305717,-2.0100377408583876
-2.6762916818357776,-1.671048182483002,0.7590365360481233,-1.9541475691507744,-2.042605034986907
-2.806426616441277,-1.2076122634131654,0.7002860379784716,-2.4162937169961376,-1.9816944498390159
-2.898993821091706,-0.9391823455331421,0.6872288951463842,-2.778371497037761,-1.960557532258317
-3.0173277647021597,-0.8144496764074097,0.6450528689702347,-3.090013677519375,-1.9667155734853792
-3.1265470961360733,-0.7319418891626418,0.6259774897498805,-3.3144616234478157,-1.9553040765898604
-3.1961278482866167,-0.705822907318217,0.6198423918403333,-3.4834111991699945,-1.9585366821380261
-3.006887196143065,-1.320666471866464,0.7308766856108415,-2.8991072724579054,-2.045158982921197
-3.092733259391169,-1.0424492435821981,0.6963856729753666,-3.1636240759194916,-2.002932921164994
-3.1519609855467556,-0.877985002452496,0.6282714475720235,-3.3843371037199836,-1.9969075263745732
-3.2040963154932096,-0.7836997976438614,0.5979051171656001,-3.536224279795533,-1.9769599098979582
-3.0116828507084406,-1.3691379124287788,0.7061638363068448,-2.9481686370395748,-2.0456493023005273
-3.0720324253371736,-1.064254667172373,0.6258666849794745,-3.175912390363775,-2.0114479224489665
-2.9033458500914096,-1.505502744762617,0.7026320536217957,-2.639024823664677,-2.0723415101713156
-2.999490324666334,-1.139445928720626,0.6301985252557656,-2.9333458994495922,-2.0141902473740654
-3.0694794615643093,-0.9400651483727133,0.5832922334010079,-3.1791935393234367,-1.9924999045641694
-2.897898460601456,-1.4357429103668473,0.6880183866801207,-2.660844341366998,-2.064149748436957
-2.990576077750676,-1.1015021791765636,0.6222766311622896,-2.955947577320753,-2.003081874971069
-3.087894188130721,-0.892392327682807,0.6002156906529973,-3.1994157662517124,-1.970246609520453
-3.1350272767431377,-0.8015377276999371,0.555588800736211,-3.411241343657979,-1.9366283562219393
-2.9513336846016682,-1.356162779899015,0.6692434548173709,-2.838736830032874,-1.9965125818797502
-3.0205979248733312,-1.061049726534425,0.6237392634307708,-3.1211901645361566,-1.9706643040012317
-3.093563505055867,-0.8840093601330123,0.591106296433514,-3.321908261446238,-1.9334210377096703
-3.134021355261526,-0.7947699219441684,0.5661244407118554,-3.490957515552263,-1.9283258668470549
-2.954351503549649,-1.3643070321324904,0.6905538266200452,-2.901137294486497,-2.0070175687829974
-2.7800430596274994,-1.6416905923370457,0.7227916301343921,-2.4117159916649693,-2.0663020655261657
-2.638847249425911,-1.7727311861773918,0.7416284147690168,-1.9955914888755386,-2.100163272837946
-2.782718249014607,-1.2640387914825049,0.6677648612187724,-2.428854570846933,-2.0119727173889563
-2.894777693820582,-0.9739407817120824,0.6499845834168937,-2.79803318708657,-1.9670752090788834
-2.773259774512661,-1.4156320759532217,0.7262520108601056,-2.348028523107446,-2.009063698810773
-2.660742208727214,-1.6417301328233773,0.7604224493465583,-1.9643821837846511,-2.0326343382428744
-2.8047454586048395,-1.2004319167065125,0.7094504183576389,-2.423301328178626,-1.9837428568971085
-2.6848146761861797,-1.529166097921418,0.7738156971579396,-2.0505737817887386,-2.026237253180676
-2.580102121952478,-1.7006681693910213,0.7947515445778439,-1.71777922618027,-2.059347724924272
-2.770813266085151,-1.229993168574597,0.781822268604916,-2.213799845508513,-1.9955815565692991
-2.6655058180885063,-1.5468123920850203,0.8202824979662029,-1.8512122697784967,-2.026627630839606
-2.588195834717753,-1.6709377966536343,0.8588981786969233,-1.5368740064347814,-2.0412199743185755
-2.5328936483664712,-1.7547210952641923,0.8872400896495829,-1.295976305584011,-2.0502790534240067
-2.7310493987640174,-1.2470829586678387,0.8525096921709483,-1.9037969270480002,-1.9992497704276464
-2.8879007189836843,-0.9567487202668604,0.8110861338416774,-2.396712424305813,-1.9839689746836322
-3.0494775659735764,-0.8348404625885725,0.7954920270051697,-2.7646501317375076,-2.010576684895243
-2.9141910337649377,-1.364495863441647,0.8698806262859906,-2.351356217697683,-2.0608709470485884
-3.0293931961618634,-1.0894270854290418,0.8272543807972377,-2.723501180854971,-2.046818186569606
-3.1149659466674313,-0.909067764390612,0.7751806216461525,-3.0277877706344123,-2.0391366326962914
-2.964644953800442,-1.4279240580492945,0.8275446045912777,-2.5354257147552084,-2.093018891549806
-2.80948108248513,-1.676948455673594,0.855196849274641,-2.106048856450543,-2.1068428340149143
-2.671054443446876,-1.8011045874475615,0.8555491871634101,-1.7483028418410835,-2.136138757552178
-2.5698130018815153,-1.856416920360927,0.8674667452416819,-1.4555673882969424,-2.122885048540276
-2.492192315685732,-1.875492245669379,0.8805547450750313,-1.1955087099777995,-2.1023928924547146
-2.6785194527146623,-1.3356657621129673,0.8495994889978075,-1.795591361903715,-2.036793920070487
-2.850347349934076,-1.045631870113269,0.821194400537174,-2.3192719529806194,-2.015939654613368
-2.991025033855554,-0.8641065922756187,0.7919712595089364,-2.730739970519835,-2.0195111514020265
-2.8608700272311784,-1.3942218395750383,0.8838379575169056,-2.3094990059576936,-2.06012049429806
-2.7633481131450144,-1.6661449413359886,0.9196395244127373,-1.9551488234531682,-2.100565439672224
-2.8977386210504306,-1.2549349405573582,0.863826275132266,-2.414696037744295,-2.050632361123422
-2.7701415103336777,-1.6081258306837205,0.8963588365367938,-2.0436793763923666,-2.1173298391678004
-2.6766579083890747,-1.779552046661289,0.9146010186508287,-1.7156859029199203,-2.1297692107457626
-2.57826743235886,-1.8578331240137274,0.9132794342623858,-1.4335605454496183,-2.102038216500755
-2.7492645184794164,-1.3221266900357174,0.8782720150253993,-1.991193516627872,-2.0353191489910456
-2.6658992440834983,-1.6068066905080753,0.9055376485757685,-1.677992105009372,-2.055283323483633
-2.8351180470421107,-1.1759875615578623,0.878952152019029,-2.194773138982777,-2.046107882513892
-2.9720221115781515,-0.9441200829323654,0.856922686778471,-2.6031145253583317,-2.029669401693147
-2.8524514186038346,-1.4361683441722188,0.9187599440921884,-2.224556784847955,-2.105350543242701
-2.7548928710389857,-1.7074682588091827,0.930604159124102,-1.8708789547304785,-2.1232786311838963
-2.8860526323517584,-1.256232803949007,0.8542359172654049,-2.34000399446766,-2.0767846131092225
-2.784870581295189,-1.5723869879236523,0.8754367198979952,-1.9724173116168617,-2.0949470711389617
-2.670948299602011,-1.7345046839381155,0.9152962242240207,-1.655135954543419,-2.106099622657847
-2.5826070590738337,-1.8471009899599975,0.9246131636594169,-1.3991932345752467,-2.110143959739793
-2.5079071122919503,-1.8798849000043887,0.9380610285302511,-1.1700961329830353,-2.0948764352816074
-2.458360186020711,-1.881683241805146,0.9563717779753215,-0.9876815737252114,-2.075661572295941
-2.6567354238781538,-1.318944948930172,0.9222209994198884,-1.6412549903992764,-2.035805604104158
-2.8483071470115453,-1.016676726278506,0.895494075459471,-2.1889002657791745,-2.021403507982998
-2.9893234600991936,-0.8562154416304295,0.8627884700146579,-2.6206352875367878,-2.026038011401019
-2.879613652537803,-1.3899040678649877,0.9247399011409059,-2.2467238009528536,-2.07935751688027
-2.7676845136730903,-1.6497215132049472,0.9361013634691605,-1.9219260600870973,-2.1094378023351443
-2.892659280094685,-1.2260375029967618,0.8747363265040732,-2.3882551747605825,-2.070818987016798
-2.7848955477424577,-1.579177168847581,0.9117832077043728,-2.007321799468028,-2.1054244153006243
-2.900769178181434,-1.1724687766775872,0.8667663326046777,-2.4639080710200654,-2.064592253176915
-3.012583977210673,-0.950669447505838,0.8132054757938004,-2.8268159306500458,-2.0348184843950827
-2.866824719907385,-1.4415307512014743,0.8794576299932128,-2.405873238495833,-2.09204380224146
-2.9862594164024365,-1.1159800346495083,0.8135659831611106,-2.770013712728213,-2.048181767465626
-3.0779039897177713,-0.9252260309446997,0.767124547287389,-3.067259545562754,-2.041077457383492
-3.1495714563387263,-0.8382999998555878,0.7267191183623323,-3.2983273321173012,-2.02374923577001
-3.2183618089580333,-0.7974639440303176,0.707792369337086,-3.496034315723076,-2.021621053154001
-3.0312495426972736,-1.3835695211059833,0.817981734727169,-2.922650599943351,-2.0966508489778515
-2.854644174236816,-1.7030763059694032,0.8397320164341018,-2.4289136250278975,-2.1642508797672564
-2.6999100789002486,-1.8420410060189194,0.8360059285212895,-2.0111583556962396,-2.18558712357527
-2.831834701116705,-1.314616279422278,0.7521524737376933,-2.4474191154591867,-2.0936058535539104
-2.9371683083827755,-1.0263278091634234,0.7192213721278456,-2.8090129424395776,-2.0434851237589764
-3.0453162154973845,-0.8548701889568842,0.6847484187058779,-3.0973607915225774,-2.0253963233357792
-2.9027880435612903,-1.3848327506053297,0.7853888319875685,-2.6001670068033245,-2.1042192585629547
-3.007677486652584,-1.0776205438868587,0.7313925760940608,-2.9342009202856376,-2.063417919459306
-2.8503088713774263,-1.5086434637095045,0.7901115849558037,-2.4427463712488007,-2.095951211460599
-2.965983567929312,-1.1340997082524578,0.733285552224275,-2.8091428936221488,-2.0411644083216713
-3.0343551041107215,-0.9271310856547503,0.6758911206657886,-3.1037551161158454,-2.0023885727720847
-2.882994497621167,-1.4021588257342328,0.7596914512128974,-2.5924401908864683,-2.048158803241667
-2.7426106582149763,-1.655945233731153,0.800752734139942,-2.1446716807851693,-2.087235772113474
-2.6088604856364452,-1.7908304049380366,0.8156634001542488,-1.7989364367327596,-2.1105843738655987
-2.774074842365872,-1.269146011683003,0.7601828059784038,-2.2774914746501693,-2.049079462520233
-2.6708834994159587,-1.5534161957142525,0.8007638945108075,-1.9138629459993106,-2.0486930872394513
-2.586450592351392,-1.7026923917326189,0.8253341979128171,-1.600904187539752,-2.056793358267762
-2.782035322947767,-1.2328089016572261,0.7888152636419307,-2.131486431413673,-1.9947155589718732
-2.9300950236998764,-0.9631851586600332,0.7578172668514671,-2.5713579267648026,-1.990442564591499
-3.047010930673284,-0.8276668899996557,0.7387648470071236,-2.9356345433884226,-1.995320811427115
-3.144025600583821,-0.760637207887241,0.7066129474802643,-3.198425361868463,-1.991653347456086
-2.990479522042791,-1.3577598588399395,0.8037254766057687,-2.6923532507155787,-2.0453508886456353
-2.8239233385491085,-1.6532313180223408,0.8505614088038657,-2.238499800575404,-2.1073950720630283
-2.937315501723313,-1.2152852098066855,0.7872727490293073,-2.6146208223045395,-2.054999922048419
-3.0223397895996733,-0.972469379162165,0.7482115012950751,-2.928012281894901,-2.0123013424741605
-2.876747848269369,-1.4391165480441863,0.814438652775893,-2.478312251771436,-2.0849278737378976
-2.9879179301080203,-1.1057457597057787,0.7438102335322017,-2.8138518913337918,-2.044766951070224
-3.0739725366009725,-0.9183722339445813,0.7216665487827717,-3.1023026429549927,-2.0101187516283923
-3.1414066672483614,-0.8076902191443337,0.675077135289792,-3.335684497540902,-1.9923076490962135
-3.1986260010512733,-0.7613307813867177,0.64103978232698,-3.4856417366568224,-1.9775904856467639
-3.0143981497339585,-1.3595809495166342,0.7581296685445971,-2.9281833153105907,-2.049835110312987
-3.0967187069713686,-1.0855461033738572,0.6742026725905541,-3.162619644701744,-2.0010381335482004
-3.1344903831445334,-0.9203502972814757,0.650706762202368,-3.356546192727471,-1.9795494770389888
-3.184265344152654,-0.8051356163302483,0.5995383030058241,-3.5347163474969454,-1.959475952547874
-2.988964123268443,-1.3835478361700706,0.6899550044798278,-2.942289283297005,-2.052884215257101
-3.044235520842168,-1.0721254101869004,0.6417337373369487,-3.1755421739776364,-1.9979324056306873
-2.8744877258309827,-1.4900411966351597,0.7089526494303386,-2.6284841751152888,-2.063790532653095
-2.7155059734688733,-1.6903822728059743,0.7266290937093602,-2.1865613919375546,-2.0994462612037457
-2.845483352610043,-1.2186053120378544,0.6708508691057685,-2.5691455157088186,-2.024106424558228
-2.950226493334799,-0.953267148832698,0.6191387878152859,-2.907274749214799,-1.992428726080082
-2.825746447328614,-1.3896659712838972,0.7028405997576416,-2.434217939465069,-2.0308412991739204
-2.9241731532233564,-1.053973587098995,0.6774408885538641,-2.788488906484836,-1.9912102890114232
-2.7929223733199,-1.4498618941914696,0.7477777929370065,-2.3134969973189183,-2.0368964593394514
-2.676885475126416,-1.6512956920136346,0.801625606008208,-1.9291017829812112,-2.0610153711022132
-2.5801216026620764,-1.7544836057814799,0.8219426251339815,-1.6153576570009773,-2.050376294175291
-2.4921489039547895,-1.789525880625851,0.8330071550711226,-1.3311368688945053,-2.0635519352186065
-2.4193719063896393,-1.8240936646875996,0.85173589287965,-1.1267010733060028,-2.05237013263654
-2.6334589890274995,-1.2826853645243799,0.844092056337636,-1.7350389093086127,-1.9964811218673362
-2.8148542519361617,-0.9850162118907977,0.8171549356748506,-2.269283210119084,-1.9860849908427771
-2.9463437590563175,-0.8477617571660128,0.7705759686665924,-2.6846894880118346,-1.9862827662709672
-2.8400180008439415,-1.3733049544773417,0.8482118458462712,-2.291569805790909,-2.023976500214351
-2.7510888362371695,-1.657329706394067,0.8586230057805702,-1.9562088907324047,-2.0702069120216438
-2.8784632658626768,-1.2360717140428974,0.7976065548850002,-2.3933946720316066,-2.0391416517614616
-3.00761588233289,-0.9728964404866765,0.7658541573406663,-2.765137275578303,-2.029974012059639
-2.8811560145890116,-1.4529660431182452,0.8257530623718119,-2.3062617521963626,-2.0628730319379094
-3.0119732486107886,-1.120238782754241,0.7665394866163635,-2.69573046516378,-2.0360209051783986
-3.122453118329841,-0.9276311812104924,0.7246854974722486,-3.0093265408960037,-2.022530042401677
-2.9464205441555755,-1.454506214782262,0.8113728420948305,-2.509665345168006,-2.103293582679789
-3.0360511329050692,-1.1192634689873542,0.739179540777086,-2.85672318503229,-2.0485159953708267
-2.875825925668002,-1.5421984501584878,0.8038886929678938,-2.3722082853656077,-2.0780612354489425
-2.754058308309154,-1.7329307038723338,0.8284591861412121,-1.9696987605971696,-2.1150656213884367
-2.615900777112721,-1.8365171134807108,0.8340595265985661,-1.6536920499576817,-2.109741802618703
-2.760275427115425,-1.3096055508216453,0.7992359586779423,-2.142043759322477,-2.0244455458399258
-2.904177530187864,-1.0024249017405724,0.7691716594716482,-2.586123050842938,-1.986921541001826
-2.7894411115679127,-1.4322853590623652,0.8454355961727854,-2.1959488606807125,-2.0304352006600213
-2.931655740945575,-1.102531218504053,0.7713421541838882,-2.6134094108448727,-2.009574011861757
-3.05397875282795,-0.907722686917826,0.7425910333550818,-2.9395564689438594,-1.9931821864468284
-2.90775760700626,-1.4159943157793893,0.8301823641176262,-2.4737720773168355,-2.0453617920479883
-2.7648036435556604,-1.694563754808013,0.8674855715160142,-2.0580802440940373,-2.09109902505758
-2.6338193673647874,-1.798856760910368,0.8847125413737282,-1.7089804929355672,-2.120422465413901
-2.781130615517679,-1.2652168026946227,0.8184774347893856,-2.2262711705007443,-2.023760303607564
-2.663313450800321,-1.5729400341921151,0.8597222639968112,-1.8747352038331893,-2.0537937404673485
-2.835849586502436,-1.1790567964388046,0.8173083490380199,-2.3458123083201796,-2.0125189662583685
-2.955063813597352,-0.9566247502447439,0.7782500261705464,-2.749564374345981,-1.996755225536935
-3.0657007116136676,-0.830960062031516,0.7534112062730773,-3.0532820231225277,-2.0004972699939416
-3.142176301797172,-0.7687670615280717,0.7032961700854542,-3.2948178989587142,-2.014894221571545
-2.9798401416921068,-1.3891479866251306,0.7962771370241807,-2.744464072565291,-2.0794403931694196
-2.8263409247487608,-1.6893991701226845,0.8272914642613703,-2.295389533605724,-2.135023757654431
-2.935552928630469,-1.2309470465607784,0.7668286843752893,-2.6648821769641673,-2.058636372698407
-2.7928393949621872,-1.5732059396570834,0.7926615139991195,-2.23244445060256,-2.081718571088018
-2.9268060764124386,-1.1726113486262324,0.7447448551806259,-2.641598244428246,-2.049541537047745
-2.790980553507149,-1.5340036544604712,0.811657611327056,-2.2062115112284126,-2.1038472110984228
-2.6643121886313192,-1.7150166697179363,0.8266611731403534,-1.8419243948759974,-2.126536869944851
-2.795612259134597,-1.237509700944563,0.7775061362286795,-2.322187955304476,-2.0580998588220516
-2.681394950017605,-1.5553370071207122,0.8256953622773042,-1.9607563421385172,-2.090798939793551
-2.8301361169654675,-1.1440514505601458,0.7871715617597119,-2.4474884161158537,-2.0442178906611708
-2.9537652921336135,-0.9303238335891781,0.7576645768450241,-2.830982772568251,-2.02175214314699
-3.072972717125461,-0.8096392342231866,0.7285800046867733,-3.1381708395089367,-2.005035870652656
-3.1631682147075075,-0.7554397235936718,0.7145851531770053,-3.348308564901336,-1.9980985472553972
-2.998024778011794,-1.3549768178084507,0.8006070357959184,-2.8113077294910522,-2.0710782856116845
-2.844705864238588,-1.6471113526770398,0.8353200687972838,-2.353726682936423,-2.115576407985015
-2.9302219425066443,-1.2389652372389441,0.77332475117568,-2.7198650676125102,-2.029175023355494
-2.7660876285823766,-1.5814358490319305,0.8009809765755144,-2.2851310080904903,-2.079014154055762
-2.8879778505733826,-1.180024675275202,0.7479153820814811,-2.674015771906609,-2.0246115465180314
-2.7589865699838096,-1.5379811371256877,0.8039818827693721,-2.223916982047489,-2.0644520939490345
-2.8898177184457827,-1.132994016816689,0.7512737126502081,-2.627556842642919,-2.0293129994738317
-2.9972449813954345,-0.9327054045488427,0.7176508017162501,-2.9446056436323773,-1.9975830246897488
-2.860008031851105,-1.407745027127815,0.8088444978884105,-2.474361905283234,-2.059290870152484
-2.7174563400256955,-1.670216510219849,0.8258795647560903,-2.078362363479299,-2.0929278339385853
-2.6303299258579576,-1.7943768226427514,0.8396008238046138,-1.736895140310526,-2.0934461403125515
-2.526345540104008,-1.846475922303836,0.8279451351285044,-1.4443524308638502,-2.0856352265707625
-2.722718923392003,-1.2940795952914117,0.7934844633963087,-2.0033671814683762,-2.0273636847027388
-2.641839932912393,-1.5535867725785883,0.8489043598674557,-1.698555542965476,-2.0494776333343707
-2.571008630920816,-1.7051330351766032,0.8692425031846475,-1.4359855905751655,-2.066145604971924
-2.7395264255025666,-1.2220032234144553,0.8508914094446821,-2.0109311142980815,-2.02449365949323
-2.9051646295652724,-0.9422790422786026,0.802287471593347,-2.5051812957408095,-2.008127941518604
-3.04609592599848,-0.8324129582481724,0.7665179129986543,-2.868322226709662,-1.9993012544560176
-3.1437320705986167,-0.7718261274790051,0.7419379530006974,-3.143310359631875,-2.009864881862596
-3.204043630292796,-0.7519700678113398,0.7225586731070248,-3.3788400613797083,-2.012489077603003
-3.0209572363282438,-1.39514041971192,0.8214217202866585,-2.853485911471249,-2.099761429505212
-2.8731917445770834,-1.7017857805885588,0.8388972477899233,-2.372183395488354,-2.1442521857230807
-2.958457633242436,-1.259306622415226,0.7660813959249317,-2.7325967314177113,-2.071491847078164
-3.0425892287703684,-1.021488591817914,0.7202503607650057,-3.037130124162086,-2.04505250602067
-2.8874552769043698,-1.4821981494983862,0.7932137457026315,-2.5459845495216498,-2.101995715760381
-2.9733627618384433,-1.124284781060241,0.7361239380558288,-2.884170854464922,-2.0574108172425145
-3.066761244337819,-0.9185223174268426,0.6877835027856828,-3.143353904473769,-2.040955044376463
-3.146198846139663,-0.8065721130900393,0.6520097664925499,-3.3579047567896176,-2.0062257981850036
-3.1816122910526388,-0.7569928507797149,0.6451517593843584,-3.5242245130245315,-1.9962744594538167
-3.226200226627803,-0.7271766933678867,0.6234177388796015,-3.6405469335181544,-1.9929113160227152
-3.0498602778073027,-1.3403268355352118,0.7304099093501873,-3.024991266600154,-2.0633329975060906
-2.8702573032517726,-1.6412986994924272,0.7619020395572372,-2.5229389569445932,-2.141841524696539
-2.713245372986123,-1.778710509111214,0.7583099542802988,-2.0543376517887166,-2.1469621070083496
-2.5697957713410884,-1.8313372485783872,0.7652299373219956,-1.6943826662535515,-2.152921445180367
-2.468305850411867,-1.8437894505111994,0.7718042655458596,-1.3868905284432504,-2.1238285772698333
-2.4052906263826452,-1.8383722501924546,0.813820386599046,-1.1887261735650254,-2.115729052188623
-2.344016339749131,-1.8434516291373493,0.838037708359136,-0.9953945470263208,-2.0785154544130204
-2.2999737917622403,-1.820783883991975,0.8580758581636693,-0.8367495205110077,-2.0425500281298192
-2.2897497537029277,-1.8343727897601345,0.8894746214913613,-0.7084646250128962,-2.000732897914929
-2.2930659509992974,-1.8433086610389795,0.9244663191423723,-0.6160593063376757,-2.001290353997458
-2.3121156039186808,-1.842952211863211,0.9392872605430529,-0.5325677693759379,-1.9779428913241512
-2.3019262230255313,-1.8530558633417018,0.9695927585838885,-0.45364456028636474,-1.9735688601732078
-2.3369664785415734,-1.8689419007355965,0.9903904378868106,-0.40510210852658546,-1.9619559024274398
-2.56953732536594,-1.3317701055589894,1.001881814903446,-1.1869918352750746,-1.9688213231439509
-2.5522254504973434,-1.5872949253886899,1.0308418539500472,-1.0481177952321243,-2.0060933806586503
-2.764790124591573,-1.175433676477548,0.9929791429788438,-1.7147898894225366,-2.0246390506911154
-2.939686562348721,-0.9516118787111132,0.9611766030354278,-2.249548440260538,-2.0510294391340187
-2.8586373963452005,-1.4421808061439123,1.007684505394985,-1.9295838108579868,-2.0910651941529084
-2.7687613961684043,-1.7307025550263562,1.0117969534302327,-1.6277310545569497,-2.120657045640841
-2.676403268593656,-1.834600801743537,1.0020848963468374,-1.380735978290369,-2.1275550684822706
-2.5993872623922134,-1.921419927018585,0.9852179675774084,-1.1609436290010715,-2.124153617904666
-2.772028950270681,-1.3768909988322016,0.9587446732955749,-1.758975158953572,-2.07403704433151
-2.923274547794666,-1.0848156728804612,0.9427713061583969,-2.2775697017897008,-2.0540201369652973
-2.810802259964655,-1.5075499295283614,0.9768189465572729,-1.9471322339698425,-2.0873887050539355
-2.9677781105663006,-1.1387786647734632,0.9283800586788548,-2.41246136861411,-2.068512973444825
-3.1040041912372396,-0.937354121381932,0.8877204147868976,-2.7911080587204644,-2.0689996055229964
-2.931024511445117,-1.4466682006239509,0.9534980213279624,-2.368091891982155,-2.134199975071739
-2.79817812555037,-1.696966072816472,0.9523894388393684,-2.0018910328740165,-2.1575434356584093
-2.6832275023818553,-1.840835053683074,0.938756950271318,-1.6748550024976039,-2.187079862330278
-2.832165781380664,-1.3195745593411858,0.8864226742863656,-2.203339233027001,-2.120190987927017
-2.741491140261837,-1.6127419120248803,0.9413392914529507,-1.8554871921970464,-2.140614047478222
-2.874990842965491,-1.1907165788803402,0.8785288260321311,-2.3721353450093967,-2.0924298087023123
-3.0033518058620925,-0.9607310867109635,0.8466649365710556,-2.7430954478533485,-2.071062322920802
-2.8836047972134677,-1.4615320461224988,0.892029777089166,-2.3090251614650366,-2.122171657769381
-2.9815285338413124,-1.1236774013624933,0.8312495523812083,-2.722179098817221,-2.065663081418756
-3.093613081438427,-0.9409642800624444,0.8034909781303335,-3.018832923432822,-2.0639548822071356
-2.9381776139247564,-1.4364643800273142,0.8700381078295768,-2.5371046036576517,-2.109976146493171
-3.0164476596388003,-1.1122291647348337,0.8129685451743442,-2.8925485427440925,-2.0610493498140197
-3.1011909084924576,-0.9220474999301607,0.747262835207614,-3.1587416560654424,-2.0481617953822475
-3.15636365279873,-0.8361826169615394,0.7108948681219077,-3.3766490803175913,-2.0309202282339838
-3.2199781811244774,-0.7731944650985316,0.6814267758656959,-3.5342767899676653,-2.0130303303216666
-3.253178180724345,-0.7514483002940124,0.6421519150702272,-3.6641101415566353,-2.0181417735290235
-3.042631676755357,-1.3459274094997304,0.7390511168302503,-3.067405539644563,-2.0765249426807952
-2.874526446273897,-1.6414508610085943,0.7551962181593751,-2.529262278175845,-2.138345920057377
-2.7108926293804383,-1.7905126808469214,0.7536204450823972,-2.084979902825684,-2.1660399455736163
-2.561397237047917,-1.8247182987728128,0.7506740602769691,-1.7299104968827888,-2.135526577386078
-2.4571841751609385,-1.840227150566673,0.7712747819753233,-1.4412190225087418,-2.121029300664724
-2.634215402632999,-1.3075020212283832,0.71859403169152,-2.00071532818548,-2.0300248076840237
-2.562054567337421,-1.5566549007300816,0.7874597429950982,-1.6887402246884682,-2.0488498960570283
-2.4954344341857673,-1.7047572155747965,0.8217388829135793,-1.400383858290617,-2.0500887100449336
-2.4287216896361734,-1.8046928970413258,0.8534778262511342,-1.1952055692406782,-2.0457826720661876
-2.632144034849095,-1.2742614074521241,0.84574278276746,-1.8189740285509217,-1.9813275392593142
-2.8243629480484205,-0.9870322820730061,0.8234095282780567,-2.3169355243215777,-1.9680045640728732
-2.7549432072602955,-1.4058654249942086,0.8935017768381446,-1.9597602622009798,-2.012193191862524
-2.67544972921232,-1.6448164392925886,0.9138412474447043,-1.6688516005782799,-2.040633257038632
-2.59384321703816,-1.788709407188715,0.909213187290239,-1.3922424257539885,-2.065685996706331
-2.766654301693571,-1.2900297622857584,0.8928432336774922,-1.9598360520224198,-2.030529312913155
-2.6650890390750894,-1.5727496124096438,0.9247531111054521,-1.6624418308091446,-2.0542011796073756
-2.6046761261181093,-1.729587123211902,0.9327652366619341,-1.3933802131106146,-2.069608342284762
-2.765250775907884,-1.2618651585031178,0.8926222604298416,-1.9925452127385577,-2.026403887161194
-2.9370668239876747,-1.0044739164255678,0.83857443706654,-2.452037093132224,-2.027258176055679
-3.0725019028663527,-0.8624051282718924,0.8266754313808882,-2.819110560842391,-2.040587008460011
-3.157672957652723,-0.7933060342546293,0.782001393627779,-3.0882927472567094,-2.0327081111582674
-2.9925768974992453,-1.3939711609621623,0.8758195500701474,-2.618499441259045,-2.0732937833705885
-3.093627065830048,-1.1060901286356675,0.805733875954595,-2.9219648906399507,-2.0633990426090865
-3.1725499197366935,-0.9163284521652119,0.7686414643787383,-3.195927941480348,-2.0389604969596444
-3.2173196827928856,-0.84314691270938,0.7263541047998838,-3.397518132353481,-2.025067374794214
-3.265762407389842,-0.7986954374848596,0.6866185573731335,-3.5549698775448317,-2.01243525741958
-3.287692688581422,-0.7688844673316951,0.6367575393089212,-3.6763515803868927,-2.0177144546899957
-3.0596560341909,-1.3824081101876264,0.7642158389972481,-3.090817306408837,-2.1118068104620296
-3.1098938690424287,-1.098183232191489,0.6752245230725394,-3.288540949122266,-2.0726672449909818
-2.921389441155509,-1.5355378452754687,0.7413666784251802,-2.727548317591809,-2.1380893583710376
-2.749401523527214,-1.7380876525902056,0.746814979049966,-2.250696457768422,-2.1733329309545164
-2.8564753822272744,-1.276743007707889,0.6741078023207207,-2.625370814344973,-2.075301510842415
-2.725488973416228,-1.5605911992973063,0.7202256613726513,-2.192256127311275,-2.096971085024604
-2.5924220558157836,-1.705744651851924,0.7516937882411007,-1.8226896527755085,-2.098081724235189
-2.7561264666171867,-1.2486672063263,0.6960302169321955,-2.3059632115816857,-2.023513645535992
-2.6164061749580556,-1.5285246061938298,0.7787982529541722,-1.936093122345609,-2.0348331813452405
-2.7821287264910888,-1.1345224631181756,0.751692602320872,-2.419448021446954,-1.9976665958000488
-2.9276683126188336,-0.9201901618119026,0.717496143327378,-2.808915095419399,-1.9723919555021672
-3.0387727059587837,-0.7885296200359684,0.6922688527417051,-3.1143695791155093,-1.9739845242338696
-3.1298760509836607,-0.7528600884043142,0.6750366967690404,-3.3426529198625805,-1.968640032285482
-2.9830947558909737,-1.34577683019679,0.7911983106197932,-2.803658568173536,-2.0627936243852774
-2.8267290939543868,-1.6603655425040156,0.8152033069839839,-2.3441138222345606,-2.116577526563025
-2.674926074285993,-1.8006967918904035,0.8384741355313042,-1.9395211322030428,-2.12439555105217
-2.5625564559238705,-1.8586426961948381,0.8075666698968674,-1.6080447234113107,-2.132332657033645
-2.737210489381898,-1.314748402685372,0.7465294615009042,-2.1071993506612645,-2.045499573032617
-2.8880418551417955,-1.0287067386153743,0.7228972685676455,-2.5539998123644096,-1.9879550361755562
-2.9977688250565064,-0.8664645939290639,0.7212411223320359,-2.8888909945128654,-1.9901368592857678
-2.886936058242445,-1.3679711799646215,0.7941222752999374,-2.454225696084902,-2.0547271315432796
-2.7563948554081112,-1.6361297534246424,0.8344491301518928,-2.047782729645349,-2.087099421979731
-2.8932072938479947,-1.2081553986091673,0.7832054828325016,-2.499210528069529,-2.01879088352501
-2.7565295514129704,-1.5408398413698319,0.8228811854715907,-2.085710146353302,-2.0736276827443465
-2.6665872290757076,-1.7164903445423572,0.8473847896678021,-1.7346562789429862,-2.094569449886711
-2.5790046330700838,-1.8003741655626087,0.8673786030784464,-1.4231505056296798,-2.0911325140128842
-2.763294197945316,-1.2583159729066087,0.8336573344609384,-1.9693317615900625,-2.041670478649612
-2.66875100909841,-1.546567804701801,0.8761871806548341,-1.6762364367985298,-2.059001047613209
-2.60040881747375,-1.6896468690985518,0.8940100724746936,-1.411894686769186,-2.0723937650757405
-2.7842406776743434,-1.210911023438106,0.8634179898323301,-1.9971753497578595,-2.0247541867757617
-2.9228803184939536,-0.9400570307650712,0.8303049863729406,-2.45011925143216,-2.0165386514861794
-3.045551273824592,-0.8220838685933356,0.8052489259788566,-2.8359919024584856,-2.0202593798820168
-3.1394640452858114,-0.757070364459081,0.7610185286111405,-3.1277721669952214,-2.0201814334351473
-2.985171935166538,-1.345030849908543,0.8305056758742383,-2.648243146383196,-2.0770476851607818
-3.07130683640531,-1.069333502738229,0.7969936876948335,-2.9645099964630135,-2.0417316732852733
-3.1440664603125303,-0.9115652350152947,0.7455611397486556,-3.218667701529186,-2.026741989936115
-2.9733364041526817,-1.432755714098229,0.8085442311370419,-2.6965689346546475,-2.067385066150489
-3.0673486299438344,-1.1111910627127761,0.7378700108671371,-2.976765197109622,-2.057753011163318
-2.8940082017603532,-1.5456859163675918,0.7947322474618638,-2.4765283999832897,-2.1106665282968664
-2.7405430279014706,-1.7382630508330856,0.8125217583794396,-2.051789978255054,-2.140862383369381
-2.8784002473226407,-1.252956056395662,0.7228931383065881,-2.489279792582262,-2.0558408496207012
-2.986658626947857,-1.0024759753592203,0.6835414555529064,-2.840224443700169,-2.017591750090082
-3.07046386026305,-0.844986056777837,0.6610461843265011,-3.1266451821099417,-1.9976800275633861
-2.912289395258962,-1.3805784772706444,0.768338365337391,-2.628327524055428,-2.0512883852091672
-2.752940507155587,-1.6608888692721953,0.8007761765364704,-2.17675109927185,-2.0839684254440716
-2.8769254343194826,-1.220408005049438,0.7545975281709916,-2.601872654564977,-1.9969317076822959
-2.9835683523746908,-0.9793103267152835,0.71191392011864,-2.934826819627823,-1.98644106621017
-3.080724451657684,-0.8431067592920438,0.6744832293683362,-3.2041103279613696,-1.9696156460603123
-2.9126594815416063,-1.3831626453712438,0.7949099529492356,-2.6749334356154226,-2.0516315079955123
-3.015134237563646,-1.0983801511388749,0.73557665358502,-2.98914155981036,-2.030641725257507
-3.0848819074839047,-0.9335571523473302,0.6728672189627914,-3.2341732391117213,-2.0106367039808712
-2.918439608608734,-1.4325894611432655,0.7540388623001263,-2.7094380281172494,-2.0821265710707255
-3.0028590755109197,-1.0985356160417827,0.7049668644704079,-2.997561802846538,-2.0426314757134363
-2.8498804706521184,-1.5213367801545952,0.7783646678518927,-2.5155300794769495,-2.077972104540372
-2.7128548353422155,-1.7411493443512174,0.7749037956407251,-2.0729219116702233,-2.1100711500813243
-2.8403312719619214,-1.2572919634502628,0.7240110773273395,-2.4927699182310565,-2.029305740451188
-2.9729016583715038,-0.9763562893549794,0.6825308278653588,-2.8527517325392338,-1.9989969319382546
-3.060774736685075,-0.8330456599268734,0.6467848968740433,-3.1462040039667305,-1.981618234092395
-3.1301598519016287,-0.7534108570972765,0.6172721305214229,-3.3563806886276537,-1.9521486610177974
-2.976496895148522,-1.3584869131678603,0.7309503193570192,-2.820402147851829,-2.0329344960586795
-2.823550162272089,-1.6518756570477102,0.7657341889375074,-2.332697689818538,-2.1141628266586836
-2.6868200480659348,-1.7940813092566334,0.7805118718513877,-1.9363284982785818,-2.1345852934810434
-2.8170154719196128,-1.288437448269107,0.7192232788286979,-2.390167810130817,-2.027282901747263
-2.6876354070785826,-1.5739326398330333,0.7675855352002431,-2.0074151628512182,-2.073925999809367
-2.8378774508341866,-1.1742882001374622,0.730171275891826,-2.4611041334814394,-2.0304331589012983
-2.9750991782858582,-0.9484871149963047,0.6920638702191381,-2.8356827477300475,-1.990300098460552
-3.0533287374711082,-0.8211958193690679,0.6805641794592516,-3.1231621771589255,-1.967099828429923
-3.151260058386087,-0.7536151329263564,0.650735194028049,-3.3634370178407265,-1.9832618333979106
-3.2282234445256153,-0.7348610897838078,0.629958125313371,-3.548505333515788,-1.9969280568189678
-3.01992203670326,-1.3576375829503777,0.7365761456952731,-2.975814507065628,-2.0683183060392807
-2.851417661870753,-1.655379702207127,0.7643726390457127,-2.478944235354266,-2.11583612756811
-2.675630236714594,-1.8350476638697772,0.7780889174645529,-2.0246953281410884,-2.124260539937117
-2.800408430552047,-1.3161217744112457,0.69342424627632,-2.4495779804650986,-2.065077227243838
-2.6680227628929125,-1.5830540047403308,0.7449760209056545,-2.0330104288563717,-2.058181634765922
-2.822663877018178,-1.1772756886720799,0.6791182983699586,-2.477525944308471,-2.0002615813447946
-2.7101176680328947,-1.5311253779499785,0.7499145524765154,-2.084882917345424,-2.027271545147172
-2.629519050936427,-1.710417554955227,0.7801678912120968,-1.7451191076356776,-2.0688283199824045
-2.5188489398533354,-1.8016398358574588,0.8232386994044837,-1.450606533969392,-2.0728137980922914
-2.708033688707786,-1.2837236880310412,0.7844459941165322,-2.0181199755368637,-2.0190596441540154
-2.8582293692878107,-0.9976695252154858,0.7700187628636087,-2.4895122955368194,-1.9863780902980885
-2.7584358987917925,-1.4412105496616117,0.8393991058023683,-2.111100016278079,-2.0250754090229575
-2.6879074062029313,-1.683487084638386,0.8692939781643141,-1.7728301235525823,-2.065474095018965
-2.607895757268649,-1.8008355086523593,0.8478197566457925,-1.4860785405309895,-2.06168182098641
-2.5400927598217704,-1.8745500142042293,0.8727363292521519,-1.240495189814067,-2.0665541979752122
-2.733611003146081,-1.3402123344936212,0.8396446628948322,-1.8463739285087792,-2.0148745976617883
-2.6595015956101498,-1.6030704336573254,0.8953561515417603,-1.5382454883280015,-2.0329788000396705
-2.593666838803942,-1.747130924964975,0.9338331773718264,-1.3298434484467498,-2.0713959942443028
-2.76746116804789,-1.2706777721559754,0.8946035650888484,-1.9222202795459205,-2.033639844601614
-2.917480686865826,-0.9898848606574121,0.8765343345713134,-2.3866185415834575,-2.029772001431112
-2.8300266349390615,-1.4377346544331329,0.8999129589355824,-2.0069828627288424,-2.069491488109037
-2.96190568787919,-1.1133928365047083,0.8770941319963408,-2.480630956963102,-2.049612234255548
-3.0836413212818763,-0.9085259596159619,0.8568033536297622,-2.8516862364995212,-2.031881601281235
-2.9353339478561264,-1.425803305935648,0.9026822230059443,-2.387881078083308,-2.0938471312719797
-3.0512039950858023,-1.1086267811813797,0.8425108696652586,-2.761818052776291,-2.0471568463526495
-2.9031661114107106,-1.5268166800934502,0.8684749829046746,-2.339015883938189,-2.098763015035737
-2.753899652114507,-1.7544191438276284,0.8877379111332178,-1.9689200535577123,-2.1430194003653655
-2.8822460397457106,-1.2763382612381322,0.8249233885673714,-2.395567237165725,-2.0775982415128462
-2.760722356604391,-1.5784313758386528,0.8711673923138855,-2.0085514162044817,-2.107087540569584
-2.6492609810559413,-1.7244140203697003,0.8760646639348899,-1.6782487128165553,-2.1137982038619465
-2.822877247386256,-1.2389185265838287,0.8099708749176876,-2.195122118827187,-2.056121522318462
-2.7078599056230646,-1.5324852479959592,0.8400779652111141,-1.8370709015514763,-2.066492159673696
-2.849171295456929,-1.121532475799184,0.8200366437416733,-2.3038762862376068,-2.02409349594769
-2.9875404972004973,-0.9102041180586783,0.776870945834008,-2.6909873424923614,-2.0164035631999666
-3.095393389605709,-0.7990279233543569,0.7472679754049255,-3.0125539711710316,-2.003775391861359
-3.187881330882688,-0.7470904898350187,0.7253486173420367,-3.257964574570917,-2.0049110876932086
-3.009202899346595,-1.356364023180891,0.8208841247126073,-2.744180987018088,-2.0642160529918727
-3.0935781995688587,-1.0847214307963173,0.7717452783000329,-3.0356170759515013,-2.0546205980401426
-2.8966455758120504,-1.5303207339495843,0.8281177109204566,-2.538769367528186,-2.1263139817042735
-2.7553065048277667,-1.7203746575168477,0.8456514069389331,-2.1128028240578356,-2.1352621287016196
-2.8810012233249775,-1.2522128155238157,0.7767962532951742,-2.525064725836613,-2.0590462174201196
-2.761578143477526,-1.576127219006905,0.8034639364791151,-2.1043253017557024,-2.085434892946333
-2.884872577961003,-1.1614654396491582,0.756998420471837,-2.529253603279074,-2.058940294057185
-3.019713623683201,-0.9350075136403451,0.7132904991335374,-2.866670438536571,-2.0167640298437175
-2.87767642230642,-1.4087474619767333,0.8098175054527982,-2.4219252843747325,-2.080523359983129
-2.9652849486631587,-1.0716496412526173,0.7475890441618835,-2.7965855412364546,-2.032209603787366
-2.8344592829755446,-1.4923194623833425,0.8022769883949734,-2.335097299865059,-2.0650763187758936
-2.6893234022904347,-1.711678626831353,0.8230944127818267,-1.9588562068275315,-2.0946176775410628
-2.8401679542943277,-1.251375584480121,0.7525766726325178,-2.4088706381829885,-2.0301091782586305
-2.7366802280418687,-1.5507308603891197,0.8153943503900395,-2.0030003848241766,-2.0608489950771185
-2.8744324169862723,-1.1373231619920035,0.7602402413422644,-2.4712595966347126,-2.0337698323823843
-2.738494549994359,-1.523091419053468,0.8218674763474008,-2.070976246345753,-2.0603282951536928
-2.6380901386959663,-1.7035434144273855,0.849497009172245,-1.745510907733585,-2.09278468292804
-2.8078401805038715,-1.233972877167421,0.8108832099370261,-2.2451549101174297,-2.022629579945634
-2.943343720490629,-0.9583329050802353,0.778800003407968,-2.639902365895991,-2.0154472846106586
-3.068544132401577,-0.8221286776576994,0.7674160706235054,-2.970332857659294,-2.009727536764608
-2.923845602866661,-1.3698761297223236,0.8303667493490408,-2.5174703474831768,-2.064217858910877
-2.7919832269247595,-1.6469739661759786,0.8651338318229318,-2.1105873407454587,-2.1009561557942704
-2.6634928225155594,-1.801179409421508,0.8763329452970013,-1.7644941347950254,-2.113114841843214
-2.5650672705984543,-1.8550771064696192,0.8569997470660051,-1.4685611548306756,-2.1133897579292125
-2.4971282802910575,-1.850286967429504,0.8418634346589751,-1.227434431876576,-2.0808615704156126
-2.7027893630049147,-1.288697434561001,0.8173188198780674,-1.8184180866256718,-2.0297981017433355
-2.6272930414604985,-1.5650167683324065,0.8615302851038399,-1.5488051105169323,-2.0507366852307323
-2.80572266989085,-1.1376864782774287,0.8389063610679713,-2.1036738115779916,-2.027794203391637
-2.9376405247392046,-0.9150364048032018,0.8245609796788169,-2.5282617892727868,-2.009847384574737
-2.8480413522588846,-1.4055213134538547,0.8831584318442505,-2.146023156921953,-2.0604771280478316
-2.9485301286065875,-1.0878463011812785,0.8274858276990024,-2.586746491032946,-2.021362768275014
-3.0664527216480937,-0.9114053085026167,0.802934518781141,-2.9310393226295215,-2.0133141846034937
-2.9189445427354017,-1.4319349836999897,0.85286183707381,-2.4408414370714615,-2.087093820156379
-2.7963642666662407,-1.6934946360580905,0.8867318514113899,-2.0445076017993724,-2.122816191936002
-2.675446074262554,-1.8224424282304241,0.8890598913108131,-1.7105515155732132,-2.1130893139428983
-2.557983954687753,-1.8876756106588224,0.8892320837267593,-1.4328278297903374,-2.1344270515219446
-2.726455802008053,-1.3319602351818047,0.8441621349754198,-1.9878930638430032,-2.06436877560413
-2.6401814752211163,-1.604913631771796,0.8609469032567628,-1.6899855756649682,-2.0814435071688937
-2.5718329011842984,-1.746563075119918,0.8746093845511941,-1.422736604348028,-2.089902741949128
-2.772913940178945,-1.2658996195426158,0.8522593818897521,-1.9952200936362456,-2.042554353665505
-2.9232850065843836,-0.977307559021065,0.8248166171724849,-2.4625485463208636,-2.032120361351631
-2.8224966078003533,-1.424889416542423,0.8827775800095766,-2.1089440955372445,-2.0523105358885374
-2.95269402488638,-1.108888761214878,0.8467577385485204,-2.5330420178115296,-2.0179498350344764
-2.841636187489802,-1.5027496241316483,0.9014333374278166,-2.119213596016546,-2.0591856647965603
-2.712827529783929,-1.7144711157518953,0.9283802881832737,-1.7875738620322061,-2.091941504688649
-2.870259126237932,-1.248111458320866,0.870192769544992,-2.2898671282413985,-2.0424584222832163
-2.7582303860099002,-1.5773450388121952,0.9009970700049127,-1.9199835580476898,-2.077169833138732
-2.647507850341392,-1.7456534877889085,0.8984442889747795,-1.6024437297894274,-2.1011790281445712
-2.559855800078524,-1.8345391303712206,0.9160354327287642,-1.351168178424897,-2.0850103990352795
-2.4987725072255222,-1.8430351734508237,0.9233758325524095,-1.1328862421676669,-2.0990837491311156
-2.685719909642156,-1.308819251978702,0.9098258439827209,-1.7514166001474865,-2.045986841797146
-2.854938520408213,-0.9977735179986535,0.8704355091943347,-2.260960304525005,-2.0403126547006813
-2.9883111242517733,-0.8548454435642493,0.8381057892599622,-2.6693507814824615,-2.026006472361453
-2.8669931968735507,-1.38429258183771,0.9050934214955881,-2.278360426218296,-2.0793991929888973
-2.990799687460075,-1.083169715076977,0.8425910987310252,-2.680609867023034,-2.044744547567823
-3.083610796403902,-0.9109664904366798,0.800043130280028,-2.9888952630569934,-2.034820819808594
-2.935095481117979,-1.4307192485528202,0.8604667485708821,-2.5117776751383385,-2.064647588408252
-2.8031713725691354,-1.7044962404833002,0.8799211029553103,-2.103653226178739,-2.1356867699466395
-2.927010408037037,-1.2526412633034676,0.8225051581078672,-2.5198332550339635,-2.0956335603418856
-2.7918969146014376,-1.6009014878562564,0.8634263339532191,-2.1341580593537763,-2.125829704241687
-2.8926075024261793,-1.2095413260861354,0.8012888260297657,-2.5631189598734396,-2.0889774627163886
-2.786085703403048,-1.5695453229084968,0.8430690862409392,-2.1688423232347613,-2.110437396431334
-2.9186647598054827,-1.1734866681358018,0.7947421151945829,-2.5795868976170984,-2.065951670928204
-3.048071778714874,-0.9525546091322908,0.7664828491717935,-2.9176035870184274,-2.04614264208654
-3.1463849319055788,-0.8291594174259741,0.7083768189918966,-3.19526318647244,-2.0390361832584154
-3.189484238840757,-0.7726616325649721,0.6918969404481146,-3.389415152237211,-2.037477058484774
-3.2495023895800035,-0.7635194929095452,0.6783584302108676,-3.5476701057264015,-2.0151712248612395
-3.0652205990494017,-1.3665601614194112,0.7719286199333364,-2.9836012759823496,-2.090339597955328
-3.1171230320603898,-1.090245888559715,0.708275756308549,-3.227840553341929,-2.0589301715070336
-2.9224477950374137,-1.5438154362754326,0.77262899936268,-2.681605886769079,-2.1255813051641037
-2.999308332621865,-1.1763898775094523,0.6963957122473519,-2.9804265005332917,-2.0403632650544172
-3.083477649292393,-0.9502712529397217,0.6588841460971393,-3.2383046676670046,-2.0040530656602558
-2.885958749338318,-1.4430569254554482,0.7414202120610616,-2.670815885418534,-2.060767872129698
-2.7315374243121067,-1.6909086708832213,0.7511146308451595,-2.228031141321813,-2.1131563572550287
-2.8597144878000105,-1.2370431191294415,0.7011197595615836,-2.6035937043926265,-2.0486211006244135
-2.9746024226511842,-0.9701025656227691,0.6658634427679044,-2.927936764148841,-2.00448756107301
-3.0680363106688096,-0.827893670479394,0.6284166246065225,-3.207645237340334,-1.9886825016291134
-2.909761300794785,-1.350201628050045,0.7198681953929127,-2.7064756488645423,-2.0303576348125927
-2.987787813472159,-1.049088503191674,0.6885813437840691,-3.0049057815394864,-2.0130516621098518
-2.83726067154476,-1.4686396383592972,0.7402124330543478,-2.5134649826175472,-2.0494436215846474
-2.6943821672158004,-1.684418511542167,0.7566313252829453,-2.0905021519835962,-2.0612490938147734
-2.8241646116420354,-1.1991904987326514,0.7002519391236176,-2.5122732065543376,-1.9885072921101128
-2.924890696608382,-0.9587474463683543,0.6555513624837724,-2.8672085427219756,-1.9694332601204314
-2.7956489608622923,-1.4041837482288313,0.7455973357363531,-2.4093072074279442,-2.0387178236445895
-2.902950336442605,-1.0870570508190214,0.7073225747622763,-2.75983168003336,-1.9781283059031205
-2.7883098473361794,-1.4780277218776885,0.7690881264716151,-2.306264161283131,-2.0407041630922307
-2.9169792428966046,-1.1262895132964095,0.7166912221809847,-2.692628113999376,-2.0095024252253477
-2.7598696534773306,-1.5060982036834212,0.7950712112728517,-2.26647367585759,-2.0526179547381016
-2.908293528333734,-1.1441207575405357,0.7461978543526271,-2.652194500608247,-2.0140631140443
-2.786642040523857,-1.506533426270056,0.7987374591725718,-2.231185300509518,-2.0788446374539054
-2.6584910737385234,-1.70040361663716,0.8281790139990779,-1.8704183417178,-2.077020720681005
-2.7910661316477925,-1.244353949380631,0.7818611452162886,-2.3379695778550262,-2.0316330103868783
-2.9359636034707393,-0.9885803525169827,0.7439342122524322,-2.732988355035656,-1.9948657701771753
-2.806294928244902,-1.4504554256832787,0.7949869163931934,-2.2991868791213643,-2.0718319693866207
-2.9357148785605722,-1.1178691988951652,0.7451098889384533,-2.6936380356659964,-2.027967807135743
-3.043828092749747,-0.9215975706954702,0.7141350147851917,-2.9904178458567,-2.014927027736218
-3.1174946755419577,-0.8173475708099516,0.6830051923777609,-3.245955003647034,-1.9895064489712473
-2.955161183135235,-1.3811646075181132,0.7788002400012686,-2.7173745302012646,-2.070953965512953
-2.796111604206875,-1.6800817071824108,0.822677232324117,-2.2438925933175495,-2.1132153382501824
-2.8970650594652,-1.2242506003531384,0.7367795947737196,-2.624144748673791,-2.0499750306008337
-2.7965035641645186,-1.5723938187927926,0.784922023186122,-2.195493009069241,-2.082942287380726
-2.895599281442819,-1.1748360221822658,0.7308306005679073,-2.605348508403879,-2.020609130391108
-2.993047502388545,-0.9569512179506175,0.6984489033222869,-2.9366660889535443,-2.000179574405587
-3.099559124203321,-0.8389651045814319,0.6632522006274784,-3.2131424796450876,-1.9910070046943444
-2.915152213312894,-1.3799639070935863,0.7725155148189274,-2.686451885605359,-2.0334140576402215
-2.9949646836469372,-1.0997546558629134,0.6996328767460669,-2.987791097896322,-1.996696460892315
-3.08465845816417,-0.9259480223018787,0.6736036275477761,-3.234464056824729,-1.9626841674428752
-3.142538440532674,-0.8198576044481374,0.6386544678775448,-3.4409554102546727,-1.9425409125676893
-2.951724520396414,-1.383892966823145,0.7081273860817691,-2.8821026210478635,-2.0457241520327156
-3.0366510723409847,-1.07133146617903,0.6669988549723499,-3.1315720463357883,-2.005702618959382
-2.8646118551542754,-1.505997244457992,0.7244824464984868,-2.6135588689239246,-2.0667327050115336
-2.692582832327167,-1.7256693689269125,0.760484563698173,-2.1588319766228645,-2.0823010550664707
-2.5791298737101465,-1.8193884867943864,0.7683795311627719,-1.7872090310006838,-2.082389594490534
-2.471595227044884,-1.8396920184086658,0.7818079289391747,-1.491755358771651,-2.074797341948351
-2.6836312278940304,-1.2925237987555704,0.7601119071550575,-2.03379786415932,-1.9960203535061387
-2.60133997455516,-1.5504767107454824,0.8169385067212571,-1.7195991366216437,-2.03622480806427
-2.7786752936205867,-1.1286821509179388,0.7775900815623032,-2.234541852840795,-1.9991383127543685
-2.924526081289433,-0.9110654490435781,0.7541860960932458,-2.666263272264264,-1.9827070830997513
-2.8005839295064217,-1.397019582047738,0.819967750254676,-2.2571984885487546,-2.0220508997184603
-2.9269915039664363,-1.0980450883887527,0.7776789560014462,-2.676903757244387,-2.0054135116714225
-2.8052851873462856,-1.500314404899243,0.8352229728068875,-2.2657054813948654,-2.047279954762001
-2.66046159246012,-1.725423299005777,0.846168300907616,-1.9081817669694099,-2.08499839798742
-2.5652645794506754,-1.8138690531844643,0.8532183448414429,-1.5602510682556499,-2.0874465430300266
-2.4852311121181825,-1.8431404083651652,0.875602771892561,-1.2818060563739704,-2.0691598188577096
-2.6711468890653034,-1.3264567154912843,0.8578443559315752,-1.8693417632707956,-2.0007961114946493
-2.5961200501674084,-1.5916035397956774,0.8632851618557049,-1.5985305588660836,-2.0334118483261046
-2.783504918263479,-1.1949615062947718,0.8312285479173261,-2.1386892558745227,-1.994563952624226
-2.7288167718289715,-1.5281313582502285,0.8706936944832638,-1.8230733788396523,-2.0271136243778973
-2.6473528761109373,-1.7094448348259916,0.9153087322864871,-1.5225373510471358,-2.049216895474716
-2.831818045043272,-1.2481511088080373,0.8867406778311737,-2.0536864105097035,-2.0243280650843887
-2.732599292838571,-1.5720047736196157,0.906706675616077,-1.7396439085634916,-2.090117026413411
-2.6566053989172707,-1.7445697104396425,0.9320459254444841,-1.4723515281114887,-2.121025859995343
-2.596570764126539,-1.8322994532640162,0.9337721348387044,-1.2387749462201116,-2.119741185985028
-2.7601966575674117,-1.315839225761747,0.9100554885637562,-1.829982314251302,-2.0577171637273866
-2.7019605775095688,-1.585087061658078,0.9443884482013714,-1.5644936828308365,-2.093964198512771
-2.853075462378432,-1.1729769557602705,0.9084495240737719,-2.1084304050897336,-2.0620898190452226
-2.7671602066348804,-1.5413857993187279,0.9399219972994152,-1.8140676975044667,-2.09928155052939
-2.9113996973275498,-1.1640350174127454,0.8978728872525475,-2.3168177712370635,-2.0775432085312304
-3.028458312899671,-0.9553252395183981,0.8501418865812499,-2.7302973538674142,-2.04941596283333
-2.9078306253040656,-1.4492466921324905,0.9258059997180345,-2.319933669249214,-2.0949100004098113
-3.0178282810199173,-1.12199746372987,0.8589193745889335,-2.7093800400038788,-2.073118813784153
-2.8831444294322144,-1.5360748478688664,0.8887025705015626,-2.2967643216255524,-2.1047404168286463
-2.9845374032468435,-1.173016661719658,0.8086472613744952,-2.6856754937921132,-2.082788971055744
-2.853529122915878,-1.5576020013711434,0.830908068390725,-2.2589858492619004,-2.1164681377142047
-2.9758583702155907,-1.1829934805054108,0.768868310137842,-2.647438917116028,-2.075833130782175
-2.80927318941972,-1.5493671902958543,0.8322168042421428,-2.223074086007634,-2.109505413906143
-2.687683967362637,-1.7435005435784507,0.861854579705114,-1.8539409915530176,-2.115809694877982
-2.829048768059098,-1.2467437257277534,0.8135365129299709,-2.3237309884417745,-2.0651960254337056
-2.7232866335605137,-1.5532044532059375,0.8509362055858681,-1.9502257671221146,-2.0809007444765255
-2.604981930431742,-1.7312513132092966,0.8752252510075313,-1.6209204057604987,-2.0958860128019805
-2.7645865312476645,-1.2468054164094267,0.8444537829699481,-2.128906273970865,-2.048120778020438
-2.9051362259852223,-0.9733555068444725,0.8096375250825509,-2.560126493556061,-2.0341735839837543
-2.7966830701163814,-1.4227827809742981,0.8657607683365847,-2.155071357174211,-2.060465160152822
-2.7011020819627167,-1.6752786550323995,0.8977553628798631,-1.792786312996855,-2.1165219618733544
-2.603848535381906,-1.7931865770135118,0.9073168760536534,-1.5231282731650067,-2.125278166266444
-2.5625915195882523,-1.8574143799008314,0.9159871846285311,-1.2610087985829652,-2.1110822787641608
-2.489660382895854,-1.8810952563454268,0.9374547958047953,-1.0550908634248972,-2.0961203291830186
-2.686041716949821,-1.3397089167806095,0.9108142699969486,-1.7064661070526659,-2.050402809495531
-2.8480269366726323,-1.0398728749586728,0.8628485610256377,-2.230339658677519,-2.0484499652805717
-2.758265675322105,-1.478316085000047,0.9128633068695569,-1.9217515725752137,-2.0865743493956215
-2.917016203470766,-1.114208420935044,0.8688299868725315,-2.399865373745375,-2.054011743068454
-2.813623909458333,-1.5311033543669,0.8855516564563195,-2.0395492245912132,-2.085805573233383
-2.960308171578721,-1.1602153346657316,0.8399847545809587,-2.488613534053508,-2.0617541532853383
-3.0929918681285975,-0.9396008125557307,0.805739053642546,-2.8414175872595075,-2.0618373584816445
-2.926292779745594,-1.4641613292616522,0.862124702782431,-2.393652797566321,-2.103260966965129
-2.795062640345624,-1.7034350220129701,0.8871826418676634,-2.0081560342003253,-2.126219321461779
-2.9354716460259853,-1.2675032314264187,0.8315305144227059,-2.4353514140666745,-2.104492057148387
-2.792337459032855,-1.57922827653698,0.8563273231773705,-2.0419144685439217,-2.137357878247038
-2.6744449651056117,-1.7525443710681385,0.8740864253941998,-1.692646235369668,-2.1235754844299852
-2.578084143333556,-1.8250102939187198,0.8899186587890251,-1.4163569493942665,-2.1358666233689547
-2.7435858095809613,-1.2983987332011608,0.8452488829349889,-1.9861558095945149,-2.066988006884642
-2.9147659083398683,-0.990928134517133,0.8127070004612035,-2.4279033381932233,-2.031029061101608
-3.0397555642514584,-0.8532580154002414,0.7867806565222728,-2.8217881434908825,-2.041173349250698
-2.894962558317185,-1.3836840191025483,0.8783326973371735,-2.3992100621447943,-2.0897798928926146
-2.7788396813421614,-1.6745705265207869,0.8892948909627942,-1.9942099654332197,-2.1141201504523
-2.8974258882200288,-1.2470824346711835,0.8383341539128681,-2.4384035862634246,-2.0679124339349775
-2.7734540032204205,-1.6034001615913054,0.870586349763713,-2.064536649378607,-2.113225308500913
-2.665120165367811,-1.7578029960924721,0.8788249210431054,-1.7495335475396998,-2.1356596206410736
-2.5791941089748907,-1.839359262337632,0.8970167414869421,-1.4499676071872858,-2.1227262191506076
-2.7407007725738475,-1.3142139495667269,0.8671958533155171,-1.9936113473157282,-2.042639271725677
-2.8858631756370485,-1.0236104274052833,0.8365449530356102,-2.471787661916547,-2.0392750659315544
-2.7940135700432567,-1.4523571635995511,0.8910584381632559,-2.0984757942153407,-2.0784975290503063
-2.7146346735257887,-1.6805760047302865,0.9074320833082716,-1.7743313984651914,-2.103070714665318
-2.854664714191951,-1.2378248160669352,0.8577568241485974,-2.25483276673111,-2.0485359843082636
-2.7681057251525334,-1.5733812428352545,0.8883789633926176,-1.899047575087003,-2.0917373288799945
-2.8925030296178607,-1.180236278373812,0.846227828970974,-2.390296199600003,-2.0536875234918974
-2.7907093949097934,-1.5406806243990807,0.8977473864375679,-2.0311258300767303,-2.0911211491161077
-2.6835680829300608,-1.7531782487649725,0.8977883692162856,-1.717412579003858,-2.1294580394230183
-2.824364819979997,-1.265337684118845,0.8613746009023715,-2.221776609846428,-2.0889946521181217
-2.957704913140057,-0.9957989242906761,0.8226112486451248,-2.6308399118425556,-2.059314335653404
-3.0515991742425217,-0.8711746230656491,0.7890380057832366,-2.9632846884169615,-2.0265587190573187
-3.154594217422357,-0.7893774952439278,0.7582966873333246,-3.2331132330183863,-2.0247701532052096
-2.9702766601387016,-1.3851869589399517,0.8473468640362029,-2.7284862689826195,-2.0645173288700676
-2.820638390782041,-1.670198997638993,0.8581094185586047,-2.2746611043354115,-2.105942127164866
-2.6775005249879884,-1.8296272352075613,0.8453938274329226,-1.8811679756893203,-2.135265073958781
-2.8266736944074817,-1.3244392368771893,0.7965144793584024,-2.3336098373890515,-2.0543925557314298
-2.72326119814377,-1.6062870925281405,0.8391936273356075,-1.9434440195329206,-2.0869949483714887
-2.8474332997822014,-1.1962553042881563,0.7972276945185348,-2.4089099251438153,-2.028178445677912
-2.9829245664397717,-0.9435989350085634,0.7539648623733134,-2.7923067836707065,-1.9996512371616342
-2.82682187794325,-1.4204904159084983,0.8212776732595254,-2.3572739712278934,-2.050524030585261
-2.701341050241707,-1.6396406263156527,0.8673459908621814,-1.9491903542174893,-2.084377964890364
-2.596770348095062,-1.7822786983052517,0.884252699694969,-1.6240895046203898,-2.1130132508957997
-2.5131321061222103,-1.8510803003466345,0.8927722975985827,-1.3750906399845486,-2.1135622128724494
-2.4449154478940573,-1.8828010691983565,0.9048414560686929,-1.135667391313923,-2.0986553855591596
-2.387024345912908,-1.883278670575865,0.9097061094823207,-0.9467126952425459,-2.056657220017112
-2.3539303311004636,-1.8855798348658084,0.9235515628917764,-0.7881044554946618,-2.033674210955572
-2.347793570767308,-1.8573354369457191,0.9420173754713435,-0.6695853801979149,-2.0207677549267675
-2.5959083136086822,-1.3151311262602405,0.9328455474599475,-1.3863281034347237,-2.0048672527955733
-2.567855250999648,-1.5879258558804132,0.9637820975674143,-1.2465321339981652,-2.0442683833774713
-2.539010795833543,-1.7233564913489838,0.9977135295126325,-1.0600412786544158,-2.04734211668871
-2.512831332882896,-1.7987595755366503,0.9999952712590734,-0.9088299503504682,-2.074183205513562
-2.721349952207941,-1.3098042458238328,0.9931975857501348,-1.5855963562494995,-2.05453929417072
-2.684598375580609,-1.5962556616679953,0.9999396358868633,-1.3863067448613546,-2.075761213662818
-2.8549601007038534,-1.191606589214909,0.9690110543518555,-1.9537980601022675,-2.0679857274004885
-2.8021581986866115,-1.5612619180754377,0.9883500028566928,-1.6917371996732768,-2.112848359189216
-2.714558345697448,-1.7524381809651906,0.9829161935055916,-1.4650575313403085,-2.114535538982715
-2.6382885369165767,-1.8565638938262494,0.9647229593205666,-1.19181465779597,-2.127845823957613
-2.8148017801961434,-1.3248418548870529,0.940550820827737,-1.7997359516533262,-2.0816728462154863
-2.7202283391353874,-1.6065916778679452,0.9691304446614524,-1.5255726179198814,-2.082556428021837
-2.884119134008055,-1.193190573293509,0.9345439281968253,-2.0887516721671266,-2.0646627745943555
-2.7821870438416574,-1.5496430541934667,0.9710640593976015,-1.7928739598858403,-2.1037701731062497
-2.7106301123432357,-1.7591940824068362,0.97713469438014,-1.51306232229615,-2.1134346832989968
-2.6254710796808953,-1.841560343293934,0.9914350644628434,-1.2655822001187826,-2.1107511367814404
-2.5496183642805867,-1.8796108638747295,0.9911816158042157,-1.0553446054028133,-2.101389529693914
-2.483416788318856,-1.8885211750599293,0.9816960425468495,-0.8912637604649613,-2.085083338074924
-2.44837561134986,-1.8967844951474202,0.9798162674096621,-0.7844060894928947,-2.082272593247839
-2.6589869241935427,-1.3318234640303768,0.9543788766124971,-1.4706517250533873,-2.056418129855378
-2.626715991113726,-1.5967047919675306,0.9780908230876438,-1.283625977025041,-2.0946828885105004
-2.800131658516377,-1.2034810556717916,0.9508244744366084,-1.8892568050753407,-2.066054126398096
-2.7543790468756963,-1.5445794910668924,0.9875790505310825,-1.615509953855795,-2.0888156232723385
-2.9097318264218592,-1.1524212948724237,0.9452740624866626,-2.154182584445985,-2.0728342024679742
-2.814754231325537,-1.5137250167937857,0.9835838179297366,-1.8177693711402163,-2.0864338279165713
-2.7036659347551715,-1.7417404495793813,0.9823223701288172,-1.5555073362148684,-2.1299724438378194
-2.6085582535649725,-1.845988263364729,0.9869536168904216,-1.2899978612928875,-2.133214852711321
-2.767159859479545,-1.318740539679783,0.9326499968359463,-1.8918648057602057,-2.0635117400898126
-2.6878348089968784,-1.5812703422919516,0.9747463076080183,-1.5945947914729022,-2.0843196800087753
-2.6195358167857425,-1.7290944188824109,0.9723035295937141,-1.3540818546887354,-2.095847599463178
-2.5547226375803915,-1.802664073018803,1.0045448686445544,-1.1364314249134948,-2.1157449901510472
-2.733003804549496,-1.276046390985587,0.9540033535654281,-1.753429342733036,-2.0659841534800703
-2.883957119764659,-0.99082643486356,0.9184393127519654,-2.2824583163273027,-2.070276594708178
-2.7931416974114245,-1.442672188371668,0.9698367453472335,-1.954055379366519,-2.0927179096276296
-2.7009875082208676,-1.6875260692889396,0.9810710378120933,-1.6531497619052005,-2.1086449109415213
-2.8477650959326626,-1.24424238029689,0.9332342925096931,-2.1807023409653405,-2.087575729882463
-2.9843985963652724,-0.9999978629995353,0.8795843475765713,-2.6319378631217702,-2.0577555907745197
-2.8395935507226553,-1.4801988247790143,0.9275208183658179,-2.218553049930962,-2.1273789127811655
-2.9726018343830183,-1.1367650001435374,0.8515686192638476,-2.633265032602081,-2.086885796868872
-2.87257981090928,-1.551588268495159,0.8996720663400121,-2.2226216004211863,-2.135821014011312
-2.987254636371975,-1.1754044792131584,0.8350034343285705,-2.627532018399799,-2.080232692400952
-2.8396549804932194,-1.5746348113918347,0.8850140759980731,-2.200856060014051,-2.1200706621699705
-2.9656890639558435,-1.1845146791478125,0.8123979276601726,-2.6268177313713155,-2.077005828137731
-2.8387137502097812,-1.551808106636545,0.8734440568170482,-2.2068814268585903,-2.113026303126065
-2.720310016151329,-1.7262906151551622,0.8911887165771614,-1.8304019986517122,-2.1265979636484356
-2.847796379984097,-1.2527699450823777,0.8400303355478951,-2.305022947678209,-2.0671258606735354
-2.9877793869112974,-0.9759718909130395,0.7865378637478094,-2.7133318568033107,-2.045045595962575
-3.0635204887351404,-0.8420323268548031,0.7593137239637465,-3.0389537882742146,-2.0306048869938
-3.1290669600813654,-0.7560161904553362,0.7365342170279757,-3.2832291237877835,-1.9969641863660472
-2.967576839887357,-1.364717957133946,0.8232458039088856,-2.769896647402516,-2.0475031439529237
-3.0456160534510426,-1.0672748430164263,0.758786600458166,-3.0500177383131786,-2.0205345835806874
-3.0998833133627373,-0.9041712835858574,0.7205340033381542,-3.278901857762544,-2.0006995932835148
-2.9194626585680594,-1.4336140035935863,0.7808762699854727,-2.7579245253437974,-2.0834393356087935
-3.002721557436521,-1.1259801389290802,0.7124774832421539,-3.04987178455024,-2.0307576894941004
-3.0765689338976543,-0.9425710515321738,0.6534596037481101,-3.293526612338246,-2.016662365903753
-3.138333489183002,-0.8355923809684184,0.6311526369442012,-3.4601732389750284,-2.0007123358010537
-3.196949819531449,-0.7801772075507385,0.597527736031389,-3.6051593406007543,-1.9936749908358828
-3.2429509001060124,-0.7501299938202741,0.5733207470297631,-3.7089357757362738,-1.9921079138156945
-3.285031584061921,-0.7465844242902855,0.5728831289026589,-3.8009947120328222,-1.9868520811868455
-3.2870414449541285,-0.7513172497581802,0.5360342406779485,-3.855447730690013,-2.000524240460553
-3.067864865372552,-1.3664838937989194,0.6710880324631083,-3.19994349379331,-2.0508127211235143
-2.87677754833233,-1.664499907151479,0.7006391570547307,-2.6400130134192272,-2.1194102451498003
-2.6981723922046545,-1.8090582837396205,0.7103389876898311,-2.156837699727015,-2.126937730597979
-2.5351275017363957,-1.8519163205576115,0.7134535256327067,-1.7801812647105026,-2.1174915226540514
-2.7001368985404977,-1.2894870430204586,0.6589104385825489,-2.247779704928416,-2.005074719716246
-2.5925191674587302,-1.5324286722822364,0.7019543936072478,-1.877804216078515,-2.017992159266518
-2.7668647138219864,-1.1096338326844521,0.691370363973303,-2.363547973259088,-1.9589280372382107
-2.6685106194403225,-1.4546716744957375,0.7561116377339155,-2.0070382188269233,-1.9907898996327842
-2.8139640235843966,-1.0630613390803916,0.73272739080166,-2.4688686749809534,-1.953545947532983
-2.934930351588571,-0.8676959784221495,0.7124987096336717,-2.8496264365459947,-1.94961674432561
-3.0540550061257767,-0.7740506390796367,0.6939972223467022,-3.144291202032877,-1.956984161016021
-3.147581484794912,-0.7491702173815588,0.654567480972255,-3.3581070385814082,-1.9631547746265274
-3.2109799407216615,-0.7520502727420086,0.635618048201119,-3.5175412689640764,-1.985631594040247
-3.0228539650864943,-1.3615450450611275,0.7630846327099035,-2.9364469250795833,-2.052600339042765
-3.0840078183635353,-1.0795657281704227,0.6985114044462888,-3.1828215031453673,-2.0192149518121134
-3.137885541564018,-0.9239896469654586,0.6362730284838034,-3.3793435220520056,-1.997421108341228
-2.9580111961020945,-1.4425551015661766,0.718396937889198,-2.8107886425037267,-2.063849651339773
-2.7919042958920577,-1.7169268992349471,0.7440741644788429,-2.337703462663449,-2.1141786179476463
-2.914254502448604,-1.235419752221683,0.679810389144078,-2.6968579930113794,-2.0456167575605044
-2.993822789228222,-0.969270534652826,0.6350991755214058,-2.9834215309413237,-1.993445278955012
-2.837937357989405,-1.406951901052915,0.7127371508333918,-2.4812382048377977,-2.0568279037888546
-2.9498583513675665,-1.0603009110365822,0.6861937323989614,-2.851290753902641,-1.9932926214505733
-2.802215115397059,-1.4635981203718829,0.7542039959801067,-2.3834676485134496,-2.0567291660439317
-2.6678214756774747,-1.6794601217958403,0.7786704211212664,-1.9602085659344246,-2.0735955245159166
-2.8223941720068217,-1.2086508600049242,0.7435567758467969,-2.4417372523803658,-2.0095037321882745
-2.9465046527981684,-0.9473095584480198,0.699628652942975,-2.7955812207539577,-1.9751022780885295
-3.0723084636580302,-0.8046427308619256,0.6569251377680093,-3.0759812984212678,-1.976225549949466
-3.1229393410573034,-0.7627424211264784,0.6451780088110215,-3.3252808778760006,-1.9684304988508992
-3.1953606757695967,-0.7538571025068802,0.6271859434042605,-3.505504574710252,-1.9770698031764178
-3.0039749446470974,-1.3698512005497454,0.7501646181372459,-2.935024695040133,-2.0642927479404425
-2.8348968115600965,-1.6899953545854165,0.7753944534530166,-2.433616351160008,-2.10319779654741
-2.940181999027063,-1.2608045426094392,0.7302674332864539,-2.781370229017832,-2.0382461437391908
-2.77568678495868,-1.593409817264327,0.7668910873098663,-2.325867687650062,-2.086368051022132
-2.6396811986077493,-1.7402135560912368,0.767960226790227,-1.9117009909293632,-2.100534344934763
-2.779942213426913,-1.2519048939984871,0.7355638813768247,-2.3755706738653957,-2.0155065738850118
-2.67581573667952,-1.5730491025967044,0.7894849781266143,-1.9813832241618887,-2.0472366396330512
-2.588393700560633,-1.7368675604040467,0.8134736897371391,-1.6455660250605153,-2.080487233231343
-2.7682833726189737,-1.2414209412652402,0.7739408276579659,-2.1639222660997586,-2.025648023039293
-2.6686484179883183,-1.5581379457914422,0.813120289023433,-1.8446411682589983,-2.046295469053651
-2.842153945920079,-1.1531468696203138,0.7921171812026716,-2.3407462136826074,-2.0150120931440787
-2.9647797696632674,-0.9518059775146722,0.7519741447119379,-2.738531265034913,-2.0134658054011125
-3.077496373594559,-0.8393171203494845,0.729117276793533,-3.03267734383536,-2.017176561211539
-3.169701425022203,-0.7895249085278627,0.694617269335574,-3.287825774989288,-2.021579836696425
-3.2321581176736234,-0.7577451364482647,0.6710220818231932,-3.4826395312489193,-2.0133424777371456
-3.2936372349293572,-0.7493179896539484,0.6356582632849617,-3.6060421145362267,-2.0058369969774392
-3.0839546950366334,-1.3789346927922606,0.7409386034956217,-3.016980531599941,-2.0917125538723114
-2.906321470337299,-1.6916688607729446,0.7680886458748892,-2.4953527739665806,-2.151645881876058
-2.9761403826395796,-1.2421428692863734,0.6845895538100208,-2.817615114504377,-2.060485145501971
-2.8459087686509403,-1.5836701268766553,0.7531244927416645,-2.3299737372336278,-2.090484995688437
-2.6913044999001654,-1.752477804637433,0.7727042776784254,-1.9608340099050519,-2.097541075137034
-2.825506344100945,-1.2555146765861211,0.7178980771854553,-2.415259016675873,-2.0250547809292714
-2.9443674379200533,-0.9845315804912477,0.6893459053548251,-2.790264691927713,-2.002324632043429
-2.807248185684741,-1.4255110327398333,0.7835820372102734,-2.332387180720675,-2.0365854920936197
-2.9157147017343066,-1.0934800993890625,0.7391147851651441,-2.707425808420495,-1.9976754781355572
-3.026822086080874,-0.9145244688280411,0.6733456666316838,-3.0206314728167505,-1.9822708452071507
-2.87561455774781,-1.4245238610357407,0.7729417377240755,-2.5247199000998433,-2.03697999240345
-2.738175360254285,-1.6694147427548358,0.8241208700515273,-2.0981153810108144,-2.0794892823244298
-2.882647941988668,-1.235774536393297,0.7579241611662958,-2.528306077933827,-2.0087567110551547
-3.0048624653373808,-0.9701475310386172,0.7027231179612721,-2.8870849942011603,-1.998706237137122
-3.099299464202951,-0.8200276231209165,0.6887380077387726,-3.146829375852472,-1.9867490424688805
-3.1670298132111125,-0.7531838177411366,0.6761288446033777,-3.3835836015499967,-1.979952671066647
-3.0100351838017345,-1.3441096684086147,0.7688455180053451,-2.841929225511535,-2.040062106410848
-2.8189871097328436,-1.6430099895081431,0.7974589252772168,-2.3583384085926253,-2.1097375542109216
-2.9165650016118594,-1.2110016509121524,0.7120740174322394,-2.6924634405092114,-2.0478829169342205
-2.775488031242937,-1.5524784443226443,0.7686263940714395,-2.260825183621908,-2.0854817946787123
-2.9058384320149275,-1.1437497673299857,0.7088948047906256,-2.65674521627658,-2.0269355442395693
-3.0112213657256164,-0.913848778152044,0.666402350857965,-2.9627055034185803,-2.0012829306252318
-3.0950861349836853,-0.7952927530817878,0.6393686731856163,-3.218886842489753,-2.001728372000761
-3.1696587580715785,-0.7590760717925887,0.6364594763147468,-3.428696994761213,-1.983832310660786
-2.982002605827876,-1.3474338003787043,0.7540619544513562,-2.8734738468661085,-2.0665898904070414
-3.0637081073212578,-1.080448712095051,0.7029316022025479,-3.1348143017717667,-2.022506824113133
-2.8687543545272916,-1.4976915166232525,0.7647392086369212,-2.633726470152799,-2.0707582639100997
-2.9589207983387653,-1.135706334101768,0.7035068287753379,-2.9280438351671108,-2.0210813037446935
-3.0268845968011755,-0.9417694364010465,0.6568801354881327,-3.2002467563445096,-1.9831011131497587
-2.8738506303858213,-1.4131729961622335,0.7380478184594083,-2.6718989528405332,-2.0365605435583336
-2.9897794083811284,-1.0846405573464273,0.6819564187427613,-2.9643328683449757,-2.005295052879773
-2.8316247576565434,-1.5109710467368065,0.7399431648660968,-2.4676112778143082,-2.070347860124034
-2.7057045295262547,-1.704771115569001,0.7793960469793186,-2.0660232335964652,-2.1066513980551673
-2.8342548604063937,-1.2306547475581258,0.7301756018618076,-2.478832372187979,-2.037266218188461
-2.9470065600631137,-0.9680627224869555,0.694818730326814,-2.8433520608718874,-2.0081939705934007
-2.8234753768247693,-1.414542369095566,0.7531851945128403,-2.3947104605657445,-2.060953515634728
-2.7010824755395513,-1.6503886051170693,0.7941423512526408,-1.9903864346951419,-2.0819705961386554
-2.834763369942259,-1.1976822024663165,0.7446389770391656,-2.4278673751962674,-2.0312164903166785
-2.9693529551897133,-0.9602752610100882,0.708461023190656,-2.8049016396266295,-2.0067537266776867
-3.0705167444069503,-0.8372979279981355,0.6885003569642005,-3.092191066000492,-1.9907271467479977
-3.136814896469661,-0.7805391099528406,0.6699679082919557,-3.3250081079442726,-1.9639474387487459
-2.9722713280983086,-1.3568276322254376,0.7672492850885281,-2.790836880354823,-2.053431106850693
-3.07022679125184,-1.07901323332939,0.7040059632861335,-3.0521556754894092,-2.0025055250841244
-3.1165762020950263,-0.90375740482972,0.6566441557913939,-3.2950671856782923,-1.992244039607768
-2.9237209292929442,-1.4457669057737563,0.7443772554057986,-2.7477041189330507,-2.0779621500034446
-3.026560071256799,-1.1114336423436368,0.6836981297857758,-3.0568215847105735,-2.014633962925385
-2.8616084398784625,-1.5247424654475656,0.7557198314548553,-2.5332260156976805,-2.0627731348236664
-2.7266899235320006,-1.7270141028062254,0.7829839903492626,-2.0842159751812566,-2.120367009752751
-2.5749551592311763,-1.815955311714879,0.8153879685308064,-1.7153191464492166,-2.103112003891024
-2.7393113837709047,-1.274784102675172,0.7372869275034518,-2.2389197779791243,-2.0114757124943803
-2.636864233782449,-1.5686494595303664,0.8021286081938839,-1.8694143082226238,-2.048261336678219
-2.554666773927683,-1.7306730294129513,0.8331561795289777,-1.5647639777886697,-2.0742974210506864
-2.4974678184280648,-1.7991197088645998,0.8583798131677374,-1.314902250704012,-2.0587719909640048
-2.438704258263884,-1.827860458584977,0.8737293706632697,-1.1031788408687402,-2.049304663745341
-2.6317077643887568,-1.2895345488982743,0.8355220192055757,-1.7290717717887139,-1.9996537297482928
-2.832330029843571,-0.9722459023107038,0.8162537882227744,-2.277013296390782,-1.9937631253867474
-2.9904883595289293,-0.835094607165463,0.7924042888401324,-2.683325197091686,-2.0140257347493447
-3.1155087938891555,-0.7727856728914563,0.761652791584319,-3.002702869757321,-2.030958657010731
-3.2131899645670927,-0.7429902732084342,0.7458317350345096,-3.243515857092282,-2.0447582939371522
-3.2649944271792215,-0.7682247569942209,0.7257028141589162,-3.411506126897972,-2.018985990213973
-3.0955010334110455,-1.3886057502889746,0.8396563436284443,-2.8754744051313255,-2.1074991118414994
-2.930110988927831,-1.7186919625252646,0.8534340090516763,-2.4047013841297087,-2.157809887269576
-2.9983957185882555,-1.2624221899272003,0.7686682321782958,-2.7380586471023607,-2.0935516535096492
-3.084645953599361,-0.9968896040521494,0.7054600019850947,-3.017379507858988,-2.0615262856094887
-2.91984504002771,-1.4563920418490743,0.7930914870212736,-2.523017127264119,-2.0985610562522035
-3.0123396749206437,-1.1103689433222934,0.7236901771130767,-2.870694718480843,-2.0533427006481255
-3.0807811122507984,-0.9104089241554973,0.6738604182504917,-3.171177391857158,-1.9969121059371595
-3.1623112925149925,-0.7931343998371267,0.6355346309552585,-3.3673062629801036,-1.9889158772416713
-3.1938574754047635,-0.7474201497998805,0.6180172197527614,-3.5314557025806326,-1.9716235257628776
-3.239164764028938,-0.7333234044123984,0.6136402910085791,-3.662509666040469,-1.9751822597618387
-3.0111479201071387,-1.3518424382993965,0.7355799398199777,-3.0825648264195564,-2.0485561168061244
-2.801900542525457,-1.657903708673693,0.7667911573111782,-2.5289296651321105,-2.094604440059915
-2.652987323077177,-1.8085901971761715,0.760667275975577,-2.0806900803850503,-2.102152739384601
-2.525117215039635,-1.8553706567167705,0.7561238894743063,-1.704598130523683,-2.105807991923383
-2.667197369528053,-1.3164149341957805,0.7211916826685006,-2.2077258253431102,-1.9929620918644106
-2.574489371823752,-1.556598267170375,0.7351675592120347,-1.8375077535622681,-2.015997996292889
-2.4946241174891806,-1.6868088594408641,0.7960465737708602,-1.542287649194791,-2.0076769019735976
-2.4326766932199697,-1.7481603040016584,0.8012185090162485,-1.3134562778626335,-2.0068885183772918
-2.6277099418055174,-1.2251978269993211,0.7748893580038355,-1.9031015628384311,-1.967074650266353
-2.8134077200703267,-0.9337837231303426,0.7754735167530752,-2.3794149428092166,-1.9494623554853816
-2.955030650113959,-0.8266507321453291,0.7497129292823019,-2.7695321594860336,-1.961845120079678
-2.8299882804661296,-1.3677832796272111,0.8266268465916919,-2.3420993777965187,-2.0262249841694553
-2.7214464267893117,-1.6584983861994167,0.8345197690032211,-1.9561182879359398,-2.0466609206699773
-2.618409464280171,-1.7967187837918097,0.880263532378787,-1.6467570626315318,-2.0861104496451377
-2.7800778755087667,-1.2861894135879401,0.8377242283465457,-2.1651978527017595,-2.0282872098772002
-2.9246901323102135,-0.9979210897883286,0.7963447698965799,-2.5874509588912256,-2.0182780077461544
-2.7969027366596677,-1.4523104413005086,0.8560117647139703,-2.189009791456961,-2.0771628674064964
-2.9345460874322997,-1.1059645597515804,0.8055598739503524,-2.6166125569874965,-2.0391620418037837
-2.8058755122017565,-1.4997698064472849,0.8609125030415328,-2.2118214063340798,-2.073293959412395
-2.926575111203901,-1.1363509051805571,0.8019717018921432,-2.6201289127415457,-2.0512571315132537
-3.0286879621021456,-0.9449107196377573,0.7516933533643385,-2.9547704658402267,-2.02916687514526
-3.1123093668873825,-0.8156313114147912,0.716234761787639,-3.226836545686171,-2.0185143099699734
-2.9374978813426234,-1.3716309134595404,0.8075568620292329,-2.709434210717612,-2.0783671170945373
-3.0150422315664716,-1.0901245406854272,0.7483660529881256,-3.0121646920830103,-2.0392859213030747
-2.8693983263799194,-1.520943279055147,0.7999519226738588,-2.5152337680600114,-2.094036839677573
-2.9784161160846523,-1.139175726017195,0.728417191802148,-2.8718773565158755,-2.0316945774313373
-2.8217947964891694,-1.5102989152650088,0.7877338262473667,-2.4136209395494475,-2.081309342192864
-2.9398788984002513,-1.1536787522666803,0.7337460463882277,-2.757244613684389,-2.0308703275682047
-3.0181936903731565,-0.9418562726575432,0.6767825259628802,-3.063657309252312,-2.0137171601206934
-2.8630032232125684,-1.418896339235378,0.7702316300775006,-2.541355954281527,-2.078305735997514
-2.7221228663961,-1.667438701075356,0.8137195453559344,-2.1174786795814837,-2.093882036549354
-2.8488646491204954,-1.2246749712496128,0.747446155309013,-2.5403700000987066,-2.052462955480145
-2.719714099217317,-1.5631457779832119,0.7974083426613534,-2.1467138899498663,-2.0954895376842706
-2.867504915908381,-1.1537726485967486,0.7448004820219767,-2.5720479255122832,-2.03005462671243
-2.984113058981501,-0.94904816204409,0.7171545174323799,-2.925667352993975,-2.018064625097887
-3.088441259850008,-0.8281874124806395,0.6906844104426829,-3.201994407012966,-1.9973820859726297
-3.193256744814202,-0.7568579754838247,0.652167091710732,-3.3929159522089,-2.0021868230625617
-3.0096161776380703,-1.3615921777985827,0.7643470293751952,-2.8348923344455255,-2.068157804194985
-3.087231402912326,-1.0761892608873405,0.7050231556436263,-3.0991094647009216,-2.0476239884644216
-2.9090156485025163,-1.4965627752853028,0.7553404715387634,-2.5780394048614537,-2.0990399546023863
-2.9937345410657064,-1.1376015146853473,0.6807033241698695,-2.9101266647615414,-2.033533747626935
-2.8283885590746847,-1.5305277993634687,0.7503132466316312,-2.4132185991296917,-2.095521440506238
-2.929032749008745,-1.1458418658578755,0.7033760743023585,-2.7852336326373526,-2.031390264209464
-2.7999305523372366,-1.5194858679922483,0.7864943314862517,-2.3267706078897885,-2.0850371376067365
-2.916750902067472,-1.1418010997568033,0.7333091118984983,-2.703378244642491,-2.036853953733737
-2.8014477838553713,-1.5207142277297916,0.773224933547611,-2.262483872507684,-2.0914918385260046
-2.910664356328429,-1.1197013973139573,0.7341023613259785,-2.6413176451492335,-2.039863323245614
-3.0120957869175857,-0.9303680425488021,0.6779385969893467,-2.9764434649098783,-2.039034336937483
-2.8521700593986568,-1.4296138750683296,0.7461505799145021,-2.4941729389833647,-2.062030734006584
-2.980722896803199,-1.1125415770912015,0.690995019656376,-2.836074703634418,-2.024350649717853
-2.827725225399441,-1.5024108657693662,0.7725582321769449,-2.3699283667202735,-2.06693511495327
-2.6779242275267996,-1.6952696252669053,0.807130357299291,-1.968336677144051,-2.076753709718494
-2.5922861630013916,-1.782511436718991,0.8233710057284048,-1.6431992788320793,-2.084953884447715
-2.754291895078467,-1.2558837627822077,0.7878284229065555,-2.154802085836616,-2.0268456686917977
-2.8816208497093947,-0.9615124458221029,0.7479142646459115,-2.5897496605532706,-1.9988760812469784
-2.9965339929031005,-0.8244476157664686,0.7136244062577521,-2.933246206514848,-1.9961173175726472
-3.094374465327574,-0.7578582527926749,0.6912828314355838,-3.2181655532916396,-1.9947229638308823
-3.175005088197252,-0.7451086731856765,0.6834985424540537,-3.410984597086137,-1.9884878214291253
-2.9825307929042233,-1.3598119173705843,0.7657869432238099,-2.8726651928095013,-2.0733325042115074
-3.0667754330262613,-1.0717834451304697,0.6870616283073221,-3.1208122616532368,-2.0497473875329453
-3.1425410572902,-0.9052773812698243,0.6565519169545944,-3.3576904932226106,-2.0297677826199383
-3.191798003817965,-0.8068100658503238,0.6281030274690059,-3.523992074552928,-2.0001944831103455
-2.9967771009525603,-1.4003782902655144,0.7415575255772784,-2.939802841789126,-2.067021911664128
-3.0623038398303937,-1.1053894894768943,0.6831161892805727,-3.175376176661788,-2.050142511491858
-3.12097324801895,-0.9490029966721315,0.6327606016998628,-3.368121010620548,-2.0219498781802736
-3.168955471010282,-0.8234243182221284,0.6092467599017696,-3.5300827790113645,-1.997387732387487
-3.2198908517080183,-0.7481078907192003,0.5642484708588894,-3.651493239094625,-1.9879171204092583
-3.2365908952862332,-0.7382238759862356,0.5541850457427062,-3.75160729237959,-1.999001868288543
-3.2704547061971465,-0.7219873311457254,0.5368742796938413,-3.8171461463160274,-1.9771643318427392
-3.263950771270912,-0.7270411734001346,0.5332624066732331,-3.884890105669496,-1.9735564018825598
-3.2677391823235395,-0.7337203966736674,0.497085683886229,-3.9411929809962483,-1.9656511630400328
-3.2841130119224435,-0.7283958182790194,0.4912843085501054,-3.9666867229419203,-1.95740089369846
-3.2856048588982314,-0.7254885999639012,0.4849697102880687,-3.9973605868171296,-1.9352457232011784
-3.296732746470781,-0.7199470436219898,0.4474561078375053,-4.016183682157836,-1.9392674123411697
-3.063518927882363,-1.3519110391824558,0.6084398435066813,-3.3231419138306797,-2.0454563396864605
-3.106879502910366,-1.057598378825697,0.5418569288123941,-3.4661608518090503,-1.996186776009067
-3.1520608022811287,-0.890093301878551,0.4984131164653872,-3.599679450883469,-1.9655677656179489
-3.1679091833136543,-0.7775869232379717,0.4724184917565733,-3.691730771020649,-1.9402240931098809
-2.96218759907569,-1.3273803097046932,0.6026199034302203,-3.052423074076445,-2.0170936832156405
-2.7703897822877384,-1.587730175558746,0.6517333770876501,-2.5211496286227235,-2.0534658879971115
-2.6166810905182194,-1.7258246269328155,0.6794880144995677,-2.0800593418498234,-2.088175340741294
-2.7360801482876056,-1.226352206840142,0.6100250270099801,-2.5057811478500165,-1.982745195582238
-2.8716191463809824,-0.9413371746745912,0.5798457169618262,-2.8597344388804293,-1.9353828438429794
-2.990292748824493,-0.7783750392711867,0.5553167945343597,-3.1424052558541176,-1.9116701276149217
-3.0772110666636894,-0.7369694396001577,0.5500093537440338,-3.3673317944948815,-1.9056931471242782
-2.91503392315674,-1.312906891259277,0.6867552708190297,-2.80907325876457,-1.9805332903043726
-2.988147287146193,-1.0340350040973592,0.6512584270671425,-3.0844570761497083,-1.9439680432635014
-2.8112204204282922,-1.4756671324193291,0.7175941058840671,-2.5863457956529765,-1.9978833523917496
-2.9086788524960316,-1.115170131863349,0.6767851600455147,-2.9107296374564164,-1.9604483113458804
-2.7410986275834226,-1.4797515009258633,0.7212724510965665,-2.44168011829274,-2.021641233719913
-2.8666135524081806,-1.1321073650591795,0.6784169558166168,-2.792408137889601,-1.9877599071467265
-2.9783855205342324,-0.9113766890387696,0.6356304967234812,-3.0790198431361033,-1.9640549004705623
-3.0737687814322046,-0.790172251448956,0.6207465135133001,-3.291368031101532,-1.9504499257765244
-2.9167218266472075,-1.3586236104029055,0.7059605321214734,-2.740076693211761,-2.0100116763512976
-2.9972942768828204,-1.0546066878928486,0.6569606543269427,-3.0297117938753355,-1.9717874806782971
-2.843135980087042,-1.48628620693636,0.7340861729625706,-2.532488607916597,-2.045765894031713
-2.939315468224575,-1.1393817665576647,0.6863222430083756,-2.864255625668132,-2.0055885522586263
-3.0092179320988097,-0.9233201014951881,0.6414556351282136,-3.1183479288283253,-1.9749986020683916
-2.8569370156436147,-1.4091289838851808,0.7322692210060255,-2.6155019722785586,-2.0343381148568165
-2.9618875357896304,-1.089808936610455,0.6934413611372726,-2.917880136843039,-2.0062261758949482
-3.056124562455219,-0.9220405707341686,0.6348088870935285,-3.1904960991898905,-1.9880985626567385
-3.1443668716537765,-0.8115665830020478,0.6159157194050184,-3.3754506232594883,-1.9915313768057052
-3.200313687753009,-0.7763361726871499,0.5746136402973328,-3.5434993225540654,-1.980906206443126
-3.024471254400949,-1.3543236332660702,0.6845141217561469,-2.9594349486147085,-2.067374753996147
-3.0695885683779816,-1.0705769961548812,0.6236392358908002,-3.1996381944437746,-2.01462352267647
-2.9043509941510397,-1.492362008275738,0.6984563789008797,-2.641546863055615,-2.0593845419027974
-2.9903849922691292,-1.1326544872553033,0.620807492769609,-2.9372780727924637,-2.026065312439468
-3.067525458245266,-0.9133182151852588,0.5743264239797242,-3.189061850095266,-1.9776698032208857
-2.9108442777067403,-1.4036645922153739,0.6791984455944835,-2.657817515689369,-2.0380805702231
-2.9961300111232436,-1.062377505069203,0.6277618818764752,-2.9705127884467433,-1.9814161789154683
-2.8326801299121094,-1.4796488836005264,0.718899557885979,-2.4882764318097825,-2.020699927163842
-2.9386044100373883,-1.098051152120451,0.6696815025002006,-2.8328457488629235,-1.9771538561855133
-2.7796226667524184,-1.4688291584343038,0.7405519683707005,-2.3686382125941603,-2.039782203643034
-2.8950408722055476,-1.0995598095522916,0.707795697471909,-2.719716779365568,-1.977162996707498
-2.7676191101924017,-1.4630814474121083,0.7622624466835791,-2.2722606891525703,-2.015764788332244
-2.6384500773819157,-1.6759781774480698,0.8047556334362901,-1.9145038402591121,-2.055740417580648
-2.7907269292590744,-1.2040981746724062,0.7519481660561448,-2.3573741812232814,-1.999805158325346
-2.921765335078858,-0.9338185779154147,0.7190781074792971,-2.7500946442876613,-1.978635918155217
-2.7925253746385077,-1.4168418061076717,0.790870505304067,-2.315574532855387,-2.0248101961179934
-2.922977113862496,-1.083881521579391,0.7463674961862167,-2.7007928960730356,-1.9913074188109512
-3.023603519325741,-0.9024400023604537,0.7292609803980485,-3.0140261404639515,-1.9935639314676727
-2.8662228372852376,-1.4030341064776959,0.817111325077607,-2.5381803511654923,-2.0348006067081412
-2.7269396909903403,-1.6590695614458266,0.8356998086688525,-2.1323657970645966,-2.0762509399676077
-2.6038785787701952,-1.7967506483550697,0.8415215305718561,-1.7858286706267548,-2.0774231355786346
-2.760924922063808,-1.285225767005783,0.7963768130920661,-2.2653094641099,-2.003205128611157
-2.663045896945262,-1.5764049671912377,0.843522142947488,-1.8934001738758452,-2.0528971140605985
-2.579066672638393,-1.725570865445314,0.8669791397402021,-1.5770600318557113,-2.0681325892596067
-2.509761048669623,-1.8087468283176809,0.8514672811200166,-1.3289349587004264,-2.068322280711137
-2.6848890953631157,-1.2814673145439077,0.8423342407603318,-1.9016155917154187,-2.0092143615513547
-2.602844198636394,-1.5686579025987732,0.882149342375682,-1.614703507415715,-2.0279587514388338
-2.5507142464481305,-1.728396659741566,0.898854715335609,-1.3809341103282844,-2.051331487651636
-2.4976299102453736,-1.7944792964235656,0.909210713287919,-1.1719385383569219,-2.0566453662068516
-2.4500868605899986,-1.8373021819031323,0.9286857778348039,-0.974341604853535,-2.050883486562756
-2.4117915669214685,-1.8596165649155512,0.9271248001565555,-0.8300903127148211,-2.0450182401714625
-2.616461657636559,-1.3070897335842415,0.9308432121473118,-1.493175051602186,-2.0006161643411144
-2.600261576219406,-1.5753613137772469,0.9640491115064962,-1.306499040032556,-2.0285182117300518
-2.7726736619045798,-1.1659694045018514,0.9382640088522285,-1.9012327982547104,-2.02863223530126
-2.92490524225498,-0.9435498994101283,0.9134876713270111,-2.403232944978017,-2.039116845773615
-2.8283262544692653,-1.4373407856074019,0.9318050684250839,-2.0493027777947748,-2.0732261872582227
-2.734658259843449,-1.6729411496953135,0.9447468303743345,-1.7288053661793517,-2.0935305689560084
-2.8841363336311754,-1.2356293375895582,0.9020703001744425,-2.2374694539974915,-2.05480443897446
-2.999796044027357,-0.9669631622379004,0.8557376792278092,-2.641911159332154,-2.043542851978877
-2.8629854890662294,-1.4456505240031405,0.8968200648980326,-2.2489661837859543,-2.0878589849348486
-2.9911332528304886,-1.120801205884781,0.8641832578484179,-2.617248973041401,-2.073604969447277
-3.083718918433792,-0.9267033237707621,0.8270374651219675,-2.9545187306124214,-2.042632273614327
-3.1436110740725174,-0.824970217669733,0.7744743578742885,-3.2137905313494435,-2.0552852616690944
-2.9830861394466845,-1.3941411274689541,0.8643804508836765,-2.71181014888017,-2.119794768232591
-3.0674103485775106,-1.0938121300672845,0.7928780985870131,-3.0114518423579604,-2.072797311723539
-2.8808759150344345,-1.5301799745198428,0.845014566862603,-2.5170323862070476,-2.123938268260145
-2.9988827064619765,-1.147900834898882,0.7865574645837374,-2.848595830449836,-2.083513416513134
-2.827368393662583,-1.5609972480353032,0.8216455259267382,-2.3951735037734037,-2.1375337533413385
-2.937805628097735,-1.1610311066492573,0.7438847993058566,-2.7563446683998465,-2.0530374929618547
-3.042264890352895,-0.9551286572979019,0.7064185495106355,-3.0624053342736968,-2.029195772844298
-3.1258834961976407,-0.859938335566573,0.6676042098123409,-3.3103428474003884,-2.004131281680261
-3.1806652363187866,-0.7808159873346691,0.6536693939648478,-3.4865396101783066,-2.0053669738371336
-3.0004814103610244,-1.3879343403861726,0.7583396541402344,-2.9059933156756967,-2.0807965168713447
-3.0579086668749524,-1.1012722193571962,0.6951637997246665,-3.1718144207839276,-2.0524164091500565
-3.1157898320449466,-0.9380657801054619,0.6548521190556321,-3.3751273294451107,-2.0160430194068137
-2.915508366243902,-1.462286761727029,0.7517735527860889,-2.81036538296543,-2.1054424408630656
-2.990108864354485,-1.1333282111443328,0.6853727929890745,-3.0977721096363084,-2.039488258007658
-2.830065854069755,-1.5333580053775335,0.7641505004451667,-2.599762932578246,-2.099995356041027
-2.950797459963773,-1.1456667543594374,0.6892072563774794,-2.9225674667965738,-2.0469782130199285
-2.784808649800425,-1.5257878601906698,0.7646325575902729,-2.444768699910854,-2.0939150427818363
-2.889963454707134,-1.1296881629628126,0.7079869756680757,-2.784923225386468,-2.0396831747157673
-2.771991868886084,-1.5036335517299544,0.7570791612528059,-2.337839982690138,-2.0672959751128834
-2.641147108455421,-1.6966628417492577,0.8008067783276474,-1.9407329500715376,-2.0908797676042084
-2.5637807787475846,-1.7831653819417583,0.8184840221277153,-1.6333781887966237,-2.0993862506956282
-2.734589852938775,-1.2639061320227738,0.7801299120957182,-2.171742651275259,-2.0104239617189608
-2.8708724576059406,-0.9725489691457226,0.7299595832283582,-2.58488535425169,-1.9677063077168648
-2.7486981095827048,-1.3962192286422541,0.7966991822912389,-2.1738200562383185,-2.017597376670498
-2.646887048850276,-1.6361311279839907,0.8502339683552272,-1.8441385644729167,-2.035090279619695
-2.8040926519328564,-1.1962781725390295,0.803006750927294,-2.310648499815698,-2.0097712224950297
-2.7113301414803384,-1.5353807477323598,0.8380296273883752,-1.9700078594486208,-2.0493815467082723
-2.650622403163677,-1.717365597981134,0.8466716279026203,-1.6551193246929936,-2.0756363890934564
-2.5769210691063944,-1.8004037229949112,0.8472969814844099,-1.365199112493562,-2.0766063347447727
-2.7667820830457655,-1.2794031840936675,0.8313990382158225,-1.9535828249690737,-2.031621756244658
-2.661832423736248,-1.5708927143992968,0.8915590079504805,-1.6604891594660167,-2.0516719649831066
-2.590477463316007,-1.7239867145830479,0.9164414522734847,-1.4155882699295743,-2.0645466526783123
-2.7757268321196897,-1.2249923485636836,0.8665734595017219,-1.9859844086575258,-2.023484894947188
-2.924723510721658,-0.9812016732167748,0.8382229814775071,-2.4512904457768414,-2.0092212919646113
-3.048245341639981,-0.8480745430243168,0.8097060794570778,-2.846875633694984,-2.0166465319633917
-3.1580407943363284,-0.7825327140381012,0.7642758098435701,-3.134267082651853,-2.008048849601405
-3.000590688306624,-1.372894591997444,0.8590915421366512,-2.6547712050621404,-2.0705155071200996
-3.0991286139640892,-1.0673670587874053,0.8069780050386023,-2.9691654573694133,-2.0577817807520735
-2.933652928067093,-1.5043119177553628,0.8391657844495759,-2.4954940386636326,-2.0970341107111965
-3.0120482358904828,-1.1547101381713416,0.767049030913929,-2.845056692151416,-2.054894331195456
-2.8523560260598324,-1.558318517528261,0.8211982144683007,-2.352542663959742,-2.0931459311439293
-2.709245569837042,-1.7383203856075262,0.8238202376390343,-1.9343267845918133,-2.1061264357806357
-2.8474279499800805,-1.2460758444232816,0.7648105908788531,-2.389247344661971,-2.0411406003416888
-2.742668568596099,-1.5492794774683118,0.8208374674672387,-1.9917631505345148,-2.0816541607313686
-2.884233065947882,-1.1480078322478091,0.7666758052645714,-2.4352726707054497,-2.0270633152075126
-2.9882643453576696,-0.9094679298320915,0.7450693221390918,-2.813529927074015,-2.01099434085475
-2.869946815792016,-1.401379962167199,0.8154015322721306,-2.366574479100142,-2.0631807779424665
-2.738289083030264,-1.6728941227393936,0.8390549126782474,-1.9816026057637322,-2.1000868199895333
-2.867545901635635,-1.2384993764947774,0.7890657383453802,-2.4466969127717233,-2.0140048281501715
-2.7409412976012875,-1.5641322033656457,0.8387494763127742,-2.0529693342934703,-2.056664256059323
-2.8762968238952467,-1.1790137762884165,0.7989945653107531,-2.4891115489554196,-2.0403595155680514
-3.006025544305229,-0.9412238806429591,0.7492636114213889,-2.857161746473413,-2.018843726727363
-2.8687871563247347,-1.4357345206039929,0.8210533888741656,-2.3932300652103584,-2.076275284897623
-2.991071650159486,-1.109257575350525,0.7756972710658002,-2.7884162025828156,-2.0383810749254265
-2.873470341262481,-1.5173516609465716,0.8350588121318342,-2.3180815133259163,-2.080454061749892
-2.730963608965599,-1.7261392408658338,0.8469102156544533,-1.9300221864241442,-2.1097511553219377
-2.872610930834421,-1.2663819841841408,0.7953993982340862,-2.371966353447168,-2.0404529137685206
-2.7614575104950094,-1.581199085377222,0.844921992992903,-2.0051408267195816,-2.0740586695157712
-2.885122958361923,-1.182674072354559,0.8034468413453315,-2.451042415567541,-2.029886982896464
-2.984359178679181,-0.9728803959003968,0.758390754380429,-2.8132310572756762,-1.99914407258066
-2.854113939592386,-1.4557930063344608,0.8028675282934008,-2.388371593359578,-2.06349768772539
-2.7495931568010836,-1.680466128729955,0.8378705612503513,-2.0031303235728792,-2.1047646485861793
-2.8797981915224424,-1.2462986707877692,0.7968674762224113,-2.4268448099767532,-2.0627418501718924
-3.004767925078918,-0.9937246233245878,0.7466272732915824,-2.810735612469603,-2.0241688802903828
-3.083569066821076,-0.8573529849763016,0.7262584800965605,-3.105151153349656,-2.030632529884395
-2.9237833462637792,-1.3988966853036555,0.8146608763201706,-2.620438016482864,-2.067888845157591
-3.0255062314910863,-1.09369004419358,0.754641516457066,-2.959566482844548,-2.0415711717268445
-3.112795087302735,-0.8741961272044686,0.6989266734592542,-3.1982832046566565,-2.0129819648052116
-3.1793433989453477,-0.7856361717538498,0.6651423424740286,-3.392679641611476,-1.9941702326754507
-3.233404710932962,-0.7262249835326037,0.6374256354660455,-3.544046410031751,-2.0014950078904206
-3.2696167353474856,-0.7186158893286028,0.6019583409873437,-3.665768359564663,-1.9852471076671032
-3.300379651641734,-0.7269897338673358,0.5807578309310935,-3.7485136771678733,-1.9806321158975246
-3.066063198774407,-1.3460840460925299,0.7169523138894093,-3.1186420492092655,-2.061432710797123
-2.8641858348219484,-1.65572659247,0.7499452733958822,-2.5876001126681967,-2.123612177710885
-2.708658840285673,-1.7907156988304944,0.7619561449258865,-2.123807903836831,-2.1329724249676962
-2.556274528032836,-1.8514476934853745,0.7557421592376675,-1.7488365945766087,-2.1229845857464205
-2.702294861820476,-1.3061089721395167,0.7085751030124233,-2.251793145760164,-2.0186934672465378
-2.851628505148295,-1.0025124361475823,0.6792379370054096,-2.6712645727128153,-1.9963915715815521
-2.7093095634545987,-1.4410838661238112,0.7722014558718027,-2.2750521949024765,-2.047682404820007
-2.617153491365884,-1.6416749062834997,0.8004854196586171,-1.9112216432995144,-2.058989141106757
-2.535803085915969,-1.761100178155195,0.8085543320765016,-1.6026326720688873,-2.069841102817121
-2.7010275297866984,-1.2572789067902999,0.7759353933578437,-2.1183264423387445,-1.9999906715173108
-2.622397600860865,-1.57624348561817,0.8256464183367527,-1.7839445247146075,-2.0412455322722987
-2.7792932581817107,-1.1840284459162618,0.7803910298981465,-2.2875971620038897,-2.021271541113074
-2.7094638229342727,-1.5241311135720832,0.8440404831618757,-1.9209776506194256,-2.0528084316790407
-2.6376572347731733,-1.7222804062087622,0.8617688335448843,-1.5961713757223421,-2.0765927165222893
-2.79981453506521,-1.2560110133491416,0.8292617232279907,-2.1274310592582566,-2.037913118642932
-2.710785702475993,-1.5627074804346477,0.8529733225269877,-1.8071937546641765,-2.0746607313243994
-2.9000929662941357,-1.1654599699224137,0.8056087887400979,-2.284395854045331,-2.0547009036523756
-2.7919576775894384,-1.5235169042995327,0.8510077817752685,-1.9366153283685685,-2.0853690648226215
-2.931658379803547,-1.1581293621872,0.828644091385812,-2.3911816833080826,-2.0591396991757493
-3.0547983181004787,-0.9548952268842333,0.7575931479035305,-2.7824135388097933,-2.0285199217051813
-2.921106057601896,-1.448885905625596,0.847956178080893,-2.325582852785143,-2.0875576237893596
-2.810133058476604,-1.6974826287977578,0.8611073356470305,-1.9518059645054742,-2.1306976883425763
-2.9301970570490425,-1.239987776711093,0.8274207871859889,-2.397222406096918,-2.0759393042389096
-2.8027562546182905,-1.5785816551054512,0.8381484969984407,-2.008114801931949,-2.1134475080400668
-2.9292025032055795,-1.1701199830777116,0.8039303464775749,-2.450797768062756,-2.0674784285606163
-2.795086402204712,-1.5422150298324127,0.8586241047728159,-2.0545842964280383,-2.1107907535378376
-2.6785998501345674,-1.7396606758115134,0.8886492142163455,-1.713661688762715,-2.117458737385438
-2.58765583692962,-1.837347446846434,0.8951470963757254,-1.4446641540852765,-2.1082140909054266
-2.5012436820249415,-1.8587026398195514,0.8913637765151421,-1.2136267598566532,-2.0882581783645535
-2.7000708861475333,-1.3117649367856037,0.8603363568735596,-1.822164252919376,-2.0420710382522804
-2.640467407178707,-1.5775866509018903,0.9000552299570284,-1.5660865668213257,-2.0654613401662263
-2.7976176610034247,-1.1656739079563527,0.8725240186262917,-2.116349412231419,-2.037627422342903
-2.7246504087612418,-1.5372758994598479,0.9180751978266276,-1.8138786912407592,-2.072958990362038
-2.646240093559727,-1.7364272272746102,0.9285850332444775,-1.5438560781282866,-2.1066853304988893
-2.8063078755813406,-1.2735604790214263,0.8786062386685112,-2.086838547022194,-2.053551338479403
-2.720233522191522,-1.5655835370808222,0.9225777710586971,-1.7682006702231923,-2.0862799637814793
-2.866097501922704,-1.1877423989655345,0.8716034022363955,-2.283431949110437,-2.042527092829609
-2.7590245800480973,-1.5454033005943826,0.8860570327940601,-1.9618508805401629,-2.048525088919469
-2.899548973512261,-1.162999969381259,0.8520947728629346,-2.4264021746160034,-2.025947173246981
-3.0181606204782385,-0.9352881038749788,0.8193733570465757,-2.7968238601267115,-2.0276537015239824
-2.864092876187402,-1.4257478417369491,0.8796775568623697,-2.3277536752849715,-2.0850383728019684
-2.765284428681333,-1.6798666535776559,0.8941587836946362,-1.9803743702008243,-2.121469003398272
-2.891276004000098,-1.224329586402465,0.8363426020827299,-2.4347376387641164,-2.0639588456785765
-3.0069733086056893,-0.9729626216670684,0.7862839156488216,-2.7888296443553,-2.0417660587347517
-3.089761130793044,-0.884938464860875,0.7514501157156674,-3.081751141540715,-2.0345742824802335
-2.951509632028979,-1.4262899869172883,0.8339971479648072,-2.586612097296675,-2.0838330482907548
-3.0438819117342137,-1.1136417528398195,0.7830377783215675,-2.91604120784214,-2.054842434686976
-3.117176843828605,-0.9376695161924451,0.7383408143888412,-3.1739458570945724,-2.034060504534301
-2.964686279862468,-1.4327859397849365,0.8140448477354075,-2.665076279073531,-2.107999195816373
-3.0404607433935436,-1.1158063646114922,0.7475647471544203,-2.9711599591535194,-2.073254401802122
-2.881801141959229,-1.5337862701704683,0.7990199108907622,-2.476546331109602,-2.095938309637685
-2.9673590294238767,-1.1421002938996063,0.7189661336548578,-2.836878189194993,-2.050702706156484
-3.03810185757234,-0.9373912770413647,0.6890862458107626,-3.1191214555663955,-2.0074982606369245
-2.8876921226754577,-1.423835789556454,0.7838540882546154,-2.6173797380274446,-2.070562858944627
-2.737607178755154,-1.6976958952096732,0.8160324491569113,-2.181916297361932,-2.110829192183875
-2.8602486729897145,-1.244713738663675,0.7345120355637401,-2.601084066368389,-2.0412870341858507
-2.964473336820065,-0.9837370612367905,0.6940873760101508,-2.951059969247781,-2.000207486888098
-2.8222586043524025,-1.4541225279800756,0.7803026354811601,-2.4696788108535515,-2.060816791180293
-2.708653736498048,-1.6842296229954306,0.8101839858059208,-2.056621170944459,-2.097361465445981
-2.856605175698311,-1.2157540613591469,0.759696238774951,-2.4898506670021168,-2.0452689436084803
-2.980313046849275,-0.9659181771985629,0.7213218947542525,-2.8369377312127644,-2.012958031983039
-2.8364607209872412,-1.4415282261140003,0.8043398403117362,-2.3849684854483706,-2.0654559728120234
-2.698739308981173,-1.6850890385023394,0.8305952102240786,-2.004850102694714,-2.097458116292305
-2.6086744162906226,-1.7908207494249533,0.8509706559940101,-1.670910280921692,-2.0952825212555566
-2.769280637375388,-1.2828965043628249,0.7902051592585775,-2.1870166410914647,-2.023139629465971
-2.668746679410519,-1.5604486392673622,0.8313998229249715,-1.8350689160513318,-2.0532768907695185
-2.5790355366157827,-1.7047362261467767,0.8447490305046391,-1.5381532963082196,-2.0651755070778854
-2.518664226907931,-1.8015284222475998,0.8765390449422827,-1.2851892067977322,-2.083707076339627
-2.7006460149097524,-1.2662867843566121,0.8420952272142185,-1.8893322935556287,-2.028413261709472
-2.8694123373349196,-0.9857487778616679,0.8014709450274473,-2.386247515409089,-2.0142690844892535
-2.758781449553883,-1.4229617386097244,0.8645822867758491,-2.0251105634422824,-2.0618116445697017
-2.6707249122497068,-1.651336429071651,0.9039876654569269,-1.7076396467966852,-2.0856343308401093
-2.5977025007642545,-1.7736273646733425,0.9087055914518697,-1.4538937681585669,-2.075937593535916
-2.5362973349607314,-1.8292829397111983,0.9275043164025101,-1.2237718087156144,-2.073052336408098
-2.479141934582074,-1.865568130098891,0.9205372684183952,-1.0177435438090303,-2.073930905172068
-2.678716601249341,-1.3224750216250765,0.8850957435657424,-1.657152724867795,-2.043360799759013
-2.8510256925737476,-1.0142914771697755,0.8903678547652092,-2.203061189563776,-2.0301614000781916
-2.7825674667053937,-1.4367820318802935,0.9392135719235044,-1.8578138811909994,-2.0674188179776465
-2.9209148702089784,-1.0937747633410106,0.8940571017544487,-2.3583857546931988,-2.0555091976915656
-3.044505112500625,-0.9160134218026758,0.8474633490532089,-2.7640564496247784,-2.04494054107384
-2.9113193673314175,-1.4309330007704875,0.9036150897924555,-2.3305301420698217,-2.102166416858154
-2.8011638840415256,-1.7000192148471898,0.9155579932185962,-1.9486852860837984,-2.115132585946071
-2.9333564497714195,-1.2385583548303831,0.8530236416207112,-2.384199070998775,-2.071138210735071
-2.7941252773230247,-1.583470482927971,0.8907173662226834,-2.0135496291393244,-2.104700512190922
-2.7043607491014274,-1.7519994264218242,0.8893197823779952,-1.6666856652417175,-2.1437504548263013
-2.618541606238753,-1.810880904027316,0.9007393860633135,-1.3769902294847955,-2.134435101031266
-2.5222809175731387,-1.8558574412737159,0.9029984867999429,-1.1611679166448832,-2.1265869787563916
-2.7144623230874303,-1.300663338658949,0.8683911736672107,-1.7698636001705428,-2.0521377560984733
-2.6294257059978734,-1.5686268874096911,0.9193675570260824,-1.4990650894043818,-2.0864957245953653
-2.80550996665405,-1.14413866659748,0.8786648845463708,-2.0750825725576583,-2.0288403081087223
-2.720006318235983,-1.5074377098921763,0.9194675638587799,-1.747203856913038,-2.0691664170589545
-2.883088911987584,-1.1235240830797142,0.8836560722639986,-2.2648878090620825,-2.0475755774779216
-2.788502402284978,-1.488381396538464,0.9283875743849263,-1.9221493345262695,-2.0960127766785903
-2.697337006769161,-1.6980417363060125,0.9366212467413176,-1.6308909708775476,-2.123133234335356
-2.6272956441080777,-1.80491861891923,0.9370878089322106,-1.3570847092605158,-2.1285527586193975
-2.5648466481429786,-1.845366002194375,0.9284898457770953,-1.138258312062671,-2.1293591969762473
-2.745561707757827,-1.3064272895466564,0.8891364274245197,-1.7635207099195978,-2.082283433369258
-2.9162964001263036,-0.9929317550202468,0.866279434255621,-2.2643404865480607,-2.0644466275214426
-2.8195990523155676,-1.4221819574140133,0.911091512769339,-1.9463462480669445,-2.0865465995198162
-2.951531810898225,-1.092211362096749,0.8735311886552687,-2.389871188700264,-2.0787541403053185
-2.855120608054916,-1.4924891262953683,0.8954567002035038,-2.045492599945386,-2.116147936413773
-2.9799851090011025,-1.1317452005040483,0.8563570115203202,-2.4794340261661434,-2.0758442220136177
-3.0795097703172094,-0.937395674605275,0.8288000866879272,-2.8574847703263995,-2.064620370857044
-3.158348957566528,-0.82722392585246,0.7802930264239507,-3.1462495114941156,-2.0675472703959676
-3.0032123347304385,-1.3792128829901704,0.8714821626822341,-2.6630026241497453,-2.1012316500483856
-3.0835777198400685,-1.091223880673106,0.7970792725345991,-2.962807806270453,-2.0831437162139825
-3.1375111724482436,-0.9285299757777482,0.755544327172373,-3.214760669294463,-2.0595414044398623
-3.198468725030835,-0.8391415394474885,0.704458107299909,-3.4187133368630094,-2.0467401211698535
-3.2314709427389654,-0.7798252028147271,0.6785298062752048,-3.56279748564307,-2.034075891047667
-3.0347582716836703,-1.3978845388148067,0.792169176404488,-2.989439488692164,-2.1131200730570012
-3.110147193886027,-1.0622434853285563,0.7023789646711114,-3.240243241075346,-2.0656325770104775
-3.144836232075109,-0.898350948762116,0.6362848056861925,-3.4274859275626985,-2.0391882030931203
-2.9614911434697184,-1.4257689968591483,0.7305468226540183,-2.8539799579053717,-2.110845578594956
-3.017142391513474,-1.0955987928736772,0.6706276420382284,-3.1329229371597993,-2.0569460166160867
-3.091556599995921,-0.8818321110835918,0.6293502210284057,-3.332377293059033,-2.0055806705547057
-2.899630223906341,-1.4134483347792726,0.7086923365070076,-2.7815871994559758,-2.0554047737009853
-2.9669607519804346,-1.0973160756024172,0.6590480749053439,-3.0725740351814688,-1.9985903545083292
-3.0538800893580977,-0.8989308782586606,0.6262482471532058,-3.315248581261451,-1.9799881673515063
-3.116305386818093,-0.7957039055698918,0.6069402006493954,-3.484781317047814,-1.9661566975582074
-2.94789817226943,-1.3561553239891573,0.7000840139344918,-2.8863109159707,-2.0363779566020344
-2.7615567761322612,-1.65016385756595,0.740725692783042,-2.38931387392868,-2.089348267503525
-2.8681108438105296,-1.2204762488615297,0.6610118056633371,-2.749382056941764,-2.0347478399618915
-2.7227149023806425,-1.5483388751180502,0.6978491113753261,-2.2833305061489075,-2.0663501566654268
-2.849704469013101,-1.1340978385025824,0.6650792309262558,-2.6685012641470087,-1.9973511764374912
-2.969371292362021,-0.9188623218112354,0.6460029632128929,-3.0087752523386713,-1.978370132986489
-2.833732273395439,-1.4089677502889928,0.7258186013630721,-2.522023982549466,-2.0381305101834077
-2.7074762110270756,-1.6386272228207417,0.7588577622600589,-2.1055383361689923,-2.0734598219989975
-2.6098616826982908,-1.751906331624276,0.7714562530985971,-1.7514731305960465,-2.090838773977596
-2.7795400853701677,-1.2385773956199466,0.7299747214181214,-2.242355882820906,-2.017270857992733
-2.669277992576644,-1.5408710528670433,0.7873275614768693,-1.8646815850208187,-2.0443349936157604
-2.834457248298742,-1.1296994658458188,0.7617204294075275,-2.3598516650612402,-2.0063098133935324
-2.954897601409967,-0.9208678872252102,0.7208893160190538,-2.763480687714833,-1.9744747377288485
-2.833947701389694,-1.4013531752496982,0.7942519903668913,-2.3386480854879137,-2.023206610725937
-2.944553853992322,-1.073386927640753,0.7427668004647441,-2.7377009322861254,-1.996180072108006
-3.0464929041165223,-0.8833571364014623,0.7004626342126993,-3.0297506715495723,-1.98477167315148
-2.90976689496611,-1.3906734515000063,0.7925617545708583,-2.5529133965611104,-2.0558588045864603
-2.9970982953001375,-1.0913184765517367,0.740193980910564,-2.8797973274010724,-2.0321673820013464
-2.855080998627321,-1.5186589776062054,0.787041448297611,-2.4035519988810687,-2.069272111915566
-2.7469242171529773,-1.7343989321154152,0.8253208916246833,-2.0056627232254916,-2.1144560859387957
-2.623285272493587,-1.8353836225600766,0.8344803086818966,-1.6388051955813991,-2.125916944623063
-2.7917142162402455,-1.3071283190444372,0.7818975956714002,-2.171193321185295,-2.0453118429408765
-2.9195350410438325,-0.9985930639389817,0.7598436306594052,-2.5816945007230694,-2.019074615606037
-2.796492165043437,-1.4381716961025015,0.813474904607427,-2.1810025104636064,-2.058928922781096
-2.925545856452329,-1.101038140095765,0.781945379144674,-2.6021513716293114,-2.0517449649929635
-3.0410305936286113,-0.9195252521101246,0.741840593751462,-2.9389940389863565,-2.0376074021290087
-3.1225767793952395,-0.8091222984268867,0.7111064457330706,-3.2150858229673602,-2.006284400731696
-3.2004558195372215,-0.7561362581591268,0.6756578382929985,-3.4126458193022895,-2.012477092338448
-3.243712114980655,-0.7534995911303927,0.6591501970488101,-3.5732175457790345,-1.9866573424375726
-3.282778819944107,-0.7508108097804846,0.6316217391566937,-3.696018960700411,-1.9957196872075371
-3.07822125853313,-1.3863424591026265,0.7479779306379641,-3.0883670601833906,-2.089026040090373
-3.116710024005652,-1.091167550808399,0.6761322256577657,-3.2848593218236473,-2.045235567021417
-2.9411908009076657,-1.5116680632042752,0.7397417390444303,-2.7215996744463546,-2.113586632515845
-3.0015814498198554,-1.1483792270067834,0.6750799988943179,-3.0068887891160276,-2.0429637488574866
-2.836546147439446,-1.5411072834669328,0.7389009170563864,-2.5072452309230218,-2.1111612292620796
-2.9315417076031878,-1.1409156482058112,0.6555593301232433,-2.8288912152951764,-2.0269860611252577
-3.036906642727103,-0.9202994590989385,0.609635879744394,-3.10051913232388,-2.0051506998995636
-3.1013114961423742,-0.8016585735746224,0.5915281235756968,-3.323554645847514,-1.9744964904932434
-2.919242229926202,-1.3585052859743476,0.6910226514587264,-2.790954970996339,-2.0244532772791586
-2.7565006058948813,-1.6449556336465607,0.7616938779688434,-2.3248881894904114,-2.0779062399149804
-2.6212373897551893,-1.7707078113199262,0.7828034742628811,-1.9106220411186476,-2.106202990526348
-2.7650856228780087,-1.2460460747780868,0.7148453502448264,-2.3723141930592475,-2.0139229256482576
-2.638755399471299,-1.5383984392561207,0.7828654978140823,-1.998569894817342,-2.0372906500105468
-2.7811611104072846,-1.1119826439616889,0.7429676912023842,-2.4475650321452096,-1.993673561395275
-2.6710877106602755,-1.4961344486528432,0.7787218192122728,-2.0720875520527744,-2.0455915965737983
-2.601771431619682,-1.690079089536128,0.8259220392449188,-1.7199450554671156,-2.0757270015487994
-2.7666018302971778,-1.2328127978683232,0.7782564760055065,-2.2259685534558655,-2.0208587381961265
-2.687945690963489,-1.5354164307812597,0.8237469065436426,-1.904579529148524,-2.037616173076751
-2.598672457167224,-1.6931653716757096,0.8549412971844397,-1.6002222765525569,-2.039040508773473
-2.5313631995651744,-1.7835427465118012,0.8833351781047362,-1.344495940855413,-2.040546501749953
-2.454524739381747,-1.8224347006826729,0.8915547284367288,-1.1206823796497098,-2.037893565809413
-2.4132265239688144,-1.8375504628218349,0.9140066133212965,-0.9382335219782808,-2.0421415449869307
-2.6336507943804617,-1.2997394542437055,0.8950701871608112,-1.5960505558906561,-2.0067497082084413
-2.5857562870988073,-1.5537897697426328,0.9183553190693707,-1.3786258672432181,-2.0133504427987985
-2.5466279961561797,-1.7441843508042296,0.9572329391694898,-1.1774504364799212,-2.0404749772484205
-2.745035661855393,-1.2504531084078059,0.9466953380837615,-1.7871224029204804,-2.0181620021041584
-2.665210199895511,-1.5724294302904018,0.9506769063400573,-1.536223371244912,-2.046373226688161
-2.855178909059362,-1.1621516589239114,0.9149887266413278,-2.0715851210753202,-2.0239087406769594
-2.9978377535163485,-0.9360173350357083,0.8814320689339782,-2.520099646011892,-2.018398041446918
-2.8847163255844577,-1.4453799449261526,0.9161026355198602,-2.1563217780458954,-2.0685713186041252
-2.7611681466616385,-1.7080554127227423,0.9601419689661441,-1.8193840588758639,-2.087878721877514
-2.893387555864903,-1.2503792667022964,0.8910057683828505,-2.3174373233290835,-2.056580918317166
-2.78779483872006,-1.5798064598137662,0.9168597912688521,-1.9578828709212681,-2.077756198190256
-2.938388630870075,-1.1774870169198564,0.873419685649582,-2.4345476654215363,-2.058339616295743
-2.8081365635265443,-1.5442341000502735,0.9029252734032274,-2.056856122923152,-2.0949733036073184
-2.938247525564529,-1.163210319241392,0.8675339386442381,-2.495971489479352,-2.075206844853516
-2.807471219691498,-1.555156513961145,0.9091252202484411,-2.1110848666471402,-2.114500399287092
-2.944760740406996,-1.1753157060526889,0.8637848187551853,-2.5414421045048656,-2.080610750511877
-2.8231879900714962,-1.5616289631548628,0.9036846226433647,-2.147064972955837,-2.1195499462823872
-2.9312117839829646,-1.1861753885932909,0.845669133051765,-2.5800253367006665,-2.069071863246917
-3.0455759726276495,-0.9769510922867931,0.794831550760764,-2.9298925116208467,-2.042308956963447
-3.132277737681593,-0.8512075058325097,0.7657078328496985,-3.199277767166055,-2.0312420517209526
-2.9778643008603454,-1.3970210134763414,0.8448328069182216,-2.703571419447216,-2.0962854624625358
-3.050438291422695,-1.0971166674262165,0.7808877721142496,-2.9911855437700043,-2.0704805234921504
-3.1203760088777184,-0.9092335329875452,0.7242502455270262,-3.2488838429697946,-2.048954926835014
-2.9418377992602607,-1.4442729873691442,0.8156663597064941,-2.731185199325945,-2.120565651591763
-2.784039672472565,-1.7001903832654817,0.8512770170750132,-2.2674008728179706,-2.147670838964219
-2.8942272401441373,-1.2472290443058704,0.7633932394405302,-2.6489868335056324,-2.0633749728020687
-2.988598993981888,-1.0007062574732233,0.7095890030813209,-2.9626465985157577,-2.022032052793863
-2.8388218833955645,-1.444959984485204,0.7811678687168783,-2.4861423537204668,-2.0834023792778162
-2.95626915856695,-1.0863524092975692,0.719826437645116,-2.8408151274428306,-2.0295349556391193
-3.043526027604941,-0.8981285839783282,0.6832136908797868,-3.1109311913531883,-2.0116926717494117
-3.132486268535238,-0.7970790250573999,0.6338863448284703,-3.323152282977884,-2.0040229878399414
-2.961358295432294,-1.3863483231957212,0.7544293008874818,-2.779665205525138,-2.072113591050416
-2.840243056101821,-1.6747559006392836,0.8079890642622801,-2.3227138746155416,-2.1261584768365553
-2.9141845587158057,-1.2286973657176417,0.7325777953806627,-2.7131900927691093,-2.072917923388202
-3.0093715674027672,-0.9895439265445397,0.6751704135871286,-3.015229138817654,-2.017788893047213
-2.8416526516133414,-1.4356538809886485,0.743751985288298,-2.518888273464078,-2.067457519809057
-2.712452933300725,-1.670814168838217,0.7955677600610034,-2.1185370067733724,-2.071587545271826
-2.598005864492081,-1.7605671655333752,0.8016580993917295,-1.7496491552896118,-2.067950435242153
-2.764308881878683,-1.2432659164175413,0.7536728718785682,-2.2467974054315163,-2.0327475478055965
-2.675367779182387,-1.5312453047963153,0.7957745586106535,-1.8819341029801664,-2.0548838556443503
-2.8249656852608114,-1.1312685633598063,0.7752160287458342,-2.34483278185381,-2.027285321541262
-2.7159655454578924,-1.50394795317574,0.8313813733597271,-1.9851848556618916,-2.0577448773303537
-2.610619153969811,-1.6906994167406404,0.8491834325737838,-1.6656218675101442,-2.0618631889899177
-2.5516903272035605,-1.7878286880522467,0.8574000200074594,-1.4006986869168163,-2.069031385113059
-2.489445348532235,-1.8102540738633777,0.8629660111165339,-1.1678837412948953,-2.0650759274708483
-2.4236436319990524,-1.8369997992077542,0.8705325789402109,-0.9669849381030396,-2.0423886803381253
-2.410128997452907,-1.844505204694969,0.8917473977019249,-0.8154932240600048,-2.045788137030644
-2.3804538729882765,-1.844488996561165,0.9148747590351111,-0.6893076779560999,-2.0306308404630395
-2.3860666857387467,-1.8401554050448456,0.9360143102298925,-0.585627805946361,-2.009934970907705
-2.628479953175867,-1.2760008512919028,0.9447392462592517,-1.3016305369933001,-2.012697860122546
-2.819644079453843,-0.9713128819092247,0.9367791294172348,-1.9139624863263958,-2.0064168473500357
-2.969293666714061,-0.8310829709187342,0.8810280781556218,-2.4067007769684374,-2.0361542614359918
-2.882557311497227,-1.3928102258300041,0.9316130028877779,-2.046809295900071,-2.1091422311191166
-3.0146666643425277,-1.0863263657780473,0.9108725147088697,-2.477686165964919,-2.076807847457963
-3.132992464902571,-0.9302673530528586,0.8535960440687548,-2.8556800317837423,-2.0623252496804705
-3.198626005040894,-0.8217126575437395,0.8108082965051823,-3.145489687170406,-2.0550937091030153
-3.2487386148164035,-0.8002500838513552,0.7649882835711618,-3.361368842548916,-2.0708132934177215
-3.0462895049315057,-1.3984280471766826,0.8500455183275647,-2.8092561927949786,-2.125763725899048
-2.896707560268175,-1.6999011105681985,0.8650708529986569,-2.3401797577079972,-2.171868925991678
-2.9615824338680397,-1.2704878535956368,0.7694987626202059,-2.691144303279883,-2.099710902392845
-3.048469980926621,-1.008374646535437,0.7112787720782794,-2.9991962839379562,-2.0523420997576824
-3.1262686006255676,-0.8568636757308611,0.6844965097178485,-3.226446461108103,-2.013391679187301
-2.9585483149160066,-1.4047992448272584,0.7757478308981105,-2.716198763540888,-2.0801251490931616
-3.038845521829502,-1.0899339078969297,0.7213388082922829,-3.023254467985972,-2.0361989920123906
-2.8844330605532114,-1.5052867206952512,0.788778855661188,-2.5210582354249333,-2.1090142441773483
-2.9903995463440185,-1.1421497882929217,0.7494070585198965,-2.85276764294915,-2.073758205345431
-3.091735933108966,-0.9237459522249054,0.6893338638749456,-3.127844533162232,-2.0296275239819153
-2.9370034562345624,-1.4219975746738702,0.7709768526324762,-2.5979130855865282,-2.1008602571964183
-2.7896195806594215,-1.6622073788099239,0.8050147881598062,-2.164051038746282,-2.140036047485479
-2.9105269830943916,-1.216290465409724,0.7335782624843417,-2.56228487760156,-2.06299439512985
-3.008864861445856,-0.9641553058682774,0.690360685519462,-2.9260300260678345,-2.0170221283394545
-2.846525237286377,-1.4230576991765513,0.7819194985334812,-2.448945995058121,-2.0886327891469936
-2.9430560806214636,-1.0938159706699342,0.734660628057016,-2.8144135375389827,-2.048561194341831
-3.0624343196117576,-0.9254724468740447,0.6987740947450319,-3.1060784222607567,-2.027218453518976
-2.8906693693827132,-1.436279418741607,0.7660103468914011,-2.5912922336562056,-2.078973335567631
-2.7576761842457813,-1.6921898320703619,0.8082125124186594,-2.16837400833999,-2.0940645004321725
-2.6219650431863455,-1.8077184598411007,0.8256251062092813,-1.808392118274159,-2.1188565540961006
-2.5350280522690887,-1.850949117588697,0.8366611596059548,-1.4890039468039595,-2.101413063731659
-2.451003572955455,-1.8596977270781845,0.8489056379728064,-1.2267755342353697,-2.092576232389718
-2.6489086082855233,-1.3084033984225185,0.8123538638988845,-1.8432485851935307,-2.036173731721401
-2.802186749421664,-1.0044227467781173,0.7675392052402473,-2.352857083943384,-1.9796974977671555
-2.7126305581612664,-1.4448669849320712,0.8325208751128916,-2.0059122572006762,-2.032966317630553
-2.6531394551020475,-1.662237193144977,0.8587377715316742,-1.6789226458062787,-2.045774953804656
-2.8122064922616907,-1.2197779826268138,0.8223048620696987,-2.194877691206191,-1.9995768851936304
-2.9387444460204315,-0.977647871959836,0.783220711669698,-2.6113265371246093,-2.0015256934784236
-2.8155229838053093,-1.4450450968712916,0.8398662825574267,-2.2095909185493205,-2.0466221213999676
-2.9676676876124737,-1.108470442230236,0.8059555009910456,-2.608011010175643,-2.026460966790668
-3.0740214173505627,-0.9310032730767773,0.7597629577329563,-2.9416780540529914,-2.0223907442918576
-3.16389639050876,-0.8345490551181907,0.721278255471793,-3.201154979840474,-2.005640538316425
-3.2189542249253598,-0.7845053502251093,0.6942942211832044,-3.3832876363464965,-2.022997989918029
-3.275434891698827,-0.7789855721364769,0.6770837912743325,-3.542340139578691,-2.006979486833303
-3.305555451016675,-0.7644737692590382,0.6429382226032097,-3.6823769852626613,-1.9977113916467137
-3.0870511354319166,-1.3938443913604754,0.7512326237205856,-3.0735838588979885,-2.101324856239454
-3.140327045845704,-1.1146832073999469,0.6902758435335808,-3.302301738828119,-2.050144781991391
-3.1707272490985883,-0.9250058837207454,0.6343299206551841,-3.464849711445365,-2.01681878221177
-3.2077804274095834,-0.8253157860098659,0.5813175677290223,-3.595234509997062,-2.0040688867269876
-3.0049213331168754,-1.3694902372036335,0.6913812828849639,-2.9880045463491567,-2.0865722308731924
-3.0801473634518546,-1.0884729393706143,0.632847018405714,-3.2110949664461463,-2.023838046696609
-3.1192129140295988,-0.9048570524120094,0.5879105035710329,-3.405900503760708,-1.987814005514797
-2.922793147768143,-1.4035186672587703,0.6817266525288718,-2.825706637637056,-2.062627937453085
-2.769049558243783,-1.6514704146398618,0.723930799224176,-2.3388437881826167,-2.1006998759896627
-2.5988742987411193,-1.7668177724237668,0.7222831746073847,-1.9517313347509069,-2.098473643883029
-2.484243222113572,-1.8428397227443654,0.7351952557316446,-1.6068154564436952,-2.0815717870620882
-2.408490790146224,-1.8349069609989834,0.7661230331046661,-1.325025222686987,-2.056593632094911
-2.3470229059297454,-1.8365924418617279,0.8001226190802183,-1.1317877148097775,-2.0287381623191423
-2.307357950317726,-1.8215569816074524,0.8329490446320225,-0.9619800692788972,-2.0149570513385364
-2.2733794188454004,-1.8385448834915405,0.846597013976401,-0.8071994215584917,-2.0018259622482635
-2.5386934035252806,-1.294574736637516,0.819262897947917,-1.5037513538942293,-1.9670238581711774
-2.757133748835624,-0.9891978555073035,0.8191085115014578,-2.0577489043249586,-1.97930647299116
-2.944675566208165,-0.8437588404888753,0.7968025052446708,-2.530774630398769,-1.987448604280093
-3.0995069033550946,-0.7902507600802753,0.7914860712926818,-2.89901141495913,-2.0043536777685427
-3.1809136625042367,-0.7662111194234883,0.7658711053338884,-3.160289633913844,-2.0018624991450116
-3.236799298369409,-0.7712663899297558,0.7399382544256115,-3.3741326847092683,-2.0179183717538693
-3.296389354743811,-0.769810069409643,0.7049545609229432,-3.53215177259094,-2.001206927917559
-3.089843572382646,-1.403778880410601,0.8046042439179186,-2.9495078938461745,-2.0958395058853734
-3.1305259546319526,-1.1032129589449227,0.739088718547569,-3.1993775942182974,-2.056368085934144
-3.175611102224776,-0.9333040242494602,0.6639371667936842,-3.3782914832715116,-2.0184204349705346
-2.9754595899905523,-1.4605852391511573,0.7608846355652915,-2.8086142752206245,-2.0897038615225685
-3.053840102571686,-1.1308265962219965,0.6853588910488579,-3.0897903961699704,-2.0434360451226103
-2.8615240370609927,-1.5510605790431937,0.7558496703131908,-2.563124743611349,-2.119937923605661
-2.966071488656956,-1.1571276467218963,0.6786260774818372,-2.8895986551687987,-2.0502912006614675
-2.814182566827259,-1.515790723220861,0.7494910075476957,-2.404843554735071,-2.1090820946984317
-2.9046675941572278,-1.1298028514556768,0.7000785197756563,-2.7669005710749945,-2.0344359374448233
-3.0224697541107903,-0.9277980330355534,0.653845760004283,-3.0522310925926623,-2.0082026987780055
-3.1100548591386175,-0.812631447370848,0.6349356318217,-3.307845694143059,-1.9930718573356627
-3.1654933729567896,-0.7607928215048294,0.6226630629691419,-3.4925057001307085,-1.976322978451906
-2.98886247405348,-1.3567333456167543,0.7301255512018459,-2.8891513960034225,-2.0437630199011894
-2.822409441004137,-1.64593266296519,0.7772383162713733,-2.4056829136394726,-2.0898375848564683
-2.9008879266702436,-1.2177209227547083,0.6950020881977199,-2.7560294318875176,-2.0265809085736843
-3.0051739873965126,-0.9664358373685399,0.6586390676961458,-3.0220258387781525,-1.9982272943725037
-2.84217823141722,-1.41029442134419,0.7293138525330349,-2.5388284320758507,-2.0387558641883263
-2.6948258217853276,-1.65165428863936,0.7592663338239196,-2.1095321184868645,-2.0719862670876625
-2.587792565731937,-1.7680166763797178,0.775170280730597,-1.749952527500083,-2.0778202953633382
-2.47375025008448,-1.7947620442793324,0.7877148056865209,-1.4501368829095347,-2.058172510512527
-2.4127637472418693,-1.8141605522498758,0.8164126385576831,-1.2236189219140396,-2.0694165710963888
-2.3614001419031454,-1.8227937783012005,0.8347550313153261,-1.002329216569898,-2.04641207426519
-2.59622577590298,-1.2835116682071062,0.8042594739839453,-1.6809347537390957,-2.000827099229005
-2.5238743069895566,-1.5535565199986312,0.8537404869268329,-1.419634697273777,-1.9873796530027303
-2.493039513797731,-1.7227279167858915,0.9063346198939661,-1.2281370510078589,-2.0094357998517864
-2.4573803509511905,-1.8043829176739499,0.949648491700323,-1.0448904168123414,-2.0358231443363715
-2.438354402759126,-1.8428401239310908,0.9530639741593389,-0.8908865321084879,-2.0112145619266215
-2.6685884915928684,-1.331430506725783,0.9496546795345191,-1.5498839285648418,-1.9983272114987698
-2.8516900692255907,-1.0343941713413147,0.9476933739087249,-2.105716681335601,-2.033459184420662
-2.77660819079223,-1.458394739549023,0.9791154295723525,-1.7979641194894906,-2.063971020701616
-2.938729498561707,-1.1376755552677216,0.9402909284399833,-2.294578062868997,-2.0538766296957096
-3.078586478599085,-0.9300488057436616,0.8932768993686173,-2.7018475784272846,-2.0584074839739794
-2.937418544869299,-1.416100672160271,0.9195278874471898,-2.2881935376853937,-2.0997649378898133
-3.0415512164301592,-1.1190339075199878,0.8760593132656165,-2.6645365365523648,-2.0577540401255203
-2.920926564102205,-1.528585811276443,0.8944985825395945,-2.255751974651319,-2.1162032122221146
-3.0256645985992665,-1.184580864656303,0.8492819209266524,-2.654553364883743,-2.071368291207318
-3.1011017281371207,-0.9774275224168671,0.7976069534011226,-2.9629268514249523,-2.061529411339433
-3.19552059206675,-0.8524685594790696,0.7540471002282552,-3.2287762459376674,-2.056936399961731
-3.241768590306691,-0.7984490440634745,0.7087514497856868,-3.417199118455271,-2.0433884437369083
-3.0533021732718875,-1.3974486317835104,0.8148681980050843,-2.863425516351359,-2.127939000879519
-3.1281571941776587,-1.0929036674912902,0.7353593432198154,-3.136895167515939,-2.075595224353775
-2.918212346985313,-1.5207399329678166,0.801791995861793,-2.594202117068317,-2.126297419826905
-2.7569432651760897,-1.7340828716615466,0.8128551849677006,-2.1648213797857956,-2.1431318991291852
-2.6139306120704866,-1.8162841172721427,0.7996650815660433,-1.7727783522635934,-2.1404398759553103
-2.733030021864793,-1.2988770699047678,0.7673984394950505,-2.2610004243854323,-2.0423938970080506
-2.6285966917814654,-1.5668687860637238,0.8179194086162168,-1.8907639971774461,-2.062061420662204
-2.545131403660938,-1.732308442627826,0.8396141964745932,-1.5820484253120017,-2.066657535334346
-2.7401270551866554,-1.2361530396527802,0.8203746052208957,-2.1128924242332445,-2.0080627127834476
-2.8879514079063706,-0.9671451157938338,0.7931043217558286,-2.554747135915326,-1.9980011720226316
-2.7833386612017725,-1.4372919256784153,0.8565613070878231,-2.1735794021980546,-2.0599372770191717
-2.686410528079708,-1.6633152678415948,0.90725418980428,-1.8266014064650442,-2.088025193693881
-2.8471878406582656,-1.2122539361198248,0.8340189426874053,-2.3093292771784566,-2.0466173458684755
-2.729347659949795,-1.5561058412496491,0.8802906820608558,-1.951255314619966,-2.0630413204809748
-2.875880096282248,-1.1579811225035497,0.8292242502633358,-2.441805039280604,-2.013302804800571
-2.9871463747444826,-0.9441355058854912,0.7875074478018901,-2.809120075378678,-2.0111680477398513
-3.088374481925484,-0.8342897624287035,0.7527139774623023,-3.0945284585983854,-2.011285978927556
-3.169602705338445,-0.7819261714980084,0.7147725492515649,-3.3268144248378237,-2.0065401300697703
-2.9988424968976317,-1.3506721842249607,0.7924104284969553,-2.7848151610000413,-2.0719405483416433
-2.830995538740214,-1.671824602046824,0.8167999757969605,-2.332702032712332,-2.118614775563204
-2.948110201675287,-1.2500600698971722,0.7490686024905395,-2.694001342310452,-2.0695821253278535
-2.7711800414236984,-1.5797452776315288,0.786349881625575,-2.216465050349293,-2.0839747215193363
-2.9132344144686613,-1.1619027312619215,0.7351886730231135,-2.618318074395122,-2.035641248952499
-3.022482504284477,-0.9462629653222542,0.6850369995338298,-2.9513099948423824,-2.0127178859290313
-2.868196286918871,-1.4289124331991314,0.789035953899557,-2.476799669407806,-2.072302667400516
-2.718429086813258,-1.67924237350429,0.815708095201135,-2.0619665447433877,-2.091826408346362
-2.8746733977206165,-1.2257437350310783,0.7570598585348195,-2.4929977044094973,-2.05262151974662
-2.7238966199211085,-1.5460948699722565,0.8254813122373011,-2.098892264500928,-2.0838442591547888
-2.6373341738778437,-1.729846808381961,0.8515767039788864,-1.76850570530216,-2.103138699366768
-2.8110043432437233,-1.235052903065921,0.8156620117212865,-2.246100454821357,-2.039771495129551
-2.9622474358554296,-0.9669690544240889,0.7722498234635182,-2.6700240073245562,-2.0180738869321093
-3.0448433785019278,-0.8446375645633302,0.7449961651855144,-3.0110490179706884,-2.01449860526124
-2.916609893146263,-1.39395507979057,0.8028859757557191,-2.5414879104660217,-2.066519170608424
-2.751389184145929,-1.6702941669409466,0.8352408101321781,-2.1006137629349455,-2.0863666304517894
-2.892619927228392,-1.2209902799198185,0.7915748925134691,-2.5330825756863096,-2.0564985838105834
-2.773789694908297,-1.5699169340634351,0.8219544323748409,-2.125907909170604,-2.083721352167744
-2.6609808108464157,-1.7747372843718674,0.8234494124716001,-1.7997526546594942,-2.0980894356001034
-2.568367693821599,-1.8411605864940992,0.8350546416101828,-1.4866809970327504,-2.091708946223784
-2.7433084705701787,-1.3183378272640223,0.7868094148276147,-2.02747455942257,-2.028222814233694
-2.902663940430788,-1.015561641561628,0.7487825272477143,-2.4894546058010696,-2.019126888040946
-3.0248398180428646,-0.8610508536163195,0.7315239266740494,-2.8543046176454654,-2.0032835542620315
-2.8927893605219954,-1.385330317497919,0.7976523838323856,-2.4051658396860143,-2.056155470026614
-2.778954482923873,-1.6779923281004805,0.8399189662872097,-2.006590081121483,-2.0951503867411727
-2.91483471815619,-1.242234975958157,0.7984457178903807,-2.442335941353796,-2.0466795561463957
-3.010660352758686,-1.0026642512998685,0.7630315915077018,-2.7932505950466724,-2.0130961798554723
-2.879981068012411,-1.464419918719059,0.8419779016023524,-2.3498852111182895,-2.0779594793910263
-2.990283414576605,-1.1319595734935843,0.790249401263687,-2.7229193900171977,-2.0469694372017777
-2.8526271113277395,-1.5347285110077036,0.8318666720697407,-2.2925192503082723,-2.104019096044006
-2.725825266880495,-1.7309964018807302,0.8672139404213155,-1.9040163249006135,-2.123777848564267
-2.613811402020209,-1.8357207193755696,0.8674088872833108,-1.5954380525457472,-2.1333529147043593
-2.773503789166017,-1.3110418835392066,0.8359909950536754,-2.111795349209609,-2.0668537789339316
-2.9087176111145308,-0.9989451995599541,0.7714765277062547,-2.5650512637567995,-2.017650401879124
-3.021542978533855,-0.8625487426026595,0.742734781038722,-2.921100484962154,-2.0011399085128394
-2.886840293555739,-1.3820357273123447,0.8337587740844593,-2.4554285111996212,-2.051208530847911
-2.9907217754153717,-1.0977438040536664,0.790151811027494,-2.821580967172785,-2.012722099039165
-3.085847104727378,-0.9227971638153019,0.7541963522409904,-3.101497594912483,-2.0024122722849342
-2.925570037675206,-1.4236113320074972,0.8319349462395254,-2.6152906797276803,-2.0624081718340888
-2.786833167826222,-1.6899074680557413,0.8403748291726045,-2.1833265777668167,-2.0962306708642116
-2.644142673604552,-1.824621529484222,0.8568358531876921,-1.8030554096210476,-2.115151338966487
-2.534029232802697,-1.8534101291310376,0.8468662198725252,-1.498276862547206,-2.089735347608935
-2.4386101740644057,-1.8518648330150498,0.8315220283253149,-1.2331542080245277,-2.06335931542941
-2.6515369176342114,-1.2876301283524147,0.8004651676298393,-1.8432619293237373,-2.0050664046394395
-2.5935844940734514,-1.5572147880246328,0.8387937551540933,-1.5698873580584893,-2.014322057945627
-2.777254087906463,-1.1532012370585951,0.810227006264962,-2.0866692690731456,-1.9900231562541837
-2.7055972081393453,-1.4999657439798109,0.8680991719197474,-1.7976037594957068,-2.044808475745587
-2.8563600405324863,-1.1422351364525323,0.8380197747173707,-2.3062056135224163,-2.011293862553843
-2.76154902552398,-1.5161114412459809,0.8862923720852494,-1.95580514712401,-2.0548041227019236
-2.907343649290337,-1.13507876034927,0.8555339139364042,-2.4117142329030057,-2.0414629986679045
-3.027319671602963,-0.9525891518726177,0.8293110598647203,-2.7855143509550806,-2.0360667637825816
-2.9016891996947742,-1.4383351456804625,0.8850123300256935,-2.357176301367291,-2.097504422394299
-3.0093445684662465,-1.098588341295084,0.8417704230324744,-2.740718701507986,-2.058023920423366
-2.90836900408364,-1.5061779853500459,0.8799083444643847,-2.3007898629351304,-2.1151160588874007
-2.7786542658321425,-1.732881798396862,0.8911925483277097,-1.9292108736106135,-2.1584466748059796
-2.6459849870903165,-1.8403972468947536,0.9063881723259558,-1.5944307782297473,-2.1675480918016374
-2.544649421370019,-1.8975676341245522,0.9006581546914496,-1.3221140466953183,-2.1506789018395884
-2.478149762646724,-1.882442672451796,0.8973529253597198,-1.113881129731711,-2.1256299171652784
-2.674465995141892,-1.3293011297088428,0.8728658449415636,-1.7433374162738868,-2.0548182140714544
-2.8478639504239345,-1.0200019313846072,0.8620181460995859,-2.2690789700784313,-2.0264801453618917
-2.7700042222476022,-1.447362676062531,0.9152099209721348,-1.902892948134375,-2.071223247098687
-2.9282870610699963,-1.1153885872284373,0.8729412787802145,-2.385303741944192,-2.0547382192789256
-3.0345552130118536,-0.9137372314444793,0.8323050590182738,-2.7631686435264036,-2.047200871382948
-3.128998413551232,-0.8004647483480749,0.7938329960493302,-3.0854160501033467,-2.025650688038969
-3.208489597871856,-0.758482247353895,0.7586660154522832,-3.3097577341965336,-2.012262157671675
-3.2660264603386997,-0.7301293930369452,0.7155793716643105,-3.4798851120552574,-2.0142311085368934
-3.0661971376045,-1.375063550023359,0.8105915081932376,-2.9269756259655497,-2.088665792172445
-3.1329192199230054,-1.1061260707280747,0.7452831015721354,-3.1722897028045773,-2.0455629472519385
-2.950445046137767,-1.5446359890457346,0.780003007026034,-2.633846468953215,-2.106962785263241
-2.781641634834901,-1.7475989984559994,0.8073141116278618,-2.174398849991963,-2.124344159256631
-2.8837644154605955,-1.2656737116319006,0.7253743916434356,-2.5826085217034684,-2.0446401186080756
-2.7428236574996845,-1.5994664927421471,0.7746148915721843,-2.1717998512744376,-2.094645637846453
-2.892168791109046,-1.171165577323965,0.7125570697612476,-2.598098830336067,-2.0339563252058896
-2.7601492707309356,-1.5247781716454456,0.795897943890642,-2.1714916224286354,-2.076553238247529
-2.8837935938195542,-1.1342841650236795,0.7534401500511344,-2.5949326159238972,-2.019808340668196
-2.7506137736972165,-1.5200662502650983,0.8102260686220628,-2.2049414917153,-2.0751849436738037
-2.65234253327187,-1.720443221328722,0.8658915240302001,-1.8398840908629877,-2.0904329586717796
-2.7999467938620626,-1.2401109391458134,0.7924330257697275,-2.3258083682932416,-2.0400295173218614
-2.7011076926787903,-1.5582987735895424,0.8561561907481244,-1.9477920746778699,-2.072314227334561
-2.601226224151627,-1.7189140019592588,0.8730091294962731,-1.6434202040535844,-2.081780877971924
-2.7818591756505078,-1.255219193916618,0.8311297391800463,-2.1783109102222165,-2.0368377335183685
-2.6739318430829297,-1.5482899199793139,0.8758307168933966,-1.8396186704674982,-2.0573756827864607
-2.8357653345044596,-1.1431738995698917,0.8315551525318651,-2.314802535887518,-2.0171668057470007
-2.996613387068663,-0.9254011432531641,0.7918762816939113,-2.714086692967439,-2.002423413449118
-3.0933920593971505,-0.827272401227421,0.7420045456258169,-3.0295146646716287,-1.9956539646685418
-3.160117347742532,-0.7661002688278407,0.7098084906853847,-3.2591108662242667,-2.010918852576195
-2.9999990938567764,-1.3717035082390092,0.814584286894396,-2.741384512016396,-2.08752598528299
-2.8371091936588884,-1.662288260071982,0.8364315162976382,-2.310426187625723,-2.1233843683062408
-2.7077798760142797,-1.824246781845866,0.8313585206413414,-1.9167683879483521,-2.1433976085567483
-2.578466827764292,-1.8835723916915368,0.8219244117160915,-1.5827138017108893,-2.1345484866495448
-2.494333510548109,-1.888256321126207,0.8336920956002903,-1.3119240056108157,-2.113466465241611
-2.4368521583056686,-1.9019622064385757,0.8455753499419163,-1.0907280543541218,-2.070194619457987
-2.395704255855915,-1.8652860329018193,0.8840134170446948,-0.8790128397369321,-2.0810197154882637
-2.626514232709856,-1.3076417955807749,0.8647849069196557,-1.562749856172759,-2.034614528965572
-2.8198460386873627,-1.0040747478286103,0.8490078997264993,-2.1191708721383944,-2.010110874600742
-2.7580518939886223,-1.436054683580023,0.9027551530043632,-1.828941629015177,-2.0619160534971797
-2.6888908337490633,-1.662444779698176,0.9354796302686378,-1.5622977215766067,-2.0825141143367714
-2.854383106673512,-1.217811246622859,0.8715084712076604,-2.1314010966268486,-2.050157778987424
-2.9812832735377706,-0.969424746744415,0.8424335688647064,-2.578842044419743,-2.0364857843025472
-2.854412031215903,-1.452065715950637,0.912626678376878,-2.177247077474933,-2.0767629318025893
-2.9776879342726708,-1.1361864024127983,0.8544112168135021,-2.5893700541315945,-2.05026827515437
-2.8541629971358,-1.542410332173324,0.901859917973878,-2.1723899136380784,-2.0966232685413138
-2.709413190376373,-1.76306761380078,0.8972954816197688,-1.8219895312945682,-2.1203953454957403
-2.6047958710146877,-1.8666236263921894,0.9167470926447878,-1.5103786953556815,-2.1180027968210604
-2.5166507613899896,-1.8852165645792691,0.9094909855376722,-1.2632268322046751,-2.1273528772791117
-2.715139978223034,-1.3344169123005742,0.878601690226784,-1.8458765877602836,-2.0629887244157525
-2.8613522055616736,-1.0384545806298637,0.8398912686979398,-2.365214809384463,-2.044862173725183
-2.7780902781776753,-1.4544317115707626,0.9238087561724156,-2.024322364089773,-2.087266414821812
-2.688611589548677,-1.6916386353128858,0.9385900518611118,-1.694674306225919,-2.11487454132622
-2.624884534900198,-1.7890382470574027,0.942539533696054,-1.428418400114473,-2.1169233377071275
-2.553125845541109,-1.859357441076557,0.9409207734075631,-1.2253369811625494,-2.120814506875164
-2.496165752889638,-1.8630420551579394,0.9202921829196421,-1.0192908630292226,-2.0919608442077977
-2.4541645032260795,-1.8917773062380099,0.9322055399466479,-0.8477576028966718,-2.0623695892963383
-2.6653871686420123,-1.3388539506609545,0.9210088673759739,-1.5291066499890562,-2.0274574363167446
-2.850927126856989,-1.0310467219570711,0.9051560754277099,-2.0887287908274033,-2.035317662276307
-2.767912004160318,-1.4557304643321451,0.9735813753380019,-1.798317596365342,-2.0594705581369075
-2.903320401404333,-1.1163030798412206,0.9368174436370141,-2.280755834403779,-2.055138345941736
-2.7957314203017396,-1.5225707997252012,0.9621454913999213,-1.948981739180154,-2.079412719985556
-2.9425461594558393,-1.1579859757347692,0.9043680750538549,-2.426932668648432,-2.063631995866567
-3.034845240506814,-0.9642381271733216,0.8715721971092627,-2.7885322066041,-2.055482470257464
-3.12891866351337,-0.8524960389343683,0.8171383926905139,-3.0887294461077506,-2.041729719330598
-2.967326381612232,-1.3997470691896683,0.8971299959592968,-2.6075514718594563,-2.1031323543018576
-2.8125731050352143,-1.6883650554134744,0.9093139508832297,-2.1785126088401716,-2.1426334851280577
-2.9335166769927596,-1.2600695389841414,0.8303006955215514,-2.591785215166793,-2.0753775438993673
-3.0517658203348157,-1.0044088799475235,0.7431337753253737,-2.921661795587771,-2.0679189483930296
-3.13578395497411,-0.8711248685896743,0.7051758772932186,-3.188696525546424,-2.0458203445638383
-3.2062393109592007,-0.7796104849986542,0.6705073019768242,-3.3863209414979645,-2.030685907547499
-3.238054824868594,-0.749008421598511,0.6472760063014429,-3.5342431266154097,-2.0164384996898703
-3.263008233455991,-0.7411658821065426,0.6201157202355773,-3.676602066472427,-2.00580767618718
-3.2991654774382626,-0.7307792009142787,0.5986814871258169,-3.7681704415686856,-2.0103079179241443
-3.3169256266271803,-0.7176644828897424,0.5706271942598737,-3.82851575814068,-2.009137477916429
-3.3097739371556063,-0.7308495653541439,0.5576366764897719,-3.8984612206414258,-1.9751236220475767
-3.305496307832176,-0.7368554930937041,0.5539578775534713,-3.943636887336584,-1.9686400735701024
-3.316516176882056,-0.727563877241065,0.5155812813027248,-3.9680876863941714,-1.9579148168996792
-3.062317662425938,-1.3567853773375214,0.6625198927211964,-3.3072956701260754,-2.058325226761281
-2.8482800011840905,-1.6658275634190547,0.7049421432169649,-2.7393122943204906,-2.131656702632865
-2.6684658306617783,-1.792998468390229,0.7247275554220733,-2.2686909313443837,-2.136508124600642
-2.5118820477198605,-1.8335875254889626,0.7151209916829089,-1.8477264498180865,-2.113889556565007
-2.399906249234546,-1.835983825799158,0.7106394645946624,-1.5203314572440132,-2.0862258478940316
-2.3359395078795413,-1.8250336732922186,0.7312786525915332,-1.2716816313661914,-2.037001955677827
-2.281388276571008,-1.8167529671446503,0.7428449510525134,-1.0681652072063146,-1.9928238879768412
-2.515528135449103,-1.2506614529473945,0.7273379662053729,-1.700209044552148,-1.930790411263824
-2.7314288643454643,-0.9337431440676529,0.708406161182392,-2.221694400087465,-1.9257220684292313
-2.65209289415899,-1.3874782089338393,0.7906911916370267,-1.9160085429057312,-1.9590333000545113
-2.6064356543716563,-1.6292386618639643,0.8286921667313496,-1.6148868143432396,-2.000579468938911
-2.7728714355367567,-1.1899596919743463,0.8105536587489263,-2.1634750127914195,-1.9542106038387277
-2.9232305224986295,-0.9598506368465336,0.7914713030857948,-2.5889232430311546,-1.976135983401688
-3.0609971540393057,-0.8349688223623333,0.7606616892803661,-2.923776927072126,-2.0004345822023106
-3.144702459756316,-0.792921692892144,0.7169372589665817,-3.192152366925715,-1.9995948351883734
-3.228836225225786,-0.7718132817800987,0.6873097939534712,-3.3819064536065864,-1.997752890565511
-3.2903369669711795,-0.774517565210669,0.6716492785449445,-3.5298235379177436,-2.0170268852482236
-3.327392441483087,-0.7625272158165974,0.637063498862935,-3.6666755790150614,-2.0119844110444776
-3.126542880947405,-1.3896853388723058,0.7296427139807258,-3.0439017799836496,-2.1028829980414483
-3.1522671054047433,-1.1037647578363587,0.6570187156580434,-3.247628610667781,-2.0600989304268196
-3.190641247572206,-0.9272542943527818,0.6039229890447838,-3.4370090583980435,-2.024610610640416
-2.9964920168165765,-1.4390759648077969,0.7072960478371194,-2.857257435156828,-2.100118172232853
-3.0640790650290524,-1.1022581999539662,0.6164312631293593,-3.1199606964429627,-2.057869733543244
-3.1084792398565146,-0.9063022192659898,0.5717362241687669,-3.316565229925769,-2.022683760074729
-2.937502963822081,-1.4093625541456734,0.6646476203595617,-2.7724620413764876,-2.0971923270454407
-2.76995626171234,-1.6684158530966244,0.7209519354983497,-2.294249943272922,-2.1360431522707173
-2.6394174275102333,-1.7860531530894563,0.7392692465993572,-1.915490963867048,-2.131141480584776
-2.797484513872069,-1.2499759562841417,0.6882680085341304,-2.3480244730259563,-2.0366209384252416
-2.676353855323833,-1.542791769590729,0.7708970479374352,-1.99138209634614,-2.051452549903807
-2.559353183304187,-1.704314253171231,0.7872990345772987,-1.6675465375019762,-2.050674693130764
-2.47820414015098,-1.7825378343661813,0.8104769980352791,-1.4079889669792094,-2.0579328430592843
-2.662845236578528,-1.2839719932515297,0.7813865256177386,-1.9871899886842301,-1.999831253546044
-2.5841409420317962,-1.5555934225875745,0.8298682523397891,-1.6921797178079976,-2.020239489596194
-2.7602955239664686,-1.147796841492159,0.7957090536524867,-2.213208029479503,-1.9903685598426792
-2.930250659758157,-0.9405382103645837,0.7627655652702858,-2.6217890267605863,-2.006601157264287
-3.0549799128766892,-0.8312382110525729,0.744545208912613,-2.956374456691608,-1.9996133920040393
-2.9168436172850702,-1.377159297050603,0.8095817786241977,-2.496621681607309,-2.0481617112185386
-3.0171498071345066,-1.111921303182698,0.7773248143144665,-2.831811774878426,-2.027524464424129
-2.8628390273998234,-1.5459436773332311,0.8250886189326111,-2.390788724624452,-2.0941533530919587
-2.7364615961817913,-1.755019759338848,0.8288500009164372,-1.990883331483279,-2.12571831327541
-2.616291182206482,-1.8518571248959905,0.8046495195472055,-1.6367691708015129,-2.1185806727199434
-2.5264991726937573,-1.8933833824693247,0.8311183717231453,-1.3466724075059675,-2.1007925516864123
-2.7062055505311684,-1.3532219695429901,0.8085365735941675,-1.8883939478018905,-2.0429645171057706
-2.882383847366563,-1.0208170264110765,0.7742871224391649,-2.389338504331905,-2.0298995820421575
-2.7821798425258883,-1.4388094061550716,0.8400107921402997,-2.034059761872583,-2.0625034890221565
-2.93543799584762,-1.1293085400768317,0.8105921587458155,-2.4730339560831185,-2.0507460309215593
-3.0611111797840236,-0.9388635291137428,0.7663993197712815,-2.8351780177409016,-2.0316906882910795
-3.1575873781240777,-0.816879720451822,0.7263981838626368,-3.1114272906720006,-2.036085592442192
-3.014233116804472,-1.395019517408733,0.8418657542571946,-2.609335164167139,-2.106204040614242
-3.083043750765655,-1.0894395756192339,0.7892438887236605,-2.950939078879146,-2.067043206370484
-3.1404336391771004,-0.9302723592733249,0.7306571193334243,-3.2068451019631214,-2.044404224984003
-3.1912487769001125,-0.8105135332758342,0.6910523649521433,-3.4020091294942914,-2.025739087580363
-3.251056481862209,-0.7700285918444462,0.6421114154135694,-3.5627065068551143,-2.0217309201488702
-3.272551757613,-0.7491944278149594,0.6194990137023818,-3.6647086537420215,-2.0133648865957
-3.074060060145459,-1.3497005897980792,0.7144196337161705,-3.0495170870332378,-2.0872544158350306
-3.1106707385337597,-1.0635356125332318,0.65816789038804,-3.2664931861897175,-2.037528974410784
-3.1498273235008813,-0.8996904043803825,0.6063671710945925,-3.4472337159098205,-2.0026410182056336
-3.181522803580071,-0.803913040668914,0.547131201017215,-3.5933160633406827,-1.980608542738259
-2.980005505446621,-1.3783088431341828,0.6689738613004681,-3.007378630471534,-2.0695265602546558
-3.022475006186215,-1.0827716075164107,0.6054128057188906,-3.2457484502124703,-2.0299968919614515
-3.0854803943128286,-0.9163676894104114,0.5652034970336338,-3.416248053747451,-1.9935104670304453
-3.1338077860315097,-0.7854746564671289,0.5422951653055024,-3.559369731859752,-1.9632220911041323
-3.1911163861010876,-0.7361761197983189,0.5294632911954146,-3.6726844681593653,-1.9479117549452252
-2.994883086371562,-1.315258091211472,0.651613126594346,-3.0461006906119468,-2.03199391471941
-3.0554754392402086,-1.0296857743819108,0.5822894311077735,-3.26967624018113,-2.003873303801549
-3.115368466418204,-0.8637087144420221,0.5427391701007984,-3.4543510426324344,-1.9759856289630588
-2.9355372610109276,-1.378977234974996,0.6625688328404074,-2.861644883485288,-2.038902353184383
-3.014825454279274,-1.0687962174742451,0.5948682558240144,-3.10348330511719,-1.9887869490026568
-2.824883503461347,-1.4921776409794962,0.6776045182099335,-2.6025117890435623,-2.032401780984276
-2.910711828572814,-1.0879095072860183,0.6198289822961494,-2.917117064735929,-1.9906504570962866
-2.7786165363952717,-1.4733967139782087,0.6987075206049955,-2.413606435492125,-2.0263941237297014
-2.8838432029470606,-1.090634498508353,0.6599427826884783,-2.7843698039080795,-1.959416463904877
-2.9896953247688853,-0.8935978087584532,0.6266672907476558,-3.064026091652731,-1.9532588922922933
-3.0686916932866883,-0.7820724441139301,0.6211130161058684,-3.2908485258836553,-1.9493878479508187
-2.8934046122710977,-1.3394423525367487,0.7191343319458324,-2.779917538953462,-2.0273823991942037
-2.988802763105521,-1.0430399215070092,0.6526227290002691,-3.0668186516998475,-1.9930730700089985
-2.8349561433903556,-1.4691102855361349,0.7103430335005756,-2.546874904997424,-2.034455292218384
-2.935168317494446,-1.1180724138964508,0.6656541508055543,-2.8616384627525067,-1.9798721214545563
-3.0170330971298878,-0.8912797092588957,0.6457454768838392,-3.147148939172755,-1.9408617113996225
-3.088525438422425,-0.7805873761566205,0.5939266280364881,-3.3542612026502954,-1.9394423630568438
-2.91954273316388,-1.3469581553500412,0.7020780026508446,-2.8020731043298985,-2.025047168927131
-3.0031650785361736,-1.055351765744646,0.6467496363406744,-3.0793623614133256,-1.9926602713974493
-2.8327351445914988,-1.4789421377108387,0.7251257905850226,-2.5617101153436597,-2.05258964869713
-2.686743771725108,-1.7017224161214912,0.7441435974126264,-2.1371640470086715,-2.0863188286682215
-2.5717512267643077,-1.794340250452686,0.7640396277643187,-1.7522859578682624,-2.1055827478056743
-2.4706405159466875,-1.8446521148665977,0.8050336789577126,-1.444284347746432,-2.0814484183314605
-2.398429646670654,-1.842679090185834,0.8310362716893481,-1.1971164969325894,-2.0805752244032636
-2.6249873093801486,-1.3077709642761675,0.7732949636724956,-1.8128397355447279,-2.010859594761565
-2.8280448663861533,-0.9973874806046852,0.7468374555186651,-2.3190401881061757,-2.0016412403662973
-2.7347706952070867,-1.4164244360219655,0.8148569610909727,-1.9788609537718045,-2.0398290607060043
-2.893667168776973,-1.0894189353347652,0.7886481383337731,-2.4406430143281974,-2.008566848308654
-3.021077714204511,-0.9025361983124612,0.7468520913410325,-2.8164464243379164,-1.9886081749066398
-2.876700664479246,-1.432438516159579,0.8243402885760701,-2.3750720294700094,-2.051805035799718
-2.9878907612551533,-1.0967118231739925,0.7676456982124269,-2.76143962274146,-2.028056806571988
-3.0875452849654366,-0.9272312215974011,0.7222789934711659,-3.061678478141572,-2.0252617296300395
-3.1693630283195624,-0.8264433104965822,0.6892156866017601,-3.2771918481331883,-2.008834015292672
-3.2123181488608794,-0.7761402193188991,0.6527918942767487,-3.4693683181371218,-2.011367365586651
-3.244968453078589,-0.7623370227606581,0.6351747825871442,-3.6073728209951246,-2.0008078024069884
-3.0558829570043824,-1.3640075211783997,0.7395767459624442,-2.9926168469636596,-2.1024292219102527
-2.8603174780666705,-1.674728846632839,0.7784956870165307,-2.484198852410806,-2.1437087689524223
-2.7114377438556,-1.8286788548342743,0.780806649826653,-2.0665706581354892,-2.150226995033565
-2.837950283989683,-1.3073381486139635,0.6964413507328675,-2.4719194679091436,-2.056254123419705
-2.942170569806383,-1.0196706241471791,0.6572724717735403,-2.833782347730727,-2.000241451815356
-2.8093037721212513,-1.4420971289745959,0.7401619881609453,-2.3699219573534447,-2.0486360371970416
-2.680663100872217,-1.6652547156709838,0.78220781640005,-1.975993157346347,-2.0798383372488205
-2.8405486817198873,-1.190865330619981,0.7303397853660889,-2.4177440439336904,-2.0265898386409615
-2.7179358906228814,-1.5382851414523515,0.7794862813992119,-2.0327657865999815,-2.0581944217367987
-2.601474210499318,-1.714397212941995,0.8022985820212519,-1.705206784229456,-2.07299783401006
-2.767183271794611,-1.232474236985302,0.7817117520106917,-2.2208959611891363,-2.0113770479522723
-2.925851095219479,-0.972041171499434,0.7446501812119014,-2.6455567226932444,-1.9941274851871245
-2.8114328186101476,-1.4171435816190077,0.8424830090615254,-2.240944869335533,-2.071348044627589
-2.7081292202348695,-1.6571758662724467,0.8654780969134918,-1.894567810735398,-2.1028711580256174
-2.8584602655988993,-1.2233802506220148,0.8238457800368006,-2.371003194608976,-2.0617293991151087
-2.9817121406296008,-0.976736574297704,0.763625438003617,-2.7349146304703162,-2.0425609747204456
-3.080073654460144,-0.862164655950745,0.7341985647934788,-3.0452240598381546,-2.025321289294947
-3.1591564875987603,-0.7914432907677995,0.7103160798776483,-3.286486878318449,-2.0205721694070187
-3.2323199050014617,-0.7588040316374686,0.6929177485428861,-3.4808833676906388,-2.0009980095970668
-3.030296182108619,-1.350114100201888,0.7628443948078346,-2.9139535599629243,-2.0759448231623217
-2.8413461182204873,-1.6583330247807562,0.828005701211861,-2.430529699288351,-2.1217635092659424
-2.6851431251015763,-1.7950312213418764,0.8200539888757428,-2.001835494095972,-2.136788322136136
-2.8131726224718006,-1.287024377534359,0.7508649854018171,-2.421319919123036,-2.0515097786434593
-2.679504199650746,-1.5885984529271533,0.8049583194810054,-2.034425304116132,-2.071553120492658
-2.5782628357185273,-1.7401621431055467,0.8090903886146479,-1.7139821023970334,-2.0821098058553345
-2.4831580282159944,-1.810237727753178,0.8371665040280798,-1.4230939624501413,-2.0853811918133993
-2.6750997779298995,-1.3152791401183028,0.794770761287839,-1.9852823241643,-2.020597604755779
-2.5980435209857826,-1.5807630482118675,0.8413213575123408,-1.6832501223383867,-2.0535159313231923
-2.793791048723956,-1.164522941822417,0.8161131832387237,-2.1868269994837,-2.020248867826313
-2.946629830667924,-0.965148007186195,0.8022360862873401,-2.607213429067585,-1.9998023164073397
-2.822884640629683,-1.4150705450732983,0.8721851418059424,-2.207987109035697,-2.04939965543294
-2.955814021983883,-1.0966168966600278,0.8270880694836333,-2.6245303453818027,-2.0237545439256692
-2.814250195154652,-1.503519735403596,0.8480389074948343,-2.2097613872931574,-2.06718414408352
-2.942263400872984,-1.1470272187814154,0.8015551574744559,-2.622604710665911,-2.0365069949739634
-3.0570883122115253,-0.9492859699458139,0.7477901534938804,-2.933728711469148,-2.0461624323521557
-3.138336070213556,-0.8528021752195326,0.7202425636094266,-3.2026038401956303,-2.0242014506095236
-2.963489774468769,-1.403759275116356,0.7859979156522318,-2.7055168129489897,-2.0710790142676005
-3.070951178987365,-1.0907475411562044,0.7439386900666946,-2.9922251822028767,-2.0602781130103893
-3.139541132657007,-0.9285057395093584,0.694205810961971,-3.2506484307865104,-2.0078229671086922
-3.1862076437132845,-0.8193631499628876,0.6727258935131702,-3.4337036542834154,-2.00816390232198
-2.994143843401529,-1.4024521840981816,0.7659286451055655,-2.8710994811066017,-2.0813482603413087
-2.829497499492291,-1.6938003335818657,0.8068342100665382,-2.3779200949419623,-2.132139293368802
-2.6974058262275062,-1.786289043774771,0.8182404336445022,-1.9695615526553643,-2.1561747149372326
-2.837881703946803,-1.2798284378426137,0.7681156231807598,-2.4111778385718328,-2.0700991917773774
-2.947114202325271,-0.9889589981601622,0.7048507362596029,-2.7863503181060736,-2.026845504318878
-2.8045284780430775,-1.4484981210698262,0.7802004255879116,-2.3548826194959296,-2.074046746108542
-2.6623012483173505,-1.6740690778803549,0.8161934701587206,-1.9587157644214057,-2.0798153887980555
-2.5595646229565854,-1.7918398471017196,0.8542560493239942,-1.6205255905452223,-2.10337260781374
-2.7413705439914824,-1.28439538032312,0.790655458329404,-2.1439916753125554,-2.0143750830512905
-2.8841065285739385,-0.9878448086179594,0.7530648873964402,-2.5921337956550854,-1.989837967497014
-2.7958063487206553,-1.4393025758634845,0.8302169251590197,-2.2058912531744683,-2.0226768213093362
-2.6826260141570653,-1.6652773109325216,0.850075976716556,-1.8555377230526813,-2.0535569884648672
-2.586473499355523,-1.796652983778484,0.870946188904634,-1.5661789524604934,-2.0707891438236357
-2.5203585878349757,-1.8589652445822353,0.8838718966609895,-1.2822314639035284,-2.0748272194291246
-2.731126026120207,-1.3153970081917172,0.8620366784878555,-1.8730396102085112,-2.0125680524491663
-2.641326504540033,-1.5702954028371245,0.8780120757297115,-1.5914391078541785,-2.0300232277220815
-2.8208366075013815,-1.1747923043416144,0.8514247500421502,-2.1426503400013757,-1.9951854260739759
-2.7023921842115777,-1.5168397312792503,0.872943094487764,-1.8384205510773137,-2.032972049809402
-2.8813769087573036,-1.1256117063155122,0.8529690250537512,-2.3226250098344825,-2.0359558258355577
-3.0034885875099886,-0.9231485710573013,0.8227127356051431,-2.709253032854491,-2.0197998959155847
-2.897827775833267,-1.4033221372589157,0.8580754920087885,-2.3048287870342445,-2.0754278120381198
-3.0203228577552887,-1.0829791769239352,0.8330409121853608,-2.6746495630550036,-2.0568414375414346
-3.10337786468418,-0.9072635936523608,0.7706280015784679,-2.9954118780681576,-2.045937556103928
-2.9320975048091027,-1.4289726799465652,0.8418713911127708,-2.5181658040260717,-2.111359650015574
-2.7886477131066956,-1.6859125651296627,0.850120690300559,-2.1042638499635413,-2.142170996992887
-2.9060606349043097,-1.2426545536326168,0.7811969613467361,-2.534253247190906,-2.064684002856529
-3.0290206172490337,-0.9834588062679926,0.7522566828845987,-2.8572243835394637,-2.0552411354822024
-3.1032529621248868,-0.8374395760584005,0.6995146475606326,-3.1472809193767928,-2.0405905150284447
-2.9445416425041713,-1.4026945803337643,0.8099448694307932,-2.636475932178158,-2.093507319982213
-2.79971741953492,-1.6667361605855049,0.8366652762323216,-2.2024575809070805,-2.1082719467379247
-2.6723316185271844,-1.7865888114368251,0.8506540531172742,-1.8218397259893433,-2.1354215689375717
-2.8322577531847997,-1.2798027997310124,0.7986925086452065,-2.302212745498542,-2.053211906716224
-2.7147172144802654,-1.5923283447351877,0.8524983132852295,-1.9218802901520107,-2.0862751151218353
-2.609720937135498,-1.7494644455002664,0.8682234548555285,-1.6071729144238498,-2.1099836010911197
-2.534544083036291,-1.8061378460847985,0.8865240827471079,-1.338690072699551,-2.1108008304974586
-2.4646347852407064,-1.826715052075919,0.8911775814126653,-1.113234024542615,-2.0750205954963334
-2.6757385861976877,-1.2871444237307752,0.8542314802041735,-1.7311689879474745,-2.0296764084140286
-2.6313392952557706,-1.5539021264245074,0.8858378519400658,-1.4668277422400826,-2.0585472356535046
-2.5651904260067857,-1.7074886234486013,0.9165926228225127,-1.2465347846370272,-2.0628797656943823
-2.751876683274421,-1.2351820838548713,0.9059309483931294,-1.8513825521447884,-2.031001397396028
-2.676220341868413,-1.55580475963891,0.9182579974128113,-1.5870549115237045,-2.0690578194368854
-2.8576372029930646,-1.1587115873894709,0.8986858564032872,-2.140360435059426,-2.032777365844946
-2.7785190058527323,-1.526898313427382,0.9062737779999216,-1.8246316504077589,-2.087541198189803
-2.924859061100723,-1.1625922404373839,0.8600362510599225,-2.3308775333004412,-2.0566429604345124
-3.019674280503057,-0.9346231517575627,0.8406172862676128,-2.7147225557072203,-2.056399954382134
-2.9014550579396134,-1.4383050206151615,0.8926616397521517,-2.3075306133876667,-2.0900806170651025
-2.7793098037158956,-1.6964828153479665,0.9117685303676754,-1.9195508801242047,-2.124995893216813
-2.679640015487065,-1.8119445004683148,0.9203785191281411,-1.6112472620230909,-2.129581223158292
-2.831062601837869,-1.287386209465231,0.8727699107043927,-2.1239970364758776,-2.0691363805795766
-2.731280617611657,-1.57569767662225,0.8994742514520596,-1.8074257028715996,-2.1023538808467057
-2.630973412596608,-1.732030810896558,0.9099387142654662,-1.5013944111720552,-2.1187302506797265
-2.797200504758283,-1.2580856234870053,0.8802513830747339,-2.0637654871185056,-2.0739552412822864
-2.9458981166163265,-0.9774683311391167,0.8335070418000725,-2.516879654344349,-2.0293092649636897
-3.0682595673030737,-0.8529083069042372,0.8201505639288491,-2.8687341507933573,-2.0271247468561624
-2.923398197727591,-1.3897416056984915,0.8903100905573003,-2.411705008904844,-2.08517093514905
-3.030874903407008,-1.0770667318499894,0.8181282957301477,-2.7848643668675943,-2.0555129208400316
-3.1337574722543367,-0.9080770053481523,0.7764257772695647,-3.0851452108410227,-2.036604644015515
-3.1923506191701603,-0.8169696119019583,0.7360442005722087,-3.3375910933307313,-2.0168161261143482
-3.242201523665182,-0.7755016330592923,0.6961006025420045,-3.5001545159482843,-2.00715009929799
-3.274153999094629,-0.7659557153545005,0.6872457569698016,-3.6259426603352494,-2.007156428428721
-3.3113264651427277,-0.7401574338746257,0.6354713028080086,-3.7592257784742573,-1.9922855690295522
-3.2934779378289916,-0.7545767958741229,0.6093925705204394,-3.8149634522591644,-1.9767260866088283
-3.317706339611665,-0.7469292821838458,0.5688299213177946,-3.870375463111355,-1.9828194613550472
-3.092114073183252,-1.3832726459994769,0.7165215328414257,-3.2264730869258385,-2.0503994106671453
-3.127575903517919,-1.091102569202721,0.6336479481404487,-3.3937315461279196,-2.0005569273182977
-3.1492661156621153,-0.9158180790801206,0.5782537591646094,-3.547349917728474,-1.9692143027399447
-2.946604498802383,-1.4220221080593083,0.6740476298071822,-2.9502057295130935,-2.0343006115723274
-2.750632697133727,-1.663599809421588,0.7130717661202018,-2.4266282377017427,-2.0813065142682348
-2.5972847921508078,-1.7838138591426864,0.7121297702516709,-2.0127118044242236,-2.0865008771106797
-2.4572379822811934,-1.8349991023258865,0.7088621459720809,-1.6492084114192387,-2.0893239410246425
-2.3802712150935523,-1.8454086875451763,0.7574777296834564,-1.3823589869508062,-2.058636032970194
-2.326953977852941,-1.8279145245393345,0.765735481914452,-1.1562374739812675,-2.019522943598739
-2.5706004569535574,-1.2725593605315677,0.7410223032836005,-1.7615089121675778,-1.958708152612741
-2.7591781991824194,-0.9609651593745765,0.7434742259336536,-2.284573465241878,-1.943932971490344
-2.6982336659835777,-1.4012426952852204,0.8168402132907554,-1.9557715264443771,-2.008689781049766
-2.623236886225993,-1.6250402289569301,0.8469543057334987,-1.641067689047679,-2.0276018083858736
-2.530467430588039,-1.7553326058010206,0.8710702795041334,-1.3816423699866087,-2.045465068643278
-2.732679042595379,-1.2524624691730843,0.8497613635074391,-1.9532995457955138,-2.009866717377298
-2.6709636421385454,-1.5427617650997685,0.8813098677439374,-1.6540242595337136,-2.0269511404488374
-2.5965971425263152,-1.7177460032761875,0.8999742621105297,-1.380114435072876,-2.0672753982777037
-2.537098446194554,-1.7985069376792622,0.9093053923241347,-1.1822482315343443,-2.076299322538013
-2.4798163739125703,-1.8497619510433367,0.9241495608444656,-0.989517723494659,-2.046068727318877
-2.431606112976451,-1.8550793728766986,0.9314128916544767,-0.845892903342309,-2.061750114148282
-2.64458239618444,-1.3347599385591389,0.9423839034606755,-1.5182166042887486,-2.0192097923701806
-2.8368024325533345,-1.0477336472139065,0.9224217462808819,-2.0719969812403707,-2.028272803739902
-3.0013451489411933,-0.8762121791730068,0.9015289540276069,-2.5231514647230826,-2.0532943828222354
-3.107430799015922,-0.7829800131475976,0.8609900373369369,-2.858463403305816,-2.0697580025444333
-2.966884378597887,-1.3707084776075527,0.9222930011358662,-2.4405821628707565,-2.1031316099935546
-3.081165238525474,-1.091812637790174,0.8684277688025149,-2.7968193595468267,-2.080894249992452
-3.1390270176591817,-0.9194279572984855,0.7816349068560458,-3.0916283077657463,-2.0731905637485752
-3.206048496793145,-0.832261504038427,0.7622550753002454,-3.301237142422088,-2.0404557318376737
-3.026413073012603,-1.4162756009465842,0.8424684613566163,-2.761796339292207,-2.126768233695559
-3.0910334750364634,-1.1236584209338014,0.7761786479302338,-3.045901853549263,-2.083488855413832
-3.160998443678345,-0.9474148502090874,0.741344864494112,-3.2820766461656765,-2.0375562450769147
-2.9682047473970674,-1.458697362119515,0.8098582905576626,-2.726683722843439,-2.113350733894941
-3.0340185101575377,-1.113361674366655,0.7347651852572238,-3.01242931136545,-2.048941142946202
-2.8681160030954755,-1.5305268794522329,0.7839786787648384,-2.522262494924161,-2.1214884713582864
-2.718863984892232,-1.731679756801583,0.8097792478937087,-2.0943550610960053,-2.141633772314309
-2.5980055679136553,-1.830224806878589,0.8222564604203865,-1.7438291495297535,-2.1636994321850738
-2.50042812557946,-1.8672174963420936,0.8467611946131659,-1.460514796093645,-2.130580557445806
-2.6910070925598073,-1.3100951355275317,0.7652157767237852,-2.0129686168331955,-2.0777950564797183
-2.6153399755623896,-1.5533080626898177,0.8120647556671189,-1.69283756655781,-2.0873985806202535
-2.7984340429578896,-1.135359819709866,0.774163197139709,-2.2145023706453717,-2.0243481633909934
-2.695664964601703,-1.494154037573875,0.8281462233378917,-1.8660611909069098,-2.0527466480577425
-2.861443154954084,-1.122518994344724,0.7886112943940349,-2.3593482015978995,-2.0267415328488254
-2.991383560884666,-0.919849640120985,0.7613106085905829,-2.7681376122356154,-2.0268392930615926
-2.8622336959330767,-1.4335931451802184,0.8399624690216728,-2.3267648174381352,-2.068257633413951
-2.757137195284949,-1.6684790890505676,0.8709181636167926,-1.9694626534479949,-2.0959321794300805
-2.8893089018376212,-1.2225010693103888,0.8194094517017855,-2.420726610171796,-2.0604419092695614
-3.0224000728496887,-0.9766917271803192,0.7989355246562465,-2.796553592980576,-2.0323886827334388
-3.08338004480109,-0.8380127770762414,0.7646784245780097,-3.071326284559422,-2.004533487892851
-2.9366035696484536,-1.3865407322724166,0.8357938774022927,-2.5809641564285486,-2.0690942114170463
-3.0435975809091214,-1.0903498464471417,0.7684826434864622,-2.9073171604852646,-2.0524532514604896
-3.1083286344753143,-0.9262599831682583,0.7327083234641312,-3.147443921515747,-2.0310718776429812
-2.9502260281282857,-1.4248924048700173,0.8188712825778868,-2.6479529515582354,-2.1005505729657283
-3.0282790707059863,-1.0979967832978945,0.7556832946441696,-2.952609878050909,-2.058069196573393
-2.8707421028215525,-1.516432477037778,0.810756054144932,-2.4822679574369406,-2.1101994985791945
-2.723392536856683,-1.7174844939100444,0.8117313396334618,-2.0668428764851603,-2.1374710820904053
-2.613384571530335,-1.8129073688741006,0.8217205058784554,-1.7349964930506911,-2.1613260973128945
-2.7602399530239032,-1.2772034213267034,0.7684359548332353,-2.2205213618742476,-2.0572999598822066
-2.913490710759563,-0.9803215342664042,0.7395741710543571,-2.6295698130763396,-2.0417352269883366
-3.021961778773635,-0.8367010327134418,0.7001653732932931,-2.965766626428832,-2.0012987890069036
-2.89916121702438,-1.367876591177074,0.8060205590798453,-2.5111982648762132,-2.0414714447514988
-2.7734213491827098,-1.662893641588804,0.8530630304063748,-2.1151387817742457,-2.106561554873862
-2.897744727199789,-1.225163755873728,0.7918221431931335,-2.5234566606045337,-2.0474701266439546
-2.998844645670714,-0.9734256121005895,0.7535310442997736,-2.8677767322340926,-2.015854266912
-2.869808840675596,-1.4455976605084058,0.8073562692751584,-2.414747869067181,-2.074892773865824
-2.7207132568812553,-1.6690496698187192,0.8331532998824346,-2.0245387203030725,-2.1006910491512762
-2.8574640600982106,-1.2004384635873766,0.7608598050700938,-2.45591098999023,-2.0524232124361728
-2.718291193217475,-1.5624937720794132,0.8166267808967926,-2.074954432242401,-2.079333047482299
-2.861375690926069,-1.1463042536956058,0.7416670090332191,-2.504532254243057,-2.0255952643165442
-2.754099161451436,-1.5042880765989763,0.7945923711059972,-2.1056864488943496,-2.077197033093534
-2.8979326216067376,-1.1403126639576342,0.7543859621315046,-2.5277890350304895,-2.0198012199426363
-3.0187310927195474,-0.9249212454484865,0.7207922826288441,-2.8606759620907245,-2.003949544484068
-3.112613377319747,-0.8133972928822684,0.6928784976333243,-3.1564969361156883,-2.0140911596753424
-2.9378662569520406,-1.3976316927622254,0.7980516713601603,-2.64977164353192,-2.0882126211810155
-3.04219362876769,-1.1037197762069544,0.7418148322953916,-2.9613845613682974,-2.052398970192702
-2.8723031103375343,-1.5292948963781072,0.8031255066633837,-2.4921783030692506,-2.1093044075650513
-2.96357870047444,-1.1832970729886876,0.740050825793251,-2.8186885547571072,-2.0528748045894556
-2.8230369238775244,-1.5591972701515215,0.7974372447492657,-2.354767408947743,-2.1108273956994386
-2.9589693167024125,-1.1562116360265118,0.7345911080116773,-2.7368379175298068,-2.044387333271838
-2.830126316694014,-1.5549048375147105,0.789399427950536,-2.278839205494371,-2.1010375193683726
-2.7049888554410506,-1.7189267899481733,0.8137849583020755,-1.9295270468704253,-2.127266602874925
-2.5660003149397954,-1.7830253112603656,0.8158123184483342,-1.6084209883608471,-2.098241887326047
-2.744829354005201,-1.2905803307821948,0.7746239680804805,-2.125351193000814,-2.0337516926223294
-2.6646234605028956,-1.560491818098302,0.8178099159645866,-1.8069516322831911,-2.039864319950753
-2.5805985780125815,-1.7115332116265263,0.8559125711852416,-1.5043190057384908,-2.0693974363034986
-2.497963296086634,-1.7833257781932494,0.8879493056648373,-1.2610351466705698,-2.058149550597973
-2.699617969174039,-1.274989780656865,0.8604438973073804,-1.8818836346150016,-2.0087933692942084
-2.8733453585489954,-0.9792337076004758,0.8564478259524908,-2.3572245746545053,-2.0037497621089497
-3.00415458210544,-0.8448044855986219,0.8245435046407446,-2.7482371055135126,-1.99697402049233
-2.8900418421479444,-1.369716573116492,0.8839169222226025,-2.319998797061585,-2.0678269018283206
-2.7925152455289006,-1.6492216706330758,0.9224809472344255,-1.9415355217299943,-2.0961355718525114
-2.6765964908235267,-1.8026959662502404,0.9319355320461117,-1.6140250075647609,-2.111770829288383
-2.567344833745207,-1.8594214372050615,0.9150659968844469,-1.3486580783907096,-2.104456344562766
-2.749006721199101,-1.3292660438163375,0.87357054534829,-1.9399105319148118,-2.0453187290990753
-2.669943702351986,-1.6015568755425658,0.921289805047246,-1.6508410799290576,-2.077284668584368
-2.843839491625753,-1.1615867177966883,0.8788553278824137,-2.1590694531195314,-2.0297680263285813
-2.7467008888420623,-1.5082730811598815,0.9078740085701626,-1.831606284230509,-2.0774288574555424
-2.678966168176489,-1.708274528159011,0.9454622240126981,-1.5663592831486224,-2.1123850075256776
-2.6101640206076624,-1.792128020740972,0.9290562986565144,-1.3130028251656578,-2.106221003597889
-2.537384144187457,-1.8403069701316495,0.9435334930071438,-1.09805896230384,-2.1052095465037857
-2.7375910943347397,-1.3164664113441182,0.9154551169813373,-1.7113470099263641,-2.0423940168562247
-2.675430558354678,-1.6019790536988154,0.9736235467790663,-1.4552274826662872,-2.0815099361684966
-2.636710461316961,-1.7480409082138146,0.9774884708626236,-1.2336823135090573,-2.0960009709857568
-2.5605992989226207,-1.8156827651495808,0.99199461895647,-1.0578712808673802,-2.081058909361221
-2.7356859605163826,-1.2986037000538593,0.9699335009739224,-1.6971573569497886,-2.060214681059457
-2.8961005868175436,-1.0050120159912892,0.9270638023670699,-2.2320142702583055,-2.0573385539925217
-2.8259206928426766,-1.439020897773565,0.9743804454121926,-1.8973078425515355,-2.08743590300511
-2.7230320271917137,-1.6880268998222876,0.9830048051049861,-1.6173693329408183,-2.1043947099626465
-2.6333767360463436,-1.7941969274469034,0.9773669520284137,-1.3450670742817026,-2.1086139314410675
-2.573848006884864,-1.8522890003252932,0.982998670035039,-1.153700018618252,-2.1199872564349067
-2.750028409030795,-1.3314672452402647,0.9538390679725447,-1.7862797194811597,-2.0657324727624866
-2.67428539123676,-1.618477178166583,0.9658796898371256,-1.505422712452951,-2.090932573316481
-2.60578230789145,-1.765229808547749,0.9947964982703145,-1.2763979195631436,-2.106939011643565
-2.5442737954418284,-1.8601468955853704,1.0118461052188295,-1.077719881973898,-2.1050024501797413
-2.749564145633526,-1.3353603481005285,0.9635168039706612,-1.706762876610745,-2.063155207326642
-2.695821431348494,-1.6076289809631514,0.9683127847886817,-1.4691880461404285,-2.0991913388896077
-2.6186109303474434,-1.7682943061212966,0.9775111655783115,-1.2423941033411556,-2.111652532262923
-2.5766901470884584,-1.8491644136780245,0.985038773606807,-1.0552611417546074,-2.114609796155078
-2.766446882726076,-1.3221699079028302,0.9823027196502819,-1.7000478860413832,-2.0796606250044123
-2.706459831122132,-1.6160025604162265,0.9796402252242594,-1.4759317449922007,-2.0875647684827165
-2.8640107720504577,-1.2042368876121765,0.9623220770943094,-2.0228918406527283,-2.0726076665906015
-3.0158394252119947,-0.9686049076902739,0.9127203690649075,-2.4845883055027813,-2.0703641912000244
-2.8990736129340418,-1.4600137438963805,0.9685428797190847,-2.106874418750506,-2.1200725694809153
-3.028875412084708,-1.1362217658605023,0.9011010865689052,-2.5571182814845197,-2.0815370060060943
-2.899072598574696,-1.5539288061996765,0.9489149436600207,-2.168641281113734,-2.1339104557346547
-3.0203993177998876,-1.1842968090459258,0.8861211155856491,-2.597604420385274,-2.104224572735263
-2.8838640379400933,-1.5728981982930814,0.9126030172667937,-2.185253375548072,-2.142895753015162
-2.9770308734662754,-1.1988466925069123,0.8517454037365939,-2.60632180225932,-2.0964780436939248
-2.825953644150487,-1.5750726258721188,0.8900440472563633,-2.176535622992615,-2.139908347342589
-2.939624659019253,-1.1800747296729157,0.8482514966882204,-2.6031659633021587,-2.073157780422253
-3.0447950501210306,-0.9486040239384631,0.7749586418466402,-2.9321002824945586,-2.0570549904275057
-2.9047624492807285,-1.4488234668095454,0.8367419872995964,-2.4765703386016726,-2.085320959898371
-3.0033013246624405,-1.1185031034034,0.7839088741481667,-2.826832067972111,-2.0660864514688893
-2.851463760220713,-1.539049371181793,0.8418065098204611,-2.3670813701065447,-2.1082019542653376
-2.9702065620646123,-1.1549944985908749,0.7737016438179838,-2.7459630144344573,-2.0654833163809667
-3.0531952400864686,-0.9745493869035419,0.735112415186,-3.0492795829304074,-2.0425787269166387
-3.139759153865322,-0.8434876076925402,0.7023904276312133,-3.2838746677297164,-2.0378235677147805
-3.2038694257223357,-0.7745158415707715,0.6665424709658008,-3.467607443485197,-2.0139512138897753
-3.0163229438184453,-1.353091620517657,0.7680601714782231,-2.8826200691338837,-2.0859307388200268
-2.834429326447053,-1.6663072503091814,0.8065379267476753,-2.4026056279947268,-2.1055730066056455
-2.684965031603848,-1.8005775189654432,0.8094478785468388,-1.9875831716230463,-2.1256984667673806
-2.8205312469342383,-1.302355146900586,0.7449358640906125,-2.4252339262783975,-2.0219140290644035
-2.6824330689700036,-1.6036167859095356,0.7847268618774106,-2.0352460860118464,-2.0409012621600806
-2.840504909266267,-1.169780477245379,0.7245869941001493,-2.4858488850843727,-2.0147428091324584
-2.730985497160381,-1.5221030104529782,0.7668546746140309,-2.086664768057775,-2.051834208530782
-2.6141229682924387,-1.704913766140526,0.8081974007508431,-1.7508489077748073,-2.074104837007085
-2.7884250439798213,-1.2331045382468182,0.7851691732462391,-2.2633564576485896,-2.00746018762889
-2.920191174158201,-0.9723633895333337,0.7536369631369079,-2.680455908946085,-1.9618553759825426
-2.792140716688534,-1.4368686033513691,0.8252962069589853,-2.276025748076074,-2.0412781813897967
-2.6934396035679913,-1.6873152771810598,0.8635387632133124,-1.9087920757239707,-2.0656688549365407
-2.8242028250550186,-1.237467243305819,0.812417389112977,-2.364834759323663,-2.0235330836450127
-2.964065563786267,-0.9914378224687612,0.7710819478484331,-2.761817680566269,-2.0117175935027656
-2.83249745384955,-1.4622918868221095,0.8387579474329914,-2.3150985470955017,-2.0718060106682166
-2.7026224624640998,-1.70258133258817,0.8676027589748633,-1.9319075296529498,-2.093157106581755
-2.596830064737263,-1.8299190162928114,0.8632186270960743,-1.6253270305551053,-2.086051457172784
-2.7544474212798367,-1.3105762316760123,0.8162372778455527,-2.160937911605297,-2.0408331535410578
-2.903336349563013,-1.0115654324418994,0.7819076349488003,-2.6018740167841985,-2.008290760488367
-2.7968606924673782,-1.4567035847397127,0.8403134629224245,-2.1906128929048965,-2.06372110872199
-2.699370465833876,-1.6676808685910867,0.844465870972114,-1.8554038091447222,-2.0991352420276823
-2.60234250114254,-1.7787311091227438,0.8747925738257316,-1.5458266670819214,-2.090289102199082
-2.765071712244267,-1.2794102258406876,0.8228862661832211,-2.084185634803131,-2.0488528302758815
-2.9113582281191737,-0.993740175442268,0.7944947052207674,-2.521507090748438,-2.0370787134792265
-3.0421122906849876,-0.8544789409127881,0.7885180105801036,-2.876995460648049,-2.021139162760937
-3.136845802653937,-0.7669797949607686,0.7419070229593583,-3.1514288667171293,-2.0214552467892526
-2.9884753017043915,-1.368812458356651,0.8467124952103201,-2.6748125212397578,-2.0739044376346767
-2.8216717938794993,-1.6742284445019888,0.8594291732536322,-2.219305149866927,-2.1114738540413076
-2.695840976956036,-1.8288059145216358,0.8544444075812545,-1.8280296337007416,-2.110761735226692
-2.8422038109747936,-1.3185603426508834,0.7837461743693563,-2.303807238285896,-2.0376966360126305
-2.9695160507402654,-1.023782681179944,0.7578922047994149,-2.69163690321484,-2.008425461036888
-2.832322027848277,-1.4679962928498445,0.8341653267880337,-2.27743221102556,-2.084137713300346
-2.9421137845826513,-1.1113964050181604,0.7683651366438982,-2.6728240894016793,-2.036353053021245
-2.8167265833078172,-1.511499513870083,0.827016158258501,-2.2223732307733903,-2.075421705063848
-2.706443392243007,-1.7084608595909974,0.8615276173581228,-1.8686637112315012,-2.099354953401315
-2.5855714519006394,-1.7992496245600147,0.8702040953552261,-1.5576155778242073,-2.0871238920156605
-2.4966266874454552,-1.8539048649303798,0.8803399405060233,-1.3138785824354182,-2.087924178815233
-2.4363245359936303,-1.8680930194841194,0.8929072079154522,-1.113992581044548,-2.077713844381291
-2.3970556733218973,-1.8586928619396856,0.909785669602715,-0.9446850163790097,-2.0722585698471354
-2.3641465840891196,-1.8747658784824257,0.9307763343625945,-0.808478114668403,-2.0559056863386775
-2.3611882409916016,-1.870675215984238,0.9562761196806147,-0.6814994278764823,-2.041238412589854
-2.5883805849674397,-1.32321499187765,0.9448664380893277,-1.4042974938332953,-2.0247558638194287
-2.5802555543996464,-1.6071922476598894,0.9693343774269619,-1.2354184941263358,-2.0423075857305157
-2.7708878259540475,-1.1994486105574824,0.9574218397948308,-1.8424552732995785,-2.053387850131784
-2.942024282131348,-0.9593635807790386,0.9257740452720803,-2.3357691072707247,-2.0477554108600873
-2.856649799283019,-1.4499035679408017,0.9714535595200504,-1.9792732423773398,-2.10153437593466
-2.756435586622864,-1.7153309754960309,0.969595442503825,-1.6793028970120822,-2.1318171349129695
-2.8932530216932433,-1.2732547748424312,0.9222773780444818,-2.1850734570717374,-2.0973344066212145
-3.02488012723782,-1.015413227107704,0.8750332206041647,-2.6218297481895623,-2.0790107376127263
-3.126979619571651,-0.8795825013668163,0.8250474389401149,-2.9695692233067223,-2.0742793066302254
-3.2073152156385336,-0.8140670187565329,0.763663385254417,-3.22671709462627,-2.0684489443764926
-3.038447294483328,-1.4140258871629705,0.847591277746742,-2.7099306681724524,-2.1463268926776875
-2.867535469625824,-1.7235258868180128,0.8641981871265829,-2.259478388752483,-2.1762279867211234
-2.9793749898544486,-1.2633368465619763,0.8036428187810872,-2.6186977966417024,-2.101835523883721
-3.0588150498594153,-1.026358260188272,0.7487529087066249,-2.9420890731941967,-2.0768222108152066
-3.1419234760787536,-0.8479901414025243,0.7076862020103527,-3.177003169271603,-2.052755138934537
-3.22192025274224,-0.7758941005161023,0.6797119438765876,-3.375984931008382,-2.0311012179691432
-3.026024390296885,-1.3651125689630086,0.7871528749993567,-2.832255775606313,-2.1004892036381815
-3.0924490229858717,-1.054943379567055,0.7346908965873978,-3.1040770158700624,-2.0552912593230186
-2.91604566597096,-1.492704834220604,0.8111038303865338,-2.5880319395937836,-2.125302095439296
-2.760385826939144,-1.7191799571674193,0.8385305065517602,-2.1514948779341023,-2.1676759002369788
-2.8845873755772167,-1.2437778210982977,0.7320432716235828,-2.5628047617366656,-2.0845233027240413
-3.003523164243469,-0.9852349641651724,0.7020729316246385,-2.891639776640862,-2.036707536997468
-2.8635043178436534,-1.4275346205879942,0.7718401141212927,-2.4184505286108164,-2.078288151732161
-2.9724785873393813,-1.0743067035908191,0.7224263792368412,-2.7917628989409367,-2.027476484257971
-2.8165083503952495,-1.476148885249288,0.807124096027367,-2.3392772126943884,-2.07349446671505
-2.9479522405318277,-1.1043376698788514,0.7283484102516086,-2.7187886977070965,-2.0360311115898138
-3.0370165808826695,-0.9025649210697951,0.6919084670685642,-3.0294265783797645,-2.0172379379991505
-3.112692789596108,-0.797992466091517,0.6670916206202796,-3.269558859217553,-1.981958984291058
-2.959639063570568,-1.3642766966268176,0.753632030750925,-2.742882252788789,-2.0444902900958373
-3.049921385895777,-1.0699021917144453,0.6977734920734715,-3.049136194828838,-2.0096269494778847
-3.1123925338739293,-0.9095694458845212,0.6673639067137725,-3.2852274125425898,-1.988140242655379
-2.933080220539635,-1.4075996685109395,0.7432522885167361,-2.721111845039904,-2.0500954461390024
-2.786608498347258,-1.6716247638709059,0.7766854472542954,-2.2522370839100705,-2.110604477010699
-2.645727448673441,-1.816271454069507,0.7913232382983663,-1.8849485307615752,-2.094889479971653
-2.7923042779933214,-1.270804904345067,0.7452030740836302,-2.3256818433171307,-2.0304380351481415
-2.9305544165806845,-0.9733960521433613,0.6972302748448101,-2.7029983447335133,-1.9943179612048576
-2.8201515325956015,-1.4136149934821176,0.777302417652138,-2.2664013012919497,-2.050459534387393
-2.926183702250433,-1.0658289624445134,0.7290388032948181,-2.661060927551297,-2.0307019188957316
-2.812723752063147,-1.4813237806218678,0.7950998368921778,-2.2361544539773917,-2.0749249630756204
-2.9416228635539485,-1.1088791303992767,0.74350438204287,-2.6499765950119976,-2.0251389762070855
-2.8247209098187054,-1.4838231267680027,0.7906500833751602,-2.2268047250929923,-2.0807352850229375
-2.7067219768396185,-1.6719683081160013,0.7944622933575033,-1.8533867639995165,-2.097509784144235
-2.8373452033434914,-1.2042636630826649,0.7660083575922082,-2.333226237223853,-2.0215475229524094
-2.719292145849898,-1.5284814530175073,0.8157525775344489,-1.9318813781697208,-2.023383393453137
-2.6101293170294193,-1.7247079418673663,0.8309508195847122,-1.6260736579858353,-2.0655796859576725
-2.5459244964289582,-1.8014214199956473,0.8605109337212893,-1.3691173850398752,-2.0862545796054137
-2.463747859118135,-1.8210990803887341,0.8803332999259241,-1.1577183545596486,-2.0713149791978736
-2.4212320000562917,-1.8400090081355398,0.8957254293476861,-0.971201986921033,-2.0472194508121397
-2.62673684027694,-1.3166797052036414,0.8820417037023793,-1.6139855405789627,-2.027286414203487
-2.839551167479424,-1.005834704500937,0.8525597316934589,-2.163013102245402,-2.0348441185988846
-2.9628289028176984,-0.8449342490242837,0.8296416362940596,-2.59594017226066,-2.009652109453593
-3.085201296682934,-0.7996753314186543,0.7991995498854841,-2.9369546104629713,-2.0149734110193136
-3.20079179581282,-0.7541960969161757,0.7685537237356409,-3.202009736821532,-2.0130032025671354
-3.026143393199753,-1.3830885963633668,0.8359995814713795,-2.6940479047015913,-2.075345057843408
-3.114599300599535,-1.1028339675442582,0.7841074613087373,-2.982592557267332,-2.04232609181216
-3.183779938307663,-0.9348811096236025,0.7133301277085485,-3.2418143978096117,-2.019238368856371
-3.0021321959389886,-1.4631046632519453,0.7824346648681197,-2.7252672133923896,-2.077914397025066
-3.0669857460458374,-1.140401934595766,0.7370688458094109,-2.9924767420451466,-2.045306437169697
-3.1447140705322467,-0.9401340172399419,0.6856630929023816,-3.2271286259118592,-2.024504078019152
-3.1888618158815674,-0.8459549048524733,0.6411401588095804,-3.3915867828378574,-2.0015524804330633
-3.2180207135281385,-0.7943845331064102,0.6277901593182414,-3.573181247743709,-1.9694410343988666
-3.2632127207106496,-0.7553216137400325,0.6019098070596295,-3.6985015567188055,-1.9742149577910681
-3.2626971212726974,-0.7388729824508063,0.5860540034129351,-3.7899315538657596,-1.9609879515810609
-3.0230250948406545,-1.3591774390240678,0.726132030598769,-3.1612484144088415,-2.047136496860723
-2.832646672324989,-1.6882113177200686,0.7411549911596439,-2.6071570488012226,-2.1040362340034306
-2.9260592481259953,-1.242011945330303,0.6559401228099773,-2.928528775599254,-2.0321697732975195
-2.7535611986225166,-1.5714496181628859,0.7122982724454857,-2.4472325912121566,-2.0842769579654754
-2.607026291007769,-1.729100593841663,0.7219786779454495,-2.0258278238464738,-2.0860661815952333
-2.779471514612408,-1.2504893050725752,0.6646914026474476,-2.454724220713123,-2.0037748693833874
-2.8736418897482676,-0.9706764686401035,0.6458758214181338,-2.8179125365291076,-1.9608251805719856
-2.7581353192264704,-1.4153568745243486,0.7331213210740172,-2.3816097882144227,-2.021552049125118
-2.8994474606670324,-1.0820738745473468,0.6951985316107254,-2.7575740453750957,-1.9744299638011846
-2.7516267165148616,-1.4763080627573506,0.7521378241876524,-2.3095970654923383,-2.0181919838178084
-2.892456748158411,-1.1086238629528409,0.6957786589062501,-2.704042804710466,-1.9907524246654182
-2.759262459555358,-1.4783879823812938,0.7604538199627827,-2.260713111653973,-2.034528574884285
-2.663128129389217,-1.6709818603939004,0.8023331877575806,-1.8824307974797219,-2.0603468641650218
-2.789677928277712,-1.2254737658863697,0.7522638898877902,-2.3405044173744876,-1.9961913026859914
-2.67921601828303,-1.5417741669131966,0.8086386662807098,-1.9832858440329937,-2.0382944415961957
-2.837556856255456,-1.1273740825639909,0.7711628455374524,-2.439961311190013,-1.9999251643757188
-2.7188029922696497,-1.4891677299488566,0.8272856365565632,-2.064690030464514,-2.0273445008704596
-2.8647131241190977,-1.106767890745729,0.7990229040305782,-2.5156746339071367,-1.999376860522111
-2.767414368388551,-1.4899303543436766,0.8365635772689217,-2.118099685506268,-2.0393699266187806
-2.657323726808516,-1.682784509856391,0.8500253931239161,-1.7762852855510223,-2.0514225482528023
-2.7947243321675193,-1.2272804825455368,0.7940727897926376,-2.2704217460771345,-2.0196857728260005
-2.698832663722974,-1.5634853202796897,0.831528106724364,-1.91302304549658,-2.046848237352138
-2.614055511348947,-1.7226186650865025,0.8511909688136285,-1.6043380368737377,-2.0740733418310984
-2.533522098906582,-1.8107931959504586,0.8645519543633422,-1.333941942183115,-2.080482874242797
-2.7220532642582778,-1.2984667842967343,0.8341876484885691,-1.9144452221919641,-2.0352252027849578
-2.892463177564643,-1.025417816458364,0.8246893050270907,-2.375864633018549,-2.027992018759703
-3.0364077060487964,-0.861776260722665,0.7765814037175001,-2.7541593141299967,-2.0211936837811284
-2.909209162726164,-1.386851636783727,0.8620364526136495,-2.333625677524983,-2.0598421275847256
-2.7934187082532693,-1.6707229039208464,0.9009138700805024,-1.9690481779581384,-2.0879451909052147
-2.6835455007192976,-1.7970721637454166,0.8953082461264724,-1.6487674353013868,-2.100597546498132
-2.827251678268172,-1.3040573394272945,0.8460236864123991,-2.1368982871911872,-2.049111936087473
-2.975886583381298,-1.0065304553579888,0.7990923826903891,-2.5596174147909427,-2.0378946695549707
-3.0740942512134626,-0.8622854463184783,0.7446881133801263,-2.903057118239343,-2.0281718362205843
-3.1809676607791797,-0.7862638194182255,0.7422728983362186,-3.1768308862169805,-2.016365379132753
-3.026378837408741,-1.3667122538371546,0.833421032842501,-2.662561658476173,-2.094044869471301
-3.1075474678310626,-1.0841984023658895,0.7676473231670851,-2.9776673499965725,-2.06378461384412
-3.152281991514352,-0.9205499057436572,0.6965420689018319,-3.2318960736691005,-2.03527348582672
-2.957623851313933,-1.4304397658476018,0.8113332947486146,-2.7168161378589195,-2.10070047796015
-2.784964124820414,-1.7002298717390225,0.8299859480515909,-2.2505114319757924,-2.1135294050753743
-2.906369615918869,-1.2505261992314805,0.770352902783635,-2.637149463797409,-2.0459479995858993
-3.000408455390365,-0.9859423461698571,0.7097700921146984,-2.9454455137554465,-2.0051067063859556
-3.0950757523480736,-0.8402136116717,0.6773235838429953,-3.206762407576487,-2.011484801988592
-2.934915066096951,-1.3801966442551181,0.7719172357851906,-2.6821042360854337,-2.0600707520356867
-2.785173044061966,-1.6710406697948181,0.8039555445007496,-2.2442513036868417,-2.1180053381208905
-2.899971646732402,-1.2213086297716278,0.744612658749583,-2.6301222636487136,-2.032180155979867
-2.9977472541042784,-0.9810676649280474,0.7044821109398856,-2.968401483850278,-1.992462217008836
-2.8361598760312994,-1.4343246344084948,0.7819168483734922,-2.4643866185816234,-2.0492868460736293
-2.9482755765686575,-1.0718949752771403,0.7196706812836695,-2.82287750695737,-2.00203911611861
-2.8023537779206427,-1.4726130730168836,0.7817522796764111,-2.3492740483011496,-2.047165017026829
-2.9202115308256413,-1.121960537516744,0.7278162375520911,-2.753053135216337,-2.015989753591193
-3.0251360648139176,-0.9026427379954604,0.6952567115043509,-3.056722915604849,-1.9856544988209102
-2.8798309572292125,-1.4086714013962904,0.7825479799438548,-2.5708760548308445,-2.041769579560377
-2.9838774842051903,-1.076865309286621,0.7007165002686238,-2.9120785401263265,-1.9967040215092933
-3.057176678221338,-0.887591685842353,0.6750707615277649,-3.196689858570027,-1.9790223554151074
-2.8984648909218977,-1.384747198698854,0.7648523672201968,-2.690605453124927,-2.0474350570177546
-2.748092630430757,-1.6611230417868321,0.7857337463359932,-2.2312047661803844,-2.0785795176284845
-2.872417915158328,-1.2195637859001982,0.7120877400822418,-2.608305734342047,-2.020136307559486
-2.978545469672095,-0.9634837689919404,0.6628160328852694,-2.942554770876601,-1.9868001114827876
-2.8460107419596405,-1.4450114740343944,0.7245851850839635,-2.4666327344759837,-2.0519202191988977
-2.9595552976942097,-1.0970064702268019,0.6870265212343932,-2.815879041415105,-2.008461564648077
-3.0644874257510373,-0.901647901118876,0.6671297864795511,-3.0991228823856316,-1.998160860550167
-3.1303428518681446,-0.8159844759969481,0.653993740414028,-3.325944318240963,-1.9914789307664575
-2.9761324171812324,-1.385262660986124,0.7538396137830465,-2.77125683106807,-2.0432322595490637
-2.828265459842535,-1.6728580016076364,0.7864280571594914,-2.2965922662877283,-2.0874783890825137
-2.693983881855023,-1.7733923662872788,0.7943971617574561,-1.9012095901871287,-2.1139419098884966
-2.5716815588744204,-1.8281125976823605,0.7715838384895262,-1.5889318355366648,-2.1115067541785617
-2.4769501328219308,-1.8323789749270885,0.7784470837541724,-1.3165935134654498,-2.0679120202041537
-2.6702727577996397,-1.2849535847290805,0.7487703299096196,-1.8938623520327653,-1.9980253295792385
-2.5771578691694312,-1.584022004468025,0.7920975591243099,-1.6148304845094505,-1.9995876637068235
-2.506276042431366,-1.7070940770681888,0.8287279193400922,-1.3625917985751228,-2.0056606741119745
-2.4456311016369714,-1.775257003781849,0.8503051321425846,-1.142841445538635,-2.0193597257607947
-2.407887262958204,-1.8225658905703235,0.8860383400538305,-0.9742417161910406,-2.029048531042497
-2.643501228753259,-1.2780367127154038,0.8839216366620747,-1.618840583660047,-2.00576007071064
-2.6050109940507036,-1.5646863711668622,0.911758695429835,-1.3870904548632947,-2.029209702300048
-2.5450523361626476,-1.7125513442841593,0.9156391398658961,-1.207960143277612,-2.0488698611944924
-2.5200132421896653,-1.7942353265796211,0.9297176707640186,-1.017537059279627,-2.0559948649633686
-2.737659509864262,-1.2840056826528454,0.9246439681949684,-1.6761455123598226,-2.031851317060068
-2.927046830386581,-1.0025601348031308,0.8985776950234715,-2.2062957899074473,-2.045471712339405
-2.8138594023058254,-1.4548334229833004,0.9467134183984641,-1.8643697007913618,-2.0626321932764067
-2.718517310674385,-1.6940452470638623,0.9570532755551341,-1.5857774145158203,-2.105989978923675
-2.8613633215225467,-1.2387623034203563,0.9078906203490791,-2.1161500651766603,-2.0575125430707524
-2.977014928979469,-1.0002531702281663,0.8769377303227628,-2.5478350218199197,-2.0367805845524933
-3.090748796992324,-0.8598659545446171,0.8251253238566564,-2.891989558977072,-2.0226585983613674
-2.938845362847705,-1.4066722636286682,0.8853326258914123,-2.457399823963956,-2.090165154394806
-3.059050574580601,-1.129046609106111,0.8241699556473254,-2.806633339575248,-2.0625723207337368
-2.896982276053017,-1.5576390887571412,0.8679852051597968,-2.357096009388664,-2.11966719564628
-2.7396645880091484,-1.7599601214456528,0.8817557524214069,-1.9709496761197662,-2.1379510063913614
-2.605506061551352,-1.869235062684378,0.8761107268662931,-1.634270013552971,-2.1357829122960554
-2.5353881966110574,-1.88105590189085,0.875878088538357,-1.3456191055921707,-2.1290484652306967
-2.463146042477925,-1.876654409407779,0.9073903244272409,-1.128911223497153,-2.0884130026775605
-2.4095782692636187,-1.8681381417224892,0.9103924540334396,-0.9349552979795762,-2.093278864222215
-2.3859735129978663,-1.8867453752417713,0.9378817234071627,-0.7973144907071039,-2.0691228354881384
-2.6208539603220986,-1.3350700278036145,0.91596251168055,-1.5093052219327159,-2.0436529838641566
-2.811956064896766,-1.0134033479675937,0.9071941275689429,-2.081930784957877,-2.029803020145038
-2.9709853288588923,-0.848698828912923,0.8868542699966406,-2.5391447216494556,-2.0611207170892234
-2.8629775435674123,-1.3709908735883245,0.9567414660336209,-2.180795938412984,-2.104359452746979
-2.989589597762461,-1.1086126075217464,0.8952264629762529,-2.6064147792191057,-2.0831075297789328
-3.1113119872954353,-0.9280235751155564,0.8313619921855593,-2.9496964999565636,-2.0670391496831844
-2.9642755285206936,-1.4415607432213802,0.9054677499152408,-2.474376257247146,-2.114281132208446
-2.8046035278353183,-1.710313021837592,0.904135943733231,-2.07578329078314,-2.1359155845245272
-2.686182648690118,-1.8264798391619004,0.8985797429448317,-1.7193871369096294,-2.130334559238591
-2.587615979297968,-1.8948468034672041,0.899327758113605,-1.4297482006409987,-2.115131802825196
-2.4977727841444146,-1.8949344967631523,0.9042463887798343,-1.1890037203124573,-2.099658786048603
-2.6812520673211555,-1.3429532527347476,0.8713438637322852,-1.787900165863934,-2.048753213863064
-2.8610048012442504,-1.0203199061796584,0.8383605734971327,-2.304494784195113,-2.0344794165697606
-2.7709918686300217,-1.4310872141710422,0.9093169832750898,-1.951084455835266,-2.0372849581749493
-2.9240474743807865,-1.085414802284166,0.8761254208583852,-2.412954416374023,-2.022664769828832
-3.0444466772152654,-0.9060075475905038,0.8299114344074726,-2.789250829506829,-2.0303550668069725
-3.122046898965198,-0.8220087071645573,0.8073793022768609,-3.0929458210254914,-2.040311246787563
-2.9595007034345757,-1.4097204640377314,0.8711826367494144,-2.607212333005358,-2.0896483100841765
-3.0595735517235614,-1.097046626006628,0.8080090239429372,-2.945574371535442,-2.065451262375781
-2.92366917455669,-1.5295595577867738,0.8744177156698397,-2.478347851437045,-2.119096678019419
-2.775055604708849,-1.7548802700490926,0.8787261449822353,-2.069739174359046,-2.1516630373345977
-2.6546203457014985,-1.8492317778202751,0.8942624647517633,-1.7098351966644245,-2.166433344203763
-2.5353628213450703,-1.8747521703062464,0.8876804320024935,-1.425196207451254,-2.149681997933507
-2.7175292265449897,-1.325540536145141,0.8459229631644536,-1.9660872549110766,-2.0891153380507115
-2.630708988353329,-1.5859443148364967,0.8968306838719927,-1.6596749599905976,-2.1049474611989893
-2.799023314817911,-1.1706738771040712,0.8558166857730654,-2.1958718248206655,-2.046127472954361
-2.704689779214743,-1.5347625866326515,0.920116153776236,-1.8639316900513545,-2.0783874387826033
-2.6227830980111078,-1.715818277214472,0.9584738630427192,-1.5785156658622481,-2.0746190101236226
-2.5335110497172284,-1.8225878237904272,0.9646345333228069,-1.3270960264791063,-2.0607850351852073
-2.484897461274878,-1.8579014126160514,0.9779596516246964,-1.1235865537186318,-2.072514038340491
-2.4465708606491687,-1.8844832699902287,0.9824199739461357,-0.9404934305235854,-2.0816078968676837
-2.651482511812863,-1.343628833468602,0.9425172203002536,-1.6133048313400356,-2.054346087107766
-2.872082711002215,-1.0458405973970903,0.9202681045406994,-2.1643517072320844,-2.049095482888605
-3.0277105082483087,-0.8804551630205839,0.8839257937778189,-2.5845539813197984,-2.038219475902235
-3.135274933634716,-0.7968770229517933,0.8546792866171226,-2.916801057287292,-2.0273841140717317
-3.000750241703011,-1.3769431666229952,0.9103168361671515,-2.47959786362908,-2.0816880413473675
-2.8598246604180804,-1.690010333900707,0.9429744631970741,-2.0856148081268797,-2.142981227099859
-2.729293985775997,-1.8166002210535923,0.9386814054250516,-1.7444671728642007,-2.1540905338154803
-2.6202815595072715,-1.8857105849004718,0.8873257933129547,-1.4637403365268793,-2.1402041524127116
-2.5176081716459224,-1.9046956184185626,0.9105529657477778,-1.2073309787462918,-2.1293874118500487
-2.4564701658074375,-1.905839422203154,0.9278265934730923,-1.0135403603659205,-2.1243011607760667
-2.6774212388957124,-1.3266239863384477,0.8802220252481235,-1.6844648950610415,-2.0643242371912787
-2.8497168642202677,-1.020574666074059,0.8771559709314479,-2.1947153798409618,-2.040967639429148
-2.7691656461930036,-1.4210878302918792,0.9308069623620999,-1.874526635736672,-2.0764686183824477
-2.7011429476599833,-1.6633233242438097,0.9708749547087359,-1.5891861716516287,-2.0889169905382805
-2.609372881662629,-1.7812707685084157,0.9800656240948411,-1.3498853201598842,-2.1027277287906974
-2.5576190464851902,-1.8509354288173405,0.9873793989188048,-1.1414058315913684,-2.1051588853016727
-2.7421593717557027,-1.3026750537327896,0.9423097545347131,-1.7636208238596964,-2.062683482820823
-2.899677046506679,-1.0047217823029184,0.9064702282901775,-2.2728109519542428,-2.0386100482341316
-2.786338426615699,-1.4557127899043616,0.94633412089891,-1.9583633621952323,-2.0935666234800494
-2.9307503671589124,-1.1072220760961222,0.9060525974611959,-2.4307675274907115,-2.0868046318534756
-2.8392425535726677,-1.5158547871116876,0.9251341488302626,-2.0615875708491,-2.1335908016880127
-2.9659384137406937,-1.1418978420257153,0.8924372758179219,-2.5191918874791592,-2.085609940864383
-2.8214656108909706,-1.5512569781667274,0.9100149108348801,-2.1283653153508375,-2.1445514929008
-2.719717482365985,-1.7428201381959851,0.9180596629644378,-1.7736567009417186,-2.146392563752803
-2.607017205094543,-1.86338719311017,0.9031499415331639,-1.4802163636591916,-2.1471574093700627
-2.7823895882629386,-1.323918806603681,0.866811663247887,-2.0282475286305446,-2.0771732545009725
-2.929186528449557,-1.0265533566062666,0.850580579033264,-2.47567779607029,-2.081175476977948
-2.8181797607688526,-1.4579352401553247,0.8922719067804276,-2.0951136153299097,-2.0974324947658456
-2.9539869875617923,-1.107553503344837,0.8278738134551166,-2.537309633778658,-2.065241209749751
-2.846079541689761,-1.4976346197937525,0.8910835235525445,-2.146648780457265,-2.104501976081243
-2.9563504867615746,-1.1432321101741274,0.8420449626110165,-2.5654286367918058,-2.061538155323428
-2.8303731270588934,-1.5411817834636616,0.8940524919729356,-2.157316945943727,-2.089060367265549
-2.967636308416781,-1.150537844302762,0.8228872459884143,-2.5851745973722604,-2.046373943695402
-2.832425932542483,-1.5289721581191549,0.871350245341523,-2.175687976418324,-2.115329892618255
-2.9706930157413436,-1.1498957754675976,0.8208690495878544,-2.589501885498222,-2.0678506670908687
-3.0679485930645187,-0.9312785636134612,0.7780377430863653,-2.9342335078294175,-2.0442407893582337
-3.147106114164283,-0.8191684461753997,0.738834067836846,-3.205636153201571,-2.0551082575992257
-3.2132734860933394,-0.7696205358135577,0.7085620726642139,-3.415513471945369,-2.0414982771277903
-3.262790752007758,-0.741241947578365,0.6707681945676732,-3.585208614848095,-2.0383509958406765
-3.0426482976458007,-1.3694593492623932,0.7693414242310538,-3.006237964918632,-2.1042550650763485
-3.1061491954701412,-1.0853675848285227,0.6862047319536091,-3.249695978106372,-2.0427310867082284
-2.9304122286157352,-1.5325779379157074,0.7690574943734219,-2.6986819794232706,-2.1104146239284844
-3.003018507079782,-1.1580595084540046,0.6889326056558951,-2.9808758615533097,-2.041581574285304
-3.0776957172275754,-0.9437860858845764,0.6405762252160108,-3.231300570486332,-2.019885680247136
-2.8909135697982573,-1.4348976689104924,0.7508545983975633,-2.7027901851955822,-2.0706508828658916
-2.7292461216570763,-1.6913080173667734,0.7741191016072511,-2.227121391414847,-2.1072784237356967
-2.614919542752761,-1.8057604083596492,0.8064196374263485,-1.8455070169087664,-2.120026049745049
-2.7479525237920956,-1.2847158404190824,0.7447489271277199,-2.322378460423653,-2.048855639214151
-2.6429409939961372,-1.5720361210722222,0.797686310094967,-1.9517842962805723,-2.05483291245759
-2.5623665202980526,-1.7133731371990044,0.8369532069555206,-1.613819790638433,-2.075450850922007
-2.501623461913329,-1.793347039188626,0.8442151266214237,-1.3647613150855722,-2.060820602411124
-2.4474409168137825,-1.8343576554523433,0.8518645202557968,-1.1373125977402527,-2.0510800496917314
-2.638959805626144,-1.2953927143332058,0.8220953643037703,-1.767061726776091,-2.017922679047789
-2.839352579277829,-0.9887869725438199,0.8084989609130729,-2.2803081236143687,-1.991045966007181
-2.9833426338739173,-0.8111875740841268,0.8010277153873245,-2.7037222784133625,-1.9915740172569272
-3.1026417782159688,-0.755349227695909,0.7444205908164307,-3.0460753930270084,-2.0033467837744627
-3.1925924235775125,-0.7353323148442136,0.7073835017087201,-3.2652945177471118,-2.0073883949931806
-3.257853528082586,-0.7389288703879332,0.6814029567624574,-3.46272134859338,-2.020745027518429
-3.304215100809251,-0.7385699633910384,0.6420609866521534,-3.5798377237740326,-2.0138587163184454
-3.329772947077002,-0.7498678303749801,0.6343738255190465,-3.6888447027657985,-2.0085642237221597
-3.326624101734744,-0.7535842884586297,0.6093578997326886,-3.788002322324991,-1.993498125585848
-3.098315466375726,-1.3750123667469558,0.7211219983960909,-3.126953031026742,-2.0782165033042617
-2.887553596402119,-1.6868186977540518,0.7451369513812265,-2.585033882445841,-2.124609066444281
-2.717681570838755,-1.7957486120138133,0.745230018457478,-2.1177621848366512,-2.140475623386604
-2.8400932602613747,-1.290445169733325,0.6573475119352382,-2.538626166571984,-2.0373734106288617
-2.692576917115748,-1.5801046865594943,0.7110485138239178,-2.129810939088779,-2.0615560037947587
-2.8384137322662366,-1.1526521105307863,0.6882259905724003,-2.5560883960288767,-2.007449261386218
-2.957405529225153,-0.9188144938520688,0.6526245885530585,-2.895189402606159,-1.9713844467846517
-2.8065467648022904,-1.3949359377421808,0.7383452797691504,-2.4444110014880014,-2.022485175888231
-2.71327300129995,-1.6402469366026646,0.7918574119159989,-2.042611675909609,-2.0674947240370125
-2.5827950183191764,-1.7735816865965675,0.8114552828981232,-1.6961446263439124,-2.0620057194195867
-2.4954897309078956,-1.8165286165465906,0.8296199500363747,-1.4051911567800337,-2.076258241430808
-2.689011145240503,-1.2746805016987497,0.7926550359500862,-1.9705294709367378,-2.010327585155198
-2.5998591798447053,-1.5618272627734349,0.8548858554553672,-1.667906834518444,-2.024649845666246
-2.536598373295153,-1.7053897169453751,0.8599791201162322,-1.4002080454978094,-2.0487214082991496
-2.7175280034805347,-1.2259025133002779,0.8468998436483908,-1.9674720555012422,-2.0114719274873476
-2.892370367742419,-0.9456164534672493,0.8075273536489369,-2.4378627673130575,-2.0044149992875533
-3.017014448812772,-0.8223438169528742,0.7774591561288573,-2.81366787516198,-2.003730843656661
-3.125733986464388,-0.7603343015831944,0.7606543154099965,-3.105100580252076,-2.0118629100745875
-2.9858726126466775,-1.3512073745976232,0.8573076221747853,-2.6253860495453964,-2.0780486160423535
-3.06206295997062,-1.0889892375978063,0.7919704833238012,-2.9478714996567943,-2.037181014346665
-3.1311817127270074,-0.9182687095591879,0.7450647542103501,-3.211876534557129,-2.0143323514649345
-3.194407929122876,-0.8355437361557148,0.6990975523042042,-3.405783261027035,-2.0165796677429366
-3.2501895269698506,-0.7778132686092059,0.6564479538879399,-3.556438995236008,-2.018229448842699
-3.0564526237182617,-1.3738211665060864,0.7771723250951855,-2.9455603737665355,-2.077477525696502
-2.8648859238544104,-1.688239715989878,0.8031599285374806,-2.438499158955532,-2.1288906585032077
-2.6964933059784815,-1.8303078124997998,0.7884200665330916,-2.006008289116693,-2.1723440509584058
-2.5742922038303857,-1.8806881071934598,0.787375982835766,-1.674325476730897,-2.173246904844312
-2.4746159831705583,-1.8978825551958454,0.8066992789747057,-1.3950052871768575,-2.1496560665101345
-2.654344382886067,-1.3381208902044495,0.7536306632713843,-1.9436167125119692,-2.0650325568077634
-2.8209082322397654,-1.0245242556946348,0.7263256278021134,-2.429327707224186,-2.0133469822674748
-2.9537280320590646,-0.8669648448812006,0.7003809244127653,-2.80058052275719,-1.9978982251330277
-3.077168371472879,-0.7963270873798373,0.6956010781825256,-3.0844255189683705,-1.9705333910927398
-3.1718341003401496,-0.7535563507913771,0.6719493651985549,-3.324629458542864,-1.9654130164223724
-3.0111452680508473,-1.3455299321269663,0.7735833970542317,-2.7773052776577085,-2.050469248892744
-2.837277100317161,-1.648672123407881,0.810695322795267,-2.3134759098366744,-2.09649877469597
-2.68638352374341,-1.8077599860310212,0.798161889796392,-1.911174359150878,-2.1113278638906747
-2.8141573253957253,-1.3057022559694387,0.7340641964711513,-2.3648669328525154,-2.0207924472360257
-2.7097603161044024,-1.5928107402985427,0.8007070742662162,-1.9693869561778423,-2.0608440343632126
-2.6117594411274343,-1.7360592180750831,0.8169782701488257,-1.6439574874199585,-2.059171401683701
-2.7957269936664146,-1.2408025995631315,0.7554396749398332,-2.179761961511286,-2.010887751373594
-2.9395973777301054,-0.9610986553080834,0.7433178776979321,-2.6116184622492473,-1.9940715565012348
-3.062910739774845,-0.8176884053095074,0.708142848210614,-2.949823464282823,-1.9991351282652685
-3.158360944438345,-0.7712971373873491,0.6834092845540103,-3.2071369034091517,-1.9910555396381096
-3.0012534676937386,-1.349053816224264,0.7886382161182088,-2.701597251090725,-2.053706388413557
-3.0702424968773028,-1.0742650842529506,0.7322725034866888,-3.0074976669117963,-2.008533869623138
-3.1262842919180143,-0.9053842587598,0.6831852845320219,-3.2441833395717867,-1.9905687048767122
-3.191838354920805,-0.817860402117574,0.6205867430558292,-3.4530777177869445,-1.9795512719152342
-3.237274531870648,-0.781438534826709,0.59078202091984,-3.591085966362459,-1.9839759441977698
-3.0425630338227148,-1.3883530582667385,0.7169045633479132,-3.0049551609168215,-2.0597942294280713
-3.0865793030205055,-1.0776284373126699,0.6396249995553435,-3.2438114270658143,-2.01167192945154
-2.8790672056378535,-1.5114737411946715,0.7094006866470082,-2.7166072055583723,-2.0900962674716754
-2.963021573741218,-1.1523447104913418,0.6430123904327844,-2.978352101321023,-2.0374794414884922
-2.803044663933534,-1.5219793526358958,0.7052344485648497,-2.475393207481067,-2.0942858775941073
-2.6696198156438453,-1.7136558224496028,0.7302571984775814,-2.054138923421346,-2.0897821306514115
-2.558932379178101,-1.8185977870546406,0.7354357920557135,-1.6787944355184066,-2.0784902938150887
-2.739000795776684,-1.282537023381686,0.7077614019909915,-2.1756543301247184,-2.000581259086643
-2.61534074214391,-1.553887226124852,0.770140803245783,-1.832137168766583,-2.016744915869535
-2.7792699032922275,-1.1210284871017502,0.7291426460612638,-2.333134700782313,-1.9792532205684743
-2.6845750289572745,-1.4758749273805105,0.7987791131934626,-1.973525137722381,-2.018334963894571
-2.5924687355419507,-1.6472937809118993,0.833568885510649,-1.6638472193627256,-2.0531713263846334
-2.5174431866565965,-1.7667346753377253,0.8574617916790828,-1.385810444092232,-2.062302594357487
-2.460964889169375,-1.8096764946244335,0.8742085087581806,-1.1602578539748154,-2.0403983189074673
-2.419448225622144,-1.8270855990910593,0.8930949683128544,-0.9633766947969562,-2.0244326421594034
-2.6393299164027906,-1.299031167484107,0.8561615402406468,-1.6286837597755324,-1.9972107763733062
-2.834499805455655,-0.9997684252394675,0.8403312525928965,-2.1763336781207867,-2.009788015818388
-2.747559185590886,-1.426733529747381,0.8978783856303286,-1.863979347382572,-2.050697200088177
-2.684550296383196,-1.6701019469525542,0.9275686494172708,-1.5911358615660591,-2.0744709854274026
-2.592195548772937,-1.795069707703128,0.9339735540383524,-1.3369115708676813,-2.0729570541976816
-2.5119515971256505,-1.86163486740854,0.9467346084853421,-1.1407224592979002,-2.0813272460488994
-2.4517877192939515,-1.8978903281706132,0.9471217017122316,-0.9626037693646112,-2.0659285796769917
-2.6777796927968036,-1.3505000031751278,0.9493532802991891,-1.6077521185070356,-2.0300150423339436
-2.869024212716954,-1.0348853341358544,0.9121710142074227,-2.1519509822525182,-2.0413761753285398
-2.797408160823467,-1.471629224922492,0.9509349644320745,-1.855100396424309,-2.08344647210345
-2.9499317967239835,-1.1121101460320393,0.9148132695392545,-2.335323232062405,-2.0930702296951003
-3.0631460947482325,-0.9335875481496174,0.8785192700511811,-2.719324148911388,-2.064995235530532
-3.1485110865175754,-0.8164210216569541,0.8478273754843517,-3.036880563947918,-2.055273640834609
-3.211093795725448,-0.7684359992905115,0.7831450393366589,-3.2752633673870934,-2.0532495380789735
-3.027746255490928,-1.381944556212296,0.8447576622141937,-2.726021944376066,-2.1194000155732855
-2.870826813813804,-1.6830407990141425,0.8693940952124127,-2.2736692259412403,-2.1782351575363443
-2.9691730142032777,-1.2358310186786317,0.7782507057818817,-2.6385144533498273,-2.091680902592172
-2.8263760996053247,-1.6019206961384307,0.831166841666222,-2.201837606436761,-2.119495376997346
-2.7195046905299916,-1.7762294717158538,0.8404201803006979,-1.8420462099663655,-2.148800540378561
-2.8553526274342893,-1.2680998431785253,0.7899505235974563,-2.31005436129843,-2.0660908695070126
-2.7423887577596897,-1.56942010075515,0.8521166068934384,-1.9483933760394547,-2.103025518831257
-2.6293833710297143,-1.7473511535474315,0.9054610544233999,-1.640118950252271,-2.1203479074086986
-2.766714298459221,-1.2646941712009323,0.8448430150185912,-2.167532801536813,-2.0523497435717855
-2.6878549830881617,-1.5552313247923641,0.874482645638512,-1.8311857653489523,-2.0997404329298934
-2.8287189139576996,-1.1527429379545686,0.8339539062811515,-2.338688719681243,-2.0496270527198157
-2.9676285425498437,-0.9233062844204193,0.7924011923935242,-2.745958635692439,-2.0378212852647524
-2.861419943161897,-1.4076571080862452,0.8522580551140726,-2.3018556493322477,-2.081297765623022
-2.7460356304430875,-1.6605050469102587,0.8517314228265279,-1.930110874677108,-2.095618812033044
-2.655080236565945,-1.793457407295205,0.8506805603451885,-1.6180983699501326,-2.103227408144869
-2.804788989082859,-1.2835266598160753,0.8102415947493031,-2.119598281255419,-2.0413619475972515
-2.697148377146299,-1.5730524844706475,0.8669904470040578,-1.7871233127877415,-2.0710762055937497
-2.619289407704374,-1.7415147605265069,0.8919987842922891,-1.5046707435848576,-2.0707772852752084
-2.78756069618611,-1.2268563891087514,0.8550503320003564,-2.0485850649113915,-2.0253958946459285
-2.698545218808551,-1.543282088867597,0.920742622540258,-1.7334166504402961,-2.068168023169025
-2.8629884629937092,-1.1429470371441626,0.8820549659451183,-2.237892178462209,-2.0397699696165583
-2.9991614790276784,-0.9255073103550268,0.8531525522327326,-2.653182143017668,-2.0382359695390018
-3.1151702278293674,-0.8066872151994192,0.8133337461047386,-2.97851528125141,-2.024026724647491
-2.955024209102712,-1.3706063694334016,0.8997523945911183,-2.525375819921486,-2.095992720416303
-3.052298603543751,-1.0692940625519465,0.8317037557275258,-2.8618208714789843,-2.0564937725639716
-3.1419463261362077,-0.896396941713135,0.77836404348856,-3.1431977669872486,-2.057305504280272
-2.9719245001262595,-1.425149023963855,0.8613630681511565,-2.6534746358183225,-2.0986920324590845
-2.8019411077244207,-1.7082767423527998,0.862905052732637,-2.196532978670782,-2.1431961332543543
-2.6742287416680237,-1.8333429963327081,0.8752421241559885,-1.8145308996348666,-2.1701935235971384
-2.5653024588782993,-1.8954034433173375,0.8684859438612444,-1.4852597390700424,-2.159114589337322
-2.470927772934617,-1.9066541309041611,0.8810562649338655,-1.2515246617544533,-2.1491457891826906
-2.4412154055670756,-1.8849321423241312,0.887007004775293,-1.0486719199884915,-2.121062650603534
-2.3926113625630925,-1.875031632102751,0.918918988724141,-0.8854665978109956,-2.100235410561419
-2.6212054049120153,-1.333009741685966,0.8760310895198453,-1.566544059010643,-2.0505732967653185
-2.8014052471309943,-1.0217311840777554,0.8690845765824459,-2.1169678078011587,-2.049015427126866
-2.7289666862729276,-1.4399956245840175,0.9431403220525542,-1.8361060206889475,-2.0632823141445416
-2.661042628667579,-1.6654510973854628,0.9524004599122577,-1.5707298980924123,-2.0501757382255104
-2.5913054410127385,-1.7848047250619732,0.963461796327801,-1.3379765467642997,-2.064892214424738
-2.756935295534471,-1.3001237861613268,0.9110119244470704,-1.9170063404719921,-2.029462431882585
-2.9057459535201304,-1.0210145201480902,0.8787827597978407,-2.4173085126451825,-2.0184207400635574
-3.0323854053670454,-0.8755102093740385,0.8341328564715561,-2.796289803089114,-2.0087800696012357
-3.1080403577547884,-0.8171622251813223,0.7938918793447653,-3.086222566157215,-2.001723795263413
-2.9736186742307367,-1.3846846132458592,0.8660009953792485,-2.615026235750722,-2.058253846313397
-3.067251244616287,-1.1029474329689286,0.8082024253624635,-2.915849580225656,-2.0507716206626405
-2.9011945058589146,-1.5466787850453219,0.8582301154567339,-2.44585508516175,-2.083924345077339
-2.7609018799900107,-1.765906631813965,0.8520399288987891,-2.041818128168808,-2.128808593090735
-2.642093369541767,-1.8671936899280057,0.8542373186208855,-1.6566744188595552,-2.1381919561790785
-2.5365411162332325,-1.9015356172302351,0.8752899893878487,-1.3744572222581446,-2.137884816839756
-2.721154472663834,-1.3532495184781015,0.823281799270631,-1.9462745913329753,-2.063203447659631
-2.638810265998349,-1.6014632689401869,0.8727322304224436,-1.6468381950692648,-2.0731581465413407
-2.5597182482170626,-1.750251480915512,0.891157314199874,-1.3843388424135816,-2.0833534315009716
-2.741857251749014,-1.256314218494807,0.8572844794292002,-1.9719119424298501,-2.040841304931173
-2.6663043270484046,-1.5724499965542338,0.8783262864899174,-1.6528049739171844,-2.065707927859728
-2.8440184051519233,-1.1781402243112926,0.8449271942038898,-2.2110628605099625,-2.0424098039325864
-2.7472302987857047,-1.5242515386533664,0.8857188349918877,-1.8748974011879824,-2.084078504103047
-2.6665601519209132,-1.7083246252304163,0.9189533124740543,-1.5683506137007501,-2.080209854002553
-2.5815540151590435,-1.8131402167668196,0.9333107504216094,-1.3336088585194033,-2.095025559933829
-2.750270250213917,-1.3127969847030325,0.8984872180994575,-1.915769081662435,-2.0480565646795825
-2.656529461836134,-1.6028654073296802,0.927680683832887,-1.6320024091345466,-2.073067864876989
-2.5920995618240785,-1.7555167413663588,0.9539207525821324,-1.4043348667093682,-2.0864933701041877
-2.522839897853989,-1.8335506901223282,0.9522105522207128,-1.1771110912954437,-2.0904231490921066
-2.725864643833697,-1.3118806763929127,0.9286495134669077,-1.7961165581954615,-2.0671774658391495
-2.8893826847076585,-1.009556389586572,0.8822228850618069,-2.313863040309128,-2.0510840003268926
-2.8015009936256634,-1.4437033488317397,0.9202507553882068,-1.9588041959154598,-2.0751577946676236
-2.6962046103929476,-1.690769931795456,0.9332984571927712,-1.674144163864482,-2.0872652064941675
-2.852186924617318,-1.2440195776734053,0.9154501032618382,-2.1681144408737945,-2.0600004985963825
-2.9802370799335067,-0.9628907147821473,0.8879922534264609,-2.5933496175000705,-2.0470463234294876
-2.8698957612824048,-1.4308213281070452,0.9237598123945453,-2.2066119621560545,-2.097460401782069
-2.7568897717126633,-1.7006643117343823,0.9522791537420431,-1.8389833648868639,-2.1374859528649814
-2.6375085504704585,-1.8386083676307774,0.9630007662131755,-1.539299969539371,-2.1489622392663583
-2.7962252424334304,-1.3277256182270707,0.8965857592453875,-2.091957018541644,-2.092481379283821
-2.9524817694007615,-1.0427375235878993,0.8592479833389151,-2.5308624455495132,-2.0504406319751873
-2.833406039488975,-1.51248044463518,0.9187771162107029,-2.1397726506267594,-2.1019552329711337
-2.728030553266754,-1.7382149055739302,0.9331456907002718,-1.8125143762990361,-2.1393492047356193
-2.8543661620983127,-1.2847835432088326,0.8666510890427347,-2.328588688357013,-2.075965289337109
-2.991640901427884,-1.0163457210045432,0.8378162169601894,-2.713235319272493,-2.056471265130112
-3.09065905997906,-0.8989271422717142,0.7800996907044886,-3.0224232995496987,-2.0457911447824535
-2.9402839755284162,-1.4418474369580638,0.8562861932201264,-2.5625585110736306,-2.0928496888035415
-2.7966364622827724,-1.714911021100644,0.8530894663067015,-2.160207081259563,-2.142926103738582
-2.66881817855704,-1.8575519334739092,0.8796951298177705,-1.780116182834528,-2.149289307249847
-2.562165018936141,-1.9016482499661318,0.8738817210824934,-1.4709471498029554,-2.1178940423359136
-2.474905061070405,-1.9087449199120565,0.8789696012047558,-1.2076920356417127,-2.098818893417412
-2.4193669259478705,-1.906653064820472,0.885392338099645,-1.0208011317330814,-2.0929502210276203
-2.658555948658596,-1.353724085030776,0.867600604321415,-1.6660784609275074,-2.046859762848041
-2.8275421177322757,-1.0363748671452195,0.8483294832829317,-2.203451210832874,-2.0308212890748334
-2.977073637979347,-0.8676904371004376,0.823472402412256,-2.627555857042463,-2.022300849214736
-3.0912733402506745,-0.7860482658963124,0.7972718248608781,-2.9727619155713008,-2.0296572640060973
-2.962846416429423,-1.3837006731105992,0.8934404656151647,-2.5239122791538047,-2.086959241735909
-3.060456784004177,-1.087718390908035,0.8164801924001638,-2.87151333273651,-2.0461939756975887
-3.125836382849525,-0.9097567259428259,0.7599390002062065,-3.1431263488347896,-2.0210049226557896
-2.9656583552371085,-1.4641520191028452,0.8256120570978506,-2.6555602476306297,-2.0785828366738293
-2.8160426349598815,-1.7241354108086413,0.859745834114414,-2.191983037576788,-2.12598650527699
-2.922370780090787,-1.2601820249124418,0.7920656296318102,-2.5846123797847587,-2.063270191470601
-2.7667397500931696,-1.5982205709626687,0.8480222908190039,-2.1857168056845007,-2.0997409724255185
-2.8999546969082917,-1.1880386761392439,0.7904144171977214,-2.5823946562451834,-2.055833789118718
-3.0062307200168017,-0.9621001009614992,0.7560512116675973,-2.920537857226713,-2.036080291204193
-2.86166112067893,-1.4410565780808373,0.8310612342556803,-2.4541439562381626,-2.067730295138399
-2.7321476817265733,-1.687545188221337,0.8576279915296745,-2.0259368911185294,-2.089810173681217
-2.8577465718144013,-1.2317851071979697,0.79071100692408,-2.4739815959611784,-2.058319351927176
-2.7352432064390317,-1.5591973012052047,0.8229656970855082,-2.0786070760358153,-2.0929531813805697
-2.619410324696314,-1.739036380866981,0.8686148390469928,-1.727115213578789,-2.09252237328979
-2.7983840830218956,-1.2512408629406664,0.8097735768606951,-2.230838412701808,-2.0494314179827744
-2.949723119863165,-0.9887000214711754,0.7727569737855791,-2.6498438333480854,-2.03987480949605
-2.849460223636865,-1.4226737721060565,0.8491353423350004,-2.25368872309538,-2.0866022796016153
-2.9556345994819075,-1.1026355592979766,0.8211408784569745,-2.648729765193811,-2.0506907611747303
-3.0652310383486125,-0.8982259015786078,0.7648361054975781,-2.972453745889543,-2.0538358719060446
-2.912750939024113,-1.4287488711699938,0.8282249055983814,-2.487981535432548,-2.1031634426267236
-3.010621217109959,-1.100330979097681,0.7834182362780341,-2.8475354957349643,-2.065706008136538
-3.1162575058456006,-0.9229829994575215,0.7289268053463619,-3.126650451005883,-2.0363653868242584
-2.9436941558337093,-1.4376519678402084,0.80508305792308,-2.6021241394468344,-2.090314964887539
-3.04270973330784,-1.0981625042494403,0.7533019761943619,-2.9325710275624104,-2.0619190309475317
-2.878674678018875,-1.5405331219969285,0.8244008643982518,-2.441498760860618,-2.1259236598180253
-2.7332805688458106,-1.7350602096679033,0.8553497119940505,-2.026524425537682,-2.129478140547079
-2.595923419888475,-1.8237654361390683,0.8678301849927521,-1.6874805784700138,-2.104071985809369
-2.4991159207004556,-1.845532141112093,0.8555108175069273,-1.4115106840591976,-2.1028594694026053
-2.6980251913753857,-1.3044191398766387,0.8037029770070837,-1.9930400140185005,-2.0179054368678773
-2.862256477137258,-0.9970664570919481,0.7593102427306843,-2.45876061319889,-1.9982834756348073
-3.002204449412693,-0.844643464735162,0.7388747990191732,-2.8164405393845984,-2.0004667339917397
-2.8807942783493794,-1.3567495029769017,0.8184130185886281,-2.3873140195663303,-2.0650366560349425
-2.9967890616615938,-1.0716092322389585,0.7676041355464435,-2.7721792662777665,-2.034287317330474
-2.873928397164943,-1.4860919824192391,0.8433484353886074,-2.3525353547401124,-2.0772616507581865
-2.9749351372254904,-1.1294431384676533,0.7888068305936854,-2.724287763415752,-2.0519804380335214
-3.026750782753902,-0.9226171722706827,0.7461255867805973,-3.039247523020896,-2.0157689465547564
-2.8906108994076294,-1.437624347554468,0.818541677552102,-2.5524791461958127,-2.070559946937513
-2.9862225072281734,-1.1319605514074418,0.7555987984684744,-2.8891462352825843,-2.034553613630413
-3.0762660160012674,-0.9568222371228928,0.7174811422779206,-3.1498905429088415,-2.0183267642271767
-2.8851495294797767,-1.4406036982646482,0.787590354082961,-2.631297020499769,-2.0785487505138303
-2.740726061038995,-1.707296727922138,0.8182165622452804,-2.2110834100049837,-2.127229287778999
-2.613672050884719,-1.8029999957709224,0.8398804272096074,-1.8256665207759233,-2.1258659248145433
-2.523304739535844,-1.8610349784471603,0.8404301076917592,-1.513359449177438,-2.1221146107672646
-2.43069177709644,-1.8884830123190244,0.8451372425550762,-1.2555698467335776,-2.0906879507287868
-2.388188927267435,-1.8850053867020728,0.865663574973005,-1.0700932895296043,-2.0760435369849612
-2.5983021404462567,-1.3182588202196728,0.8367968043516296,-1.7061567718105983,-2.0174208136565452
-2.80244638466045,-1.0178261742426393,0.8147327609517127,-2.2515401038434626,-2.022019052959483
-2.955801124066885,-0.859425332917418,0.806889394573257,-2.6647054202919493,-2.034748494161619
-2.8537315906015213,-1.3890613065982058,0.8749254668770664,-2.2696856318455034,-2.0754348648271517
-2.7571258332471777,-1.6861934022521692,0.9086408851993477,-1.8930315771463828,-2.10184890658926
-2.65376383960213,-1.8122599670484534,0.9044578542267543,-1.5848883459513938,-2.091841376982218
-2.8003967433434465,-1.3132376138476816,0.8627800122568936,-2.1117954254858424,-2.036099219071615
-2.6856536069523194,-1.618257776981925,0.8933230270602138,-1.7981072934822102,-2.0725810697921014
-2.5769330919137827,-1.7540852101002646,0.8941369228363588,-1.5059209410194576,-2.0757921458382964
-2.7674836456866365,-1.2877311069764505,0.8683176499584271,-2.052395947566413,-2.0488348957829885
-2.68068222688726,-1.6111990734964092,0.885832837314202,-1.727285792256559,-2.087304420399099
-2.861153124218938,-1.193498802031734,0.8562265100047816,-2.2450702463580106,-2.0650549328936774
-2.9968203261032142,-0.9678999693162869,0.8311581371003832,-2.653609434879849,-2.0605075619422357
-2.8576565202921715,-1.4564713412002117,0.9036523107759556,-2.2617439893786155,-2.090832868443375
-2.737939477041583,-1.7044803898789325,0.911513263830575,-1.9007221984056157,-2.1211490871257728
-2.8862970102528824,-1.2349417626737287,0.8618869215948665,-2.3605489024545148,-2.080393194763474
-3.014410085292196,-0.9951748950528245,0.8187309661814308,-2.7505075434803676,-2.044162090171263
-2.851254205389856,-1.470647121305092,0.8842410343562341,-2.3018265668601043,-2.0934585178193594
-2.7510174895952693,-1.734512245027703,0.9083325274288477,-1.9386304016710032,-2.129812036671946
-2.6378145558062873,-1.8499441224430795,0.9316792997627755,-1.582986260528052,-2.1238407163565705
-2.8016265390247024,-1.3256659201477938,0.8658551106778424,-2.105134823785334,-2.051913958042062
-2.6998298672113354,-1.6021600941968832,0.9072099062733189,-1.76290093951797,-2.079458681332721
-2.6012730076895028,-1.7625028372437894,0.9231086047532299,-1.510942350844595,-2.096372970707284
-2.7805461549314994,-1.2660860590443508,0.8663938324771526,-2.0720419847612646,-2.0607068318545667
-2.685332135059539,-1.562894587839812,0.9046444165237847,-1.7607510105430808,-2.076278028888072
-2.601873712287336,-1.7561481772207919,0.9200987441020004,-1.4845255827593913,-2.097437776281362
-2.530084810092998,-1.8328372050345507,0.9190004369930151,-1.2490799449531191,-2.0843112401269432
-2.7239710526965424,-1.3068158774709016,0.8730010866612762,-1.8444540109091925,-2.0371846409726944
-2.6747316178431833,-1.587328825890173,0.9234373934548901,-1.5945088988589584,-2.0642918403277015
-2.840429973320789,-1.1816147223190632,0.89752010915339,-2.1316653161092987,-2.0416717485835005
-2.763439892653892,-1.5207240546354681,0.9238623597799414,-1.8185225555837314,-2.0844188701943924
-2.925610566662006,-1.1391033910588304,0.9013200763988394,-2.2982382621020068,-2.0724374897121316
-3.0465001142651804,-0.9483300345418109,0.8587500463709032,-2.696250963278957,-2.0519891946694
-3.1376507110087637,-0.8465259565883809,0.8456796533443903,-3.0130992409825486,-2.04946847533686
-2.982319692030362,-1.4097666083477445,0.9077965324993025,-2.5722975889544624,-2.1186023130854816
-2.833811220202068,-1.6879153343448228,0.9222849509339165,-2.146694386176701,-2.152018353415412
-2.7180764819787364,-1.8286467042873826,0.9061763525311205,-1.7711286752400413,-2.1547681480808794
-2.6030378707921735,-1.8854019287072905,0.905992333274885,-1.455145307810605,-2.152332697017944
-2.5152169570686715,-1.9197026505925199,0.8941492140255778,-1.2388426465843367,-2.139467198897653
-2.7171941398645343,-1.3644702010412537,0.8450741365191978,-1.8480992114463832,-2.080401419347691
-2.8640973114804122,-1.0468038258265882,0.8263709012590281,-2.325021659078365,-2.050398824689794
-3.0074353696039258,-0.8889963554666811,0.791119426008057,-2.733124726140406,-2.027852404363678
-2.874488244581455,-1.3978141266815927,0.8663147756205297,-2.3089892081952703,-2.073045893887344
-2.99559346171938,-1.0787037678656546,0.816139205961059,-2.6839996515861375,-2.0251948370048574
-3.105606103810686,-0.8988210616659705,0.7570330443903459,-3.0070294321150395,-2.0286142898187545
-3.1723066323065634,-0.8165821313954333,0.7366906839970093,-3.24126238623878,-2.020839752489235
-3.2136143239919415,-0.77148126195612,0.7096403644305659,-3.436334751945324,-2.0131610991166
-3.0274025536381073,-1.3914260573808213,0.823945537445741,-2.8940420978426173,-2.07283763353499
-2.864146712083869,-1.6890703336440922,0.8450497701549825,-2.402923545504673,-2.1477979776748035
-2.9487595205166115,-1.2486470260751075,0.7417007054589503,-2.758394842731834,-2.0821579713337592
-3.027393975081957,-1.0118174226651049,0.6994848593965587,-3.0512230908301987,-2.0268889953922247
-3.118782922438712,-0.8604451392584309,0.6761556953616494,-3.2885748800270016,-2.012942813169812
-2.9535274083342475,-1.3996013739426458,0.7658904599314593,-2.7483963354643732,-2.083065643826407
-2.797790304029834,-1.670148638253369,0.798216688971846,-2.3043012354048034,-2.1276529981425196
-2.6433382234315106,-1.8102079235210355,0.8169084076795505,-1.8927071865109888,-2.1387063476710133
-2.7697489974523295,-1.2853575486486029,0.7474256076187837,-2.364357445512427,-2.037621261728634
-2.6612106974974914,-1.5661784025686554,0.7836140476701595,-1.9768008924271814,-2.0574818680973936
-2.5691054442433385,-1.7184207377519949,0.8361547766133997,-1.659242989678016,-2.0519103468310425
-2.49703535742036,-1.7789901354781223,0.834346803681067,-1.3704127120184404,-2.0537508871281123
-2.424093686073619,-1.820476249886873,0.841410327158918,-1.1481035027413127,-2.02849947879114
-2.6432956820938935,-1.280032141134986,0.8270998799834448,-1.7632538359191094,-2.007748717295212
-2.8209033779585977,-0.9722592804735821,0.8109863685512275,-2.297475218808133,-1.9877785791559133
-2.740491150972537,-1.430083754524992,0.8783011526051248,-1.9694580636231254,-2.020741003553899
-2.657266359495047,-1.6526206691478242,0.8966881661329613,-1.6786914272487528,-2.0348600934037164
-2.831949395865148,-1.1999169348791179,0.8415121138023536,-2.196501181493802,-2.019939520506799
-2.7466385550455854,-1.5114859042442352,0.8758741387670228,-1.859695062282311,-2.0549568280520853
-2.8794138544851013,-1.1508170934026112,0.8274382104566197,-2.3544959185365917,-2.005140134365143
-2.7667141460075,-1.524155835426388,0.8892248999421261,-2.012381257682443,-2.0402298250527418
-2.9349519738345347,-1.1447684395504134,0.8352145971255016,-2.4646966553307768,-2.032092886039795
-2.8002171730117986,-1.5192004419594751,0.8766531244242728,-2.086386307533899,-2.092549367257119
-2.7027083557943845,-1.739933868453302,0.898996246947745,-1.7384872352918994,-2.1125384692790914
-2.843328285621477,-1.2611071276981956,0.8570069817525209,-2.228670870835547,-2.0712050012457515
-2.9908546065993296,-1.0127138616325675,0.809062731192806,-2.6317234787971926,-2.0667377397196107
-2.8549587622070103,-1.4825065649671072,0.8743111527440227,-2.2326017066968493,-2.1018827268690647
-2.977620003148338,-1.1406045703864014,0.826957171806853,-2.6469350214447456,-2.063259851894193
-3.083964188117897,-0.9277931942693077,0.7622675410456463,-2.976005231596071,-2.036027521063857
-3.1669370517493647,-0.8185010109868008,0.7377553944227473,-3.2301246501690715,-2.028743903500073
-2.9953756393147017,-1.3993233619663807,0.8393294054176966,-2.727120780143366,-2.0986457350050385
-3.0781817890788044,-1.0876491573175584,0.7646215136501072,-3.012313869548355,-2.056981267553843
-2.8922735119115193,-1.5241073741325941,0.8335832940947854,-2.5153887997294686,-2.1108049328953666
-2.751122215979445,-1.7400313373780296,0.8485240029834124,-2.0929000475815855,-2.125634663800551
-2.8408827013521085,-1.2689413866314325,0.7911385760098875,-2.5097098683751944,-2.0507739760894426
-2.95665721063778,-1.0059003689000647,0.7423716635795379,-2.8593449446695063,-2.0384304361550023
-2.842465796024243,-1.4427918874485202,0.8063274234207259,-2.402123032471688,-2.077987094092359
-2.9611098124883584,-1.1074881384450452,0.7606803016316049,-2.7865143404879977,-2.052050226360234
-3.0594093780079974,-0.9198317220636635,0.6927572886853363,-3.084102612810522,-2.0289885617987755
-2.894688684687041,-1.4173644024706442,0.7628462644465505,-2.5825722384372103,-2.087048900092823
-2.9917401647537627,-1.0996881043091873,0.6995965602782275,-2.927458886169271,-2.0438588226081205
-2.8410135424786365,-1.5167731374106692,0.7494388363177367,-2.4438033419743928,-2.077375828906977
-2.9550126980850693,-1.1415033124435718,0.7013468245778428,-2.77714800366169,-2.0418614146425824
-2.8154956590546782,-1.5207143101055844,0.7621842300108843,-2.32517394523693,-2.0978202601259266
-2.93393541937573,-1.1430496205673382,0.7103106179818222,-2.7221245965258625,-2.0344214286662514
-2.796363568770053,-1.5282396004136642,0.7684444393480865,-2.2840786859414113,-2.0902059096972585
-2.9262549180725044,-1.1526443090084033,0.7287196147174885,-2.668832202287319,-2.0298959270550716
-3.0342775509730187,-0.9351854719379326,0.7045939208023067,-2.98411105282619,-2.0239356815775413
-3.119738377544337,-0.826552939066756,0.6704589895319245,-3.234808413679843,-2.0062392826232536
-3.1901810576271594,-0.7669959182054824,0.6390808767220678,-3.4418201364332677,-2.0243235810467266
-3.2479070985129836,-0.7378695214389872,0.6212317802511569,-3.5896081659622054,-2.012237642839228
-3.0395147205288353,-1.365297930473432,0.7378760497438058,-3.006639642181121,-2.090638343038731
-2.865490601348217,-1.676707169440173,0.7673962743094271,-2.475291195399173,-2.1346925387973177
-2.9383755537060865,-1.2396800880688887,0.6854347076315891,-2.8368240285554114,-2.0690130598052425
-2.7734476450236607,-1.5907707311269208,0.7523423891418296,-2.3732013387562922,-2.092384992230016
-2.885655980447112,-1.1673089456620753,0.6868602371793441,-2.751642729719162,-2.0396935339872666
-2.753767473566336,-1.522053678523607,0.7506064159193226,-2.2827958465671565,-2.0556731268512296
-2.8763382213745814,-1.1366485622432974,0.7115959153557129,-2.668293097163465,-2.004062761260641
-2.9865342224207305,-0.9215608093399059,0.6787984950695708,-2.9879722846239485,-2.002428138573623
-2.834105842738914,-1.4003967711614898,0.7812301159040473,-2.4978402431089473,-2.0612171325160027
-2.7123808261561426,-1.6487236445350701,0.8063329747007449,-2.0857427973799783,-2.0885927125585546
-2.8536625588840128,-1.215808105245033,0.7444254096605926,-2.5241054898432362,-2.029505093069178
-2.7388261008961186,-1.5361611236407118,0.7823984212201175,-2.1266997790962097,-2.058882418519742
-2.888090520596805,-1.1308908630136796,0.7207571635588031,-2.5474251940055104,-2.003361892954127
-2.9996020869687086,-0.9028059870465366,0.6877396147347001,-2.8854860064439203,-1.992727466408842
-3.1069401315085106,-0.7985447315304791,0.701164674057931,-3.164235697987979,-1.990156586031186
-2.95418532773844,-1.352192030156963,0.7972039364157378,-2.647208391650564,-2.041127692146192
-2.8159461138778283,-1.6438623071349818,0.8171324587039022,-2.2193811546500704,-2.0883891332379774
-2.933110475133336,-1.2184283118875763,0.7416676709664225,-2.6317311462637463,-2.036528667313815
-3.028816885047499,-0.9748410430789998,0.6927869573293121,-2.9621183645649523,-1.9950716649241034
-2.869227445336142,-1.4579873762417286,0.7742593930127136,-2.504118674104693,-2.048589502443632
-2.981488858663989,-1.1068773929225157,0.7214666870315952,-2.8178780629576075,-2.0186617260943933
-2.840938919674221,-1.519952340103982,0.7827063546953893,-2.360329082467356,-2.0749602470383417
-2.7182219754556187,-1.7405995564125814,0.8129874128294744,-1.9490279495695717,-2.1070363588778322
-2.6030865349013075,-1.8247166010059939,0.8257043939570338,-1.6366512660070287,-2.105038348791991
-2.510929705450616,-1.8452890093229273,0.8218104320907393,-1.3410857416606388,-2.1053612660761165
-2.448874144194599,-1.854898654212202,0.8308376089381982,-1.1257099892635969,-2.069939793498905
-2.662169196662406,-1.3037502814338837,0.8138442284053087,-1.762053103487859,-1.9996259107361105
-2.8393324478572906,-0.9874347112056602,0.7937083480234943,-2.2573122284812763,-1.9857134536557057
-2.9776177510817163,-0.8416830398551087,0.7682245500843456,-2.6896524459050046,-1.9826553278466308
-2.874294780507895,-1.3690340141067783,0.8431538432090603,-2.278106843526848,-2.0506198952394077
-2.994627406949099,-1.0556817515522985,0.8137053976515329,-2.654105349343193,-2.032380046285698
-2.8519885355403023,-1.5043033174884857,0.8499256466137411,-2.256586175755668,-2.059614231216074
-2.974916611395748,-1.1359349472167308,0.8006612978493203,-2.639165161185008,-2.0267128628267534
-3.0581690699189608,-0.929928816462907,0.7563154877034732,-2.972378499574831,-2.0164095753857483
-2.9315326718310075,-1.4345083261267273,0.8114060487136254,-2.4884545391542847,-2.074514528260153
-2.783700240489361,-1.6835264117494884,0.837844284435875,-2.0714051654279726,-2.0879648712413905
-2.6655990048559626,-1.8141099509518146,0.8435509080405157,-1.710558590373865,-2.105558723959483
-2.5577993170908893,-1.8633872305418326,0.8463965108671465,-1.4133737476438175,-2.107561678178918
-2.4543558190689763,-1.8777036541329015,0.8717840647947407,-1.1883425285668747,-2.089551883159522
-2.3792341197715134,-1.880160777786256,0.8734710148449677,-0.9996753695056885,-2.0630242328665176
-2.6120077185748967,-1.315425689580967,0.877113042871668,-1.6568344265849546,-2.0130078357396135
-2.7983934664445123,-1.0012237844194007,0.8693829268027065,-2.186739764949167,-2.0085782409287845
-2.7196649724988817,-1.419875257755925,0.925265427876273,-1.8806151973163407,-2.064822589543221
-2.8757345754652786,-1.102731435323816,0.9046741344876621,-2.39307881375202,-2.0495893095075433
-3.01148629567431,-0.9241567468032961,0.8472636026503118,-2.772083314881275,-2.045004038838794
-3.1158753309097813,-0.8289275160776105,0.8186957924217239,-3.0623336515540736,-2.043168866224592
-3.177415425050785,-0.789045445361237,0.7821177602378269,-3.2890784887902154,-2.020846667631145
-3.2244336245156027,-0.7734257062308231,0.7310274394362118,-3.4939631332265018,-2.010156994587777
-3.053277536049538,-1.3916854780597592,0.8138699217111991,-2.9218517373974913,-2.0937684498520137
-3.116732053965082,-1.1097255494271927,0.7570336848454531,-3.1748063872998666,-2.0474406748045917
-3.1671256487673225,-0.9318474944023655,0.6871285109435745,-3.3652946737062517,-2.0276642533312255
-2.9864905408924014,-1.4417590896577788,0.7639884630886199,-2.7950398906363074,-2.1159563549662725
-3.047854175661323,-1.1164522120234983,0.6803643583931452,-3.0743618406019935,-2.0605222484285735
-2.8745051080481474,-1.5262975301976187,0.7312198335317591,-2.5588588879885497,-2.0884723018949916
-2.718316095636234,-1.7254243926802377,0.7536395651089639,-2.104222248174227,-2.1146734654842745
-2.861112230748862,-1.2607783095449543,0.6973837314298317,-2.533040385068871,-2.0386503596805707
-2.973938818000449,-0.9759097195748927,0.6670208881726206,-2.8691122777041804,-1.994360500186772
-3.0577799827401178,-0.8228188125442287,0.6488526414432663,-3.1477267798603266,-1.978820423323836
-2.8985693240978256,-1.3573058214957865,0.7593545001029812,-2.664542489780791,-2.0337429698517853
-2.7345833832602606,-1.6398597994051491,0.7857311045217856,-2.2289093787263683,-2.0749492214385623
-2.862262765701549,-1.18587763540476,0.7256186468255983,-2.632337871665208,-2.0128956536546614
-2.724030703526323,-1.542368112667677,0.7687423459269315,-2.2090190524311653,-2.042514265705532
-2.87223217769076,-1.134520607704214,0.6991886121930998,-2.6442744255279376,-1.9910339517497369
-2.982571409627401,-0.9139403475514756,0.6795290040844382,-2.9604481392309934,-1.9772746040903764
-2.827169898141121,-1.412680373959512,0.759102770829846,-2.501364148849113,-2.044898677911574
-2.6987181808476954,-1.6651287358677662,0.7849328476942541,-2.080682472916582,-2.072645760467143
-2.841797447549424,-1.2314522494184734,0.7427350110510441,-2.5122125033739997,-2.0233555510851104
-2.958366603950404,-0.9914484587913859,0.7088728145722584,-2.842981995470064,-1.9845000345721402
-3.0766372930413013,-0.8460003941980954,0.6551437191503618,-3.1344236458408923,-1.981839810734701
-2.9258797011074185,-1.3977148767048944,0.7561563603272781,-2.620670442282774,-2.0351840545324675
-3.0219443160917296,-1.0778343177796819,0.6909373166268328,-2.9372187544936557,-2.004628080551628
-3.1048711065208825,-0.8921745694352959,0.6654600592957965,-3.1781602390544523,-1.9879175801235491
-2.934920705456134,-1.3967624424240561,0.7511111521718007,-2.6492085225685322,-2.0466389307939603
-2.784081456882274,-1.676399534021083,0.7779549232213512,-2.1868910390944576,-2.100453284863729
-2.909182840413099,-1.2267941402853604,0.7180435481379775,-2.5969247261183805,-2.034725929475679
-2.767010816304275,-1.558655246234708,0.7446531993661484,-2.1720092668021183,-2.0643121060696585
-2.8892520783241706,-1.1537169880578808,0.7240766519460229,-2.5948845233974542,-2.006097241549008
-2.746193039532076,-1.5130099924595297,0.7897386114212651,-2.173301493656111,-2.0499145295211374
-2.8916920372383914,-1.1397823767162236,0.7435978580372452,-2.5881999679720478,-2.016868228845064
-2.985780455067438,-0.9139232814844914,0.712251321845203,-2.9384017393357533,-1.9932094897041306
-2.856790406692857,-1.4127223393915271,0.7715768908545763,-2.4578663740261195,-2.0576685057287514
-2.96138083956323,-1.0986227405930675,0.7246385728606212,-2.8489822498380932,-2.009683484424563
-2.8248193587680603,-1.5221320168831112,0.7946376197332805,-2.3659336736294763,-2.066577530693476
-2.6948132179434756,-1.7368153755203612,0.8344084186411801,-1.9814163754421454,-2.1058064815712387
-2.8504808137964455,-1.2629345652562645,0.7662027574734236,-2.4316438750654474,-2.037593259377318
-2.7288119040719625,-1.5870877708638584,0.8187847674207769,-2.041703834125733,-2.0787364854365515
-2.8561097783521707,-1.1791605307836601,0.7565835275837534,-2.48672678007612,-2.034116905265999
-2.9908944689080874,-0.9343297448819029,0.7345302969185801,-2.832528053923446,-2.0102753135193914
-2.8664314975196943,-1.4390385573730573,0.8162085705220713,-2.3939844345157115,-2.0665261839687328
-2.7386737357069277,-1.6869310224926077,0.8341353828029039,-1.9867788789681962,-2.097557553886753
-2.883868754186365,-1.2156135777533537,0.7732489903697105,-2.458136609077744,-2.0325114395234483
-2.7562583227100426,-1.554817328917376,0.8202842096429158,-2.076888285752651,-2.0817407547218765
-2.655667657972373,-1.7203896862228667,0.8369673969622116,-1.7325040181665623,-2.1091896109626314
-2.580303821525784,-1.7991656100928435,0.8605710570402195,-1.4498986500104187,-2.1068169415739124
-2.4991326459179293,-1.8160973869718915,0.8680536797021544,-1.2081103702527194,-2.0891873405472983
-2.6889037783338083,-1.2733743628336254,0.8450403899396732,-1.8083051283633178,-2.025683054347068
-2.6202405694089723,-1.5431425680888666,0.8932710004516413,-1.5394548552272833,-2.0613470601611645
-2.544957485656174,-1.703572549042877,0.9130666644222115,-1.2965633342674088,-2.0531945820556223
-2.5122113736938956,-1.770909093660421,0.946507339521127,-1.1141619771073326,-2.055886773642023
-2.4569296471039324,-1.8380251008812882,0.9568836745677608,-0.941839220222305,-2.043994766257774
-2.4195440769506904,-1.8430829747626412,0.9800368968428642,-0.7931076067444931,-2.04477538370645
-2.396000504093988,-1.8443638067433339,0.9822847978571997,-0.6953883422617791,-2.03423952877796
-2.6467333295016964,-1.2971724168032994,0.9867674929686401,-1.399213737170226,-2.0162562974291083
-2.846852789735035,-0.992386390890622,0.9586118962456878,-1.977030388630824,-2.030145412868663
-2.9860425531992116,-0.8267938536786951,0.9253215729381643,-2.438020695866527,-2.049147622076764
-2.902788255402394,-1.3898471118762024,0.980510525667394,-2.075074051472603,-2.0986735816317434
-2.795813476870901,-1.648641376627054,0.9812622305566585,-1.76827044464061,-2.114441167751847
-2.9290781083930666,-1.220532149768174,0.9189626630878062,-2.2631447104832976,-2.0846308226130454
-3.0384626236921615,-0.9771412404582376,0.8666489217115038,-2.6481366736285654,-2.054003770318116
-3.132371364326035,-0.8460344983577042,0.8345154143864075,-2.9831242188613074,-2.04756706605483
-3.2108741182636,-0.7754839458245659,0.7714258156539784,-3.2369599076825253,-2.05957720967109
-3.0325936916231693,-1.3772965341317074,0.8636560875268163,-2.7079701949473494,-2.1126201094801424
-3.114672566841004,-1.06776189205794,0.8162761161462171,-2.9892239910787377,-2.0703692345095996
-2.9305791407018864,-1.5380073260044735,0.8566841867807067,-2.5084050263036333,-2.146279027900652
-3.0136418880434297,-1.1617018785782094,0.7793847678949114,-2.859299676399274,-2.094258685724177
-3.0704945821129646,-0.9672109453610206,0.7275542166296559,-3.1361054073353465,-2.0449138682455406
-3.145479166404299,-0.8498011797869917,0.6902378566131088,-3.345609317735614,-2.039769621706528
-2.9800386118995257,-1.4104131286664094,0.7877421192461622,-2.8243653259033126,-2.1189396828919596
-2.8094275867650675,-1.67922257150015,0.8378722641349368,-2.3421941325480087,-2.140638847396765
-2.6554299211288153,-1.8134076681936613,0.8347770336739778,-1.9479018147767033,-2.129739063111669
-2.5452422582757848,-1.8626169172112894,0.8467005573691214,-1.6217087821674692,-2.13934206606288
-2.7100496570708743,-1.319377095503079,0.7884344873112927,-2.1361744160394913,-2.0565864681622066
-2.6088284171786116,-1.565477709224951,0.8186101237127511,-1.786151799328823,-2.054639148494681
-2.5381375230406626,-1.715482663582276,0.8609775014002775,-1.4952476723162853,-2.088630330284526
-2.7451139343738014,-1.2196566913716063,0.8294216228313039,-2.058206351549869,-2.050423765398592
-2.6621255412694467,-1.5516514349995667,0.894603148786831,-1.7552626310785533,-2.0740938837976657
-2.5876658767144938,-1.7091902425603525,0.9034140513723404,-1.4740132802797798,-2.0470485999785493
-2.784104651468662,-1.2255298898570866,0.8550962136989216,-2.050070754008006,-2.0290335069399
-2.7211683027694975,-1.5542605955564897,0.8939647280159069,-1.7522104992043959,-2.0511375411613226
-2.649058039422878,-1.7252330222472558,0.9070249172421786,-1.4846378265895237,-2.0780296893991883
-2.819407178684318,-1.2377114965908091,0.8626982443514046,-2.041719870025619,-2.0479203301275817
-2.731340386620741,-1.5805289959326754,0.9275272271611209,-1.7477791251879,-2.0874992501585923
-2.6425253022438153,-1.7349276362313193,0.9327555436665704,-1.4728848819837121,-2.0934302707231387
-2.586057564828252,-1.8258976190835365,0.9574445611964066,-1.2213390287526915,-2.0734648986641755
-2.5339599839338436,-1.8576046166121971,0.9683905373016112,-1.0324115465835595,-2.0871623869098594
-2.723876823972526,-1.3272972145015984,0.9131690005417847,-1.6695821031260216,-2.0418336829137074
-2.6604823777732793,-1.606099044161427,0.9533279485927272,-1.430892915726486,-2.0601660992200017
-2.8371410949027616,-1.1847206630101557,0.9207686791004366,-2.012117351246166,-2.06532437074553
-2.760409383447781,-1.5354503586923447,0.9235656324979595,-1.719934363676753,-2.0793505848289207
-2.893266711884105,-1.165368531541608,0.8935236082264002,-2.234688554045722,-2.0530226802394793
-3.018092149843252,-0.966851122024652,0.869483058257633,-2.657531097485374,-2.042562232551504
-2.898696796983577,-1.4638710455094452,0.9211133029221483,-2.2429522314689576,-2.0756904003241474
-2.7934924914830646,-1.7138571993690404,0.9266346070023482,-1.8733172118112749,-2.1383076505717056
-2.6801439288756637,-1.853949973707276,0.902225973172494,-1.5775113733468045,-2.1494011945006726
-2.8251827460438377,-1.3342980475094854,0.8730734430370228,-2.111233220658934,-2.0855388147850142
-2.9600355975809762,-1.050953952553455,0.823813943673255,-2.5542557479700907,-2.051955693093379
-3.073528343857298,-0.9008705591421653,0.7930232681245909,-2.899998680626402,-2.055951760838141
-3.1646710924484096,-0.8032416925808966,0.7790526025255159,-3.1834703684918826,-2.0439387767061303
-3.223725658954931,-0.7552559773476613,0.7316838309494869,-3.407436981679663,-2.0396492605111156
-3.0326945399757417,-1.3782642464109274,0.8211563124890627,-2.8583293288372236,-2.0956732397323226
-2.8578002326627696,-1.69681780583979,0.8448152950443887,-2.384600773093187,-2.137708472946313
-2.6903106806141786,-1.8462230087051834,0.8677481999553222,-1.964724459352567,-2.1673098477502566
-2.8175240217964403,-1.329071424874545,0.7975106401181411,-2.420440758198955,-2.0843293927988316
-2.7122881637797995,-1.621816305876211,0.824970919150233,-2.0093679829648563,-2.1021300211697995
-2.610056005508589,-1.7638866387979588,0.8276207835579064,-1.6787064969908352,-2.113259262824325
-2.769871087687543,-1.2605103779807763,0.7828376165192216,-2.1974345187776634,-2.0527432088586033
-2.6861218120762738,-1.5585147136910296,0.8528484396908625,-1.8537156092691929,-2.0862095352881838
-2.8341914173067075,-1.1598327689649084,0.7972349077028589,-2.3311980937950416,-2.037247957440423
-2.973574172166013,-0.9468092166950602,0.7710064249478487,-2.7294688862344403,-2.0294000062124855
-3.1054419076087596,-0.8288808930565377,0.7462137959871553,-3.0540376749735807,-2.0227502259218757
-3.186888935555698,-0.7771854556052089,0.7069935755466287,-3.300353068142781,-2.020680946515635
-3.0134601701007275,-1.3685277083103302,0.8106351660272927,-2.7736296938880414,-2.090444975350148
-3.078036796816838,-1.080927606314097,0.7512981701417996,-3.0711824562091237,-2.0588561102062433
-3.138226542937776,-0.8971992026023126,0.6943484544823527,-3.2993724368881194,-2.024616943260174
-3.1906237427957036,-0.8227480965507759,0.642673697295138,-3.4749074603185246,-2.0050909312750487
-3.0057214621269015,-1.4053654476514836,0.7496531113713969,-2.9033107537602807,-2.083387439905831
-2.8320817134109983,-1.6991048856645472,0.7612536147112362,-2.414551944658449,-2.107663359295278
-2.691375126963729,-1.8158755064840706,0.7809105657965244,-1.9790650127731826,-2.1070854405190143
-2.570115248143212,-1.8775048921436974,0.7730129120753422,-1.6510250196440022,-2.1242650135887495
-2.7222492088429058,-1.345845524556097,0.7300412376842902,-2.155565030222464,-2.044622732980143
-2.6331578946721814,-1.582665750338644,0.7627449381042432,-1.812775046054276,-2.0548773697903506
-2.547869302452908,-1.714982618022718,0.8112993004612997,-1.5103493083310473,-2.0561757375422536
-2.7345417078923497,-1.2285520347711651,0.7925103808153502,-2.0753321875214716,-2.016911992501021
-2.64714568550679,-1.5383100820882858,0.8414403261804987,-1.764610265925207,-2.0455874906957705
-2.5719552433346617,-1.7040252580800357,0.8545299254220587,-1.4786531439286368,-2.056427252944489
-2.5036452234362456,-1.7948896387228517,0.8722540634890561,-1.24223111106258,-2.055893414543852
-2.7080535061992004,-1.2871666871401517,0.8567189053348953,-1.8485925449540659,-1.995269847346379
-2.875235695123873,-1.0005751437065997,0.8313466850138502,-2.3458647414667957,-1.9996465912303714
-3.0170477757249445,-0.8611012630799036,0.8271309710008994,-2.745863224869552,-1.9873936487677295
-3.1167306394810397,-0.7687116647025267,0.7939478129342383,-3.0610854320529346,-1.9997155259608914
-2.988422788384584,-1.3648864980628816,0.8659054665015221,-2.589873242716408,-2.082758304917902
-2.8572356403082595,-1.6718771323985215,0.8911486687718351,-2.1620876814926815,-2.124028290422992
-2.9484974664101182,-1.2357534436932072,0.8073376051896382,-2.590128132601537,-2.0528836892897204
-2.820627657290573,-1.5897229892943827,0.8378855579615301,-2.1754891419073705,-2.0851587709808133
-2.696163617116435,-1.7595157316593202,0.8621275161519074,-1.8083876901349012,-2.0976598453708437
-2.836090955359015,-1.291472000257,0.8197773619542839,-2.2938717560490547,-2.0506836899759606
-2.727384462256894,-1.5843147512098585,0.8680075053211376,-1.923663963364671,-2.0943505664902204
-2.6243971923113922,-1.7217076826526023,0.8683266739326247,-1.6043559197883952,-2.083311378085284
-2.5409721761067616,-1.7686361190678133,0.892066007052654,-1.3198796898217635,-2.0892378649716314
-2.483960454014041,-1.8250835083367427,0.918473960737211,-1.09784224405181,-2.101404907034342
-2.4348603454130333,-1.8604839560992028,0.9258545912930796,-0.9473905264369974,-2.092576315245379
-2.412597602051851,-1.8806127885487849,0.9535369601042817,-0.7914677795409604,-2.0988046721155045
-2.392217114727963,-1.8715722739752558,0.956504257223065,-0.6734004219195545,-2.0631470400984426
-2.402386568672968,-1.8537253086673562,0.9841939586819128,-0.5932188677549435,-2.0457691866278003
-2.6280750221479683,-1.312956018974341,0.9689235984585448,-1.3305196346520365,-2.029490454403043
-2.6035671801916846,-1.5801989845044107,0.9971136873121821,-1.1713779755220404,-2.042213015690485
-2.5572919480692105,-1.7265482916362886,1.010915935919829,-1.0148453074247548,-2.0680296852611963
-2.515141226331681,-1.8154593743341711,1.0176995361895556,-0.8516652153494653,-2.0981732828198765
-2.4936556858638665,-1.8633329461108066,1.0155975357503015,-0.7340384594404239,-2.0760460960056717
-2.71953590851956,-1.3030798231733447,1.001278267396098,-1.45378583603846,-2.0738277886322685
-2.6709301418600226,-1.5868467089017713,1.0165239412094504,-1.2560977563832383,-2.0858964082201608
-2.622725259432832,-1.7382929302388974,1.0128706241407148,-1.0740423407644848,-2.091320991721025
-2.5778515286323462,-1.8289068555313805,1.0327786296036008,-0.9236844412835338,-2.0930176065279693
-2.7808002720573612,-1.319865730539479,1.0213896009842363,-1.5692374243780125,-2.051941856300115
-2.9348243640308675,-1.0143956826184137,1.003102158397462,-2.1044420832248605,-2.060239149045375
-2.8532201219700255,-1.4495860551163444,1.017216889027306,-1.8319383190746834,-2.106184745630969
-3.003085325062874,-1.112642929957991,0.9655262813898373,-2.331109806918553,-2.0957520715029614
-2.888890523351204,-1.5151871644048007,0.9818793992310438,-1.975284990531666,-2.1277477105433533
-3.005965951851834,-1.1423780338157195,0.91364060966572,-2.41989620560735,-2.1049347582238704
-2.891250400053323,-1.5384886667163866,0.9438401986631958,-2.0573508924243535,-2.1517064541908555
-2.7655960664246964,-1.7364475874530805,0.9600436094411483,-1.7055775251443424,-2.15661566090525
-2.890154423503579,-1.268235139064218,0.9031846916236919,-2.2182452743388805,-2.088658981284503
-2.7613005487223954,-1.5963611255936945,0.9313983686635496,-1.9120037622351447,-2.1148964005981474
-2.6699691241938575,-1.758485712383512,0.967212228352438,-1.6178034251845976,-2.1298714740558795
-2.5913489792704665,-1.8360879772642154,0.9748128026562494,-1.3317803785443958,-2.1292169478986906
-2.511723240296361,-1.8890205166427765,0.9665645383172797,-1.138180557828993,-2.131767889299683
-2.4599661368799324,-1.9013146563536274,0.9615463108300858,-0.977089831579785,-2.1083982567582424
-2.4216173732191377,-1.912501094430679,0.997623192879427,-0.8135734336574424,-2.1064697219395443
-2.647545570716895,-1.3610753597111578,0.9622260755927535,-1.504544231042056,-2.081004571368184
-2.839998905302943,-1.0573178200448834,0.9471998008691418,-2.085949533099197,-2.056920958808482
-2.9819891039109883,-0.8853468171446058,0.9072319993235299,-2.552746314506791,-2.053481244609706
-3.0974635656954947,-0.8038687087067428,0.8515355117827823,-2.9176235185388286,-2.0617800907105877
-3.185182715460463,-0.7795663763262868,0.8247118077596174,-3.1722156578534677,-2.06285855812832
-3.2501570953240395,-0.783431842284136,0.7892391689789173,-3.3880430663462753,-2.0624651317679654
-3.2962520001009477,-0.7891990715053339,0.7415584896234168,-3.537840336846288,-2.0625236480110707
-3.097031719595012,-1.4118289180256673,0.8520339041380902,-2.976816777608532,-2.1182698385604595
-3.133858447924802,-1.1130136139121019,0.7707555766602897,-3.2181252858532514,-2.080255795173366
-2.9361565634137206,-1.5669285619151447,0.835472742807603,-2.679989653959434,-2.132817003066031
-3.0089375111886185,-1.180644349421409,0.7537347135553029,-2.960621130123303,-2.059306056766068
-3.077065339298413,-0.9527331185007631,0.688050342548225,-3.226457039832,-2.029668670618681
-2.8909375427859105,-1.468451016755498,0.7759009011311212,-2.687575796805369,-2.106424235799598
-2.980484428177642,-1.1248371244507693,0.7084765794979031,-3.004319133755427,-2.0462026078713693
-2.8171164504623487,-1.5292539997381933,0.7807827793610181,-2.516178368942696,-2.101623644693034
-2.6569773003510146,-1.7259359106718641,0.7995185421208342,-2.102450683456943,-2.0919350663883947
-2.545363406046738,-1.8088729441183402,0.8040055627477222,-1.7607664655215356,-2.1327250183810063
-2.464183124163304,-1.8499670502555492,0.8189272439062761,-1.4779517312798496,-2.1268494036469026
-2.367102596434158,-1.8523857735918092,0.820071133748352,-1.2457829806637963,-2.1064225311763796
-2.336489754154533,-1.8404973699889324,0.8415249482381131,-1.0488106638764747,-2.066705297720286
-2.297913259188576,-1.8503480197192133,0.873736278539856,-0.8935541143595451,-2.030938689439585
-2.540105974609508,-1.303786459347369,0.8496047087034839,-1.5553222069423962,-1.9981967897862507
-2.760587965134944,-0.9952414480086786,0.8259527138529988,-2.1282423101003975,-2.0070261954370876
-2.9111704226801303,-0.842665955190493,0.8189603287795836,-2.569279065547082,-1.9927274337212653
-2.8333005889162526,-1.3755658005049645,0.9013072463217363,-2.1858104286690594,-2.0355569238877864
-2.9629066871592404,-1.0842618663861816,0.837762570416097,-2.611014370282961,-2.0290537151537635
-3.0692597826783152,-0.9047897389871614,0.7982173713124733,-2.947961336079737,-2.0339206763886373
-3.1703053713080354,-0.8352240231233411,0.7667575259495562,-3.206519992324007,-2.0202471301963087
-3.017499048263579,-1.3931495700023075,0.8349139174444057,-2.7086445142977964,-2.0947601628342576
-2.8596497805661776,-1.6989624887022332,0.860177655103227,-2.2428580561713702,-2.139583250855653
-2.971819317747584,-1.2560929732749002,0.8011827613569825,-2.6245667404216846,-2.086978006295195
-2.800461257645221,-1.5844688427774904,0.8073680583399632,-2.201905518551587,-2.1223792545366225
-2.921940145250139,-1.1752829232199962,0.7679201302954132,-2.6110907131774574,-2.0792575477370363
-3.037974246192338,-0.9263122889122389,0.7304500351544737,-2.9198631361569767,-2.0474425687631777
-3.1134623377028996,-0.8165347262333847,0.6866984364576036,-3.196439894678287,-2.027791236577972
-3.188423041331492,-0.7634168874396269,0.6800092149496919,-3.3974447973460045,-2.0195684591987435
-3.238860252851496,-0.7404902072263466,0.6492017860579264,-3.559960238394158,-2.0153908823863977
-3.049951666263082,-1.3427990930938982,0.7589280375228413,-2.9744597368712036,-2.0851689877382915
-2.8672769899707156,-1.6591746345599654,0.7938778880843467,-2.4882826730638166,-2.149008635588598
-2.7184433691952186,-1.79270979588856,0.8178128908576061,-2.0708585956457504,-2.1371020516085952
-2.5815711063654305,-1.8438141516283322,0.8021728764118518,-1.6963819401014433,-2.1365421793998194
-2.477023744664637,-1.8452929829557598,0.8165757701639084,-1.3975428593618082,-2.107754397137293
-2.404385743116076,-1.8463756687973387,0.8330383343226762,-1.1546391944572953,-2.0772717380983265
-2.6250000505709137,-1.2951161143790832,0.7670425268967317,-1.7663920032528164,-1.9986848364230863
-2.8040642189946188,-0.9935185539769045,0.7593649309892291,-2.275113278380102,-1.987793568905509
-2.9594488265644183,-0.8453768622372745,0.759199107468517,-2.7128271448164614,-1.9792033769419812
-2.8444414607662716,-1.362103150871623,0.8401032871474422,-2.3037692780859285,-2.0399085155795182
-2.9932891346398924,-1.0692415038026224,0.7886960138046335,-2.6842260944713314,-2.021625913814555
-3.07758199104236,-0.8944790162706093,0.7580520354360923,-3.015545566994795,-2.01436975573714
-2.917146355890763,-1.4285381443817589,0.8329776519941715,-2.536822663547765,-2.043933779801027
-2.789464781277156,-1.7012280039449945,0.8478470071012361,-2.111716844606798,-2.0969515381541948
-2.6523988668884435,-1.831755777959656,0.8394397945027409,-1.7723722744246893,-2.108303023901505
-2.810145241728093,-1.3349980494809,0.7764791037895872,-2.260913293659717,-2.0493951283460614
-2.9300860254986065,-1.0543265756918583,0.7369846007556202,-2.6631567896073025,-2.0086891612737316
-3.043952003536822,-0.9048092197450024,0.7134449100668756,-2.9877351902668803,-2.012472631952824
-3.1340598511390874,-0.8050689098175615,0.6869946897721237,-3.240210482741783,-1.9883405448005855
-2.9750526347238346,-1.3762268708540517,0.7817613980891042,-2.7124913415552863,-2.070684885605684
-2.8321270607252265,-1.6793758079072327,0.822214167638296,-2.260795058101545,-2.0961859118979085
-2.688127870966478,-1.8054103253983138,0.8193417666040418,-1.887413152034613,-2.112332947686466
-2.85619951765572,-1.3070319647103925,0.7507406497317305,-2.3465424018619436,-2.037901168703977
-2.723544795262152,-1.6156752949230788,0.7852991290191816,-1.9698829949414864,-2.0849311556676287
-2.861473934486502,-1.1761953117087298,0.7568680341507397,-2.422407363535387,-2.01484359312759
-2.9928106295217938,-0.9424312198413097,0.7277368471654935,-2.804699771150236,-1.9900698637759304
-3.085034921659063,-0.8139237937022323,0.7045916149866022,-3.0908120579921117,-1.9950995252465271
-2.9294576559738403,-1.3710597141240413,0.7928162003536791,-2.5892337183969802,-2.0700050803301187
-2.7854940889445277,-1.653259221970403,0.8135314723908083,-2.1632089427733163,-2.09717131302293
-2.655276437296322,-1.79210909215656,0.8102547357934438,-1.803636116078031,-2.114548415229915
-2.5569826816051653,-1.8369354395888717,0.8222853636474502,-1.4890715786476918,-2.107009532755255
-2.7315692598958954,-1.2829013834898735,0.7845226599878151,-2.042317488079803,-2.0361992007272582
-2.8769125342846813,-0.9819312920146488,0.7738666353473386,-2.4643125748251955,-2.008450880594489
-2.7642518019196003,-1.4243456997145583,0.8444373759871617,-2.1044523703994322,-2.050214525543563
-2.668044300258744,-1.6514993588285989,0.8655415763125953,-1.7621587636833138,-2.0616292005961108
-2.799232442312503,-1.2118981019838868,0.834109286063484,-2.276116476506177,-2.0204668854057273
-2.9479507030645675,-0.9483022354186619,0.7915916405903968,-2.663656280403734,-1.9848619541752772
-3.0568501368313057,-0.8346421786761755,0.7496798623291709,-2.9975696127778995,-1.9908045093959867
-2.9040809745245344,-1.3989947335248138,0.8388236418997022,-2.5288257486633645,-2.075092646930267
-3.019078979719158,-1.1044526459467485,0.7881145494910464,-2.873139309912854,-2.031772665487285
-2.8514071335425952,-1.5457419742022092,0.8350861045871292,-2.408274474554682,-2.096541067811197
-2.718510244048365,-1.757406835766668,0.8536142309248745,-2.004823005626713,-2.1160686081557953
-2.612693175787842,-1.8602733124835822,0.8497094356464285,-1.6614457050717768,-2.108863104518954
-2.7676447269345124,-1.3306759890773145,0.7951283789272171,-2.16462609464301,-2.031795134146117
-2.9014423671235265,-1.027803272292546,0.7510614955450636,-2.576321035273764,-2.0042460504502024
-2.7762796199100133,-1.4497470540104165,0.8180182542942471,-2.159532761991152,-2.052108336921065
-2.678335162059896,-1.6813936579064348,0.8525207738906968,-1.8075772035439275,-2.0870542903345233
-2.845401879762574,-1.2278924423863533,0.7917993027528639,-2.286508410147623,-2.039000833103668
-2.7419382419822007,-1.5442167980965051,0.8409542283151802,-1.9498403916066962,-2.0692792599629235
-2.877745428169169,-1.1520657627990851,0.7889572216027954,-2.427584908776067,-2.0433042822504808
-2.7756551863689634,-1.5225108880736729,0.8631911361451017,-2.037857845292601,-2.089404315047117
-2.661884170183559,-1.7394252598241324,0.8944201494263165,-1.728487645673234,-2.113818810216472
-2.8138704042792124,-1.2552873582008306,0.848538496170153,-2.2196126281966753,-2.052081537729689
-2.7356456470737074,-1.5782850397342543,0.8730478530155436,-1.8645077145050555,-2.0736032020635604
-2.6314558421649297,-1.736075363238173,0.8990310612528449,-1.5660666617406136,-2.0855322021254876
-2.5455499396162975,-1.8063902922684936,0.9061716707654323,-1.3139633111133222,-2.0690766664534253
-2.7423857282758717,-1.2844467889820264,0.8688579137467061,-1.9085789132253699,-2.0413639262241468
-2.888693368895869,-1.004025669747763,0.8476054910767258,-2.397861271973201,-2.031978249830458
-2.796837209090668,-1.4385441816489297,0.8941645838966429,-2.0126579966953577,-2.0397199174580773
-2.6961628301436935,-1.6756374394614941,0.9144960068671147,-1.682047231802376,-2.0912820005640262
-2.6033719273838964,-1.7896646412402697,0.8855911784501735,-1.4461178584945737,-2.097375346252751
-2.546873236018935,-1.8366361954018193,0.9032351310962534,-1.2131942903563426,-2.104649307369031
-2.4715478077706527,-1.8599598780253517,0.9129312836815577,-0.9801041135391745,-2.0697680509785528
-2.683036288660555,-1.2980065707973854,0.8842410553056212,-1.6267800627161757,-2.0284245680609985
-2.593860013074269,-1.5613261924243567,0.9004481538576771,-1.3761994511768425,-2.034915932048489
-2.794870871449324,-1.1542296023544472,0.903592497841976,-1.9638856784671868,-2.028120142539576
-2.9601604123668577,-0.9213543588892225,0.8683463799053416,-2.4341414796129848,-2.0296512106961555
-2.8487713515581374,-1.408584518218415,0.9239666850815956,-2.0664310584960224,-2.0756723843008356
-2.97168476293397,-1.090322371917082,0.8626983511730111,-2.525803504846155,-2.0638596910973668
-2.855329426350636,-1.5276759193141425,0.9436977167643811,-2.1491080667475835,-2.091444850995063
-2.7218949788783044,-1.7400214324075787,0.9403405130048106,-1.8223482053159832,-2.1105860677064214
-2.623957848356136,-1.8441987763746082,0.9238788456544371,-1.508222805485911,-2.1232586848297452
-2.791850733175341,-1.3074060248947583,0.8860241847315325,-2.0596195582602737,-2.0607311024178774
-2.6995601452959033,-1.575882937123391,0.9091957610881012,-1.7466954861533233,-2.0984188541699687
-2.8454062907643123,-1.1704649739705208,0.8792482692565597,-2.2362765661555652,-2.056170481036992
-2.742281911266023,-1.5076136223199519,0.9183144680324696,-1.9025366413743874,-2.0867413260455616
-2.651169208113361,-1.7024590183458492,0.9320465191997731,-1.601282536446449,-2.103830788235701
-2.571906560193209,-1.7979165988045755,0.9577156012064827,-1.3402847009236858,-2.12349358642582
-2.753585973207284,-1.2882169092750224,0.8994133145772477,-1.9264916424670087,-2.0598469876974095
-2.9145713109176916,-0.9980990071993318,0.892721249516837,-2.404951610195214,-2.045789358847081
-2.8112252905684163,-1.4615258908795619,0.9388775624644856,-2.044964130546813,-2.07304696593934
-2.9466520191203234,-1.1119402119033546,0.8844095980826885,-2.4865106966934025,-2.045525182704535
-3.0559660276466007,-0.946070316110541,0.8384208096433766,-2.857471713536421,-2.0359800771116787
-2.9176657075036565,-1.448158149793192,0.9127378156914957,-2.4370609808515424,-2.0965882432554084
-3.0144271811758454,-1.1337608993801718,0.8481088722840324,-2.8093438377304856,-2.0716281621697554
-3.1017899558792728,-0.9354749177272553,0.8053937863028577,-3.0777775129915725,-2.067392155944461
-2.9450097547485443,-1.456690231671243,0.8544459110869375,-2.581101474034692,-2.132428303528498
-3.041856753265901,-1.133067290309142,0.7896689568550073,-2.9242045723144883,-2.0696852588918295
-2.851668929592578,-1.5305854774344125,0.831825351928324,-2.442389804463424,-2.0987438187515934
-2.9652992617533123,-1.1547923018130173,0.7686076582823882,-2.779726699501356,-2.0443244322616607
-2.824126540155306,-1.5305032552336741,0.8409263567435439,-2.3237450834157554,-2.0778669397962934
-2.6986730065962363,-1.709223369164608,0.842266564876164,-1.929904676404395,-2.098460991799007
-2.5808388144048777,-1.817666801202895,0.8472972632947008,-1.6105599292446362,-2.1211690381079458
-2.4774402559978275,-1.860133582416402,0.8677262081294067,-1.3225294176268896,-2.093900401726719
-2.4197190871307486,-1.8619426778992874,0.8777065727562793,-1.1124244097266363,-2.078148980525438
-2.6252189438717015,-1.3120247145180566,0.8418057099819196,-1.7516265327942695,-2.0173900031378484
-2.820048165457891,-1.0049185676667753,0.8085511024345534,-2.2750306001662355,-2.0074890577584306
-2.7377435339936156,-1.4335676178841406,0.8708307001120673,-1.9570022362374007,-2.050199838082574
-2.6777368387162377,-1.70099572508584,0.9200288453034812,-1.6578117773578178,-2.064508853439127
-2.586526501437682,-1.8099630636528272,0.9135168510616096,-1.4085560183290415,-2.081861785346264
-2.512017122182204,-1.8535647200149235,0.9183431320611628,-1.1930669412558956,-2.094419465713717
-2.698726881887278,-1.339815534282911,0.9122165945083003,-1.8033409364776392,-2.0357192012971588
-2.8338229816447114,-1.0412939064343016,0.8961206209096733,-2.3144937419707525,-2.014614028420958
-3.0015042020985847,-0.8801819235437365,0.8448334052913233,-2.704986387460578,-2.0338279686314986
-2.89999481481733,-1.4157351799961724,0.9172056841125727,-2.312982177000855,-2.065511475153181
-2.7742824407833733,-1.6988600801402376,0.9459821862984356,-1.942561759135947,-2.111694052758538
-2.905603005225234,-1.2644157444551818,0.8802647341640266,-2.4016398463031994,-2.075557121395648
-2.7965657223207008,-1.625694303052111,0.9183306754289108,-2.034372816188006,-2.1188506748103273
-2.9164525788917226,-1.1934823686165419,0.8524018881309764,-2.4817754539574137,-2.06700714798842
-3.0287520507267676,-0.9867094114163973,0.7961804755517149,-2.8528113243727016,-2.063814247314397
-2.8829297199256527,-1.469265976108021,0.8564373489333401,-2.4091239594458003,-2.1117119362002494
-2.7584457642274858,-1.745065583679195,0.8841650666432558,-2.0080007917237537,-2.1338248696415145
-2.887902174632729,-1.281368446918798,0.8367707787868736,-2.446533465619748,-2.0906185188770143
-3.006812325276848,-1.018439518822513,0.775142835752062,-2.8209551057453552,-2.0714303417857
-3.1161194903761933,-0.8771555715132878,0.7345343194626843,-3.0938734488609105,-2.0453693393611854
-3.1985906485078206,-0.8194070168710916,0.7083713825732718,-3.32057470229666,-2.025642356251291
-2.996998738828698,-1.394401229529111,0.7909609890784424,-2.7997820896248666,-2.099649698382539
-3.0902590531466396,-1.1156765069655799,0.7393421683940846,-3.0945280220447935,-2.0607390318068393
-2.8994808693786194,-1.531881795411996,0.778668154451659,-2.586546940700516,-2.1194221603100436
-2.7652996198851376,-1.7609282084750963,0.8011578218883075,-2.145231243892234,-2.155998647730726
-2.886073527646619,-1.255023581458884,0.731296623715537,-2.546255213814369,-2.0654071830968816
-2.9769778305394308,-0.9818773690661217,0.6873900659523836,-2.885251492200068,-2.0268838664326267
-2.840803760902593,-1.4446256665597343,0.7762206274114329,-2.4372720631931593,-2.073792705426536
-2.950075716923433,-1.0788251523859067,0.747215178319151,-2.783404770810078,-2.0391162668549883
-2.803395129377549,-1.5026673195571887,0.7955178722117427,-2.3310807083109752,-2.081733938684697
-2.933718307673253,-1.1169340188666284,0.7573494027169524,-2.70694101071703,-2.033511484378464
-2.7919003191622997,-1.5008770315634445,0.7973222581490361,-2.2839668807792,-2.0751985609813626
-2.9442539814920314,-1.1299065806178676,0.7340481675363955,-2.67270779097276,-2.04931916022388
-3.046655936043528,-0.9401587536609923,0.7069168222557545,-2.998789089881684,-2.016495544059902
-2.8954469479646585,-1.4296213249418397,0.7607377625040675,-2.5286387233493177,-2.0836013687002706
-2.742391605794116,-1.6790074711438139,0.8102223486197345,-2.1127553823463066,-2.1003461469837745
-2.8650682087156802,-1.2312982283444165,0.7490437174611815,-2.5399688965272293,-2.0443026307497436
-2.7282943378842632,-1.5717081890226081,0.8006557266143046,-2.133813508182819,-2.0618163268182874
-2.868739773370497,-1.1604518216098274,0.7395995524846992,-2.567494138370293,-2.0400108897536793
-2.7346553658919652,-1.5271037185930594,0.7843925520348859,-2.1302150314401946,-2.058930691439749
-2.8687970866088994,-1.1522684063366853,0.756244585102382,-2.5445851652186766,-2.0453388097070335
-2.7553098617712592,-1.5286718970433422,0.8115412503201301,-2.145102011880519,-2.0613245262629283
-2.6430600416409793,-1.7178241970401769,0.8308412147366606,-1.8040278468348283,-2.0932019097474526
-2.5555677779622856,-1.7992420746571431,0.8599463910747613,-1.501600300904966,-2.096146677041093
-2.497391740695764,-1.8527842877618799,0.8798485471926857,-1.2557112479397898,-2.0977108272952063
-2.680137191280026,-1.3012851034748185,0.8523635308023271,-1.8535924493149987,-2.0261787776204603
-2.6239094205502047,-1.5722985665712885,0.9071034985490695,-1.5582586118922255,-2.043567395860336
-2.562317526678122,-1.7282949249468629,0.9190785456058638,-1.3169337204393827,-2.070775193289418
-2.752448949636741,-1.2476938232532768,0.8939071117672761,-1.9292755636599677,-2.0394432831530853
-2.9101139395173017,-0.9867584716446419,0.8684235403820408,-2.395995157917859,-2.0309184146299533
-3.0403639501473476,-0.8354861855267698,0.8357111443214956,-2.787836550323385,-2.031588454414808
-3.1556232993894295,-0.780883693019274,0.8061818684932649,-3.073950568139844,-2.04419063539908
-3.021085916359157,-1.4032403415780568,0.8822583265263083,-2.5986923696100837,-2.093348022377944
-2.8516302543342116,-1.7090983196106624,0.9017979784684266,-2.182683352815542,-2.130662100425397
-2.707056883188255,-1.8407953483170114,0.9061460563608709,-1.8042518821743292,-2.1339121918872834
-2.59699191149024,-1.9044723772577614,0.8928952022507927,-1.5012862664343523,-2.114205955755964
-2.7673079148216555,-1.362360628762943,0.8371548542530949,-2.0352525304496294,-2.0561678526781955
-2.9104690354710487,-1.043999753389221,0.8098180339042774,-2.4746115114780167,-2.027250687508754
-2.804177905831345,-1.4609941667837838,0.877132402803606,-2.115351526715849,-2.0695589752319936
-2.6850634813639322,-1.683046873104392,0.895029319032356,-1.7715394470391799,-2.089191624276671
-2.8286838696876195,-1.2139329791410425,0.8515898498535895,-2.2559220795761536,-2.0470424154951714
-2.723820011727451,-1.5401474802975508,0.8643033441273719,-1.9005340119591183,-2.0852673626401614
-2.625420639849167,-1.7257647648348946,0.8809052147538726,-1.6038543940798862,-2.0968197335264036
-2.5496211650474114,-1.816112531602516,0.8934560437755603,-1.3666220435676057,-2.0811734169215246
-2.4923728493904562,-1.8472224933348622,0.9121453428817269,-1.1389338096728954,-2.0598383507282527
-2.4325468660935012,-1.8686077850898932,0.929201277716176,-0.9562537381299594,-2.07105529193625
-2.6505947584439467,-1.3047113385178335,0.9120243940714416,-1.600249321735767,-2.0202394003360666
-2.6017727086051106,-1.5930764980007641,0.9591251301486446,-1.3956402649951192,-2.0403956879185
-2.8047242227063434,-1.1741913058580415,0.9217387368478053,-1.9697002290604344,-2.018139703766908
-2.961904866107854,-0.9224807034433312,0.8757887518523697,-2.441157579833351,-2.0272945572400376
-2.8460207783449296,-1.414661857178504,0.9376118798379884,-2.1045506735191197,-2.058069466351809
-2.7523429578406975,-1.6681715687153813,0.9489811041256115,-1.7716335098030063,-2.0857627231711815
-2.9107347349620953,-1.2284275279885384,0.8852299253811982,-2.2769869944539813,-2.0619733481005746
-2.780777036934174,-1.5456806488190007,0.9110350544438517,-1.9011126638386266,-2.1012225403575364
-2.679512862077468,-1.7521892435594417,0.942204779308777,-1.6039789816000176,-2.1449381446865763
-2.5864198908831204,-1.8348339174129504,0.9365275793260142,-1.344640097207122,-2.1332931601922778
-2.537798160673184,-1.872010252354187,0.9735562822306506,-1.1318930372716793,-2.1342993788553777
-2.472109677616405,-1.8911899040445082,0.9801555992160587,-0.9533799115211726,-2.117571702948558
-2.688309215658284,-1.3362214380683157,0.9468439019946652,-1.6229912384681249,-2.0646557946121593
-2.8532699924926535,-1.0332405702304195,0.9117065714645146,-2.1389067148866205,-2.0404280715012013
-2.7697088792571236,-1.4546272801163846,0.9602300224151552,-1.8282739858220916,-2.082395970756154
-2.67487586768145,-1.6857486482366695,0.9718556232521147,-1.5427305051809852,-2.111193078336482
-2.836221664333988,-1.2597715304077397,0.91832859338775,-2.096024539567479,-2.0836189292486065
-2.749245333809173,-1.5717685406945303,0.9516702753925028,-1.7717321340300067,-2.1030204906402323
-2.680837423641124,-1.7480451353889048,0.9764304271034091,-1.490360954757208,-2.110469754439204
-2.836501178331526,-1.262164330236786,0.9513274570225961,-2.060373271943841,-2.0687820916642528
-2.981010662946798,-0.9932678779386547,0.8876767755881239,-2.5295430345462235,-2.056375223471852
-2.862121879510982,-1.4379525374152495,0.9317629136740928,-2.1684215958931374,-2.1235181283416034
-2.9787301652895946,-1.1049906383682708,0.8817460727091058,-2.596606652606282,-2.0871310047667544
-3.1047415311470976,-0.9167166255666473,0.8276804522368114,-2.909387106985961,-2.0702353106353173
-3.1915160323953193,-0.8150723615174547,0.7884072786316995,-3.178287100053099,-2.048490429864637
-3.2542932014089785,-0.7672126741230644,0.7633109339058486,-3.3879189674533343,-2.0400887576724727
-3.2718923421082597,-0.7654600155002164,0.7185989976310877,-3.551230578082115,-2.0393740504666757
-3.0566408133669727,-1.3970381437785426,0.8233911351578174,-2.966375408215731,-2.120704862765027
-2.868214458862635,-1.699722697580567,0.8356200508790455,-2.461421990255187,-2.163835012398807
-2.964868013723762,-1.2538975883392267,0.7446641037323337,-2.8059889596585825,-2.0870654055317477
-3.044261263349922,-0.994229419322172,0.6911142011384644,-3.089751609901719,-2.02797863604076
-3.09353314242855,-0.8637119850920106,0.6594594565681098,-3.309227481903643,-2.000479182045639
-3.16425348878931,-0.7837371742997595,0.622837630259352,-3.492558572381143,-1.9971478701418277
-2.971674876581046,-1.3696198246136029,0.7297510660612369,-2.9228509421495272,-2.0829105173843097
-3.0290988349696395,-1.0675497237229097,0.6825571495239611,-3.177281907501646,-2.040700275460428
-2.847257931100201,-1.511500630123004,0.7569217915871095,-2.638661760231824,-2.100117878605868
-2.6965948200729755,-1.729810858402651,0.7913823065972778,-2.1822479438125795,-2.124951522710615
-2.819415095930837,-1.2525259717926587,0.7235452900860742,-2.601032719661881,-2.0318095274253656
-2.695038185655689,-1.560616448957034,0.7570512454826294,-2.168854242027421,-2.0803320978350457
-2.825405892278106,-1.1350855099214028,0.7206024238059836,-2.5703324579695277,-2.0374312457576806
-2.731078148277624,-1.4918801803620398,0.7765841440585812,-2.1651502973913734,-2.056013928202836
-2.6160035631499294,-1.70335567716891,0.8225875654958212,-1.8192885127470797,-2.09092975685092
-2.52673039276412,-1.805736719698395,0.8403703334718003,-1.5206443670182366,-2.0835306178039135
-2.4659818126881357,-1.8437518708221172,0.851265459579805,-1.2660800333675566,-2.074946805875107
-2.4060450069609214,-1.8337056306096033,0.8786849214614596,-1.0543098094818926,-2.0740692031221735
-2.364183865395052,-1.835792993316934,0.9147784382382687,-0.8836889474142781,-2.065607548045981
-2.3177630631038597,-1.826717599612212,0.9228219785731029,-0.7464502727286294,-2.0378114419466473
-2.5740736819824903,-1.3029112224667432,0.9026979916660581,-1.441094815151938,-2.015777099735077
-2.7917728899458285,-1.0093390545322831,0.8723824897097864,-2.0169990989081326,-2.0004476106676226
-2.9504382584715505,-0.8532966467752829,0.8516130849950295,-2.494424623812577,-2.014166023828941
-3.077825814164758,-0.7890604338794776,0.839623872714799,-2.8537600794708324,-2.043963846873972
-2.9517869098101515,-1.3712996225611782,0.9000721546770468,-2.4222091603660187,-2.0858791276996675
-2.827169909536596,-1.694480074988054,0.9029575921101741,-2.0503060151186454,-2.1470132639488613
-2.70727652107467,-1.8209903347828134,0.8808969386334639,-1.7041707115262716,-2.1486414427344087
-2.845927867844811,-1.329334260419228,0.8382905967696945,-2.1888472035377013,-2.073351177271569
-2.9632248335158367,-1.0385842664210032,0.8178760120714681,-2.607415065918679,-2.042028599309481
-2.868715122843359,-1.4951526709595462,0.8961609792700145,-2.2156884412432643,-2.0900543162307215
-2.7362153182565168,-1.719411109175304,0.9246725290506516,-1.8551998230955156,-2.1138575620870914
-2.6307810465120687,-1.8168771584115007,0.9148307239774278,-1.5588068522852543,-2.128361575248095
-2.7750368725379144,-1.3245524983213033,0.873792573793166,-2.0783713703318787,-2.076113842775967
-2.9298973549051555,-1.0290100689945938,0.8295005943990827,-2.5321658100974873,-2.0517208712414647
-3.0436545371738246,-0.8717282553209212,0.7996246373359207,-2.8899762268228324,-2.0372188318778597
-3.135612675770629,-0.7992583753666869,0.7707278829490184,-3.1719107416096395,-2.02547725331734
-2.9812261711941304,-1.4012361445769281,0.8662250289787998,-2.702604667308865,-2.0670168459318483
-3.0544641749652643,-1.098566105415715,0.8002126261269049,-3.020531751821795,-2.0684021468601546
-2.901135482768147,-1.5300544760541772,0.8226699036693403,-2.5547000844889687,-2.0994826941479787
-2.9948390944361374,-1.167845696884685,0.7664919852899753,-2.8868075871608108,-2.0557999365105886
-3.0636673079706997,-0.9554031324871917,0.7159212815264578,-3.1393913542738052,-2.0371907618379903
-3.1432671246619046,-0.8322440520229376,0.6691972718402034,-3.3464551748571165,-2.0295637275571754
-3.2205403883457873,-0.7809490672503766,0.6447901335370386,-3.5312873629147497,-2.006762732454016
-3.2548197988049306,-0.7516865595419796,0.6153047500608461,-3.6576904303307485,-2.015733320634109
-3.036477435782431,-1.3531962841318588,0.7349780589538725,-3.060636462299798,-2.091182773423209
-3.0798057916876993,-1.0747606834089818,0.6714754838931815,-3.288807914191841,-2.0259524424273287
-3.126316785094964,-0.927389181865137,0.6356597041309977,-3.439398266273287,-2.0153634536812333
-2.94915385602124,-1.429655601584906,0.7277812867709635,-2.878843387170229,-2.0733740374006233
-3.0214047309725434,-1.1086181489132403,0.6533754608802578,-3.134154447408941,-2.0423561891271427
-3.0860899598768525,-0.911090937986572,0.5897830138496668,-3.3558010326556382,-1.9992438123128176
-3.153264283496541,-0.8131540989431897,0.5524925357736208,-3.5308364308672657,-1.9922077766944286
-2.951291243235888,-1.3639409449908377,0.6675477160324677,-2.9576051816342592,-2.050277580340704
-3.0309296893048328,-1.0561922636605372,0.6169204849459998,-3.196866356758135,-2.0147027079028623
-3.0945763437211404,-0.8860551423877003,0.5858607496406282,-3.3908010237415476,-1.9767308379441622
-3.14980079244357,-0.7928175096912168,0.5676822842158933,-3.549715539241796,-1.951169678199765
-3.1947921745285255,-0.7396698022029005,0.5562251824642727,-3.6879727050974247,-1.9547325851679533
-2.9901710532023364,-1.343170832018024,0.6749711163069751,-3.0578499890051254,-2.0307864962838225
-2.7990424651282333,-1.6422628407965936,0.7099641067703946,-2.5479474579188675,-2.0650656893783816
-2.8950667885394274,-1.2031549912696549,0.6452317281622757,-2.8539896662304667,-2.006173885437178
-2.995128401528966,-0.9483238993415695,0.5839410663365039,-3.1376731594493483,-1.9528387932257798
-2.8443961292100823,-1.40028265086718,0.6900794770025404,-2.612987559933558,-2.021442825035114
-2.6934058678430226,-1.6315541181409792,0.724015149942431,-2.1887963156380965,-2.055927808774066
-2.7978690356615767,-1.1746212670409935,0.6834871756323373,-2.583479020920467,-1.9761802591025737
-2.9299633394126436,-0.9586817261807776,0.6543777980383438,-2.916232075485635,-1.9699135505648662
-3.035908913602327,-0.8217097383370142,0.6314549601174148,-3.1884638744725216,-1.9645226592782914
-3.128898157308345,-0.7514170792552363,0.6146229394764272,-3.402838112989306,-1.9587141022708103
-3.1772116708942852,-0.7202199565895075,0.5948650800747368,-3.5509426606391714,-1.9700240596982677
-2.9939391455775284,-1.3323038248235626,0.7229921856909874,-2.98377789075276,-2.026484938394278
-2.842460246109938,-1.639005113766306,0.762666575610348,-2.4751674939473802,-2.0733743309040955
-2.6825812544360073,-1.802805209643848,0.757757835918401,-2.0455740981278554,-2.107329794334988
-2.8173439295771607,-1.2978758613262822,0.7037406613966597,-2.454760944858429,-2.0188955180116475
-2.6986151291832656,-1.578338529862446,0.736477753987196,-2.0481785364656537,-2.05230959579835
-2.6017428651216683,-1.718865182539967,0.7939084796271693,-1.7123361454795727,-2.07161497430832
-2.769861883040274,-1.2202835373483027,0.7416665771090614,-2.216941236638437,-2.0186185355843103
-2.9141941572801207,-0.968325118211675,0.7137857075121938,-2.6330756243815485,-1.9986472695154187
-2.791765194073262,-1.4090586957811806,0.7901310959350961,-2.2389941787107883,-2.055592704649765
-2.686179937061805,-1.6686473954044858,0.8315872444295666,-1.863672205481006,-2.065819366436372
-2.818555935972629,-1.2126347753064926,0.8005546601953232,-2.3307921784872594,-2.0178949075288877
-2.960408530536528,-0.9762371108374404,0.769019749764806,-2.721390940637214,-1.9923991188210473
-3.0706482392634227,-0.834606808604159,0.7394463203000621,-3.025093776587086,-1.9941670506573348
-2.928689169136183,-1.3906018715108879,0.8527189663141831,-2.5575801286537114,-2.0767523038223903
-2.7911891902607318,-1.6522330678108745,0.8624956924505619,-2.133159862584818,-2.1043376295751828
-2.676787626408866,-1.8037907417735077,0.863067126042558,-1.778817389679258,-2.12510238443981
-2.5618224192041947,-1.8738228149231195,0.8599471124083616,-1.4686025492369246,-2.0950749665595967
-2.721874650264844,-1.3249702337906941,0.8011374906457114,-2.021264917380914,-2.025391690930716
-2.6272268743961886,-1.610102511486902,0.8421651148865602,-1.726826971580028,-2.0440086513941953
-2.7926718139757667,-1.1983237900865504,0.8088543942865294,-2.239221721011887,-1.9889165216826818
-2.928564807535148,-0.9513320793406017,0.7767115955163251,-2.6527354392647005,-1.9987837934162336
-3.0316404476886163,-0.8115095090904252,0.753615110379037,-2.9616665606452384,-1.9943594329858014
-2.9089986371415084,-1.3662538456847855,0.8344440862216737,-2.515486951189182,-2.04455831097058
-2.7910788234546926,-1.6450003162561773,0.8504524709784451,-2.10974225111164,-2.086672323677601
-2.67744172008688,-1.7732570026769043,0.8425822013201062,-1.7585099010164522,-2.1133238013019
-2.803949293934149,-1.26315665419679,0.8096528218288075,-2.211803495988356,-2.050650629190588
-2.939708873687351,-0.9957538559927112,0.7719990511618607,-2.622900208669396,-2.0278805521724594
-3.0457284819452144,-0.8382049574834494,0.7485690982273645,-2.95683836540781,-2.00155323469633
-3.1499081980510515,-0.7633407858443658,0.7137312487949645,-3.2288246051284646,-1.9836589880515683
-2.9546893370615663,-1.3657418329593325,0.8129637295816678,-2.7192538740631793,-2.0544359480487695
-3.06719710106779,-1.0735174666046303,0.743848484160402,-2.9983011997066913,-2.0299829609766777
-3.1231410230571384,-0.8961870624499744,0.6775199686115212,-3.2468674274667984,-2.0082870564313713
-2.976183286109384,-1.4297820834393797,0.7696152155961413,-2.7223492309786166,-2.066307590491646
-2.780938978878969,-1.6769437654819828,0.7985642820207844,-2.272754592947491,-2.103489949220769
-2.6496246944582538,-1.7952985544197235,0.8096186350466663,-1.8823675466829255,-2.1110967661004922
-2.538860032997154,-1.8353455934084983,0.8240874080919802,-1.5544711873551174,-2.0997463586987433
-2.442882654733366,-1.8625141379985164,0.8376373977027568,-1.2695065231011902,-2.083770386790617
-2.400068176323198,-1.8475782832083743,0.8469533648471704,-1.0521652294489652,-2.0433612359737796
-2.619648386708377,-1.3025472199161552,0.8348513148087456,-1.7168956244954365,-1.9884142199634702
-2.5733715433363016,-1.5683293612912679,0.91500263734955,-1.442053395092163,-2.019427239523275
-2.517493037418952,-1.7056758585746703,0.9419750550270548,-1.2209629589073225,-2.0333325790542545
-2.7238572412456987,-1.2342481486203611,0.9086358300380558,-1.8462127021113885,-2.027721136830737
-2.656188919720747,-1.5436868512885098,0.9385757972666311,-1.5825921125596785,-2.0576688809092047
-2.8410524550749057,-1.1760914663559718,0.9007802995784736,-2.1304609008150464,-2.04435262204033
-2.765650325236003,-1.5421953498974224,0.9201354384334197,-1.824498411977584,-2.088666817613512
-2.673992265344117,-1.7308648959930022,0.9432789175040263,-1.5338102203587254,-2.0983137161762118
-2.5939355793452146,-1.8333315156388943,0.9366485042461915,-1.30407489786842,-2.120259610857007
-2.7850190110106468,-1.3237430728023967,0.924529457979035,-1.8873111544895536,-2.0610898811877703
-2.6889026502675764,-1.6119710376858178,0.9440778978065064,-1.6266861953633702,-2.0729150168689716
-2.6303748718150763,-1.7446120057246868,0.9435140001625676,-1.3637441925625993,-2.077295010314658
-2.803522552980747,-1.2651689168879876,0.9098856239265521,-1.9408665205385003,-2.0310304571917612
-2.93555074992335,-0.9780661642988925,0.8674937508131145,-2.406303360862558,-2.036082782019138
-2.820254334222823,-1.434118723458671,0.9222030327393115,-2.064760256169762,-2.083323197055685
-2.7063108438096006,-1.6962302660544932,0.941996485639742,-1.7450250700728003,-2.1058546256617525
-2.860185911683245,-1.279300249581371,0.8996555291516876,-2.2607266832415562,-2.078446947268379
-2.746881723456,-1.60319003806993,0.9109870356053262,-1.9189214470070688,-2.10806587408569
-2.6514362337770865,-1.7809889768873899,0.9321824556795056,-1.625271245576776,-2.105712639655002
-2.80584951091764,-1.3030588283176106,0.8676775019418808,-2.1399413438038466,-2.043392380519881
-2.7153016212892673,-1.5856773519726135,0.9102170387921085,-1.7792085870413774,-2.075496890678111
-2.635899723463762,-1.752286805530081,0.9268595158908033,-1.5099792917582424,-2.1068424811999322
-2.5663783463954637,-1.863272579217005,0.9370674469300831,-1.284266781808296,-2.1013921401385334
-2.4932863163252597,-1.8895799374056335,0.9504507660032647,-1.0627009819867093,-2.0854516255970195
-2.7120171768768833,-1.3455308458731983,0.9248613036022486,-1.7090913798769556,-2.044076162525263
-2.6577651278124823,-1.5969495406700587,0.950320248068683,-1.4347919037979269,-2.07310884180929
-2.819023631716246,-1.1757711843637833,0.9264941635506082,-2.009810326384696,-2.0578499045410834
-2.9574142732802726,-0.947708303078345,0.903798846728762,-2.502119517669654,-2.0518189449146913
-2.859256418475761,-1.420552895940151,0.9680063611044429,-2.1274821379334012,-2.103746040848394
-2.7555321374997535,-1.6884494962270384,0.9803608147762072,-1.8008110560293005,-2.1339600079211634
-2.9006116993573774,-1.2530382487881817,0.9283100943970368,-2.3062507647452413,-2.0808914729552446
-3.002307082915938,-1.01011273060138,0.8864947571858015,-2.709482299368001,-2.0678976017057753
-3.1055296759569373,-0.8685003533303536,0.8313050132660251,-3.0294156500860447,-2.0542939739995454
-2.9579839791521545,-1.4421891222670888,0.8820449546579022,-2.561246666311485,-2.1223868057232242
-3.054677661013468,-1.1215061335345564,0.8130795820438252,-2.8839671522083856,-2.0845348685027014
-3.148543136082288,-0.9508504173615316,0.7567021893618541,-3.16606844884285,-2.07287818208462
-3.1973589753085943,-0.8473430786455672,0.7310578122756191,-3.3713695865348545,-2.0533967282754957
-3.0033299101635054,-1.409406298294983,0.8233938951885567,-2.831932329234636,-2.1222061680841104
-2.851107340673552,-1.6982506617579485,0.8518908266214738,-2.332265631806748,-2.1550115593864865
-2.691789202002599,-1.8346490085233458,0.8441749274309336,-1.9360984870510876,-2.17523449204291
-2.816802490009894,-1.3162743705234046,0.7544224605611174,-2.421786748884209,-2.0657385739122702
-2.6770605935491742,-1.5983600733488341,0.7964414283013873,-2.0184244211163405,-2.0892145229889842
-2.8352882762064437,-1.1774453493067556,0.7555755867247336,-2.463867227757658,-2.036280579222114
-2.724664658196695,-1.5179647998847878,0.8129643613847728,-2.0612049450489045,-2.072392528960716
-2.8758915559362532,-1.1109481842675786,0.7377133164102997,-2.5210519831800244,-2.0154765976509657
-2.987409832579391,-0.8901813798031707,0.7240264568152538,-2.8821683813632357,-2.013210886253833
-2.849573358576272,-1.400026333843913,0.8006727919671311,-2.450282992674412,-2.0456401350474667
-2.990371183373377,-1.082789207868207,0.7439266495703148,-2.7990148095526926,-2.0298197085893404
-3.057044340909016,-0.9158141845227656,0.726589154109915,-3.0919535222169143,-2.0142409054010133
-3.159683311613156,-0.8157291427785419,0.7008023237748402,-3.3328355631681776,-2.0294459456023954
-2.97157100214789,-1.3888245882557058,0.79327664969844,-2.7861848640185727,-2.087257188341385
-3.0445279184434937,-1.1045570487091168,0.7234387647460723,-3.0665376925766004,-2.037019511252617
-3.131702670856165,-0.922588503326002,0.6613529329083603,-3.31087906318779,-2.015532876868129
-3.178791469314715,-0.812589485686525,0.6288175402054673,-3.48382570082243,-1.9988618121834787
-3.0011307360117145,-1.37970075203909,0.726910842803405,-2.9096366419883717,-2.0654598747928232
-2.817368875164238,-1.6855033228777825,0.773013837036799,-2.408520174552853,-2.109922577373839
-2.6427184903015255,-1.8002019614402642,0.7802233053229006,-1.9781199121749087,-2.1230665201013843
-2.785552586207849,-1.2970805012451199,0.7135688290795177,-2.4333172425979304,-2.0328778758150285
-2.9189407191543824,-1.0052291041837296,0.6726590120875802,-2.789717184491239,-2.0107133048195367
-2.7860765382174795,-1.4430793401568767,0.7429971747296181,-2.365338237147209,-2.057880748517596
-2.9193806537944043,-1.0992534383640367,0.7037028166633094,-2.7463290908917095,-2.0232298337724837
-2.7833120407563676,-1.4926567141987537,0.7759767359140226,-2.2833928183629215,-2.090637817867387
-2.672954304209326,-1.6911392959972111,0.8077014822163449,-1.8845934314819965,-2.1017073252014065
-2.8308891176170463,-1.2383240951051837,0.7501409777630711,-2.3610380360321366,-2.0500070103852934
-2.951414584554739,-0.9792029685120056,0.7028371832365,-2.752097829208795,-2.003613632415352
-3.0677330071389326,-0.8330953214776184,0.6802618548856163,-3.0523355283891593,-1.997458894091304
-2.899601614759077,-1.365685075663884,0.7831495698613328,-2.563966273567012,-2.040366009435783
-2.748192850917071,-1.6715607053297463,0.8077802134660288,-2.129937022901185,-2.07838720442552
-2.632102900765501,-1.7977088526112563,0.819018374246292,-1.760385483884084,-2.0960606883676225
-2.5232369093022435,-1.8406225627871229,0.817947741686032,-1.4648654398222536,-2.0931683519044126
-2.4722275369286995,-1.8653821361731928,0.8318828030603485,-1.2144700256573355,-2.075436565368334
-2.664333445034605,-1.3091091914729795,0.8048077807138077,-1.8076632869997367,-2.0101402140751845
-2.5756832125986406,-1.584128505555303,0.860143686279633,-1.5392191798702684,-2.018508579164245
-2.528777131464118,-1.7126196288748945,0.887508426734963,-1.3073534256371087,-2.0333941664179207
-2.4754490896040346,-1.7834063215972615,0.9075172740101122,-1.10411803719924,-2.0442293344744944
-2.449604627232672,-1.8345045956601826,0.9243799160791659,-0.9039044808142261,-2.0371810842370404
-2.41954169640354,-1.8388090158240744,0.9461279873431372,-0.7891304902687788,-2.0304543765830454
-2.6361973274036847,-1.301621531843333,0.9447767183347211,-1.4832773115611633,-2.0111696443330676
-2.619038461782681,-1.5714320296697843,0.961908434722862,-1.3059799471609808,-2.0192793574816883
-2.5549368173734086,-1.738365863853725,0.9909429989679963,-1.1345228657983704,-2.032255051396298
-2.5192415108785244,-1.7997668853644295,0.9946527031447474,-0.9708592061660215,-2.0414770262023434
-2.7285207562715668,-1.280496747299375,0.9676164997702371,-1.647360652353107,-2.022990699015102
-2.898316711606132,-1.0073110852204887,0.9307663203825843,-2.174800900693654,-2.0499868938383288
-2.8225143830671433,-1.445359750983438,0.971311638183398,-1.8591404262913067,-2.0823799224914668
-2.9627066220361047,-1.10953869769049,0.9334050931265209,-2.361061200471335,-2.0677870453643212
-3.09157819438995,-0.9227694178839028,0.8779952929227736,-2.741956342596422,-2.0765378145453366
-2.9707797635001536,-1.448398817806646,0.9475154456042437,-2.3267820921722686,-2.102800719618442
-2.8198746361447076,-1.7198623985595054,0.9594573804341041,-1.9524385454631943,-2.1481533128583945
-2.701008160145005,-1.857806387268428,0.9475091821587257,-1.6380125969992287,-2.1587553793008007
-2.8579463403531356,-1.341809698447562,0.9029063964532058,-2.142852554475813,-2.0988764489845075
-2.9820893981813983,-1.0388044853141236,0.8258220236875421,-2.575489259025157,-2.0673037659495423
-2.870969647256405,-1.4945106937539248,0.8693980730565136,-2.170518215561099,-2.1308803377410097
-2.75393426962593,-1.7185647704496605,0.9061576629564618,-1.8323813446049815,-2.1589209240867033
-2.651222869849348,-1.8271749945308395,0.9139919980665908,-1.5297562962227462,-2.1416132090416937
-2.7908610585656297,-1.3049945690344857,0.8311421633326451,-2.0848866950923566,-2.0718004264669503
-2.6944424626244783,-1.5807156280336696,0.8795681339624417,-1.7740435928629728,-2.074793648777026
-2.610129270081301,-1.714094453543355,0.8983021764253368,-1.4994144267169172,-2.0835049412589437
-2.7770754842692598,-1.2358390296052582,0.8535229387964595,-2.0646427842291057,-2.0494432286782067
-2.948534110128759,-0.9784126579361312,0.8310775308246005,-2.4996643915782544,-2.044930064908558
-3.0621886124991606,-0.8480447233806553,0.7913648534897664,-2.8443073744618133,-2.040445670513477
-3.15333205117905,-0.7689494312220198,0.7748539205325746,-3.143560785876644,-2.036682966619271
-2.9803298150140427,-1.3746488729403075,0.8762421602842794,-2.669557716416518,-2.096629014604612
-3.0828134521980237,-1.0968945759896904,0.8016091756976895,-2.97139988378877,-2.059503793497442
-2.909382569813907,-1.5537519968952194,0.8266079307017209,-2.4918143490450495,-2.1019385841442486
-2.7444533137636054,-1.774301774936614,0.8461198518550392,-2.0559267615242467,-2.134963086727206
-2.6214059401921457,-1.865158828370124,0.8437742427021929,-1.7180274699468259,-2.1555569476001586
-2.7935117024219034,-1.3186736624548376,0.7821023435449681,-2.1969567282970637,-2.0597745452307916
-2.6761917282451737,-1.606992282210587,0.8441372120598296,-1.8405149340835543,-2.086254542497421
-2.595847458896834,-1.7559180489673158,0.8834149244550262,-1.547787688096331,-2.0945484760604542
-2.506816133422106,-1.807549250400955,0.8865653584176507,-1.3115042970096094,-2.0933552331739125
-2.6910067266530735,-1.2750932706401843,0.8471940153634004,-1.9017884024835423,-2.0347723535551006
-2.624819052279698,-1.5737609934488335,0.8728987314717961,-1.6206859619472547,-2.0603627794609007
-2.565331977419133,-1.7355663227636917,0.9143379048449958,-1.3584488311365588,-2.0668247976982497
-2.754988411795106,-1.2431891443736791,0.8902701809006646,-1.937533518309923,-2.040060476171995
-2.9299806878208257,-0.9842546293958099,0.8650499345722618,-2.399848727201725,-2.0305519292998495
-2.837421044225643,-1.440493439426942,0.9237507355755616,-2.0409024582138477,-2.0939091115774287
-2.971717778082657,-1.1156760628912903,0.8695969746703642,-2.484362151692399,-2.0802244193194785
-3.0924072689741724,-0.9272385137350273,0.8087715280515807,-2.8430938083900883,-2.059336751880483
-2.949930924752822,-1.441989783823711,0.863241847744044,-2.422209017696944,-2.1029985303172323
-2.8192842479074636,-1.6969009128407067,0.8841675618817406,-2.0133560526739624,-2.115718227404565
-2.7098703407953413,-1.8353926469645017,0.8749531599407943,-1.6769079425343905,-2.1293801167682287
-2.5977334018827514,-1.8862602078800734,0.8726352349828578,-1.385761653658272,-2.123219247933197
-2.7697822402616343,-1.353155916058143,0.8208927435429713,-1.953909989665457,-2.0602544807829375
-2.896410552364484,-1.048766826550534,0.7925045583207464,-2.40941839401969,-2.0269674325412916
-3.043108107312609,-0.8859429053199575,0.7780449258546888,-2.785443132677662,-2.0314080412855504
-2.8896223958345186,-1.3979948569203442,0.8578109093359538,-2.3783739957246115,-2.0955798979911586
-2.7598984236450494,-1.6922121961595882,0.883831391619433,-1.990225216635655,-2.1170031137079075
-2.882647882282966,-1.249051512418328,0.8234198722927198,-2.422812793986652,-2.048103818611203
-3.014423265050245,-0.9889548027895023,0.7875084131154112,-2.8026405514610735,-2.0309138449566873
-2.883841524774532,-1.4546979026355913,0.8548578480215269,-2.3648368093182293,-2.0873919615546024
-2.9837220905620665,-1.123473939175716,0.789167078533239,-2.7489370642637962,-2.0585937155880862
-3.0898430477310512,-0.9506563579277695,0.752852147070747,-3.0486418950263676,-2.041200972740709
-2.9217704268157245,-1.442183531183691,0.8344772545451754,-2.5841384951121644,-2.109444886297906
-2.8070005876434974,-1.6962066464853756,0.8562577644358751,-2.158631525109442,-2.1275642725492796
-2.6655620541584866,-1.8254249780991723,0.8676774581451171,-1.7907992378129696,-2.152596141705088
-2.555338248636756,-1.8693383358745463,0.8567948934592136,-1.4653539264252893,-2.14262017293725
-2.477097011467578,-1.8864597263173999,0.8499369980135396,-1.2103987582712832,-2.144640005914886
-2.4345349702538126,-1.8799253223454127,0.8661326301373814,-1.0227463803904704,-2.107205281221053
-2.646303050775446,-1.327461118197367,0.8497852569342642,-1.6537154946635504,-2.048353658361988
-2.856029758381258,-1.0083562034239308,0.8310686502554993,-2.1807615004190857,-2.0363592194616444
-3.0161384033707046,-0.8539603857714869,0.8088369631100398,-2.6249246396014874,-2.0457796013104548
-3.1336984413727453,-0.7885426647705301,0.7716083879799615,-2.955524207488027,-2.056991494948308
-3.2253988477189703,-0.7413106860976103,0.7546586630146283,-3.210351660748043,-2.030286924923419
-3.0400487982055817,-1.3741997634003107,0.8375955494391754,-2.7074612882076825,-2.0833363633794737
-3.0998317893095635,-1.0795507099334825,0.7717587328029565,-3.0161729881070682,-2.070720575967603
-2.9400419671485754,-1.5605024629283417,0.8247718381159295,-2.5301216185470974,-2.1145474020471564
-2.7703193833069704,-1.77483230824812,0.8406285107467689,-2.100029519734101,-2.1361985649986948
-2.8890879531675333,-1.2824592627528615,0.7795980924433484,-2.524420173467899,-2.059586567959406
-2.754416208325751,-1.586708098780443,0.8283551603264661,-2.1209705447613305,-2.0987535252026297
-2.6401059173899664,-1.7424271101206963,0.8409646918728172,-1.7636270722154699,-2.1135553710078376
-2.786973525367336,-1.2567095279613958,0.799689794585696,-2.2547118366263255,-2.04747455685668
-2.918699131926011,-0.9952436154537778,0.7571557112611507,-2.6550406720549176,-2.010039889127842
-3.0238556214398167,-0.8711830106953163,0.7402350106726671,-2.986559538793412,-2.0144276177758487
-2.90113662513269,-1.4120438235993582,0.8270533346740212,-2.5095881052559723,-2.067121728759785
-3.003434858947114,-1.0995817409766637,0.7923929587486437,-2.8619218290087853,-2.025101025202242
-3.0947318397510792,-0.9455507210358088,0.7227953480939884,-3.1534487384305763,-2.000097719018003
-2.930949737379015,-1.4327138746354218,0.8162326918962367,-2.653638453118425,-2.0788534140183237
-2.7885794531217303,-1.6859304209914405,0.8313796529802893,-2.221227796887245,-2.104729850491388
-2.8965363064037173,-1.2355515992298158,0.7651654978892056,-2.6067409915638184,-2.035239002308328
-2.762093172803095,-1.5628609655143713,0.8119601541376432,-2.1836288290844204,-2.0673878261465295
-2.8938748700750563,-1.163773754886477,0.7368886453519393,-2.598894787098218,-2.0249430037783727
-2.7688908108456904,-1.484179080810643,0.7853595949093527,-2.167560866165946,-2.0803359087513495
-2.653343945992186,-1.6737864447907895,0.8166874207035608,-1.800782617261119,-2.0829966412356096
-2.559916716557865,-1.7668192019501134,0.8260944226052421,-1.509036220392235,-2.0630286829567934
-2.4677817851837713,-1.8295877106494047,0.8408456426398354,-1.252833571692521,-2.0638283415634575
-2.675070500464414,-1.277893736798464,0.8104383574136815,-1.8462200731789644,-2.0170054410248768
-2.616888442802089,-1.542839948477743,0.8564311617900641,-1.5647118957380148,-2.031502269820367
-2.5464546311960743,-1.709358434292203,0.8832431056917038,-1.3166982008755896,-2.055006180535816
-2.500166355803643,-1.7847535015660212,0.8803809177334625,-1.1136022425128267,-2.0661094866612504
-2.455569847617032,-1.8350080049570994,0.9127856249536276,-0.9385653162910597,-2.0632809121763174
-2.405343509714098,-1.8382373187282643,0.9545268874690367,-0.8078813481943695,-2.055676160226502
-2.6420412212259627,-1.289544020865723,0.9335560022002398,-1.5051232614466314,-2.0335645451441
-2.8352677996729967,-1.004159978999423,0.9138978435372105,-2.0523737021355197,-2.0358486040212433
-3.0021608733010026,-0.8478311578700259,0.8841272050665866,-2.4966021891512216,-2.032926127408324
-2.8916169832223946,-1.377183429834173,0.9456649365749119,-2.138262970722272,-2.075121960289674
-2.7899571743974674,-1.675881072532795,0.9466153665130144,-1.8209917330277923,-2.1030778764903464
-2.6907528326064973,-1.8225424797010064,0.9502046158569055,-1.5278195775434524,-2.108386318137369
-2.5934065629119067,-1.87624319327173,0.9313687709800726,-1.2677188923601705,-2.1207431166550847
-2.7631742279020757,-1.3384737036478707,0.8803517000922898,-1.8507952096594908,-2.065147252850897
-2.908250159486544,-1.0473280685116708,0.844052330433947,-2.356549460732317,-2.0364266595427285
-3.038415111703777,-0.8717120542447692,0.8003451438693553,-2.7406427843472327,-2.044287331568468
-2.912200171320502,-1.418111705743829,0.8786728821413425,-2.330092611658921,-2.1034205126198
-2.7992592912230005,-1.708815711191082,0.9071736296602388,-1.9805576690827424,-2.1289878614109345
-2.916305903276073,-1.2743493794851375,0.8478280519484138,-2.424870197516315,-2.097279199992372
-3.0294042758299056,-1.0130947860657082,0.7853097748492522,-2.792665640153635,-2.0711736469752133
-3.114402253428772,-0.8731239946299877,0.7533140251972261,-3.0970753883480744,-2.061705729075216
-3.193990783944283,-0.7894092346687724,0.7086043219877105,-3.332119863875712,-2.016346286440578
-3.0218278728924868,-1.3760924836282666,0.8090487262172613,-2.7995483741122524,-2.0757016704056652
-3.111818996325294,-1.088289391615625,0.7343706766236384,-3.075974112712013,-2.0585771694019064
-2.9148217386672113,-1.528994928262544,0.8084461930480444,-2.5648375783313413,-2.1166122582860285
-2.750211850970292,-1.7593197649640147,0.8232977682681806,-2.118113848131171,-2.152608099965224
-2.8718952748848428,-1.2894726109370132,0.7557627527783694,-2.5325261017215865,-2.075874117779285
-2.9932950017860342,-1.008006038534931,0.7225376333755531,-2.869615906370872,-2.0345901359294953
-3.0711328361328194,-0.8614527757374705,0.687012556646508,-3.155954300055751,-2.020159654809374
-2.891264716336121,-1.399878509539454,0.7970422046146179,-2.6532766841328543,-2.0762592729669436
-2.986255284835532,-1.0840017695822406,0.7299804917389593,-2.9617845734141226,-2.0347201286532295
-2.8331468737818852,-1.5105477904949587,0.7658783990060578,-2.473151999911097,-2.0882845644926427
-2.9419256631030275,-1.1521340335773234,0.7180910812556375,-2.821639134329141,-2.05408777535249
-2.8033672252355677,-1.5183274940919675,0.7740792810543491,-2.3442748139927096,-2.0874012264376796
-2.6766285328676895,-1.7026669537966033,0.8036092329649233,-1.9413221521729425,-2.108946965335414
-2.8036739314912777,-1.2287352321226739,0.7635934531592843,-2.3861358175665157,-2.0089271059029037
-2.69760100927135,-1.5502098177025931,0.81151771201597,-2.020040236342246,-2.071268937037683
-2.587910065123004,-1.7086068125871368,0.8528091785324168,-1.7065837413177363,-2.079313298225978
-2.5011728887403932,-1.7952895335123569,0.856878344191654,-1.4304004525229264,-2.0615618776980646
-2.445772042463698,-1.8360951468087707,0.8823790979445526,-1.2121954032119047,-2.057332589803606
-2.39261643083653,-1.8520440153379352,0.9078064396478946,-1.0069953163244818,-2.0429720198882295
-2.3773268452179104,-1.848591670644969,0.9236099774980934,-0.8372764883475764,-2.0313201289478067
-2.3527564972853154,-1.8277297189206463,0.9376810276391301,-0.7227697525159732,-2.0191957758119696
-2.3559229330027223,-1.8218920047226057,0.9594636083641691,-0.6261926612306664,-2.0177120583480717
-2.359140896135844,-1.8308587031160033,0.9822009207840626,-0.5539831092225238,-2.0288595955082336
-2.597592817062219,-1.2988673136114026,0.9839130216827696,-1.2718214984855323,-2.027878269973826
-2.573509578692237,-1.5783295535000987,0.9968564352731519,-1.1259500120037627,-2.032379725238184
-2.7884532109191156,-1.1968505971411545,0.9766898559753219,-1.7647039208331066,-2.0453502544339996
-2.9554026539736777,-0.9597243276354271,0.9513234602387692,-2.272801535391531,-2.058403429677129
-2.8762615495626287,-1.4533001982205487,0.9698973517126197,-1.93128807806459,-2.1008931797641073
-2.7799959279679323,-1.7190776002873724,0.9545382148646686,-1.6170047062711972,-2.1130449975910253
-2.935830868774624,-1.2475232315768487,0.9336651717883263,-2.16198639743373,-2.071555080345123
-3.044542760512207,-1.0044232082980822,0.888517325639046,-2.588206327635005,-2.076690597486453
-2.9240374381103442,-1.4812779308647679,0.928743256339964,-2.1873765971610557,-2.1335311667511787
-3.047611430823106,-1.140180958704216,0.8805620552474357,-2.6033510562285516,-2.111864227764869
-3.125084418236465,-0.940938955899274,0.8283791705403555,-2.9341562438879114,-2.087816276656963
-3.2003917805542903,-0.8456404085776755,0.788207533176629,-3.2087177785255103,-2.057583146391665
-3.0112162274770586,-1.4129913637549316,0.8556128008345081,-2.7133940686117395,-2.1206892237842316
-2.872755550171244,-1.708264947566603,0.8779504722435458,-2.2509230243802505,-2.164250175918294
-2.9527871773671146,-1.270373825184235,0.7854862401454761,-2.6245011601936747,-2.0724779942295593
-2.7940671559770216,-1.596338348815436,0.8297709594952182,-2.205302453723284,-2.1165781922785087
-2.915151412654363,-1.1963249428413643,0.7736673401219812,-2.6095842958706066,-2.0575151749037963
-3.0203480064333275,-0.9552053190941006,0.7232566302839397,-2.9352469295525245,-2.035455407137136
-2.8729007461056613,-1.4315457800657707,0.8249263103712066,-2.4497456623746356,-2.0949364345121886
-2.983946776263345,-1.1002485111192122,0.7670332077260409,-2.824240766964736,-2.0527512838948097
-3.071707387129078,-0.932171743583764,0.7267415755853902,-3.107399378855248,-2.029285627998353
-2.916212064880325,-1.411101449321705,0.805021687051934,-2.612337853494255,-2.104473861095341
-3.021362756148814,-1.0883483955377597,0.7168424965125965,-2.926675289707968,-2.0552745290186536
-3.0838394577931325,-0.9219651078768876,0.6850292511952921,-3.2001777857451787,-2.036162261444358
-2.8940985691313856,-1.4485726161455044,0.7682514795955944,-2.679316361274653,-2.068766908097999
-2.7472081012375154,-1.7021261879899323,0.8030234709012851,-2.2093667698773225,-2.109350118194793
-2.8674981468611223,-1.249234496400531,0.7402514655070522,-2.6116621374288953,-2.057351877020176
-2.955902602285119,-1.0021035911128773,0.6953171630009862,-2.96029351888635,-2.025826042783656
-3.0685348769627083,-0.8333896957931853,0.6511930117456116,-3.2247744997563657,-2.0106006790602087
-3.1408757197049315,-0.7499724913682833,0.629063191832121,-3.4004035131387726,-1.9883949634057065
-2.9749101369999154,-1.3410849594248113,0.748419977863366,-2.859850907793537,-2.04061027220307
-3.0510129836195303,-1.0624374181578011,0.7045377169194946,-3.1079183841480016,-2.0161490622648155
-3.091642621788808,-0.8978665762212562,0.6510769988456344,-3.336200259211911,-1.9900000325359974
-2.915371349688261,-1.4242639265878403,0.7257455482384592,-2.7894670955016636,-2.0622795423034006
-2.7564617550553057,-1.6593031185908504,0.7586612237909911,-2.315315602470015,-2.0782047354728213
-2.881039833988138,-1.236608006392703,0.6854016200608938,-2.666662559796548,-2.0295162542114458
-2.969235877216565,-0.9815821554253737,0.6629116741745694,-2.980138647482589,-1.9703701251526633
-3.064089209606833,-0.829560544704433,0.6306323833863874,-3.249134770730366,-1.9380723207270845
-2.902989430530315,-1.35861985977079,0.7169072509731649,-2.7292929639931303,-2.0245600292052037
-2.9961884359881656,-1.0581309677525008,0.6508852675685859,-3.035763672386331,-1.9936607765096392
-3.072116380858505,-0.8976389573312291,0.607351765405933,-3.2657108736291325,-1.9665108692639914
-2.9067618476248023,-1.415279993686263,0.7040504603006054,-2.711682598309609,-2.039308106904117
-2.9877890059080197,-1.087665599323179,0.6527291877088104,-3.0167401084378076,-2.0034749307463313
-2.838741993290048,-1.4846173640634936,0.7324771796233883,-2.518119824391975,-2.0569311783342865
-2.9531591310929373,-1.1224279599501243,0.6742468976754008,-2.8478697518156357,-2.006426836870163
-2.807061657969732,-1.5087445637658705,0.7325321270931585,-2.3720545111375873,-2.0617834950657525
-2.660160979687009,-1.6985216974991022,0.761899508824564,-1.9634730599930803,-2.0848579866214108
-2.816619637600034,-1.2378650041646362,0.6998517163430342,-2.4162753320315895,-2.0157721957665005
-2.6795610144232125,-1.551044047674071,0.7611980977283113,-2.020839097463296,-2.0389747450596833
-2.835216198301737,-1.1443490346427858,0.7134706071206617,-2.47766272519403,-1.997543005720375
-2.7386496106425104,-1.4872736170135281,0.7823484347745275,-2.0733382651484527,-2.0261138030879717
-2.8761511858956212,-1.09939680428585,0.7336850948694689,-2.5087310425316542,-1.9925659690629962
-2.7494726659689204,-1.4784625306789059,0.8013463757496266,-2.1046700958678297,-2.0179948315158227
-2.904460426576801,-1.1172845474960515,0.7458489952638813,-2.5419217639042286,-2.011993951658175
-2.792732516071207,-1.4975412940283275,0.8116652491720633,-2.152319620184229,-2.054159378177092
-2.9158439766897017,-1.1266649516576415,0.7666806191853982,-2.585066726777335,-2.018490977728961
-2.771873086201753,-1.5097087483089544,0.8154811105213077,-2.1593514762199795,-2.0520346232070197
-2.889519214636616,-1.133011469335965,0.8043725703593201,-2.6018589724025776,-2.041400900277354
-3.004722703494781,-0.904601737450202,0.7509064672457635,-2.9411656124736654,-2.00479334688524
-2.8740247622633337,-1.4128069708087747,0.8135758052390022,-2.45000556615953,-2.088061276049486
-2.9786999175982576,-1.1059616892948516,0.754918826100692,-2.841028560680035,-2.050846984730168
-3.074984689883618,-0.9253944691145237,0.6985877296891813,-3.1179008831312047,-2.037337210307823
-2.939707320113838,-1.4274213056908862,0.7746058703794335,-2.601653189188166,-2.0884130095778204
-3.024765246593322,-1.1148268285846104,0.7153695117960824,-2.925000557434221,-2.0344716008652277
-2.8804188830905244,-1.4956592414274503,0.7686968574367488,-2.444615202548341,-2.0881488475790753
-2.9749175632652505,-1.1206832601524657,0.719962415333746,-2.803470610574231,-2.0443992515970835
-3.061473984047806,-0.9104457433764757,0.6844932517983471,-3.105365471799638,-2.005779699966813
-3.136512461096103,-0.8048490248223016,0.6506211682325312,-3.3314108037610413,-2.00200335286559
-3.1983471445896012,-0.7652469159235418,0.625672669411643,-3.509154990690585,-1.9918366523727489
-3.2355930340769476,-0.7356712518288892,0.5967864215093306,-3.641091014498877,-1.9898686188776489
-3.040101430410876,-1.3705109772615272,0.7191216013095463,-3.045058251056393,-2.055709878303182
-3.0861349145423196,-1.0864524087883907,0.6610159584629032,-3.261611169338567,-2.0103760573170293
-2.896700977934612,-1.520060004852812,0.7285556123465656,-2.7031203087214157,-2.0812601925898324
-2.9958045657707073,-1.1498409085421526,0.6632327639673589,-2.979384453486541,-2.030881250649599
-2.8283776694247837,-1.5238908616330709,0.7003140526243915,-2.4886265257826468,-2.071256474565436
-2.926077965950174,-1.1377745741778686,0.6779368675516434,-2.818801578399966,-2.0112233145293024
-2.999619088125711,-0.9211431206785655,0.6226651147723723,-3.112565655288333,-1.9810954254726292
-2.84665635377702,-1.4455270905888045,0.7006037693683431,-2.612260266620709,-2.055767365102188
-2.9675403726052716,-1.0833988837591788,0.6691175000443124,-2.9166574313186113,-1.9952436462375271
-3.0568954076753982,-0.8970766759095817,0.6336882787401847,-3.1699355055426914,-1.9741948683229549
-2.8928345459781983,-1.4104155240154388,0.7296295071987383,-2.6471064883913256,-2.048895774262951
-2.747913831753195,-1.6525219796430657,0.7776309639172755,-2.2095606510918007,-2.0768372129456236
-2.8661884216425055,-1.2084712143984129,0.710237562148594,-2.6076497286395233,-1.992250794110717
-2.976527874186646,-0.9491336600432764,0.6695968800230391,-2.9338788899862274,-1.9852789803192439
-3.0689554614627337,-0.8208528646158904,0.6367207085574236,-3.2114088759956334,-1.957989576759328
-2.917078447501362,-1.348607218515339,0.7377960352540047,-2.6787775172300727,-2.0120279746633036
-3.0132496462203004,-1.0460108947579259,0.7039054291717144,-2.975627454279383,-1.983968046497201
-3.0757174201138304,-0.8711399504586401,0.658316067756518,-3.2195863597668293,-1.9652527858344193
-2.913448502575304,-1.3927595149721248,0.7403645388648441,-2.686765055259228,-2.0384974117453813
-2.7657906351070807,-1.6437202470934145,0.7926714800454514,-2.230228306551554,-2.07676709289091
-2.881551681458216,-1.1948984577582809,0.7166028057289601,-2.6323374592321396,-2.00420849581115
-2.763931918821882,-1.5399201457282217,0.7648658366277897,-2.1762479096899288,-2.072809773739264
-2.8891265030266498,-1.1202603360175507,0.7229463179101093,-2.572105190689527,-2.0186692591024604
-2.7570747565857325,-1.482450420255107,0.8012955475968472,-2.1661816540976715,-2.072316371842949
-2.88923255183645,-1.1141517726478989,0.7304747293909831,-2.59060736410445,-2.031585049211699
-3.0110104693022004,-0.909687289009524,0.6852663699081463,-2.935583451222229,-1.9952685091952287
-2.854705768046282,-1.4110110687155228,0.7674697040618053,-2.4580820175805163,-2.037848355553571
-2.735792663596078,-1.6687867029852326,0.7990774663585196,-2.0526473159379006,-2.064559329649353
-2.8640057483678945,-1.239031423372082,0.7489742855896128,-2.481009783756793,-1.9922587915815533
-2.738124391479206,-1.5380187363259161,0.8192547639163759,-2.080908082948491,-2.0439031925959754
-2.638507499684303,-1.7138934257593086,0.8338187199676258,-1.7355597410531156,-2.0614122878996213
-2.7858890308193023,-1.240784867340812,0.8068365243420715,-2.2200584582596163,-2.029087773667018
-2.93217382959863,-0.9722969331309751,0.7589007040710584,-2.6292287753027828,-1.994941194837598
-2.82617250930578,-1.42980234848222,0.8103118395224284,-2.2291317751587543,-2.0732508839887087
-2.9563877995703587,-1.0844288198490248,0.7700608141709064,-2.6291236289679185,-2.0404197845800742
-3.0659019062634645,-0.9074472317708313,0.7374376168850609,-2.951058725561618,-2.039895716117077
-2.914677865438629,-1.4284964994053542,0.806384211051832,-2.4990303429669725,-2.0906034971417364
-3.0032647454366,-1.1067403222161125,0.7664773188257319,-2.8503230964550434,-2.0511770709456694
-2.863488987279863,-1.5180435764251397,0.7953408843017299,-2.391260327201777,-2.083708676283402
-2.7229999832260043,-1.7153490601300947,0.8271592291800294,-1.9783633830874323,-2.1240419606609806
-2.612443086768021,-1.8180936671893846,0.8599397457030545,-1.6324930143712462,-2.110928212592001
-2.7552831991776467,-1.2971455359660589,0.791903603178735,-2.1515068963456914,-2.0311016097950394
-2.9058970895677216,-1.000198990467535,0.7675684419397232,-2.5774998327891163,-2.009897159021037
-3.0267486944445907,-0.8562771507335083,0.7416303857772523,-2.9220620795724237,-1.9905537352211693
-3.1296310693786924,-0.7634024166514969,0.7203000592219806,-3.175012947724422,-1.9773389089257225
-3.2053286172731594,-0.7502614388192052,0.6739249983809698,-3.397605349405096,-2.001783539646883
-3.0281549324959256,-1.342852532979365,0.7825060337923638,-2.853054544275248,-2.0707842691676053
-2.869325687486168,-1.668129298256286,0.8217800352670125,-2.384375560038011,-2.120701165284492
-2.7188334007819015,-1.8105077467124013,0.8182380185198842,-1.9574872170766036,-2.147761211516128
-2.8453169949449606,-1.3095219116269698,0.7509600943897059,-2.401917210413718,-2.066688803585448
-2.958851885146017,-1.0123527196508428,0.6926386226874127,-2.7720705632524325,-2.0190079839806905
-2.837737499059897,-1.4574208650273341,0.7783300384833792,-2.324278296487342,-2.075995522298007
-2.706959913459471,-1.6812916149839767,0.8080607235629265,-1.9598523595657522,-2.086301209792218
-2.5969286957183493,-1.769424610217477,0.8343030001794961,-1.6332188558345773,-2.092323030846178
-2.501622566132437,-1.8295753982330905,0.8348784462751943,-1.3582905808940182,-2.0865243906174413
-2.435506402150161,-1.8437334218883408,0.854281859920162,-1.1304649378469278,-2.0732787501367707
-2.657407850464772,-1.3016903827204573,0.8335494560236507,-1.7578396230826405,-2.0396067991860978
-2.808219299551962,-1.0049665531949035,0.8268334021243718,-2.2716240844065014,-2.0254980349372635
-2.7287450144549172,-1.4178427138599938,0.876291122924439,-1.9247372443341546,-2.059035285230216
-2.8891825879219994,-1.0898875716290308,0.8424064396571749,-2.385253688083456,-2.0298751421697085
-2.7861526573299993,-1.506824241779571,0.8859100391541667,-2.027010472719467,-2.075610647920957
-2.6921797409543355,-1.705410705195779,0.8881217224864886,-1.7118623006667573,-2.0976710162400414
-2.575259280652605,-1.8072353916243584,0.89802459142104,-1.4327878113707744,-2.0905781075556864
-2.512047350320146,-1.8601073336512297,0.9124060104941009,-1.193866843949425,-2.0920611964170246
-2.4733164023514655,-1.868650543190852,0.8925515794338165,-1.0072597237356118,-2.08649126145877
-2.681329725889874,-1.3141311031875547,0.8920403516096929,-1.6654927506189343,-2.064934699730891
-2.852260590464803,-1.0315295414717371,0.863172971291447,-2.1739243627101055,-2.0540428631140704
-3.00104522426441,-0.8648249275120188,0.8345213697147748,-2.5966254291473536,-2.0423419732165815
-3.1327040408260998,-0.7794994093965584,0.7987319290792539,-2.9482221334635397,-2.0378642948700247
-3.225708942025969,-0.753656521965,0.7575454020866182,-3.21681360170533,-2.03605022064542
-3.2947840473100447,-0.755688614909083,0.7205862913937344,-3.4133232380074334,-2.0466258073939767
-3.334658999842652,-0.7585123164952745,0.686968173517592,-3.5475963617440316,-2.0504657434621527
-3.125348273961599,-1.3992947146500307,0.7909601121302452,-2.9562521144847214,-2.1235918213177913
-2.9192442956356413,-1.7080855952642002,0.8410613245909385,-2.4277528821388854,-2.168789442765601
-2.7431883229294383,-1.8467610046058685,0.8357324842340147,-2.000376899266052,-2.1609223424297577
-2.607745193878197,-1.8844928283222773,0.8425342733956717,-1.6404861863564733,-2.1585657121712427
-2.766419455767481,-1.3451792787045644,0.768583708868114,-2.1437637070045974,-2.0653156623406304
-2.6697745819746648,-1.601978244188534,0.8090592515439152,-1.8115146634863144,-2.092963058980577
-2.576675990129059,-1.7421767237580599,0.8217445979530346,-1.528365601663681,-2.0961683722494557
-2.500189643243648,-1.8141376321697227,0.8596079292176351,-1.2789633870385935,-2.073658944708559
-2.4394857144961395,-1.8505074819802207,0.8998877995993719,-1.088682328300749,-2.058335945168033
-2.3994827924268596,-1.8544762097682927,0.896821848110911,-0.9018918661954085,-2.0386270895395526
-2.627279583417387,-1.3013753043644027,0.8843325739369374,-1.5907315203169106,-2.010234018301722
-2.587442082639917,-1.557213785677192,0.9131336549856092,-1.3818462610043336,-2.0249825981857374
-2.5414798369500016,-1.7103414135207486,0.9163175219999588,-1.1760533306868395,-2.027067283164097
-2.5088572997473344,-1.8041636350794652,0.9544110699788242,-1.0076572569824438,-2.0406867367529635
-2.7110492943199938,-1.2881321567447601,0.9337187052189034,-1.6563638317205467,-2.0271525267297474
-2.89348218448846,-0.9928319593660508,0.909310116785821,-2.198402062726493,-2.041561461920933
-3.0292663345445496,-0.8659971304192758,0.8745906754663041,-2.6176129544087097,-2.043760343623561
-3.1600589834164974,-0.7831944393028373,0.8315698697158933,-2.953741686686051,-2.0494509252938653
-3.026272248232348,-1.3845945077742983,0.91939786919126,-2.5057659098986136,-2.1158694526234623
-2.869003913586666,-1.688986307479855,0.9513985377145221,-2.082226979464653,-2.158123236519318
-2.988433658192113,-1.26754368871885,0.8638764555051833,-2.532262917505106,-2.0892982333027392
-3.074834309206442,-1.015382018245815,0.7952913251540538,-2.8666696824502265,-2.056122398462675
-3.138686132198497,-0.8707428864685794,0.7579942161048336,-3.1422254549832838,-2.047640567620548
-3.1880692048639507,-0.7919906978191147,0.7241221955669256,-3.38971104569745,-2.0324051893178057
-3.0147570394281615,-1.3704227141938552,0.8179118002141108,-2.8449008332537846,-2.0954008722162634
-3.091375071986069,-1.0754516711716424,0.7185708834759772,-3.1146596611503714,-2.0528047564073364
-3.133262227243779,-0.905155723995098,0.6857438713464683,-3.3414497292861656,-2.037887207667362
-3.176924635410943,-0.8272881161337162,0.6469270022794718,-3.501222046589914,-2.029197480017107
-2.9738864033429033,-1.4239408933284736,0.7391282484693639,-2.9034034016049395,-2.1072174498520573
-2.7894282476481593,-1.6941870956835456,0.7902634143858713,-2.4023459226662567,-2.152225692962874
-2.9020773740647936,-1.2415348486822801,0.7234882250488078,-2.748446666911694,-2.0690626041723075
-2.995024529276197,-0.9860321214059841,0.6641437392474528,-3.049519148674862,-2.034596646615087
-2.8351266158154393,-1.4411542571544098,0.7346479312556019,-2.556781500300907,-2.1093125614653654
-2.7005873239357046,-1.671069842542376,0.7584165794466726,-2.1278795535731487,-2.115122003758842
-2.8465057516532184,-1.2281177261338347,0.7051085906018117,-2.5384096263783107,-2.041340925135741
-2.7158208713348113,-1.5584361566078582,0.760150121225593,-2.125877498687203,-2.068808660711573
-2.600839565109161,-1.7098606361421573,0.7875286180736114,-1.7732227372415907,-2.066399256845478
-2.7692571499860237,-1.2192739222624374,0.7326156490564574,-2.2569857496499925,-1.9864753037496283
-2.901655020692655,-0.9710445140435805,0.7269385858010993,-2.678629781391756,-1.9680852865177278
-2.785759032220616,-1.40987793417739,0.7885481601708033,-2.2425725332678863,-2.038998220747591
-2.663935461228797,-1.648434035898197,0.8304341977055771,-1.8950164942705092,-2.055183634031475
-2.825567119596786,-1.2042934166875063,0.7928727447841524,-2.3555374147813364,-2.034045873222307
-2.7236490585910547,-1.532787422231776,0.8300137484844654,-1.9793745391415885,-2.0729711421724026
-2.620531100158371,-1.7274656186151205,0.8436163606226871,-1.656578719573068,-2.085667064523131
-2.540367213217505,-1.824416916132945,0.8676832260016045,-1.3881630102678546,-2.1021219732194307
-2.7332015119478736,-1.2871702946870176,0.8354073787930604,-1.9557490667390556,-2.063089096193065
-2.882766014982164,-0.9923888089680539,0.8084590780056106,-2.421622456617345,-2.0408782082013124
-2.77402400955039,-1.4439349473623977,0.8870256853495059,-2.057003223498189,-2.0616426979067985
-2.9297763996374635,-1.1325020809752244,0.8488638791211954,-2.5028158330594352,-2.046556695618018
-3.049125990869038,-0.9305779934815435,0.7846409475639925,-2.8645548586441936,-2.030505133937058
-2.9037187458606706,-1.4480015869433613,0.8575604154869121,-2.412174301624219,-2.08055571307193
-2.793593753918741,-1.7054421270909534,0.8766399439041014,-2.0126690344905414,-2.1118849047335186
-2.9158039846274777,-1.265045238219107,0.8348445832435558,-2.4590617045698298,-2.057138971084191
-3.0233820745950943,-1.0419233317151293,0.7846327043841685,-2.8224587765461786,-2.0264312511681495
-2.8838097592728236,-1.4808745422384775,0.8451908291019959,-2.3735131533290907,-2.07950472245816
-2.7616681196973816,-1.7038806673903175,0.8527209631357515,-1.9590984368322244,-2.1186726680455177
-2.883819778804908,-1.244509387142204,0.8119437837441326,-2.44200105855869,-2.05887242669382
-3.002625897247144,-0.9670013364060804,0.767444897156987,-2.8128341359917184,-2.0158553361559317
-2.846486627492894,-1.437084680633782,0.8317695973046321,-2.3613896395799143,-2.066914798467078
-2.716082130851131,-1.7044638748555796,0.852657755503121,-1.955946708691134,-2.1036754859152778
-2.6078503148387693,-1.7794864501494592,0.8675105865801122,-1.6276488961631055,-2.091656391120199
-2.7711444961478167,-1.2644138132581522,0.808621024110081,-2.163958573075228,-2.039420446374987
-2.6739695257422786,-1.5591514303283143,0.8404218969795819,-1.8219400242704256,-2.062144264707285
-2.8314243575690794,-1.1720431994578147,0.801760348593757,-2.327851950391673,-2.0179312765323423
-2.743437310405389,-1.5030287034790621,0.8538199683741069,-1.9707234790035684,-2.0635750575610667
-2.8819080299313935,-1.1329763881345845,0.7957772382336615,-2.4526887031830378,-2.038352670924789
-2.7806346127736283,-1.4997728505803685,0.8284111721526477,-2.0801178931469226,-2.076456031856874
-2.6496191108261566,-1.691800548173272,0.8346041765139107,-1.7483187538878706,-2.091065254543938
-2.840530337560746,-1.2258107970439058,0.8206674111707558,-2.2221226057467245,-2.036853604731433
-2.7268329728921272,-1.5346199275975667,0.8526788114039773,-1.8947846664758021,-2.0710226795620623
-2.885643972383192,-1.1391011450646182,0.8009561154573884,-2.366049917515859,-2.0338213010424537
-3.01660408150247,-0.9146557029937966,0.753680333708228,-2.747208729360494,-2.0134546350393743
-2.8747973889283442,-1.3921342284052296,0.8280369552145138,-2.331571317289728,-2.0551231644011354
-3.0032417908385063,-1.0812581749036805,0.789875648699217,-2.7232543494836636,-2.042455196612413
-2.8660197985328097,-1.515365451238905,0.8400374538224544,-2.259911067954346,-2.083810349767281
-2.9905616436298375,-1.1438315822292584,0.7950101080853659,-2.6524023727017507,-2.0542419999232786
-2.858187093770587,-1.5133952909385706,0.8390284301733718,-2.2229134541284696,-2.095232907782719
-2.7403888947388335,-1.717455495108301,0.8453343544583274,-1.8435439620278025,-2.1085140717323627
-2.8793846679888624,-1.242458455764097,0.7903310048800338,-2.3181324233312286,-2.0694856668158006
-2.991751898797583,-0.9746738796851829,0.7739717247869068,-2.702886486685925,-2.034713789467428
-3.093935904283334,-0.8249589222335866,0.7518983121352375,-3.007499264235893,-2.026947929403479
-3.1747155004702288,-0.7758080485083216,0.7150669312450093,-3.272903471247621,-2.0184918403934753
-3.2352979981242442,-0.7493795150377444,0.6656289924054496,-3.4730081696155146,-2.0460892102747934
-3.0312848998363733,-1.3666530892534385,0.7720768826188944,-2.9077211979895745,-2.1004294817416644
-2.867993772907118,-1.667673585254024,0.8207433280764961,-2.3993277965796924,-2.115328428103475
-2.9591414294849576,-1.2343269111495432,0.7171242915341481,-2.7704175037802505,-2.067083539778787
-3.0257604058380894,-0.9906103592349953,0.670488312001938,-3.0559482152298094,-2.014521719585858
-3.095526265517552,-0.844385109402372,0.6311999225366782,-3.2802448495265377,-1.9936143741766752
-3.1588199189358677,-0.7686382852685253,0.6087133672531929,-3.4575202567036847,-1.994600240683505
-3.2291540468407454,-0.7445941819382949,0.5739915972023444,-3.587466401269486,-2.0002388953394736
-3.25419335773831,-0.7455960815674939,0.5663718125316642,-3.7070306923972187,-1.989304939451009
-3.0562185419331875,-1.3661839726959133,0.7159311665017717,-3.090937443192365,-2.0668095277141534
-2.889701668991469,-1.6627992842133013,0.7758273888275308,-2.5454553294283704,-2.1174924651070413
-2.941196722339373,-1.2379569049959758,0.6792741803683356,-2.8603664662768424,-2.0306971330947396
-2.771098973151607,-1.5758721401651967,0.728182305109316,-2.391580773596998,-2.0850352778434194
-2.6621944584431896,-1.7281585366525838,0.7674773856818314,-1.9769918119985272,-2.1041328900135468
-2.7966737296470225,-1.2463161850226094,0.6976473440305568,-2.422039651468131,-2.0174545851564645
-2.679792583304686,-1.5244330191599056,0.7584659819607938,-2.01927535917708,-2.0302769661646334
-2.57365998992291,-1.6819657036840732,0.7972213401018753,-1.6850413711490728,-2.026226591109146
-2.4907850311501822,-1.764349404432094,0.8227285187120104,-1.4119511360817136,-2.0324134698707597
-2.4178201914263537,-1.7842771878718438,0.8378503032307149,-1.1827396807127861,-2.0347792131284925
-2.387697125489018,-1.803153103025685,0.869818020241676,-0.998428370853901,-2.0155226014042027
-2.3531564550014195,-1.811936486905236,0.8882429065941256,-0.8501949555346353,-2.021629240334188
-2.35228348539927,-1.8241729211478706,0.9132869411046913,-0.7322484181826416,-2.0286284238086765
-2.607964278342386,-1.2711082164405034,0.9195869853096367,-1.4366682699470315,-1.9957402413587668
-2.814943492174187,-0.9784478810964925,0.8792049890475986,-2.0413029296694267,-2.015380887351931
-2.9779747819809783,-0.8389255629592661,0.8613987955969122,-2.5137026052937705,-2.0265639055003675
-2.896487963869444,-1.3783646475789488,0.9076663180414527,-2.125617188996477,-2.062995681059645
-2.795091855887029,-1.650116412657205,0.9102250616647317,-1.8065186030108444,-2.095891783253393
-2.9264518723304414,-1.215789224412022,0.8635851908076457,-2.304003214491087,-2.050998961498108
-2.7908846148604884,-1.5636256088749068,0.894003729022847,-1.9401502268475757,-2.0947663788409274
-2.6885440726926944,-1.746646234029159,0.9015666043562061,-1.6303156205572669,-2.0969945241242125
-2.8485193843020498,-1.2836837112728152,0.8534338251866261,-2.1491743688120772,-2.0389416803639366
-2.7515649842240184,-1.5808060691121786,0.8681528554452335,-1.8050921899167944,-2.0596119437510594
-2.6445213481220975,-1.7536124358264626,0.8937946984720986,-1.5242434762422967,-2.0787669117934957
-2.8075082519917696,-1.263599871051087,0.8562021918840239,-2.0697981366009977,-2.0505605772279996
-2.9465543584061664,-1.0049902769337307,0.816588559160918,-2.528904461251761,-2.031156733736518
-2.822292110040093,-1.4600884413353363,0.8693802016172502,-2.132996923648607,-2.0577668365926867
-2.696407778861287,-1.6870548529744231,0.9012360135390813,-1.8009836266591397,-2.0964245107775463
-2.6193535192623028,-1.7990752691436573,0.9111112801339735,-1.4914434431589205,-2.1138772402320254
-2.787765547435855,-1.3039786742785284,0.8703980936796456,-2.0391123464832916,-2.0509883035331997
-2.9253642712634664,-0.9877696038564059,0.8313881404700307,-2.494854582360316,-2.0200368766336063
-3.0449567004494202,-0.8454077271306428,0.8200080842074029,-2.8434206673784104,-2.0267969035137026
-3.143633954646638,-0.7644537664634826,0.7813517542158672,-3.1309647190747425,-2.033374130839472
-3.207513267809294,-0.7477597804020732,0.758495110721517,-3.3250059445172733,-2.0298405741539023
-3.259240155743671,-0.7143025357089872,0.7135205614793846,-3.5276315549688078,-2.0331984825710725
-3.060124845909707,-1.33719615478234,0.8238217854215303,-2.9564728099084343,-2.074870195122406
-3.11038003028769,-1.0652303942471286,0.7466212891997505,-3.1954336284626486,-2.0492544864158746
-2.9283019057889152,-1.5284542724795667,0.8089471595439242,-2.6532857296347125,-2.1123866492728847
-3.0257741445417574,-1.1850093495966576,0.7377595354280468,-2.9894294051679946,-2.0450491780110736
-3.0976633448052584,-0.975297100132425,0.6902894256259082,-3.2211085371459887,-2.0325859026267676
-2.895807862733747,-1.467944760389869,0.77271766058747,-2.6829610965710597,-2.0965983128817185
-2.744393814081329,-1.7150773970590687,0.8010133204060627,-2.211396591262288,-2.131090741104709
-2.875299436309848,-1.2446563230883496,0.7236700984385691,-2.611177368155168,-2.0472801550825994
-2.740572637396645,-1.5546452677935607,0.7795807843397945,-2.1820212935316574,-2.055983912633966
-2.8813608621039593,-1.156563813552929,0.7062521468164807,-2.6155134558953272,-2.0160090786152027
-3.0057393086844697,-0.9116044793441445,0.6808296142936647,-2.9491456987864244,-1.9927630216516896
-2.8730489757757085,-1.4103344108356992,0.7690702429117973,-2.4788244930759613,-2.046244243830074
-2.744641367749804,-1.6609056134843914,0.7965740567773713,-2.0816698370156113,-2.0721072530305884
-2.6185195785301647,-1.7572315771627844,0.8128822443924425,-1.735334022073875,-2.0902980141865326
-2.50881951357026,-1.8475628772769084,0.8142006233675055,-1.4447579769109753,-2.0791999795581795
-2.426561902385141,-1.843052463866534,0.8175778976825068,-1.2059374798920701,-2.0302256691537464
-2.389867795971331,-1.8170530651510668,0.8420271145843607,-1.0035293022202818,-2.01827730002046
-2.362300421781982,-1.8373636908873425,0.8637922634946493,-0.8342990202170857,-2.023333998480132
-2.592113212228999,-1.2926680313427887,0.840831587611122,-1.5355419342636623,-1.9853311532372317
-2.5461607209919146,-1.5476101685629637,0.8815133855715004,-1.3115919496164303,-2.0163877083392707
-2.756366422627956,-1.1671442122968199,0.877713882738283,-1.8972552447795212,-2.022513916079686
-2.697578516316274,-1.5084236719094677,0.9333852366739558,-1.6220172334709708,-2.039863090426046
-2.8610018086200295,-1.134138528873477,0.9116799149161365,-2.1566246684420585,-2.0346794943088367
-2.774858325953616,-1.5217862900392194,0.9365268283288173,-1.8257067360427424,-2.071923173680742
-2.927018133136874,-1.1621496329286944,0.9011585450731003,-2.309713192919415,-2.049252314405746
-2.8052885332895676,-1.5576383278838337,0.9351450687054733,-1.9566187813127411,-2.103172142027854
-2.9411252018852787,-1.19203105298271,0.8951008760606269,-2.4151010930420767,-2.0702498148874358
-2.816416678419298,-1.572301595281746,0.9149216780055921,-2.0412812933104987,-2.11019866206775
-2.962191781316893,-1.18812251815462,0.8509167409879892,-2.4914256434401807,-2.081671786112341
-2.82250673880647,-1.5569894016028554,0.8842404460395296,-2.099255939572604,-2.1200749700045813
-2.9463928314934233,-1.1789673254180046,0.8177526894305338,-2.504230058312678,-2.080649770579434
-2.8190898620912943,-1.5622038991957043,0.8675985678792716,-2.1168886239831375,-2.1208659287069445
-2.95377773361024,-1.1709312404888392,0.8324316844329267,-2.553054479831887,-2.075863057999152
-3.058233196527293,-0.9417296940975057,0.7783533888036763,-2.899415069328824,-2.039438532783197
-3.133200933286374,-0.8301472094817343,0.7532920072878659,-3.15373659510852,-2.035284103957246
-2.974841618725807,-1.3878198264392987,0.8298457859757729,-2.650908714334854,-2.0929667749498044
-3.051289389197582,-1.0813731858907085,0.7792780043426567,-2.9742460168239493,-2.0593361064983675
-3.1247295001066195,-0.9123863862997683,0.7316202552625153,-3.245125267004155,-2.0591578085565865
-2.9548572521789565,-1.4350304201507709,0.7922532593357168,-2.7311644245047386,-2.110314857890599
-2.8110866004640434,-1.6907235132415501,0.8181938670068023,-2.246918465391835,-2.1389455275498768
-2.928182068741402,-1.2278395046626578,0.7246634882580097,-2.632716614621495,-2.0732672067293394
-3.031722376714955,-0.9874248147479162,0.6885587718145485,-2.990310199523864,-2.0314945789970307
-2.879599342782664,-1.4502852731747875,0.7770085274666927,-2.505838641031938,-2.081783279311766
-2.9786858223862014,-1.09377463559391,0.7250432306525123,-2.8327399681439243,-2.0284544943379945
-3.0732278142001603,-0.9074265412780704,0.6657798592128371,-3.1329554918434868,-2.0187347051219118
-2.9132568071786804,-1.4124994620491627,0.7484355839122494,-2.618933001776776,-2.0918244633463527
-2.7694867892521406,-1.6538363061185901,0.8085788859228003,-2.1951966952421147,-2.1211539498699343
-2.6382068354733614,-1.7887888514530155,0.8194109660319218,-1.8134291340010489,-2.1090752228810263
-2.53005533492099,-1.8162341508716013,0.8337820308881809,-1.5048997874015044,-2.0973994604355233
-2.45283328789294,-1.8373939302518605,0.8465666457334025,-1.2546471421388206,-2.0667868542679475
-2.3861090780112146,-1.8271817819006104,0.8479728799398181,-1.040207656435165,-2.0441866418247336
-2.3384376883902283,-1.8434767998407426,0.8668193119877194,-0.8956817181251866,-2.0159860402711707
-2.5595747218828477,-1.2938768005327768,0.8500085861082054,-1.5646067458243762,-1.9957772715195705
-2.5218135508636084,-1.5627151618699713,0.8824737899549718,-1.3546234101098864,-2.002533025653701
-2.4728863758553863,-1.7089221190964048,0.9147959403456285,-1.148625906033378,-2.0093457532482955
-2.454963076548081,-1.778748667345944,0.9465994462206633,-0.9549932149015066,-2.013694251344352
-2.4377895454693332,-1.8173497204987095,0.9460490665540018,-0.811750756479627,-2.0233706217521195
-2.3980858773842075,-1.844228095553852,0.9786025080205237,-0.7008015470201218,-2.000840620480111
-2.59892017918645,-1.3293286049202901,0.9890902870202558,-1.413516069069313,-2.0010465020701753
-2.8091458488999295,-1.0231595939849818,0.9498995482852992,-1.9962914393529667,-2.0088706264136604
-2.7442540685322054,-1.4488844549163267,0.9818395448490758,-1.7341251783984426,-2.0440151131287894
-2.6944879092527807,-1.6914156083132363,1.0120236982526747,-1.4692468558128355,-2.077869831838476
-2.622792770810964,-1.8103841531106237,0.9954400858805482,-1.2568379235505285,-2.083674295820515
-2.56225630572176,-1.8756730772467445,0.9986992350322995,-1.0484693838251329,-2.100607957351407
-2.5119219694820596,-1.8898998340538375,1.0170430279503948,-0.8906105253970251,-2.0851195294555485
-2.7120087704691063,-1.3477612608019036,0.9895648467697559,-1.5525374081484304,-2.0618199253140497
-2.65162491472479,-1.6260537516684568,1.011619039558511,-1.346438638931934,-2.0772168431698104
-2.5820616693558955,-1.7781530680370028,1.0209899777950822,-1.172433814859488,-2.079278879742121
-2.525706651890201,-1.8357195234316201,1.0357750300897868,-0.9962317440613015,-2.0672942396755123
-2.480846912937516,-1.8705113875040502,1.0393920804591015,-0.870828787210855,-2.0504352968438972
-2.4626335179409407,-1.9071893064693182,1.0503888391479823,-0.7393795623210478,-2.0634503326144036
-2.4262886761341482,-1.9183702714197262,1.0437027690938598,-0.6188708396465292,-2.0433923808263392
-2.637180081379,-1.3530920973972849,1.0367466900760727,-1.3413377993519968,-2.033871419251537
-2.835349894308199,-1.056304492468333,1.0323295628184077,-1.9361526830236973,-2.063091642924351
-3.0030022172423414,-0.9000419167880592,0.9761420581775144,-2.420891217421004,-2.065532669754135
-2.8906609722165966,-1.418796623716587,1.0224699528349155,-2.068982847427644,-2.1062343676490745
-2.8032882269920107,-1.7071979193557176,1.0245349085715718,-1.7676897137281664,-2.1530792640680674
-2.7053549452939665,-1.847922734764417,1.0066856469025234,-1.4674816877945573,-2.1453823073712415
-2.599875232402432,-1.9044423997091968,0.9665392024388323,-1.2234227942160978,-2.145443778018967
-2.778810003478844,-1.3647340833221853,0.9384706131886259,-1.8310993784514256,-2.105222466716834
-2.700077770161703,-1.6310650797349464,0.9662185670912079,-1.5796772339800127,-2.1172863619028153
-2.632923973733034,-1.7858802006351793,0.9659833816932724,-1.3475340595954872,-2.1262569071398447
-2.5692077713201167,-1.8822894395439829,0.9852094163453374,-1.1259839919955628,-2.1427202289359784
-2.5070967845087284,-1.9005458746931119,0.995277819387202,-0.9613452724920938,-2.12805956264165
-2.454864695676123,-1.9017471673311752,1.0112690432777216,-0.8135864287621344,-2.1082612362586928
-2.6777196781974486,-1.3440740408849348,0.976244765111818,-1.4881626117931739,-2.07409904453978
-2.6144974528951836,-1.5905375971743843,0.9934421319980533,-1.3036621237149573,-2.063696272692453
-2.5785737755679903,-1.751086167460036,1.0000499355590233,-1.1150372633152736,-2.0925584933194292
-2.7947928714801233,-1.2556627501949023,0.9768294441654214,-1.7522283497085855,-2.06506274128584
-2.946617968352431,-1.0257306712367213,0.9438255215927125,-2.2552543996818084,-2.068467883166245
-3.081958045555976,-0.8740775164752822,0.9146412497163883,-2.6733105856917025,-2.071831699931031
-3.1835159672682525,-0.8103165006819821,0.8646028272148748,-3.0094992555493745,-2.081579055889325
-3.2460958017053043,-0.7694673249456369,0.8325978350905313,-3.276242246446372,-2.0661854275442786
-3.0621145552370503,-1.3837972851041755,0.8967964828985532,-2.7673812851978594,-2.127324840401696
-2.9025930174958523,-1.698332584529387,0.9097779804339077,-2.300498472909361,-2.1680762845463106
-3.0042483228523187,-1.2544388392108874,0.8300350693155191,-2.6765002328630443,-2.1084997790289686
-3.0675231599186468,-0.9868283545631917,0.7783153971608677,-2.982062233452048,-2.066910618775323
-3.1358363234382685,-0.8559686988626376,0.7258396997140395,-3.260417968580712,-2.0560084249393387
-2.971215099037214,-1.4084809027757597,0.802975513449669,-2.704792585265812,-2.1047208674726976
-2.7900266907374194,-1.6897607967276362,0.8351389750508643,-2.2631089359868213,-2.1322436302470256
-2.902098451907396,-1.2582425328671216,0.7507686232536216,-2.6543805751982408,-2.08129492205302
-2.7694784780101096,-1.597202913263604,0.7978185306129919,-2.2182565147466997,-2.1104530614869463
-2.6300586194305486,-1.755008866535098,0.8463626470991424,-1.8739833717811176,-2.1224333403845423
-2.513674486049582,-1.8356100663361137,0.8635445334972713,-1.5755229008146372,-2.1085872703108275
-2.6981191384796217,-1.3036526532757555,0.8205347098016587,-2.1110516485325066,-2.04494313111074
-2.6338495365481958,-1.5704200391554237,0.8473179284448783,-1.7781663226731248,-2.0644719280352533
-2.5653181647883225,-1.724984295087695,0.877726686913194,-1.5059375472881191,-2.0824851692296025
-2.4999502483217513,-1.7995952650251417,0.914114103051723,-1.2771329565894365,-2.08539882013675
-2.442362072964768,-1.8392847882841037,0.9184628019257052,-1.1052233543389056,-2.0701156623532775
-2.4228385973465953,-1.8665053576850517,0.9685450582213032,-0.9141754302370902,-2.0749079337103926
-2.638898606643788,-1.317480291941484,0.9195399261914409,-1.5779747828356634,-2.0517109770762105
-2.822871653304007,-1.010730373615817,0.8966483954554166,-2.130688090537498,-2.0474414422623957
-2.7819386223367992,-1.4539703261866783,0.9454170416340469,-1.826902003512749,-2.0806062949536788
-2.926549398164873,-1.1262577131222118,0.8937823763729077,-2.3263758026970565,-2.0706606431888512
-3.0348034194895295,-0.9456779609721603,0.859862504296837,-2.711185988856352,-2.0713854992635117
-2.9230833871797417,-1.4413292352149851,0.8936728899139215,-2.3014662438377824,-2.115645215613372
-3.01334367100952,-1.1274969647803272,0.8426596449500066,-2.6924977595853417,-2.074237326312059
-3.1030540136801927,-0.9462420615863669,0.795227033194987,-3.009702552093084,-2.045168388325876
-2.9602517529669288,-1.4626436738239672,0.855136185712986,-2.506210711911416,-2.112689392926627
-2.8081978120946265,-1.7093943119530166,0.8570384425720523,-2.0976904150879263,-2.162569698289859
-2.6787125855219016,-1.8420258469604323,0.864159084707882,-1.7385168823809052,-2.1740000920813927
-2.8280061765748683,-1.3124279697111023,0.8067226159821377,-2.2400551150799144,-2.102330132653202
-2.694975697759703,-1.6127808150209113,0.8506817717109569,-1.9063745019443032,-2.1237123155142297
-2.852475262482169,-1.1900238482221317,0.7943446092838707,-2.4011384247504615,-2.0754734629582154
-2.739452452304538,-1.5400005196498434,0.8367506016627527,-2.0197527514214904,-2.0893268684642887
-2.879735452036603,-1.1543634207016817,0.8028667067919908,-2.471266330339377,-2.0532757621007183
-2.995333932437336,-0.9468426559029536,0.751857583981976,-2.826471037149726,-2.0338925955575715
-2.8800965979284054,-1.4277562740277336,0.8472050611087989,-2.3757035090890692,-2.0589135723775898
-2.7484092952996773,-1.7065939014065419,0.8793664242463511,-1.9971474918842378,-2.0862859172374053
-2.888574031127514,-1.2553105604972874,0.823089984070144,-2.4477347843029786,-2.0401301217268757
-3.015932064112126,-1.0014596836372551,0.7761563482008661,-2.7979125334369526,-2.0320921177465783
-2.8611191190218244,-1.4564879538018778,0.8477506000873538,-2.3742567185440944,-2.063809770962644
-2.717080325506707,-1.692731264903485,0.881192603742004,-1.9839858342507914,-2.100890461812368
-2.6070281891406397,-1.8198867699980692,0.892843525689885,-1.667436558744832,-2.129472599032119
-2.7615293579419133,-1.2992086038251867,0.8257627128688367,-2.1786475477326515,-2.0499387683761032
-2.6588139218862286,-1.569896073103044,0.8592404827520587,-1.8421823826527413,-2.0513724327939356
-2.5800192132235944,-1.7223621875490494,0.8862435333109283,-1.5434129526752844,-2.085502523027037
-2.759032897268441,-1.2384611746390362,0.8266599337603117,-2.091853687838058,-2.0284488754280328
-2.9157928403406657,-0.99703443211108,0.8100902401447908,-2.5451038947625118,-2.0272318849102278
-3.0277241398443695,-0.8492155680431763,0.7701071129108534,-2.92004051019382,-2.0100796516790784
-2.9063143547633845,-1.4067426838017043,0.844673297964807,-2.4632619205751234,-2.0707842236955223
-2.7980356110232534,-1.69153830199221,0.8742535169037152,-2.0639036555146983,-2.1195764769776653
-2.6721138931389916,-1.8322341997313856,0.8726380165902674,-1.7146148715434342,-2.1216075606373206
-2.8257131307446595,-1.3225220541742206,0.8250304788870838,-2.198295821795893,-2.056519185622273
-2.9612197108154654,-1.0323981180347364,0.7904717515155182,-2.611025754533248,-2.0244530398175113
-3.0690660999956716,-0.8605148157663305,0.7616693479398693,-2.9585748129911216,-2.0264710940092354
-3.143313619582308,-0.7876172594355757,0.7269850650205476,-3.2106971761739476,-2.020767143704111
-2.9818249355403355,-1.3812905404833573,0.7985289489948898,-2.7133350077971046,-2.0849509824964096
-2.838898377296906,-1.676915650281353,0.8229416362178823,-2.240894089158372,-2.153744898609982
-2.69864469135559,-1.829202543492271,0.8418417361956921,-1.8578278775953014,-2.1506564957378256
-2.5908667406547474,-1.8774497225143914,0.8373216739997189,-1.5470288899475144,-2.121589067475393
-2.5022864712524426,-1.8933065381318708,0.8368253780777876,-1.2746822020983115,-2.1235790443388343
-2.68723811305688,-1.3295477621172278,0.819441738890215,-1.8571444569237203,-2.0675766715871644
-2.6122615844249455,-1.577063503085508,0.8565199803640907,-1.6034177254867272,-2.074866402199255
-2.78371479918598,-1.150399605219269,0.8339118459157636,-2.1423178464935284,-2.0305419826888884
-2.9139146989001548,-0.925871745962286,0.8067812297068879,-2.579015608201635,-1.9990691674855
-2.8154879484569153,-1.4029791521265642,0.8724356093467697,-2.179861049238266,-2.0178036458008566
-2.9628758998321136,-1.0772935271752266,0.8301788926710917,-2.6130667267573306,-2.0237233685049887
-3.075337021751458,-0.9065676731122257,0.8037848118532888,-2.937507241009579,-2.035027961997884
-3.1513762590487855,-0.8124439025545769,0.7601150068400843,-3.197601957765449,-1.9973817157653126
-2.9802136364844163,-1.3780323323135368,0.856296400814875,-2.7076234719157783,-2.0743690180272942
-3.0661992009828607,-1.089252847597502,0.7829449465592665,-3.0070028913592073,-2.0393438735915583
-3.13234623460521,-0.9164668880259951,0.7266225045832742,-3.2224044256248208,-2.0258580930758594
-2.9579903184343888,-1.450986046641557,0.798274986340101,-2.6956000802276727,-2.0926325009708977
-3.032228574042933,-1.126156471136161,0.7318765302321242,-2.990734606548685,-2.0434296618356838
-3.0906484289361744,-0.9459154878534505,0.687039675895981,-3.253233021418608,-2.019288900632904
-3.1639638124806373,-0.8287855015205962,0.637479668061361,-3.4368178621413836,-2.0212505349633956
-2.9719551561911364,-1.3990805459922067,0.7459787170839904,-2.8669268429197894,-2.088019461936991
-2.8037909157554055,-1.6709631033982868,0.7813064297134661,-2.3688265535948116,-2.13961021673618
-2.914305462196433,-1.2190327941752843,0.7153989646621441,-2.7311450490552334,-2.061027343147886
-2.9972310400054103,-1.0020406839369447,0.6622899636201038,-3.016551482306519,-2.022619196591304
-2.850486759886459,-1.4528831763801922,0.7490915561230694,-2.5290975374193088,-2.054475550698766
-2.967255515192109,-1.0869639771667328,0.6881977043888231,-2.8767303071218118,-2.01581863460512
-3.0415984532213862,-0.9008224832706457,0.6665445160792289,-3.15493200920618,-1.9774410750834703
-3.130152804823117,-0.7923454713997353,0.6326621184272023,-3.3690731182831932,-1.9604809874584552
-2.937702326919703,-1.3645352559663169,0.7432572666913985,-2.8277278816746487,-2.0212798929926574
-3.030262865337466,-1.0673063263606415,0.7051123333939248,-3.090851016132659,-2.0018603011261717
-2.859930893086447,-1.4974641452934334,0.7510694110248977,-2.5962567472866898,-2.061340062937411
-2.956209562421104,-1.1327582326796377,0.6767827585628442,-2.902217483119722,-2.0068396361912555
-2.770862374963814,-1.523098692632869,0.7271702169479967,-2.4391783996018876,-2.045099446218443
-2.896299663958111,-1.1340669100058611,0.6685731774936116,-2.788558660918772,-2.004994935506627
-2.98670243560337,-0.9322547542871055,0.6275883870051159,-3.089274845133123,-1.9583012911398958
-3.0711164208898216,-0.8013576989377686,0.5980526779984707,-3.311343168000168,-1.963217352228908
-3.1570377816613653,-0.7576671645292588,0.5534723295743715,-3.4904236694361677,-1.9717908943809954
-2.9875853071269436,-1.3545617165692398,0.6842202605095468,-2.90744388997771,-2.036393789306133
-3.074771231493131,-1.0801055406047033,0.6401747081480169,-3.1534087152064454,-1.9995865225423928
-3.1293182337232577,-0.9027586522913131,0.6114754783013916,-3.3450639615552005,-1.9879091045280122
-3.1799741265381924,-0.7988844581694639,0.5673968598073703,-3.5277817160706197,-1.9737470629476361
-2.992485003119593,-1.3735081596448588,0.675103405083389,-2.938095406201309,-2.0287056411275493
-2.7969848602475853,-1.6576016433313072,0.7113388237486467,-2.4153375428308532,-2.060940223855859
-2.8796789206884132,-1.2162009194433736,0.6190568393228445,-2.761218851334665,-1.9962292570127025
-2.762171265773168,-1.5245248276716954,0.691981928926492,-2.2891121205038605,-2.0346129125606045
-2.8800640070035004,-1.1163519328041867,0.6404303728398937,-2.6834666110194942,-1.9835608106432427
-2.9906634368649057,-0.9007608114732961,0.6175434461759707,-2.999067953086774,-1.9545904542486887
-3.0859102229078545,-0.7891646861673886,0.5942901326690598,-3.251917604756275,-1.9661696032631646
-3.1482188088061944,-0.739328872841259,0.5840277367633431,-3.4437835387116453,-1.9444386303768024
-2.9911690500949684,-1.32971509697659,0.7019969823723473,-2.8869684049356827,-2.0081998858740393
-2.803313433028893,-1.6512755416902558,0.7598646132726166,-2.398676988403462,-2.0771735271403995
-2.664478364012465,-1.8002320712859707,0.7651940621605855,-1.9662841723361837,-2.099722796319452
-2.8034599779260465,-1.3197399593161265,0.7065009939499969,-2.4230019772465834,-2.0209814244229545
-2.9131439106543184,-1.0139288006016645,0.6660216344771425,-2.79025510169411,-1.9858907390966187
-2.7972006936526497,-1.4390681128754275,0.7636047903139149,-2.35327323522116,-2.037550532992828
-2.68435565964477,-1.6683147008963568,0.8052727051153157,-1.9462791950291187,-2.0818607823899336
-2.5700838281207132,-1.7687977228847074,0.814882985141952,-1.6233511397913667,-2.072224866745782
-2.767251325134505,-1.246691532918962,0.7569108030144871,-2.1467636829176033,-2.021971964226218
-2.9164167062025936,-0.9913092905989938,0.7301999284143695,-2.5847157300369528,-1.9958793675459428
-2.8191834283228503,-1.4254421237892811,0.8153523817970629,-2.1780283973294,-2.0519321133385557
-2.713380677185616,-1.669323796221281,0.838116582916966,-1.8373591500192896,-2.0707348776621326
-2.866336905992021,-1.209097945615118,0.792083877930667,-2.3133882764896314,-2.0369108963215483
-3.0025130516754173,-0.9607182280095036,0.7408347583292613,-2.7171686503759074,-2.02550791110858
-3.085874158246813,-0.8511141483145873,0.7192296640355792,-3.0173684912525993,-2.0158005918101036
-3.1865616544856956,-0.7943494598498906,0.6910127115053059,-3.2403612172086884,-2.0139351417067486
-3.2259505261356782,-0.7780310042314023,0.6720196694687827,-3.4257834340393103,-2.0147897128100256
-3.0594008079185016,-1.3747492930447045,0.7616215189271383,-2.889262270399924,-2.0850624122010646
-2.8787834957113954,-1.6732471630398114,0.7883650597840854,-2.3720507059738076,-2.121885552331831
-2.7201748951027374,-1.8035989263511076,0.7850281742441869,-1.9476270318097328,-2.1313940734214913
-2.842876138413765,-1.2802321193658865,0.7302575718123866,-2.383449387676982,-2.043792777173296
-2.715303380556023,-1.5620589732312873,0.7830922732470931,-1.9994929027260642,-2.058606047172314
-2.6054316754223152,-1.6992545956831566,0.8107056728587746,-1.678003486630754,-2.064359454485427
-2.5049678022819446,-1.7693659173853291,0.8143084076994219,-1.3950296586208981,-2.056811720832813
-2.4256829188125124,-1.8142561500626622,0.8424382013900772,-1.1729988875377961,-2.0366491653447216
-2.3792743304864543,-1.8189364885101198,0.8699525231611807,-1.0008597501163092,-2.0082755753051478
-2.353286422409964,-1.8293084516192764,0.891234684551477,-0.8376287959243566,-2.01565557305327
-2.5884424359453755,-1.2689261844917807,0.8856229761414689,-1.516521717845705,-1.99463622679011
-2.5518139368921076,-1.538103412987232,0.9167914366614345,-1.3171122515038092,-2.0076526942693587
-2.5122213599114107,-1.705744227604235,0.935471308649774,-1.134997766773492,-2.0356495399756063
-2.5088956427224147,-1.7831176847877557,0.9581419137093474,-0.9554963381281909,-2.0433910229648675
-2.4894594643636783,-1.8384117106399906,0.9902837067966075,-0.8126843782897648,-2.057353565435967
-2.6884492688278514,-1.3078334069426807,0.9808813660549331,-1.4959258252100478,-2.027662659150592
-2.8633206636369395,-1.0104311014662317,0.9384867411898982,-2.063663500121816,-2.0376608382664045
-2.815276061656942,-1.4586676732475923,0.961006453627062,-1.769891385679959,-2.0912621115105785
-2.7288387316202165,-1.7091414957982385,0.9919175823132844,-1.5056732752400257,-2.1163441947520303
-2.9004084058887134,-1.2547658676751776,0.9471521675163894,-2.0614650699030217,-2.0879267896248344
-2.8081935298569483,-1.5944041793822246,0.9851696063002496,-1.753482723837952,-2.1090834898537354
-2.950094693781465,-1.177001138820837,0.9308628538661984,-2.2425964818492288,-2.072898630319376
-3.065508182734818,-0.9591967790246556,0.9024570413486038,-2.67557185795173,-2.065295012733012
-3.165627280221742,-0.8352157360325471,0.8476015005683238,-2.9873316828791108,-2.064154934814663
-3.002689337148791,-1.3852028998489334,0.9083418112115884,-2.5254459249596932,-2.113967780519996
-3.0906612987734605,-1.1115371282771522,0.854858545767307,-2.86959669599998,-2.0893982099219595
-3.1629373445855764,-0.9316460283825283,0.7869851304872792,-3.142817098477484,-2.074839990169826
-3.238652146518104,-0.8400912072237232,0.7524329429554382,-3.3573726117864973,-2.0489657437307285
-3.0435141268047183,-1.4096094851171497,0.857599931783236,-2.8139981032874393,-2.0892168462940024
-2.8621243270998047,-1.698813915559669,0.8692543504027271,-2.331917413473659,-2.1553978551922555
-2.7139212840399214,-1.8579162558567432,0.8648969655713231,-1.9599103980131376,-2.180737683963818
-2.5819730911925656,-1.897617140964995,0.8613990308741166,-1.6307298712511689,-2.151437029787189
-2.745246866874357,-1.351019208620391,0.7864495474849845,-2.1448911775044732,-2.053827583521727
-2.662526002715247,-1.6006979134350696,0.8288429593565121,-1.810323767811889,-2.079236430561062
-2.819366183898863,-1.1785262752063448,0.7758408758188978,-2.321037200098141,-2.0270184691523374
