h0,h1,h2,h3,h4
-1.6448060200017094,-2.2382376055181603,1.3184306431110604,1.201071760420949,-1.8046986797735767
-1.8398745964696004,-2.092960779602127,1.277245286898462,0.920461750176851,-1.8243672329068648
-2.015244456404423,-2.0274496659507797,1.2677639256155493,0.7114443339997782,-1.8579294873022412
-2.1399213158629875,-1.9879725366291083,1.2542046870027344,0.5083898723937532,-1.8823796581761958
-2.2400509442459535,-1.9633726173252657,1.236161694560137,0.38414985632374116,-1.9378473943853114
-2.3411225645640488,-1.9738298237293426,1.2393725495304897,0.26813403067608077,-1.95412105050169
-2.426592206026714,-1.9604329424700304,1.210606336003444,0.16356106998215258,-2.0041185482456307
-2.472243415452973,-1.9729420100581672,1.1908809800047906,0.06649492096289672,-2.035911185585589
-2.485960203335328,-1.9711876139814448,1.169306740597007,0.011052881107674732,-2.059020908543697
-2.501419178861061,-1.9680327689601167,1.1705671121352734,-0.07094272978860716,-2.070163136015254
-2.5184069770695645,-1.980980358770448,1.1878856392741588,-0.08789786630314085,-2.071356848084126
-2.521303221080266,-1.9754950524309536,1.1845029060099814,-0.13174145769725698,-2.071514975549696
-2.515863842762833,-1.9643986365410024,1.1920894360222627,-0.15519551220629776,-2.0850693026028537
-2.4971718514653527,-1.9779490151254828,1.212549443247032,-0.16319342490933136,-2.06404725476301
-2.688284759079826,-1.4930838953921,1.2258115203957374,-0.8428287975426116,-2.0927871397928737
-2.859931597615493,-1.2173499040300158,1.2020950751660617,-1.4154894171341927,-2.117409228946125
-2.799186156952042,-1.5581224282622528,1.1665873394285045,-1.2578420747588244,-2.1255362101389794
-2.7319262265478943,-1.75519366831944,1.1473834327506736,-1.1063914445619611,-2.1143862195191625
-2.66306459566243,-1.8556985750719215,1.1357481423779976,-0.9534846402471645,-2.1304427132706323
-2.595184895008815,-1.9147567927067433,1.1252802676322555,-0.8098093509144434,-2.1257537102508546
-2.5185853735116566,-1.9432599171058706,1.1288507539931563,-0.7009144656055707,-2.1221862536102845
-2.4655627269511617,-1.9431287958941479,1.1142320636903007,-0.5962445496121832,-2.101597077532263
-2.4319546846229634,-1.9493129959902091,1.084391066944103,-0.5234807825118445,-2.1081943467588844
-2.4303401526423514,-1.9445559481273114,1.122903589230564,-0.47047902548874476,-2.114706346858693
-2.431767289453155,-1.952899079782419,1.1291424475658678,-0.3959533562119193,-2.1103989646264316
-2.4295160839957286,-1.9682916284021026,1.144650447408722,-0.3732369284150414,-2.097296477020526
-2.422024314301522,-1.9309001172338283,1.1532816916167228,-0.3477557048872637,-2.096763116743608
-2.433835285226664,-1.933413564667712,1.1710332566176458,-0.35240755159185244,-2.0911384776725703
-2.427024928409215,-1.9092120412044875,1.1666393858945503,-0.31766409044729277,-2.086873758503799
-2.4377645364462177,-1.9325917793125218,1.1743822869754423,-0.29688932473232427,-2.076295249291408
-2.4352861667734604,-1.9213838917026362,1.1737638129405898,-0.29150671794755184,-2.068348122066637
-2.4228976794677792,-1.9295609865044587,1.1928345848276531,-0.28571143822734724,-2.0647129954293915
-2.448237328539532,-1.9224733665244842,1.1642789157044673,-0.2636448326575689,-2.0801879691711975
-2.455209865853937,-1.9311518798071656,1.1603025823246045,-0.25307482370143475,-2.083788252856524
-2.445902154597334,-1.9286909877964755,1.1510415542816659,-0.24622619142289265,-2.0680449707590607
-2.657188176381441,-1.4726938551748125,1.185181437580308,-0.8891081970112931,-2.0810514876781436
-2.8304740561135744,-1.2143213336506684,1.1532162264292483,-1.4629526303168428,-2.1286340255696428
-2.773885395585435,-1.5578369321730097,1.1310833866813412,-1.2857074217177733,-2.1504363704770477
-2.706053848342554,-1.7503348794045146,1.1201418866226018,-1.0971961885889998,-2.152095035555509
-2.6468292982980137,-1.8670425708765852,1.1023797854005524,-0.9441344534630511,-2.146220646667405
-2.603834621084862,-1.9049889018686559,1.1025302675805757,-0.7885525266406441,-2.1263298790765885
-2.5450358031563,-1.917709826296182,1.101637266155943,-0.6727826189237697,-2.100770038328004
-2.5087854777659113,-1.9245174088882728,1.1000709678905425,-0.5991094254196846,-2.0938665064796127
-2.4613883460210073,-1.9131648585950023,1.1023751923909257,-0.5157867523622608,-2.103908128859963
-2.444167231583639,-1.898759792412839,1.104642993657136,-0.4623866621163998,-2.0909153177667847
-2.4282414617677035,-1.9078861281461381,1.1151113711875098,-0.43234406832016814,-2.107722530137502
-2.6071792108258656,-1.443356315863312,1.1270674142382113,-1.0608357538729853,-2.0967166217330653
-2.775237045266563,-1.1899242097304283,1.0998764867580402,-1.594186434144356,-2.0992563518616545
-2.716158680300738,-1.5369557786342887,1.1148088233293665,-1.3998873826139933,-2.1063222461709343
-2.6617690148759294,-1.7463010701660489,1.087839633070893,-1.2093905650165542,-2.1018569765010082
-2.5969412087681873,-1.8412622893670032,1.0799061635637548,-1.0385204718289434,-2.107107182001169
-2.529150084086101,-1.8962401994736997,1.058074755526274,-0.8748155019131953,-2.1109983384692814
-2.48795015948127,-1.9090709970976074,1.0544068878957444,-0.7411253426670418,-2.097473516059015
-2.46529651586578,-1.9231328928709939,1.043231067988285,-0.6337175701651689,-2.0914782536301
-2.4345377344570394,-1.9150193502958766,1.043330276755263,-0.5445434108419699,-2.079701951600611
-2.39948624417955,-1.939978401621854,1.0727355070676965,-0.4794081448339085,-2.0740573027340052
-2.4004313217496613,-1.906282957930342,1.0706890488313305,-0.4323802560985134,-2.072967521026742
-2.4063628857268187,-1.912166828396803,1.0770214288687339,-0.4109586880936667,-2.0487210721698164
-2.4105308699266392,-1.9135299795278768,1.095533335960744,-0.37657121682776873,-2.0586107472927098
-2.420700368827414,-1.9148032344130226,1.0892174014255351,-0.34462726685980183,-2.050643136229204
-2.4085769203946543,-1.9139147242001846,1.0985539117102543,-0.3002120280294954,-2.0512100303867817
-2.4168383808030436,-1.918598364970405,1.1107182104351383,-0.2973353187420156,-2.050253098760031
-2.440603428959074,-1.9225403690726535,1.122334108609724,-0.2984636206840652,-2.063682381873869
-2.4246962712849216,-1.9341903083149425,1.1504786695877098,-0.2801875975674655,-2.0711782393397304
-2.609845088135569,-1.4819496074781284,1.161629751919809,-0.9511013029402067,-2.115342836569619
-2.7852674478726085,-1.226965717085461,1.1350823051463546,-1.4905097929623579,-2.1486520753045437
-2.76055357564677,-1.572278871756761,1.1170272720055179,-1.3119385741742644,-2.1333318812817335
-2.6950868463061513,-1.7670619536356338,1.1055796127024735,-1.1309418441565473,-2.130653270280711
-2.829007848775168,-1.3965497059407743,1.090395502750276,-1.618012733530154,-2.1069860730004266
-2.9431913455326932,-1.1707660643544036,1.0846294421879445,-2.030936973460844,-2.124906824366624
-2.846458692455451,-1.5616238878173747,1.06632877544964,-1.7407419201171952,-2.1381250723485428
-2.750476351008768,-1.7655800974871492,1.0582643438905304,-1.4622253869570914,-2.1614897834801194
-2.664794702189377,-1.8592129149915733,1.0515209845177358,-1.2297228372445022,-2.1696693107746223
-2.580117982810968,-1.9090124114137432,1.0474489353592893,-1.032238210482354,-2.1590644032730886
-2.5072011414545763,-1.9284746313908034,1.0358286520157527,-0.855932226530207,-2.1454960945836254
-2.4620644568335104,-1.9476580987388141,1.0581446239454209,-0.7376661320562287,-2.1153717505237415
-2.420764556884766,-1.925750022069466,1.0616539189154655,-0.6382705380211713,-2.1096889726485
-2.39726539333818,-1.9209347354879658,1.0732726715115286,-0.5571453327467554,-2.0699589005512675
-2.3833275937748506,-1.8928114416076987,1.093463518226255,-0.5035317016976861,-2.0578645596149756
-2.3787139705390277,-1.8826269871028467,1.0864970773511489,-0.43415155984770476,-2.079112919576132
-2.3852821208564605,-1.889114671637456,1.1133258353750242,-0.41611695892651923,-2.082066026801321
-2.370484041027865,-1.9009166499982924,1.12184769943154,-0.3909706504673174,-2.079559562631827
-2.390306682828723,-1.8821249832566023,1.1334389942074616,-0.3646382222454363,-2.09891020536798
-2.359836003501414,-1.8770827025970014,1.1322044860465543,-0.3382293065774227,-2.0693274903085515
-2.3757162768808584,-1.8934168333269839,1.1110383677098865,-0.3112917662755523,-2.0638280167147363
-2.393672568013097,-1.8856001189488076,1.125817560390256,-0.26790461098678675,-2.0517147139470646
-2.373207704965659,-1.887030502386089,1.1319518192876195,-0.2475979574620955,-2.060500861308377
-2.4039915795099995,-1.903124883702062,1.1341420814177763,-0.24957158312849367,-2.0559202369030345
-2.4074916864234495,-1.91333084474669,1.1412110178627588,-0.2468905099937393,-2.0518965147294153
-2.4269955938614354,-1.898886502222681,1.1356257902837386,-0.2566389675883841,-2.06520127780102
-2.442164860677726,-1.919038699638494,1.1327356271625657,-0.23622390559055437,-2.0861472089370734
-2.428936151420783,-1.9322182470705513,1.1439401462634167,-0.21702260993019193,-2.0718086289720836
-2.447564602276917,-1.9038608971139286,1.145574753266646,-0.21581697750613216,-2.04367771961738
-2.4269070152392778,-1.9256381781196015,1.1464371866106333,-0.22541818149289167,-2.048035708706367
-2.442736103171079,-1.9117266491020077,1.1443215248949798,-0.21576966460082644,-2.0561119803426258
-2.4274156074778745,-1.92321255194787,1.1595793402220407,-0.2143430819042907,-2.0582079865527154
-2.43179099983889,-1.9368953240216193,1.1737456533432122,-0.19355101811034317,-2.084738438246403
-2.420509768592287,-1.9400700506251352,1.135738965509937,-0.18160901541251748,-2.062531972489582
-2.4260046230175054,-1.9454242321091124,1.1480838873028074,-0.20259047667089866,-2.061845335096478
-2.434258494856234,-1.9424488924614025,1.1449414814914487,-0.18571218323839828,-2.0582371369044448
-2.4508679286861876,-1.9349466804296973,1.1529501428603743,-0.19968344441216293,-2.075100157380115
-2.4458477994895422,-1.9177310819388431,1.1443695006577395,-0.20446894809421182,-2.08486990115045
-2.450465970179115,-1.9147125829747695,1.1384749344280436,-0.19130823370452163,-2.0775324263983572
-2.4538302155986353,-1.908008280317513,1.1409920284761192,-0.1685725295333875,-2.060568454709875
-2.4618349267731476,-1.8913239819694252,1.1552902118489876,-0.169688221976427,-2.0634095807363444
-2.4608943328371087,-1.8944745327857864,1.1812645737497607,-0.17152688710835118,-2.0596604665138387
-2.4583617052118054,-1.8895895047444558,1.1961317026106193,-0.1988935089325421,-2.0540527586156236
-2.4311193280030317,-1.8836109740948377,1.1956571540274972,-0.20470784645246928,-2.0394651577888046
-2.4522000787959057,-1.8913256376394427,1.2039996110629596,-0.23830675173567745,-2.038568677670322
-2.4464555787509057,-1.894147506499489,1.20651100018011,-0.2347743238540427,-2.0374144529330898
-2.4470814348974543,-1.8903862958023014,1.207746434932792,-0.21363546099268743,-2.059026844231301
-2.4379418897915652,-1.9075632150022668,1.2191002834653004,-0.2115427375642454,-2.085060219191302
-2.442790623848538,-1.9142417683717656,1.227242779927832,-0.20898457805825515,-2.090325287447179
-2.4345719188409647,-1.917968480652744,1.1968590788457316,-0.22120125765656942,-2.098725546413574
-2.440703001634122,-1.9180661665324188,1.2109018449380575,-0.22210458991597182,-2.087389798936287
-2.4386770651751086,-1.9232974408856367,1.2093025288456656,-0.23335261776068994,-2.076978129084165
-2.461445103667343,-1.9279919607242593,1.202823326422465,-0.21479618247133664,-2.1018773607133276
-2.447587716480434,-1.9330787535567648,1.196508451017354,-0.21526395305890877,-2.0925197250390535
-2.4313016141537043,-1.956394262531432,1.1845718130610852,-0.20907273220031733,-2.078359863214049
-2.4285724566638596,-1.9284290861646072,1.1821623007806685,-0.22423699608390418,-2.0734176756941705
-2.4332452475037485,-1.9334524135140623,1.1883594436124327,-0.2007384790567047,-2.0687187238576032
-2.427471597655293,-1.9212687863322002,1.1896122326682257,-0.20022997134130263,-2.073229609986624
-2.4406912697762726,-1.9130638056422673,1.1995894391616868,-0.23824607505554007,-2.0687282559800777
-2.443226716063902,-1.908262196647684,1.2108601035942244,-0.21208703641744,-2.0613697538080618
-2.445062000008663,-1.8996471924462546,1.1945108597867338,-0.24150801470795435,-2.06165234296967
-2.4435373372425913,-1.9040954691078562,1.2105207988251758,-0.21908171615154579,-2.070046883060625
-2.4423672237408307,-1.8975023910821678,1.19820237855558,-0.22964373953832012,-2.076372257954933
-2.4490904873992734,-1.9003138535621806,1.2061247379831157,-0.235743534137555,-2.0940634116345884
-2.4471112837352615,-1.8993544974094183,1.202559005206099,-0.23200145439985878,-2.0828180404782835
-2.450785607668053,-1.9134984669688366,1.194865614308419,-0.21731914769713384,-2.071600585266249
-2.4579114077955517,-1.932437306837828,1.1799744999648099,-0.22885389738224554,-2.0818366286609358
-2.434030610244459,-1.9347135133115752,1.1918811101519047,-0.22357790121011528,-2.068521896387511
-2.432265159843536,-1.932891742813492,1.1840573858852568,-0.22171307556185837,-2.0562431826509777
-2.4437024224243107,-1.9189634212988274,1.1875393348276428,-0.22683455318938361,-2.0640634616591846
-2.4192589008718968,-1.9091598962602305,1.1817442515237404,-0.2234765941549813,-2.0516571017538774
-2.4390198601964657,-1.91509156512597,1.1885294041231491,-0.19872456228442045,-2.0535977208383813
-2.6309034024203553,-1.465844284279299,1.2121802331582257,-0.8806098798289462,-2.0736214649702824
-2.802932342832492,-1.2010677138513706,1.1927319738024418,-1.4391176026427377,-2.1087401189327424
-2.7509051214522575,-1.5643810541988075,1.178998379850507,-1.2889541159755742,-2.107191219105603
-2.6915853566555255,-1.7691361016993836,1.1611756312913628,-1.111319873089236,-2.1487333734362
-2.6189230688832024,-1.8771505159600486,1.1418595607386186,-0.9916398089394186,-2.1441725985674203
-2.5681859141981906,-1.9069649878694255,1.1329419150926963,-0.8562594056654195,-2.124528182442008
-2.516104214651017,-1.9218672905330996,1.1352781709799562,-0.7394224486347667,-2.1144742466560404
-2.4702358032595435,-1.9387439856899529,1.140582623243643,-0.6264848885864875,-2.1091549488519177
-2.443485188599106,-1.9444071672713847,1.1354098539864996,-0.5493288142552534,-2.101219514379505
-2.4178721745013174,-1.951447014776458,1.14479125194465,-0.48130697206230233,-2.0910228340157984
-2.411794178798274,-1.9369061291601417,1.1393431642207543,-0.43754331337887636,-2.098142573725526
-2.3987838142755256,-1.9314819410079014,1.1247668754556088,-0.40136340622229627,-2.086444775739696
-2.3956075473503127,-1.9296505473331738,1.1355584565131889,-0.3739026133463548,-2.1002027419420637
-2.3901994249943805,-1.9377946185116743,1.1327472471936442,-0.3539317524932107,-2.1061063351516327
-2.390338614787571,-1.9551458620497877,1.162883876353353,-0.33089667931904726,-2.0976741010230935
-2.386748659238676,-1.9512908838230039,1.1422137972069357,-0.308058516931337,-2.09237330356708
-2.419277043252917,-1.9440594353853136,1.1535534234578884,-0.27831549901154723,-2.077509386674917
-2.412248035433518,-1.9321169983702977,1.1449216510582834,-0.24859775866714728,-2.0705762904266516
-2.4408789724877082,-1.9380423736689114,1.1414131488776187,-0.2364394628637175,-2.0694108141905407
-2.4345534878482695,-1.9312028644870753,1.1571088238303633,-0.24305234255274652,-2.0716466388839088
-2.450394912139281,-1.906494936149644,1.1475686085351726,-0.23393147420121224,-2.049173618275616
-2.4423498359209046,-1.8990359939518393,1.1717786658239324,-0.20746269336325013,-2.0577226604969194
-2.4572438445078006,-1.915936640505481,1.1802248097395338,-0.22701431207726708,-2.0597689872521103
-2.456485985339688,-1.9272459019617,1.1575562561179569,-0.23948047393357416,-2.0822793642604243
-2.4596191966985197,-1.93853884872145,1.1657559178326358,-0.2528898408793731,-2.0729790996952526
-2.46708535539349,-1.9172947094396924,1.1716460667381046,-0.23593914026578763,-2.0656178188454226
-2.438214509835007,-1.919215031253446,1.1830943164238943,-0.23570056561282254,-2.073892968992959
-2.438468338442042,-1.941215602874981,1.1822567545280633,-0.24106044147284936,-2.0609756758437587
-2.450905557399722,-1.9471058115576079,1.18059711628503,-0.2463265351651107,-2.054493644406627
-2.466690067487665,-1.927147609118561,1.1926118203809342,-0.2357454917036774,-2.0491221237593176
-2.439303668570853,-1.9267812799220165,1.1779380875776115,-0.20739770176223746,-2.0472512405299876
-2.453563661122183,-1.9194700450006943,1.1534767807934179,-0.23091748351897978,-2.054780875154123
-2.4433411972298407,-1.9332190524457278,1.163344099139169,-0.22235845960533984,-2.0727543419481984
-2.4561855188206345,-1.9357690808342352,1.1609799211540541,-0.20913058169751142,-2.064126495833703
-2.4500775290835235,-1.9266010225018373,1.1677938014675293,-0.20912714965467602,-2.060028594661086
-2.4472757822671602,-1.9189833334459399,1.1830280730390859,-0.2211441755262374,-2.0563718706515983
-2.4441053470832426,-1.901044044152785,1.1714830312922682,-0.2200549292275998,-2.0227583612540574
-2.421169621559056,-1.89512017113962,1.1642852915935051,-0.23579335515518668,-2.031949194954245
-2.4411413798456856,-1.8945732799955532,1.1484689353625652,-0.23895166313792224,-2.0392858067992257
-2.4369159779965304,-1.8983446163632411,1.1566612841552848,-0.24361331660103572,-2.0466027027296056
-2.460956306144577,-1.9115230179134453,1.158943678695193,-0.2270882173455221,-2.0499932555701155
-2.420585616189887,-1.9167452146060828,1.165259776434057,-0.22428438839960485,-2.0617203495763823
-2.451817961543954,-1.9329175921999657,1.1652920767211314,-0.23126242214899753,-2.0774853294023568
-2.437874912831873,-1.9220222416914174,1.1488527059385276,-0.23242408770177267,-2.0813901972472073
-2.439423585812773,-1.9392384383937225,1.1550082984381704,-0.23797703402799933,-2.087135629207918
-2.4380836258156857,-1.9289305015438012,1.1456314124918965,-0.2249415288619394,-2.0826453130981677
-2.4198005238395788,-1.9226874262071123,1.1465582404497183,-0.24734352604634943,-2.068990189865532
-2.425986968447834,-1.9241340496969896,1.157240154882353,-0.21762215048355493,-2.0596077356948754
-2.410296276401216,-1.9276718761115463,1.1548460572677848,-0.21529210275614682,-2.066783821087302
-2.4352657737766186,-1.9172276344463992,1.1356509884134227,-0.20968986081858904,-2.0760713120863117
-2.4469983501950683,-1.9309169475247254,1.1321235684086497,-0.21601523735428144,-2.0641358082883046
-2.433891206419036,-1.922104030924821,1.1274488362377817,-0.20643802289949117,-2.051706870580254
-2.4339754655245556,-1.9209010229600956,1.1514222230511577,-0.2048863150936764,-2.061777558298794
-2.4335696337909125,-1.9286957051425102,1.1657935449946613,-0.21010533359191702,-2.0701877686366914
-2.421345385511405,-1.9204971370383601,1.1538872299409542,-0.2180620053385921,-2.040576943336244
-2.430298401801892,-1.9191094970258362,1.1663970501873473,-0.21735353014273678,-2.0301928491061676
-2.6458269022828316,-1.4500377083315834,1.203611299528571,-0.8776711331302551,-2.0613881622291776
-2.821684985152256,-1.2007851348940688,1.1671377822640874,-1.449799798232161,-2.1109074246270816
-2.7718201846447044,-1.5575464508964647,1.1515274463514535,-1.271449378596035,-2.1129584518950084
-2.7145306777605875,-1.7315056315793733,1.1379658970634656,-1.1113458206168505,-2.1302601739088822
-2.651412925010607,-1.8546983885930013,1.1331102335102117,-0.936235581329366,-2.1526454269402877
-2.597285566830189,-1.9057874524260556,1.1431332034177173,-0.8015582144382191,-2.1435135032082457
-2.530026371043216,-1.927020803307003,1.1188129287632456,-0.7089270549908042,-2.1279984712655526
-2.5109407876791416,-1.9478857978819017,1.1292138575403488,-0.6080287045324999,-2.098498273801923
-2.488096639786244,-1.9492419793953235,1.1384900885947467,-0.5288329214787291,-2.1101651673441584
-2.4553876148043026,-1.933079736268393,1.126505986653092,-0.46878227026144104,-2.0970792558179934
-2.4404993441487624,-1.945658664506484,1.1322368936234386,-0.43808910095030046,-2.086163013866238
-2.428737196824818,-1.909644797086617,1.1468823788891647,-0.41837522900567753,-2.0762402730265506
-2.6279046954858853,-1.4758960711876963,1.163060640027983,-1.0518532155841465,-2.0964991978572454
-2.7986605286344046,-1.1996942256575926,1.1458401865835173,-1.584382134758773,-2.118578321347004
-2.7683487662887214,-1.5456976982649788,1.1437672901410505,-1.4008116593588553,-2.1263360179306217
-2.6981265762376228,-1.748596228395881,1.142723517150041,-1.2138367045561902,-2.140757455856174
-2.6264315177403783,-1.8522468068357827,1.1234986327358578,-1.0367732307914264,-2.1231306740088773
-2.5687829753470584,-1.8994993985858393,1.0996522272561615,-0.8905622457115189,-2.1229374416466045
-2.72395683492785,-1.4574723150770792,1.0952573156926868,-1.4447132591354634,-2.1268190474799167
-2.8763387856966243,-1.19388048600086,1.0651537257324946,-1.9015743382941248,-2.145000528763728
-2.804239752228515,-1.5412648833670322,1.0599225881004546,-1.648310290454184,-2.15798513795239
-2.713539584377621,-1.7466083295168509,1.0566770664608363,-1.3894388858697562,-2.1638889971633155
-2.6545741983580076,-1.8578412009535534,1.0401832972777796,-1.181042333843144,-2.1581463958927687
-2.589302815002849,-1.9020013069348454,1.052417719093959,-0.9956667435264539,-2.15158751862464
-2.5308004559248687,-1.908382326637003,1.0647729553520298,-0.8367295885324579,-2.13565327699148
-2.4906006290532527,-1.904122437226663,1.0565686291067904,-0.7259507628764299,-2.1325997742916223
-2.4673385994159442,-1.9124768961285088,1.064992097018948,-0.6169969662691787,-2.119048855217711
-2.435716454672812,-1.8981283948027017,1.0678198907590446,-0.5220125133530094,-2.090733134593537
-2.632099643261856,-1.4382473328891763,1.108296454287381,-1.1617675186513468,-2.113734719252868
-2.7807441432649176,-1.171927185426341,1.0697960489096479,-1.6940293174897463,-2.108808504900708
-2.7250351519492484,-1.5105428619594075,1.0628422332780747,-1.4631407301622394,-2.117552617909637
-2.6680947220868636,-1.7032611607436783,1.0659106380699424,-1.2503567233348263,-2.131205579273092
-2.6025420445377314,-1.8076574899825435,1.0624688622938874,-1.0685914059585693,-2.1095725378176087
-2.5580419802994947,-1.8519080161317631,1.0598023493325226,-0.917267140786095,-2.1179673998422697
-2.49192024752928,-1.8794620602584873,1.068064238652525,-0.7960944389220433,-2.087477035813556
-2.674262456376815,-1.444120462832786,1.0571478952624704,-1.3450910816654522,-2.0809370165202448
-2.8085971719622576,-1.1825375771447013,1.0299775593478933,-1.8140435312824068,-2.113367361334935
-2.7522327949144536,-1.5376229353819195,1.0397051337603076,-1.549490316930645,-2.1118535330535098
-2.682344097064227,-1.7444601111737068,1.0395988101422031,-1.311336766478042,-2.1289198630233663
-2.6222607119716828,-1.8474071237606928,1.0236200230227426,-1.116142945671772,-2.131871200846443
-2.5585926629127624,-1.8796457029375548,1.0088996933374146,-0.952901447459036,-2.1174848322763054
-2.5084373089200933,-1.8958944581884651,1.006388096792567,-0.788031974944531,-2.1200562434012102
-2.4652693682543916,-1.8857736069069841,1.0012434914573691,-0.653527509030511,-2.1051649009180133
-2.4297923323511337,-1.9073806231621016,1.0289997742575905,-0.5738607418112466,-2.097325958248511
-2.4173129094288335,-1.913389291676947,1.0376213489409454,-0.4882548060069869,-2.090155347861375
-2.4023772874798426,-1.8988064182197972,1.058870588967568,-0.4381866494388976,-2.0651590132464164
-2.3833937282083637,-1.8711209330682024,1.069291393915032,-0.38602236814857577,-2.05793474110695
-2.399707168408894,-1.8795026645085484,1.069889664088773,-0.3531413009666288,-2.052326552990641
-2.4336140700272773,-1.8897901451118124,1.0833486816249909,-0.31456077176128006,-2.0641185920109217
-2.4327277681350936,-1.8958194788057254,1.0781644393119103,-0.29344794291228354,-2.045223561096622
-2.437168160062856,-1.8975348235553644,1.1046109881823134,-0.2789029986375809,-2.060747162799489
-2.4400938392274405,-1.9049679742945687,1.1042136352994976,-0.25228648783306284,-2.061822506105919
-2.431405897273235,-1.9083037899346482,1.119893775893569,-0.2517474370891551,-2.047641942692551
-2.6226175821230293,-1.4531419469032523,1.1219742768651588,-0.9021477421932138,-2.0711616007138285
-2.7970554244546544,-1.1887275695652109,1.1141050445736809,-1.452251697433015,-2.111912160198181
-2.741483823012586,-1.5485269664919379,1.0998127234874306,-1.2935921348237238,-2.11792262727034
-2.7044366023139292,-1.7097192588276136,1.0835725206645,-1.1151609543313497,-2.1161195259901477
-2.6557472128711237,-1.8220974582936469,1.070931230401112,-0.9578368948040343,-2.126725072536003
-2.5962393883212926,-1.8849715098018873,1.067145243714971,-0.8315780917964114,-2.103783273011707
-2.5487133078341957,-1.8936268352061139,1.07716122373306,-0.7067917550154934,-2.0979576715903026
-2.491483549835935,-1.915942988798161,1.0796385846087204,-0.6155973133562337,-2.1075282107664526
-2.465825670294966,-1.9214939362763952,1.0950201147455234,-0.5106709055176601,-2.104730500655709
-2.4391753502783478,-1.9433512197832,1.1099196653879169,-0.46386936143606733,-2.0931818382126064
-2.412470173922265,-1.9341788382328045,1.1426027792976443,-0.41300014916617633,-2.0997112290211173
-2.405171606900411,-1.9274299665896988,1.1478708861068796,-0.38803992951364635,-2.07940826145625
-2.386633532100019,-1.9251021448378083,1.1660458680086792,-0.3469808730715225,-2.075159752054862
-2.411477630949347,-1.9079392377241244,1.1616136739931093,-0.3302401253245761,-2.078360297002066
-2.4110552289981344,-1.919095451538229,1.154110718049609,-0.3118563305473936,-2.0795040025822695
-2.4170274949821904,-1.9177096344353626,1.1510052656641998,-0.28618244986881036,-2.0714781187391815
-2.4409681698320425,-1.9321412703271958,1.1526987802394846,-0.264231776396993,-2.0658092755866697
-2.4437175598743126,-1.8902968379958396,1.1621666011266185,-0.27461197960498895,-2.065880159027654
-2.419506664073211,-1.8963096517719011,1.1728717278934793,-0.24359762876625046,-2.0607178605730248
-2.421371534129995,-1.8799339799269248,1.176839653284628,-0.2543988404146417,-2.070506010777417
-2.430428666435879,-1.8907604371235367,1.1711411254308295,-0.23911115925225493,-2.054802519242899
-2.612880417960475,-1.447387275020571,1.17261144781444,-0.9209038799177163,-2.0797362740318626
-2.8139180970782025,-1.1898597879173383,1.1574374250665738,-1.4612257944050007,-2.130842782413855
-2.767251175873046,-1.5397452372398641,1.1419691671797998,-1.289414950854114,-2.1295633264331357
-2.723258212540703,-1.7310717780257154,1.1492771896675489,-1.098885161019754,-2.1249406870629803
-2.6682701379806,-1.8285604676709715,1.1418836002705333,-0.9527716817634821,-2.14021138259956
-2.587434465611853,-1.8778743436126515,1.1296536439431435,-0.8228067039367707,-2.114580330055153
-2.533056707013602,-1.9089066829772283,1.1068482672327364,-0.7025900456851251,-2.114209782843376
-2.5024254545632134,-1.9041523278040866,1.1156104136176348,-0.6044027227311719,-2.1048892985502756
-2.464891017894384,-1.9074463957273007,1.1259638056059484,-0.5412983446280577,-2.101582710454864
-2.4331913014742224,-1.8987434218639188,1.1307693657083508,-0.4930693920229399,-2.092964195340265
-2.4306231193552317,-1.8888346994267677,1.1372438157302742,-0.4288316018226787,-2.0875108127884476
-2.422260365549684,-1.9092552352995893,1.150405787230738,-0.39498552635221706,-2.0849904421954215
-2.421840507473911,-1.9000778900350173,1.1425677009173378,-0.3564892974139505,-2.095661468489441
-2.4275050515651455,-1.892628497886354,1.1516228337887149,-0.33526104412109137,-2.070973475617834
-2.4316900521080735,-1.918695197993818,1.1539531572896986,-0.325177242684203,-2.0863294765612963
-2.4365224339317826,-1.9058412171583947,1.1592480836383652,-0.3183455130819852,-2.071018082638653
-2.4422766771133713,-1.9040464991758594,1.1563993958019687,-0.29691990273260394,-2.0843663732950666
-2.431953312975736,-1.8906278981626132,1.1487488570694726,-0.2755547554286189,-2.063629931239786
-2.432201499518473,-1.8941772565643613,1.152229514976694,-0.26773797693247003,-2.069595894834011
-2.4313301259685685,-1.884089076868887,1.136711747537934,-0.2533873065612563,-2.073114169711122
-2.4367858407501024,-1.8941656217206073,1.1424896502385098,-0.24223758722421126,-2.0787412370074847
-2.4374095665343676,-1.8935589632942598,1.145849716872362,-0.23702401099854084,-2.0723785947253077
-2.4372731237094296,-1.891538598626363,1.1527546707759713,-0.24238025434964425,-2.0674489682310297
-2.4292948462222066,-1.8938402132823922,1.1671835444034127,-0.23796748273432836,-2.03995380242129
-2.4391727478506855,-1.9026406715068414,1.1721283650195595,-0.23923926972472706,-2.046048976959874
-2.4493369251475143,-1.902125901390361,1.159647247945023,-0.2053965061767333,-2.0413282849180123
-2.4542519023955456,-1.9215368494146239,1.158418640475815,-0.21732303826010277,-2.0549728573987442
-2.444785364542865,-1.9237114232294594,1.1575966960828454,-0.21880127514200345,-2.049133875541354
-2.442847997407657,-1.9140320293876882,1.1730149027453969,-0.23784353909495867,-2.057516829591911
-2.443176593266814,-1.9123323693364571,1.1702534837070124,-0.2321100736782755,-2.0669192487583876
-2.447829929027704,-1.9150157165310682,1.1858966803494881,-0.21132845261655733,-2.0713208637463936
-2.4451618819580685,-1.903375269955193,1.1847759056401308,-0.19914295748526106,-2.0820885917705416
-2.468366259229507,-1.908178694060273,1.1749826782240695,-0.2084907351453633,-2.102441819105024
-2.4532247927996678,-1.9215331937406428,1.1934229577150282,-0.20443060678270428,-2.1040998909110247
-2.447998730526802,-1.9318807743554187,1.172346944671506,-0.202924036331265,-2.093856328547417
-2.4696769616549137,-1.9143531763988006,1.164133045540113,-0.21531239370291683,-2.0733621795060637
-2.4574772582615902,-1.91404848335664,1.1716252518922232,-0.20711620080154425,-2.0606246309629466
-2.464320106946471,-1.9119414924065226,1.187700314950674,-0.18648779669784463,-2.0655947089705387
-2.655561364900992,-1.4490021960256696,1.1911248608892742,-0.8738271368136243,-2.095995840363782
-2.8347706241958863,-1.1944507286665338,1.1640422876656746,-1.4365957652936032,-2.1369705859400967
-2.7860590618662027,-1.5512173744916788,1.1574759778702335,-1.2847215622549513,-2.13143284228707
-2.7258134678132335,-1.7485998158334224,1.1291739606337245,-1.1048487916538554,-2.155672287659925
-2.855730611125821,-1.3930572260213405,1.1039000295222128,-1.5882383687326527,-2.1451304741330963
-2.9869714720381104,-1.1709284254937795,1.0866468338862898,-2.0161487183341773,-2.1352484266464318
-2.887081274610133,-1.5531722328476314,1.0899032862904736,-1.7330207598673038,-2.1783124977891593
-2.789328792204858,-1.7265206735694705,1.08085829131928,-1.451167758171279,-2.197763692029941
-2.6862731401300106,-1.8326290264792395,1.071567662822883,-1.2260993916860572,-2.1839490976045393
-2.583778154967329,-1.9047413887641031,1.0635548038993758,-1.033655307946316,-2.1618059282911126
-2.531107415502434,-1.9058305385223762,1.0586501954652472,-0.8783368017450621,-2.130388072183384
-2.4677456933629407,-1.9074372386139367,1.0564301355723127,-0.7511606210719531,-2.134086626843701
-2.4506414127569367,-1.8967450888087367,1.0852772819516137,-0.6361595159174852,-2.111620425739431
-2.4335273832084185,-1.8901540165303332,1.1026198639866753,-0.541965770250346,-2.092258385124951
-2.398557023651696,-1.901542933392293,1.111828631683627,-0.49937271732160937,-2.1049686996301125
-2.376415486732189,-1.9085821978746262,1.115080239607217,-0.46693168628389903,-2.0733246339986398
-2.3737995486649157,-1.9192792034814241,1.116172363794313,-0.4224741922644004,-2.0824699526079087
-2.3768836164647444,-1.9298976245252488,1.1057362791277736,-0.389458261211268,-2.0677153412420757
-2.3866065093158366,-1.9145653944363223,1.0962589615194622,-0.34824404042435836,-2.087004953079574
-2.3907030263563747,-1.9142359627436525,1.1100522664420762,-0.3210808940609442,-2.075554081723586
-2.3936271356528236,-1.9080430581831456,1.102052319189391,-0.2936497030560711,-2.0604535763101426
-2.4320376329435085,-1.8938578559382133,1.1233821777114301,-0.2859728366540381,-2.0722394632405208
-2.435760870460627,-1.9237981162697064,1.134240245343338,-0.27190981072142284,-2.0773182151635767
-2.444197162668502,-1.9319853898398773,1.1409954376422289,-0.25469134303286267,-2.0753049210278443
-2.4496621041378273,-1.9363249737069643,1.1448714733682854,-0.2287812057327095,-2.0801380334372377
-2.4534255986254085,-1.932908830110648,1.1572727563560625,-0.23545015322370888,-2.075838608621659
-2.458918718384686,-1.9117774279520008,1.165457569582385,-0.24468285068636983,-2.052676985918512
-2.457893408806294,-1.9103071361077093,1.1624528414592672,-0.2666414423258267,-2.058860819011916
-2.472522470478152,-1.9068648207189096,1.1585423579315681,-0.25959632681753153,-2.064378858980277
-2.463532778823905,-1.9249723931172518,1.1697110559381327,-0.24596414838169092,-2.072460866552813
-2.4603590967215685,-1.9206956195230132,1.1763587410708387,-0.24462509522571363,-2.064274569741884
-2.4584335540882485,-1.9220788215190732,1.180796297261521,-0.25098947987351206,-2.057357048968339
-2.446539749029632,-1.9202217881733905,1.1836378029584462,-0.24016010449090192,-2.0787497890186244
-2.437609642801653,-1.9150502904898763,1.1914958982363442,-0.22432585686694761,-2.086921769335948
-2.4403010338675926,-1.9224837743894831,1.1777909058898226,-0.23456770963693446,-2.0696201989214167
-2.4439389994667735,-1.923240428960617,1.1765761206871388,-0.21716236115862642,-2.07206553586498
-2.4556359861998414,-1.9180688962130323,1.1835449330513275,-0.2464782712095004,-2.059322839561284
-2.4503006970121763,-1.9181017621141079,1.1799629315500895,-0.25194181769828,-2.059872177443748
-2.441972063132026,-1.9224111179913321,1.1665491494993383,-0.23937649609612874,-2.0623673675139855
-2.4458298620457284,-1.9124721155154916,1.1799074001995327,-0.21677828470576133,-2.0420090476395623
-2.4139689782572527,-1.908887866785365,1.1968342006826416,-0.23158419293738192,-2.0620063555735673
-2.427065847715716,-1.8885742356440836,1.1896135503638336,-0.23469686645951887,-2.0420764254351056
-2.426280020003906,-1.913913823300362,1.1933131293122106,-0.22760003714009672,-2.0637744015705235
-2.44345062709556,-1.9189666336833937,1.210624522356288,-0.20946853489323655,-2.0631302068619286
-2.445501785195317,-1.9223692104630297,1.1958527834290331,-0.2385531412926146,-2.05592037027694
-2.4340698266632397,-1.922988984827833,1.2040902310849653,-0.23298494405384787,-2.072041139074865
-2.444511813656879,-1.9338211269876806,1.1770212427877973,-0.23318890179701693,-2.077639071808517
-2.4391558559221225,-1.9471590103400733,1.195038541719877,-0.2606456515913104,-2.075375253455351
-2.4421018203337153,-1.951583242173454,1.1783162064301298,-0.2342929010221273,-2.091402265157587
-2.443813871102558,-1.9648671795342805,1.1895596920737344,-0.2451070507085311,-2.1003362016423397
-2.4489774678245544,-1.9432879983774407,1.1753910195189157,-0.2378835366104703,-2.083356840683495
-2.4526010444650423,-1.9418288326736104,1.189052461665384,-0.22204658752369782,-2.085110722397214
-2.450779611751871,-1.933382944776893,1.1967571800132937,-0.21822376152232015,-2.0779168509418597
-2.4442629994392857,-1.935080484296283,1.1936681243220613,-0.22139016724000668,-2.068127636867856
-2.433396963751711,-1.9367805770844877,1.1822760757756197,-0.2114518358835804,-2.061794827314169
-2.4320387644204495,-1.9056089626694206,1.1921200542541197,-0.21994603318994668,-2.0571196987707165
-2.4552195863252155,-1.9085133505202683,1.1707893331744923,-0.19382685832049815,-2.0726263978972628
-2.4432712837836537,-1.9138790744190959,1.169881541158641,-0.21603110249759058,-2.063881848612276
-2.4492947626999313,-1.9278195107003024,1.1640796498348265,-0.2258891287292835,-2.045198561286231
-2.4369579486519255,-1.922839484349898,1.1792728278579407,-0.22783188301178295,-2.0491760459066586
-2.4486130829213995,-1.9267933580715342,1.1742457390254222,-0.23505680087815123,-2.0534558410676045
-2.438695126724207,-1.9392344136976254,1.1795415164668557,-0.22475796087465522,-2.0637661941922003
-2.4202844937488104,-1.9337514150951856,1.1623931663530482,-0.23287832030099154,-2.044419721217489
-2.4343054757390474,-1.944533100637242,1.1604990990366983,-0.2288959863244558,-2.066055909103237
-2.417145485003984,-1.9452582451327451,1.1460204658189177,-0.21421952705223096,-2.0693325921788754
-2.4244281116176496,-1.9446722385833377,1.1558255678102327,-0.2068486632546111,-2.0571573498782727
-2.434626880534748,-1.9465358642452506,1.1631161191724542,-0.20518886537066794,-2.054248131482994
-2.642926578137638,-1.482336592130907,1.168918461809687,-0.8907307201291819,-2.0818323177159685
-2.8286221521884007,-1.2195406878632598,1.1539436952273479,-1.4557927379014604,-2.1220381446522025
-2.765453842612839,-1.5461105900370817,1.1368112630756333,-1.283067430312146,-2.1272944559527263
-2.695777288288574,-1.7288549001889923,1.1337396703393727,-1.1125067822611487,-2.1208216304519114
-2.636678605641978,-1.830863596634594,1.107680777582083,-0.957448708889538,-2.1364410503668685
-2.5932528235968686,-1.8829892186341857,1.0960040715475972,-0.802540387944054,-2.131864052746954
-2.5410476175317,-1.9147876688516663,1.0980785659370196,-0.6894150106863011,-2.1305225373813506
-2.4989046681210896,-1.9363689659147558,1.1073087119815042,-0.5834833159256696,-2.1147512684168825
-2.4659603340134706,-1.9390825321628522,1.1163476027138326,-0.49962325079155,-2.0986677165373435
-2.441246342445758,-1.938964925810845,1.121105395164188,-0.45504359590081545,-2.117126535287028
-2.4288782236335207,-1.9293325215877242,1.1219839509170697,-0.4099490662183327,-2.1050480302665404
-2.4327549229344863,-1.929117378072014,1.1345964678399583,-0.38490334352495637,-2.0946085486844552
-2.4230263715412432,-1.924728297060378,1.122903586297349,-0.34550604633281723,-2.0883499103974437
-2.4038843427533334,-1.9238743887887815,1.1428338241305405,-0.3266553149656074,-2.0502314000080406
-2.4171131382114814,-1.917400960493717,1.152212737255556,-0.30366274200806775,-2.057383392169285
-2.6167119027513324,-1.458079405289991,1.1521995422755122,-0.9609796740008403,-2.076276640545706
-2.79331088376561,-1.1951391690609192,1.1534721410229187,-1.5002495686441268,-2.1120522305181404
-2.7525853240647407,-1.5450603862349637,1.145307113945403,-1.314703980998708,-2.126502205947196
-2.696943123426887,-1.7452932984117209,1.1294232445800962,-1.1270416056807662,-2.1111585525548198
-2.6365430939626053,-1.8444809775561861,1.114000195466092,-0.979125455939145,-2.126488426710586
-2.584398166474516,-1.8864735763955032,1.1082284954937531,-0.81645490560408,-2.134954485589326
-2.528240377164769,-1.9177078504093263,1.1007056335712797,-0.713505748570366,-2.122622277301629
-2.704638536606728,-1.452975891796557,1.0947741418312273,-1.273650801857387,-2.1212410299608773
-2.8482037149495523,-1.204359123455207,1.0848971531285432,-1.7405724721259184,-2.1211185196192406
-2.7871257021984555,-1.5505228543124052,1.0739542236958513,-1.5043317765387838,-2.171197826650329
-2.7112204813779823,-1.76484491634485,1.0698168801576402,-1.3030045218634887,-2.1649268113974514
-2.6459047092255523,-1.8637811544789857,1.0530163120585598,-1.101508740208264,-2.1497551174895095
-2.5773722228206224,-1.8955290335133566,1.0376674251442657,-0.9364309305739887,-2.141880875843743
-2.5347646586996957,-1.913036462552364,1.0509965216283996,-0.7950354955496287,-2.126265065531145
-2.4720397578067845,-1.915735177993565,1.0648305119166042,-0.6652476914796346,-2.136658285398824
-2.4288971091697062,-1.9162229678825822,1.0773443190525425,-0.5893446046426737,-2.127253306060272
-2.4174342995113305,-1.9234296424683275,1.0908113602420961,-0.5176214732400146,-2.0970950063013496
-2.4077694090304314,-1.9183300308137978,1.0889270403681945,-0.47479702495553344,-2.0988679598134725
-2.3859311048820837,-1.9329718398414544,1.1085628127500875,-0.43457063308400223,-2.0978472403031385
-2.3879111723733963,-1.933728934162409,1.121557495744273,-0.4158485103779168,-2.07280365057867
-2.4017827362823603,-1.9491327525847844,1.130814850129391,-0.3697615462801421,-2.0691084319852613
-2.395450993806315,-1.9369558515271545,1.1371438334148491,-0.35721458949396145,-2.058079278037702
-2.406103781636085,-1.9274048419430632,1.1465611660895167,-0.3097994249335192,-2.053509686723822
-2.4233141008962624,-1.8979383464597952,1.1547918529836256,-0.29758418750431304,-2.064399159357673
-2.4397410370470136,-1.905576655766619,1.1432146216667336,-0.2589240264362054,-2.095768356813993
-2.6382950110050167,-1.467942418188121,1.1466402831778066,-0.9434673787444462,-2.1135130498551553
-2.8069983643270797,-1.2191648750794328,1.1325111107167698,-1.490722723381484,-2.125543496083331
-2.9378263371577047,-1.0871731856856415,1.0972793859754992,-1.9353814891591763,-2.1326305391837646
-3.04786468999273,-1.0263499098322553,1.0576888543666865,-2.295909088733869,-2.1596429182495327
-2.962869046387212,-1.4873043413374398,1.0566052123621383,-1.9663540536713446,-2.1591204525616425
-2.844338597203248,-1.7410418857601586,1.056152082038514,-1.6667684787689834,-2.176155448948701
-2.7320394533199477,-1.8645889631607393,1.0634303175950164,-1.4056914252563946,-2.157952121942276
-2.6321552639599326,-1.9449054553007594,1.0525533061749504,-1.1861332518247039,-2.1764591376807823
-2.5526679701058046,-1.9357591759665183,1.042324447804146,-0.9858465943964372,-2.149914143969293
-2.4829308390678175,-1.9574949823729575,1.0513927528508502,-0.8251597102904832,-2.135126499887891
-2.4625345252530693,-1.9458377419029027,1.0740292737116057,-0.7085157110562994,-2.1331954291858968
-2.4033104112837087,-1.9251503041688238,1.113622134463331,-0.636137140859324,-2.1126254183584554
-2.3931648436528854,-1.9136023143943723,1.1175859885467456,-0.5512625928078109,-2.1005672617878015
-2.390167714107434,-1.9129244227845796,1.0988583697374106,-0.510668669198785,-2.1086266226556276
-2.378062494164127,-1.9089511719193384,1.1082095694164735,-0.47286690956324956,-2.101396799252729
-2.3975760484953126,-1.9345742309091054,1.1169227431520343,-0.4359016137088051,-2.0748177873225777
-2.383052103255224,-1.9407029876844002,1.1338644142232048,-0.3817394636150775,-2.0633267908462467
-2.389793000477044,-1.9383856445803918,1.146431414738646,-0.35471229792258285,-2.06267390471881
-2.3987005491599875,-1.9304449287889822,1.138557958579738,-0.3387025808054925,-2.0616253810911225
-2.424386291276839,-1.9175305728058458,1.1435237502670983,-0.3030177175273964,-2.080987366880326
-2.427027909757519,-1.9173827734723934,1.1267894876344662,-0.29357944697575644,-2.0779528636175506
-2.441485369679205,-1.9195747143854267,1.129153005335696,-0.2729104076329406,-2.092387370379362
-2.4473065196013195,-1.9086857908257628,1.13947916927815,-0.2691296041343867,-2.091225620640443
-2.4473767708857626,-1.91002480669433,1.1507092008036746,-0.25275996012539065,-2.071162966464511
-2.4353236723321623,-1.9025545800468016,1.1469646951321257,-0.239152220603733,-2.0671061428244406
-2.4340209723023363,-1.9212544154404767,1.1641772994513484,-0.23631872280507477,-2.067906748437133
-2.4311227380457385,-1.9374690601701055,1.1386322302292557,-0.23123957705142664,-2.055621707853482
-2.638840312542745,-1.4532840743445576,1.1621135669394693,-0.8865722699939973,-2.1119067827707494
-2.8203851080072395,-1.2108982862568374,1.1628082240351854,-1.4550269587067826,-2.1248905709619814
-2.763975773284151,-1.5362059082952553,1.1481430344177497,-1.2828809239478758,-2.1364326388474595
-2.7216200611080015,-1.7290213604228126,1.125246481214955,-1.1024449496075532,-2.147922001735063
-2.660008421269976,-1.837282137567511,1.1180314477023179,-0.95119518168972,-2.162958168256893
-2.6061690159141047,-1.8915428862051609,1.1022058478733407,-0.8170483849500534,-2.1484813569848806
-2.5443590798654245,-1.8995860287567885,1.0914050456257665,-0.7041824902188515,-2.1106538516571285
-2.4936313865118236,-1.893762111344187,1.1039490232516926,-0.6159163087071822,-2.1012412482499525
-2.456212896746538,-1.8935333546358373,1.0870577400693047,-0.5525738476112595,-2.0818320677735374
-2.435336587188664,-1.888485109155306,1.0988953760915565,-0.4846605310796224,-2.0646510888677057
-2.4159708825488715,-1.8962460205727214,1.1136596488552677,-0.41237773825258156,-2.0936558817661077
-2.4190473478538657,-1.8819791542395392,1.108586041368221,-0.36886876444177014,-2.0636135935915147
-2.4031049075146247,-1.8863537496945162,1.1353912085599698,-0.3353666365458759,-2.0545175985143667
-2.4130312099383,-1.8924714734935966,1.1343039552510819,-0.325817969867086,-2.0669663367078726
-2.4085831148892916,-1.890874993524273,1.1575245540416184,-0.2999829147633471,-2.086127587058443
-2.6109414650829006,-1.4500382387005835,1.1504826687053575,-0.9672745985928373,-2.0775448965364918
-2.765376308937451,-1.1838503752807603,1.155554408391922,-1.5172172777858983,-2.096983709690291
-2.742737664561739,-1.5155690543206664,1.1274255388232184,-1.3452154619027723,-2.1164026039561112
-2.68751887546069,-1.7242492744444922,1.1139012390718284,-1.139010143255264,-2.1262274285423204
-2.6170921203399633,-1.818932145643071,1.1013782849711666,-0.992441120138065,-2.1129884140375483
-2.5764955751823155,-1.872204783448168,1.1107523929322813,-0.853869670507148,-2.1103237552796963
-2.517891663150751,-1.8866174955581365,1.1035589650917406,-0.7366896469854217,-2.106702397446554
-2.4845385284338435,-1.8933958375291267,1.100304947125585,-0.6316009035072684,-2.0976521886948323
-2.4547276104915277,-1.9014253838294275,1.1132697302763703,-0.5500706207874978,-2.1050296253051597
-2.4254471296467615,-1.912997244821854,1.1037190556606458,-0.48903867534094203,-2.0950684774098396
-2.4029504396950743,-1.918187916442363,1.1042529050535008,-0.43764476139870956,-2.0918085890931373
-2.409337205022633,-1.8972035989766052,1.112675934446226,-0.39218352707155335,-2.075938664684406
-2.4013437859935753,-1.9012352819892044,1.1237614712986597,-0.34857667443909585,-2.0903397994179747
-2.412872121848989,-1.9203791914345807,1.1205337016696788,-0.3254143967284067,-2.077719423813301
-2.409905881109179,-1.901581696861346,1.131656981060851,-0.30971368678303834,-2.0655802996323596
-2.3970175755791963,-1.9145200442769787,1.1382927517280426,-0.28943111677124034,-2.0634268098372193
-2.4084383953289468,-1.9045344563374855,1.145015425564545,-0.2765258798106282,-2.0554029615717986
-2.4163797327328136,-1.935255506197002,1.1684256319475987,-0.2738572041445665,-2.066943580307513
-2.413784998065335,-1.9262986701202884,1.1682834198615948,-0.2538786700213759,-2.0617779693999343
-2.4312260810509216,-1.9319012614774986,1.1723325553548272,-0.2539191894294468,-2.0791064575395333
-2.4362666430736186,-1.9452012782735641,1.1780224460466546,-0.26021531284526445,-2.085696194199716
-2.4336117499916914,-1.937080049965653,1.1732595650658058,-0.24222904343704776,-2.0659062439441156
-2.440625330591691,-1.9306970949461097,1.1644816674340157,-0.24600188159938055,-2.0811415808590206
-2.4554179812750596,-1.9286084644787012,1.168210343288353,-0.2450653278120595,-2.067859695504133
-2.4623750297184004,-1.9581430415826109,1.1717516243482649,-0.22807847402615064,-2.0754498710500338
-2.4832372785587666,-1.9494066129671,1.1808348261929957,-0.22765393479742083,-2.0729655648952154
-2.451805115920295,-1.9398659140654997,1.1800525807336848,-0.23909300203458048,-2.0570179017023147
-2.4638522410363093,-1.9481475751793433,1.1881957258083868,-0.2457608453239544,-2.0770750735939534
-2.4537673508703404,-1.9354910146939652,1.1929823561579966,-0.23296582567977672,-2.097081201436867
-2.4541680273702235,-1.9098132943869224,1.1755260398246068,-0.24298302007253597,-2.098799983819286
-2.4581476225462575,-1.9034770484176435,1.1880094119017428,-0.24649909700472392,-2.0924389298082424
-2.447825260611583,-1.895742266683272,1.1920350967027418,-0.2591071774002828,-2.0727093034841433
-2.436539457544049,-1.9011566031535805,1.1693524575623522,-0.25414000101375406,-2.04347698809566
-2.4424648636592794,-1.889553195063709,1.1728798611086177,-0.23595163109907796,-2.0504986287094855
-2.45106872185564,-1.904941916397021,1.186348692447521,-0.23521389753891464,-2.071402491636096
-2.43702760650074,-1.8994731716811326,1.1771087851391528,-0.22002142209389375,-2.051711269037003
-2.4469323632583446,-1.915346619744645,1.1701418527924903,-0.23706404883789167,-2.0534282113394027
-2.4385954346420804,-1.9147503546958917,1.162946711088021,-0.23711875021712522,-2.071969391484595
-2.425942466339712,-1.9322214462621878,1.1658541589612985,-0.2589278203954517,-2.040522725288931
-2.4268392637870173,-1.9192608712867214,1.1785784878858212,-0.23916561658818625,-2.036709263668122
-2.4017778480167964,-1.910640944665594,1.175273219561804,-0.22545018342720632,-2.046039176475386
-2.41843070794925,-1.9064314286842627,1.1740256467193595,-0.22845630611117054,-2.055345517823997
-2.435395767863341,-1.9010058605307636,1.189972056409923,-0.21518500319337378,-2.0566303969006894
-2.4306186038375523,-1.9321278028453428,1.1764423571689577,-0.21660016014632752,-2.069655152936267
-2.6247712692626886,-1.4690719469591502,1.208101188371716,-0.8786428704023085,-2.091551665840268
-2.8070734919066007,-1.2163799541910103,1.186999340836485,-1.4649452836145516,-2.127771756462477
-2.7641422438327368,-1.5505625153706175,1.1559226944478829,-1.2837155608718194,-2.1232448157030026
-2.7067198838294173,-1.7422840503684318,1.151169882758385,-1.1092101806311594,-2.152906439057901
-2.6549809392503976,-1.8601698390977046,1.1477296168184068,-0.9497105765175975,-2.137266512054259
-2.598723246649365,-1.9287828344433438,1.112185214221569,-0.8168388444087507,-2.133634509512141
-2.5412385492718466,-1.9438764927895262,1.1180611986815627,-0.7015056297754751,-2.1214343636362005
-2.482930754804436,-1.9351751406147366,1.1101344640684474,-0.6024250571250879,-2.121982744644555
-2.4572520118748065,-1.9452531870646306,1.1091826660721853,-0.5213263329621183,-2.108541998243587
-2.4482439759074186,-1.9165191265381918,1.11715205892498,-0.4701907244901254,-2.1187035107554992
-2.637629969373185,-1.469318151398634,1.1145985638112261,-1.0850614002156274,-2.1068979294905295
-2.809330760585253,-1.197382890913397,1.0852281067532616,-1.598634001740761,-2.117385228683957
-2.7563192704064985,-1.5634792573366605,1.1064416833944886,-1.4154937863472288,-2.1333896230566776
-2.691808228063613,-1.761783018935238,1.1000166354828285,-1.220403950654735,-2.153574862097171
-2.629970871691719,-1.8475570643828823,1.107836989327762,-1.0453352077121116,-2.136158722888059
-2.590423784187556,-1.9091813289275594,1.1155325800715543,-0.890325186584132,-2.135791661444011
-2.5277613208007184,-1.9232164196587214,1.1182341233060054,-0.7806455034295069,-2.12015602750909
-2.4846016881972304,-1.9286555519507371,1.1204466410514466,-0.6712324988203955,-2.124557079910246
-2.443148557375866,-1.9516323122932413,1.105625275620703,-0.5893901602634811,-2.1179164641785606
-2.4391486498963393,-1.9274431023253809,1.125100969168118,-0.48888582656179924,-2.1165154932705392
-2.625657589430111,-1.4776614219700426,1.1366452818604675,-1.1106703323967164,-2.1242009501011303
-2.7912151066441777,-1.2058113768987573,1.1095529500209573,-1.641926693415177,-2.125530445321435
-2.7559042405934338,-1.5409778059854347,1.1037940784000853,-1.4313571570025778,-2.142434213971678
-2.6782572920978898,-1.7484532969617237,1.0958376729529407,-1.2364723501583494,-2.159969562909539
-2.6257702787277295,-1.841475672420613,1.0905490486032527,-1.0610893645777986,-2.1384103799618277
-2.551922767792519,-1.88795427661563,1.0629655242651712,-0.9071437999462413,-2.1254913087601155
-2.500714330725258,-1.9041338928244147,1.077341008630349,-0.7599385761027376,-2.122833852353669
-2.4647383117458332,-1.9059229405017832,1.0772320522964156,-0.6449159433014993,-2.112767319078549
-2.4253533468070176,-1.9195416983840023,1.0956424492114938,-0.5633038340940487,-2.09863283094699
-2.4303381698616695,-1.9015948051488247,1.091510895574701,-0.5102007156663532,-2.096797457230064
-2.4167488237684434,-1.9135413813002058,1.1027871219205638,-0.4320945523423544,-2.079191647647103
-2.410544096190979,-1.9143393945570848,1.1243001986832797,-0.4069623502689691,-2.0851186691963637
-2.4076678358240526,-1.9063991800316527,1.1328385991812062,-0.3565249141836467,-2.0725797264142054
-2.416240571792143,-1.9040429239942047,1.1368399964991158,-0.32337843295980556,-2.0583536757724805
-2.4145547111186825,-1.9037633652947323,1.1291740371024523,-0.3033540442701628,-2.068461996034686
-2.41205653100604,-1.8955768654396334,1.1277041591823556,-0.28703362304146185,-2.067907835790815
-2.4189421320023605,-1.903563835649769,1.1276082412214306,-0.2583140438034358,-2.0626981072623067
-2.4253561222763635,-1.9135022770968344,1.1540593286834016,-0.2640760978059793,-2.077538722319544
-2.4329247206422293,-1.9223170773303844,1.1568534385546823,-0.2582034400718413,-2.059883720577428
-2.4449373261778544,-1.9210051571964486,1.1556770370178646,-0.24652167987603973,-2.0653462444250263
-2.446565778375944,-1.8850043379436219,1.1419326541385129,-0.24547472676802506,-2.061177795713501
-2.4587556918136513,-1.8616676346666217,1.1702732246472494,-0.21832730642683756,-2.0674932517153772
-2.4839154968678536,-1.877757111405,1.1405443963364548,-0.21371924424453637,-2.0801499630462548
-2.47141583958992,-1.9034335244725156,1.1520832689247387,-0.21183214476983397,-2.0777928609418446
-2.660267812546918,-1.4524897235284302,1.1812821704675696,-0.8996840375246912,-2.11835964561554
-2.821114106574291,-1.2056622678534645,1.1796649220710993,-1.4648686140416445,-2.149590091577227
-2.7695140794068793,-1.534370495305185,1.1609590015397142,-1.2900171428026366,-2.1507687660035066
-2.7121377745618025,-1.730916015204732,1.1295512503112344,-1.136944645715373,-2.1446114661760016
-2.6550179371168925,-1.8465659439029627,1.119214878461985,-0.9735135400268184,-2.1421532453052197
-2.595584887877766,-1.900878027221144,1.115096155880432,-0.8436165793097581,-2.123631137135248
-2.5276350340546707,-1.920970642145523,1.1122847250117034,-0.7252866124814316,-2.131158791993934
-2.4801786311996454,-1.9238080851178792,1.1252454183751532,-0.6278325389681426,-2.135445363412765
-2.462770448655275,-1.902572811629189,1.1327123339231961,-0.5315948450319717,-2.1274034748012753
-2.4356250450530665,-1.9095606429352883,1.135029098561512,-0.4756942809315763,-2.102971373193881
-2.649660360096156,-1.4350547580202078,1.1314803638559494,-1.0875476513192146,-2.118182217680353
-2.795478730707649,-1.1879264517329373,1.1205669982742912,-1.6217010978665503,-2.138688775144561
-2.9362194149862195,-1.067319523844363,1.0866010146985507,-2.0595658606187723,-2.1584342949444464
-2.854356273667061,-1.4813499307497886,1.0671172742183406,-1.7783018692810693,-2.158625528032738
-2.744540970437807,-1.7253434197635569,1.0575276589208915,-1.5054837615065189,-2.16199601504618
-2.6809896498819556,-1.8238538055662081,1.0623727231585973,-1.277388437129977,-2.1552555800878714
-2.80734085546806,-1.4034542160294665,1.0414128180853541,-1.7286636592584859,-2.137861832954309
-2.9243527327479466,-1.1776143909022248,1.0024561158988583,-2.106838925997025,-2.1287083442827597
-2.811447753288647,-1.5409926402035934,1.0200421967289826,-1.781000237090934,-2.159298573102569
-2.7148257907593227,-1.7331069040686549,1.0232615822211142,-1.5029309316061077,-2.1713810789270758
-2.6397007458487867,-1.8364938254446022,1.0077579758730841,-1.2915433296305903,-2.162744538367522
-2.5715155172975157,-1.8566151228089343,0.9847363569005575,-1.08187649433057,-2.1146927720557556
-2.5197049393303006,-1.8610639099136952,0.999932905658676,-0.9180665554219214,-2.1343831228456036
-2.4643282188840367,-1.8742260767142522,1.0167447166317993,-0.7688898531486743,-2.11205305410252
-2.420779715970421,-1.8819210934833315,1.0314311827745017,-0.6857470026246751,-2.1067050909414404
-2.382869757788733,-1.8974608062426446,1.0493101728313001,-0.5935780907688312,-2.0631103818992926
-2.3967303743277544,-1.8791238184267107,1.046654996576331,-0.5327116273382628,-2.0936394599788497
-2.3857256339298494,-1.8780939116988584,1.0505185727087343,-0.47085234482208194,-2.0785953261807535
-2.366137758275214,-1.895527111677681,1.0641388656140456,-0.4284791574146702,-2.067703687943969
-2.3803147417843666,-1.888945007446624,1.0601225721854803,-0.3667834671321809,-2.062208399084312
-2.3845712396444254,-1.9005429347156058,1.0811759747440501,-0.32187849392228424,-2.051778128137021
-2.409913003545375,-1.9141162300162538,1.1012709827051876,-0.3113968960948952,-2.0691683052804075
-2.4176779887735185,-1.9053503870271287,1.1144627706984178,-0.3206414403433885,-2.0559426801340597
-2.4158637010363533,-1.9068777713564782,1.1164313106384323,-0.29984602170611063,-2.058096982067468
-2.406832632723701,-1.9288199979660867,1.1142560411848448,-0.28106593666964585,-2.0478738496074698
-2.4250809790641785,-1.9194327229835855,1.1315749619219886,-0.2344132171938889,-2.0598651127221674
-2.466168042886955,-1.8982616980854523,1.1380103905707533,-0.20593617375665121,-2.0738935079098533
-2.6511584190996738,-1.443056970209109,1.1327190088305312,-0.8727024266138964,-2.0822235670479814
-2.8190453151061647,-1.189911572128628,1.1281203807274418,-1.4175399746161481,-2.0981376889812555
-2.768424872443137,-1.545126555821436,1.127049112214434,-1.2447793518892865,-2.1200847524150883
-2.7105493522470185,-1.7499313996119756,1.1057532505053176,-1.0772539608888174,-2.122904099442214
-2.640228162671931,-1.8726923829581443,1.0821870859759006,-0.9501478421700935,-2.09476710360494
-2.5857700015702427,-1.9019055916386944,1.095860365034319,-0.8080485160804666,-2.0932248112596183
-2.5203126821832758,-1.9251148471166708,1.1069523757100732,-0.6828450762820577,-2.0989104969287387
-2.484404855281771,-1.9177995393798355,1.1020678276379108,-0.6128588066884236,-2.0697429091923905
-2.4525987997701453,-1.9120601001283202,1.1237914785197207,-0.5304120184902779,-2.072488266481079
-2.4462148500575647,-1.9048100700296997,1.103858034025083,-0.47122878684758873,-2.050078668090923
-2.451914611481665,-1.9026292040690622,1.1009452151928478,-0.4217569271335964,-2.084411798458232
-2.4332586719414055,-1.9004504332107088,1.1183279531516122,-0.37018840184817203,-2.0793033705586326
-2.6102875203798104,-1.446111197160085,1.1304040677504275,-1.013601082118153,-2.0923632604956923
-2.803375601834297,-1.1977620213783617,1.1157954956927496,-1.5421375436772187,-2.1266571258516653
-2.7626774105354976,-1.5235136099826716,1.1175861536861957,-1.3504947891582473,-2.15228710175853
-2.692802842615211,-1.7328445578639342,1.089981283749304,-1.1797029441535953,-2.1509867561138707
-2.6292840290238875,-1.8385700219005434,1.0855024655441963,-0.9903962614273193,-2.1469470519468095
-2.550954880666686,-1.9041467190075656,1.0853413734231683,-0.8509261099848783,-2.1340645344075755
-2.5101955695683267,-1.913153217554286,1.0850410434281808,-0.7355766311767015,-2.110610178585865
-2.492259096701285,-1.9173726711638137,1.0992665155898278,-0.6272784025698024,-2.1115000334753873
-2.45951564167295,-1.9320161755101277,1.0830271112098495,-0.5536416505152104,-2.100438234660429
-2.4403079481798096,-1.9239190078413084,1.099041002338728,-0.4943731896415822,-2.0808073988665843
-2.4403872587380713,-1.919482192472685,1.121467252820196,-0.42634970751593604,-2.0840634682039445
-2.413307030747355,-1.8956430409643552,1.1130517307915768,-0.38858413012351634,-2.0865679911444426
-2.4112551242914337,-1.8945751514509515,1.131197519779227,-0.3482074721783971,-2.0759610490031455
-2.4056299641994547,-1.8956482438563769,1.1466597966106333,-0.3405677972019619,-2.0646223931603673
-2.4119545320252476,-1.911344697426081,1.168083050387407,-0.32188991980745996,-2.076996209725897
-2.4207187638031082,-1.9113479354919034,1.147191184772603,-0.3003754191160061,-2.057024330971769
-2.419794735491036,-1.909196158995075,1.1473457446908046,-0.29074744322892004,-2.0710126563751663
-2.4295150130809717,-1.9210728432280375,1.1649854655160776,-0.2757141344274961,-2.0677138709772818
-2.4169499791460587,-1.9347151478179707,1.1570480927905933,-0.28056298216610254,-2.0691828330954922
-2.4268554301294927,-1.9160925727895823,1.1605333520430088,-0.26399749249950466,-2.077259832402785
-2.442623715794466,-1.9205419301438718,1.1603608537606847,-0.246167969398469,-2.064835690475769
-2.434477915352241,-1.925396444855913,1.1606510760469206,-0.25056414579961184,-2.059113358611276
-2.4484558307431916,-1.9288319444306272,1.1283454124638086,-0.25243408595374744,-2.071624349636158
-2.4395713316755794,-1.9289104653914564,1.143376077643316,-0.23763805912030092,-2.074387964761299
-2.4505740037000376,-1.941826098449917,1.1547025038544896,-0.2132454129095484,-2.083272484454946
-2.459348765543924,-1.9479391799896,1.1298823004545588,-0.21684316882156665,-2.07838293244289
-2.4513386067541663,-1.9595066955775096,1.1665197409932924,-0.20356849212349806,-2.0710213354020484
-2.443412388475634,-1.945814083180785,1.1893203888935855,-0.20570677136053905,-2.0643675644097974
-2.663885252667831,-1.4719198064048948,1.1987795730143391,-0.8623483629035881,-2.0924647259232105
-2.831721250210938,-1.2054383975144634,1.1631809340689134,-1.430432023151997,-2.1350631468828407
-2.977256991727899,-1.0518326939890783,1.1238918371192508,-1.8824434619630102,-2.1537691298605064
-2.911196461368023,-1.4886208698415282,1.1089356857902934,-1.623200497971683,-2.1610628863904995
-2.808479664200856,-1.7306466485235752,1.102966663538185,-1.400248972903535,-2.183909224845266
-2.7188434315628824,-1.8552757717682529,1.069007312867408,-1.1893696867714096,-2.1740997040528955
-2.6504165480191637,-1.906673835168697,1.0520886516948413,-0.9817740092587123,-2.17941352475689
-2.564249224033947,-1.936485760519999,1.046279509940485,-0.8425816792928408,-2.1425059487134273
-2.5074833312002704,-1.9130254658766535,1.059969189092984,-0.7050937117942504,-2.1198400152032946
-2.4787232584685035,-1.9210685483076633,1.0916461057708295,-0.6331506319209877,-2.128210038186509
-2.446347290700205,-1.9297625337009874,1.1084062792262799,-0.5488086222195825,-2.1297409356029897
-2.433002521716463,-1.913744527831903,1.1081880086765117,-0.4900847718725598,-2.1378805752287358
-2.4086181708463927,-1.9262607370065121,1.1400844044687442,-0.44176725436366476,-2.1232220603494665
-2.396041575058875,-1.9417632689605628,1.1354402878811944,-0.40816626957397656,-2.1115952520940904
-2.4088086310054986,-1.9342827310816046,1.135963406226887,-0.37910138422528533,-2.101171512868917
-2.430913139675244,-1.9268261120983685,1.1479641147435964,-0.3354664674859513,-2.08175956759022
-2.419240700325582,-1.946565367598686,1.1538936061246707,-0.31842866528943126,-2.0942038197634774
-2.4156829367474235,-1.9220476584662232,1.1498709554019673,-0.31299384422195603,-2.085673705431635
-2.413864930372268,-1.9308964486519578,1.1607022387963168,-0.2895792126284508,-2.081336973254734
-2.621925304795728,-1.4673943446758269,1.1696962242733933,-0.9422461628268632,-2.1048590017730535
-2.801702404718424,-1.2188531348818263,1.1331966927083932,-1.51694535689639,-2.113347508822413
-2.7625193589542856,-1.5571002023921563,1.1275747168140835,-1.3263880579142429,-2.128926898267065
-2.718817841967619,-1.7561948400706737,1.0985089364217213,-1.1468638781937872,-2.148138231780676
-2.6617260707635344,-1.8430535236382877,1.0862597023920917,-0.9734181220950042,-2.1380065062522684
-2.814464053628114,-1.436090077631014,1.0808770441760072,-1.4987563717581671,-2.14715263776517
-2.929158966415026,-1.228485573290244,1.0619316546593227,-1.9311183579064668,-2.162562252190945
-2.8362864787984603,-1.563800211897078,1.041539025065972,-1.6547865789034462,-2.1769733740225994
-2.7477908155151645,-1.7737652277059865,1.0345289298060965,-1.4194682359661968,-2.1760244382243616
-2.6643469934834685,-1.855565739768918,1.049484348086716,-1.2015882451367477,-2.1563094591990026
-2.586435487413694,-1.9185380056672252,1.0544685083961656,-1.0175921310258773,-2.1518634190791084
-2.518301500011466,-1.9306050666652357,1.074644201842423,-0.8408433189470798,-2.1359735720820847
-2.6805336204371,-1.466186840376492,1.0624399660573822,-1.4073056301485847,-2.112998598793317
-2.8540902789377487,-1.1930466811563887,1.037785147454882,-1.8674312983897425,-2.134332924558548
-2.772381374145155,-1.5468980657376001,1.044139527832724,-1.594492412704476,-2.1501358236491117
-2.6856726309345085,-1.7323526769542934,1.038864726418017,-1.3710538116557849,-2.155616448209653
-2.6169371129516357,-1.8292159848309162,1.0159297050501532,-1.1643826728115825,-2.150213183200441
-2.5467847077682704,-1.879149265077031,1.011599845840661,-0.9809240952566572,-2.1244972969632783
-2.4923288370903496,-1.92207165733339,1.0359316656630146,-0.799023341151498,-2.12007908519119
-2.4469372685027033,-1.9233927188658304,1.0298273773791662,-0.7179273732280013,-2.1099413053954166
-2.411348785712523,-1.9300873776692047,1.0427360447309233,-0.5913611521320264,-2.092142990508438
-2.4011677017554827,-1.9140416727437006,1.0527999121516398,-0.5167880312528121,-2.0727878301157765
-2.3791191430206124,-1.9128551962824885,1.0735636727614097,-0.4384384490802845,-2.071380546804077
-2.3932446645943717,-1.8873531985637042,1.0704119158980396,-0.38517133328306546,-2.057510236375976
-2.3901481061462158,-1.8822960888652112,1.0800162388146455,-0.3430877786882954,-2.061109371999525
-2.4002793420248394,-1.8844980394919633,1.1028334998077958,-0.3173124517431314,-2.066516209731219
-2.4085547118311457,-1.8678151030182037,1.1133668702366366,-0.2937826440373256,-2.063164677668821
-2.4124460776713987,-1.8955233860812655,1.1266438051687413,-0.26232178984341126,-2.076544350327489
-2.419506912263919,-1.9071875305484474,1.1188373105277578,-0.26718804110806316,-2.0772945074355547
-2.4235925074189835,-1.901208384180286,1.1416332736661436,-0.26009562136439124,-2.079438120461267
-2.4287637219962983,-1.912722851442783,1.134730173382159,-0.256737017991597,-2.0677872401939164
-2.4390911503974886,-1.9177332017013262,1.1446996993603131,-0.22688049193270496,-2.0644922396696312
-2.4385798190608154,-1.9127198022743452,1.1762379050065275,-0.22244630857601935,-2.0604617185892877
-2.456340177560597,-1.9047889594610226,1.1673950342627144,-0.21809430237665553,-2.0538407326843755
-2.4543327369062125,-1.9007823939245423,1.1694869779660877,-0.216496136833721,-2.0637495523614637
-2.444248964366223,-1.9034014668935546,1.1546104428713782,-0.20973982538790667,-2.0481345239998907
-2.4504465639240416,-1.9061853858856501,1.1556087795868315,-0.2073888586908723,-2.041316074250954
-2.4519081681767685,-1.9090631651853893,1.178395406851767,-0.19298342089408238,-2.042102422913921
-2.459554225798862,-1.9237662878267467,1.172361290526204,-0.193696502018053,-2.0558077381609565
-2.4451037223680587,-1.914912614671471,1.1611286491042734,-0.18979558407315003,-2.05433786946568
-2.4453865404920587,-1.9035725284762013,1.1555666551904613,-0.17969610154279045,-2.0553220212198906
-2.456061459009722,-1.8802153145478826,1.1664362023405992,-0.1829444744916599,-2.0573573688961098
-2.440846563735878,-1.8924844467776942,1.16512516161224,-0.19834264385704323,-2.07625316101156
-2.4489989068389297,-1.8886703017471203,1.1580449501607988,-0.21351894461901627,-2.0649770613044716
-2.444299137229232,-1.886434233286475,1.1588729033243799,-0.19357003880068305,-2.0461962853155207
-2.4591834940431827,-1.9049456102770563,1.1771533206083455,-0.20105178087192416,-2.084959122709309
-2.453169193299323,-1.9223324182139463,1.1817510727151337,-0.2078675017100637,-2.0910501649819175
-2.4531620980287197,-1.9353849704553092,1.1902281047863676,-0.21617551669969348,-2.0893722797197247
-2.4560958596302074,-1.9376068665178288,1.188742124491517,-0.22284822936382773,-2.075786997004382
-2.4337585417781105,-1.9327941129310315,1.1820236266550803,-0.2050381930939212,-2.0811222221589936
-2.4283701399039828,-1.926476259334572,1.1672830267632552,-0.20730749888432304,-2.0619306068228624
-2.4292632322316448,-1.9333647826287346,1.1826580316680264,-0.22744911155403397,-2.067048327445418
-2.435045154880649,-1.9144176503933399,1.1677758032095453,-0.2272341791006219,-2.043950225638748
-2.4265623827542613,-1.9112863435594252,1.1579747552938848,-0.22406335423346815,-2.0468173089697292
-2.4382518300507607,-1.92679426320667,1.18061251530574,-0.22818132484036885,-2.053524780980244
-2.4336227498426695,-1.907204250084127,1.1712202593055214,-0.2322106595514135,-2.0587792290720075
-2.435630776090632,-1.8992661817509031,1.1916981661279566,-0.22348549045091687,-2.045080886268843
-2.44805295861588,-1.8928477909908188,1.174812280926626,-0.22163480955767995,-2.0610619599649613
-2.4537347229401822,-1.8744095413531203,1.1567330223162948,-0.22472842272144447,-2.0552752676307793
-2.4523360268800793,-1.8973385341483235,1.1831960700627855,-0.23902852833972552,-2.063356489923259
-2.454437115506493,-1.8962951008152973,1.1742723924796414,-0.21425954447822823,-2.0698499370851224
-2.443526414163904,-1.900754597441088,1.1634001246933874,-0.22659884623217663,-2.0624501873375674
-2.4372775295949243,-1.9141997652763587,1.1742220202370108,-0.22754747553170218,-2.071694142785612
-2.4378517454446795,-1.9381463452928331,1.1889953401781264,-0.22843281242277308,-2.073305935710296
-2.420479341362402,-1.938826044023125,1.2010815774214876,-0.2176531462048603,-2.0810200480814665
-2.42523213140697,-1.9226180781404383,1.1943829835679265,-0.20793275952865226,-2.07307229520899
-2.432765015728745,-1.9265463260081968,1.1878935201594385,-0.22828116043215357,-2.0814881933829192
-2.4543139712743676,-1.92166440912928,1.1798407751148166,-0.22565591127271048,-2.0787203629321773
-2.440778205311108,-1.9233705435103106,1.161819159228789,-0.20876718436666014,-2.083736582253656
-2.4498576636550404,-1.932521381000157,1.1645439018752168,-0.22060344118212827,-2.0765875139492023
-2.4542916917473567,-1.9344115506922621,1.1808679244845128,-0.20524938982355947,-2.0759666678661124
-2.4413217183961646,-1.92796300954225,1.1644439274616993,-0.2149890144329391,-2.0681629369278838
-2.435535769377822,-1.9360719732646734,1.179138485926709,-0.2109963494120021,-2.0985087890694265
-2.6132186390375,-1.4817119521583066,1.1854465267064784,-0.8926089066158595,-2.1033963121562693
-2.812918025207596,-1.2364069109086022,1.178800667257036,-1.4602396861498186,-2.117779365972093
-2.753779005715796,-1.5929307036379285,1.1605428009794037,-1.2988982639158164,-2.140027251010335
-2.7037932873404853,-1.7751631955459264,1.1542980492013428,-1.12111728780724,-2.1381531316235165
-2.652730454009156,-1.8725640419816099,1.1088671965581975,-0.9681404737577238,-2.1398704383175335
-2.588986697952634,-1.9305718619009047,1.1074778848830205,-0.833263156860623,-2.1199337152004185
-2.540096112800434,-1.9593449830671132,1.087824500107965,-0.7030708590931847,-2.1297450689188673
-2.4948722131423255,-1.9567774107030926,1.0914233515275993,-0.6023646892938802,-2.1160557436961422
-2.466175110830413,-1.9511020624457576,1.1056596008973032,-0.5153698713500269,-2.0955709204826074
-2.4329788099241036,-1.9448509136312417,1.116319488846624,-0.4795038268775034,-2.098234103802749
-2.433020010920783,-1.9406400918185585,1.1112040005491644,-0.4147451143059881,-2.0793152029869133
-2.409881780799748,-1.9402481993340366,1.1248585819860721,-0.39744669817652356,-2.087965523599395
-2.3889638665600725,-1.927085652811374,1.1358951140275158,-0.3545866949952782,-2.0714506577358014
-2.4004625113987537,-1.9200189160869108,1.1505599802432618,-0.3531828503939449,-2.0832342521097513
-2.4164834845773826,-1.919845318168359,1.1319733322120218,-0.3182316975492032,-2.0558807402598673
-2.4037053260075454,-1.92700242102534,1.1683426616175139,-0.3101661053725459,-2.0464010579997236
-2.4250441705299015,-1.92368391096856,1.1635022125835706,-0.3104583077002333,-2.0553404835120936
-2.419963331358614,-1.922262203715265,1.1855440396577719,-0.2996572272878343,-2.0434242957776876
-2.415080668198929,-1.930400868237178,1.1744770855344795,-0.2661431680746957,-2.047328277592343
-2.3940317637457134,-1.9308006811736451,1.1657669733770686,-0.27374310616638436,-2.0354869010946457
-2.3911308446759847,-1.919524446317012,1.1826779163221153,-0.27695100025965536,-2.0315551898469684
-2.3998268068327557,-1.9259028783361032,1.1785508641297437,-0.24613710207618403,-2.0357360699731615
-2.4184176485860718,-1.9553123550713425,1.1762061944785998,-0.2563273983901588,-2.0537472606422367
-2.4224105741512183,-1.9375829353301888,1.1711880710008422,-0.25295506794248335,-2.064522769284104
-2.4369654815448865,-1.9365078320935467,1.1593683422005048,-0.24867957879275876,-2.068699932759355
-2.4186965233548174,-1.9303163187223848,1.1838390011692879,-0.2336986574446573,-2.087564904754041
-2.427610207085763,-1.9373361333149592,1.1910404251343198,-0.24684811883888896,-2.094859132946596
-2.4158698926612656,-1.9171823799467211,1.1850044446086103,-0.23724203673633099,-2.0797123799367556
-2.628960186697507,-1.4639916141091156,1.1929514655290068,-0.9043673975282109,-2.1079378958757147
-2.79322134941905,-1.2019467034184041,1.157238732661858,-1.4818540803350424,-2.1414774408843673
-2.7443895543655237,-1.5581319088701642,1.127940364967897,-1.2998959852769,-2.1441755442227226
-2.7074278367642357,-1.7528926234199933,1.1159706194574832,-1.1153063773817697,-2.1314707258041636
-2.6421381286345973,-1.8779890022597938,1.1079696144598459,-0.9632729450842742,-2.1387102287888724
-2.5941533298832247,-1.9114358697065241,1.0770206489930036,-0.8137569599254058,-2.1286897721087894
-2.5462549587086807,-1.916683107523586,1.0746323122281003,-0.704353369430707,-2.134107245778025
-2.503873814652712,-1.9255226591376142,1.0843131911368293,-0.6035867458423205,-2.122820594619482
-2.467041405095887,-1.9197487945011171,1.094197866899588,-0.5200476887013009,-2.119695160022442
-2.4566183632858856,-1.904560871034206,1.0983563010078525,-0.45064520893986304,-2.103081730292747
-2.4509302974492053,-1.9143336285783843,1.1184974963030205,-0.40508871071800273,-2.114158572824239
-2.4387670207506513,-1.9045502463745738,1.1317016187010405,-0.35225524298466804,-2.079551866345737
-2.4351002162498867,-1.8967658388062087,1.12633999806025,-0.3178591924388667,-2.0908115639744076
-2.4178650287072854,-1.9070773565538808,1.1312779428381126,-0.3142370635991299,-2.0822528251190544
-2.4227959721016834,-1.9179471204697185,1.1309935545384993,-0.28822347220885886,-2.0806749831336564
-2.4206763313709883,-1.8935291521874191,1.1319007231021245,-0.26670068535691765,-2.054395362901182
-2.4264062587649566,-1.8857960744789013,1.1265292538062475,-0.2474597384204927,-2.0758541212184705
-2.430824501019926,-1.8950878257092465,1.1426863658269524,-0.24346209880596079,-2.0668915978815865
-2.4217205804296627,-1.9091295906009584,1.1491816396828838,-0.2359628116802468,-2.0615461234497667
-2.41970006318043,-1.905034907759754,1.1515909668112705,-0.23352510262197382,-2.082674960919483
-2.427145245554799,-1.907264081273769,1.1538762812646277,-0.21889027065031433,-2.0702654013803072
-2.4059345466124205,-1.914742472610737,1.1476416046315168,-0.22101278551093242,-2.0531114733157687
-2.4174678148286954,-1.9156985396045445,1.138842686255985,-0.22622824090188276,-2.0402920304054164
-2.416474465693832,-1.9044725375437446,1.1355491676681257,-0.2324585597240168,-2.0441814906319755
-2.407291441903375,-1.9083011209038538,1.1323126239376664,-0.22499806786209528,-2.0321239261557547
-2.4071588957167465,-1.9037315133212638,1.148416437717021,-0.20158766981279092,-2.032824012764081
-2.422966423996196,-1.9026342231779658,1.1789807307126585,-0.22087518913747303,-2.0333915213651133
-2.4241546015873277,-1.8976688207218257,1.1643142322632025,-0.19566838506189851,-2.02618988493376
-2.4362597603829954,-1.9118194795484567,1.1669695121172736,-0.20595276332698773,-2.0568300726003916
-2.4528157537302464,-1.9075910950038983,1.1610346193304792,-0.19284960080422217,-2.057793271525871
-2.453353476491791,-1.8862059838228658,1.1525551968938832,-0.20791474090629286,-2.0471041519574737
-2.4423076112579944,-1.9060767795623552,1.1604735756699005,-0.2061497897575724,-2.0576988647861985
-2.4430870969095935,-1.9114204042091338,1.171774684408049,-0.21410373413857153,-2.074730587323384
-2.4432522990073577,-1.9411185779926257,1.1565603367605783,-0.21039985489716762,-2.0776741522275275
-2.451488298432007,-1.9390990359655598,1.1769367539759552,-0.18752713538799454,-2.074277214571402
-2.4445705331661363,-1.9275110355067728,1.1636060260280152,-0.1887983843187225,-2.0938731967028086
-2.462659143054475,-1.9290790787938037,1.176983874267978,-0.20986509758657942,-2.100232130957375
-2.458489643815478,-1.9255992247665317,1.1768841208567238,-0.2087891641950801,-2.077731183546482
-2.4609048470467103,-1.931022521068649,1.164692739811465,-0.19804018951555863,-2.0686445368627058
-2.44371543269211,-1.9273435951123363,1.1800803217302902,-0.1899957749808618,-2.0691013165704057
-2.4468512406336003,-1.9348782587962476,1.1946360689850282,-0.2048459800518478,-2.073908687787771
-2.4482346809168924,-1.9295210590362262,1.175152151360056,-0.20577880808932392,-2.076573541582228
-2.4384701721260242,-1.9387376789682853,1.1728248158904635,-0.20274791220356975,-2.085455846551445
-2.4379648952129673,-1.9166945891465303,1.1878706250418292,-0.23238924005977354,-2.0776255997006596
-2.451022050994928,-1.9135103283732047,1.1763371098159676,-0.21278815370511442,-2.0760311994034675
-2.4565963214826834,-1.8901447372171083,1.1661273487086916,-0.22349787850870048,-2.0690520840004583
-2.4625281710936533,-1.8823907415819876,1.1675881654548401,-0.21201904546936948,-2.0850308313546084
-2.4638965403955027,-1.89795061015931,1.1765164500994543,-0.20634289617829027,-2.0654382362497667
-2.4472854143318608,-1.8974028783590873,1.1770189392613528,-0.22345276207110862,-2.056009409989018
-2.4443023663851426,-1.9015612216408506,1.1448211860645465,-0.21433733450173534,-2.061349945267682
-2.451603196113393,-1.8913335570955263,1.1739800863800782,-0.2148204418853303,-2.072173993003136
-2.453484023353773,-1.906077560588708,1.1872617731931485,-0.20953899967158,-2.074366637771671
-2.451700999496572,-1.9007124821723957,1.1722058130325983,-0.20005193590852632,-2.075444439539299
-2.4479801481894525,-1.899838294773519,1.1804257005833654,-0.1938831710889492,-2.0691691349576065
-2.455794188078743,-1.9213899060777317,1.196659642834894,-0.2072695983419101,-2.0898248368521086
-2.4633005549996176,-1.9100557259133908,1.1824540470715377,-0.2051528331429658,-2.081669756370121
-2.4774566830027793,-1.9031387351057716,1.1842159772332752,-0.21006984446648358,-2.0893777802700764
-2.4604118394330676,-1.8998636348876339,1.1816624699693001,-0.21427309439423814,-2.0795422760353057
-2.4494398838063014,-1.9126835975490974,1.1772448403970102,-0.2255235928365932,-2.08159426567144
-2.455135431700841,-1.9089063163681883,1.1863964012201371,-0.21507529882803245,-2.0717626739819934
-2.435340666674053,-1.9264964771674258,1.1889428224888816,-0.19493303150390287,-2.0661116020799812
-2.439308122156936,-1.9300599998633792,1.192294295657679,-0.19455838557874125,-2.0630235561678916
-2.4371067216640387,-1.9300623387478024,1.1883890625396338,-0.20324234509937641,-2.0671019130131447
-2.426254674450356,-1.9196160644237128,1.1970010136213873,-0.1933996099561388,-2.047849237712057
-2.445123310874261,-1.9235399705889034,1.1771928238503477,-0.21903111922085441,-2.052206388146907
-2.4461125705155347,-1.9388706952423387,1.189318646680497,-0.20590536564241876,-2.045627807857115
-2.4433140167240155,-1.9362032672699667,1.1844202478409973,-0.21972619964837378,-2.056270354531557
-2.4309785291159858,-1.9418594681305732,1.1833378259561926,-0.20180627187621902,-2.074925247070403
-2.4412452883116167,-1.9561166810305874,1.1853372688438568,-0.21843988353679272,-2.0709005353347774
-2.451514901774007,-1.9497150013020164,1.1880288335054483,-0.21272319306880644,-2.0735264882941453
-2.464598213152761,-1.9288276719711885,1.1988691725460736,-0.22814168741334065,-2.074678990642376
-2.4677649086103797,-1.9095528202561554,1.1848418488977341,-0.2270411782238857,-2.0746532567158713
-2.46130322035976,-1.9114023667178386,1.2035649763131158,-0.21681159365246316,-2.0648127609676914
-2.4563436801243634,-1.9038042381962763,1.196963372353999,-0.22768811682897805,-2.0743811019670586
-2.4664290379896356,-1.9187488089170772,1.1898544650651544,-0.2318241130382143,-2.093205291897708
-2.442006150569689,-1.9154856701926113,1.1864428131224363,-0.24107701307648927,-2.0826768005242893
-2.6499094702306896,-1.4809453000431376,1.1732146357654072,-0.894011988851533,-2.1134334132988797
-2.8138802985925677,-1.1923216222293544,1.1804200777063747,-1.456992487120812,-2.133371392896813
-2.789618926690726,-1.542800222654568,1.1570157265597905,-1.2758308384413757,-2.1641210577818613
-2.729208498607746,-1.7489150167812366,1.1258642404941592,-1.1202581490679469,-2.1646067338984505
-2.661573953067339,-1.830771422001981,1.0994917462683076,-0.9566495644111804,-2.15052308188513
-2.597562076280117,-1.875878789092929,1.0900164597348134,-0.830829834097443,-2.1333530745521903
-2.5591110648921065,-1.8951128810996054,1.0930435828704583,-0.6884190057958568,-2.1268611368310064
-2.522430995506505,-1.8845433444900372,1.0810073078824298,-0.5879606417701375,-2.1280345693213034
-2.494269370241392,-1.9041023480233004,1.07551651022502,-0.5058187407532815,-2.1094325537092073
-2.4885178689629397,-1.9023275759204126,1.0818734040878428,-0.43741691077543704,-2.1087618305078886
-2.451466395525896,-1.9123630360283475,1.0903708130428438,-0.3992980631738716,-2.1218475221185553
-2.432898403585044,-1.9265257570723675,1.108178397846326,-0.3556934819744463,-2.1037208397104736
-2.419162459063018,-1.9248279152121486,1.1118896905455875,-0.334534913252825,-2.081215436308637
-2.4166511671943507,-1.9075921299317018,1.1081017187625164,-0.31217921804535126,-2.0920118394257914
-2.3960386676892345,-1.909076611284768,1.1333010145258906,-0.268649103310548,-2.0660770267688706
-2.3890357912459743,-1.9204428528321316,1.1207193053716933,-0.26539520963429825,-2.0674473419262203
-2.400917106562493,-1.9101513908145178,1.1349488981328757,-0.2512062109629587,-2.048100921044456
-2.392977629383264,-1.9136318368343381,1.1303290407922368,-0.2739705284288528,-2.0541334640210485
-2.400227699996886,-1.9201250417210942,1.13543279848492,-0.2602886127586608,-2.061573780323889
-2.4024221357338362,-1.9156595568115555,1.1320177969607872,-0.24970812531473902,-2.074285097090653
-2.4153409781681794,-1.9162841542236972,1.128159152283619,-0.2588028584558159,-2.054901352638661
-2.4241137681282727,-1.902189276125297,1.1315298708072936,-0.2420285082843476,-2.042830485950845
-2.424078084393479,-1.896963640765597,1.1443572319052422,-0.23116174509837262,-2.0612336003317133
-2.416894869754359,-1.9087349549005617,1.1422335664588235,-0.24296484403400367,-2.040158663236687
-2.4412282071994174,-1.920655500564325,1.142250737886285,-0.21183080983424654,-2.074919807243092
-2.451520524000386,-1.9287367727172942,1.1462914369636077,-0.21721776121859676,-2.094964886944358
-2.44965732526411,-1.916805989588419,1.130812842577081,-0.2228991155439037,-2.066721476636215
-2.4598907723750205,-1.8970332193975157,1.1664436274081524,-0.20270439133349885,-2.074740810366683
-2.4456624359395613,-1.887650862655081,1.1760764194212059,-0.2258620720249797,-2.064210225928518
-2.4379606630893265,-1.8952793346226253,1.1560221445784353,-0.2382383309955553,-2.056753860645884
-2.4274361935429005,-1.89949326050339,1.1671165234535081,-0.22067891553391,-2.063876978149904
-2.4412170983058665,-1.8984041053264464,1.1614554372684405,-0.2247081262237078,-2.0555386125141166
-2.4608180399111372,-1.8970637016036258,1.1762443152239919,-0.20323821978721243,-2.056047174487683
-2.455582843551725,-1.892992788501698,1.1723569307747308,-0.20980113849224072,-2.08333120315381
-2.4363224728469097,-1.8937570368828862,1.1893550616303772,-0.23249898797909235,-2.077256914557731
-2.6351934344825825,-1.4355513012471635,1.2128469664853139,-0.8863855956009101,-2.0852231149733313
-2.7883435292417444,-1.1699803905562933,1.1805350285220861,-1.453237711986488,-2.0980641543675143
-2.732876332048754,-1.517300410864779,1.1735556784802572,-1.27947061866343,-2.113565256983673
-2.7078127890965122,-1.7280088469957287,1.1397148715903718,-1.1183234033010638,-2.1268569207685997
-2.6270034712545107,-1.825205796639564,1.1310259453316536,-0.9560097531286098,-2.129168658548515
-2.577405645873229,-1.8821426267536807,1.1083883144475635,-0.8013966223137059,-2.131502151382231
-2.513007514850037,-1.9017404233151398,1.1019347167824352,-0.6975272172936292,-2.1301755303534113
-2.49128159788604,-1.899801668785606,1.1214586463243135,-0.612959780534592,-2.1307424801783275
-2.4710091304350206,-1.9149387534706876,1.1409482851105888,-0.527736328962705,-2.117966505109461
-2.4408636946354787,-1.912505866278197,1.1497381980756158,-0.4707784696880338,-2.1039670363423717
-2.43782875185465,-1.910327748754575,1.1519282383976541,-0.4297444707455991,-2.0934574366517924
-2.4235416987209955,-1.9024702776107012,1.144482350464867,-0.3776789914881346,-2.093514915725177
-2.4181877122742166,-1.8956626846914648,1.1611123300099109,-0.3637780069207294,-2.0656789161476707
-2.423878530478447,-1.8855420739779807,1.1532927957599035,-0.34612307748535387,-2.077231925335211
-2.4145268645049685,-1.9013774005443138,1.1521754452834276,-0.33314127840216523,-2.0608700768119914
-2.4199935053125485,-1.8847144623822822,1.1529688559972706,-0.3059790948771488,-2.082037550700901
-2.4137854136447454,-1.888855791293197,1.1559166551609998,-0.2789661849669375,-2.0735537278128615
-2.414443866154167,-1.9106067507005777,1.1468101194262483,-0.24989000179551954,-2.0612228934626344
-2.4257628251772765,-1.9096159051435846,1.1311101852449443,-0.26505307066354267,-2.064057552365941
-2.436628639154102,-1.8857170225643598,1.1435217042285934,-0.2599521048470237,-2.070366585192976
-2.433262085180349,-1.908515382668092,1.1354487346467648,-0.23189884422634235,-2.0774189286694216
-2.4480097063146076,-1.9068561653491365,1.1405399100098463,-0.2228710487501268,-2.060958807631204
-2.446510582511135,-1.897472373431573,1.162441062242731,-0.2188347480105382,-2.0529919475384677
-2.435011570506425,-1.9091923467991274,1.1692554598869265,-0.21462690509668977,-2.07841414122477
-2.4500125183382044,-1.9186065005233903,1.1818917526027242,-0.21082088220510709,-2.086110631472075
-2.455281600997429,-1.90506928145498,1.1802640240122693,-0.2131766017801254,-2.071151214385446
-2.447152802594537,-1.932958167744533,1.181428607704299,-0.23595625136127088,-2.0749802143884977
-2.432687891892156,-1.9346184395623778,1.1834656512714814,-0.23221611200472309,-2.087664423408932
-2.4389983622045777,-1.9328600040591806,1.183304554227326,-0.22407226773197972,-2.066907795401277
-2.4291586819144486,-1.9121611938643779,1.1865976724947935,-0.2450335635319508,-2.064354499467287
-2.412235217788201,-1.918472114692815,1.1798307092224831,-0.23409066009657414,-2.066207368114265
-2.4198606279450767,-1.9136320449982407,1.1858017263026241,-0.24595447054329508,-2.052353495945797
-2.418231505994103,-1.9204826805044806,1.1944709836706506,-0.2339400315365323,-2.0468581926329654
-2.4122929387621093,-1.9343382548935648,1.2000061124336259,-0.21599999853465948,-2.0635114551827605
-2.4228857870849945,-1.9210392583406974,1.1986068395768008,-0.22775868574867775,-2.0687594952516917
-2.4125959071591203,-1.9309985838036585,1.2023518732573963,-0.23286148572462237,-2.0722438153317544
-2.4318889307004494,-1.9250745980378983,1.1976047441533209,-0.2185802590385344,-2.0704968796319276
-2.4224836487200903,-1.9482919598313766,1.1888408762483522,-0.22051519032672304,-2.073152731008406
-2.4432426213273652,-1.9300089196006867,1.1809800216691895,-0.21415490776812346,-2.0702601363500883
-2.4433317086093416,-1.9285606175627241,1.1937568375263696,-0.21368499374522218,-2.0716961533324714
-2.4302243050859027,-1.9412661198795718,1.215154796372581,-0.22866504094896978,-2.0717955489821835
-2.441309660355861,-1.936368719433358,1.216025906069366,-0.22647400846503818,-2.060084441176525
-2.431722537169107,-1.9336681821845887,1.2025550340392432,-0.2210755917221733,-2.0623378762317985
-2.4212960364648435,-1.9285445666805676,1.1980439277396446,-0.22316033591314494,-2.077295378797917
-2.431042614271808,-1.9156315451296604,1.19520278103227,-0.22210193396882497,-2.0628695376717117
-2.619201087878407,-1.4623239314024725,1.2052953276123084,-0.9029884752768959,-2.0799621632188288
-2.7962762074160237,-1.2069931527976931,1.1803821666232701,-1.4712762419918466,-2.1250670232574946
-2.7490684502717415,-1.5597963674977309,1.1509683450144481,-1.2934299694267213,-2.151001512971648
-2.8838421216049555,-1.280654866408511,1.1101094780468352,-1.775714200453457,-2.173007799621872
-3.0200654843394243,-1.1368236245959022,1.084671287357361,-2.1679700635032018,-2.191398148026787
-2.895154994731657,-1.5325289440018233,1.060739286497839,-1.8625265746722321,-2.17774188294794
-2.8009817897854727,-1.7716996193878853,1.066114613783071,-1.5833303116675552,-2.1944912875031175
-2.678557229500458,-1.8955506510105364,1.071640407530418,-1.3410702385240558,-2.183805703199053
-2.5989996550482517,-1.9209914853331567,1.0448836018715655,-1.135472479462695,-2.163340258954591
-2.7290577373230582,-1.4730145861794421,1.0154177904347594,-1.6219680271017447,-2.128876440631565
-2.8708018758144758,-1.1995584207002798,0.9751618278352135,-2.0179810083397722,-2.1236992037706544
-2.7762046342281033,-1.5470228036176836,0.9979288293507342,-1.7321807612918032,-2.135767835349476
-2.6760233067923505,-1.7417208847446322,1.0074776707242514,-1.4601817038029186,-2.1307917099051688
-2.5984081958860505,-1.8468888395556022,0.9883618959148776,-1.2545315791390168,-2.140434876120495
-2.7345565558289673,-1.4256378101622558,0.9950012645951831,-1.7155954367495898,-2.134472289460814
-2.8525924946556938,-1.189067136171623,0.9788149316267539,-2.124005991708392,-2.139707115017225
-2.7786184421471862,-1.5354025509336953,0.9993568826421304,-1.7948730013872987,-2.1399807715604244
-2.702631949319323,-1.7456375496847516,0.9982925460609183,-1.510551806330407,-2.15806441439743
-2.619930989055893,-1.8308883642379652,0.9920980063783094,-1.2697669612564826,-2.1400003479422907
-2.550499420053417,-1.8972044106263275,1.0225767160615655,-1.070477594832834,-2.148455999609502
-2.478555442748507,-1.9239898471919747,1.0075971906751169,-0.9224617431086968,-2.1356768085510596
-2.4387535569149303,-1.9224977998422352,1.0109402137449341,-0.7933369552141802,-2.1199887407710762
-2.4311285859733145,-1.9020575510112416,0.9910999486389493,-0.6812976635810643,-2.0929089517585013
-2.40930413838829,-1.915415972166923,1.0258877172528962,-0.5968133190585542,-2.1118902351383597
-2.4057256924606154,-1.9069745668920535,1.0108232253114702,-0.5040257344551323,-2.083554705563572
-2.403569686480914,-1.9156576715463618,1.0228234712373838,-0.4437647659419085,-2.0864993128190874
-2.4085044291277384,-1.914416303075447,1.0317057746284237,-0.41524880376654166,-2.060890904726092
-2.4202020413411582,-1.89391105485924,1.0328018195928572,-0.3694338530521725,-2.070102170685752
-2.4191533706035764,-1.892278471916534,1.0441055461587343,-0.3470568820704868,-2.0515769327330444
-2.4193628535389387,-1.9043957932711275,1.0430310661741469,-0.30164218970326634,-2.0384055989325813
-2.417585123354588,-1.8840082604677462,1.056150099420568,-0.28174493818763957,-2.0282411360047194
-2.412315588375772,-1.9067275462161288,1.0895950233806009,-0.25204635011936005,-2.051067456993959
-2.423366571497236,-1.9024450680641534,1.089120426018284,-0.24760115934873003,-2.035070734258028
-2.426804800872826,-1.9144529669981787,1.10273497059176,-0.22587461201555487,-2.058955321334379
-2.424398295034533,-1.92028877830489,1.1183509521388135,-0.22306158548320837,-2.066286575342639
-2.4332506987524405,-1.9087542189218092,1.120557068580568,-0.21499743305233346,-2.052450654597655
-2.422223721260164,-1.9245169108309272,1.1400378981542796,-0.23745192593791584,-2.065899436609229
-2.6425747130895534,-1.4679406376860114,1.154024870103024,-0.9065962546617397,-2.0846351557086096
-2.8175884841552437,-1.2028851447562687,1.1410701140308548,-1.472842463453877,-2.1226425672798652
-2.7894058606575243,-1.5609157475548803,1.1401260433858378,-1.2759413603903969,-2.137319653716872
-2.715330738676196,-1.7440993003531733,1.1298714022355052,-1.0840877189099676,-2.1471362637513254
-2.655776836979616,-1.8421864767058356,1.0952996282750382,-0.9312095519986173,-2.1363488347336435
-2.5888618496794082,-1.8898177830798029,1.1086106807776521,-0.8091690700688902,-2.1323206144235263
-2.549671530731074,-1.9145948783281053,1.1085461319513867,-0.6932787247370894,-2.117427327568502
-2.4968315468148026,-1.9089770925832474,1.1190667339442897,-0.5889633716617849,-2.1266131368422285
-2.468188649248295,-1.9092913205815798,1.118212792844505,-0.5102092917951722,-2.1258280453946155
-2.4456956242717505,-1.8996978311161843,1.1073637424474156,-0.44363301617576256,-2.101158104632387
-2.4424592839444856,-1.9142028676318752,1.107987663247476,-0.39179028842832025,-2.1191460628482433
-2.4525124309377353,-1.9158026149658636,1.1208869640507861,-0.3592632796338002,-2.114083370175608
-2.4405460904225085,-1.9080633553488138,1.1201044058439473,-0.35034371522754587,-2.101904793522482
-2.444381205876275,-1.9096337959401288,1.1235233517267598,-0.31464268288718505,-2.0795776918697184
-2.429343005710945,-1.900674197229563,1.1245422309181217,-0.30822339043396974,-2.0730472264739226
-2.425023895308942,-1.923949230665779,1.1641039045939694,-0.2692893495124769,-2.0787137019123887
-2.4251044728954105,-1.908606157767251,1.174716100012401,-0.25120545066462496,-2.085788560116822
-2.4307835539077187,-1.90385146504074,1.1805572433884564,-0.24453081944513938,-2.095006303986893
-2.4330257634834385,-1.9102304055976118,1.1935886766897994,-0.2375726770000839,-2.07268358936701
-2.441727768900447,-1.904122031876971,1.186972409992088,-0.2552976712517815,-2.065859158908636
-2.4356033880657506,-1.9219633643464538,1.1779418889612132,-0.24470102849902348,-2.0686188139324795
-2.4377190349614786,-1.9163154177769788,1.167603800187244,-0.22876392546578947,-2.077092564353279
-2.453751215782135,-1.9212472280978679,1.1764678165075038,-0.2166784481651919,-2.0842949924647503
-2.4551098761417207,-1.9392188794725882,1.1612237160302907,-0.2272232759560444,-2.068902905441297
-2.6502277440345163,-1.4842916857371709,1.1564900698867133,-0.9103902718592235,-2.1082929554136776
-2.823881621017466,-1.2311587496274525,1.1357781664708815,-1.4577331859620033,-2.1378733328126676
-2.7721250377138205,-1.5489795687590708,1.1088075491682363,-1.2874060748004774,-2.1491371959728656
-2.9114456474256647,-1.2688014669604948,1.090207985263916,-1.7589155847430769,-2.1814479115283594
-3.0307083993974167,-1.1115022775637131,1.0695780702877318,-2.1479790520177047,-2.185544954426677
-2.917216939597456,-1.5242982844438173,1.0769785708003767,-1.8392527715089457,-2.1868823581681394
-2.827708694955383,-1.7480515533109187,1.0565437702492826,-1.5487764514713638,-2.189703394294034
-2.7306228972232636,-1.851083339986881,1.0385976336289162,-1.3071864941342841,-2.1996742555466
-2.651987830825068,-1.8893756864655533,1.0431423496647128,-1.1049722866420446,-2.1852990850215273
-2.556919609324356,-1.9069056426954787,1.0599534419563243,-0.9048146442431136,-2.1589914079929335
-2.69408472112068,-1.4399499810183802,1.0433072895715203,-1.4369336372116719,-2.123927898649844
-2.833718399554244,-1.1716901173704064,1.0302844642327187,-1.8898109711799447,-2.13114172319239
-2.7620565502138206,-1.519010753941882,1.0365892531289844,-1.6466216587219633,-2.140427729740518
-2.6673299702542113,-1.7227605821386531,1.0513996006036497,-1.4076698285023492,-2.1265455905213297
-2.5897718673101027,-1.8261805226222951,1.0633477538615181,-1.1833830957478357,-2.117556398519385
-2.510758105381063,-1.8818049918551305,1.0609094549101672,-1.0170334377056063,-2.1303174838429624
-2.4652092679040627,-1.9071567450593319,1.066435570332955,-0.8890729140996265,-2.1299721634890716
-2.431964531826301,-1.922546540024016,1.054755933941083,-0.7502078144089527,-2.0944592217960705
-2.4085356816346377,-1.9269861674270814,1.0712878522762095,-0.6381238505926418,-2.08698613767718
-2.4059634198615067,-1.932449875666838,1.0599938126034458,-0.5523373416644253,-2.095228604446898
-2.402626106305624,-1.9290153612180174,1.0732545470633243,-0.5165360131390784,-2.10468379622369
-2.4123775978991735,-1.9220006712909636,1.0880813393329578,-0.4571798097767045,-2.070299438111515
-2.419030829418206,-1.9246560842733011,1.109051346798046,-0.41192647741062033,-2.07334677049219
-2.4082318703880787,-1.9092978101581726,1.104460202642404,-0.3815472652759429,-2.0630789443294293
-2.4303837399271577,-1.9181477740619868,1.1256177255379691,-0.3518872941834309,-2.066981171959893
-2.4209714717895388,-1.9081755580619242,1.1472493099509722,-0.32124764071740214,-2.050392946508937
-2.431191422125531,-1.8781571653051552,1.157591647545464,-0.29455874980253727,-2.0386024881636846
-2.4184267172584994,-1.9045551799362475,1.1519744242252752,-0.2738353138873191,-2.042646316825573
-2.4285901174502977,-1.9062226060968093,1.168065481153244,-0.2428623579002744,-2.0668786482694745
-2.4267345682304042,-1.8922622732705092,1.1545944519099602,-0.24634429036124966,-2.074944620548638
-2.4251917741969433,-1.9085106926671676,1.1731102039768033,-0.23655641197120614,-2.0711673455871145
-2.433711838388995,-1.906940297835081,1.1769898275240542,-0.24120559613841588,-2.0755733603777498
-2.629572607675315,-1.4446213116812332,1.182340801464355,-0.9022373689805825,-2.087140644156651
-2.8038252106349306,-1.217184220458002,1.1854495518337758,-1.4548727501513106,-2.1255090261638214
-2.9467484631735994,-1.086906489146052,1.1398948593828289,-1.917004327101532,-2.1428741633326314
-3.0644722424497983,-1.001011673689728,1.0852097898972202,-2.276683217290947,-2.1608235276061305
-3.1546973471622985,-0.9753126736666541,1.0292954903427758,-2.5696282687093164,-2.159699343453725
-3.0285503430506,-1.4743120887381735,1.045743722027782,-2.1669515023562314,-2.1774943521560295
-2.884612474466179,-1.7361906641607598,1.0366471734724447,-1.8316494233483014,-2.2104312099413383
-2.755010678320481,-1.8733128562282317,1.0104061627548828,-1.5402550683382021,-2.2061314758689012
-2.64005842716694,-1.9050122846865227,1.0058456273145058,-1.299176077094934,-2.188458102166742
-2.5367063106441354,-1.9227001686726661,0.9885356989947752,-1.09347210043225,-2.1720804760113555
-2.4761747777568597,-1.9150537623963075,0.9765157169735685,-0.9176063911020195,-2.1459554111867516
-2.418993383022086,-1.9070239823641548,0.9834683065814828,-0.7866501522618217,-2.1271847315716124
-2.3939418980710436,-1.9047681379792218,1.0195139918307181,-0.6706122651487044,-2.1103861162055386
-2.3810067874184737,-1.8966515939675364,1.04653939592751,-0.5802422363465984,-2.1084834864934945
-2.362207271371977,-1.890155717791351,1.0517398920420036,-0.5222549771502145,-2.0958923997197787
-2.3423999141922973,-1.8918088354898663,1.083773649252763,-0.46994493952650224,-2.08521705265558
-2.338020163803881,-1.9017290311922928,1.0916317068150458,-0.4324654958706719,-2.066682031559406
-2.3274204325972683,-1.900319495459733,1.1129409804380346,-0.4114738278379257,-2.039952247830583
-2.3444893686157138,-1.9022360015524977,1.109619084698667,-0.3825128530951809,-2.064676929224119
-2.3759379958806135,-1.9027128284330772,1.113959816629937,-0.3330876148193042,-2.080065566115799
-2.3795580567089005,-1.9119645068402942,1.1279374218290545,-0.30052058888634386,-2.086015042493821
-2.599059230134513,-1.4525207073384951,1.142955044938989,-0.9589179291607406,-2.0951953772279985
-2.779868138899049,-1.2199407130674698,1.1309967040439943,-1.506676841536189,-2.1134585846339116
-2.7425687787918482,-1.5630338231575003,1.1065070362251164,-1.331304897459385,-2.1361661270906644
-2.68230035135491,-1.7531752294851728,1.0987026259159554,-1.1527904345108506,-2.1282472991398658
-2.6264687971711376,-1.840480552069923,1.0731118237066826,-0.9855262240686838,-2.131700133672026
-2.5801352216098667,-1.9032951455836407,1.0476731365745278,-0.8459019421336252,-2.127413912803171
-2.5208143514951407,-1.9124312965015668,1.026747498941985,-0.6912964981544909,-2.119784269203719
-2.502953894878968,-1.928014578354602,1.033027768222201,-0.5677011060508542,-2.110113580831471
-2.4916804194609923,-1.9271019778767926,1.0595854189495688,-0.5237891449711982,-2.110571685236451
-2.4497407813150587,-1.9182915440768118,1.0740483239792669,-0.45499910566427854,-2.096686547424758
-2.4274134449733853,-1.910546585951497,1.0892154112007524,-0.40229200081908933,-2.0761613492295616
-2.4439774386201507,-1.9147351084207487,1.1048753517106051,-0.370531020853819,-2.071433217004849
-2.4388787686407456,-1.90804420370089,1.101012443974156,-0.32276763784391427,-2.0685302776952734
-2.429256640024792,-1.903833074363748,1.106785562697246,-0.3225539384649763,-2.056712773412299
-2.440021348832328,-1.904546081217408,1.1263837581588372,-0.2892823142868613,-2.08163466234147
-2.4390680354366614,-1.8929381464809105,1.1313572550664122,-0.2840216577211351,-2.0637203708672542
-2.4370599481796376,-1.907142236653693,1.1515979878444946,-0.2641442787499737,-2.0773862946533126
-2.4330922456197297,-1.9249492646594364,1.1426306135856052,-0.24387845992751558,-2.0827331928473356
-2.4176672559664447,-1.9054828675490056,1.1398181385555564,-0.24294710323722568,-2.0626043547833235
-2.4348970311140654,-1.91916750295331,1.148353354878619,-0.2549468092010776,-2.0675606122556105
-2.4261778273601147,-1.9057843356407553,1.16302742927318,-0.243610586320037,-2.0758832869546664
-2.4265877145366734,-1.9113969110772446,1.1333330912156905,-0.21753580724485627,-2.067911884210858
-2.4343665012730913,-1.9112103933358795,1.1473604444750807,-0.2014796307027912,-2.069728101812803
-2.436514248804894,-1.8997160800326673,1.1506652890804856,-0.20013349472578912,-2.0444643929552924
-2.427598248424606,-1.901952194659239,1.1434273360086695,-0.1950928535453863,-2.042986953929553
-2.4355144374634046,-1.903655125792992,1.1637984531066061,-0.1964055376832274,-2.0577413076680906
-2.4438330218275217,-1.8958024782711898,1.1748097156542805,-0.21291436134359776,-2.04486929990716
-2.4420237584095927,-1.9111364377644,1.1713493402206074,-0.19719899088935186,-2.061589785453931
-2.4293952744238743,-1.8914206089460404,1.1835017841436346,-0.20310157921995087,-2.0778910443079277
-2.4267251946281436,-1.8905169884692201,1.177666132439882,-0.19006036827544173,-2.05756440481104
-2.444930759978926,-1.8901317255921382,1.1889885119770687,-0.19750509192769652,-2.073567656530794
-2.4397814079123066,-1.9182587761581391,1.185566900729326,-0.2082874377785304,-2.0716179954441167
-2.4348593556364837,-1.900278506977697,1.187539371422753,-0.1965868303964698,-2.0699552029778445
-2.4246835823783544,-1.9009420252240599,1.1850045937264715,-0.2060732606540211,-2.066139829980778
-2.4372090032513922,-1.907566340705534,1.171584104383137,-0.2122797006573438,-2.0704619162207756
-2.4534550561604016,-1.9115602704732593,1.190449227012444,-0.21078140796603576,-2.065679686397537
-2.4484376154908705,-1.9027652717788779,1.201018295104908,-0.22050176129213597,-2.0679831306254686
-2.6427492665655388,-1.4376061033148708,1.2032800751115582,-0.8750051993344442,-2.0871203356614103
-2.8078306854827515,-1.1940015448877666,1.1831373840439696,-1.4488441319940666,-2.125003798122726
-2.7511198660138017,-1.556074535154241,1.1672541003726364,-1.2684102393040741,-2.138805089464008
-2.695107375476984,-1.751059180308425,1.165793899153467,-1.1385235260401416,-2.133441834771621
-2.619987062699585,-1.8462430208191893,1.1419863875523495,-0.9902458374518588,-2.139503649873981
-2.5743959986795004,-1.8994908480488637,1.116442270132705,-0.8207984342010975,-2.154553599095146
-2.502916213855968,-1.9137319574453195,1.102003329002875,-0.7227898520449814,-2.1244433905738953
-2.4699158993606054,-1.9059990909266593,1.1075362180324086,-0.6285065477588886,-2.115001830380793
-2.467339200306992,-1.906456677069543,1.098102779404481,-0.5516935604967368,-2.1044371402068096
-2.458130462620184,-1.9298567486020681,1.0800597912064664,-0.4750708150806062,-2.0954045263277803
-2.429104425285608,-1.9078504310505027,1.0958328770476184,-0.42998257723678557,-2.0820783221400188
-2.4150448067235293,-1.9265031954219296,1.1186666051918874,-0.37811642696366393,-2.0934421223157345
-2.4160291804121425,-1.9241515722937639,1.1280005960108952,-0.34751843522988035,-2.0914139318635288
-2.4160879434790536,-1.9101991813926171,1.106112136708983,-0.3507736832624009,-2.090728022030559
-2.43823863406272,-1.8992465017645008,1.109584826271168,-0.3053408208859041,-2.0856486131483014
-2.411613136716578,-1.894660776901922,1.1317629098704411,-0.3068960703541232,-2.0700818728560586
-2.4285403366609937,-1.8935390559077474,1.1222196834315403,-0.29327726957332856,-2.0610405155343137
-2.434138362699549,-1.8910570246365872,1.1430098218567797,-0.2899705973133574,-2.0578314452021824
-2.4289738869543926,-1.8853993339162352,1.148307391701088,-0.2663386623489884,-2.060305672220156
-2.420560278488195,-1.8958970049968509,1.1650210547827295,-0.25040008428455857,-2.0619791769343596
-2.4200785167616266,-1.9073152925379895,1.1609565000470563,-0.2529830256632966,-2.0658433328532295
-2.4317769821401822,-1.913066104494827,1.1649184001871695,-0.2501788719192504,-2.0616960064966627
-2.4217564350634513,-1.906369894783053,1.1583518154870673,-0.25573941768347497,-2.069926716061793
-2.4373085391809943,-1.8990085273439246,1.1557396908563964,-0.23443780954396617,-2.0587736791406335
-2.437225138831141,-1.9119532087665978,1.1389614349103034,-0.19892085120822647,-2.0749703169096385
-2.450094896039487,-1.9039359173915742,1.1295709652990087,-0.19350890373050827,-2.083902968410027
-2.4267655172843146,-1.9044768152408469,1.148264084828714,-0.19308811187995611,-2.0645009233025218
-2.43418821578654,-1.8921042107865766,1.1457699522111886,-0.20419708580547957,-2.0534754845551157
-2.428910027678853,-1.9036523018075846,1.163346533237638,-0.20955347477220995,-2.077171472031971
-2.4411384920958508,-1.9049479826776592,1.1722622812876224,-0.2126504084470363,-2.075266724589858
-2.434777712464635,-1.9137254456305999,1.1775608285907522,-0.20011962215414128,-2.0790635775825965
-2.451716268636227,-1.922499907285462,1.1722295690978717,-0.20576291435926772,-2.0874402715244385
-2.450290251000999,-1.915939505507391,1.1897578151915846,-0.2013320673011022,-2.0934390090060773
-2.450784873489553,-1.9014645152294918,1.1700929191127674,-0.21964883754975467,-2.0979518478707844
-2.45140938633361,-1.938829723883666,1.1837737634428303,-0.19999064192885074,-2.1048048412398255
-2.448036248122164,-1.9368432438873269,1.176919048766227,-0.17584398212796806,-2.097539625597998
-2.4605767536857326,-1.9119660097821667,1.1685249145017687,-0.198323551661283,-2.097370258339602
-2.4575645646671127,-1.9177056756672488,1.1717083324614046,-0.20318452762672917,-2.0834090052931304
-2.457140419891852,-1.9245928959477403,1.1843086105912612,-0.2143697891621514,-2.0504094541683955
-2.4458216536482267,-1.9286837834950445,1.1851509011867234,-0.23196832415151136,-2.052400476841032
-2.4481548478331225,-1.9172491523580582,1.1793155234165071,-0.21184132603496855,-2.075508541406437
-2.4575319613685176,-1.912600998015556,1.1817564380635168,-0.22118306703030213,-2.0767171910136755
-2.4451159946736265,-1.9057958899562606,1.1885473755930707,-0.21617784178489546,-2.072051092955118
-2.4480983202220985,-1.9049473361407996,1.1918462473362226,-0.21353773989572003,-2.0706687378244926
-2.4591229403279438,-1.8979049714410008,1.1897806417450596,-0.2380449900072325,-2.0791938945965294
-2.4678720758916173,-1.9038974845524543,1.1872549894925877,-0.23827344120434116,-2.058452872621634
-2.446406615062716,-1.914166416768039,1.1611649040012288,-0.23617347206945452,-2.05110759581791
-2.431364489632385,-1.9173668649605633,1.1849040876846033,-0.22099115033545702,-2.0574138541208526
-2.446537433165389,-1.9189478009595529,1.1837572281603028,-0.22870365720566757,-2.0560127746037242
-2.430367857865678,-1.9193936289408406,1.1737745847644905,-0.2412329461916285,-2.0362546228966454
-2.428586285736367,-1.9136911084600623,1.1933907285453533,-0.23156550223472758,-2.054548901868775
-2.424411162453014,-1.9242763986967504,1.1929949262254518,-0.230646745923302,-2.040254287951003
-2.415587192162993,-1.9212157446680396,1.1787554005763432,-0.22952967151797343,-2.0470266522723675
-2.4198384227966163,-1.940704155805403,1.184271033306342,-0.23561219795260865,-2.051737056890735
-2.607804324718606,-1.479473098080129,1.2142042107074869,-0.922252888898312,-2.079269187449611
-2.795318259660098,-1.221804499474286,1.1902083558510823,-1.4709490883947294,-2.1190190106189455
-2.7438671802847905,-1.5894288813226434,1.1535500052937526,-1.2920320645927694,-2.153793389636567
-2.698359218340719,-1.7844861585097063,1.135392341034211,-1.1073526738181112,-2.1352356192503144
-2.6180822817789533,-1.8768904836617517,1.1195220064229425,-0.9626955984082565,-2.1290074204336746
-2.5603262561665727,-1.9354768109450706,1.127661580326985,-0.8089718868945089,-2.1268659691861114
-2.5293605808341093,-1.955974500013172,1.106758743878141,-0.6887590144781672,-2.124889981030813
-2.473477462057591,-1.948283565563052,1.1196256172514492,-0.5928688915478266,-2.1087625227328326
-2.476149081349552,-1.9394651244347014,1.1197596980025266,-0.5306226797159549,-2.111914447969807
-2.4433726027766505,-1.9292569054227922,1.1355892975383377,-0.48908508616806146,-2.0907564382428987
-2.4396971079227554,-1.9172690724530337,1.1477503166532883,-0.4338381093842433,-2.0828085517126134
-2.422038961231515,-1.9104123460894051,1.1395162311837492,-0.40880804384137776,-2.075910026029067
-2.4074848999915135,-1.9311931902094337,1.1327540283883024,-0.3591997140227682,-2.071562356679994
-2.4223994104528668,-1.9372150478022647,1.1232570981927614,-0.33912075499504873,-2.0773594403377933
-2.600652980859213,-1.4842468978146375,1.1159611835576406,-1.0010225102927683,-2.1075631036114886
-2.785657128842073,-1.212178923648539,1.1275866593536767,-1.5384104270887913,-2.133064975264363
-2.746397871806884,-1.5549757386825083,1.111559518827079,-1.3529624868887484,-2.150466469498721
-2.7013818378485306,-1.756250426888978,1.0951758185845757,-1.1593872106280299,-2.1609189324566636
-2.6466676238604423,-1.858444953354176,1.0952229722046616,-0.9796651002456257,-2.154614292351461
-2.5918829563130465,-1.8976587709442292,1.080889751062147,-0.8534509843540211,-2.123525543720338
-2.5282496781226755,-1.8900784923614076,1.0845998476430125,-0.7200131736427504,-2.105153981576575
-2.4924427718778936,-1.9022584000866318,1.0853190362390217,-0.6082532670280701,-2.1050587894392394
-2.480559436202514,-1.9137372643561794,1.0764473465798825,-0.520857106323905,-2.114976422489885
-2.4516103927315003,-1.905225294677295,1.0825407706969632,-0.4703921968303001,-2.092230319396965
-2.4459078070102303,-1.9077666098766117,1.1114082796718945,-0.42504662616954775,-2.0873996914920494
-2.434512008875634,-1.8977771399629866,1.121430595021175,-0.38005674190181926,-2.092732336446991
-2.4330905752867222,-1.9045360719520537,1.1301912840816548,-0.34261312497958507,-2.097331561089204
-2.4182312657996428,-1.8849788363043096,1.139541349737679,-0.3352419092788811,-2.0769059349612404
-2.4034187784960683,-1.8925525150715712,1.1408983043061223,-0.3259683344234879,-2.0548473739720943
-2.406801768487687,-1.9001307421041997,1.1426049131380551,-0.29316542115247973,-2.069421406376813
-2.428054028611191,-1.9012907978375484,1.139124292169268,-0.25327750284292894,-2.0590922116791375
-2.4247525737300384,-1.9084819834164153,1.1450514575737611,-0.25822507331451555,-2.071360945602508
-2.4441641383633095,-1.9047279078130983,1.1704213909354664,-0.2523260709523308,-2.0881961019721293
-2.4447817742798907,-1.9023780755222879,1.144036747212113,-0.2541108456617253,-2.0751902519715393
-2.4638613509645957,-1.9098708682248446,1.1442836511850036,-0.2395389975284373,-2.092897621215134
-2.4511641585352537,-1.9183015522300244,1.166096447629414,-0.2368871671100366,-2.0778562461459
-2.4500178363018015,-1.93225217902204,1.152583085229486,-0.23586391548127106,-2.0913950022091177
-2.4608777904731696,-1.912486408900386,1.1590943878378173,-0.22963031363296105,-2.076330572191612
-2.4483445218409745,-1.936895132359815,1.145331504441255,-0.18711268614095786,-2.0914761349311894
-2.439942715206413,-1.923999962508919,1.1442572315339805,-0.20405041270023672,-2.065431460269058
-2.64924919092755,-1.4386311485734675,1.1436668973281934,-0.8743410454987681,-2.079755183484733
-2.8102575024691663,-1.1727369259631129,1.1459478083485342,-1.4214921079063154,-2.114343048502389
-2.7657916254195336,-1.5359381496863165,1.1411991017116454,-1.2473832265233649,-2.132742443138249
-2.7222220902298866,-1.7335422267679752,1.1054942624759168,-1.0883042385747117,-2.1521263699050475
-2.64389393191798,-1.8569699328410167,1.1048701163615862,-0.9347241754593952,-2.126611382917735
-2.5741144846670982,-1.9155871910799174,1.1133723705390255,-0.7930325435727472,-2.1442556333179823
-2.5222181308699105,-1.9295083700418343,1.1095224944583726,-0.6842979681979758,-2.1323632288626446
-2.493335741545792,-1.9278350288091484,1.105716880243196,-0.5676760454115698,-2.1157651318086748
-2.46270973938784,-1.9183051478342381,1.1326873782554359,-0.5035837120661429,-2.111897480580605
-2.426893715134422,-1.9144763330402392,1.1258931294374586,-0.46765781248358024,-2.0923904441497276
-2.4099213748901556,-1.916683162244325,1.1377911711561344,-0.41737609063117953,-2.0926923268892557
-2.4285177191506873,-1.9036946688976928,1.1380253462832062,-0.3872707926514825,-2.084004567246181
-2.4172293000754204,-1.9329904475394506,1.1437015058178015,-0.35930982353849145,-2.093846518617537
-2.419144568849965,-1.933705709618393,1.1356649558866894,-0.3384042480552633,-2.08820723550446
-2.4080027379691424,-1.9258489228125888,1.1323623160832599,-0.3283020127150572,-2.0660187546228324
-2.62010454008608,-1.4823232378346507,1.14569918949172,-0.9684134940824983,-2.0966997428876315
-2.793974511967845,-1.210698345907,1.1323465825597652,-1.5147996212160464,-2.1095712687967976
-2.745937556085192,-1.5435759345763687,1.1225507882228916,-1.3141576495578937,-2.134082235688341
-2.683325398774773,-1.7447365719968364,1.104886088307858,-1.1446027724212622,-2.135102189444419
-2.6303516665712157,-1.8596577681146793,1.1008600493693061,-0.9851728499142263,-2.1248354652319024
-2.562806809535378,-1.9230311780175469,1.0826182755752483,-0.8551064573198945,-2.1269458023430072
-2.504038674842332,-1.9269953183185644,1.0784263098825082,-0.7390238843546396,-2.106746895952115
-2.4827148744565966,-1.923794661375544,1.0794694440263808,-0.6471572342438375,-2.1125311916145684
-2.4693586081677226,-1.9122255581775927,1.0869300708192167,-0.5453514850431684,-2.09688557992092
-2.436992364362367,-1.9188826508916204,1.105584726239269,-0.477563710020361,-2.0874151377785326
-2.4339298195924917,-1.9261739513509175,1.1014261680944455,-0.4298041610587789,-2.09812507070697
-2.422105058912292,-1.9237931835239899,1.11366992389247,-0.3982917173459444,-2.095172057554141
-2.411044362929489,-1.9146703464048804,1.117568168095217,-0.36046935075355646,-2.085369196200803
-2.4172344927391256,-1.9325540154379128,1.1224198189815637,-0.31169611895633026,-2.083737585658465
-2.4122975024113407,-1.9274799496405097,1.133030984713177,-0.31761725450862505,-2.0683650710819594
-2.4059219634253317,-1.9203462170221086,1.133881393677518,-0.29529594519036206,-2.0686314681447566
-2.4241310222583663,-1.9186930926682941,1.1125971400065275,-0.29029397056091166,-2.087355931916614
-2.421952559136361,-1.9059648953800448,1.115394636661695,-0.2593451608079072,-2.0697864114997997
-2.4207074872560086,-1.9089758065127425,1.1226668493338403,-0.23027129739768215,-2.0853263134781703
-2.63667570616327,-1.4713588520809473,1.144565671178805,-0.9104806515128606,-2.1055641099234568
-2.817140558229239,-1.217058624301985,1.151227673946944,-1.4661555588795292,-2.1328210502206955
-2.7704748867695193,-1.5698236860763861,1.1247625836133692,-1.28314171335887,-2.1188178301971776
-2.9233138305837505,-1.2793989358538291,1.1029247526796737,-1.7352719373886611,-2.1580398437709105
-3.019536649308737,-1.1178111078728608,1.0710741883009909,-2.1521998861116036,-2.1707837543932604
-2.921532868047094,-1.5447095256366148,1.0717479139268813,-1.8566036415660367,-2.203275743707994
-2.8203902256555606,-1.7749633418862354,1.064166188109374,-1.5592452699182324,-2.1843585973901103
-2.7243276606792115,-1.8725976362431869,1.0364762496257327,-1.2945239014153906,-2.173940809990719
-2.6169680842103134,-1.9170655134128651,1.033261081747562,-1.0764383946315854,-2.1572658393570814
-2.5398538128654993,-1.926445508309958,1.03297151240147,-0.9155710273471221,-2.131876944297705
-2.4904967329791288,-1.9191463655625678,1.0299001043727731,-0.7641690297515238,-2.1059919365100463
-2.4287683815067242,-1.9025914753982058,1.0489444775010999,-0.6410623617662159,-2.1084204113684444
-2.4026118092369986,-1.9030501888948979,1.0851731588558045,-0.5694452833785102,-2.0931030624425375
-2.390849623889376,-1.89981413730576,1.0812175332373632,-0.5035801845674612,-2.076693400239949
-2.3903133961072256,-1.897874274713299,1.0867169932173892,-0.45956119487445596,-2.0819272166092584
-2.3925460123155444,-1.9060757704464824,1.098138927690696,-0.40336033578307956,-2.0837237349804276
-2.398398476025887,-1.8835810574209089,1.09952181087303,-0.38152871384366255,-2.051562245084459
-2.3840032669598945,-1.8899060463683421,1.1130059341339644,-0.35228828884814595,-2.0574279932347137
-2.3845824221058898,-1.906414031608084,1.122256343466346,-0.32030418122592486,-2.052947866047879
-2.3926201825686535,-1.8951334565603821,1.1307628705545707,-0.3091241171116167,-2.065097604380804
-2.415535627528046,-1.9354231654997778,1.1413530618057248,-0.28388702332428617,-2.074725706898179
-2.408034671861579,-1.9451197052955238,1.141655263229849,-0.2717648557436731,-2.075314245641471
-2.412747847679656,-1.934234418017275,1.145008392599988,-0.26856542354748053,-2.041543814527777
-2.42721361796327,-1.9367655008302613,1.161471306826707,-0.2235726938828495,-2.0484105416854486
-2.443079149076009,-1.9115207673255346,1.1614938679772024,-0.22899050059693926,-2.050714419758732
-2.431529679872767,-1.9256299291875405,1.1633115154445914,-0.2160043875798014,-2.0524825066924244
-2.4416622212232557,-1.9057646871340876,1.175283169797654,-0.22612828096153545,-2.056656197572383
-2.4530087900020727,-1.9205998530412782,1.165140219250335,-0.20400535229802286,-2.070856519870286
-2.447441050807977,-1.9139550980983726,1.161068600339408,-0.21372070792692996,-2.069676036951928
-2.436194060869756,-1.9065614064654202,1.1646751096210233,-0.22331459181795815,-2.0719366531212917
-2.4343661486087838,-1.9155536573430278,1.1600400388272107,-0.22440916505185116,-2.0696505006546286
-2.414828941057177,-1.9002980136277416,1.1549585460492968,-0.22201467174806755,-2.056238918679117
-2.4298000111899376,-1.8910809633665073,1.1725433505547864,-0.2105195135475081,-2.075821658528854
-2.436421575225566,-1.8986719998430002,1.164876558798255,-0.21398503227595955,-2.066383253549388
-2.435926269941528,-1.905629923661301,1.1670261178433565,-0.22732008354758493,-2.0689670205784187
-2.43161056753419,-1.916786671696617,1.1684505790837003,-0.22350001695291455,-2.0647248801749094
-2.431971120985717,-1.9244548384223379,1.1723562173558402,-0.20586255587243366,-2.0585953572818587
-2.429940599166464,-1.9470880494644252,1.1678231373720893,-0.22585450457640482,-2.050757571004072
-2.4474346656716235,-1.9095571735978958,1.158394617064353,-0.21622798146890085,-2.0382573571811897
-2.4420300975451945,-1.909121488661873,1.166094688452308,-0.21547325901493847,-2.0503948358633997
-2.4403427245049003,-1.9172322393415484,1.1814649709679297,-0.186332934482045,-2.056139630371457
-2.45903560919248,-1.904520555422739,1.1801479329608107,-0.18523479728246253,-2.0760940858324384
-2.461892312861899,-1.913463288440657,1.1731657579082206,-0.19397445511157035,-2.0976289744866556
-2.4438616114011045,-1.9442487932855046,1.1628713440788274,-0.20772010987247735,-2.0824022189875233
-2.4417621083998373,-1.956728074895283,1.1737615668437114,-0.22252307261447052,-2.081663509795862
-2.4435478300077365,-1.9326150967325217,1.171368348401192,-0.212916027686809,-2.0891813834926656
-2.4445798903875415,-1.9135963920068282,1.194944889765838,-0.20825632552718734,-2.1046988067785484
-2.4476575973301435,-1.941489622012449,1.1927058118305154,-0.22366925949704972,-2.10062364699815
-2.4346542427684525,-1.9073917181768547,1.1776423311233606,-0.2190910616830091,-2.095089614326333
-2.42879809185244,-1.9124811676487943,1.161387414886581,-0.21789446111019312,-2.08710308064711
-2.4428295126054116,-1.9125790837637553,1.1967751101072541,-0.18767537492861813,-2.0888878037250107
-2.4446109084121717,-1.917698168750679,1.1889040710895884,-0.19681953703503444,-2.078535715044251
-2.440853911423018,-1.9360909566303388,1.1976728481558079,-0.20080783546703593,-2.0809393782351684
-2.6365420075642523,-1.4612346666529223,1.2003054739051082,-0.8759163766691025,-2.090765102045339
-2.8133668774974265,-1.1949805791477583,1.1902478207199174,-1.4431048794867405,-2.106483327489401
-2.7568583514931615,-1.5561866614479258,1.1719701098460464,-1.2757567570479125,-2.1444879864664412
-2.7139967338852755,-1.758982203022368,1.1516828878919858,-1.1168556895817496,-2.1562929335683045
-2.650534156511894,-1.8646971796964462,1.1342242243471765,-0.9667788154451882,-2.176686466731748
-2.5958520149184343,-1.9190034092288544,1.1259326658460824,-0.8144378777038556,-2.1588631117041635
-2.5451814568050892,-1.9423715379873001,1.1197041786078066,-0.7147460904566283,-2.1517313526580293
-2.519990280858776,-1.940073961827676,1.1382865339656691,-0.6335984840741381,-2.131183172471996
-2.4699470976248774,-1.9540235674691835,1.1299232474585528,-0.5621735330324408,-2.123435339868152
-2.4456601906405755,-1.9465129450928607,1.1130473641790672,-0.48792818229951446,-2.110112611087485
-2.4187356737256134,-1.9441337248526909,1.1338975441388128,-0.4498960977650622,-2.096563794903436
-2.41820877740954,-1.941085868035483,1.133598792712742,-0.39378589487782656,-2.087575049406597
-2.401854025251774,-1.9149073401066148,1.108135813185971,-0.3549054987313918,-2.0816020144064025
-2.4127529838954347,-1.9132154239829025,1.1228530410368127,-0.3195257401490831,-2.087793707339945
-2.4122522308704295,-1.9141726803580585,1.1327781878118115,-0.3110307116255197,-2.0938069911923067
-2.4108654774693616,-1.921673057308997,1.119671139741282,-0.2925152427207178,-2.0952365501079915
-2.404968802201221,-1.9262553139647247,1.1236249301769354,-0.28839422459149877,-2.0820168812402247
-2.415766487875019,-1.9331393837089472,1.1368230312622842,-0.2423359149806532,-2.0584535776956865
-2.6315335187850972,-1.4846010998418853,1.150041743576786,-0.9062681717111767,-2.084323150188343
-2.7965376396736157,-1.2093910282212361,1.1440269879548655,-1.4768854886287328,-2.1290933085570543
-2.7548389334164862,-1.569373003429968,1.1236793164069576,-1.2902237280429811,-2.1240598012271747
-2.693761603208231,-1.738169940933432,1.1171163688611407,-1.1140223008587262,-2.1279462060212717
-2.629747919505487,-1.833412652554209,1.0994211854949063,-0.9636061411576166,-2.1203911453567015
-2.5854043417796326,-1.8819959712259877,1.0935007889790473,-0.8443455093615246,-2.1340523784817993
-2.532453537264305,-1.919190908364376,1.0940966254690359,-0.7030851893169466,-2.1401520835545034
-2.5048641996017076,-1.9242801759673422,1.0895378136705083,-0.6152727811231082,-2.1361915125675046
-2.485147340918512,-1.925974776042857,1.0978550375911595,-0.5393327436891302,-2.1209782870784726
-2.438798453405811,-1.9361099662858672,1.0860099572974977,-0.486995062324677,-2.09478810810416
-2.4397380348520743,-1.9133518757299586,1.1010315660427101,-0.43919831349856314,-2.098627435424366
-2.4342954809043875,-1.9012922340971132,1.1159476511598074,-0.41127017278626193,-2.0967040077530377
-2.3991656549078955,-1.9129338002954612,1.1387061519987776,-0.3677509698774905,-2.0885803077498815
-2.4023222202714978,-1.9115996485236464,1.148524544308865,-0.3533650532353972,-2.0667936362378234
-2.3920938396886826,-1.912845842738384,1.150197567160345,-0.33712269235503134,-2.070696903036593
-2.3825295569014613,-1.926809224413178,1.1579308944053486,-0.30401032862738453,-2.0745884795673204
-2.404740649184757,-1.917522841306913,1.1590737370825663,-0.28050896153485816,-2.0645931471010246
-2.605758058868334,-1.4547866664965798,1.163430062465076,-0.9499516040872128,-2.076831847278804
-2.776989046767408,-1.205845671116175,1.1324108551215315,-1.5099468951114896,-2.1105186794274693
-2.944910591492309,-1.0678002887871771,1.1044581367787636,-1.9471415369432445,-2.165258123863494
-2.865743917664652,-1.5278028572790818,1.0943954103197309,-1.6953516264592947,-2.159592211573429
-2.7918199710468317,-1.7488060387247926,1.0696094373137772,-1.4248831480184887,-2.1704167295288666
-2.6898833390249153,-1.8582919067829242,1.0539395730011134,-1.2174622188021504,-2.1419738629907745
-2.611192166778071,-1.8953042840385521,1.0378845797748968,-1.0061572554715705,-2.1260858059309427
-2.542641111211539,-1.9188371709132646,1.0491395827067445,-0.873679617784287,-2.1193485859672503
-2.49270002894567,-1.9329931845538757,1.069107960276741,-0.708102965010061,-2.120394770668421
-2.453570645135819,-1.9291611625703742,1.0714479104643428,-0.6015998261260876,-2.106578153302418
-2.414351113026891,-1.906091788869963,1.0863217934562737,-0.529867939723706,-2.0937820202954174
-2.391409247321051,-1.916688002432985,1.113060634074192,-0.47609358509879396,-2.1059095661404537
-2.3872769918075147,-1.8838618483782068,1.1209401298601256,-0.4107580396625469,-2.0999121550886533
-2.393433071706658,-1.8733133636585562,1.1102526573085103,-0.3799056746922013,-2.0876592152911893
-2.391393275940287,-1.8822057166275576,1.1453884748251755,-0.3507096198380651,-2.0693143033836976
-2.3772938165981596,-1.9020900646606826,1.1423182136162804,-0.3293165523602351,-2.072410518859213
-2.384805198123282,-1.9159106997152877,1.1621969387646216,-0.30938990058680227,-2.059940353279412
-2.4027628565514467,-1.9113413160573551,1.1605172025551476,-0.2852432599942642,-2.056963378204317
-2.4097070007468893,-1.916650413789995,1.1635452337937446,-0.26197425887368,-2.063116291765325
-2.4323475350091712,-1.9103533080560349,1.1611723998941423,-0.2704853116450242,-2.0650867972850278
-2.440231665650324,-1.9001629249607825,1.1525494050155154,-0.2708214507917435,-2.060800820201782
-2.4417777777058283,-1.8835044729984936,1.1341565551513124,-0.2198957524092711,-2.071242162058033
-2.644281144152682,-1.462753671549308,1.1242475956873998,-0.9228316820842737,-2.101621402731585
-2.8279193136025125,-1.2295567361454043,1.0837762222058243,-1.4585231808415597,-2.1274399063456837
-2.777004023790041,-1.5871152010880003,1.0896269627324215,-1.2813574059271977,-2.1424508404861076
-2.7199260328460384,-1.757444452021997,1.0847527330502735,-1.0973686991362126,-2.1171917474063493
-2.6485749781153816,-1.875863060293363,1.094268673961668,-0.9334344453504311,-2.117245485712533
-2.5775779518791944,-1.915760428509645,1.064020355558629,-0.809321070518341,-2.093207233193694
-2.517111961988038,-1.926008351965091,1.065919087331881,-0.6915683115284198,-2.110812098779161
-2.4911477503877553,-1.918006897806524,1.07723527099225,-0.5909973662995086,-2.096746041904185
-2.466710095741767,-1.9357233250714372,1.0788218245651788,-0.5136407498109731,-2.0946936773058717
-2.441695479556196,-1.942757494012283,1.0925654498029755,-0.4560539711936643,-2.0768982971363643
-2.423049265877184,-1.9323642757210575,1.103379325742362,-0.42344330104677946,-2.074958741650527
-2.4128727193087105,-1.9194074079684902,1.1087019048827376,-0.37947718550129306,-2.07412877462064
-2.407325244658495,-1.9278961405424242,1.1070194247011316,-0.3566328663331113,-2.068749549338407
-2.4259875009088643,-1.920271151986345,1.1089592470868115,-0.3222573269982592,-2.0816921400311394
-2.403254366081963,-1.922319167568178,1.1260863988839056,-0.3146862020839014,-2.055709438384336
-2.402345695893927,-1.9161476576228165,1.1310883175784743,-0.2931439359953472,-2.0719572592704107
-2.423774500215655,-1.9113541794903655,1.1376280611703193,-0.2791608579948049,-2.060574755612751
-2.4136004645955143,-1.9245084953291305,1.1661323638269907,-0.2698212524725438,-2.0596461636305485
-2.4152352924659204,-1.90041947319273,1.1638232358338958,-0.27050891026551466,-2.0657136402549234
-2.416991928997804,-1.918137759033888,1.1667230734683627,-0.2466842797951329,-2.070551136055491
-2.4402414685191016,-1.9068222234627294,1.172539170771925,-0.24743447220844297,-2.0631670411771297
-2.427041687120967,-1.9294852082762863,1.1843290998052616,-0.2387425740550535,-2.070269013602437
-2.6339523662318944,-1.473557914281642,1.20446481892728,-0.9015852852897268,-2.0848688970014013
-2.828840610553198,-1.2160562076283745,1.180935999415289,-1.4628649998260475,-2.138722851853948
-2.773560433861249,-1.55254316405526,1.1741873301938197,-1.290737596978708,-2.1478020431346847
-2.709113124361247,-1.7494329568431335,1.176535744687718,-1.112109585501481,-2.1565042723158614
-2.6531603054887,-1.889125119743909,1.1343682344884103,-0.9516454407192405,-2.166998137396722
-2.593441850829721,-1.9117890336248695,1.1200946135552954,-0.8265279159363365,-2.170245505849076
-2.5442407340585755,-1.9291520068709673,1.1376450927022557,-0.7252822060463977,-2.167488250922023
-2.5130717486231253,-1.9372025148348888,1.1507261340711634,-0.6223626308140442,-2.145126511986426
-2.497656563583685,-1.9275434910267544,1.1528823888376645,-0.5310255885072193,-2.1363063825695896
-2.469142402238174,-1.9017335371997288,1.1490342285999713,-0.47488448371466635,-2.1294105982171585
-2.453194663103614,-1.9186280797110082,1.1544014895072545,-0.41209631873251995,-2.1201013708073053
-2.44428575944166,-1.9073604734774146,1.1595236203254948,-0.3886086413107576,-2.1064382224171596
-2.432624208268412,-1.904368366749206,1.1746654837915331,-0.35126643234990473,-2.1151048876470715
-2.428810941785585,-1.9189081286851417,1.1842094275697057,-0.33673178295090206,-2.094743084165049
-2.421197504648651,-1.9136316844543566,1.18194488138977,-0.3083476921519642,-2.0735399096884533
-2.419348420111435,-1.898209415219424,1.174287602915785,-0.29544212861507013,-2.055280698871609
-2.414488219946697,-1.8901528907082232,1.1663404078037942,-0.2711947654468675,-2.0672378342326363
-2.4126654651243133,-1.8955211472120341,1.1678645023548213,-0.27233061941419384,-2.0459154133037867
-2.421396413957679,-1.8933807262627185,1.1584272839318963,-0.2610825409224114,-2.0501335966690246
-2.422812840372876,-1.9124383019786444,1.1777414850256338,-0.2536067152359042,-2.0516002889258105
-2.4389791664340303,-1.9090780777184435,1.1721357518528974,-0.24736982921024409,-2.0843271149956384
-2.6243299347930984,-1.4615165536151653,1.1635137632372914,-0.9176613231750979,-2.1080510653013484
-2.8299960583322354,-1.2050799987595584,1.1500362528227333,-1.477326540074194,-2.1412856923143657
-2.76023710432969,-1.5622258357380936,1.139461509110147,-1.3068373559859852,-2.1350653165669726
-2.701086019957991,-1.7499893855467745,1.1238080206152057,-1.1274869700717456,-2.1382219256300616
-2.6376193639540335,-1.8527355071668157,1.1270229609511087,-0.9559221051948332,-2.1420701203379315
-2.591805970578818,-1.8983186260027545,1.103879553749245,-0.8291492909948102,-2.1449995840767624
-2.5333443172930705,-1.9284409043510546,1.1141663554144463,-0.7105749574191365,-2.137126938895154
-2.49532184838104,-1.9499579615857308,1.1065700283719568,-0.6283734385602777,-2.138003463637832
-2.456667085961523,-1.9500677723138886,1.1314510667242486,-0.5442353574279748,-2.0956972786812007
-2.4218515401889382,-1.9547754124777612,1.1267718398253408,-0.48398511728740484,-2.0915464855370014
-2.4121858022645544,-1.9488041032448997,1.1391875824013658,-0.4620647651803544,-2.111316091784633
-2.600015217228375,-1.487696858914569,1.1536603174492157,-1.0784434906354805,-2.1019749601751907
-2.7590562303118498,-1.2327184644329334,1.1220289167420334,-1.6075247521867768,-2.120271740090459
-2.7264721836555252,-1.5716462150895463,1.1050223761533953,-1.407172790916119,-2.105573853567111
-2.665944967427376,-1.7527983290786502,1.0912436845695037,-1.1949978249318314,-2.10547699028223
-2.6370952056562884,-1.8652577893479256,1.0844050322008534,-1.040003974823857,-2.119889896400667
-2.564983100023345,-1.919417672034686,1.1035589638301524,-0.8934927615375454,-2.1251373375344422
-2.5035187784843913,-1.941131800297123,1.0886269977403846,-0.7526698530026742,-2.1026916233263226
-2.460061822742143,-1.9458144875631445,1.0784598167727335,-0.6566608133181233,-2.0995665277216253
-2.4444126373512542,-1.916034334633866,1.0730343196777126,-0.5722822083587774,-2.1011717099486065
-2.4362102538531496,-1.8936285362338814,1.094863381473992,-0.5114191901657521,-2.076708511109579
-2.4079634418645184,-1.898645865906979,1.0887020270169911,-0.44969329793199625,-2.05926899535631
-2.411566510514685,-1.8964750286493683,1.099118499174622,-0.41630685947980073,-2.0565318808043482
-2.3951363714203335,-1.9019523399037919,1.1194285808782842,-0.3710682212728525,-2.054651517804194
-2.3930920268883797,-1.9135605943008605,1.134522339334812,-0.3307359714203619,-2.0435741732103567
-2.389431675206829,-1.906724282304952,1.1446859009038557,-0.2957134292613936,-2.050238007872382
-2.3897732421133373,-1.9070667810370037,1.1499135180491957,-0.2747498354343976,-2.0254425685911044
-2.4006363107551048,-1.9230394748867525,1.1683250527513473,-0.26542032619348954,-2.035495759377116
-2.406024083968299,-1.9237739223948436,1.1696469325025523,-0.24715175544165463,-2.0618515476579704
-2.400278558843536,-1.9241369893001494,1.1566415720135623,-0.2717156431010122,-2.0506558985548864
-2.422595971771264,-1.8920601925955363,1.1676986597801386,-0.2445551187891154,-2.0398858418765182
-2.441800227422784,-1.9004463307515764,1.1622533940624817,-0.2346081059521715,-2.0517354853078533
-2.4506148447550777,-1.8987725634391126,1.168447576363369,-0.22655826517381847,-2.069914808862543
-2.4410215322905526,-1.893466972868932,1.1611880673265673,-0.20926959086818667,-2.0564462058472346
-2.431283661156199,-1.9333131230859908,1.1676487014882584,-0.232673392492071,-2.0717782360062476
-2.424663102388085,-1.9411977819074058,1.1454844448784904,-0.21600820689999495,-2.0690815905351454
-2.4314885901492036,-1.919659248005541,1.1471500640158856,-0.20106635363439665,-2.0772856724553037
-2.443637422424879,-1.937759109582752,1.159874577296262,-0.22203173985628505,-2.075500435992977
-2.434794001204662,-1.9293709359140228,1.1913990037691178,-0.2126519656135745,-2.06314216022563
-2.6490117471769334,-1.4625843636438784,1.2138343118402477,-0.8899576604839091,-2.0554445485486053
-2.8061241801772754,-1.2243809623873232,1.1940444647295263,-1.450276385360625,-2.1032615153933523
-2.773679980555092,-1.562637195238633,1.1732541124797355,-1.2942942004548992,-2.127573023851718
-2.6923443973273784,-1.7348924757646391,1.1750507398522825,-1.1175494529747914,-2.1045427685729057
-2.6217553684038277,-1.8561945714171497,1.1516405083383066,-0.9745022866517176,-2.107913627939759
-2.562338403281406,-1.916366717878983,1.1259526615263453,-0.8233859334717624,-2.1223929878847225
-2.528171024574219,-1.933443882532321,1.1034717176397209,-0.730029145740831,-2.117984268918503
-2.5006221227183394,-1.930167547731023,1.1044790766547372,-0.627826002644521,-2.1060129644895595
-2.4702882422792563,-1.926216892585287,1.1169033688815015,-0.5537490355138507,-2.1340950497933875
-2.4400014813372306,-1.9093192014137248,1.11600917538958,-0.4970440213287104,-2.1201433582744644
-2.4181806447417338,-1.9230418372188813,1.1228916979232104,-0.4619115426786305,-2.1097401594509426
-2.418213156441842,-1.9159765789683265,1.1331729004779916,-0.41860195094765307,-2.0935899364470467
-2.4152183963495153,-1.909846553089621,1.1446952098548604,-0.3799873027698248,-2.0969776399973337
-2.4138860037108043,-1.917194447230053,1.1483726458339427,-0.34886619591062273,-2.086098572298616
-2.4174707278294134,-1.9152159462578617,1.1561931327321473,-0.2986014730871733,-2.0776866513593624
-2.412409696565959,-1.9021041694910683,1.1589099351485472,-0.27594015132060984,-2.067417100542769
-2.42439653018883,-1.9029439535833665,1.158685600542721,-0.2835045964018535,-2.0767053431433946
-2.413222147768979,-1.9050086215339395,1.138292820878528,-0.27597509070232884,-2.068037008764834
-2.4294358120325534,-1.9251634722203292,1.1426047328274969,-0.27279251760842055,-2.0827577184460124
-2.431615206189336,-1.9304018308081246,1.157380121350595,-0.24928468687845287,-2.0760063423633937
-2.436496618316053,-1.9341729975191206,1.1572212583989019,-0.2502924981691164,-2.0741847308250803
-2.435376090259926,-1.9279128954255413,1.159714859995706,-0.25365054185892394,-2.0744041420621344
-2.4221759983622326,-1.9409072572866655,1.1776794755259032,-0.2430540352323369,-2.067684115787685
-2.434067375754357,-1.933630430070426,1.1874305162895387,-0.23618586739082886,-2.0924419248332087
-2.4517451146489666,-1.9315295307075528,1.1742476664172752,-0.24957834091314904,-2.0877576610038378
-2.454671397221003,-1.9229670181018375,1.165681301561953,-0.23020963531385732,-2.083407812423101
-2.468074823506942,-1.927295218966513,1.1994709427501333,-0.2176283922976835,-2.09549181995607
-2.4796351211873504,-1.9424285825352134,1.1729787231482447,-0.2204129246940922,-2.0695969042827853
-2.4655485688383183,-1.9247531939017568,1.191701935142493,-0.2224339477753364,-2.083166223592997
-2.471557755012942,-1.917287849118663,1.194273219176351,-0.23002120352534136,-2.0773596529994083
-2.4654321436236484,-1.934188023421687,1.2084593169821014,-0.22932137581698897,-2.0893906952320376
-2.6582115367030106,-1.4799408833175711,1.2156657100665,-0.9086743683822176,-2.1094320134895552
-2.833821626408363,-1.2078255094489756,1.1655114992706146,-1.4653214047061094,-2.116293220283787
-2.795443673940947,-1.5574715236168122,1.1540759122327584,-1.2853690233231105,-2.138014822964756
-2.7119949636704046,-1.7499101023482628,1.1296853750151563,-1.1233443239329903,-2.142027333848008
-2.6329500873964617,-1.8524360081347633,1.130031642240472,-0.9624824078391626,-2.142911513944259
-2.572344740529063,-1.899209220526454,1.1139761094766907,-0.8367903545908013,-2.138391284664846
-2.533358462703896,-1.9130095618523215,1.111753422890494,-0.694985094483194,-2.1266175972059655
-2.4847602608355444,-1.9157969301163005,1.092250126618766,-0.602019051977021,-2.101051684636273
-2.4599580597586996,-1.9064762540350755,1.1145036802142878,-0.5352874962508304,-2.087772238347091
-2.439634983224323,-1.902874123304178,1.1449782368138905,-0.4794467287090213,-2.0842729617025233
-2.4191712224015745,-1.8820776411586917,1.1498242953499669,-0.4406084694216014,-2.0761761910379684
-2.418529174285424,-1.8773790962182635,1.1561423323130113,-0.40908218837552374,-2.0547424554630966
-2.4010572741035516,-1.887281911180455,1.1402571038013434,-0.37786077500486803,-2.0635800440950347
-2.620472460343086,-1.4315143996284065,1.1587450014384084,-1.0186435576612194,-2.07465701974064
-2.774566394822503,-1.1730416296116148,1.1464632156770147,-1.5616649702124306,-2.1054405892264154
-2.744582040734571,-1.5448587023854174,1.1374868779028957,-1.3709462030780832,-2.1262743587901087
-2.6913463211108115,-1.7306475740049134,1.124595473425505,-1.199679493300153,-2.1545821083965553
-2.639604274335489,-1.84582139746692,1.1229044853899441,-1.0202940305439114,-2.1359792419390695
-2.5769672019160392,-1.9162045865515518,1.117016529784485,-0.8807316941128931,-2.1428688620615777
-2.518412287342895,-1.9299966034867522,1.1088681605014847,-0.7668146535555088,-2.1232821775578126
-2.6811928032805374,-1.4649938590176377,1.1090283835148986,-1.3059552033743607,-2.1085880103068817
-2.854586742097184,-1.1953077950843702,1.0728482347149484,-1.7929923117868458,-2.126487595436486
-2.799453736112682,-1.5467657780822404,1.0729225045651676,-1.5420007682012595,-2.1353682857854794
-2.7107609531937387,-1.7323225220456857,1.068209263486897,-1.3248695526053134,-2.151205289460136
-2.6506293979085975,-1.8530030654487042,1.0488523185929994,-1.1424870977151371,-2.161117016541191
-2.58446725529845,-1.8966680404152965,1.0350434188337392,-0.9816372102960439,-2.116981319724624
-2.5159684838551652,-1.9246163575999724,1.058562484014656,-0.8342362875157004,-2.1162641135378846
-2.4712369434296924,-1.9208247816807889,1.0615206631983034,-0.7044296039534442,-2.08829013443842
-2.4499620768710835,-1.890695553314245,1.0754904586123015,-0.6196871478258003,-2.095434618663734
-2.4118549948550134,-1.9083705054147109,1.1082322369592017,-0.5382193164656585,-2.093949986330875
-2.4062217726560795,-1.9069231709847279,1.1192561762206192,-0.45761634929085665,-2.0969966596612526
-2.400784959018501,-1.9074045625800815,1.106485568113644,-0.41381669666831866,-2.093137985007426
-2.3862563299569133,-1.9067647924002324,1.102304967114434,-0.36610240644086367,-2.0820041800563205
-2.3697587762098333,-1.9135481101151337,1.114766858219729,-0.33713901573519084,-2.0712127372656868
-2.373175197566056,-1.9177972867388913,1.1241872313201084,-0.308957077687597,-2.0487485212795638
-2.376555926456238,-1.9086918724708735,1.1299914394347494,-0.31821676514379577,-2.0548237661042235
-2.397820388079511,-1.8995496677965287,1.1459997352180313,-0.2778524719659249,-2.032891731735548
-2.3955246098875675,-1.8985728649795341,1.1471398348141042,-0.25042991942404447,-2.031719548322194
-2.408052265154903,-1.8994930122417222,1.126384580202537,-0.23044304603525093,-2.0405175139258858
-2.416797975257996,-1.9130878936381879,1.15509908095446,-0.2365737470651467,-2.0512575415226935
-2.432067758771973,-1.9153451789491858,1.160205222496193,-0.21546872372313627,-2.0487126757072036
-2.4323795141951816,-1.9030540889142782,1.1595044686659455,-0.2218364717076432,-2.069174585833564
-2.4212930647194284,-1.9086244943491235,1.148524662392677,-0.2285284012656028,-2.0602849667955514
-2.435802076539149,-1.9157324085856948,1.1478247464534053,-0.19802461049764153,-2.0566378679175554
-2.444941986730604,-1.918536716330862,1.1496653961644339,-0.1929038938630887,-2.0498971974213673
-2.4524872919905554,-1.9107072490038342,1.148283255178811,-0.21252343423092568,-2.0641302887619837
-2.45508890611973,-1.9214472423476852,1.1665611118212025,-0.1929559802001318,-2.0578430858211556
-2.444782434245416,-1.9333238759995919,1.1730904260384873,-0.19644713978237827,-2.0713414197365814
-2.4448858173577355,-1.9178205356539677,1.1437502289815067,-0.21151124960695594,-2.063339451982587
-2.4486501499859252,-1.9089291961674228,1.1554004527114816,-0.20475455522699174,-2.0539277849077267
-2.4616608189512235,-1.9089075361803858,1.150668765396127,-0.2298194111403714,-2.059418375437997
-2.450676027033601,-1.9082349795025293,1.1620719845687968,-0.23321525878534807,-2.0582785972689424
-2.437142664528752,-1.9127777456770485,1.155241959965839,-0.22130690657797353,-2.045618338077321
-2.440690766919089,-1.8834187758353063,1.1527492590726833,-0.20680833164361948,-2.0432549452591715
-2.6287238217919753,-1.4513840602703572,1.1729993089736297,-0.884249984973657,-2.070268748881722
-2.7981252507231233,-1.2042889034186717,1.1566534740676833,-1.4467557052470326,-2.111974570274653
-2.744162189153383,-1.5565199278013013,1.1403606594159152,-1.2658617629567543,-2.1319407846966363
-2.693745600952347,-1.7408865887855003,1.121064560409625,-1.1107630933137578,-2.1271607410096394
-2.6395430117784864,-1.8360428200407597,1.1220007765571567,-0.9368122263424637,-2.1329073097447244
-2.5872446441444934,-1.8775698906399767,1.1167651786616655,-0.8096817077963209,-2.117768115592149
-2.527366036457343,-1.9035219214862071,1.1128539234657293,-0.6833278232246591,-2.1220529618865482
-2.4956964459507853,-1.9259695609949643,1.1013430085577296,-0.5999606696891935,-2.11089580628025
-2.4527156674338317,-1.9259539228263118,1.09967702582082,-0.530940529908363,-2.1073949061592248
-2.4251459021812707,-1.9216429273123534,1.1130704892197352,-0.4836647006291754,-2.094598867519839
-2.4176880526003557,-1.931304817733291,1.1200290910878454,-0.4171067186582221,-2.0870150650913075
-2.407241323486646,-1.9361505737303428,1.1414875290034352,-0.38387340615781884,-2.0950233710100097
-2.4024150533203747,-1.9168764186994933,1.1391480163387744,-0.34755004869645034,-2.0940918982128336
-2.386317848311113,-1.9073179158776095,1.1449416010157565,-0.32989198780153706,-2.0647426300826797
-2.583786112949043,-1.4487602204088657,1.17564140015206,-0.9795409833768239,-2.081884661792409
-2.7519728261300735,-1.1829239515446737,1.141069110775936,-1.5593330928159574,-2.1039266363081013
-2.7425334469427862,-1.528345239719593,1.1308043182423904,-1.3627011349591163,-2.1215891420397424
-2.661663085077169,-1.7485995572953295,1.109905079802147,-1.1654426828397473,-2.130334754864962
-2.608599293024386,-1.8586837408862973,1.1104749975108132,-1.0352243003049875,-2.1460266974470676
-2.541725355717703,-1.9126924814496542,1.078026287021603,-0.8821128895108783,-2.1286654189193155
-2.5256119653228573,-1.9420733375547816,1.085314650151601,-0.7355036375522747,-2.104279042204814
-2.494814305669742,-1.9267542984134862,1.0722677049857194,-0.595927182744718,-2.1129459739351524
-2.4538185758673463,-1.9457139617054842,1.0914607159285317,-0.521841896616049,-2.103619447926801
-2.4528825314593146,-1.9324866012607511,1.1100749496422497,-0.472373354794687,-2.1055392144472895
-2.449693357519995,-1.9089709941472763,1.1257580627656365,-0.4150788695339976,-2.0982362228040095
-2.4356294302627206,-1.9170917995152421,1.1198819583475588,-0.37001855368774167,-2.0867649091849114
-2.4280077191031197,-1.9068996191810936,1.1290329966258028,-0.3339167106274075,-2.0822005536793964
-2.420036849466494,-1.8958762562646638,1.1273273530649346,-0.30308369896413667,-2.0693547556420433
-2.428563174759923,-1.9014780685859292,1.1080635049626062,-0.28182570823069863,-2.0594724941869527
-2.616605952727602,-1.456356030571199,1.1294757451241761,-0.9558969082819427,-2.085213911590946
-2.8050173879699845,-1.2067300533496474,1.125498452051113,-1.5108322132702514,-2.1037130386791167
-2.961848102281832,-1.0662005512871964,1.0783859772571067,-1.9576882835463285,-2.118555610754496
-3.0799790293021525,-0.9928504025381142,1.046090957830097,-2.298425631310882,-2.1438310645809247
-2.9549448150099606,-1.4743774208345364,1.0439943360741952,-1.98137133902991,-2.168345680308237
-2.8079065863263883,-1.7184255131500932,1.0542736764429521,-1.670165115816454,-2.1793633368511687
-2.706600933667395,-1.8548149753613863,1.0154726039556117,-1.4148867343894551,-2.1902549517117875
-2.8327956732114794,-1.4207454319354231,0.9872903619322936,-1.8391008805197646,-2.146043917802581
-2.9373719804276965,-1.1779960088221704,0.9710597381771238,-2.1964353909603362,-2.141452741298178
-2.8228605992374116,-1.5364289622978093,0.9908069953498729,-1.852147839620094,-2.172493701633926
-2.7325637424290705,-1.7266691907719138,1.0245063928960256,-1.5750738617816344,-2.1724538271985097
-2.6391144937393363,-1.819442734523323,1.0010388791339095,-1.3435380264407666,-2.18069460290519
-2.5607819274941064,-1.8588070142418802,0.9954242599927926,-1.1294151858956336,-2.151881522457198
-2.504814433639036,-1.888190862714474,1.0010897129539829,-0.9586062928796788,-2.130840693687271
-2.462026357883104,-1.8887609817912698,0.9912410993293692,-0.801281912605489,-2.126883321437792
-2.4373564857282215,-1.908005455499965,1.0109106973360114,-0.6910775868564173,-2.1112969575147207
-2.4275510946739502,-1.9048067332220509,1.010557000341986,-0.581893136087664,-2.0886418366913126
-2.4101711423960346,-1.9150077759268105,1.0165364996965665,-0.5072348907767701,-2.1005908578192094
-2.4024082305090633,-1.9200828635210605,1.0405214550856519,-0.4636443353266973,-2.0997818934531
-2.399333233767029,-1.9191126275232648,1.0370045371130325,-0.40511254506133365,-2.0769044246441557
-2.418307526846793,-1.9032547875823072,1.0646792015354651,-0.3641437356523785,-2.070092750762735
