h0,h1,h2,h3,h4
-2.6976176315200435,-1.5354705178224386,1.0463304024426903,-1.2521469876805917,-2.15133059913799
-2.7170345903494657,-1.544538416392042,1.0446108420257165,-1.3236424952088464,-2.1767151933761353
-2.6832023813373582,-1.6349987239832182,1.0471998526555355,-1.216205135593056,-2.1752913589321716
-2.7168210835860362,-1.517556279631461,1.0362484952844395,-1.3796355555190196,-2.1700661423361285
-2.770774166410202,-1.4777719794043567,1.0450305874301078,-1.4835969545057937,-2.207236401518473
-2.8323958087931875,-1.4472440774327398,1.0312095922967646,-1.580602670517558,-2.2037802162992675
-2.7680814495716186,-1.6210179485736957,1.0175638989727387,-1.3837971317004023,-2.201662882931441
-2.700327012442127,-1.728290947554607,1.0157251715863642,-1.2295968958353032,-2.181335433331438
-2.723671482766012,-1.5476884574548129,1.0230998636020763,-1.4350296004719187,-2.1702842706146233
-2.7024231955138482,-1.5970285639427417,1.0251592496550983,-1.411837146426065,-2.1851214433955004
-2.6904387255622337,-1.6253759708139381,1.029983442019396,-1.2965423578295232,-2.162088377010157
-2.7131662027065104,-1.6036630566934367,1.0397643601413777,-1.3181476781678947,-2.1741599892892354
-2.7214023380242596,-1.526130827942168,1.028778716389331,-1.405920582793141,-2.166144517041389
-2.7956271209707193,-1.4216469125017401,1.0293452278160184,-1.5827914698192715,-2.173660465033862
-2.7702213196755103,-1.5441208678705454,1.0301522753151229,-1.4689945759197702,-2.1721995604123245
-2.8214023521175022,-1.435589545688853,1.0379746972707102,-1.6614237413093573,-2.1828899718570827
-2.7419437512637295,-1.634547613509492,1.0350179087428883,-1.4122094689597025,-2.17549071745666
-2.7381077678595713,-1.5887655428975422,1.0133541859991035,-1.4418855836893147,-2.181910701165536
-2.7511870488738244,-1.5215367141032627,1.0085461066947243,-1.4860768155638981,-2.1947028928851866
-2.711260517783478,-1.6457337998100163,1.0026740523736786,-1.2863532303063734,-2.1764118760566857
-2.6437139239780705,-1.713952003299015,1.0110485992948612,-1.1548794017593549,-2.1649658871185364
-2.641683206497774,-1.666289142975486,1.005057397416054,-1.1573773135935888,-2.157704331245271
-2.7032773782498216,-1.4762459553758498,1.0245973961954662,-1.4072690167748025,-2.15497156775696
-2.7253425441264434,-1.4729879802373256,0.9970405152372488,-1.4693172653388107,-2.1514526717694964
-2.7711432427686313,-1.3842994241688276,1.000958139006677,-1.6353464642183828,-2.1691932527719016
-2.8314755840024746,-1.3611177856199739,0.995376970602201,-1.7219375516364708,-2.1973361764200887
-2.819573220784527,-1.4734722004712144,1.0013934591776923,-1.6713148425502302,-2.2090597620111314
-2.8385383983457992,-1.4621066741846698,0.9925989684274392,-1.7295840795668083,-2.2140184356190016
-2.752429510667734,-1.6725510466962412,0.9970969573737982,-1.4678622836638977,-2.20381902480142
-2.6862973305974127,-1.7675024963522195,1.0123744935209955,-1.277247279223531,-2.1723193349876775
-2.734765589822732,-1.6037010802272704,1.005197507144187,-1.4422633944994343,-2.177457695633317
-2.7866809937331554,-1.5108978408044007,1.0098925896234354,-1.5614394992030984,-2.189395253607195
-2.754894154041508,-1.6270042299906893,1.0169798475644058,-1.4246422873585218,-2.1906047486551645
-2.742416941534705,-1.6041534218208617,1.0085039247612593,-1.445823121774389,-2.2039973891597575
-2.7683466254699116,-1.562657440859059,1.024931945493137,-1.470055400651964,-2.1937893520034075
-2.810571848302748,-1.4564137517992675,1.010604584557298,-1.6318382653020316,-2.193282206541611
-2.822251837219301,-1.4848643892344162,1.0127716917133354,-1.6461279411559335,-2.2106306037931898
-2.791063374213834,-1.5590181294960948,1.0070244897072043,-1.5549020903993587,-2.2039150706303996
-2.7832003917869845,-1.6066382754773894,1.00311503846549,-1.4778624620456082,-2.207782733576146
-2.7377326712344137,-1.648020931784783,1.0066007944769995,-1.4223403663090013,-2.2037595188877352
-2.761455953740054,-1.5796965868350816,1.0152954494046333,-1.4747478257989899,-2.211843029379074
-2.8137015850251825,-1.482413287942062,1.0150590582079033,-1.6182245845586538,-2.1996060604290735
-2.7868459633665115,-1.545452794289823,1.0218622572433993,-1.5746283561551875,-2.2219355249726807
-2.748912973376045,-1.6484355614543027,0.9965824332625588,-1.4512389329282256,-2.2037344034263326
-2.710917869356492,-1.7098894134533422,0.9936519570710343,-1.320012533114442,-2.1836093531984546
-2.7250130094510547,-1.5965252253581639,1.0014597416906261,-1.4226772215143229,-2.1926154924652663
-2.7572984906803244,-1.4975959598109925,1.0004299693376422,-1.5719782856754145,-2.1882239263766685
-2.721192960672993,-1.6561841255715106,1.022177567988227,-1.3753245487107457,-2.203516282166459
-2.6438613860163342,-1.77539814228954,1.0091668625143453,-1.1794607486002715,-2.173050191195008
-2.672977771933327,-1.6535114510106355,1.0122994275351072,-1.238278521024159,-2.181518680012981
-2.643286277697901,-1.7165722925271176,1.004827997636969,-1.1186710562483788,-2.1678307602143385
-2.6910926723475277,-1.5448006991847196,1.0084895786267467,-1.3160684757887615,-2.18432741597249
-2.6881116647788548,-1.6051533235255093,1.0158355992662558,-1.2580429376324695,-2.181038168355487
-2.656862570642078,-1.6978401702153536,1.011503412705738,-1.1243096905735073,-2.173067368584871
-2.7228148403004973,-1.524067575826135,1.0407262035432903,-1.346010427425818,-2.171645957536837
-2.6867135165988842,-1.6277126518562202,1.0224221803074893,-1.2220003738309713,-2.164414937965955
-2.678067856138956,-1.6818339460518124,1.0214540145471112,-1.1398223499830864,-2.1680242521201887
-2.6396283800897,-1.754545991250793,1.0445271616346652,-1.0518670630209657,-2.146542108834193
-2.593318703086798,-1.797378113887962,1.040652825653053,-0.9502914408391662,-2.134885191315945
-2.5358000825765044,-1.8419618819903143,1.0216644708846803,-0.8251156402374826,-2.1198593642087586
-2.4872690319907056,-1.8584403441569801,1.0415945776816802,-0.741624869603313,-2.1072469217079557
-2.5006308358358034,-1.8292949792044428,1.033684749479579,-0.7079286187568081,-2.1014322954385767
-2.471489709086244,-1.8275696936567665,1.0355483597727413,-0.6106828628062518,-2.0919377199794034
-2.563049275112864,-1.7033284680075933,1.0630409051067748,-0.8024581869340862,-2.099765213776619
-2.635470615096851,-1.5819890398876644,1.070111113249525,-0.9984279214754969,-2.131426101549342
-2.6576933677797925,-1.6090695941363082,1.0625327542571972,-1.0247197202967355,-2.145627748422713
-2.6469010411837814,-1.6576715776196582,1.0634884971087715,-1.0265249491458925,-2.1494718584328387
-2.6873282647238725,-1.618624859491831,1.0704302578232332,-1.1084320268811871,-2.169859548934921
-2.7548470506231175,-1.494809586480994,1.0718693204817165,-1.3160048279679535,-2.1733779035917733
-2.811230537903543,-1.4479672399656456,1.0861623768568271,-1.4997784695848966,-2.1946197688821383
-2.7650605620661093,-1.6651904986622927,1.0708090937472818,-1.2977344968921491,-2.1997979936757686
-2.7069142032594424,-1.7274535043581636,1.0882324363853884,-1.1953805530297243,-2.1931882503475446
-2.676252163958031,-1.7503544561867534,1.091877560152833,-1.1153724644019816,-2.182301050146135
-2.6617458059844896,-1.7556862394537223,1.0923602085753887,-1.0578990889103639,-2.1804837432242903
-2.6719983455887646,-1.6422338555540776,1.0832094357164082,-1.1501112528701505,-2.1761204681615207
-2.6632645685799403,-1.6486339798997194,1.0934087191092463,-1.1666293033025532,-2.1622312926537504
-2.596160529890229,-1.757296743690022,1.0497908524839819,-1.0084365060265454,-2.1616991375050194
-2.625213458034998,-1.7161943189590587,1.048607873549257,-1.022953320474145,-2.1629264682267118
-2.664406403446412,-1.638389718385529,1.0414310863047342,-1.0934981628594824,-2.1494583137333905
-2.6203091996030343,-1.7351611407524183,1.0632552404756035,-0.9962232167728764,-2.1682001076242616
-2.6912820202153656,-1.5533706904330422,1.0615718897485378,-1.2195574218725407,-2.164053845833683
-2.6499693452569355,-1.703517638652693,1.0491279760014793,-1.0548864446601751,-2.157012733965626
-2.7468529754480038,-1.5330943896598581,1.0755861608580704,-1.306720583240081,-2.179160524061382
-2.6894915717739427,-1.6712957056705533,1.073093422578559,-1.1679389533095057,-2.161678528956771
-2.75297541939966,-1.560000999208414,1.047284285640554,-1.3651179570479064,-2.191706972506197
-2.810653026836169,-1.4616341463029787,1.060771492962056,-1.5573403254244236,-2.217584062681754
-2.878579219346516,-1.4148589359932886,1.0325081450484035,-1.7433138050184693,-2.2404055928783753
-2.889528874424717,-1.417311877028796,1.0176933696610482,-1.8117285319778693,-2.2236508960004056
-2.908911784056627,-1.422480298142591,1.0251464310008473,-1.8563505172985495,-2.221924659205739
-2.8870381984645976,-1.452281876259116,1.018671679606252,-1.8363771271450045,-2.2255187258999087
-2.9094003545176776,-1.4399075750812673,1.0133239063693102,-1.878717507467545,-2.2227579665393824
-2.8105857172087427,-1.6381882523142772,1.017509156701109,-1.6233583238045464,-2.2056861452301946
-2.7782025667847643,-1.6241368520464436,0.9988147361732981,-1.5954572623605956,-2.2102298658101467
-2.7807456277582596,-1.6308492866674764,0.9818724536646548,-1.579646000996512,-2.194542458349075
-2.8092696677358537,-1.5139925502863256,0.9803516490603356,-1.6751228711095127,-2.20712800050193
-2.790568829715384,-1.5596898281817815,0.9637063087121939,-1.61872032855562,-2.208822443000667
-2.755444260369628,-1.6111667993971381,0.9680558518165497,-1.5293413537990739,-2.2233301974298003
-2.771994357102343,-1.5718155330986339,0.9658482154383884,-1.5525165513941523,-2.207639999912488
-2.726798339638317,-1.64415371313604,0.9760953179866811,-1.4261164573934875,-2.202178303031447
-2.6846099816443703,-1.7186628419873828,0.9717462872961253,-1.257489576668645,-2.1998993563777622
-2.6658711272067652,-1.6607718026512617,0.995831696311765,-1.2821409992927673,-2.1888168624024726
-2.6548761981951263,-1.6426639550102826,1.0164309409787335,-1.2736416437955334,-2.1846221190481923
-2.6203170531325553,-1.6932116023252495,1.0052667725576299,-1.1771968422804218,-2.1734290346102045
-2.6240847727766163,-1.6709762097795167,1.0143349008949543,-1.1461681537401027,-2.1552423898901005
-2.6106027544910444,-1.668512722103966,1.0250706305840729,-1.1014389687419948,-2.1607002743089865
-2.627347730981912,-1.6742617868077994,1.024013639047834,-1.1082043528739234,-2.1749583489785733
-2.6072804527720663,-1.6660768842210838,1.0204065364056825,-1.1347023236554175,-2.1558371752987155
-2.6738743529343982,-1.5680521248463961,1.0178144607512705,-1.2543413554319682,-2.163378286180291
-2.6631807543017953,-1.630922412767187,1.0310524397332117,-1.2072049652688484,-2.1690428131239115
-2.732357168021326,-1.4564097856949865,1.032529513485038,-1.4341388683364877,-2.1625717780092044
-2.812927642606676,-1.398813406163103,1.040451350544926,-1.6184403824537144,-2.176355266158827
-2.7939339018119624,-1.4971240466886444,1.0254901796740263,-1.607460729899873,-2.186942290688993
-2.763903400948176,-1.6013157040019355,1.0243453672875917,-1.4961503338619597,-2.1915531499711833
-2.7606496803596583,-1.586462727111079,1.0287212340948881,-1.4810493599277892,-2.1885681730607005
-2.806752280939149,-1.4989204033753334,1.025575063199092,-1.5991085817954516,-2.186010073301982
-2.817194368948356,-1.5053732221965992,1.0444860362888668,-1.641769362583747,-2.2024602555614456
-2.843197482047625,-1.4613804758200322,1.040307200006362,-1.7360942365048855,-2.2090001697355905
-2.8354174343764984,-1.513226096547661,1.0268075082952206,-1.7004164274129314,-2.198380163912778
-2.836734438394939,-1.4921110970221698,1.02987365148748,-1.7063746514512255,-2.2198745615802915
-2.789756806709071,-1.5924120564998174,1.000610099904919,-1.5465614511531007,-2.2158209226957175
-2.8126321052561543,-1.5135361381976407,1.0162781654906838,-1.612031852704914,-2.1981241375774796
-2.7451437798165386,-1.6359709639030415,1.0057901670641696,-1.4572264987489283,-2.201968707581266
-2.7484561194112924,-1.5407542412257091,1.013240145346398,-1.53270693750885,-2.1817160228224437
-2.81869500556474,-1.4151992594780538,0.9909097295982436,-1.6611293998165282,-2.1811030130030176
-2.7406300482341934,-1.6002916526938233,0.9976105829231943,-1.4608514888756363,-2.165549257740316
-2.754985649468571,-1.5455890431693067,0.9923607645828801,-1.4745557813538175,-2.170405982754064
-2.6777498135123876,-1.6885831583222417,1.0129341042885456,-1.3062635071410593,-2.1716617164909207
-2.7143386099370366,-1.57979319233374,1.0107467762742468,-1.4323909192199458,-2.152610908614421
-2.6674087626091247,-1.7147059040913633,1.0187467712363192,-1.2419888904985616,-2.13514672680092
-2.7143211698649643,-1.5179286017142604,1.0245174126450485,-1.44441482044028,-2.1587539915788514
-2.6520595579348667,-1.658788640103807,1.021842645632718,-1.3058632311352896,-2.1417585843610567
-2.725875728241585,-1.5055082972731193,1.044759829020828,-1.5102008336718937,-2.1659106320610415
-2.7625742279696963,-1.4467322834778147,1.026025210900272,-1.6359599408436232,-2.172814431792021
-2.7787878373520027,-1.4777667125506289,1.0306400179194928,-1.6484428860399007,-2.196696880465764
-2.829286814115213,-1.4741637891790969,1.0204370698585972,-1.7324181191356136,-2.213986342794912
-2.8529232465017027,-1.4588776705817368,1.0052649559071896,-1.8049304063956808,-2.22097652738274
-2.9099881760958892,-1.3810753227900077,1.0013817028770022,-1.9047360060312823,-2.2248088604745804
-2.8536166025477767,-1.5702721002105258,0.9950315113600978,-1.7173201438577903,-2.2285264710423442
-2.833886058605329,-1.5639921156421968,0.9772489439224006,-1.7218778568549689,-2.2167181916625203
-2.7421434543757104,-1.6812808755106472,0.9796717186604165,-1.4817529158037601,-2.202739471359152
-2.746213272508623,-1.601822034047638,0.9886623945976881,-1.5224304745914075,-2.1924493772903166
-2.7053608992424696,-1.6917895079054333,0.9896900591713073,-1.3313953204621907,-2.2134750617550236
-2.696148930964452,-1.6302115956233443,1.0090175487267614,-1.3818367594063348,-2.1876469998525034
-2.6942371478780367,-1.5957642319563146,0.9846404914592602,-1.4414423811242885,-2.20608124615347
-2.700803625444022,-1.599539722105543,1.0036160909328555,-1.4310847671202174,-2.2012991505571047
-2.7233818319138705,-1.5974035392322916,1.0044163814436564,-1.4444264222073941,-2.2005825770286327
-2.7495927691697872,-1.525596389979805,0.9986327656826125,-1.555575400750749,-2.1901526237927667
-2.7843926702222603,-1.4666299336886433,1.0084996683925662,-1.6415885121381577,-2.1969395667835725
-2.788441275003364,-1.5163135075235352,0.9913492427703281,-1.6089468800876094,-2.203351371194229
-2.7930514757687583,-1.5273019553088214,0.9830066521751836,-1.6300302442262142,-2.19619658781229
-2.8269821182187194,-1.422439218543445,0.9684035093864817,-1.7670835154418454,-2.203645750391056
-2.7732215781108893,-1.6119850256608292,0.9718931470664839,-1.532788880456299,-2.206363743743766
-2.703241844597489,-1.7134688647062621,0.9715924837328226,-1.34340170265443,-2.1564563510229116
-2.63064292472533,-1.7570332241458366,0.974998959663864,-1.143547024101145,-2.1470780827000313
-2.641142066473904,-1.6347604481380813,0.9774286481631818,-1.260481318057126,-2.1559382081188314
-2.647257489392038,-1.6262132934558458,0.9856181535309887,-1.2610651589437674,-2.1386703966378593
-2.704019082637206,-1.5517538026458637,1.0014535832476132,-1.3911281001009277,-2.1553647292883307
-2.736343363213911,-1.502746077059032,1.0094772526761688,-1.4660425380039486,-2.1569540579331665
-2.7339327730629157,-1.5836784364242966,1.006059769075272,-1.402455112592778,-2.1695955004320693
-2.7859034726652987,-1.470073098620963,0.9980192027962703,-1.5711644764044734,-2.1651763803518165
-2.8139397035766884,-1.4397897867407774,1.0101811966573437,-1.6533096483227794,-2.1818113426454158
-2.7707133136791304,-1.5716702481852884,1.022637279471436,-1.537087600926501,-2.1998668782075503
-2.716372870493341,-1.630332354524264,1.0210185438540993,-1.4482840852754997,-2.186655989194897
-2.6881488489585013,-1.6836636407308962,1.0210916870901454,-1.3557198397439894,-2.180914551785035
-2.640213041648984,-1.7319448172891299,1.0107476237719062,-1.2083238164273893,-2.1549773962367573
-2.600323952702223,-1.7775397099152364,1.0103670754095904,-1.0904724074006944,-2.1541003905821317
-2.656906277438304,-1.5715005675396108,1.018778683220711,-1.3309636762578143,-2.1537601307897707
-2.6660920350161144,-1.5855168347390574,1.013386187411635,-1.3199110199473365,-2.1510987040451175
-2.6682672376817838,-1.5956708938691107,1.0089883701197608,-1.2912875807674564,-2.145540580530102
-2.7199124388713107,-1.5184730742909163,1.0053058316522785,-1.4176333463772135,-2.1474452126133237
-2.7273498486906385,-1.534590474438506,0.9945073659587818,-1.4728172870862977,-2.152928398307629
-2.795532910591667,-1.4340482576142113,1.0027789287676345,-1.636013595794271,-2.185636436483021
-2.823991037140876,-1.4323174149031876,1.013703786681656,-1.7272864120916847,-2.2021454985946907
-2.808754996099295,-1.5308509424882921,0.9760189360158429,-1.6522139593442562,-2.2151466052834934
-2.7885383733756144,-1.608175178632588,0.9785965567523395,-1.5628024554532052,-2.20667557810948
-2.840794461745396,-1.4670457683844689,0.9895021318942748,-1.7224899449521498,-2.2033841298605528
-2.8539112014468646,-1.481842629608549,1.0033869805370776,-1.76340842416959,-2.2069478191185015
-2.8777250018423164,-1.4080124789360178,0.9910879937398189,-1.8858013441495067,-2.220976971428839
-2.7989959773065785,-1.6109771307731298,1.0078721502220533,-1.621149679474917,-2.2052165007131954
-2.8207555617619327,-1.4917328234192078,1.0023417647959099,-1.7157236941119252,-2.2114653895321825
-2.827092512881338,-1.482726182761161,0.9941013985169772,-1.726180305722335,-2.234365839454361
-2.7421727661265947,-1.633749746219135,0.9893468401751755,-1.4848210764765315,-2.2003223473225053
-2.748861051796111,-1.5726851107821365,0.9930576364557945,-1.501116169665615,-2.1940710641270202
-2.7705064559891124,-1.5295638168951105,1.0075063109176905,-1.5691297310036036,-2.2105084422196017
-2.6637847987271024,-1.7028341732671075,1.0122931492253586,-1.3246378219402373,-2.200455563413976
-2.6705462421384727,-1.6572863509024172,1.0089576522947026,-1.326547807611021,-2.1749504728480393
-2.7074749228713153,-1.5165247631256766,1.011939891730583,-1.482507234679682,-2.1782342740029312
-2.678943581647216,-1.6057499965243374,1.0113999016403845,-1.3826035906764484,-2.163228736242213
-2.6850399222345924,-1.6085888252006675,1.0090254414865667,-1.3619295237843843,-2.1675432924234586
-2.677547874356269,-1.5826492252309543,1.018791370706166,-1.3594287507794263,-2.1768881500344635
-2.6764193843232005,-1.6344577488460172,1.0135513026152136,-1.2755110317280036,-2.1580686817662977
-2.7168757952747695,-1.4913969479550988,0.9972632270016913,-1.4695464922065753,-2.1349961711358203
-2.7782720666211733,-1.4485805149321211,1.004418486295309,-1.5906638263534951,-2.166556447448547
-2.7268654755253148,-1.6497451687675955,1.0063078100364211,-1.3969639717784554,-2.1641908795988134
-2.7774489311529393,-1.4867398955995432,0.9941285988183981,-1.6076201031703283,-2.152519166820967
-2.850942406723578,-1.4268894360764184,0.9894898019661686,-1.7512929280678766,-2.1886808326726777
-2.790943148632529,-1.5561862971068698,0.9685520313981144,-1.5910211029497454,-2.1899048028534907
-2.8244174630839503,-1.472808480111806,0.9782362375486386,-1.7170514695724832,-2.196489352334449
-2.763225272186384,-1.6440942298848649,0.9862070465351167,-1.483179030277787,-2.194394886891943
-2.80969984550032,-1.4761603651602175,0.9785628365797969,-1.681690750846252,-2.2027927927405493
-2.815782186873242,-1.463506984174161,0.9935538320506531,-1.7062052818361786,-2.1906833072487344
-2.8317402683931507,-1.4804389951387142,0.9939389025474457,-1.7131446627857039,-2.185871767745114
-2.75114646577658,-1.6666811877324657,0.9750629130115553,-1.4685480159302424,-2.20430851024045
-2.7902216105059825,-1.526430087857264,0.9702919540906307,-1.612256798594315,-2.2079189249192823
-2.7175711895011294,-1.693486050743831,0.9696241584067113,-1.359146126388547,-2.176639238880402
-2.6601070423726636,-1.7297116996955824,0.9823378169509596,-1.2523559580334183,-2.1641448359929187
-2.5960705233554506,-1.7716194288734612,0.9895450377269092,-1.1378517988270118,-2.1633811807999637
-2.6435687262811567,-1.6139575522051999,0.9965216825134585,-1.2973050105311366,-2.142343365800811
-2.6444492756997406,-1.6721616878051593,1.0154382886977005,-1.1889806213709637,-2.140872945693223
-2.725682952534771,-1.4986169096990745,1.002334753346821,-1.3833811846498842,-2.1323447425686397
-2.7470653038204,-1.4777454268979955,1.0080847494921277,-1.4504880660794213,-2.161110316846148
-2.681539346081981,-1.672563794044724,1.0131140191536478,-1.256281655010203,-2.143518949747858
-2.614265190227069,-1.7753134511151054,1.0211972744614786,-1.055303767878817,-2.1300477525685118
-2.5593886248810485,-1.8443243319572584,1.0328145805682911,-0.9226246318838047,-2.125250919901989
-2.6070832458268023,-1.6982232829822557,1.0441002004233764,-1.0686880958506795,-2.128885035336898
-2.69564531513654,-1.54670324709164,1.0642930270852162,-1.264445163907419,-2.1432593491585457
-2.6619927910117522,-1.653247177820885,1.050252341733231,-1.1823051203260715,-2.1410963343971563
-2.728280723735151,-1.5266364393451846,1.0562532889227731,-1.3891212459346154,-2.1482535236088487
-2.6691499169949457,-1.680852286571085,1.0517793310118968,-1.2400185127003716,-2.1458633236920757
-2.7282862339160605,-1.5701860886254138,1.0525808994376498,-1.3913386106749026,-2.163274336124843
-2.761673682095814,-1.4541684267108705,1.0500162557575894,-1.5607380944499272,-2.15899432974238
-2.8011081577881844,-1.4621398052145418,1.0246016812711018,-1.6654318392136915,-2.1834762357780226
-2.8225831921143274,-1.4729555580380524,1.0197935119860804,-1.7153854743875816,-2.1833686077553893
-2.860344274046695,-1.4328886217790762,1.0154752995455918,-1.8152648579000836,-2.1845349083017545
-2.7700472517733794,-1.6491526298804096,0.9938963311001654,-1.536489471444114,-2.197046687340339
-2.7313032870716327,-1.7170156479843657,0.9717523657231739,-1.390672210745244,-2.18973016686167
-2.6509983400046284,-1.7784747178846378,0.9909532069318872,-1.2046885746147333,-2.1837129257935284
-2.6643649051556335,-1.6721272184911562,1.0032172601624028,-1.2364970232949861,-2.18229836272718
-2.700314062065871,-1.5482342849831499,1.0057612756558274,-1.3633255702045128,-2.17944976987879
-2.7564313564678287,-1.5001919890845345,0.9956519730090823,-1.4312789165559165,-2.1913082429798476
-2.8011608651058144,-1.427252142204333,1.002412727519138,-1.5974350389568295,-2.2018888126980793
-2.7524796494803048,-1.6058772168794402,1.022462164889594,-1.436185701609069,-2.2003671718376707
-2.785122435462112,-1.5196679350582734,1.0120553101530152,-1.5351141483231563,-2.201834097297107
-2.719165054582947,-1.6380221162350272,0.9884867006681283,-1.365636594270871,-2.171501733498894
-2.6853212016968726,-1.6674504431946933,0.97067833415253,-1.2632727598889926,-2.172694571061926
-2.7224811128646644,-1.563687972345121,0.9864358603962222,-1.3670847436600693,-2.167444880790403
-2.7723748467430163,-1.4254467213173427,0.9892108123990656,-1.5780525173677575,-2.1730917845157753
-2.7814276617129168,-1.4601715647407232,0.9882623895885781,-1.6170906159875056,-2.166504706033222
-2.7119994418991036,-1.656936754826166,0.9892310716808241,-1.4050504139860784,-2.170556315737866
-2.72337874788044,-1.5791345475311074,1.0008060024362986,-1.4434915798189347,-2.1733520798501975
-2.6533904165952733,-1.715652957685392,0.9972054787659155,-1.2221050062987284,-2.1565670627055815
-2.6968765820262655,-1.5530566857404833,1.0017549778054076,-1.439977579701687,-2.156387315084322
-2.730234650752376,-1.5100064126168478,0.9955377863686038,-1.5225404799328406,-2.157315167401182
-2.704610921840355,-1.6527161802228183,0.9892696805803771,-1.3683496335437868,-2.137371654139829
-2.6441288895789663,-1.7554780817548477,1.0045322334724693,-1.1728708059137258,-2.129923082043571
-2.619274897975327,-1.7768920576210063,0.9951477077926949,-1.069773213195794,-2.128105079688721
-2.6992834114918773,-1.5527712248672219,1.0170139586310665,-1.333587983110002,-2.1194634383158313
-2.717454559636789,-1.5804831365251424,1.0350892577683435,-1.3301242777365199,-2.1370098287649246
-2.775104936720315,-1.496434874052593,1.0453554591248797,-1.4591347881503187,-2.166468893324801
-2.7971164874980405,-1.5167033667107932,1.0442381911720886,-1.5267626460909067,-2.1951304386501467
-2.788729763924347,-1.5273757724687669,1.0455759331090553,-1.5533002735049353,-2.19595340119939
-2.744838622929294,-1.6888582770085305,1.0240820983574384,-1.3808298164487114,-2.2120944710365062
-2.7978689771684175,-1.5153604978393855,1.021533049390365,-1.5790381251582004,-2.2062056681273536
-2.76588808292383,-1.594568384813599,0.9989790746864871,-1.4656050856878065,-2.190807928397131
-2.7555164523068543,-1.5834168167494438,1.0072065204297729,-1.4782373769085384,-2.210827231364856
-2.777667596354831,-1.518712481618323,1.0209122420378016,-1.5540035877158165,-2.1935227198040326
-2.812338348903866,-1.4951958356007393,1.0387562507892367,-1.600762921585498,-2.2186621893192338
-2.839554809341956,-1.393084987410628,1.0079618880411358,-1.7495653024468805,-2.198912958947745
-2.773007318519738,-1.570235556629319,1.0319847531514552,-1.5296652395107977,-2.1924819347366666
-2.7673676189746015,-1.5714337057638272,1.017701889325621,-1.5051736310166104,-2.1818704023174886
-2.7410546817587345,-1.6067424114627553,1.0365301090695476,-1.4457568914485766,-2.1954973603631034
-2.740049255422774,-1.5864129779340108,1.0060164133806815,-1.4209316837521542,-2.189284700427561
-2.6765332130625223,-1.6950102295526777,1.014533017985752,-1.2444679564842462,-2.1746057644061203
-2.635075050736171,-1.749780143890577,1.0110022590221068,-1.1026645531060113,-2.162392384996341
-2.6070268977069047,-1.7345300312960104,1.0095012990400016,-1.0476921356093938,-2.1609507058633217
-2.604174486048294,-1.6992185278154497,1.0125906671723046,-1.0479754977403768,-2.150117158864421
-2.6187230040883933,-1.6468775527796249,1.0133538834109617,-1.0860927569267957,-2.1523607934998394
-2.6578552483398123,-1.5870199332004185,1.0337436362904675,-1.1953639127094073,-2.146640319964058
-2.6960388537475493,-1.5433227160582978,1.0351502861325959,-1.2825771964800499,-2.154447400196749
-2.7064926658903565,-1.560377913738387,1.0330040678551518,-1.2826793336892401,-2.1549439329630222
-2.701810571071903,-1.6067014382311298,1.0409359410260413,-1.2639795990761742,-2.167580512697654
-2.6720507364480794,-1.6599329725747702,1.0295156001601755,-1.1619783105279253,-2.1634925650822976
-2.7031417955710633,-1.6145743777353863,1.0259541170569864,-1.2504214227129762,-2.1674189982891803
-2.690268652385529,-1.6410422611731577,1.019503247732048,-1.1869510899963955,-2.16403649395202
-2.6248558664791983,-1.754840379288145,1.0328696124613985,-1.008592937432718,-2.1563749062824944
-2.6426934030860023,-1.7030256960292536,1.0258063817266454,-1.0470971649170244,-2.1648653221023335
-2.6500367199528503,-1.6713037608991064,1.034301260253656,-1.103513575605334,-2.1575671865372286
-2.6294331694412425,-1.7222855940470974,1.0254688721635934,-1.0490727215469222,-2.149324676311935
-2.6616758224627923,-1.6404821444052702,1.029253241452222,-1.1483621249687403,-2.1476217790666507
-2.7010974625248423,-1.5966979432126338,1.0332755105272862,-1.2259290412347759,-2.182313213219084
-2.737877995168294,-1.5531602921431944,1.0549303231161922,-1.348845861068739,-2.171401360603527
-2.7672801862502516,-1.5277083794297797,1.025409210209247,-1.42349880454328,-2.1707411362680773
-2.784507460103796,-1.516287497192264,1.040491558113558,-1.5186344431792511,-2.180666863503816
-2.76571003550323,-1.6250007378200677,1.0307655655414925,-1.4309882716189366,-2.191675765240075
-2.79371748033651,-1.5187031690880295,1.0367554427600894,-1.5646471051772282,-2.1797381384216155
-2.7889205500718277,-1.5384651119640071,1.0217237091115943,-1.573154017220881,-2.1875288276868305
-2.765565192439812,-1.5765451474944505,1.029605058852367,-1.5207668470728235,-2.1733795611640736
-2.7603338818029384,-1.55184737545852,1.0330577935772627,-1.5421302761370412,-2.1683088968045814
-2.7436931769361994,-1.6050409448155163,1.0364216972565563,-1.456459329001587,-2.171585004078205
-2.73556731609217,-1.5947840163079348,1.0214955781759185,-1.4599637423478762,-2.163205530864638
-2.767540482452266,-1.518753921564196,1.0309496817429895,-1.5382212391188586,-2.172525310626251
-2.8039293272998544,-1.4223930270938425,1.0368598797921134,-1.6888535139476355,-2.1842310763925568
-2.8517012866274243,-1.367945950811307,1.0294358190477664,-1.8292903966307832,-2.1912995801752513
-2.827259213475291,-1.497707166045239,1.0190813611070346,-1.7817744388561465,-2.207674176184361
-2.8299968233317445,-1.5371939277501694,1.0123657852978842,-1.7394549865682187,-2.210794140091156
-2.854590952233909,-1.4884072401092934,1.0220140445975034,-1.8097676699197316,-2.214167586967992
-2.776947291606794,-1.6198958881390204,1.0076992378121747,-1.6760803557300672,-2.2110734647994206
-2.7953313089328296,-1.498619320444684,1.022352842605094,-1.7726245910497538,-2.211433298234169
-2.783864422143026,-1.5612095800892827,1.0213404427692834,-1.6896115202838426,-2.196340419812213
-2.7081081262224687,-1.6906278265472996,1.0165923192689477,-1.4881642409119262,-2.1937803604443067
-2.6350880405341948,-1.7622500935447245,0.9938130268689749,-1.264904310261963,-2.173643209436867
-2.668291323988637,-1.5465211816637894,1.0044377327165759,-1.4240672598884807,-2.156914889659577
-2.6058841491227853,-1.695496444158543,0.9940038458122827,-1.2101313850401716,-2.146851053337198
-2.5942201175665165,-1.7009651188817287,1.003281861986522,-1.1674152579219528,-2.1476424310222058
-2.6027769357523693,-1.6820161299052452,1.0175583694488408,-1.1261218412353795,-2.1579024385499785
-2.5858926638350663,-1.721473063201817,1.0190432539870276,-1.0223564959921019,-2.1425372500750455
-2.598947545909815,-1.711298431995351,1.036741993240302,-1.018990186447878,-2.1477601319530804
-2.6620909790703995,-1.5567954057035676,1.0198157583022558,-1.2055573275553702,-2.161261019594811
-2.6224698321644326,-1.6981059005548897,1.026948213360832,-1.026518347269416,-2.1602903873187103
-2.6958829114642238,-1.5573571920106388,1.0416722662590592,-1.2182560768290513,-2.1538944028731004
-2.7592956664777137,-1.4880812946918225,1.0299470530846278,-1.407465633548492,-2.1584089784209044
-2.749500470293974,-1.5687954241551942,1.0416283354159348,-1.381163719576024,-2.1816425910202746
-2.717374906147818,-1.6885736712009973,1.0224184502627431,-1.2228664161891396,-2.16840694287321
-2.7232547242152587,-1.609093785408818,1.0283705767858422,-1.2749784649432154,-2.17430738631277
-2.687352502905056,-1.7297634210788455,1.0224511925703654,-1.1365355451660268,-2.1517414807727313
-2.6830110547651724,-1.710481160293573,1.0170642125442606,-1.1311624993537042,-2.1666734316606044
-2.7280655961571476,-1.5244183652756589,1.0398744505055972,-1.389674320522607,-2.166701400596427
-2.799310741074281,-1.4179013664147544,1.034770650405403,-1.5971468273070912,-2.1977973599756226
-2.8311444179313354,-1.4293150356436974,1.0241346999645577,-1.7079091485512985,-2.183643848653093
-2.792575050657634,-1.5829089529677196,1.0236668454518358,-1.607327581439504,-2.1867760616687897
-2.8156717419272312,-1.5322829539046863,1.0229873554090427,-1.6398896866861923,-2.2086434566358735
-2.839918851318808,-1.510908224263126,1.010656055724778,-1.6525148785102384,-2.2193871519540007
-2.810656981196459,-1.5812227505375187,1.0147980951975841,-1.57479114853803,-2.193806326360074
-2.813487946793634,-1.5583854894988207,1.0353952859062072,-1.6100302256682029,-2.1983725049131784
-2.7303438413767305,-1.732456763672382,1.0376279099528085,-1.3736281982396177,-2.202617545801263
-2.6709558004497165,-1.7579039958738991,1.0108853349835871,-1.2363241297504477,-2.20091443125565
-2.6722373144324387,-1.6606763516277063,1.0052325606410588,-1.2538958662331785,-2.2016311199742957
-2.6339226129377615,-1.746279002844035,1.033680082416788,-1.135308034005716,-2.2022240287310186
-2.5885997455491623,-1.7946167357363447,1.0297239714982387,-1.0323728445606901,-2.186030270217807
-2.6658898841847707,-1.6110891907506082,1.0335261944398095,-1.2478007047349111,-2.1863947970880226
-2.763901222678642,-1.4566457280022638,1.0666397750339478,-1.5109922387779997,-2.1949321046338657
-2.7683931447279693,-1.5010015255048141,1.0563219009227445,-1.5473300044348577,-2.2035389176921245
-2.8311705119258765,-1.4403807666911388,1.0417589953317965,-1.6621682693895348,-2.2225625098425885
-2.874436490602793,-1.3698681740974221,1.0304169569345119,-1.8134233835481164,-2.2322948203728084
-2.799582700153284,-1.628231265306726,1.0082336761297916,-1.6066495689206428,-2.22509850668915
-2.7847455743394014,-1.6370249111754267,0.9913938423328095,-1.5548890794141828,-2.2160489822317246
-2.768552346420074,-1.6606168610471037,0.9811515764568687,-1.4873235737048334,-2.2111580548734597
-2.7071628315840273,-1.748873121960483,0.9768624433958714,-1.2997034407056653,-2.1844292876446216
-2.7238133344671187,-1.5865978906970577,1.0076039455834804,-1.3954686010374853,-2.187776665238412
-2.72667132525972,-1.6006823660139313,1.0060835431100437,-1.3594940681075878,-2.1698213854123956
-2.7189924589101757,-1.6180327917795974,1.011656868943504,-1.3475672353028807,-2.1701107596796234
-2.6494298770417357,-1.7005632013800143,1.0090706590465406,-1.197490513550616,-2.169925679735551
-2.620180067698752,-1.7424117699246477,1.0039453592317442,-1.095884706869683,-2.1598915751468475
-2.708339791950094,-1.5522985553802462,1.0262959328777783,-1.3160597484358774,-2.1737354888618743
-2.652215687576713,-1.7070270379337067,1.020709563427455,-1.136486938746379,-2.1694474809394837
-2.636941738076955,-1.7299832530312462,1.0371428646885943,-1.077849664296469,-2.178602024722827
-2.6217261918693144,-1.7193146460101225,1.048293145980974,-1.044484574525809,-2.1628897649109353
-2.6446499780954986,-1.6588657535805624,1.065143934226163,-1.089297746040959,-2.157754931686839
-2.692660257776588,-1.5870665080945674,1.0623451133180457,-1.2117780765958968,-2.171405653451493
-2.7143308472919894,-1.5933571082005944,1.050997478176545,-1.2529230510980736,-2.1760613943973346
-2.668914704476582,-1.7065302903272659,1.0414146768787038,-1.0956780298678832,-2.188347026706583
-2.636904178583084,-1.7130600059926604,1.0500884027217006,-1.0400991583182353,-2.190311971698603
-2.7001212257812974,-1.533987349283622,1.054368336459457,-1.2526765386933842,-2.1589346100181164
-2.7451561354339704,-1.5062255624647092,1.0459613220586415,-1.348598597650392,-2.178481880754884
-2.7704873793928035,-1.5058314353140776,1.0254499653627638,-1.411751390559971,-2.1965336704162053
-2.8194517699560895,-1.4774780478138663,1.0185928777366728,-1.4970119712531538,-2.207552588769384
-2.842444007404328,-1.4626181028037015,1.0055903268582151,-1.6033240266045399,-2.227949884088047
-2.7455397939928137,-1.6644748865353989,1.009079579368873,-1.3819489402156313,-2.1946768553708558
-2.735923119286233,-1.6805157496442615,1.0031405111352412,-1.3307427952014608,-2.192095058551212
-2.7346551344043406,-1.6391768487050946,1.0044905877552757,-1.3496741529497323,-2.202773556157366
-2.723091803732758,-1.668370296552091,1.0208835706257857,-1.279102340740833,-2.1700751951126582
-2.761859809327356,-1.533962853465888,1.0204061446811885,-1.4385678636238783,-2.173231791199023
-2.7650355091980585,-1.5334041043038544,1.0197710030052527,-1.4355130022096183,-2.1821881821668114
-2.795157092459961,-1.4480538360548967,1.0236214773617307,-1.543685453653939,-2.174140289274897
-2.81618942903867,-1.400188878533619,1.0138219314118082,-1.694354547862092,-2.1885850068729473
-2.823909909905122,-1.4798239368041866,1.024362511624046,-1.6619464765374123,-2.2017403941584686
-2.881453054079199,-1.4137437242505542,1.023597403237001,-1.7870394890531853,-2.2190752643186724
-2.8411850004936654,-1.464619846139812,1.0261850210310675,-1.7517486948634562,-2.2290417232441055
-2.872970160833027,-1.4337870046759242,1.0239819463487974,-1.8582158522566605,-2.2286883549927032
-2.8258855936066314,-1.5632850980485784,0.9888944683216075,-1.7282691910247996,-2.2269933671364446
-2.799485344733593,-1.6042410394104953,0.9880010040725328,-1.662115254971636,-2.2203543601422875
-2.785497838016944,-1.5786655340029567,0.999516054897445,-1.6253907225524462,-2.2217787691303865
-2.722851620038476,-1.696653236388236,0.9987829244417135,-1.411251226801982,-2.204634805752125
-2.722159452787359,-1.6792136879753563,0.9854388881506143,-1.3473158417987767,-2.202702282884604
-2.757180144575458,-1.5109986145459398,0.9982939780366622,-1.5297963454346581,-2.185634742462747
-2.76566247086095,-1.4862494322611184,0.9992325552230833,-1.592627489804856,-2.195499878555186
-2.719290687774226,-1.6244112543815168,1.0125608574278475,-1.424716480474868,-2.177476824841275
-2.688458817042352,-1.666816097195126,1.0093082354958633,-1.3529348523767244,-2.1547170182477853
-2.651926784112956,-1.7056951676550947,0.9893480673592145,-1.2305352520654882,-2.1635782135969426
-2.6003997300982284,-1.7907450927691164,0.9966788679397546,-1.048932388709062,-2.1602573433148775
-2.6875261849867846,-1.5744723139211478,1.0263343830704434,-1.3039470705362508,-2.1882571305926724
-2.6942935417295386,-1.585179978813417,1.0378079109524894,-1.308696840380222,-2.1750387601465517
-2.6844554775193323,-1.6645791951143063,1.0082587933369838,-1.2361153621054333,-2.174582842889818
-2.6975994298909898,-1.6162516609817785,1.0102418188798283,-1.324852371934101,-2.1998081807920746
-2.6493531889103865,-1.7516502393251991,1.0124598948182293,-1.124194156708767,-2.184304926014291
-2.6338105183926483,-1.729047437185215,0.9977313174287803,-1.0569424793800097,-2.1554713348233596
-2.6845223012208153,-1.5816779080732788,0.9965443024927165,-1.2197539947096823,-2.1558538631417687
-2.7076651568292243,-1.5344032997277257,0.9987318646346292,-1.2914389668949517,-2.14892636241032
-2.789343446473406,-1.3981917019372643,1.0109121347764747,-1.519737813240311,-2.176603688568621
-2.8007846039659863,-1.4440012280122996,1.034804045580938,-1.5662400397514566,-2.179416098058189
-2.7999865698205886,-1.51391650880805,1.0353204835272443,-1.5283441415874168,-2.197216499445335
-2.838290582561764,-1.491979452447515,1.0419345713756203,-1.6352122497846577,-2.1953582797096303
-2.867358278814422,-1.4235132939594528,1.020972790195317,-1.776464971760272,-2.193737081311342
-2.8542154521974865,-1.4335014096398389,1.0066683460311947,-1.7989215964325929,-2.1963133160490695
-2.9122421524697923,-1.3620650153850649,0.9997463054691711,-1.932302494242985,-2.1960345864476243
-2.9173799388253085,-1.3747943455522975,0.9867106002983606,-1.939521261948765,-2.2004787234672074
-2.9346418794932325,-1.3775925620168186,0.9807934694708366,-2.0041417910039687,-2.2237853938201972
-2.84134405624655,-1.6294979828173968,0.9905707105507394,-1.7394393190395405,-2.21911795310344
-2.835904284502631,-1.5443755626193276,0.9802315103638519,-1.7791652491093481,-2.202545679344053
-2.785463119721268,-1.588418954738732,0.9678602838067589,-1.6783146377994875,-2.179054560126049
-2.773137742921281,-1.5603842795412144,0.979290370518739,-1.6511076697112013,-2.1943500371128617
-2.753422546443355,-1.525056816545297,0.9975449502654864,-1.652045462070342,-2.186019357577167
-2.8246907593565265,-1.3978419673010551,0.9927003065402565,-1.8020010417477288,-2.213742380046899
-2.857140725527284,-1.3169292272034931,0.9734279561112005,-1.949237615472168,-2.212402864203648
-2.805322044819613,-1.5161708338424922,0.9678334361281163,-1.7687488747651017,-2.2269116818771786
-2.8098244562342427,-1.494462090847755,0.9758157336112674,-1.8091876482903877,-2.1972076309307687
-2.8251691493430897,-1.4643436972833093,0.9679845854677416,-1.8474582113798599,-2.2104529258171834
-2.7913700049088774,-1.5475854921693555,0.9583724726622533,-1.6922322134324808,-2.1822899040227437
-2.706008392706092,-1.69035987452841,0.9611220869397539,-1.4796521774544333,-2.158830607899662
-2.6016363596148135,-1.7652337774508557,0.9830709062970382,-1.2602428222024782,-2.150581697614674
-2.6589309995388852,-1.587392110384744,0.9905159682794623,-1.3897019867723936,-2.1529327776294798
-2.6417129962470756,-1.5871452498706702,0.9854876512579974,-1.4060183477616426,-2.167764866248027
-2.7059632432181164,-1.4430645682692844,0.9819824960252542,-1.619411052733565,-2.1393591529954885
-2.715409012567289,-1.5130460356847073,0.9931761558092097,-1.566580774584149,-2.1674464202745396
-2.788174787144728,-1.407278779562265,0.9698302826155905,-1.7402410000305288,-2.165093977795526
-2.7726751131128227,-1.540161599790924,0.9590825657654342,-1.64213904854946,-2.163214691579333
-2.8077374883533848,-1.4691793251465377,0.9444948055598692,-1.7315789313364056,-2.171592706583358
-2.749042073076225,-1.653312191493408,0.94197918986816,-1.4904688388031309,-2.170496020830606
-2.7358762904211953,-1.61861988011342,0.9541468408440354,-1.4900218858193977,-2.156415910949972
-2.773660034871599,-1.5194568170730567,0.9407015491679557,-1.6052636114726695,-2.172188519080123
-2.8037386813869087,-1.4217516405933015,0.9586859740931034,-1.737904929739744,-2.1664378076496424
-2.827700915977527,-1.4042703393685998,0.9584153761456863,-1.8275494573762565,-2.1787826556219834
-2.749338532734489,-1.6106926715427277,0.9675439316257732,-1.5461659936765886,-2.1645382754621205
-2.7097024667534724,-1.6477961804547498,0.9678197842434838,-1.453336080375345,-2.158857780248214
-2.6403822834661033,-1.7339577355043236,0.9698921685957594,-1.2336951687797424,-2.1478618593717234
-2.609020688432882,-1.7929803031385518,0.9787226193903623,-1.0594181677991403,-2.15374488148548
-2.6471539082441105,-1.6442234112810383,1.0037581630227657,-1.2060849997307141,-2.1609525902275797
-2.683010662228075,-1.5439599006688167,0.9983670212470774,-1.3402407023733447,-2.13968252740045
-2.7402382035403656,-1.4648545787105371,1.0093166604162638,-1.4797713385370372,-2.167840192082683
-2.7867937477427964,-1.4212947862817924,1.01296909312413,-1.6572320659760829,-2.1704549141929523
-2.818090273656181,-1.4217704789099264,1.0009096031380504,-1.7200274203746193,-2.19523911410528
-2.8520587541797866,-1.446024371877065,1.000995629003503,-1.8082537290212786,-2.2162463597340416
-2.7828847312269995,-1.6530900084843332,0.981888152343283,-1.558084926479877,-2.210863450435639
-2.7130843754001477,-1.735370646567193,0.9843758510855953,-1.3989166263366524,-2.2026942926025335
-2.7291320368192293,-1.6377251416540188,0.981568637748073,-1.4716080665878948,-2.1894501784657834
-2.7556968808551723,-1.5220380035056158,0.979360267021092,-1.6002253910047681,-2.191940135428654
-2.694395904917322,-1.7130587908709634,1.0074897568854861,-1.3638264678645928,-2.170453908869783
-2.695584484789558,-1.663498751995527,1.007511495150217,-1.3713985123137784,-2.1747466117269734
-2.7350361431647183,-1.5706642087351124,1.0116877388047858,-1.4672319436768841,-2.1856164995600738
-2.6481749255899714,-1.722480359286148,1.0105835445283387,-1.256288712835174,-2.1738259847939405
-2.6732634601347818,-1.6846518394331014,1.0012794705860366,-1.2488174674629713,-2.1658955112875
-2.7319866762026863,-1.5448334183408998,1.0283767004960767,-1.4575642961788502,-2.1699065192585008
-2.7348406116332087,-1.5137437950730068,1.0241702215549706,-1.5668904293749375,-2.175927423215957
-2.7173954923590222,-1.6341087398842036,1.021575910040878,-1.4126928328208614,-2.1747510160674275
-2.769447747724203,-1.5421056889301923,1.0479049443263848,-1.5501624920811936,-2.191796423294422
-2.7631528573126656,-1.5997272994144465,1.040598406224571,-1.4607972024117726,-2.2024802830922665
-2.788468041005754,-1.485231956791768,1.0316576102885537,-1.5910527445144091,-2.1956187928617203
-2.7452411834728623,-1.596264081965515,1.0204118590923021,-1.4771351440072353,-2.2001434083828193
-2.776116949097122,-1.5770097515591621,1.0214087666705443,-1.5027946418795912,-2.1920463695994425
-2.7305122559640314,-1.6236747896387487,1.0167273967322352,-1.446888862528441,-2.1979331937504996
-2.6853894825516633,-1.6765081258699415,1.0193350660891516,-1.3342636104449774,-2.1945468850987604
-2.740453648369756,-1.5261185966987665,1.035686350882715,-1.5146627677710527,-2.184947609718278
-2.696427825456144,-1.6426018391484165,1.02868734462175,-1.3745607542542115,-2.1761782846582864
-2.6292439808972246,-1.759774517816569,1.0259634377756086,-1.1941471721482886,-2.169431929516608
-2.6234354686847894,-1.7348960223596526,1.026758062893046,-1.1725260134682751,-2.1669468122211404
-2.674103107200972,-1.6123627938216154,1.036327929776668,-1.2861410530158968,-2.150825222709058
-2.7409592027188605,-1.5045750156970898,1.0337675246459805,-1.4616435681682864,-2.160259486292976
-2.804099549824675,-1.3817289673805293,1.0284247985348258,-1.6629830098167107,-2.173267685142477
-2.772817120788637,-1.5531284606511901,1.0225265986441765,-1.5656873751782223,-2.1633572213997345
-2.7490550517552963,-1.6137185031758685,0.9997405488476595,-1.490759776085337,-2.1979254003224464
-2.679080639018067,-1.7287949142339916,1.0088965142324922,-1.3235303353492933,-2.168776498462009
-2.688201993541723,-1.668662589633245,1.0259858033740525,-1.3682534869758023,-2.1744635898062294
-2.7466499409164196,-1.4681684045222738,1.0331429327714494,-1.5927309505258318,-2.1694142499899263
-2.785012626649947,-1.453346565004143,1.0323600866594527,-1.6592688716066712,-2.1803853356745897
-2.804726848881413,-1.4872664404907534,1.0203838800537979,-1.6588361974365882,-2.1763143409597316
-2.7872639573544546,-1.5870505963256825,1.0116322963616249,-1.577439869279842,-2.1825546701663296
-2.8300862393586,-1.4629828159086786,1.0134419040699847,-1.7086079233246543,-2.2042175002131836
-2.7937975930259333,-1.5300068695391809,0.992983720807042,-1.673459059284428,-2.1964425906150233
-2.7167464739280174,-1.6761374884325517,1.005038214112163,-1.446318430646812,-2.1937035586842586
-2.69269918413543,-1.6989825333818382,1.0159117441078158,-1.3737254249630275,-2.198128907441747
-2.632541144178831,-1.790468434963506,1.0073790955138993,-1.1850874690701616,-2.196664370469411
-2.589469217722845,-1.7911094878156466,1.00672270687965,-1.0892678639242412,-2.174382116916432
-2.531820873139834,-1.829182237455371,1.0265299744269742,-0.9270168857530607,-2.158608616967438
-2.5501553768598995,-1.7241696065125998,1.0271284836027201,-0.9995102448464203,-2.1368045050845703
-2.60021651464407,-1.6125889173960004,1.039059805475967,-1.146914287530537,-2.142324453879234
-2.6057374301857936,-1.6534099306856018,1.041802821751277,-1.1147432744232515,-2.1508099659102657
-2.638046732154215,-1.6436117692072545,1.0479148545635386,-1.1489389990846035,-2.165310227518149
-2.7259502958531066,-1.4763746227427121,1.0685355014064344,-1.3939095531143633,-2.178148353664827
-2.780830920242855,-1.4550010813447922,1.0567381979506314,-1.5309434909840685,-2.1979619968810775
-2.78375068448563,-1.5087333205217794,1.0492671157936653,-1.5170470841715564,-2.188908537244993
-2.751236411183425,-1.6083366347769898,1.0585222505617808,-1.407350042793611,-2.168605477511605
-2.791834064599735,-1.5107156698134112,1.052021581874333,-1.5624692105740077,-2.171502093313325
-2.7370838608434562,-1.6375629498343747,1.021157693943651,-1.4320718371064567,-2.1807997450713756
-2.735367130668824,-1.6775606297715902,1.0310360127269378,-1.3781181110191094,-2.1592556385499697
-2.783075245638568,-1.5242869664042515,1.0262122671730791,-1.5560542277576164,-2.187476185005204
-2.7718817651216265,-1.5490728754376843,1.0228997455663182,-1.5248638046812246,-2.1603586173937983
-2.8101711632369826,-1.4892811338095067,1.0119451978045626,-1.614212926466905,-2.1986628286579584
-2.7999949828109836,-1.508432097956631,1.0259184168764806,-1.6389615494540228,-2.189129298056964
-2.7904112446478804,-1.5324188961617047,1.0339537237612992,-1.6761684576210603,-2.192488030284707
-2.7456709554073107,-1.6388267263031577,1.0187908591826391,-1.5542738188737377,-2.1845849722870376
-2.698167789413011,-1.7179173114494004,1.0057884626437834,-1.4223993192309943,-2.175944078766829
-2.672835238495195,-1.718391225713565,0.9798542470580507,-1.3175893600188644,-2.1606219269628477
-2.632765310468086,-1.7737024343297205,0.9943450836257974,-1.1776701017926958,-2.1544760064615494
-2.688520019298522,-1.5821746837454125,1.0267673218459783,-1.362733657464274,-2.1454828609388743
-2.688886924755157,-1.6449033423972002,1.025965393916273,-1.2889355548413066,-2.161481617159414
-2.7047587408921157,-1.6082478755318852,1.0452878133929018,-1.3456724307624215,-2.1841934239172685
-2.7679211076622154,-1.5026714986685674,1.0287155787579225,-1.4862695036574114,-2.187698751148578
-2.8036938787528376,-1.476041546959962,1.0453557010005163,-1.6120623112796435,-2.212299008692534
-2.803310168928943,-1.5475054596623712,1.0312549183826787,-1.5585929407827919,-2.231932109149749
-2.8067811327450443,-1.589890336340495,1.016273260380564,-1.5326164695153945,-2.2292425094311255
-2.850803443359401,-1.4508988532825695,1.007051081968035,-1.70003644699533,-2.221364848576095
-2.841244848823866,-1.4822313754335177,0.9973243470282711,-1.7357460595631142,-2.204685122087879
-2.8853208422466023,-1.437481153394779,0.9974693402843171,-1.7915873987281679,-2.2232978333681124
-2.9113538936234584,-1.3753575908054625,1.0150709806814386,-1.9131606449729586,-2.2281448729956708
-2.9027570463988095,-1.3942502920074027,0.9906463430459694,-1.9630060617444849,-2.237733423065954
-2.831647555486506,-1.5964828208010353,0.9927660574266886,-1.7320527310698417,-2.221563825463312
-2.822015087954304,-1.593136536639923,0.9906153484409196,-1.69594506193145,-2.2382007528240178
-2.7414085070985776,-1.7026186887173693,1.0059273222708602,-1.4559406232874772,-2.2093876554750107
-2.7425912199872804,-1.6071890186694526,1.0208039398896076,-1.513648151885148,-2.2083177857836485
-2.794646307403835,-1.4641531505361138,1.0127805867254485,-1.6830798765040735,-2.2169810686310703
-2.7802302690406564,-1.4987721491823394,1.0121201310379835,-1.6388678848423117,-2.20734017888046
-2.7717448350445673,-1.5555151812944603,1.0178284860238125,-1.5651811336308725,-2.215068404763072
-2.701959301788747,-1.716889651104756,1.0267586737704701,-1.3208569698480057,-2.194416059764478
-2.7582215142328264,-1.525826817943147,1.024454112352511,-1.5331488642271076,-2.190816718967717
-2.6924711669002415,-1.6756376559906496,1.0219709233675296,-1.3587231088381984,-2.1798911210637617
-2.6380608530977727,-1.7704248444389983,1.017577633509978,-1.1481307717712046,-2.156791132922944
-2.6055468676769764,-1.7577734644419607,1.0270230363455364,-1.0895093476329267,-2.1529958197551267
-2.5494114745451637,-1.8151610900506308,1.034309882036504,-0.95044125239534,-2.152067903661925
-2.562213968012048,-1.7257809969797173,1.0136667817814653,-1.0128570570173154,-2.14903167472734
-2.6205281758394556,-1.6519855795698835,1.0270520833718282,-1.1080675871243442,-2.158588918642071
-2.6193404288839384,-1.6821590183183794,1.0345002534070382,-1.0681530564017179,-2.1751623528209136
-2.5774475752196486,-1.7852932938866513,1.0268225279236138,-0.9317339307965622,-2.149534608195406
-2.5488211917674595,-1.821264776132643,1.0334357887541497,-0.8565443808530913,-2.1309302561709704
-2.562737339784088,-1.7642481604583766,1.0497573678136949,-0.9136475645384922,-2.120791907191122
-2.542691087462115,-1.8248148594948292,1.0615087847073637,-0.8011798639168147,-2.1234411881405504
-2.625566903570911,-1.6752952555195124,1.067245968123538,-1.0019288100132004,-2.1297351842891414
-2.619557454828808,-1.7197082519536853,1.0739814018567986,-0.9608144410130716,-2.1445083907216778
-2.6312644232754474,-1.725416670816636,1.0774837846716867,-0.9630710777920602,-2.1795486734169662
-2.6468743041798475,-1.7083419403009115,1.0817132516782308,-0.9935367938123936,-2.1936568605104876
-2.657435093634595,-1.6864300896424855,1.0824424962590733,-1.0490347985747837,-2.192288432799447
-2.608228762755817,-1.7842293502243949,1.0772522703443603,-0.8879938069437142,-2.162425010244786
-2.5892303120729134,-1.8168162349960928,1.0852715718639292,-0.8170636960094406,-2.145745846850516
-2.6560809352483883,-1.6115146466944625,1.0942351202056024,-1.0883665034942378,-2.1623797109724125
-2.6386575742144625,-1.7476602748344856,1.0932232133280904,-0.9348455653715911,-2.1276744265048104
-2.6591099395090527,-1.6623737615079117,1.0920756232391735,-1.030521650325679,-2.142517758716084
-2.6781356820729347,-1.6360750096863648,1.0823276766537855,-1.1221327050888439,-2.159911967880222
-2.6803143458737266,-1.6686584127587325,1.0744113945996296,-1.1138229354462847,-2.131791543894544
-2.694078194606834,-1.648383817943969,1.0584273581807173,-1.135477656260876,-2.145015733323447
-2.750915414522573,-1.5507922012260795,1.0488657706414135,-1.2952413752081555,-2.173343876915794
-2.8065658640234696,-1.4588596321649556,1.066036923248609,-1.4771731578667209,-2.1842428870504302
-2.775432573110285,-1.5934327243382878,1.0496466573567773,-1.36525759176566,-2.1872419261726517
-2.764078837982402,-1.6471820600023286,1.056308688602897,-1.2808315480245318,-2.1927915528283024
-2.7050402386244663,-1.7076386447292708,1.0535716722208615,-1.195262160225282,-2.1910626992140907
-2.6886352783550076,-1.6733819115360613,1.057397780026634,-1.2518980953130752,-2.1788313234229744
-2.721963100771981,-1.5789763819337763,1.0628123919403314,-1.3652838978298372,-2.1599418775664865
-2.6780608940760824,-1.650726197825516,1.0503382483865622,-1.2363092902807091,-2.142257412601565
-2.658094410900328,-1.6764472141663498,1.0599808572624565,-1.1871246318404078,-2.1295158945603676
-2.7154307105045628,-1.4883033847885214,1.0482208343673436,-1.4252599908674954,-2.1436074308852087
-2.647510583926519,-1.668998807614252,1.0471450140306668,-1.2243576784025576,-2.121960070324041
-2.663413810794336,-1.6467834437071636,1.0557561860092204,-1.2495638682270902,-2.120895539942153
-2.689387208809394,-1.5564812989468162,1.0450547532738177,-1.3678836284045892,-2.1492784379986025
-2.6555255092810635,-1.676093253995442,1.0489467685968652,-1.232635040655117,-2.1337314568614696
-2.617178880168884,-1.7524726122893342,1.0277232165952623,-1.0690900180388971,-2.118652438719829
-2.5832786385216226,-1.7956469624441482,1.0222376642196416,-0.9612868598833066,-2.134534854703763
-2.6515510028954323,-1.575326101309488,1.0375134838300895,-1.2180112485594476,-2.1472061041371466
-2.5933033546376243,-1.7320450941256025,1.0550261019774636,-1.057433381267605,-2.1534357824408574
-2.5752010210146667,-1.7729964972565377,1.046119733671745,-0.9875096123613105,-2.165862703872575
-2.534236229349768,-1.845621369601524,1.0332099651387177,-0.8359081773046072,-2.16196789154039
-2.514726135010869,-1.851965772702561,1.042786370691361,-0.7686471220739473,-2.1335946516404722
-2.5758528264937905,-1.6865685129574817,1.050264267374987,-0.932292570240357,-2.144664521037089
-2.585047124772212,-1.737675237388645,1.052967276090477,-0.91476379197833,-2.1346288466717738
-2.6459129914978843,-1.640419655828989,1.0496871115291673,-1.0406594632435802,-2.1561789638020303
-2.6887654343310943,-1.5635156418930454,1.064665384096233,-1.1620370060183334,-2.1650415433445493
-2.759054116231205,-1.470837115285001,1.0557984111858394,-1.359931674498542,-2.176853858762211
-2.7114046112304937,-1.6782219256994755,1.044466102899771,-1.1626018165822642,-2.156684508270966
-2.766874692298225,-1.5505630584989305,1.0434022521579995,-1.3827131918614521,-2.184949230757066
-2.7653407195841346,-1.5592250908662528,1.0545362609439237,-1.4440713945851154,-2.173425410027639
-2.722485596930503,-1.675375457501033,1.049701389053498,-1.3148990577044932,-2.1728095570514703
-2.7533890801630623,-1.5564642418914918,1.0329552796872266,-1.4609168141210604,-2.1729679676799076
-2.8066840823947965,-1.4691090775963926,1.016638564515137,-1.6154824336170712,-2.184053895912961
-2.7651009778663727,-1.58853777127183,1.028351513930863,-1.4627701150665187,-2.175199498218258
-2.813741761865428,-1.4718555196097967,1.0027611427145569,-1.651293663123928,-2.177825804182541
-2.783932758500947,-1.5270118158305503,1.0057436172429348,-1.5880930597952927,-2.1854037751986177
-2.790586174640194,-1.5355132390321262,1.0196657759677414,-1.6081864477302277,-2.2099043526001316
-2.8458790158005955,-1.4072703963423805,1.0315068340741267,-1.756437436189701,-2.209381311473872
-2.814665289724998,-1.5442724502661114,1.0216104756645445,-1.6562300518893045,-2.210370136419996
-2.812780621552129,-1.4667654355987976,0.9994609570955989,-1.739394416987082,-2.2119356280952562
-2.7833416666944704,-1.6067363995850301,1.0157132057957374,-1.6075363187825122,-2.209822726676689
-2.798468925661624,-1.5136813202787516,1.007481020648658,-1.6990762626037779,-2.21075280277007
-2.7986448124735777,-1.5215271526574878,1.0026787101868706,-1.6779742038527306,-2.211227227522998
-2.7463486633569008,-1.6723622389628414,1.0026387199849396,-1.5235628702409398,-2.2111111937482355
-2.7331582696689853,-1.6733036823716145,0.9929380539164385,-1.4535571240090845,-2.2073858345026793
-2.704489991917965,-1.7044829857104933,1.0048182679628004,-1.373328835001926,-2.2125596998239887
-2.636126017258567,-1.7599131289513,1.008575769153553,-1.173029306265118,-2.17770052221544
-2.5673967723004285,-1.8203374501618816,1.0165619726864659,-1.0078770513896573,-2.164867097322268
-2.565099050930435,-1.7510950192702799,1.0261339939346183,-1.0139147187453617,-2.129670114684339
-2.5132802899550555,-1.808261761180046,1.0245252702811853,-0.8710582704721251,-2.133351790318433
-2.5081598264424745,-1.7966171970502778,1.0279448910223647,-0.7966560349386883,-2.13324867638202
-2.5982832515550633,-1.638513231501541,1.0517137462903696,-1.0253229203986332,-2.1500574996711856
-2.6583976854026923,-1.5400416943073165,1.0837342289767307,-1.1885869837689338,-2.161026300627249
-2.730340353134945,-1.5040641820168208,1.0710684805953614,-1.335519563015316,-2.185340138766448
-2.7372468449927134,-1.6096295360388986,1.0536527750788514,-1.3012164153955375,-2.2004896618606913
-2.795408649700366,-1.5064793302908461,1.046736629085579,-1.4901575907929665,-2.19117344604746
-2.8316666952714846,-1.5366815766847104,1.0468468643411788,-1.5437034322267524,-2.2144225642739395
-2.759630103834328,-1.686710059589653,1.03990750303168,-1.3609670893890047,-2.1966255654431492
-2.7111662853601612,-1.776225464700359,1.0478523603100305,-1.2035421961526391,-2.184149508692103
-2.7171847317223605,-1.6534807989353815,1.040758832491326,-1.329718927060543,-2.1654041939840742
-2.6724941079464726,-1.7140772132268929,1.048124529209496,-1.1969363851631372,-2.1545563611847802
-2.6853547492602394,-1.661428237273802,1.0446172517864285,-1.2441730772579584,-2.1535019066357477
-2.7544019043479033,-1.4640012818591,1.0508599864587953,-1.49190797333936,-2.1599043551104913
-2.68366351360915,-1.6714023314702688,1.0282397613107719,-1.280594009687784,-2.150488243528169
-2.624533328981733,-1.767731495381603,1.0054353473334345,-1.086784826144225,-2.1358181006967905
-2.6991678286261136,-1.5509657313834162,1.0259841696860061,-1.358039188570116,-2.141486580001516
-2.7317524026822126,-1.5279668499852062,1.0243602641396727,-1.3919633788435162,-2.1625005252882143
-2.6922583715162314,-1.658487418280752,1.035922832232513,-1.2448866138234853,-2.1612660757394893
-2.7529074901723156,-1.5158325861043456,1.0323635217797398,-1.4439214926603694,-2.1643145431343394
-2.8003171887006197,-1.4413698663307957,1.0063898130996356,-1.613781605985694,-2.163074813344169
-2.8247793440425095,-1.4967379222469952,1.0158951965454348,-1.586455038753688,-2.1946605916175375
-2.821761602751783,-1.5083200378572093,1.026110833945256,-1.616380400241108,-2.20558884140291
-2.771262440359873,-1.6168535130459676,1.0339865444721057,-1.4774678091970967,-2.2033641611327477
-2.6914504059066298,-1.7465714139686008,1.0368337101884522,-1.2934407528987055,-2.1727479956083906
-2.6903613859479307,-1.6570151674708145,1.0390198623040359,-1.3226547389759262,-2.1687629771897923
-2.6497621993517284,-1.704157174578309,1.0399825029398853,-1.2571692030949277,-2.1888720937356445
-2.710084510452222,-1.5824268159612798,1.0271481127085846,-1.332404181609975,-2.172062688087051
-2.767453572349554,-1.487693523730234,1.042305176207564,-1.4841430834435552,-2.15535995903893
-2.681834672731995,-1.6590090885083317,1.0238671104618082,-1.2640501189082078,-2.152724658758678
-2.7159451912445074,-1.610303975886066,1.0210863626219564,-1.335061312079774,-2.1766532334644473
-2.6752527949783267,-1.6714073144958457,1.0081445321710252,-1.2364885795509306,-2.1567926399576454
-2.727211869674821,-1.524312395825201,1.021808205814409,-1.4360277628810443,-2.1574210858438483
-2.6959340246469123,-1.6349568859126402,1.0229647909038455,-1.3618021295246552,-2.1924384681704345
-2.7081676490945403,-1.5938729341533189,1.0009450284537738,-1.4017006986138638,-2.1785276668454197
-2.7258434612193683,-1.5868380769548465,1.01330271034062,-1.4419965688678849,-2.184769493917898
-2.72933583569528,-1.6267972462559053,1.0046067673569279,-1.3959273267001986,-2.1826044910192284
-2.750745739491627,-1.5445755233468128,1.0209903059692433,-1.4861584692192227,-2.191340210554777
-2.7748642704422317,-1.492669465404595,1.012821080941599,-1.5746364243528423,-2.1830633217061686
-2.7811549485937865,-1.5361457308180855,1.0098338571447052,-1.6009908284901364,-2.186786389008298
-2.8039023644450842,-1.5024861267325123,1.0119279698355825,-1.6829793647648803,-2.1892238905291608
-2.8587040151589536,-1.3876179419850683,0.9951377081259688,-1.8198464656017233,-2.17737512971204
-2.8324894910229097,-1.5321147213984323,0.9877533948756849,-1.7189306833121714,-2.2087566667126644
-2.822266954947612,-1.5703137139156649,0.9712326289869806,-1.6635491781000873,-2.212450431966826
-2.730602678899529,-1.7372574566852697,0.9786533263006746,-1.3993704154512405,-2.2074407774381974
-2.762459836537689,-1.5836001209450166,0.9660844171732661,-1.5214193510816514,-2.186867550496788
-2.7549138623015503,-1.5749376470606755,0.9778758265290662,-1.5046236584744173,-2.1906266325374872
-2.7309156802975774,-1.6012780325591758,0.9843386805630556,-1.4500617870479486,-2.1745448878383953
-2.669070207782055,-1.7190649385963692,0.9890776222382195,-1.255138331661428,-2.177146862315486
-2.7311337533772067,-1.5407347691056053,1.009424887517958,-1.4533377060253165,-2.1590825608294963
-2.7234406019693713,-1.5988313144814128,1.0086340179521893,-1.3962689060126672,-2.1560431282507935
-2.7333164566783785,-1.5465369804761258,1.0182544475717807,-1.477949233430861,-2.185453856576221
-2.685166538998434,-1.680218174495469,1.015618746716389,-1.3002549850753482,-2.1637362912167597
-2.770564568609275,-1.4962835996071429,0.9963824273187716,-1.5297481411512777,-2.1667260981822074
-2.7186735932286084,-1.6432285932461044,1.0023276507242782,-1.3615658322208573,-2.151772584095056
-2.6605984310465924,-1.7191139534654092,1.0103759974135598,-1.2411074250464353,-2.137831157815459
-2.7079668627165123,-1.5273366488912847,1.0237682153585987,-1.415356452567032,-2.1516614845509276
-2.765261940088134,-1.433710956496514,1.0029551599544282,-1.6127793570424065,-2.1616383211097827
-2.719324400010976,-1.5906901284362307,1.017540654216208,-1.4562750414084724,-2.183655428432506
-2.7144046819569647,-1.615319288251486,1.0122822821845765,-1.4329739896799425,-2.189468133640619
-2.746094274926664,-1.545985656106477,0.9953118614098094,-1.5351075007402073,-2.180078882528689
-2.806135004503984,-1.4574016257370017,1.0079432162715847,-1.6672431542989585,-2.200747854888342
-2.786890408947744,-1.5526194764078083,0.9975754316261641,-1.5813411224238088,-2.2064837600805745
-2.7841006184129298,-1.5672720295139297,0.9803873660916406,-1.557322762981715,-2.2122146031378938
-2.807051973735346,-1.5227277224756297,1.0013909862790997,-1.6366002691081531,-2.2164359207114597
-2.830797763828268,-1.4977287623765287,0.9956752046246348,-1.6831246867090075,-2.216118465161729
-2.8516536269151085,-1.468882954594236,0.9760706423002341,-1.7572990960929646,-2.2202914673666676
-2.834105025057393,-1.5132456386419513,0.9859925423797069,-1.7365756821587703,-2.2161283267355802
-2.7631171686122795,-1.6648024320918646,0.9894485077804926,-1.5043985162598308,-2.212606178477161
-2.793694987281989,-1.5382292138593774,0.9796600199295366,-1.646454588165578,-2.2221462419849876
-2.830561620375325,-1.4437526823626423,0.9659109276939757,-1.7555081290431,-2.2047815852777117
-2.842056070235398,-1.4103940527155958,0.9810026611979645,-1.8078742593930606,-2.1988059793963957
-2.762659656952407,-1.6189082607915457,0.9728596801949209,-1.5644901118299908,-2.199544148710437
-2.700358143103126,-1.6907997910241443,0.9688903992515746,-1.3842181106560432,-2.1702943152561422
-2.727624161041396,-1.5836425309416764,0.9636575431030603,-1.5089288832054886,-2.1854519447315166
-2.647512056632351,-1.7194170837199645,0.9607849084547521,-1.2731305863613274,-2.154070377401333
-2.696360390951433,-1.5299677284749036,0.9780322224474067,-1.4755123977363365,-2.152444090686598
-2.6965785222797325,-1.6023876386659495,0.9763126279498229,-1.4216728956712814,-2.1667602255025353
-2.7328373503976096,-1.5275151471458535,0.9778896108487232,-1.5004597642005093,-2.1726747823570607
-2.7824805781110262,-1.4464191346668578,0.9891722338814624,-1.6596865318323584,-2.1668454716826573
-2.7703384345679947,-1.5329670392262233,0.9780899773460283,-1.588388841021812,-2.1795524465440903
-2.7387582790550478,-1.6090695892339295,0.9784075002764328,-1.483241329109974,-2.1848010541962886
-2.7565900058183863,-1.572928749811521,0.9991455113608776,-1.522058962703682,-2.190530594970354
-2.7639169951976106,-1.5754405581641746,1.0040583123110232,-1.5274915023895836,-2.212818187274146
-2.7340728319089536,-1.6049707295420483,0.9970531061446779,-1.4716549664501961,-2.1890399379161725
-2.745170714631115,-1.5544821117674466,0.9999323559776047,-1.5240565997058864,-2.180506768728934
-2.793800965278655,-1.4483897470136373,1.0065073843435228,-1.6942442702002294,-2.1837030911386424
-2.7884243816859122,-1.5266460664681152,0.9957841011844659,-1.6240014490648653,-2.1960627327007867
-2.750420405333499,-1.6230973585809414,0.9944148375198782,-1.4295815438186164,-2.201437948211626
-2.723827142980905,-1.6317870594728652,0.9882685022498849,-1.3603534993896442,-2.1914472456235328
-2.7283208264877366,-1.637950069049154,0.9801504513393071,-1.3175765942724889,-2.177306971477052
-2.652538655626112,-1.721733251952735,0.9784146961181097,-1.1620243122028124,-2.16256818951499
-2.605128326798883,-1.7671113594867183,1.0023305984146766,-1.0748028209435638,-2.162457813874896
-2.6311939722731306,-1.6165661055939182,1.0287653741128266,-1.2038767959255128,-2.1642977763586657
-2.6565868716252012,-1.6474201656068708,1.017366529019271,-1.1680303242508197,-2.166813722659256
-2.73371578422112,-1.4972877368090092,1.0357310587933932,-1.4152003444527554,-2.166564610147701
-2.6993659595289556,-1.5920988542299659,1.0345815383042347,-1.317701590294791,-2.156659384895775
-2.6382146242027242,-1.7211080710620006,1.0351492053840228,-1.1492255707189696,-2.166469384846507
-2.6962501315788017,-1.5639052496247605,1.0245836903427497,-1.3149515249054156,-2.1568491356797965
-2.7627376667399983,-1.453791242200519,1.0293478339030195,-1.4804954216640798,-2.157174979029321
-2.728044299361772,-1.588529924506245,1.0274301288387708,-1.4081820346838347,-2.1721239835641026
-2.69425567024251,-1.6731786209082196,1.026270038087154,-1.2720794044014583,-2.1755603207996823
-2.652537432708213,-1.7131076332951658,1.0353045085672345,-1.1452813113765583,-2.1640014108914634
-2.6830796215895547,-1.6556648571252448,1.0349893576204487,-1.2152741552145097,-2.175192484515478
-2.680720002203263,-1.6389295246226077,1.0274442135355528,-1.2533742116969804,-2.1891692445751967
-2.6665995972696033,-1.7017300686396617,1.0364536783576792,-1.1958672017378582,-2.1859893242900825
-2.6093278524503805,-1.7748327526396137,1.0189362463640588,-1.0264651476195075,-2.144208604846663
-2.6236898722367767,-1.7075850833459554,1.0257608696433662,-1.0807195098563687,-2.143671291636813
-2.6969882293449747,-1.5201553764320974,1.0328389340401922,-1.3248302491712907,-2.1551040025718198
-2.746564332278864,-1.478971007138104,1.0260874630869627,-1.4141636661010748,-2.164830775938624
-2.7763520663721715,-1.5357842310967635,1.0240912985265727,-1.4085296691534572,-2.1719583107381197
-2.7370176546350513,-1.6624009265974173,1.0367682587667635,-1.2523188474308784,-2.1723381054650397
-2.69719158059336,-1.7006927183077392,1.0241502745721636,-1.1735798225587646,-2.1680209940404302
-2.683604186034857,-1.7064587984140045,1.03013956928152,-1.1153321590380854,-2.1762591403235048
-2.726479986882585,-1.5551632338340584,1.045592430277795,-1.2616098168507717,-2.182856118046683
-2.791802705982392,-1.4510903260083239,1.0482848523835868,-1.4566325500053534,-2.1812131580883913
-2.8447611718384804,-1.393713379600908,1.0469247452336632,-1.6194947441992191,-2.1767043180052044
-2.89934990174132,-1.3381452401373617,1.0431882783744761,-1.8144466751408985,-2.2105222831290052
-2.9318007440333793,-1.3066278785529595,1.0303244132771392,-1.9604566010170426,-2.213647663490164
-2.9496261064421376,-1.3152745403942283,1.0296125788175785,-2.0607169934055434,-2.2080380485191005
-2.8518100030954727,-1.5961917799827385,1.0238180418328267,-1.771678697739863,-2.2202413993880232
-2.753378404345174,-1.7373080414394682,0.9963430791583983,-1.5353176453004822,-2.2066984482799152
-2.7190327323976113,-1.739394911368313,0.9839350641572794,-1.41151291188987,-2.1976846521944116
-2.72802838981342,-1.6708079686092763,0.9780227997326897,-1.4353860275211148,-2.2013934357489857
-2.666068346257403,-1.7652898498104685,0.9862651740401182,-1.2673017633791666,-2.2066317365116577
-2.700272088900302,-1.5896692809389152,0.9950124767795417,-1.4328702074843238,-2.1873649776404527
-2.71366647355973,-1.5758051596953855,0.9879861892977544,-1.4851607306713481,-2.1789922456127893
-2.7198190488256166,-1.5665585627161287,0.9800079003113703,-1.4931946503802414,-2.1925423033551774
-2.6782297117561624,-1.6738634319373402,0.9891697627285408,-1.32932394520719,-2.1726801483656186
-2.6456940936822027,-1.708592311158019,0.9934615753466526,-1.2408592282633033,-2.194271672798187
-2.6067575567117833,-1.775114590548204,0.9940730208155314,-1.118738171985701,-2.18013516944352
-2.66996174182883,-1.595413684374237,1.0043624055097256,-1.304465786492824,-2.1668208222826433
-2.7000580463235337,-1.5626614101923249,0.9879879040938513,-1.3846826270541823,-2.1706564188695805
-2.7566745464422917,-1.506485523866235,0.9968241396606433,-1.4999073920046564,-2.1712040247559314
-2.740974115968525,-1.6192091759158869,0.9992934165557552,-1.3977502252456788,-2.186366870194388
-2.726321969762781,-1.6589453064317163,1.0107302262597704,-1.337184137979996,-2.1957332238220566
-2.733746351300772,-1.6626613817783873,1.0056886811753045,-1.3325759666194765,-2.169021052050083
-2.781348581884087,-1.5418072882657867,1.0070701159785775,-1.4425316229072214,-2.1705887012948004
-2.7943039014805873,-1.4860505732506009,1.0137353914279135,-1.5457259786652844,-2.1784113554776647
-2.7545023931612085,-1.6343150291878115,0.9922292163463715,-1.3867893959075412,-2.1655688794547867
-2.800868605743539,-1.476082310565173,1.0029070217124179,-1.5725890154909115,-2.1800555367615324
-2.7473223417681765,-1.6218054790684249,1.014686612144912,-1.4001455911225424,-2.1550158108567445
-2.797587959538104,-1.4825471231607115,1.0358617705347597,-1.5590328916401124,-2.173140031795315
-2.731349677367872,-1.6620442694360513,1.0274216957946882,-1.3662128234400026,-2.1498518748444706
-2.681065355372283,-1.697507966292975,1.0102334193310238,-1.2831370380042897,-2.1672823043650618
-2.712125346266651,-1.535945226351901,1.0208933342804383,-1.4383750461888443,-2.143980613405153
-2.686789800807592,-1.6618524022144623,1.0133473394178143,-1.290739666168319,-2.147402657095075
-2.6833336973663444,-1.674746308175267,1.021877635059706,-1.2635908598832413,-2.1480544927011156
-2.6860505709201,-1.649501564302776,1.0273768357428839,-1.2845459731172577,-2.143011753199804
-2.6637060119570526,-1.6893735610150562,1.032842719631628,-1.1854496155096002,-2.143517791068766
-2.696357557351908,-1.5830255022326623,1.0344134498050652,-1.3154142553465225,-2.1629702611173114
-2.7385300779528388,-1.4894857426996952,1.032326248333844,-1.4820778930751815,-2.1749807944946555
-2.79413888646083,-1.4335217476467201,1.0268382066009973,-1.6517359082662992,-2.180341446646149
-2.7825422799536956,-1.564212158759056,1.0479557654236304,-1.5627421531545325,-2.187213742059171
-2.7648259328285936,-1.583756534564235,1.0229042070192842,-1.5740105089019711,-2.1817014369926526
-2.7353218858584234,-1.6610309525933984,1.0418882484193654,-1.4163182432640253,-2.180786349342931
-2.6890707024294103,-1.7184741875986682,1.04183271912883,-1.3187750727190937,-2.186332134759439
-2.6563812530377575,-1.7824648400028362,1.0271599176856134,-1.177969895271519,-2.1794873342098477
-2.7097415349517715,-1.5603899607490237,1.0247206498917025,-1.39213943792402,-2.1747621502843435
-2.747999913264509,-1.4452644052844883,1.0276000181785612,-1.5624842546482445,-2.16754790389539
-2.795335421234191,-1.4066131854955521,1.0276393300753186,-1.6412709222794386,-2.1716877023471897
-2.789886466346003,-1.4873992239299119,1.0294716405398245,-1.6125870583990216,-2.200046562418212
-2.789387846359437,-1.543035346844286,1.0228100830073528,-1.6166357046135214,-2.2109136703514727
-2.7911277185799106,-1.5428487834677176,1.017248543648245,-1.568754229370657,-2.2197810482280116
-2.795708380649221,-1.5661884370433494,0.9986590365114147,-1.5591033998171768,-2.22205254850539
-2.7691096531962653,-1.6058199820340162,1.00296777505797,-1.4989072420286658,-2.2175412093220963
-2.7219367135087897,-1.7033002142753384,1.006918485786714,-1.3130695985433014,-2.2175093554622647
-2.648488742725443,-1.758965397480354,1.0171203293736286,-1.165337226746959,-2.18762329067067
-2.701029260211714,-1.537757945080392,1.0209348675908059,-1.395407236450554,-2.1778376682529315
-2.7208481092330485,-1.5619315223208683,1.0067946976209374,-1.4035558935888184,-2.205514630967145
-2.7805185092385405,-1.4398338814397609,1.016696607588869,-1.5936536885080648,-2.19806864882099
-2.7378691944679128,-1.5969887896663708,1.0278594320136276,-1.4238156008237683,-2.1959412943730916
-2.7507348872826665,-1.5671406655075029,1.0045542829999365,-1.4403659971477913,-2.19656139458926
-2.7141573914386825,-1.666326728724918,1.0080376270634577,-1.290218700327631,-2.1831352703287976
-2.6698765794365578,-1.6885179328328064,1.0149143432456298,-1.2001922204484705,-2.153192302466231
-2.6138553239361944,-1.7891049558103513,1.017193534580558,-1.044248676873092,-2.1436257299856587
-2.559673987139638,-1.7995583975330116,1.0419249032125422,-0.915801310058345,-2.127552446028675
-2.6401615385221544,-1.5565397884281578,1.0486329623880997,-1.180776448688112,-2.12267901337348
-2.6395124960727996,-1.6113725658499287,1.0588472022965865,-1.1764847808692107,-2.143398240194237
-2.6957723842004753,-1.5710100089636505,1.05518709933112,-1.265080051311054,-2.15578612953665
-2.7211696992946575,-1.5956146623366052,1.04181720192188,-1.285328518969878,-2.162553224284353
-2.7152071377743034,-1.642692306683088,1.0477274328387154,-1.2643803844477615,-2.166264098613539
-2.739896694558449,-1.6297606976521546,1.0603621164914006,-1.3065191682511006,-2.166863658652008
-2.684320322162265,-1.6812530856790175,1.0286730579631256,-1.192401924557277,-2.1425136250933736
-2.755524174338993,-1.5018811124014189,1.0471197236539216,-1.441439203039377,-2.1627520752903826
-2.812557737267803,-1.455542382243073,1.036824499089668,-1.5852224651752078,-2.1852091969715826
-2.8457749183539414,-1.4451736076962252,1.0203124305290163,-1.6627036602513572,-2.1967412818015073
-2.8471126064021304,-1.5367008716046984,1.0256099976004247,-1.6119444083823247,-2.2014345606403203
-2.786287886905845,-1.6395245154055458,1.0064845851663577,-1.4200747342662312,-2.2025167216965187
-2.8138890679288533,-1.5134991432016625,1.0278806117329076,-1.584110339352562,-2.197028142047828
-2.7811293013976224,-1.6147099254974717,1.0149793518447485,-1.4876272382907185,-2.2056106220420273
-2.6701056919934185,-1.7543479278991962,1.0288328958709643,-1.2657881080711835,-2.195542560854965
-2.645322716847633,-1.7323237922489074,1.0199440754659097,-1.1880235748343586,-2.178415655647697
-2.6903139218955934,-1.5745901970338958,1.0291054165794256,-1.3627930227772687,-2.1851550333416645
-2.7420858549822653,-1.5576168259875083,1.0339467668259614,-1.4308583665477346,-2.212132608507517
-2.762883837656782,-1.500431593033335,1.0353143870818133,-1.5496033070267463,-2.215698040797856
-2.8097273738922506,-1.4560477706963944,1.0511435636645912,-1.6656765325904923,-2.2163135474760494
-2.747033623091175,-1.6163705301467977,1.0427169852487244,-1.507657916483954,-2.211225010731638
-2.807697754264745,-1.4721030443624803,1.0401118693277713,-1.6824286364229566,-2.2309453427445445
-2.80088080824503,-1.5570656354441421,1.0298778731168994,-1.578805884180445,-2.2283216972562494
-2.806653390680108,-1.5530877938772745,1.048257407059685,-1.6234753944135527,-2.234421249374604
-2.730378752997667,-1.7276145640201228,1.0434514884437693,-1.3857837246606248,-2.215860960049961
-2.784389879958812,-1.5153817609007554,1.0299597156079996,-1.5892345393001486,-2.1979314363396054
-2.7172642516115486,-1.6195679928221791,1.0158656715078567,-1.4701585870398994,-2.2008254512945338
-2.6648059724916107,-1.7240086075908687,1.0314929913850612,-1.2496069966569525,-2.1868575383495426
-2.660047587210772,-1.6666617472922682,1.0277523730790177,-1.2723610080310739,-2.1588640524412597
-2.631014610022565,-1.7416756361624202,1.0332177789835573,-1.0949774116095674,-2.1522669721842784
-2.5984464237153095,-1.7413451473926775,1.0496462019613069,-0.9981625025136632,-2.146947971746506
-2.649634513276562,-1.6092982872377914,1.0640381576166709,-1.1240157268576492,-2.1346184121667564
-2.650813121688783,-1.6442450517055944,1.0560605327704535,-1.1385874742552329,-2.1433297651673597
-2.731690005375867,-1.4654579590667807,1.049427796960396,-1.369746355506993,-2.1642989762687206
-2.700020915435935,-1.576450362840787,1.0380321497380176,-1.2985381630085178,-2.179010914693135
-2.7426194869453377,-1.5293299007278836,1.0512157518376086,-1.4359390612702119,-2.181080593222739
-2.7365877585695806,-1.560832634479571,1.0316866885839882,-1.4320594958059658,-2.183007455750517
-2.7529700558152554,-1.5381438866206787,1.0338639251002744,-1.4810135771167514,-2.1861982475227295
-2.7953566858717545,-1.523131024261913,1.0076033875539208,-1.5195703639953368,-2.2042941506545906
-2.78755535633111,-1.5708715672305278,0.9795296158644536,-1.4692262325076697,-2.2021967308877746
-2.8311152653582,-1.4416475544541254,0.9901185672799567,-1.6603530299857152,-2.195400365058293
-2.804667094391939,-1.5555367353029659,0.9721871782649968,-1.5539153353259565,-2.188001038995337
-2.7418492463978317,-1.6538062865283691,0.9658547056164896,-1.3706525391526332,-2.179250158988069
-2.7608508638648175,-1.5766358266329064,0.9658050730991503,-1.4397912680392524,-2.1732141716315554
-2.7997056179970694,-1.5050613482521613,0.9902436585479588,-1.5839508035158774,-2.18428761344446
-2.728158980592822,-1.6999043895254267,0.9827049636111334,-1.3795543679852509,-2.166631820718633
-2.7145097587216194,-1.666763126187907,1.007349699578846,-1.3260616046079068,-2.1828058795576863
-2.7680708251983464,-1.5099186135989255,1.026460883054918,-1.4987829892234918,-2.1670982083449832
-2.802974019389012,-1.4489631772413496,1.022517465371845,-1.615998470852266,-2.179893653182373
-2.8530642490044067,-1.3511001436015209,1.026566675917665,-1.7857075919031904,-2.1727496942261824
-2.841231851634897,-1.4350521606850801,1.0126848207728931,-1.7448584321675655,-2.166511395636707
-2.8435549466415058,-1.455979889348816,0.9932803527345451,-1.768239577389278,-2.182704172341502
-2.8101082338349297,-1.5897501860302294,0.9844370312450627,-1.6281095744981975,-2.1868988867164636
-2.8314494720357706,-1.4526047098704775,1.0063082206289036,-1.7611857234226589,-2.180958973782049
-2.8014946983711724,-1.5489099561763244,0.9852902782849556,-1.6525387287357984,-2.2113821217299128
-2.830982601237014,-1.5064586853431703,0.9875601666182272,-1.6958270085778628,-2.1963466928580337
-2.770808717777543,-1.5730539882374808,0.9944632592306288,-1.6291705635612572,-2.195374832367802
-2.7521560273938843,-1.5852243742543344,0.978459289861269,-1.6014158167122203,-2.2041258659412826
-2.7893087792052382,-1.50688405747474,0.9881635892367425,-1.6629904370213802,-2.204931793662562
-2.7885876056100476,-1.5259828849747166,0.9926210856609883,-1.625295037487444,-2.1992797950168073
-2.8211994278633994,-1.4401248632196055,0.9924155079159015,-1.7489626208127058,-2.2056035351119574
-2.782589377797597,-1.5480721732607572,0.9858542594091707,-1.6443389958086743,-2.195644614490907
-2.78230828124204,-1.5256399375519274,0.9877888232679866,-1.6615864947458172,-2.1949211190829288
-2.754415395170656,-1.6133670366167352,0.9826954964040918,-1.5686735331094144,-2.2061526487405407
-2.7328305702305995,-1.6315168999879344,0.984441342276204,-1.4819382677363184,-2.200101117154444
-2.740373877880089,-1.6402843187615153,0.9668910522257461,-1.4603758063696588,-2.2103949178558455
-2.652113435221805,-1.7187290507164388,0.9821948770091538,-1.283745113743472,-2.186249367523066
-2.615340283531145,-1.7683220371928667,0.9875454120117179,-1.0979455865153318,-2.1586505451917053
-2.6596050712957364,-1.6313055839180801,1.005630433142624,-1.2147122490489783,-2.14770215942136
-2.6925330104016743,-1.5614038857313859,1.0047129924592955,-1.3220552624166548,-2.158725475557732
-2.7333273545737797,-1.5327990525008928,1.0242985386436878,-1.4097404887236415,-2.178954520402985
-2.6862576155427504,-1.7011938701238791,1.0124071637812746,-1.2198148140073128,-2.14233243352813
-2.662514327988542,-1.704697866344294,1.0276414948825203,-1.159090279510276,-2.1661862183363705
-2.641463183108458,-1.752252727905044,1.0186598562005573,-1.0882529873601015,-2.130924567229471
-2.684387360407739,-1.5969680476910049,1.0271852929411636,-1.2714641927370633,-2.154112207531665
-2.738955424216799,-1.4889482870129713,1.014973365086532,-1.4595508420553291,-2.1765848085284203
-2.7104080673393423,-1.6235297336877306,1.0177009190314694,-1.339240227014031,-2.1911677124003424
-2.746193082349302,-1.5689236916064173,1.0135356375099813,-1.4256644500231952,-2.200757916490275
-2.693153600502136,-1.6936771986180486,0.9934240183114744,-1.2626826480940723,-2.1756162160111656
-2.684665471147485,-1.707688109247192,1.02714982940052,-1.1695789367979226,-2.1744062922214447
-2.6566854169826803,-1.7651273196115478,1.0143806203249686,-1.0490925981239398,-2.1724261497881407
-2.6492564197694546,-1.7445421382463828,1.0135928743309286,-1.013403612774332,-2.1578200579124984
-2.7044816236486406,-1.613062538081155,1.0422417135010391,-1.1652929097570566,-2.1889653964499085
-2.7784594181946187,-1.4779410689770511,1.0527740351072457,-1.3926700716593252,-2.1885044239576255
-2.7419714976782217,-1.6311725541140192,1.03824172443389,-1.271979440242062,-2.18941768037796
-2.754569407753623,-1.5919036276949443,1.0326734250122556,-1.3278336547317064,-2.1940926188104437
-2.802920177869474,-1.524474110791488,1.0416336111888156,-1.4316216154038264,-2.197775751735065
-2.835779770557141,-1.4238696261851314,1.050554927745356,-1.6290744131022503,-2.223405933032611
-2.8655084704498606,-1.464219306367651,1.047349237496175,-1.6454865252898851,-2.2325257600683566
-2.8113685107370068,-1.5987294119367508,1.042145585193142,-1.4962097942958035,-2.21373528237777
-2.8216917428219794,-1.5867892968143429,1.0374857526088235,-1.5413786775486256,-2.212295420924468
-2.763064176141875,-1.664114251879711,1.0577277602126056,-1.450175746401827,-2.2214444078102473
-2.8265905253712704,-1.4995673575155917,1.0591762519270365,-1.6332300144586824,-2.2146738791831915
-2.805372785035488,-1.563994254421,1.0210527473516349,-1.567901389912396,-2.211400069612824
-2.8168293429442812,-1.526466148240473,1.0325839408417394,-1.6255634968545547,-2.2151750296031305
-2.722003816348741,-1.70493861432914,1.0191631849073968,-1.3855966322277222,-2.183531467578532
-2.691798601293308,-1.6920044624881718,1.0147654073925623,-1.3473514891418874,-2.19121444972876
-2.7524455721068404,-1.5448732846685076,1.0438947162825225,-1.5031230923495915,-2.2136688015922488
-2.764298921730085,-1.547656948115549,1.0328613501294441,-1.5480904634667585,-2.207260202254092
-2.761512715884602,-1.5984213552834385,1.0193435312564407,-1.5084056441399964,-2.2170492323363957
-2.825160988883775,-1.4546272304960721,1.0095397580257366,-1.669135107967818,-2.2298856254386186
-2.851914491806144,-1.408168179419535,1.0091219247153924,-1.7773174857266665,-2.2208516159087663
-2.8017730026600236,-1.5474880186186604,1.003544086177265,-1.6611010653724454,-2.2193624766624462
-2.7919205361528747,-1.5509280137064265,0.9890832325092571,-1.630177973661179,-2.1956491192484626
-2.7646055347267975,-1.5770946305174216,0.9861768328224435,-1.5803897082471128,-2.1908575240063013
-2.7749055322939626,-1.541681761406492,0.9770004435177777,-1.603758322411469,-2.199828017121493
-2.7608495949380694,-1.6283083602717328,0.974711751033259,-1.4928444655274855,-2.195896364096964
-2.6984437296160086,-1.6800034229788874,0.9920520227254739,-1.3702401855780182,-2.181815357231646
-2.757615412430658,-1.5238347335252096,1.0099510527862632,-1.5360490073729496,-2.185205380190773
-2.8043758801871643,-1.4155897820072096,1.0008587262094804,-1.6914113611010588,-2.2002296856885435
-2.8575723525608567,-1.402425272957083,1.0045709407085155,-1.8115848576166222,-2.223030763132619
-2.8804245750679147,-1.355875186185939,1.0021461618627125,-1.9395295146865301,-2.210783604718367
-2.8771601115890784,-1.4150065051917768,0.9725033324566636,-1.9551074922677236,-2.1952743938974937
-2.88975007412832,-1.421679610210984,0.9882121522314609,-1.9654013884626498,-2.1958254181200396
-2.9158128639924987,-1.4181406171884627,0.9643451536541818,-1.9643283368171465,-2.19104348835577
-2.862938434500109,-1.5328536626846698,0.9439163956444541,-1.8599088771321095,-2.1872150828907078
-2.8170045861495625,-1.5758740909522033,0.9702929639382655,-1.760188047236387,-2.207702171214676
-2.7581691802805537,-1.675464826959504,0.9720548823296861,-1.58499939421259,-2.230627353538296
-2.742565976110335,-1.6129660333180582,0.993290997182859,-1.6045807179448681,-2.204175692072983
-2.695129882087836,-1.6594602779013168,0.9902825659014303,-1.4659828105252986,-2.189346022179863
-2.6598517981604357,-1.6907535722324654,0.9960780268272476,-1.3404944279740785,-2.173252534524864
-2.6940214864622,-1.598111751069912,0.9956071460855123,-1.3895314128578717,-2.154821411996486
-2.6801828731239445,-1.609373895694126,0.9771365321641953,-1.3602400155164807,-2.1610819470668643
-2.6390072764585595,-1.659305975876971,1.0107984217144035,-1.2404738200640477,-2.1484926144351326
-2.6969692397589315,-1.5293812196518706,1.0117626436752467,-1.4157387577493314,-2.1422219014975483
-2.7513484528084713,-1.4359904529485832,1.0243608490653235,-1.5842818327381583,-2.1835684719055575
-2.7249196426453395,-1.601216801865948,1.0240505413424816,-1.3987559428884637,-2.18587792913204
-2.6473889131851087,-1.749619939241202,1.0414302657861296,-1.186826753372911,-2.16167624112153
-2.623161839308213,-1.7349962151987974,1.042760785143959,-1.155987779420119,-2.165318080710124
-2.6800609780719373,-1.5722710145431191,1.0309217323729365,-1.332606693385335,-2.165841573593146
-2.735133288397152,-1.4741408106775709,1.0483163540076783,-1.4949920278816244,-2.1632705993851724
-2.6909233536993136,-1.631146600213867,1.0325399351919813,-1.316688648662515,-2.156737029290486
-2.7404352737868023,-1.521375921147027,1.0447045809356954,-1.4638589476719002,-2.189283971175797
-2.695968489651905,-1.6681974151460024,1.0224170119527038,-1.3089874773055359,-2.179418970936476
-2.6808270762663,-1.6722009982716448,1.0325625256943936,-1.2948578430983648,-2.1779962453192883
-2.743074122378449,-1.4734381509370746,1.0143491098386699,-1.5352830194139386,-2.190281650423224
-2.7026120951923605,-1.6123426391157876,1.0222493811953322,-1.3707057494060333,-2.179899032859059
-2.661039024980262,-1.7160445958205486,1.0163775720943822,-1.2177960629653357,-2.1702106132890577
-2.672160442767238,-1.6978578704754683,1.0291949518012113,-1.2174697599956086,-2.1801378108917313
-2.705728207702202,-1.6106159517170264,1.0134528423286124,-1.2968917791199626,-2.1706079124557065
-2.7774886839210207,-1.4662167737902037,1.0470227959756961,-1.494444098079912,-2.194338852553813
-2.847961251989559,-1.3842422199837556,1.0386329121248703,-1.6949085356224565,-2.176487229703877
-2.7807130963274043,-1.6285712726229804,1.0191247394722565,-1.451953261102575,-2.181675950136781
-2.70956812997559,-1.7297284119584702,0.9987315474584634,-1.2889350816555822,-2.168214982297954
-2.7314352230669816,-1.5929556332728212,1.0178426226203543,-1.4481317716830522,-2.1707492767997953
-2.70121579144287,-1.6555078289526541,1.0062561299399115,-1.350841076332461,-2.164931956761542
-2.7514199587583654,-1.516874101375231,1.0057933045481147,-1.5157493027003504,-2.1773473066799047
-2.7756614687528467,-1.5035010876068562,1.0358293371900433,-1.5624352064654885,-2.199502299821352
-2.7224397746567672,-1.6571876081192711,1.0401529518006816,-1.3684708008739666,-2.1771509616657845
-2.752334069781768,-1.527078114660059,1.0364860060911196,-1.5142377375053013,-2.193599194874837
-2.7070382462885254,-1.6700524305076747,1.0307286976367551,-1.356577091543452,-2.1983908117948303
-2.718133235230279,-1.6593271594176187,1.0111405747222686,-1.3219142063458276,-2.195150004823431
-2.7300153892332295,-1.6094573707046242,1.00086809429721,-1.3621331423778245,-2.1830776832976335
-2.7359343437867953,-1.5981881163152516,0.9996092703212055,-1.375067292335942,-2.2018337993716437
-2.758810326054679,-1.5489775506817145,0.9981692795874517,-1.4560847419158982,-2.179186210005963
-2.7759338383029086,-1.5147785603711665,1.0109279269158467,-1.5194637561310553,-2.187083157905504
-2.852354657367637,-1.3913110676442055,1.0346157984823665,-1.7081018755418511,-2.1881966982888637
-2.906663314395674,-1.317386585540496,1.0351798820214075,-1.8649916524666432,-2.2062916825685654
-2.882623569338886,-1.439024661083927,1.0230783557461638,-1.822533125478423,-2.2183552537059734
-2.802418677717416,-1.622771434702397,1.0133741082304764,-1.5553140291952132,-2.2024847879112057
-2.816296265541022,-1.5689296654574156,0.9995660144564176,-1.6258269720341343,-2.2071142923735705
-2.8521965537287226,-1.440444451654662,0.961300526986998,-1.7978582310566926,-2.2066462089015255
-2.816840830572853,-1.5725706870170824,0.967543506709076,-1.649180763244069,-2.190738868334761
-2.790201954473697,-1.58096022792618,0.9560691954008468,-1.5796142054049056,-2.206620640914927
-2.7665982239172466,-1.6005274551648097,0.9714736036678784,-1.4835817268520075,-2.178478956055748
-2.681309726726942,-1.7189280125408974,0.9705042367707828,-1.2665171686024823,-2.1711424483019557
-2.703035927066134,-1.6062734096557654,0.9810708457541395,-1.36735476934916,-2.162878466963958
-2.677044369590329,-1.6330280614873312,0.9693784858953356,-1.3075913848318292,-2.163741514630809
-2.7088918984159163,-1.5252471032780939,0.9687138022745732,-1.4434858730183473,-2.1617218551376953
-2.7744300523709367,-1.445735646266763,0.9803296155047315,-1.587521099033619,-2.1725265968475256
-2.8204004576759534,-1.4073830500143092,0.9820989022196964,-1.6888891321183914,-2.1922277597272526
-2.795147476523707,-1.4916541240454284,0.9653549490896955,-1.6204902396798473,-2.2016138520925903
-2.751684237700122,-1.5987112640130876,0.9800071727568268,-1.4928954407313249,-2.1885973020239744
-2.790915849869614,-1.5223653006330955,0.9693055525796808,-1.5789710359249953,-2.2148171522849434
-2.832980594747331,-1.4765794698922958,0.9823969900234298,-1.686723343508517,-2.204161384585197
-2.8339248870132288,-1.5399988166887568,0.9662525311511757,-1.6022674899429836,-2.193777034494905
-2.863698866270796,-1.440706395203782,0.9881267209416399,-1.7289062461449503,-2.2127618256205164
-2.788659062565495,-1.6398077002374998,0.9962421991884598,-1.5121169546710937,-2.224676280198263
-2.8054788770283348,-1.524711113094565,0.9906201006988332,-1.6624056949999109,-2.2101697666827578
-2.7230494183724527,-1.6741582538679864,1.0085614015319884,-1.4381282323030111,-2.195512010520192
-2.673311681283661,-1.7413613116109838,1.0143833278978123,-1.2826378942713708,-2.188786962648707
-2.677056488241281,-1.6663697988267872,1.0115348037270593,-1.3258836038123387,-2.162463174878664
-2.6059397293291156,-1.7401783288703139,0.9926395934800504,-1.1399062593353229,-2.1672149071446274
-2.5627159136961635,-1.7968862498592275,0.9897470357273127,-0.9928933625929157,-2.1507724480688415
-2.5262291423281797,-1.8364899456523547,0.9986553502273785,-0.849954522248806,-2.147176531486515
-2.5462499160999705,-1.7222901909657333,1.007827319394649,-0.8979719443840288,-2.128254014475867
-2.615109985107956,-1.5717598203595609,1.012215741148508,-1.1262469073526695,-2.139831013069323
-2.604529236589856,-1.6918790564648223,1.0114401631133285,-0.9551955684002976,-2.128741827011965
-2.6521065564033752,-1.6017911139784868,1.024366490534756,-1.1287143112133728,-2.149959496824955
-2.706302661250842,-1.489425897061124,1.0268725083393426,-1.3327520206797983,-2.1538253545159987
-2.6844342016358005,-1.634998029273918,0.9969717659872243,-1.2225549040551675,-2.1500384444585503
-2.6471528406879608,-1.744609626766875,1.0004322555865903,-1.1086428465622848,-2.146496035023438
-2.7215581928157673,-1.57712783630614,1.0028819020786022,-1.299707489416501,-2.1649302360524634
-2.785881418613639,-1.4743814639146067,0.99774827207358,-1.4663882181220802,-2.170917770154759
-2.802488548555318,-1.5226180159694687,1.001432641313312,-1.4696825372972957,-2.186670528515248
-2.8233335999047187,-1.4666640966657427,0.999797627182133,-1.6051461787909371,-2.167158634766067
-2.7441920078864976,-1.6574445302533662,1.0198518455144394,-1.3936230003964614,-2.1731544645514935
-2.7377368166813327,-1.6706840427548817,1.0018045735942136,-1.3366123171003088,-2.1736990375305867
-2.7581536988988513,-1.5556124871363415,1.0067470281786102,-1.4514922337647203,-2.167113534670724
-2.735651355943879,-1.6437746492720033,1.0280943912195504,-1.3257773352565114,-2.186851903880841
-2.754614307436067,-1.5306630295787556,1.0380294353653132,-1.45922522145632,-2.193745866047976
-2.7418246268157236,-1.5512707677543063,1.033536111298117,-1.4660701382919787,-2.178615405056127
-2.7810692989822114,-1.4766553221397565,1.0315760431878052,-1.5713705768809023,-2.1823424655726944
-2.7714409513456255,-1.559596805714056,1.0446033552007994,-1.5121814514327059,-2.191713383780142
-2.7437731043635583,-1.6064006354493485,1.0377025137038203,-1.4510087508504799,-2.1899573686891007
-2.7052446504856382,-1.6730081587895111,1.0305021680082884,-1.3222779824868862,-2.1820096827576227
-2.6351469109885777,-1.7430812756778433,1.0454641962008477,-1.2176258462112277,-2.185168913183378
-2.675326827641934,-1.599985920593747,1.0381862388461247,-1.3707005194903061,-2.1888557048251873
-2.653033720262593,-1.7067342756683948,1.009228540498648,-1.194978271698994,-2.167797018412206
-2.5935081616699183,-1.7636278092354878,1.0057666098622737,-1.0335340111778584,-2.1394478719539105
-2.5708110645889106,-1.7842663640341851,1.0266022227347076,-0.9558909817317244,-2.142938965201064
-2.5449724872087227,-1.7674477380236089,1.0261797173870753,-0.8815637487577925,-2.1159958193339343
-2.6275471092871245,-1.5851979131643616,1.032418185368995,-1.1402854652286534,-2.145659511735142
-2.6340053528455476,-1.6125018453944533,1.042353300386288,-1.149443297928717,-2.1576947314647774
-2.732968975584801,-1.4516257155455723,1.0571178229996734,-1.3944290974102056,-2.138767598310394
-2.688761580845918,-1.6238373107657489,1.0581116007321605,-1.2605476866543144,-2.1399420387601698
-2.717758594313943,-1.5639451721322748,1.0375626717698194,-1.3684903151988126,-2.17835515875352
-2.7185908000515826,-1.5830316382751595,1.0426123974018093,-1.367812250943128,-2.1795611047118295
-2.7153887875938083,-1.6284996894232535,1.0448294516275702,-1.3254738777051658,-2.190022365448317
-2.7571581646032914,-1.488938764456806,1.037576893276459,-1.5290527105739788,-2.1901735260982336
-2.817051646439433,-1.3996013280223558,1.0597693339583913,-1.7089614611358417,-2.199976454611514
-2.8521520158096125,-1.396290186865953,1.0321640585503131,-1.825371730794269,-2.183763379725724
-2.781397557869304,-1.5939749072063694,1.0364818529448951,-1.6296325781869188,-2.1690743715927967
-2.739223839214967,-1.6861287481231573,1.0237946201065555,-1.4773291116167768,-2.158708361608784
-2.763528351548805,-1.6022287953106453,1.0284631909001563,-1.5205409002114645,-2.164631097535101
-2.7301739419798454,-1.6617236450637083,1.0390918101883102,-1.4047210747745216,-2.1769526208055017
-2.754800620713704,-1.563668336601977,1.0378764219967436,-1.5057498482312337,-2.1733519874123823
-2.7574983113003566,-1.5609821168630804,1.041489263311048,-1.5062867679065106,-2.174897446061877
-2.757265809241329,-1.554667206938723,1.0278123308850304,-1.5481969324642206,-2.1890479640537315
-2.779061745734274,-1.4720859335231105,1.0368305574377137,-1.6586714583259303,-2.1977442469785053
-2.8016057976277953,-1.4699068906065336,1.046946049298263,-1.7059257258649239,-2.2071854918094735
-2.7173895263505012,-1.6754577558164543,1.025638091451805,-1.472131398673738,-2.185732611108122
-2.6639990314124433,-1.7718685174843678,1.028790484324275,-1.2504814851786346,-2.1650627893912064
-2.6781265191444814,-1.6434717664237404,1.0201911848703216,-1.3319032688254464,-2.1654636197882606
-2.6955653748093606,-1.637007048786758,1.0159135273831308,-1.3317402129056515,-2.181429259146286
-2.649353723250173,-1.69280017608362,1.0053669432984322,-1.2531802563917858,-2.1783861781841085
-2.651718075237329,-1.6893542713992096,1.0138216227196895,-1.2497549680856883,-2.189931472509267
-2.694565243639252,-1.5729913410832093,1.037251121472402,-1.3927921640192653,-2.1747756602837742
-2.7629854307392736,-1.47790991841818,1.039284470257036,-1.548737147221066,-2.193084076057316
-2.7941241143726425,-1.5164036537128847,1.0401000214550824,-1.548025711665818,-2.199891789874692
-2.7709487071604126,-1.6083405128291701,1.0337092180746776,-1.477816285747939,-2.190851084714107
-2.749747166894463,-1.6715971447219025,1.0510970014075898,-1.34732628284922,-2.1774927245325597
-2.722127725493383,-1.6347128824430905,1.0494539053043557,-1.36885735608417,-2.197766867017811
-2.7016410142404634,-1.6781308098580792,1.0453503870041876,-1.3044326854510782,-2.196978084678546
-2.715429401964009,-1.6210123785908972,1.0496224557612277,-1.360532792559991,-2.197189860744257
-2.722966740270211,-1.548350733223081,1.0425560255264708,-1.4613697416238751,-2.179690992788003
-2.670207938057,-1.7005708512514521,1.0662303656355334,-1.265117025660528,-2.1769600507034146
-2.591073488166556,-1.8001457877699496,1.0539599137364486,-1.0723835701659858,-2.148504784433152
-2.58118520609462,-1.7806622408096604,1.0369132280431979,-0.9856762189172285,-2.1260498067244233
-2.6553939087540477,-1.584305328417111,1.042518218366609,-1.2071353780584506,-2.149855655076718
-2.7026785776637943,-1.5332108204339558,1.071337684285549,-1.3368783058573916,-2.1509241393854563
-2.674218214720988,-1.6565250662437319,1.0613048422279026,-1.2135262244604743,-2.1566636000262602
-2.7504663046511615,-1.5076891184331194,1.0553777366161157,-1.4145295150082131,-2.167999849796783
-2.7714554421812387,-1.5603809241226567,1.0279150170394074,-1.4217109850689822,-2.175149922005688
-2.787403037368438,-1.5706671641881047,1.043469984905055,-1.3885109268122935,-2.1712686538604915
-2.835103750357211,-1.4283310369634252,1.045412488920757,-1.5810825291961224,-2.196579669113855
-2.7568686764871084,-1.6556506743093689,1.0437527899746495,-1.3653313739390502,-2.1800542215736165
-2.7113409863145197,-1.706677096112915,1.0523217025329423,-1.2483755090910726,-2.177642692063679
-2.6983027732192824,-1.6256872413747427,1.0541242525604135,-1.3303110117662102,-2.1758114182422523
-2.650158690586924,-1.7146144267117132,1.026104298834309,-1.1754693697506164,-2.182980730191184
-2.6965293138997963,-1.594811622595982,1.0429022683007025,-1.2936937960122346,-2.1747395376623118
-2.663576189823131,-1.6767061553603662,1.0401083944968945,-1.1834041795479016,-2.1557074498507394
-2.6147010102889365,-1.751362776854649,1.0599243952862274,-1.045780341558732,-2.1456773296922402
-2.5902549048167947,-1.781776218875719,1.0547073408550793,-0.9571388618954519,-2.1274127696267358
-2.6024943505790374,-1.7176169394218297,1.068235807726557,-1.0054549834195783,-2.143055998176774
-2.586661834882962,-1.753497522822694,1.0671413252623905,-0.9586283048439818,-2.139627823634092
-2.552501323694417,-1.7575594793631943,1.05137744842124,-0.8851109687661788,-2.1273198380995044
-2.628644468388897,-1.567448939378822,1.0747468302185996,-1.1344623932373896,-2.1410439277988305
-2.634261991093987,-1.6158660878411575,1.0549803364739894,-1.101786629449373,-2.135915905382325
-2.6517589496690563,-1.6457556155339408,1.05943263499441,-1.107035563074511,-2.151604378831331
-2.596363596516639,-1.7510597121908613,1.0310337923548012,-0.9758108386333125,-2.1615044688945866
-2.6137897106523855,-1.7136385619656633,1.032129967295672,-0.9764865916217933,-2.1610758225514606
-2.6066794975581558,-1.7172524951895294,1.0335495148339409,-0.9509483592948055,-2.1631716789517985
-2.648548340475784,-1.6255446405435288,1.0593459956412936,-1.0865953701897655,-2.1666711892129755
-2.6339003157975176,-1.716714812133165,1.0519732668828359,-1.0112644738855143,-2.1518536796676893
-2.683847488461854,-1.5640406922835495,1.0678799476572134,-1.2631787242885262,-2.168266573515773
-2.768291328740294,-1.4325717218356548,1.0636827640523479,-1.483774094422819,-2.175493046294674
-2.719687026018233,-1.6410304138766565,1.061001355381218,-1.3214833103120036,-2.172087316370982
-2.66895756415739,-1.7461199718394558,1.0396219422565462,-1.168093266305929,-2.146049855301901
-2.623863717344306,-1.8064072638200819,1.0342851871773426,-1.049387213512047,-2.151594277431171
-2.6387231172539285,-1.6814578101848399,1.0400015768261417,-1.1475476391827573,-2.1587890993950585
-2.5971873383274895,-1.7547736936634455,1.0416050506997174,-1.0339481662246728,-2.1482337518554027
-2.6640363312779476,-1.5845522525129707,1.0586809676306121,-1.2393948208616536,-2.1834019250351226
-2.731511470016589,-1.5028792972574512,1.0460736040455316,-1.4162970146035436,-2.1893453030082943
-2.7755697707723175,-1.4483191739767147,1.04357756297355,-1.5614972796352138,-2.1998911081087344
-2.778977372094695,-1.5183714923877825,1.0138992983841726,-1.5520927574638896,-2.186184976603201
-2.8474309921382717,-1.421394839671134,1.0164626313477376,-1.7292480732811635,-2.202465569887041
-2.7649088583425336,-1.6484154779807068,0.9984544429702389,-1.4748854345939506,-2.187069101108343
-2.7406007170535998,-1.6526345700025376,1.029963578969392,-1.4127440350734988,-2.1723941573448506
-2.71078657925287,-1.6805868593156201,1.0284013172598667,-1.3260800518485414,-2.1575910893787937
-2.760193640011745,-1.5254894853370318,1.033034102125701,-1.5163490423651882,-2.1778950170573967
-2.7768793269700565,-1.5265443668975247,1.0253772775121677,-1.5547394383323674,-2.1979264232445392
-2.7992374777073534,-1.4781446979731239,1.023360302094592,-1.679608781190034,-2.1913268214311126
-2.735477280303357,-1.6482649853461033,1.034993941788101,-1.512246056013674,-2.2018048264289067
-2.7866322633068754,-1.5011368083756176,1.0363018770332955,-1.6998529239377607,-2.2002392579534265
-2.782161931370781,-1.557831551730061,1.008859455691503,-1.6552364844657896,-2.2080866100854566
-2.767267121149102,-1.5839100026026933,0.9929129160162555,-1.6069114753915952,-2.2041863193676123
-2.8055625364842847,-1.4478796052706175,0.9988677006153397,-1.7660401797057026,-2.205309378427192
-2.7877755715068053,-1.571246533376719,0.9929909730416357,-1.6548996507251539,-2.2043752625975257
-2.7762284046271555,-1.6166156018519608,0.9817160584597765,-1.5669162996159456,-2.211251353192454
-2.755642262404848,-1.5882343311560103,0.9723980377150533,-1.5603316441425314,-2.188908180263896
-2.7037354426700446,-1.7045962071044019,0.9802177652067104,-1.3610196759663327,-2.19283530961616
-2.6734020870679314,-1.6926684164701444,0.9775429527599901,-1.293376716498652,-2.1695122602034385
-2.6444251232673963,-1.7393743282872702,0.9979817799328506,-1.159979456904396,-2.1705341456434346
-2.5977564865697196,-1.7918330351815628,1.0150812483916107,-1.0257366612732082,-2.1607543541323326
-2.678487071973346,-1.5740405082504265,1.0180829545774939,-1.2647083374333001,-2.155124332348636
-2.6977020351499874,-1.5553003289686216,1.0326565623752395,-1.3647619084764437,-2.1751545577863944
-2.712502900598944,-1.611626433303303,1.0312685716055576,-1.3150576749152727,-2.1826910307600405
-2.6937397135551353,-1.640661923488491,1.0302278407971213,-1.3101961721409212,-2.199498294874491
-2.69749573917412,-1.650560942649947,1.0294906396510926,-1.2995557706304004,-2.2033558340015253
-2.741265371832584,-1.576250981659892,1.0286672096333427,-1.385814281649444,-2.1848322412677668
-2.7948088618179505,-1.446064069852137,1.0287820333157645,-1.57552273050925,-2.2069905240483076
-2.857999922646471,-1.3859063402830036,1.011029337235141,-1.7374751952103589,-2.2088519304544234
-2.822420466755154,-1.5175690362105092,1.0032630284539479,-1.6463319851396159,-2.2057456250339262
-2.801115241689275,-1.6008641118336395,1.0186532462405498,-1.5178573584336115,-2.2186679579854287
-2.779285568253505,-1.6188541366334892,1.0323901682950196,-1.4842151300482285,-2.2110350482964423
-2.7784539309721525,-1.5968916566233076,1.0019169743672154,-1.5115764793166944,-2.2159012538423757
-2.7652884832295452,-1.604090355979576,1.0053469826906276,-1.468423093549694,-2.2139531187972645
-2.761788558201416,-1.5575687564786616,1.005434543742736,-1.5224553843275646,-2.1934423699700902
-2.7458714447773342,-1.5389208827304288,0.9828747945028342,-1.5324419410519845,-2.167258096768497
-2.722730834383701,-1.6052772726196893,0.9990797294623789,-1.424662777868406,-2.1803673747551624
-2.6848801496761894,-1.6243429393574098,1.0134307425069087,-1.3501760634710136,-2.1862807273710367
-2.6582664323418856,-1.6391088307643054,1.0077750182669363,-1.3065018922864367,-2.16694065557242
-2.5850439293852636,-1.735926617908019,1.014678736250975,-1.136314314284651,-2.15727911575723
-2.5751882189919217,-1.7508624843584872,1.0331704641753638,-1.0371870117689275,-2.154360324077943
-2.626728839951398,-1.6062801953696249,1.048603274697688,-1.1990525786779969,-2.1360224389854574
-2.6419426692671837,-1.635646293299674,1.0520562965615365,-1.1997273401677968,-2.136721810854271
-2.6236739612608035,-1.6747119297619806,1.0327646377674582,-1.1499500666252265,-2.1343191467600042
-2.6689110266503597,-1.6071754525377013,1.0241147391629895,-1.2040443824787024,-2.1329770267807975
-2.732303918759228,-1.5282969440728822,1.0289855549925002,-1.3616871282683463,-2.144730893594643
-2.717388136094874,-1.65384815643901,1.0399511046601135,-1.2613106192551153,-2.1424725106682705
-2.7484371462423294,-1.5392162252846706,1.0359337921877099,-1.4560496062453028,-2.1624176864947975
-2.810386493068063,-1.4343291458617007,1.0541626069195964,-1.64820486605832,-2.1846216966842142
-2.835268674675707,-1.4818105110202406,1.0279158549911662,-1.6406593008456423,-2.2121560515967924
-2.8353222109817033,-1.4920737559099704,1.020584935633561,-1.6763667425721074,-2.205312967614408
-2.7396130096171922,-1.6688025906591157,1.017152700097317,-1.410552176658601,-2.18678471279045
-2.7986191335786486,-1.5046268334112716,1.0412318484437488,-1.5852755335744158,-2.173218442308061
-2.7568654312405148,-1.5641793913645958,1.0380362562191032,-1.5035852842351483,-2.1754972919510167
-2.81774226963631,-1.4631735949744977,1.0216009738152236,-1.6550116241754602,-2.201837404273699
-2.8049914505861535,-1.502501553947931,1.011819699718136,-1.6571099827576967,-2.1870032667055477
-2.7228034033037862,-1.6915208329143332,1.0015631024214002,-1.4004446927356775,-2.1789495700729904
-2.634752278937085,-1.7785984857650188,1.0008940082221385,-1.1816501889366542,-2.168191065914995
-2.6734953713573817,-1.6199963283978198,0.9928771012080416,-1.3245099887099598,-2.161249732542106
-2.6715472664859035,-1.5807816629469384,0.9810395404641034,-1.3626793733631475,-2.1778849286275075
-2.6239763772069815,-1.6996880777365038,0.9998157889693743,-1.17854202182794,-2.179247283618019
-2.672791002987737,-1.5826308325680671,1.0142724084575128,-1.3190225447047617,-2.1785528131125256
-2.7280366650449506,-1.486869802732108,1.0220331215509297,-1.5048806232487502,-2.201160636180481
-2.740960735142929,-1.5206018320038546,1.0204857258102735,-1.489063086340028,-2.2002088433550977
-2.7354509670572966,-1.5873167357618438,1.011271713327197,-1.4765870750077852,-2.193890882125998
-2.671686039117634,-1.724492144126348,1.0111377526329233,-1.246182240295578,-2.1963576250274945
-2.7098362240520126,-1.585606805170373,1.0128396147725969,-1.3859507265075102,-2.203883991000125
-2.7065844008450632,-1.6730154608060661,1.003179909390545,-1.3116564976336935,-2.1739394250407793
-2.7570653989963474,-1.5186295272458297,1.006203718751129,-1.4744812121848216,-2.155717148448847
-2.733458547169322,-1.5768408215769758,1.0075044170631726,-1.4199004423486383,-2.1613312132335585
-2.744232220304949,-1.5511744961723266,1.0243606138104675,-1.461118746115684,-2.1779141965631355
-2.7146859094713274,-1.6420827521779306,1.0158917755261665,-1.3563732610888308,-2.174418126000285
-2.678306822102219,-1.7393686029504154,1.0335713278484333,-1.210165611266737,-2.1832021401792785
-2.7240550451748664,-1.5722506605108668,1.0354163163766563,-1.362024257675394,-2.17451749010959
-2.731479375855541,-1.560851075165537,1.0515136398951976,-1.3642823487818434,-2.1565286929094034
-2.741099998571664,-1.5418052827087918,1.0305784810347887,-1.379648626462252,-2.1914489477309096
-2.7840278840217043,-1.436511968526048,1.0309659434312388,-1.591229552957595,-2.1701465233053585
-2.851171818582132,-1.3707729475607071,1.0410465889341458,-1.7375201822973818,-2.203054698489798
-2.9030708172691106,-1.355033903463256,1.0307153052060913,-1.8271406125467842,-2.2193893774604234
-2.8429668137197917,-1.5585538956707528,1.0396158776470552,-1.633167605459596,-2.2038326230104532
-2.8374153070175283,-1.557461820632231,1.0339703304223995,-1.6425876975597098,-2.2136249238522927
-2.8339801383552707,-1.4837855302907736,1.0108474580280897,-1.739926626673166,-2.193103421836024
-2.7912219851780686,-1.576482868644914,1.03370881910164,-1.6412146772752374,-2.202857700277162
-2.7249215845379076,-1.7056208677123748,1.023647202516936,-1.4245803612616392,-2.204375608758618
-2.7387167016773852,-1.5824901411419137,1.0384058111245302,-1.5496378527533416,-2.203183965899179
-2.7415844931583564,-1.6033822748814381,1.0237729821153274,-1.5154930151926893,-2.1960471415275493
-2.7487960442139143,-1.5797723446301843,1.0219998717319172,-1.5407922653804202,-2.1915546491043005
-2.80937645221334,-1.4446542535205047,1.018335716234436,-1.7114192570249354,-2.191932750007983
-2.8088697064371546,-1.478995027387864,0.9939489246912674,-1.7211241827075048,-2.213527183934168
-2.8154874844862734,-1.5591349544436475,0.9873237014548549,-1.6327979780122719,-2.221208679387615
-2.779665478638804,-1.618944931801842,0.9981408090979652,-1.5352896967097742,-2.2277116312016787
-2.751555466628794,-1.6336709105076688,1.0211350593270871,-1.4779943540682499,-2.215758243684981
-2.696147654168065,-1.7237044736346703,1.007843197487017,-1.2852891936282045,-2.203062356919512
-2.715614097035143,-1.5900437595154997,0.9871109544296636,-1.4363861575985177,-2.1996465744695572
-2.7595204413231817,-1.4843492390195452,0.9931418424073429,-1.5732357277503066,-2.1953106029837834
-2.7325651033545846,-1.5989855695825343,0.997985554424073,-1.4568854172442647,-2.2044016292063433
-2.6999073338791857,-1.635391090857452,0.9952538974694899,-1.3532830487551946,-2.1993948797821306
-2.748865635656478,-1.4946932387806195,0.9975748594797923,-1.5219595603065057,-2.1943846806690686
-2.6851779006332226,-1.6799497547966937,1.0105898491689727,-1.3031970428223982,-2.1589556753829107
-2.6669537372158474,-1.6179228735020443,0.9941047543367881,-1.3243778881474912,-2.1523063842593286
-2.6775271866126547,-1.6153290017721573,0.9964938722704912,-1.3081532933884044,-2.1602215950996375
-2.70105208955894,-1.5337342947376893,1.0007829618274713,-1.4011163899391192,-2.1500078682884536
-2.6795245297242434,-1.652425992908414,1.0131873826358069,-1.2386758535485944,-2.1579424145718695
-2.7141212459393436,-1.5698641521362504,1.0098526456975991,-1.3150155141284496,-2.147830106803842
-2.716984081129084,-1.6085608251304329,1.0244150290625809,-1.302127592318187,-2.153426766218278
-2.7493467090432055,-1.5482579529322238,0.9987478562766537,-1.3794392824691493,-2.1450239820377854
-2.67899246394929,-1.6925273356645862,1.01890058848834,-1.1613259752227243,-2.1322817510381484
-2.6966859148380755,-1.658864298441281,1.007261905255371,-1.2104533454011366,-2.1334029013086084
-2.707800495231634,-1.5988072675141018,1.0205425437057356,-1.262352672839463,-2.1410796376159973
-2.6696323796822603,-1.6743512020238285,1.0222571351352578,-1.16562433270303,-2.1504676422356055
-2.6437699804508625,-1.7276797846189007,1.036118114661247,-1.0535060428330725,-2.148654782808842
-2.6247670286439964,-1.7484374855635423,1.040441895531391,-0.9642439621266488,-2.1495358142059415
-2.623691650963499,-1.7308837726390216,1.0522973635543025,-0.9598751181348759,-2.144602591181262
-2.6012355311626103,-1.7975731310324234,1.0506790720939974,-0.8724873514515479,-2.138290037664091
-2.6850607870415777,-1.5654549372984965,1.0628898261515634,-1.1803288194343138,-2.1615198060742795
-2.7031279522964518,-1.6096308207818457,1.0574901395570173,-1.1851641623517135,-2.1691317897570723
-2.7635779499157826,-1.5039908281410521,1.049389994029926,-1.386395930674792,-2.181386588620492
-2.8271547539163246,-1.4125853885221318,1.0465673806548272,-1.5944998483973176,-2.2046681758817974
-2.7577812177540264,-1.6503402452610658,1.0301036527777858,-1.3968562204966088,-2.1875537037939665
-2.7777731401297845,-1.6018831714230568,1.0313397890607485,-1.4499964249915802,-2.2021870707014752
-2.8231132488320894,-1.4968909206601562,1.0326072098972285,-1.6093933529417093,-2.2029666517415296
-2.8412073695089446,-1.5090332631090013,1.0303045807388413,-1.6343581623754586,-2.191112461402172
-2.812978098189588,-1.5844491908115754,1.033713159410236,-1.577099017991325,-2.190074410336511
-2.7962575235699214,-1.6206378133081902,1.0386349637419197,-1.517294258872917,-2.174101203002561
-2.7128294777898683,-1.766160126054945,1.028962320627506,-1.3016071201397545,-2.1716279139002004
-2.695078403385404,-1.7018354378714042,1.0392384998465014,-1.3199801916671692,-2.1836259654377095
-2.765841979810329,-1.5342629119794229,1.0504682564455974,-1.5501228841772108,-2.1826928532572896
-2.8027670415282606,-1.4264482830036158,1.0259246739660453,-1.7195293739280606,-2.1846486029598915
-2.72925160212535,-1.634583861544337,1.017882019119594,-1.4971814437376643,-2.150890306312159
-2.757529587385383,-1.5587095025836581,1.0445879574136616,-1.5557949899050834,-2.1600994421870436
-2.717563201115672,-1.6392472293969877,1.0452803107046045,-1.4523060125812115,-2.168503047713241
-2.775024808187303,-1.5025427442543906,1.040691552716752,-1.6284541108575288,-2.180731219868141
-2.6819901635006023,-1.7008049231080462,1.0421973441212116,-1.3982683812464243,-2.16412199267693
-2.727848712434199,-1.5515301049429664,1.0425458577527094,-1.587522679632018,-2.1683795965985757
-2.7915933134227204,-1.4721135595205819,1.0368298378905212,-1.6975755462545863,-2.1703364234405393
-2.7157285283228907,-1.6382717568114586,1.0341762587969954,-1.4941989023589741,-2.1875631960151893
-2.6654882123163253,-1.7392869913291893,1.0127265551258102,-1.2753262742482332,-2.160684468580622
-2.710933315404571,-1.573224152454342,1.0064327672077231,-1.435887501229175,-2.1650836224974515
-2.6600321865565806,-1.6734955190967946,1.010983142986182,-1.2639670695752905,-2.156043872904796
-2.6799189281261664,-1.6062424904215409,1.023746032512028,-1.2942067091429201,-2.165029605604827
-2.7365447774394815,-1.4645783598457414,1.0248925974569212,-1.4999029119968974,-2.1707741687545408
-2.764995214863938,-1.488269829254716,1.0116617763453835,-1.5167191587994717,-2.1732744648063242
-2.7555353257952464,-1.5763638826349828,1.014047172379443,-1.4525977128878318,-2.1692006046025147
-2.7446890189199493,-1.596823355321636,1.023263845336479,-1.423503788920443,-2.1760753286998957
-2.677593569159005,-1.7107161207310888,1.0161856242591178,-1.2408310543886514,-2.1694391932332366
-2.7206396899974368,-1.4993910234279717,1.004363102509426,-1.4740521928255872,-2.1470697846071274
-2.7179509038199394,-1.5951866209850443,1.018795254236491,-1.3835902848518828,-2.1599692306753058
-2.671855276548239,-1.6689079827991233,0.987138124221604,-1.236297488184842,-2.148520329731394
-2.68423672905959,-1.686101527106775,0.9897712182664661,-1.1721529528831942,-2.182978243322696
-2.7416986345618026,-1.4926600352803086,1.0041591948999784,-1.435436562068436,-2.2024976450775395
-2.6701665379097803,-1.663616548452431,1.015729823643716,-1.257879896967173,-2.218546151476096
-2.7217804808963386,-1.5228608387710976,0.9856266768617463,-1.423455444993351,-2.2042187365816828
-2.781159706202802,-1.468689666147845,0.9969624948842457,-1.5060137033002503,-2.2166693548777503
-2.817485356820176,-1.4251196020287158,0.9986478517263444,-1.6475624675374472,-2.215673264966749
-2.8814182122888616,-1.36283542433731,1.0045956201982025,-1.8010185582762035,-2.2012620655419326
-2.8958040026271274,-1.3476387049841947,1.011865694488748,-1.8997408717906137,-2.2055369530128144
-2.934256064145127,-1.3262182295683005,1.0046222309520376,-1.9872469082846498,-2.228814979000841
-2.861753528778894,-1.5795945440370174,1.0005835662693365,-1.712828017387324,-2.2149171238955154
-2.862317074979642,-1.520907666683742,0.9903981903735369,-1.7904220836241136,-2.2264514864067286
-2.847445559387788,-1.5548573488413553,0.9766672942984997,-1.754302631650656,-2.2192572582847006
-2.8049888177568745,-1.5575342227040647,0.9813621983185387,-1.6897803847916522,-2.212241755449212
-2.847017938739963,-1.452444501142687,0.9827377399230115,-1.807207482869192,-2.1987169831978113
-2.8728959279110273,-1.3710576508579797,0.971906939365955,-1.9216210777099556,-2.213245332940553
-2.871781771286138,-1.4171115352540509,0.9640000817819875,-1.8993936878309456,-2.1997112885699353
-2.839221186825826,-1.5072708125466976,0.9735648085434985,-1.8148751965114505,-2.2096158707684044
-2.8051147390981814,-1.5759064396594824,0.9746156313457858,-1.7177357415241956,-2.217145649400998
-2.765872664537288,-1.6218983289230138,0.9668391322399554,-1.6173888914803425,-2.2188179612727157
-2.7310503586726362,-1.6493359914111134,0.958268112116084,-1.4933104739820793,-2.1836349627751344
-2.7079141418122976,-1.6605143018823516,0.978342820783024,-1.4452565702407902,-2.1991834513090613
-2.6565988600662886,-1.770941188493934,0.9876379572083934,-1.252532122824203,-2.1759527471580618
-2.5815956150887867,-1.805223094029299,0.9909413914886306,-1.083529121635186,-2.152169923223054
-2.6580633918154066,-1.6030329734101807,0.9978887163158714,-1.2401977046168877,-2.162521727636006
-2.6775729754199467,-1.59623970372954,1.0037431440776452,-1.25544173643558,-2.144214631880791
-2.741801751808374,-1.4516051365929556,1.0278057877940951,-1.4671098504403952,-2.1727705488528652
-2.758603813127745,-1.4825899750179257,1.019193713403382,-1.5190229595472922,-2.168230319970751
-2.7189962342882743,-1.6759962490997704,1.0107604288692857,-1.297720933940334,-2.167290765605415
-2.680048447204817,-1.7523239474293397,1.0167614978397461,-1.1589849686067522,-2.1623871076135837
-2.6459673774534584,-1.7835141522233988,1.0228858202424433,-1.0713171195082591,-2.150232772807583
-2.7160125370405677,-1.5305736137882802,1.0284359647324461,-1.2938002063213774,-2.154509365368815
-2.684258893304083,-1.6229936169598578,1.0224599500862708,-1.1984410886961065,-2.153747268264501
-2.7068847100463382,-1.6151746879408433,1.044435726940995,-1.2478097286193508,-2.1807385745152215
-2.7836487894664366,-1.472963042315172,1.0305324801816964,-1.466753500361842,-2.175493892297195
-2.860595951898614,-1.3830485572545692,1.0312236235150942,-1.677179469916797,-2.161018333342584
-2.8170236122004235,-1.5362648375773964,1.0193305778671864,-1.5209683924106125,-2.1775675911837378
-2.737774835129285,-1.6901142127827462,1.0145583029903642,-1.3074568252551635,-2.1887110207250227
-2.661348100739025,-1.7479287158763088,1.014088958671493,-1.155390150986035,-2.182756890681042
-2.592600570884892,-1.8090195875568924,1.0117622736395375,-1.0120587257249294,-2.1470808006906337
-2.575910872320792,-1.7958124029118,0.9914500243551216,-0.9438548522733582,-2.155323766457111
-2.5953292357118105,-1.6647999499142538,1.010335920014683,-1.076539416592053,-2.1458566621755817
-2.6875905318115554,-1.5011900192541698,1.0128162912664636,-1.3001470946558897,-2.1540341033205395
-2.705572900177133,-1.517453346781889,1.0328992099663692,-1.348846042640596,-2.167552914606816
-2.757639807146268,-1.4874916000565388,1.0526117429823458,-1.430872793604499,-2.1839157593426752
-2.7201741647149364,-1.630541070366846,1.0475578419355904,-1.3004335064115524,-2.177917123417488
-2.7694176504710746,-1.5154282823574317,1.0417747876371797,-1.444416522336146,-2.167274377304937
-2.780219933789173,-1.5064966166522737,1.039038361604047,-1.4693782628254737,-2.1817235365512295
-2.8175108439199636,-1.4351441152995443,1.0257298921605964,-1.6134511618369791,-2.1913855328489737
-2.8818909618864006,-1.3656506483841309,1.026437357833078,-1.7680559730560916,-2.194207424709632
-2.8644662563019736,-1.525847887474377,1.0199105091681664,-1.6571321151622862,-2.198455416747081
-2.761545643675672,-1.6845623545791741,0.9962832809405078,-1.43127813870775,-2.180209512946177
-2.7127530293388045,-1.7331327286162068,1.000277320377444,-1.3062360038853058,-2.198120311550181
-2.693483971189804,-1.6819288345144026,0.9986574211597605,-1.2779481664764902,-2.182483034706719
-2.746535976260678,-1.5040112258763874,1.020552343112454,-1.4838840685867167,-2.165540513497082
-2.739779912435877,-1.5844045315872632,1.0221760053093005,-1.4207553940747206,-2.1820156599314218
-2.7605107046004003,-1.5119053707438512,1.0175464635910036,-1.5474476557195949,-2.197969642518026
-2.754540301354813,-1.5229047057557112,1.0216817998888568,-1.554845280392628,-2.1962972374734386
-2.7051548204697116,-1.661977250613383,1.0159169461058515,-1.407555218714076,-2.171351444013215
-2.6863451705006827,-1.6823868871564087,1.0111068263217637,-1.3320085975968028,-2.1871235037476153
-2.6992900233630097,-1.582088533273189,1.0178260583495953,-1.4243401736801329,-2.187309262822137
-2.737201052248813,-1.5291103451931392,1.0277109890538032,-1.5040503090041026,-2.1765029316933666
-2.7163750139646736,-1.569485193732833,1.0170483636915937,-1.46710924445054,-2.1736627676466136
-2.6836487198089256,-1.6702844814626137,1.02329392054698,-1.3212613415873826,-2.164348153410017
-2.724263488103247,-1.5736358892694093,1.03151027117946,-1.4350110100648463,-2.176886952522545
-2.6807567989164762,-1.660421367696897,1.0358228747616416,-1.273005488444777,-2.1677907322621395
-2.7611204676995214,-1.5084806476560289,1.0282476973267152,-1.493294753322749,-2.1781186223656697
-2.6997210991636265,-1.6234593447271706,1.0157081323053379,-1.3454197705481863,-2.1735180962976997
-2.6480561191639866,-1.7267270806635489,1.0150618963138125,-1.1675206948076688,-2.156186847812955
-2.6652521144327954,-1.6518703054587482,1.0110014604284805,-1.2217837788311352,-2.148173872928591
-2.6803606524552968,-1.6264755288679469,1.01616883686673,-1.2598198338631794,-2.1594888676691486
-2.6872868309067997,-1.6123243704245547,1.0374790661223399,-1.3087539185256003,-2.1553980467527087
-2.6779354887798985,-1.6056783067604627,1.0307937250213928,-1.304114641391451,-2.1507954007010657
-2.7452167946323884,-1.4387070096896961,1.0366954142121334,-1.547816693775293,-2.1600795895710245
-2.7531205084954804,-1.5098179792680233,1.0219320958793643,-1.5326608547141811,-2.172913162220982
-2.76102310274472,-1.5587460521040686,1.0450586014433398,-1.509125138853362,-2.191329649652202
-2.7549919584102316,-1.6055050563012796,1.0608351504379416,-1.463769160752661,-2.2033213674324448
-2.6858639148927037,-1.729915992273361,1.0616302795588428,-1.262763674384334,-2.1987665553912823
-2.6984792964869437,-1.667888642271846,1.0723577836183942,-1.3065766697836065,-2.217659960883571
-2.653577769568217,-1.7089087962751233,1.0562641461129536,-1.1997463243058104,-2.1969452279524035
-2.6742643305903036,-1.607870369313788,1.0448205118039438,-1.2998100783628348,-2.1927763285130544
-2.6025721124343266,-1.7172273391398214,1.045515256010778,-1.1110039924625879,-2.166494029313383
-2.6723471695755023,-1.5049301266585382,1.065741148153656,-1.3795726987833996,-2.173017156136059
-2.6873580339489354,-1.5543900119747354,1.063069655383439,-1.3788133777865215,-2.1623335031301414
-2.754728024225188,-1.455869743119639,1.0787486068291454,-1.5643197416932313,-2.1838643708768517
-2.7797747604652585,-1.5136431257879273,1.044760095760346,-1.5391372782460286,-2.181223879804448
-2.706719259806308,-1.6887810609998763,1.0312748392487376,-1.3281454800874197,-2.1607998214194075
-2.743464548335412,-1.538840919509143,1.023762304305665,-1.4849580887215923,-2.17845335610646
-2.749360107425552,-1.5188570732572741,1.028559776277916,-1.5558572053590418,-2.166532006934121
-2.7865974917836986,-1.4761805693188057,1.0225741340482746,-1.659148994388147,-2.2002843232269846
-2.7887829971472042,-1.5414826109118394,1.0026343317629665,-1.580391488501006,-2.1875272277068123
-2.786318009903288,-1.5274351245571098,1.0102310800742627,-1.6177455775504281,-2.1955410473668713
-2.8186952880380773,-1.467602200148277,1.0037530068393663,-1.713754986324178,-2.2169664081913587
-2.823404059274033,-1.4895531395867323,0.9784400198656026,-1.7186498944569368,-2.2183025965481007
-2.8035186628109896,-1.5742129265225904,0.985923918367764,-1.601063098210353,-2.231796013682811
-2.7963170505853086,-1.5562552190178522,0.9879012485571682,-1.6289509195412393,-2.227409553554972
-2.8273700510174886,-1.5332529924931155,0.9927144245149058,-1.6456982029643519,-2.2168791398946954
-2.8622660870008296,-1.4364183752336535,0.959366790475546,-1.8028907614313043,-2.2313417154429676
-2.8254508453990685,-1.5527175185876643,0.9703833320522773,-1.6795809183088366,-2.2372909676588577
-2.8037114651908706,-1.601023251833571,0.9584049618860364,-1.569708850325738,-2.2139951810450875
-2.838990289971932,-1.5057267813968214,0.9814633465504533,-1.6687258285172806,-2.2199930909100227
-2.8173181232023703,-1.537501965134538,0.9816493436230049,-1.6247910283141156,-2.2070694549962884
-2.810256757961251,-1.480138141431515,0.9916998492742166,-1.6946640881625512,-2.190011245763281
-2.7915253162612657,-1.5363603352781867,1.0035119931520906,-1.6029213440297936,-2.1889587861555584
-2.7358592630582272,-1.6413205980493812,0.9960188489188648,-1.4672947295646646,-2.1740053550623863
-2.751102928644693,-1.5427239574932352,0.985705991317137,-1.536397519568565,-2.161335964077673
-2.672733793302415,-1.6999327329217535,0.9817816325687475,-1.3662619847081119,-2.1559136863668558
-2.642558945304115,-1.7467112783099557,0.9837835695640653,-1.2449692851890355,-2.136995030787289
-2.668568630351436,-1.6271952985665816,1.0068412757417688,-1.3407032677872062,-2.164309183715372
-2.697801170220173,-1.5746034264248285,1.0080983341277236,-1.462724546947849,-2.1617722206712013
-2.7785144408130154,-1.478141428403041,0.994487958469158,-1.6165293857616727,-2.1735148254510834
-2.7469092728439874,-1.5979799560578094,0.9734128571503083,-1.4861871595616094,-2.164555302402235
-2.687830025535816,-1.7090335517809168,0.9798649269390259,-1.2767271719003594,-2.150876590668652
-2.7550708576963165,-1.5327356863526242,0.9868586775525253,-1.484376812534233,-2.1699377114377465
-2.71616078638238,-1.6733296811752587,1.001532331111411,-1.3251708261183313,-2.1773035677668253
-2.67400577362336,-1.7620892571548779,1.007792373472578,-1.2074261167041047,-2.1875446501105014
-2.6606643574034394,-1.7484174423439027,1.0129849159717341,-1.1311937823510003,-2.194748129228254
-2.678213857397413,-1.6773338275544938,1.016465147623582,-1.1852783777461333,-2.1735997946318353
-2.735863486359392,-1.5315361545579258,1.0212314587689484,-1.3869941270226895,-2.170243711586982
-2.778422102387101,-1.4882678541815488,1.0223816188836172,-1.5153129390400848,-2.1885976827283202
-2.8220016847927156,-1.4693411116566364,1.0249257027372085,-1.5871750140514305,-2.2075511068013935
-2.7635676284297257,-1.6341528035631692,1.047057016077772,-1.431127409906311,-2.2131187950177313
-2.752512122620253,-1.6296110842731235,1.051690152265383,-1.3564701332343305,-2.1876146248531128
-2.7211087312351876,-1.6157011711058213,1.0518577905089364,-1.362375448043044,-2.1782953928172395
-2.6854855313365307,-1.7198421217333566,1.0325841366621982,-1.2096866564389297,-2.177777595861423
-2.661738081691645,-1.7306945693241182,1.0346706600150408,-1.1439999792537636,-2.195268237112722
-2.6501353683225086,-1.7351081455521078,1.0579011679677417,-1.0897746108986102,-2.1800150550043718
-2.626424560984907,-1.7651660842221841,1.0754774034498604,-0.9877953183771422,-2.1680520894224404
-2.658774111957752,-1.6450931155184263,1.0758726769431364,-1.0815581676369928,-2.1421314061208823
-2.6960381514167078,-1.5466283200845043,1.0785163988133082,-1.2573840435347727,-2.173800027614705
-2.6436582546708216,-1.6828191986959704,1.0674901653397484,-1.1093507337570088,-2.1688123939795956
-2.663179348302764,-1.6486815867083784,1.0834059278834636,-1.150735271221622,-2.178574176962755
-2.711284840889768,-1.5398165041866805,1.076071987093086,-1.3265645723483368,-2.180609218681163
-2.773674060054388,-1.4684987274571792,1.0622594612855056,-1.470320193488521,-2.18241722946908
-2.8055001104357484,-1.4335859283809094,1.0450444461307795,-1.6247634514516565,-2.1921282271608895
-2.802942947949772,-1.5173870823742936,1.0497578458562211,-1.5672868492650545,-2.172362106152826
-2.833946166067672,-1.4497294559191105,1.0486820136089157,-1.6878766159159062,-2.1916874701232847
-2.7741223831251416,-1.6021452444701416,1.0247449414809457,-1.5232469707093783,-2.168074833301179
-2.7316210225126207,-1.6368344370551937,1.0188476311873262,-1.422778657060866,-2.177919494472654
-2.6879760460339277,-1.7222654986181511,1.0240617862447141,-1.2639398892080436,-2.1889810740036943
-2.6759951168876275,-1.6694197871604846,1.0241523523183043,-1.2574498869947368,-2.1792697528579605
-2.6735606629365014,-1.6679072522222382,1.0155394969360119,-1.2477259539259793,-2.182768588761996
-2.6535675079821095,-1.7015214550152948,1.035329733264089,-1.1701697886272202,-2.172180887650306
-2.6837232611561026,-1.5721078018288275,1.033249842316738,-1.30492159372619,-2.1808044556492567
-2.678140693967369,-1.628071820321137,1.039299613691007,-1.2397782085765545,-2.1736370755083256
-2.665444618628743,-1.6679758393307083,1.0220341901501397,-1.177918894557155,-2.1687497212387803
-2.6173789383302477,-1.739008979150877,1.0379113723941968,-1.0539068313270386,-2.1596337830994035
-2.641064939534892,-1.701750296210814,1.035226954383994,-1.0945886378060226,-2.182752723121827
-2.635326171539034,-1.7213603423046178,1.0549102511327848,-1.0653419149902583,-2.1612779495950765
-2.654691173792744,-1.707499442762767,1.0444105391256588,-1.0684215728680173,-2.1583564248908527
-2.6169475469293646,-1.714482307265125,1.0554477323017277,-1.0065429950312548,-2.1438598064457173
-2.681718845076273,-1.613944123065594,1.0688502416885983,-1.17282230886004,-2.1906911000443556
-2.756493127918307,-1.4840455372609969,1.084561504185251,-1.4056407668777025,-2.190314287978413
-2.7715962778514847,-1.5323212512058348,1.089299705014934,-1.4232386746452341,-2.1969454108533464
-2.8090338966345696,-1.524891393063193,1.0690249872251545,-1.4823400717152402,-2.200728114301701
-2.850222353990113,-1.4498466167749786,1.0679472706856419,-1.6456629833292535,-2.204381665089569
-2.899046424486007,-1.3569184805441228,1.0581441717094153,-1.830994436226271,-2.2107810679290893
-2.897102535597307,-1.4279141042007069,1.0429935485684727,-1.8013839165335568,-2.207247658783085
-2.9245910978784035,-1.4006057959319276,1.0320061451946834,-1.9079719143643263,-2.21692050622432
-2.9294530609460026,-1.3779018307304556,1.023283220962131,-1.9820108007247486,-2.2117755431764747
-2.92838758701482,-1.3972009127643088,1.0116826562016918,-2.012748210331368,-2.22402511876265
-2.8907908070382082,-1.528650687708695,0.984056157881976,-1.8844876178297993,-2.24541614535093
-2.808086304450182,-1.693510577054122,0.9903881109274582,-1.6056320937217774,-2.236055507639843
-2.6935885002686644,-1.822272332383484,0.9567328442272105,-1.3404998126505878,-2.2069982380936453
-2.6726535786913095,-1.7241169959424774,0.959642235973117,-1.3227760832315898,-2.1979516476142176
-2.687987473094122,-1.6516004538404512,0.9814834356036982,-1.3048076046925488,-2.194007868774764
-2.6786195593071946,-1.6456981111803015,1.0165325997245964,-1.2905136403379585,-2.1898805670109605
-2.6721369594017936,-1.6081416428537407,1.0206437215043627,-1.3442797085691878,-2.191883855896955
-2.709374662500503,-1.569950072442088,1.013445227586346,-1.3870537264812814,-2.1768486706301973
-2.7555099640194043,-1.4727963205756411,1.0101736356277888,-1.545035696540904,-2.1909433583618783
-2.7010849870890445,-1.648811710598508,1.0159736807533324,-1.3639003101851133,-2.1895596868959895
-2.6845853877133816,-1.7028717092419137,1.0123490465053235,-1.2359517776972844,-2.175837198070876
-2.7242218656883512,-1.5758744362758401,1.00687819997966,-1.3957802788389326,-2.168627276851955
-2.7802202940526213,-1.4928652080803175,1.0062580996317387,-1.555052421415526,-2.1956831581970047
-2.847108915859234,-1.3865387709520325,1.000101732679106,-1.7242624634830228,-2.1931055401443658
-2.893973144517934,-1.363131737712511,1.0103823123861737,-1.844506668616869,-2.1884030452722487
-2.9553183449171723,-1.3463524415342323,0.9958879561140114,-1.940966577843804,-2.211268690916169
-2.8809159348303828,-1.524209310292198,0.9859377626719443,-1.7787553271936913,-2.2199812928261187
-2.8148452417748735,-1.5768316135764728,0.9955962596258655,-1.6628617122192002,-2.219371346946271
-2.7475324740522433,-1.6810738809704342,0.9728875331289979,-1.5270124198074324,-2.208372253706757
-2.7390382623723286,-1.5970676855965875,1.0029437264120704,-1.5432077756036462,-2.1738873580165023
-2.7850492486640057,-1.4543783127296426,1.0001180893193073,-1.7282964123220907,-2.173759012059494
-2.778886291400521,-1.5521780006235042,0.9921936192522782,-1.6037222437360086,-2.1690400157123157
-2.7532809450667757,-1.553047265759016,1.0022786025295347,-1.5852801104362675,-2.184633272278549
-2.734759144205481,-1.615350957132026,1.0088844015970209,-1.4781825769726291,-2.1932051534350037
-2.6797492178311715,-1.7069757262070608,0.9947437362465348,-1.3269508859036583,-2.179402352851224
-2.6261094923629997,-1.7346885767905849,0.9833308136435096,-1.199066103826979,-2.1595688807323796
-2.5789306935800043,-1.7790851024243322,0.9935680461571271,-1.0465141513095473,-2.1565817901584943
-2.64992052343946,-1.5444289019224449,1.0156287928434227,-1.2934301834623227,-2.144896158917805
-2.646088142737316,-1.584377564132003,1.0270176257209385,-1.2723670389165043,-2.1676342075095953
-2.716009286027445,-1.4568599579850114,1.031684401270213,-1.423935662471979,-2.1675208492618965
-2.752288116183057,-1.462785027390237,1.0247235198358624,-1.5277435817216212,-2.1851602453651933
-2.723923733489294,-1.6211689183909908,1.0136490807928789,-1.379007268016295,-2.1664685084870206
-2.6894738297535916,-1.7094844078612268,1.0121990177257134,-1.2451568396818917,-2.164949017856321
-2.7427130140776983,-1.5773866636676157,0.9916116092957079,-1.4088931896876937,-2.1691044848250014
-2.71410152949009,-1.6635683271929496,0.9856999572002506,-1.2945129906211965,-2.1573515908513645
-2.7605054663745854,-1.5060243660573203,0.9925116999617178,-1.4669236009666167,-2.181149465199302
-2.7154809145014465,-1.6485000479904353,1.016532801214505,-1.3401226817384946,-2.1769676188535745
-2.7646205712358443,-1.5693604007882593,1.0208123469876282,-1.4075486061472897,-2.186646734249695
-2.800361956619265,-1.4889026696556256,1.0304681830647802,-1.5472706959206448,-2.19005424057037
-2.7660876278718445,-1.6201919519411456,1.0185079863822548,-1.4094856559385183,-2.174684280511884
-2.723576386797213,-1.6763817081219439,1.0340914720767314,-1.2982815102159482,-2.191936592986957
-2.7890127206730275,-1.505287243491056,1.024743525404182,-1.54090725841081,-2.1866013094175716
-2.7441622179702296,-1.622584238042928,1.0296458250404124,-1.3968589585763265,-2.1743455219171732
-2.7146980840635315,-1.6376460892324454,1.0350312468751237,-1.3709976236712647,-2.176315065541596
-2.719037325240537,-1.6435843575589484,1.0545404826305724,-1.3643636070221783,-2.1766547748112925
-2.680692486185642,-1.7301844538192241,1.0571160936242028,-1.27051961854265,-2.181976513731666
-2.7181174350711768,-1.605138325699751,1.0616157100323098,-1.4145772190947137,-2.1832380000514036
-2.770450911847494,-1.51239745339183,1.0572920142591504,-1.5488240108991895,-2.1916481795152603
-2.7530302865866383,-1.6075558209966296,1.049065776966345,-1.4824399024110995,-2.2109409374495734
-2.8063436709369323,-1.5021309696238816,1.0308251098821835,-1.629521076645429,-2.2059872032505403
-2.739559545562348,-1.6498977681379492,1.0422320089119372,-1.48958901556475,-2.194711623919258
-2.6792616430465914,-1.7804545239063898,1.0455268131085302,-1.2473959998614887,-2.1973963016828915
-2.6885465219559515,-1.6782233141807394,1.0373821033442197,-1.2919978401055723,-2.1840503619803724
-2.751278205801999,-1.5043224811769194,1.0121605086094447,-1.5272286954285548,-2.1957120153573952
-2.6935376309951318,-1.677948405210516,1.0036234126036971,-1.3092034991868218,-2.1759451507969754
-2.6574088364257316,-1.7370207216456848,1.0066814517147613,-1.201270968486065,-2.1993904662404575
-2.6797330930132373,-1.6795455940048818,1.0054001588519887,-1.2118776794820938,-2.1806031977891425
-2.7243987770676052,-1.5620435919803903,1.03760867572293,-1.3886129459364984,-2.1859433857112567
-2.656221773955673,-1.7166161930534274,1.0198428491301634,-1.2227127805518725,-2.1648431555775023
-2.6599122585780335,-1.6855612643241908,1.0101090060992894,-1.2233876903524794,-2.1752912483219737
-2.7038359347128496,-1.5669594339586115,1.0284189056969693,-1.3685041933220925,-2.1757487736475896
-2.672192976210573,-1.6217937083095522,1.0080373776166707,-1.3042123530005678,-2.1578046564307978
-2.659779423598359,-1.7033657781462699,1.0232843868958126,-1.1937275966826435,-2.1633076123613346
-2.646520608680301,-1.7508965736228692,1.0194276852309199,-1.0825306567496191,-2.148588746857349
-2.6352323789641563,-1.7119014212516026,1.0190836506756658,-1.0879867394026426,-2.1468305148038143
-2.6551994522100797,-1.637774594885625,1.0189571444667598,-1.1467763543471376,-2.1547351198214444
-2.717186903428515,-1.5102744634251466,1.0154546898931063,-1.3360180556234424,-2.1534084633933257
-2.7686923264392087,-1.5089911420195385,1.000376807936349,-1.409673114383106,-2.16192243133373
-2.8003762162159784,-1.4910400223260625,1.0138027448088525,-1.523166503177602,-2.1981954957278362
-2.865167200273921,-1.4004813942579428,0.9987597138584642,-1.7080125978153509,-2.19745569273143
-2.832272201676013,-1.538854879284595,0.9846428677440711,-1.6302334570532537,-2.2044102310526665
-2.8101883081744417,-1.5986585341902897,0.9934660329972828,-1.5658372338616053,-2.200124144083349
-2.8380062923982696,-1.4883621028710348,1.006162350931315,-1.706327261548119,-2.198908836396772
-2.781697017983899,-1.616794935822659,0.9880111971674757,-1.5522211470406773,-2.203597217970259
-2.8086232210686037,-1.5488169203520092,0.9869480130462915,-1.6190406047117485,-2.207435326172104
-2.828430120151484,-1.5215753580113536,0.9802553753794294,-1.6854435247390622,-2.205804334326185
-2.7461272905206373,-1.6911181898046028,0.9955112654110844,-1.4417156856305275,-2.177455550828923
-2.729058023298512,-1.66510471424649,0.9905148423658133,-1.4230448168787833,-2.191101920638009
-2.6937497227344385,-1.7157534999204462,0.9862574254077171,-1.2832007478149718,-2.174292517979528
-2.643196739314209,-1.7401159337656638,0.9920433365765887,-1.1623288822636226,-2.16116898759576
-2.630914828457075,-1.6843565066490964,1.0171100410654728,-1.191363513357861,-2.1630761673566634
-2.623667167236229,-1.6755393105456462,1.0145382022790588,-1.1339811953203827,-2.154220966016583
-2.6630073411229067,-1.5465839069992,1.0410219324927417,-1.2982794336179082,-2.1652613934976843
-2.757222724287359,-1.449679657812429,1.0354149739957634,-1.5138541217594028,-2.1695069146644443
-2.8009631807571296,-1.4137079761251194,1.0254929832566342,-1.6521819447992727,-2.1898410863210325
-2.786070918374769,-1.5795604680857356,1.0305895690143767,-1.5198803695144858,-2.191354606209846
-2.727264019556158,-1.6411393609473734,1.0198087460321865,-1.4154484900429396,-2.173118669807291
-2.708360614271453,-1.6732953433038988,1.0084477459371786,-1.29193945166869,-2.1670662006613095
-2.656522418146822,-1.748911498870871,0.999139937010063,-1.1411669993613611,-2.1636498329023106
-2.7201309086935894,-1.5223747506541363,1.0264293781730673,-1.3895282185619502,-2.1629920296222798
-2.7132948403855353,-1.5797524159771148,1.017590511184183,-1.3531464963962379,-2.1789499346007277
-2.660206145298666,-1.6767360579944244,1.0294013747433153,-1.2483244831784663,-2.175196640802454
-2.721415706117397,-1.5489440632291804,1.0362744233429406,-1.4132295134351234,-2.169728310105051
-2.750695208791371,-1.601039389560737,1.0106856883363362,-1.3669101453073316,-2.188519264094122
-2.670401037192541,-1.7416156696315872,1.028078321839377,-1.1700663189241352,-2.1722129186267725
-2.6334166590411097,-1.780487344830656,1.0378129869471118,-1.0597648649043339,-2.1692771631674566
-2.6675235413178835,-1.6545023751455457,1.0340547590817304,-1.177382600967543,-2.151872729196809
-2.720940555650623,-1.5285697006076355,1.0324761115099708,-1.3450377807249934,-2.1520090672063854
-2.6834553129508896,-1.613246124236605,1.0275593384865267,-1.2255885903025951,-2.1519905339081875
-2.754561880186595,-1.4695592186093736,1.0305031434595688,-1.4319308812439293,-2.1469169276099347
-2.798480469114909,-1.4286376465187034,1.0382326769348738,-1.5965331377331102,-2.180267333713367
-2.8358054189382154,-1.3836914899394064,1.0362966636862507,-1.72424915423398,-2.198225921459388
-2.780528919713858,-1.5833801866963255,1.0423191384303245,-1.556958227856491,-2.1982318045303346
-2.7231377149064118,-1.7218596386977962,1.0212315540719161,-1.35167260835254,-2.1882612363621297
-2.7746101628162156,-1.5503574060871463,1.0110517408298247,-1.5217896234689645,-2.182938030991797
-2.7525274230868457,-1.633241173441925,1.0137750716298544,-1.4099484833799225,-2.1839625408630017
-2.743975565715161,-1.6008444443228491,1.0016515839569617,-1.4566375832983647,-2.196666684919542
-2.7858774759967533,-1.5421848228403638,1.0183015536336728,-1.5609445912731772,-2.2033096218639843
-2.6961996832630994,-1.6854099863277316,1.0083597071370665,-1.3816396018321477,-2.1910335832314316
-2.742409122295355,-1.5578612362131463,1.0139846892087754,-1.489174778763537,-2.1981833050036164
-2.791105371502607,-1.457859611032451,1.0105386732808657,-1.648763322663024,-2.2144185067707896
-2.825780104197553,-1.468938440841087,1.0122048505544585,-1.6907336515585731,-2.2213199972561264
-2.810138955142097,-1.5516718427778025,1.0118672677287144,-1.6279570870337619,-2.212468385045619
-2.8336381074404433,-1.4465480948978182,0.9953924732704045,-1.7480712987684024,-2.20303592701207
-2.832619278890045,-1.5092573394881683,0.998637191635668,-1.6997180964505496,-2.2097507151860323
-2.838478069335318,-1.4857105462082458,1.0069762704135894,-1.760282474586723,-2.2015494816477412
-2.8704806751430536,-1.4567191228904286,0.9919082563409093,-1.8274995719065832,-2.223189429440076
-2.888325272604649,-1.4689084275609743,1.0024039902002082,-1.8720537335576493,-2.210583966900117
-2.8286546996694635,-1.6016114132681558,0.989198297170851,-1.7016898577929125,-2.2114151625687217
-2.7480966815434065,-1.7268899785681258,0.9738185944078713,-1.4909954879690823,-2.1893770287959198
-2.692197708650068,-1.7457007636880337,0.994416061584734,-1.3602522679593796,-2.177262742083564
-2.6787303725468066,-1.6824399572132829,0.9765269338554351,-1.3582544380481367,-2.177208924305124
-2.6900736681546933,-1.636215637577916,0.9934964903004252,-1.3774203618470953,-2.1949746106534547
-2.69832040685496,-1.6000731261205712,1.0005457873984849,-1.426331689020071,-2.2078072608211405
-2.683990678909382,-1.6234843982727964,0.9957061031346738,-1.3677806307607818,-2.1892000443546222
-2.7236230742599123,-1.5235476301973558,1.0100612745047848,-1.4773855794164663,-2.182954085685993
-2.7812549823391657,-1.426201187940258,0.9929468903214068,-1.6378269291134109,-2.187226420048166
-2.74232721352511,-1.5735655369919592,0.9869454113820612,-1.4871944495176412,-2.1737265558072734
-2.779169012365998,-1.4942739312066815,1.003902654076293,-1.577761490476947,-2.195137817848801
-2.7955442791699716,-1.4775832660359076,0.9942795895493298,-1.641672192925551,-2.194016820914854
-2.782845238322994,-1.5449439204265514,0.9824210421256262,-1.6166022918558882,-2.1982054257422443
-2.72934732985488,-1.6661258104520844,0.998085692219983,-1.450129238805174,-2.208278155632933
-2.747324350369065,-1.549799258248468,0.9960788711495332,-1.5647355729819208,-2.1921832507269228
-2.789701857100445,-1.4258027646993736,0.9792277366530541,-1.7192146163574988,-2.181253813329133
-2.8252664302580306,-1.4291980422523933,0.9765063215933049,-1.7822313022128156,-2.1700159187676
-2.8662745241680563,-1.3928459858320656,0.9675822070506335,-1.8717149831830333,-2.1959141551734773
-2.9023771135254224,-1.3402795594997474,0.9794852737144611,-1.9961686590852605,-2.2117390591792767
-2.8582432311784745,-1.491491012988356,0.9831921551287659,-1.8448032556562322,-2.2152811542054898
-2.8396494629767894,-1.5159140775552278,0.9775878405107892,-1.8279557400563855,-2.222336880404469
-2.8185555891343035,-1.5617429905713929,0.977577849640791,-1.7280222278809212,-2.229824966107634
-2.8465940816604247,-1.4546788958347714,0.9664122632460742,-1.8653965240109245,-2.224652015689724
-2.7722699063781926,-1.6563650495799584,0.9846400240480215,-1.6255247741984624,-2.2128206591180244
-2.7256847180849464,-1.6532246866955542,0.9748133346957659,-1.5365630607452798,-2.195013049766235
-2.7761542468514415,-1.502288314029126,0.9767749137624593,-1.657250104952379,-2.1811976027723152
-2.7268751178369457,-1.5892414550870524,0.9731999444159061,-1.5324356968408963,-2.1826246879769995
-2.752945223203297,-1.490344242154961,0.9585253134735621,-1.6198559488087823,-2.187171783315432
-2.716138248449138,-1.5750459041595695,0.9735052392149589,-1.5171902766581267,-2.1840827253299717
-2.75841201058188,-1.4362536923992515,0.9813962543576606,-1.7061067616474856,-2.177067085113025
-2.7959943710786668,-1.3972222198170237,0.9852238731595458,-1.8229682805787417,-2.1893567029846253
-2.780421063421249,-1.5448477427888254,0.9945179730370209,-1.6639755624069699,-2.18872721611764
-2.7898779670408334,-1.4827093357378662,0.9785129231104505,-1.7410022716623617,-2.1871958968954175
-2.7614522092592555,-1.590651805613004,0.9832220698303603,-1.613399508140191,-2.204512020472618
-2.7645238680211763,-1.570307269126395,0.9605615880242621,-1.6435729122282652,-2.1986736631284884
-2.76694922062624,-1.5283286908872733,0.9649556094420961,-1.68178078732289,-2.2008812730951828
-2.7983125405975597,-1.470695584044139,0.991356468884526,-1.7734816617781097,-2.1916560522851065
-2.6997860041615866,-1.6602773100804176,0.9656781544373624,-1.5122477837163817,-2.171786890694363
-2.6483863840747652,-1.7268105606130348,0.9778651597798017,-1.3599672758679686,-2.148056389605474
-2.686146341103893,-1.6082948672414061,0.9999161354796174,-1.4355220425441466,-2.1510058173298634
-2.702104464010418,-1.5958851564400636,0.9864983047523356,-1.4677546388068148,-2.164504075349259
-2.7222020459205454,-1.5886441638979742,0.9977682409517417,-1.459916351007601,-2.176922105581892
-2.658187168398777,-1.7172622470355023,0.9787973486296179,-1.27736222649021,-2.155584669583324
-2.644092498862496,-1.7003726583200447,0.9986140525857904,-1.2190810457584578,-2.1491303905817816
-2.715023483351268,-1.5287456709858245,1.026534576569814,-1.4059045755521842,-2.148313299677875
-2.6575907263518563,-1.6777819448794526,1.0308183047977852,-1.1975637662089336,-2.147626283785679
-2.6528800133838626,-1.6667882135523464,1.0427160087254776,-1.192381987289818,-2.165266898814232
-2.7331686322939297,-1.491618184120548,1.0503409877059842,-1.4321253573299422,-2.180186266626625
-2.6683823988158344,-1.6758291582456064,1.034108569135288,-1.2509199246308744,-2.1512125857421194
-2.7059153842434647,-1.5569327307127538,1.045679437495709,-1.395293950918014,-2.1511148355390293
-2.7024786758004637,-1.6459629934242965,1.0490570330626954,-1.3060247657115645,-2.156139077190781
-2.758382805307673,-1.5192795576073768,1.0314295221934464,-1.4697492739428084,-2.155696826753431
-2.791769085632886,-1.4804802813585332,1.0342954644589217,-1.5901028997496252,-2.1603608694389567
-2.838952844429448,-1.4101432569597994,1.0216728355297149,-1.7180218703854495,-2.170405966949041
-2.7934446902706287,-1.5861566433093577,1.0145534620021415,-1.5484285066779324,-2.1723694588384013
-2.7720236524768223,-1.5935131868386783,1.0219121987305673,-1.529092441680291,-2.183369658300605
-2.8011426979064766,-1.4951364366887776,1.003824046939512,-1.6047070422089404,-2.1828219427464544
-2.7604587704634174,-1.6334721097366387,1.0058311406997384,-1.4617167787869447,-2.1724185316033124
-2.695303099199915,-1.6946144085841004,1.033304215486855,-1.3579155871324597,-2.1502616313306007
-2.6176702014272597,-1.7929962139058306,1.0376202379886625,-1.1536350214441635,-2.1504134790718523
-2.712831661648981,-1.5481936201573114,1.037532998311214,-1.3819993669941764,-2.1491089401874683
-2.7350394671441287,-1.509158504140277,1.0430355717204722,-1.4723319583472299,-2.1573671200003934
-2.7663816062740976,-1.4937257033556752,1.0341964328166242,-1.5329569028130619,-2.185002468545275
-2.8058324566148856,-1.455424714566872,1.018160113555213,-1.6220858805460943,-2.2028331933495653
-2.8048707078119928,-1.5038607788170482,1.0180538436459918,-1.5859158289119892,-2.191347648522618
-2.803650462772163,-1.5320791433709096,1.0176095461652972,-1.5583743433862245,-2.2117463973830516
-2.797757039053994,-1.577687255413231,1.0295050472870366,-1.5082803635289097,-2.219323865891462
-2.787002576350886,-1.5638767731295349,1.037597484868991,-1.5571720277919763,-2.2298575732625263
-2.742144144852724,-1.6688943042234918,0.9970314519103519,-1.3978714623307813,-2.22246198751693
-2.789512435409323,-1.5022757765669983,1.0341873477097456,-1.5554110417719114,-2.221758007493588
-2.8081095468008903,-1.4278373149148886,1.0119884155604848,-1.6614167546975334,-2.2181325594901518
-2.8011394797444615,-1.537291364598129,1.0337413398423867,-1.5638696438146809,-2.2126664569561334
-2.784730581565187,-1.5443774039863796,1.0348390442549187,-1.5822581480280324,-2.221365813986442
-2.7291781276904863,-1.6476604505476926,1.0267275888449932,-1.3940822631447929,-2.176198244445552
-2.7962670164585948,-1.482543611026951,1.0260731646538872,-1.6030973452115551,-2.192963537557836
-2.8438552902470833,-1.4114115903802222,1.0319794767465829,-1.75214726405031,-2.2062334454152612
-2.877395888037964,-1.3835950200329081,1.0159961743593995,-1.871338218502556,-2.2067053467812223
-2.839853584790385,-1.5357397447228565,1.0166293394365817,-1.717507140367719,-2.205320562359932
-2.766970608218241,-1.6544156860368002,1.002678401443435,-1.524805974388247,-2.2056792970145214
-2.705535566639712,-1.719259035896335,0.9917060336509191,-1.359860593302181,-2.204732442421442
-2.6457157962604727,-1.7762786134677069,0.9853726640346884,-1.1560387224805502,-2.1731206527360425
-2.602906283957628,-1.808880229045734,1.0086548191883724,-1.0114241711492897,-2.1569303041386587
-2.531711839208304,-1.841619654377431,1.008503488075502,-0.8808991710001038,-2.154340694194449
-2.632527650915505,-1.5768055320910725,1.0138568899151428,-1.1935135976870073,-2.1573737805427045
-2.6064541780240815,-1.701423044140732,1.0166997757271314,-1.0502822668929435,-2.130310860338195
-2.56496006994832,-1.759765039871986,1.0377336908832415,-0.9624410254108315,-2.1128205627802394
-2.642000783514498,-1.5666940035710588,1.058092444949273,-1.1879999691105354,-2.1320871567839212
-2.6894537760175816,-1.53353938489269,1.0472190370659429,-1.2769817784083788,-2.1406170472208705
-2.7546075435943456,-1.4744112582269053,1.0272232620688522,-1.4342787182613532,-2.1660337942355423
-2.798014988317949,-1.4850224905665563,1.0326688218334024,-1.4992803943309947,-2.1893888025215555
-2.855602598707791,-1.399482547838501,1.039332557068659,-1.6533703796857748,-2.2173450930599676
-2.882703977833058,-1.4531318208345347,1.048348031002826,-1.6671357002058675,-2.223733191481331
-2.86454529170428,-1.5014358973593545,1.0229000847695489,-1.6162939733579995,-2.2344189086838604
-2.860423784106405,-1.4826426577887244,1.0025530068443909,-1.6651907259327143,-2.2092031129752963
-2.832100546887766,-1.5417525501704414,1.0021839611768608,-1.6024743632788714,-2.1953433564062563
-2.7730835188973075,-1.6281881719456857,1.0067205405478141,-1.4928571175499934,-2.1969862596607106
-2.7387455686541937,-1.6262591297712814,1.000622779290686,-1.4762157063345778,-2.185777097718718
-2.6847222321147455,-1.7040978694294684,1.0061216594063416,-1.3049288787577487,-2.1880687420893654
-2.717403262441397,-1.5640807913636254,1.012076294295913,-1.4415698993067447,-2.1708056120544477
-2.683668333434034,-1.6651072127519853,1.017965926340583,-1.3289550259509024,-2.168001159054598
-2.6170050468841124,-1.7085982227008722,1.0356558588738198,-1.2045795818524934,-2.1531462374183565
-2.6122842017222028,-1.7254911089557186,1.04407534595329,-1.132884089415026,-2.156172035936254
-2.6604939810441195,-1.5478158907827986,1.071116316635995,-1.3296826554206072,-2.152856908416847
-2.6489451111888176,-1.608703683451862,1.0597928470877807,-1.2864077527163766,-2.1677987792850146
-2.7049307452358664,-1.5669046339055064,1.0582715411147694,-1.3881161085388682,-2.1783177567264347
-2.7447340779454135,-1.4689998834252571,1.0513683059702155,-1.5715682269137028,-2.156477491451221
-2.697184402955109,-1.6534991889183233,1.0301102308370136,-1.3600798469832618,-2.168292571145538
-2.7346294312865216,-1.526601981019436,1.0179647591799261,-1.4769775459902528,-2.159449574389898
-2.7157008948196895,-1.6056836839028932,1.0064021127955602,-1.3879547778447807,-2.173245138244254
-2.6965263919926863,-1.6967344592370308,1.0285390714420397,-1.2804318692183616,-2.1806536221469957
-2.7281274678216447,-1.5945244270550887,1.0392684502203053,-1.3781915379454142,-2.19014556284971
-2.7910916064194358,-1.459806122687803,1.0313350101909302,-1.5585986285962203,-2.198366502739724
-2.75203417456909,-1.5692889102583738,1.0146714433773447,-1.446751362125864,-2.209932481353721
-2.754750704865162,-1.5670884990556444,1.0145315228095715,-1.4684620845634802,-2.2106239604428497
-2.718053429575088,-1.6445623648888419,1.0201245107858445,-1.3719620902676164,-2.181991975353619
-2.7404021069124216,-1.5987789803268775,1.0178291620791586,-1.4006949745721406,-2.194474003505019
-2.73693562785867,-1.5554035127503205,1.0209637681402,-1.4540382321046081,-2.1962201567383848
-2.7588745294952455,-1.5387898376619047,1.0368355366310487,-1.4928852121504477,-2.2001016289534503
-2.775644078359784,-1.51489118373345,1.022045518915376,-1.5490005501373671,-2.197187248705814
-2.7153413946405065,-1.653993729141359,1.024354670112035,-1.3636805110947425,-2.192376562213617
-2.7411558411064045,-1.5760053457074874,1.028855118110667,-1.4547490569270523,-2.190426201713773
-2.7437232816961066,-1.5207081244404081,1.0257069500144138,-1.5448780328438847,-2.1730964627907734
-2.7548933789428705,-1.507353598052222,1.025954879295853,-1.6031443489801693,-2.187281605021625
-2.7019154179934772,-1.6699327655797405,1.0473171057125041,-1.3848880440428106,-2.1792360352340054
-2.673639007696287,-1.663098501894378,1.0329399735697302,-1.360022439435768,-2.1720417001988435
-2.67243303459727,-1.6378508851845837,1.0349410935234016,-1.322444854339291,-2.15492028244557
-2.6201707564046406,-1.7404254949137017,1.0324897068431025,-1.1558377599647776,-2.1326298182913974
-2.6099171072059892,-1.7683737409134408,1.0338275140121398,-1.0807454957294924,-2.145286851478401
-2.6250577526481798,-1.7049533219404045,1.0265218874880968,-1.0944200243932478,-2.140518141911312
-2.6930254861975675,-1.5848114830974813,1.0398266792043314,-1.2619800596715793,-2.1590744588475754
-2.684663851508272,-1.6623695945137549,1.03592605079815,-1.1784365466466484,-2.1634757217342186
-2.7616135959518675,-1.5371175794010785,1.0485819184535274,-1.3856063241838759,-2.1744476626800893
-2.7674241078258635,-1.5372174343311036,1.0515264768686239,-1.4066470078766304,-2.1741428890937073
-2.8153567808612756,-1.4874605231102782,1.0393215811443235,-1.5241131517822808,-2.180704166588901
-2.790893213182582,-1.5537396240278,1.0345481993185115,-1.500144927149166,-2.202698862263397
-2.7687770190506105,-1.5679028584557546,1.0135146802581252,-1.4932964385978738,-2.1968152876326252
-2.788512610154027,-1.5470291670139984,1.0262561571068562,-1.5145334653884372,-2.20497916596889
-2.81928145742551,-1.4366682207614252,1.0127552694714548,-1.6877058341518123,-2.2054632243684464
-2.818358237320693,-1.505024042215972,0.9943803456599327,-1.65456268340343,-2.194667036096271
-2.795543365361339,-1.5440903028000668,1.0016306728205795,-1.611834807004928,-2.1890325262514048
-2.794536854435614,-1.5337162518341338,0.9946059925893397,-1.6337931270911472,-2.19191536717228
-2.812565775834351,-1.492407614606238,1.011547213227292,-1.667017266655565,-2.1910306969547486
-2.7332579028415522,-1.6696283815396182,0.9925939357093514,-1.4395131950771436,-2.1857796553694633
-2.729344725586279,-1.6382761610902101,0.994590591027159,-1.4198722641998958,-2.1592447860973083
-2.7258840501107846,-1.6080378537745321,0.966327032487023,-1.4010599200636882,-2.173028513895421
-2.787396115423488,-1.484392511162756,0.9911476070133682,-1.5739944984632577,-2.1694453444113253
-2.7959330629594086,-1.515982506171054,1.0016301090381272,-1.551869675489941,-2.1926802760748365
-2.7760329294465245,-1.5483028539463808,1.0064155328726525,-1.5019253825260421,-2.214823426363585
-2.83016904805372,-1.4333865901960632,1.0020330094916483,-1.6959665821615175,-2.194223333228206
-2.829990164812506,-1.510075825129576,0.9753655836223017,-1.6209727799932672,-2.2161188862539363
-2.7651009487649274,-1.6384434679135624,0.9865262327127202,-1.442725266797104,-2.203452036293114
-2.716128001032368,-1.6877898125497075,0.975518058548502,-1.3220000553470714,-2.2000912370165207
-2.6643911220328422,-1.752053816290778,0.9735195480654552,-1.1237152716167473,-2.178789950575973
-2.592925489061175,-1.812154101447694,0.9870428743574425,-0.9344439194533787,-2.1596085575016377
-2.600824471273418,-1.7084101844788981,0.9877989101234421,-0.9808918809696331,-2.1577080041101517
-2.6649532922519303,-1.5440980007648617,0.9963394188573989,-1.1839418443342673,-2.15903060932464
-2.713405656071917,-1.4808523995130942,1.0134665585477491,-1.332143379857125,-2.164896070748898
-2.6700044316793416,-1.6482304667403609,1.0107407902583927,-1.1507383431128857,-2.1501053083258994
-2.7015984562444095,-1.602221185163377,1.0183400944450542,-1.2482917330157999,-2.159739719652152
-2.657394630205784,-1.6924476833433213,1.0133503092946452,-1.129449587329274,-2.155801567885179
-2.7487446882799818,-1.5086307633948763,1.0133926960473585,-1.3564125404989464,-2.162957298940651
-2.719998483383096,-1.6255748923965077,1.023790926122204,-1.2244868256190982,-2.152190657874923
-2.7482694230029265,-1.58675349629405,1.0027456089460853,-1.3348957525074658,-2.178876638551083
-2.7129206496940066,-1.6446296952554045,1.0100981513897864,-1.2713108200186167,-2.1729417708553687
-2.7351682879813275,-1.5696741037836202,1.0192706864943748,-1.3270653297605395,-2.1759988279851976
-2.730448557859971,-1.5906624186920924,1.0206884729446095,-1.313154545285011,-2.185381438437829
-2.7624893812027103,-1.5211362629170146,1.0451766947848737,-1.4251814516971657,-2.1932810538317895
-2.724831874349594,-1.6439439931153572,1.0229129786412308,-1.332516278445928,-2.174818890743803
-2.7755708255796203,-1.5149760174101596,1.0352431070248576,-1.5178716971874966,-2.2080959339613577
-2.7825172355314245,-1.5529773691794921,1.041546642918265,-1.4916931755639502,-2.217261928675647
-2.8100029218986577,-1.4886698753732048,1.035214922014909,-1.5925575542237769,-2.2166227500121076
-2.8455948852193003,-1.4387142868311296,1.0279477861244248,-1.7239778033459963,-2.2038330475627785
-2.902092738509334,-1.3787967820998863,1.0200680193028764,-1.8775664792115931,-2.209042372436178
-2.8313373075627815,-1.5626826650470513,1.0120829260425386,-1.6994666268917453,-2.199241226789424
-2.780644688020809,-1.6481996558192602,1.029327063140073,-1.542318544145333,-2.207452113087453
-2.7173973569390557,-1.7037522819942308,1.0109730517619409,-1.3985779379656245,-2.2087975434063165
-2.6545482182748334,-1.7563171756728178,1.0122488760036752,-1.3096292149428141,-2.201425081359384
-2.6791248682680733,-1.6517988955224878,1.0217131404689195,-1.35197823917237,-2.194814320557942
-2.7499973482506106,-1.461324779956781,1.0272073107796045,-1.5803450552502618,-2.2109172376222985
-2.819716984359829,-1.39247846256229,1.0219168013472681,-1.764356875080159,-2.2305367692186975
-2.809029938279489,-1.4692651109883306,1.0112262650291064,-1.7202198785310463,-2.2261737779313195
-2.811826780284928,-1.4958111228817532,1.0152891698377562,-1.7499456253393604,-2.2383825600151153
-2.8675836778932546,-1.433148487040281,1.0222783930856427,-1.8218545494677718,-2.2340826609779585
-2.8937990364089963,-1.3765633801299797,1.0163155317188408,-1.926198186403498,-2.2306591294099376
-2.817248854657817,-1.5823284096436079,1.0191557477460156,-1.7266845235990633,-2.22111895786681
-2.78922332637264,-1.581041417445925,1.0091985037664686,-1.663947411895768,-2.2069621353086237
-2.8192454951326695,-1.4735268187440493,1.012393675357641,-1.7574289970400352,-2.199123731096417
-2.7720476657316304,-1.5654531673954406,1.0084596371266847,-1.6185568136116282,-2.1955299690412127
-2.7628342080168324,-1.5851569916160597,1.0147403451442036,-1.5533714836836185,-2.199958535184503
-2.8009500173120125,-1.4477296994810482,1.0053025298410074,-1.6960278614354236,-2.197189220799969
-2.835237106187011,-1.3496396726464743,0.9871053088827116,-1.8816151566603112,-2.1803132618499528
-2.8525909507705838,-1.332669660059903,0.978688723828977,-1.972970920347279,-2.175085453497502
-2.881687347049864,-1.3617987820059303,0.9905867068897425,-2.004054734779512,-2.208558443297346
-2.8312557142901644,-1.5521653511489524,0.9717224401107661,-1.7994379044444995,-2.222434507967378
-2.782360759597007,-1.6504877602130392,0.9842558923829406,-1.6348674281302813,-2.217735454134724
-2.775621501808172,-1.6233127518661106,0.9732420692224217,-1.616500577135807,-2.2094552762442854
-2.7494264686486143,-1.5980821171358692,0.9663875429271923,-1.5869008318177553,-2.1896120983862297
-2.7172563116593573,-1.6098044161512117,0.9730151447750198,-1.5662370570035047,-2.1905344482340507
-2.7345164564890068,-1.5897430723859143,0.9697704114221586,-1.6042052598981933,-2.187460646571047
-2.7213981056775474,-1.6112358535142781,0.974426434212216,-1.5370248824438613,-2.1840297349723836
-2.7553053546103423,-1.5109416160026945,0.9832156148166673,-1.6161372803172527,-2.1959397780506187
-2.7322277030707496,-1.592143724472909,0.9791030686085218,-1.5101223883594705,-2.187228700387216
-2.69842671900145,-1.637490511574285,0.991546462753114,-1.4137875767513193,-2.1739753371057904
-2.6567612455774046,-1.7320513426502906,0.981749513455787,-1.2373569396694946,-2.1624473253568683
-2.6206562027577553,-1.7522095678191418,0.9912473967322665,-1.1280451695652707,-2.167286855530729
-2.6779290632052284,-1.5777773651845886,0.9958065218569087,-1.3184533739237823,-2.1721359619312017
-2.6877655726978853,-1.5886514606076862,1.0077724743870444,-1.3338029244965517,-2.17740434792431
-2.649475819830795,-1.6619593975655753,0.9947255301167475,-1.229599441162346,-2.1565050599785867
-2.7088881368917876,-1.573188985098949,1.002285224857368,-1.3727537168397437,-2.1756964858311547
-2.7311278300538215,-1.572438911472768,1.0120684375904425,-1.3995102263915844,-2.1780707540397377
-2.6727363140713427,-1.7236900262631105,1.0117427814166846,-1.1950384905714244,-2.1627179112105375
-2.6570460281438044,-1.7155955396813563,1.0077987909930815,-1.1512678442892172,-2.1647464472664186
-2.625379521136633,-1.7530136172198956,0.9957882003940448,-1.054939495354407,-2.1629155834754563
-2.6676242180786116,-1.6424324872751404,1.0201839491859304,-1.178350339835168,-2.170259379410658
-2.655272640603776,-1.6971233339172425,1.0242089062475945,-1.1168034128129927,-2.1853145234129507
-2.6134049493054126,-1.7937025904992316,1.0181315903339367,-0.9974830530987333,-2.154115532077854
-2.566890197740992,-1.8345570641978208,1.0260920543677474,-0.875022763966199,-2.1540332083247353
-2.604667274536866,-1.7018845842666759,1.0337564516501134,-1.0060481648849673,-2.150852962472076
-2.5608975360783117,-1.7924376576914205,1.0461827040011344,-0.8815499613643927,-2.13464846862962
-2.6427870265911975,-1.5922293330685735,1.0627504204976237,-1.1508582420333768,-2.1667482227962984
-2.612952776969385,-1.686438813129882,1.0616733217292085,-1.0754327563936292,-2.1596612911740287
-2.658111773548421,-1.619292814625328,1.074762407729737,-1.1735202489003247,-2.163891052956625
-2.6819854603983746,-1.6060686223074916,1.0634147811544232,-1.2030637345081647,-2.186335283390705
-2.6957731878275846,-1.6140701714908474,1.0685581116418674,-1.2248755662456816,-2.19780983294784
-2.6439886762481013,-1.717752020284644,1.0635875206123837,-1.0676534067100987,-2.16264575513942
-2.7003323392847536,-1.568302237027624,1.053736210677284,-1.2672369406288928,-2.1761534289404274
-2.7569674741005366,-1.454254421492686,1.057591841299544,-1.4899787760927106,-2.1910204179340607
-2.6919771579312073,-1.6634569842309026,1.0604141461100234,-1.285182514058605,-2.1606116531097666
-2.661277771576863,-1.7498577498391823,1.0304771827823904,-1.163601661091117,-2.1581134964013384
-2.720819027495879,-1.5483076644945364,1.0443797102214616,-1.3772951115951295,-2.164094452461229
-2.731249251827438,-1.5437262477283025,1.0497532519068444,-1.4288035842713567,-2.168508219734356
-2.690431787055131,-1.6683637718430422,1.0591137455185693,-1.2636896570755083,-2.168915516856351
-2.6676191106559783,-1.7322644664570728,1.045707536069012,-1.1619276095623767,-2.1693190187326623
-2.6986392491545343,-1.6329158975132472,1.050871590209221,-1.2571881564144405,-2.1864542204572546
-2.741896446094323,-1.5656747774211661,1.056198088006852,-1.3917182698520307,-2.1786726155425247
-2.76678897436653,-1.5562871979086184,1.0538772891173893,-1.4475365850003337,-2.1983157123470347
-2.850350615683337,-1.4383603044464934,1.0396689963821306,-1.6475332463056065,-2.211909614567911
-2.8408935342502617,-1.5056516297947289,1.038027028236067,-1.6110910980175601,-2.215074167485777
-2.7886447193864243,-1.6063124125411692,1.019267560936969,-1.4883685273505,-2.2215095083414584
-2.7780424902436285,-1.6152020157179536,0.9994051074451543,-1.470736592523277,-2.196561935971207
-2.748374341217283,-1.665582740087703,0.9862396069263782,-1.4104624847765388,-2.2027988593033365
-2.702423827887402,-1.7042889016422682,1.007421724220654,-1.2666302252119213,-2.1689272494540495
-2.6384878943601153,-1.7842068228825896,1.0064987212307217,-1.1059771870498907,-2.156216655587895
-2.6189689205794773,-1.7459287915081885,1.0012205154448734,-1.0571120714933564,-2.147717056084402
-2.669393641583153,-1.579306979814039,1.0240688863374992,-1.2174464522413586,-2.150150630158659
-2.607540421634038,-1.722938890958744,1.0280747962524952,-1.0390656674163161,-2.1412863445573316
-2.6193384838491625,-1.6526284919064758,1.0227671533649048,-1.0771690513193053,-2.1167246010403438
-2.663354681097525,-1.5656335552809797,1.0516751395234614,-1.2015815151679883,-2.136799287029879
-2.6986097719721576,-1.5319441055233902,1.0441637357534002,-1.2979254766572337,-2.1551232554341366
-2.7307688802092414,-1.4535912658247307,1.038575464249677,-1.4341036662910278,-2.1584931775836766
-2.800026717580389,-1.4169041500612882,1.0454625945731295,-1.5678474909679636,-2.16030124835907
-2.8298647808405475,-1.436834640359486,1.041605659932206,-1.6189470964316481,-2.1819933094214456
-2.7761272548369305,-1.6291405772532572,1.0224866095818326,-1.4042303613340121,-2.1842459018682328
-2.751538271486252,-1.6254062316785831,1.0436605377878316,-1.3959978250545286,-2.1810420099747527
-2.7709293993325366,-1.5926190467066965,1.053577959828222,-1.4309602688448269,-2.1918500672442187
-2.721294194050363,-1.6650922527814818,1.040706888360813,-1.31259987319926,-2.176396413525677
-2.658987964740022,-1.7773904250781203,1.0432488970559612,-1.1366402132899325,-2.1715858909051025
-2.6181815311539185,-1.7754351617675344,1.038820832569723,-1.0484772800562874,-2.1620462036528147
-2.6289619198485124,-1.704160304717397,1.0422657043915229,-1.0916249894272507,-2.157353695687353
-2.6232569192905544,-1.6765807610026346,1.0502833337216235,-1.119590541752984,-2.168822249810262
-2.601338651498194,-1.7164894653825793,1.0563667681064497,-1.0465751814221664,-2.159800219866022
-2.6791380504451836,-1.5525216952142205,1.0749624619250855,-1.2516957997611324,-2.1711007758668894
-2.7414396695476246,-1.4358291877752467,1.070107589399551,-1.492144983996637,-2.1730079128731004
-2.717881035893677,-1.5963886567349193,1.077459755129555,-1.3724925217057644,-2.1843616342141594
-2.7901307420323107,-1.4851545997389233,1.0673556947862544,-1.559229300120127,-2.1953832930795945
-2.7106699019719525,-1.7001104559993767,1.0622411957917253,-1.342976484578,-2.1752067427358615
-2.7837313323654387,-1.5376455388236334,1.0507897072814993,-1.5432920961434728,-2.1923754292213213
-2.836731882825181,-1.4122029578895345,1.0522316740624007,-1.7123779625139968,-2.2045906981274332
-2.7408464224528455,-1.6139356650517507,1.052934215642469,-1.437768149457992,-2.202370678885285
-2.755041300100257,-1.520163895794758,1.036242618016839,-1.5516539987378217,-2.196168519657924
-2.803892843618828,-1.392848395009954,1.0335718569005663,-1.7244846422795372,-2.1881375810310444
-2.841073340845361,-1.3634113441889697,1.0160256226981894,-1.8484455768287635,-2.1984879257359653
-2.888904794226064,-1.3277856287364702,1.0106346997456106,-1.9767989112751916,-2.216762275379025
-2.892281120680869,-1.4528465205552914,1.0081996559784052,-1.926808543674353,-2.2165503063617185
-2.787216109817211,-1.6563846218102256,0.9946045005372723,-1.6452649282229739,-2.233524573923219
-2.7979112136890527,-1.5205252242749083,0.9848522269011837,-1.7408653771027645,-2.2168730891419814
-2.7954857139503573,-1.5349735399224391,0.9649345454601486,-1.7326133329961964,-2.222622275131276
-2.8009125658146603,-1.5235219582404178,0.966281321379699,-1.7255323934260995,-2.1989115426319845
-2.761880216167161,-1.5851485502969642,0.9614476396219586,-1.6066533794686766,-2.185829355308435
-2.732894444381281,-1.5724531114672424,0.9604579190442414,-1.6065176613582164,-2.185692784243354
-2.688712022030565,-1.6799601846920844,0.9561944131849779,-1.4316318886177797,-2.186218985061243
-2.7076223082271187,-1.538515835337356,0.9844402887913936,-1.5040982718123581,-2.172026202038719
-2.6481396462645015,-1.6768351268003234,0.9908187958331128,-1.3089696749254771,-2.169152506652608
-2.6863144378931296,-1.562606110650861,0.9913860258423376,-1.4210712547919244,-2.173183319209203
-2.7551859823851395,-1.4674292867171534,1.0126953904850815,-1.5815866119881048,-2.180558689224761
-2.752173430783729,-1.5226294445697344,1.0182962656970183,-1.5447438753154676,-2.1935465304044994
-2.7518931898699277,-1.54276282603009,1.016957349171309,-1.5506750392659556,-2.1839158045573366
-2.713344346406282,-1.6308789317534638,1.0021959107654557,-1.4526801420217152,-2.1805689296951796
-2.7911208236440705,-1.4755423642490102,1.0042951434557452,-1.63433539914309,-2.176137839766508
-2.794944102120087,-1.4713562716753972,1.0140588366107357,-1.6923336937225888,-2.180200013095841
-2.7644385394487827,-1.5798199928549912,0.9909599653435911,-1.59259604602866,-2.200618089367702
-2.728390427795562,-1.6767087238268736,1.005118144014534,-1.410177597842102,-2.2044175038522744
-2.6762678811103924,-1.7238903626164683,1.0250894950207374,-1.2752893378127033,-2.201056359812693
-2.6776952642834613,-1.6914460450217996,1.0152665624498372,-1.2691888096267374,-2.19110790127006
-2.7186382785845518,-1.511745197322811,1.0240881883278505,-1.4695925964834498,-2.1871898401790006
-2.766055265126321,-1.4777560664291316,1.0025466648541392,-1.5786881439908773,-2.1805664949804417
-2.7329321894899206,-1.606553769613266,1.0100795827974929,-1.4345693013326253,-2.18513184030874
-2.783977441207939,-1.5044314055875632,1.00535048126048,-1.5925284076945767,-2.1902574413152527
-2.743540917042025,-1.5766095164103802,1.0022081740098074,-1.515109999213537,-2.183529775052673
-2.7796367902979857,-1.4840901538336373,1.0166231051455625,-1.6272430279256487,-2.1648357435717696
-2.7440157379935926,-1.5971991588468406,1.0039342152384525,-1.485179319613432,-2.1808254582448816
-2.7671070136712412,-1.56029863531082,0.9907372187017,-1.5199200664043893,-2.191147645264127
-2.8327179223133054,-1.4423465196909937,0.9836315879375371,-1.6501123681222891,-2.1778798345486576
-2.7942608754954286,-1.5863081762952023,0.9899505809852842,-1.4930555943509345,-2.171398677908381
-2.801258743885314,-1.528145393259698,1.0032181223301693,-1.5635543239631053,-2.1792206939236336
-2.8218162187003326,-1.4084864437861613,1.0067713697167262,-1.7540867121566173,-2.167884269624713
-2.762782232962278,-1.6163319760222405,1.0059839940709736,-1.5744800094094062,-2.173843663337831
-2.6918820132446033,-1.716936828081134,1.0112398026017293,-1.362636553280382,-2.1664421708057744
-2.71207889656415,-1.622651182992677,0.9996987329851108,-1.4465234414787689,-2.153226188873356
-2.67903529225364,-1.6379493936153786,0.9997124813003896,-1.3603981140810424,-2.146563188875473
-2.631139732210201,-1.7355600204904311,1.000803838694592,-1.1657453293881632,-2.1364052660551915
-2.6289299160586728,-1.679504581221618,1.0037491858813854,-1.195167305822117,-2.148517352681207
-2.6900489078047793,-1.550714128270259,1.0223911005761368,-1.3157725830322604,-2.1585407687263274
-2.6667347890756283,-1.608533489057504,1.0212346292096157,-1.2515263473398845,-2.131225256097556
-2.6493725241979096,-1.642846840421686,1.0331944823844923,-1.2132626570965659,-2.1295544727189717
-2.7044908646420183,-1.507917007352675,1.0286210945990137,-1.3986904897795536,-2.141690464531791
-2.709246224774129,-1.5330755198124326,1.0280987801134034,-1.4334419639186007,-2.157634541628488
-2.7674177031780243,-1.456222162388504,1.038625782960623,-1.5909702633700191,-2.1749189593146294
-2.7593316094961695,-1.5472966244922568,1.0266870339882346,-1.546560837426346,-2.1975898482707383
-2.8116028775510022,-1.451596620211959,1.0381026930256334,-1.7000233847728654,-2.188311546392858
-2.846554744576211,-1.4704000830265718,1.0284129608328711,-1.736092585598758,-2.202003396655491
-2.766368782178832,-1.6777699745791141,1.0310638755321129,-1.512929883776205,-2.203123729719902
-2.8025542469305798,-1.545259720209901,1.024518502368644,-1.6500431440278376,-2.208454908212704
-2.8044514526391935,-1.560850668061993,1.0104787743072408,-1.615369090047467,-2.197471142807103
-2.7341014372561667,-1.6809246290400066,1.0003509380897555,-1.4030915052700836,-2.193285474314288
-2.6630449344358413,-1.7587700735710687,1.0063042253182861,-1.2535150844268792,-2.178270067856516
-2.6920943198820315,-1.6408366467159041,1.0217046410967414,-1.369778379900696,-2.180404560919444
-2.6354058880793554,-1.756158503042647,1.0151782303480616,-1.1691257426945783,-2.154097206032157
-2.6071400215842133,-1.761154096607574,1.0024131909969562,-1.1231309053849654,-2.14914826552918
-2.547377861596256,-1.7756890022902951,1.0065507048107378,-1.0245447517132773,-2.1467419032592243
-2.5816253698924023,-1.7120049932112822,0.9929256277136332,-1.0493243259792002,-2.140613921464008
-2.596240915543989,-1.6603694756191618,1.0093316434798232,-1.0857955937257515,-2.1280602396021404
-2.6374714626293474,-1.6122175416899638,1.030345793716352,-1.1674191997270407,-2.1546934049119004
-2.626373814803162,-1.6753057032418996,1.031159743589226,-1.1414884959157732,-2.153906064987342
-2.5781655994691146,-1.7811137411827678,1.0366475783177191,-0.9843024461491432,-2.132683170145759
-2.6215324347322704,-1.6513214333803339,1.033241061039961,-1.0949036875588023,-2.1470037232149006
-2.6327852031954397,-1.6774516839097506,1.0452659961137118,-1.103436930446964,-2.1627709329941203
-2.6703735999382854,-1.5887023805535343,1.0846577915701265,-1.230621827882349,-2.156152762186497
-2.636353197815411,-1.7090573051840092,1.0608944020559956,-1.0877982188254625,-2.1362806546960544
-2.5936680531183867,-1.7976059276364116,1.0475119177145933,-0.9454760308027823,-2.133328258733412
-2.5806308537519973,-1.7719735751926469,1.065212595084069,-0.9132035148690962,-2.129739945886446
-2.6108417538501767,-1.699614278630458,1.0384491875459878,-0.9954447131267854,-2.1362116785441416
-2.6120544707022395,-1.6687615246381964,1.0591860390492762,-1.0326351360665103,-2.118680587743096
-2.6810839757235354,-1.54711340867301,1.0531288804913244,-1.254610547941404,-2.1291552631063335
-2.699537232489508,-1.6058402720584775,1.060448375293366,-1.258239351043745,-2.1431224067537893
-2.7067400536249986,-1.6193048389654194,1.0498521042742024,-1.2954260664722557,-2.1447695289806723
-2.723080443563691,-1.5950246553589635,1.0525191139152836,-1.373383910040425,-2.1569705786440556
-2.6762161614988815,-1.7521289501171253,1.0414082516015908,-1.1772645468154446,-2.13540749175015
-2.6763598437006966,-1.6941725992913643,1.0486612882009647,-1.2209335903541174,-2.1700977622035267
-2.657734360516447,-1.7043362601106267,1.035990520682702,-1.1945797757037682,-2.16031769572831
-2.660253170546143,-1.6970135599471718,1.0411593996288113,-1.1798608902032697,-2.1709998178339647
-2.63299917023946,-1.760273002149654,1.0366587620173195,-1.0553671585102993,-2.1490991668898927
-2.6949705707829477,-1.607018007165207,1.055502813800464,-1.2224995666186453,-2.155450205939026
-2.7750300169305477,-1.4499430356637737,1.038640904668725,-1.43865180158034,-2.1722853945509604
-2.70431874596097,-1.6613679979389566,1.0651944508099735,-1.2462462584625782,-2.153648008119753
-2.7055269733409513,-1.6069223971874478,1.0742568102297387,-1.3081338346680047,-2.1688547654964756
-2.7525535469378553,-1.5272508895103412,1.0689482350078994,-1.4631429629620445,-2.1768318343494486
-2.7208724763249355,-1.6286200259733248,1.073499353989581,-1.3658649096744129,-2.180148914403757
-2.7606710153394145,-1.5305878088720422,1.0799911814136645,-1.4933060627900177,-2.1725525466500546
-2.781011575854672,-1.5168658035020515,1.09031548886211,-1.5392128336296977,-2.1823157516769762
-2.8270372819781695,-1.4108763337710304,1.0684317043650535,-1.6958992209395307,-2.183871580246726
-2.8774343478815667,-1.3590046450251663,1.0554244214632051,-1.864522613388398,-2.2152060772344133
-2.8044498488179324,-1.6185429766626789,1.0528384905081904,-1.5988096493101533,-2.216201620109051
-2.7791021309947648,-1.622528601611232,1.0602502773759321,-1.5338201154169568,-2.212577314016719
-2.7910211729191645,-1.6102853548069462,1.0271920121922975,-1.5316239190588767,-2.219683992822875
-2.7164867957592667,-1.7052077189272112,1.031925763294222,-1.3414869306040547,-2.208427157724397
-2.6739199345576754,-1.6966579626759448,1.0370374985110271,-1.271768506549407,-2.1943300019630714
-2.7324194918155524,-1.5224406840750346,1.0310600971623076,-1.5154091135859897,-2.1746034804945937
-2.6842079032102104,-1.6784181663334055,1.0472799444435383,-1.2870816759233654,-2.174754250062221
-2.6682662988305648,-1.6558487107980118,1.053749768088562,-1.2605891882655405,-2.15224100954054
-2.7307709819302315,-1.5262150079876704,1.0514008531382593,-1.4444167234465997,-2.161557201298218
-2.699267723849524,-1.6203230032210938,1.0648187487142107,-1.3711190949432737,-2.1670283864008386
-2.7132343502592393,-1.5944417653577625,1.038874654983555,-1.380914304941829,-2.165006246804122
-2.788410576488469,-1.4566813851685263,1.0526686321923342,-1.5898322824537725,-2.174065420944249
-2.7817322507650517,-1.5217581032796024,1.0418081496134992,-1.5572803647644466,-2.189847401357719
-2.7332052411913548,-1.6748530185403208,1.0262163376324334,-1.3706458178872456,-2.2007122960700443
-2.645042401227756,-1.7700403309511064,1.0387020961710451,-1.1894990371802003,-2.168541614834195
-2.7184986669047024,-1.5672193763922908,1.0150040824958808,-1.4132453605771205,-2.163813690439622
-2.695854916013355,-1.6265222088377984,1.028566800722228,-1.3155001570752767,-2.160397960295831
-2.701065098419376,-1.6088089711316857,1.0184521196700993,-1.3274022036658488,-2.1804317828125086
-2.6368190199409804,-1.733230703322223,1.034473530171573,-1.1526925330573954,-2.167651419168123
-2.6485954245339465,-1.670051587663664,1.0345967887224257,-1.162790707701017,-2.169503916004851
-2.703529876607707,-1.4958233451809122,1.0206560120212815,-1.3891385846239002,-2.1656845896338353
-2.7231312481016863,-1.5533670669477353,1.0241363315486804,-1.4017604784291307,-2.1580211933243203
-2.7938841441689384,-1.4212719012182062,1.0306578326084375,-1.594063896602224,-2.1722118468729885
-2.7571557423816824,-1.5963597232635791,1.0329748692840859,-1.4482014704381845,-2.1836109912651644
-2.746187346560811,-1.605803216940517,1.0369914464914753,-1.465016368117668,-2.193099196919206
-2.7954613173625966,-1.4852790530646824,1.0352043925745487,-1.6060170996402723,-2.190041727993186
-2.7917817276998798,-1.5725756416084364,1.0222426389387078,-1.5531195958974289,-2.212932085544015
-2.744538616018013,-1.6668035784430455,0.9965690764117072,-1.4270838110800266,-2.211429002305956
-2.7792625663798067,-1.5240421428186202,1.005885824327436,-1.564327405095726,-2.1857909346505777
-2.737661447687034,-1.5942118566450487,1.0176067846423287,-1.5071768865509367,-2.1901342932867895
-2.7465700423460016,-1.6042727165479969,1.0291719609791778,-1.4824632111157734,-2.1713286730026917
-2.7934714077795824,-1.4802410690749885,1.0271975315946291,-1.6699217230030148,-2.178088285330419
-2.7454197545583456,-1.6426589993948508,1.024593238793477,-1.5036107439193083,-2.156739129610454
-2.712231820408739,-1.6839158938610335,1.010716655975048,-1.4079707531907855,-2.1742521526458845
-2.6407717045339374,-1.7806590500552975,0.9979763696474725,-1.2221652733689785,-2.161637410118365
-2.647141217439026,-1.7483776239521966,0.9964120463688291,-1.1849821284974895,-2.158230924114179
-2.617310997630746,-1.7702518840923516,1.020832739566348,-1.0965009147210956,-2.1542354601813334
-2.6511443790454563,-1.6052027223046472,1.029000854834888,-1.2327888352274188,-2.164236612874013
-2.6384222594437885,-1.668260499859717,1.0309192666850007,-1.1321263953177374,-2.1723798906515346
-2.6675210808743417,-1.5788108017825626,1.0416936805769543,-1.2450700147024718,-2.159486985708838
-2.6490320749440466,-1.658067894857112,1.0273469559189798,-1.1655372325126074,-2.1519894845521232
-2.6372445489357728,-1.6644310621963103,1.0305778609973237,-1.14467844454437,-2.1562194757423714
-2.637366634210041,-1.666157499947461,0.9999688439493214,-1.1151914656468291,-2.156290107632164
-2.691810218358312,-1.569759488621635,1.026540153794014,-1.2638239038174195,-2.1731949365503245
-2.7198117915326327,-1.5887817156810125,1.025536959366116,-1.2766402136808999,-2.164784296289533
-2.717716376362117,-1.6252724227025768,1.0396881581872937,-1.2546826226372505,-2.1769225960236835
-2.76227548926154,-1.513099491503372,1.013711168270257,-1.4322707366606124,-2.1857002676987602
-2.7754505415432447,-1.5390219603840576,1.0035554003683336,-1.4530399480968919,-2.1704959504889576
-2.7356905315095226,-1.646157182476794,1.0023588943043678,-1.3298519763960097,-2.168598894586721
-2.7900156272847014,-1.4919183786382337,1.0223137802846758,-1.499495374456582,-2.1855165072737806
-2.7589777515535956,-1.5739883672448918,1.0213949101489086,-1.4295616548796217,-2.1981325996494365
-2.7046010755049967,-1.7439905894518226,1.0312099256467764,-1.2151408310590432,-2.195059414618719
-2.6883946624507717,-1.67890337127062,1.0295792072565075,-1.2345504621446275,-2.197087545966927
-2.6145035699056565,-1.7401277640069521,1.0332233197042595,-1.100942263571127,-2.1637355436816077
-2.613478976461997,-1.7593569210236213,1.0505104875581688,-1.0183906065458925,-2.165566145637465
-2.6442833737037708,-1.5918028352305549,1.0513820912522567,-1.203848472121407,-2.1612629043414273
-2.6278025682346398,-1.6876318765971912,1.069583780164587,-1.1018190600094104,-2.149382048828616
-2.6826290860762887,-1.5506082570292523,1.0639796088389795,-1.2976702370303534,-2.143037253046027
-2.7612271435843496,-1.4516795306745491,1.0551397271576997,-1.5180909922642911,-2.161487430651558
-2.771699331592955,-1.4989354047880459,1.0404558698131392,-1.5699846253462115,-2.173581615925592
-2.802323733826758,-1.4877603633487186,1.0435583047517472,-1.6400514951712897,-2.193590355776303
-2.8258679063465033,-1.4844750725060805,1.0365743182058604,-1.6992607733689067,-2.185067094415092
-2.871711464110619,-1.389924832967701,1.0244050252534946,-1.8439777250072844,-2.1966675505547846
-2.808710645251413,-1.5559876726263653,1.0251835100762086,-1.692898499699948,-2.1822445789314515
-2.7323094505118637,-1.6791459535053155,1.0281465625050252,-1.4862535057984407,-2.193397062183214
-2.7295466792159337,-1.6529368050545787,1.0342750785582588,-1.4870749919365698,-2.181996881317405
-2.7152455413075534,-1.625768622778898,1.028620314983007,-1.4968294365430186,-2.18583058672429
-2.6662119259435917,-1.7099065707429406,0.9909317216839468,-1.3475319404692763,-2.1792032859023345
-2.692031778315741,-1.618249589498633,1.0204582356322922,-1.4038519782709487,-2.1774960241391756
-2.6212951928168713,-1.7483713565306034,1.006485135576681,-1.1750976430350155,-2.1646899909509956
-2.7050512634837776,-1.5266412354816044,1.006122688582249,-1.4099370963831972,-2.154854816441412
-2.6815433009220855,-1.6098165986231865,1.0052289070173952,-1.3021299428771071,-2.167797161313545
-2.6182366612559553,-1.7411468104385375,1.0069373298902162,-1.1179792066877547,-2.1319043367277137
-2.5613661431577968,-1.7957562503683826,1.0285189010903677,-0.9948029967737004,-2.1550593253510875
-2.564181665463212,-1.7796068748673508,1.0404220936803186,-0.9614443984179565,-2.1501538968191722
-2.547764102093073,-1.774247956637179,1.055641279013948,-0.9365703057452253,-2.1292312211039293
-2.514988573083549,-1.8294630594764174,1.0325463303787115,-0.8260781219559818,-2.109909605203143
-2.534358605285096,-1.7781936400992955,1.0355127266146833,-0.8291755349212359,-2.133745675407928
-2.5372339680726093,-1.7721599416652436,1.0418556074432983,-0.8008211360676073,-2.118663729227204
-2.5740703570116668,-1.730692992187301,1.0475800453926267,-0.8564466955857134,-2.126940029928967
-2.6002368192288805,-1.7052760865069314,1.0359737910730489,-0.9425181328713601,-2.141550114258977
-2.6368369953854804,-1.6992258297234017,1.0518257721376347,-0.9535259298161296,-2.1459585307490356
-2.6493094920606604,-1.693948396390119,1.0533325341634434,-0.9606667021949485,-2.144589284309761
-2.608160831577135,-1.77505735519594,1.0712906956870258,-0.85882896830697,-2.1438716840084378
-2.568168491819116,-1.8043794911264026,1.037881046671268,-0.7506107292215097,-2.119121374197352
-2.5624415024641154,-1.7963565646885593,1.0511881228222635,-0.7368042897909576,-2.129035585294623
-2.6269348847449936,-1.640114103963185,1.058265812946234,-0.9892866307959214,-2.1176001325086946
-2.72577606231275,-1.452169651395347,1.0782862715989783,-1.2692398046234197,-2.1301513583093405
-2.8052135433146113,-1.4010938077325747,1.0587511844830326,-1.483862785714586,-2.173888574542298
-2.810196358124136,-1.4900775334898748,1.0428767483799741,-1.5036583446629297,-2.165827163642783
-2.7814549620906783,-1.5381154049853425,1.0471151357946886,-1.5025625637114401,-2.181850409863697
-2.765223392742915,-1.626734078482775,1.0333276743204787,-1.4089245532011145,-2.1779742823804273
-2.8050263539754763,-1.543774688891306,1.0284096967746235,-1.5185689652658003,-2.1895439915565875
-2.815897301212179,-1.5199970701374483,1.0372770796547455,-1.6061390096080614,-2.214764803274913
-2.858822825576268,-1.4362579246763194,1.027693356926283,-1.719518966525164,-2.2077994295888606
-2.89957047846499,-1.3729340441093154,1.0335174842268398,-1.8304370934865726,-2.187985487431668
-2.84584052718838,-1.494916900924817,1.0376708355142932,-1.7211781666235575,-2.1930910311417273
-2.8507884092539033,-1.455628808302641,1.030288230264702,-1.7952930236073636,-2.198624489569247
-2.8774595430966974,-1.4249901708115933,1.0254701946259892,-1.8402095023911722,-2.2330060070715274
-2.822955884202843,-1.5635714449386218,1.0096439636003316,-1.694455165833647,-2.242151519323551
-2.838972009808717,-1.4554736792372753,0.9997854163496037,-1.8147767608356018,-2.216943508042586
-2.7565720940459126,-1.6313539622575113,0.9973916893295699,-1.5670499793190522,-2.212630667036212
-2.7924370705164785,-1.4441827297247798,0.991254584759354,-1.7284413421045977,-2.198702184736317
-2.818303120671773,-1.412224224673466,0.9846932494093722,-1.7964930852512038,-2.197586002157485
-2.739469805738266,-1.6227592733189444,1.0033305084971866,-1.5465074229622093,-2.1917857356690043
-2.7697313450616523,-1.5307841171980754,1.0039308886681644,-1.5800216680976251,-2.183001567167293
-2.6889380785802994,-1.6905610979701047,0.9946824257249743,-1.3268441002988438,-2.186974713227204
-2.7099567171162766,-1.5438759762277823,1.0106646514340114,-1.4664684261220329,-2.170643420379355
-2.753144153297023,-1.4772850066269312,1.0009806973533393,-1.57138991324299,-2.1856024047843223
-2.754420105157272,-1.481315631030378,0.9949880657461707,-1.6122923399215958,-2.1880984507651338
-2.798515930261981,-1.4180756481968106,0.9894182002355056,-1.7410294674006264,-2.1831851604133417
-2.728631894748629,-1.602551349710862,0.976646555637127,-1.4977496706220563,-2.1685154949835184
-2.6914118815524253,-1.6554263891407437,0.9648621193446462,-1.3759925705860718,-2.152121759579676
-2.671118410984577,-1.6592068699206624,0.9484236739037665,-1.335769782673567,-2.1457586103429627
-2.6068735911153564,-1.7851957769668594,0.9723149266144505,-1.14246627455983,-2.1497116908547627
-2.602206044467776,-1.6968832813822954,0.9776298174725259,-1.172777637075482,-2.148909360069526
-2.5911824096481517,-1.7141567089374181,0.9844776120184099,-1.10858816607971,-2.1388615136680467
-2.599696681626805,-1.7083305645188533,1.0128202055990196,-1.1096298364508588,-2.1617398679657724
-2.6119069243161985,-1.6821781376009957,1.0286907962380873,-1.122518927300937,-2.1674417329170512
-2.6984191628153837,-1.53022092075339,1.0359570687981134,-1.341901762111155,-2.1848590414259808
-2.678670607460229,-1.6262981319114842,1.0479990364001535,-1.2705132496126237,-2.176375048197164
-2.741502980986277,-1.488773986358015,1.0428881998616104,-1.4684743499946713,-2.1760744146178324
-2.7337414882045,-1.5510763850578067,1.0323595201365356,-1.4382293026721535,-2.165239482490816
-2.7137560120807334,-1.6231342556225439,1.0308468603633114,-1.3741944949281497,-2.172475689465013
-2.729036331833862,-1.6389756168381693,1.0237928489470227,-1.354817842183065,-2.1774486897323757
-2.7097766191149244,-1.6453237989724168,1.0267327198754053,-1.3343344977875469,-2.165618219641444
-2.687244069884933,-1.7044796842769803,1.0302458326360315,-1.2587943034868325,-2.1961426003729105
-2.719244279033255,-1.6525480110183484,1.0353168062362748,-1.2860676713606602,-2.208254196214913
-2.680347694853215,-1.725682082542069,1.0434432745003397,-1.1482586160865023,-2.1952815469964917
-2.688440397849899,-1.691107143841828,1.0232363833243348,-1.1380106673664023,-2.1996424304811564
-2.718844270727254,-1.643949542893031,1.0245713318791136,-1.2054612230715578,-2.205384943187829
-2.7212705901102616,-1.6442502873569265,1.0222900012947795,-1.223830668738261,-2.2093477379334523
-2.768320351385828,-1.5123779787918665,1.0327726977918648,-1.369468069948711,-2.221120433615151
-2.7287238588666507,-1.6133382943725278,1.033492300528696,-1.2801628390302473,-2.211090118289955
-2.790350719817755,-1.4520206287815711,1.031753422242766,-1.5083297976710732,-2.207700865526454
-2.8276253545026404,-1.41592254646585,1.0292471191218966,-1.6308844032574326,-2.1913077529662286
-2.8806852577069098,-1.353912487566565,1.0385278593109766,-1.7896702282949788,-2.2065500311398423
-2.914531043629182,-1.3652058435672358,1.0149893715072595,-1.8731625201105804,-2.232744518884769
-2.8276670773016743,-1.5844593957478934,1.020070745368433,-1.63550959335834,-2.2315068524459782
-2.8090581786427395,-1.5681416923787794,1.0198297063578965,-1.5889053204618164,-2.197686360068311
-2.7326017945555727,-1.6809861710764022,1.0124554264199626,-1.411541838353351,-2.188269934058545
-2.759080968076316,-1.5416368960840654,1.0118320286627305,-1.5346416023708231,-2.20012077250491
-2.764907251872749,-1.5520933917795208,1.0076942713892947,-1.5475168716777679,-2.206809650866785
-2.7184788425608892,-1.646060739546092,1.0230253096358075,-1.435135936882923,-2.1969701090455933
-2.768357633933533,-1.5033433779178553,1.0353596446125424,-1.6092631821254662,-2.1875696293423252
-2.720505866752226,-1.6651358744662332,1.022162068789764,-1.413298529399026,-2.1803532566712183
-2.745841948103459,-1.617538565631892,1.0219870795137709,-1.4071076599084478,-2.193317493799116
-2.752382492638512,-1.5537199742107535,1.0366481697089551,-1.4990903145542138,-2.2069790325852403
-2.680307795650854,-1.7285237266887616,1.0535034310759717,-1.3199378605944052,-2.197553366875139
-2.7164934587927494,-1.642877686153272,1.0507119679271366,-1.3787019997050052,-2.202144484879139
-2.7371144698365018,-1.5260475033713614,1.0420024018236345,-1.5193739990845339,-2.1887467954340347
-2.6788255167252317,-1.7026621204477692,1.0472646169241244,-1.3296751294722249,-2.201383160124586
-2.689137678100226,-1.6376767593859993,1.0315361967642358,-1.3741017748954318,-2.2046374920139025
-2.6780241717145623,-1.685033832036131,1.0147226817625998,-1.2671211438847223,-2.2050233950993747
-2.7040108250501826,-1.596199545433778,1.0077053746379787,-1.3476154669452636,-2.1688067913342217
-2.6648963893596163,-1.6991413726347,0.9981196988488437,-1.2072300745632847,-2.184575272063035
-2.728339204722367,-1.521225362654996,1.0063915204448168,-1.4339769956717463,-2.1659877909585536
-2.768648766519317,-1.4129041987246702,0.9998543079221752,-1.5930333170013753,-2.1734752260948076
-2.723117510582816,-1.5884509372514095,1.0016007366365207,-1.4375710264509232,-2.162869972189188
-2.7056439571089848,-1.644766195297816,1.004435422976731,-1.3520008556219132,-2.163746066030838
-2.7355044885285493,-1.603077934840778,1.0109677032451398,-1.3896175496486758,-2.1858256801719107
-2.761289943994216,-1.5377971084107551,1.0122022639365575,-1.4930920694694407,-2.178070149716957
-2.733030566523862,-1.5520811703990007,1.030053301072404,-1.4376341456111983,-2.1710202962155845
-2.6844351966827777,-1.6823984955192754,1.0237789518714888,-1.2858153685308478,-2.1682554211957763
-2.637988316357203,-1.7370361452230219,1.035279755962681,-1.131263183345744,-2.1505745378512717
-2.725212817816749,-1.5074179458220478,1.0568230065293809,-1.389595735432522,-2.155607271308554
-2.7256376911705744,-1.5319517969970735,1.0428127764885557,-1.3716086922448423,-2.1561755796734365
-2.7788262103593215,-1.4515991061143443,1.044029640323627,-1.5302119974466912,-2.1690545512988244
-2.7755886579135827,-1.5101955192305603,1.040072627564135,-1.5342903058202813,-2.1822457501735406
-2.8069217305942877,-1.4233333415288727,1.0327503572944192,-1.7046505737542312,-2.16910746983153
-2.7580821315060446,-1.6455942302359965,1.0171333053526974,-1.458384083938962,-2.1754486096923813
-2.6839469129202076,-1.74923017176751,1.0249074508882672,-1.2781953034426152,-2.182653368846124
-2.74635779181512,-1.5569701235741562,1.0270131375064513,-1.4902734874815127,-2.182587881474823
-2.806988125198788,-1.4403840170774116,1.0094638928699255,-1.6744455916874623,-2.1728505275700396
-2.7697945539943913,-1.5788763145783495,1.0182180745969547,-1.5468899869635844,-2.1748328122913834
-2.7330249557124047,-1.6347318880103159,1.0247138987294022,-1.4603633096803077,-2.175852093857119
-2.7355481017948167,-1.6282549167881528,0.9951822504572777,-1.4256101484505657,-2.1975573729947278
-2.738435408011448,-1.6204237706283682,1.0182975708987294,-1.383916797173048,-2.1821080907776027
-2.6813025756712836,-1.6856731612528062,0.9877419601091417,-1.2463948297240013,-2.1518175367238137
-2.731586103708766,-1.519155554256753,0.9956732713538281,-1.4339784919179805,-2.174783572831545
-2.7256778039207066,-1.6217160872142227,0.9891380809132196,-1.3420511954471601,-2.1698223230592397
-2.743252884211907,-1.5476764485480448,1.0035382642566508,-1.436270924305174,-2.179790606587109
-2.6928972654680328,-1.6796822700587521,1.0182059934010996,-1.240204685994828,-2.1774593802582975
-2.6333456515819784,-1.7809487696455548,1.0086632792473584,-1.0694776082955297,-2.1394551174600984
-2.6547630855631694,-1.640247157002983,1.0117715593221013,-1.2024626788314918,-2.138922342325889
-2.633931285789648,-1.6608511579882181,1.0113989977268034,-1.181569433700403,-2.1508758253561
-2.6794766581779736,-1.572919452598083,1.0089484558019859,-1.2926552313949773,-2.1584097047285526
-2.640114293498256,-1.6860548888740048,1.0102536923620735,-1.129056547559081,-2.123708482321719
-2.7316858240583115,-1.5031325418634278,1.018153926534267,-1.3643636709437317,-2.157976355970376
-2.7652683752047227,-1.4902556798678672,1.033467915416819,-1.4804815725554943,-2.1538916612596113
-2.818908958544587,-1.4256760051985193,1.0274382600978373,-1.6298025941270315,-2.1766422577509483
-2.7522701842834483,-1.6245707689535966,1.029479783593843,-1.4515156065970327,-2.182867473713524
-2.7284016722453313,-1.6855547690198198,1.035313923013115,-1.3661029553448916,-2.188428301859558
-2.70988058376009,-1.6824920442242,1.0334885436051686,-1.3062956818340021,-2.164558684497839
-2.719355689960331,-1.6216532939948702,1.049948677022347,-1.3454508079906546,-2.169444640761758
-2.696312894255195,-1.6769998274605942,1.0563148333835655,-1.2560814534742362,-2.1664543925603406
-2.6284609449186203,-1.76380208482424,1.0569947307575267,-1.1113405826844516,-2.1659690144497414
-2.6319064666633483,-1.7337626495020193,1.0573398594189833,-1.1082957799381628,-2.1704616262590735
-2.6157594521198306,-1.7329224666122993,1.0779019551308415,-1.0440151961856252,-2.177078897957011
-2.620430660380298,-1.708102723464703,1.0957161488927107,-1.0757367196716896,-2.182007139513079
-2.5899226579037435,-1.7466990614623008,1.0853054293787978,-0.9962200633467938,-2.1705772187611214
-2.590774631931446,-1.7540047516287056,1.0953766354484311,-0.9702304354580947,-2.1477224142059197
-2.639150961083634,-1.6379168717407542,1.103406941333243,-1.124874302521912,-2.165681268067481
-2.6503920998173855,-1.635200559704789,1.0803613866802324,-1.116002393927804,-2.1702379234596654
-2.6377590695564876,-1.6620723103602706,1.0762677005375312,-1.1002374854070438,-2.175835495946143
-2.676929878015323,-1.6127159551711912,1.0576770928315817,-1.1650065356768564,-2.171689424692528
-2.73049345919648,-1.5141669771863695,1.0607115836715528,-1.3310398296424084,-2.183470600945311
-2.716411328069313,-1.5825246883370225,1.0575614100955846,-1.3173530772568283,-2.1694221277147934
-2.7421840661643304,-1.5459543319766826,1.0543130550899977,-1.365709387692077,-2.16830285520776
-2.801404096774536,-1.419624998985205,1.0496924678661288,-1.5848669723363809,-2.192689617272436
-2.8027737699796695,-1.4793345876329227,1.0364810128024367,-1.5777058259566787,-2.185909458248481
-2.845341609443,-1.395653427676915,1.0142077169559778,-1.7213017321599215,-2.2039371750665167
-2.8658464370198646,-1.390041438843779,1.0084406682348863,-1.8145686883443324,-2.187520933346493
-2.7703226384142665,-1.6122189304424752,1.0170415370906116,-1.540479222793695,-2.175721645481507
-2.742261727060209,-1.6292395190287137,1.0187418955474175,-1.482188046402181,-2.1893578413702297
-2.7726405500758977,-1.564384952963519,1.003574902917884,-1.5411851042548406,-2.2049556388298712
-2.823571915234035,-1.4351846144322662,0.9864532185637659,-1.7230013243193096,-2.203727287423826
-2.7865746942503145,-1.5143291660761224,1.0066548989439672,-1.6644816732594805,-2.200859689179031
-2.7302542302440513,-1.6579538129313984,0.9935563269205894,-1.4314861520560718,-2.1852756685112147
-2.718164336557149,-1.6039240721512984,0.9950888771456088,-1.4464369470382321,-2.1796729579586165
-2.6506268756063087,-1.7021415110862268,1.005976194396747,-1.238651721238566,-2.154812344085867
-2.6890465666577135,-1.5694460443019693,1.0183341619956965,-1.4052937760037498,-2.1593217635854636
-2.711786367516753,-1.553458685988673,1.0092456136965953,-1.417167383025028,-2.1667737915852827
-2.724744804028831,-1.5031059611583475,0.9997824544365698,-1.5140670884340721,-2.1571010640440282
-2.7743517190365825,-1.4210552552170972,1.0002807264312812,-1.6636603785504005,-2.1467710382965333
-2.8029759110574464,-1.462831236930515,0.9985910082499583,-1.6701105068869981,-2.1828361792453057
-2.803171713083015,-1.4825998106701788,0.9888589527358748,-1.6958069988569573,-2.1910444479687734
-2.815536076604445,-1.484136901343031,0.9781585660086042,-1.7775773999386697,-2.2010324518840454
-2.8350484636950464,-1.4310027452991059,0.9698853824766702,-1.8396455887703451,-2.2190995615711233
-2.8826720606788228,-1.3858816189207328,0.9636843067335742,-1.909592756710416,-2.2294251160643133
-2.7895055415373817,-1.6443101309134207,0.9518984558095117,-1.613729289015701,-2.1954967983133193
-2.752542105167286,-1.6052232157631683,0.9536933913153267,-1.5988516463745743,-2.1941239249671307
-2.7161168505884867,-1.6697750661346478,0.9455538810144607,-1.4191259800065024,-2.1751078478075234
-2.7574168522021836,-1.5336665563950769,0.9559105138694111,-1.5861665803626346,-2.167568471808693
-2.773318078473035,-1.5154472177102214,0.971673893222799,-1.6238040152402267,-2.192853163476196
-2.7295936965442347,-1.5764761421825386,0.950166828576343,-1.5653017808594287,-2.1741515394994475
-2.68221271175265,-1.6804777805674438,0.970009966217208,-1.3926386699824016,-2.1622572942441773
-2.6851803210826652,-1.678670020678951,0.9695088570114757,-1.3110089275055121,-2.1658194650489833
-2.705115623758043,-1.571504573582447,1.0011745087101214,-1.3981767862808838,-2.173847422155857
-2.6676804952997832,-1.6765131341273776,0.9987273020534411,-1.2699134357598088,-2.1807651830876824
-2.614992662664286,-1.7536262313460473,1.0040678893799835,-1.1162794059178371,-2.1672112993868224
-2.6734725039314764,-1.5711054667512725,0.9902188524881793,-1.338130738912592,-2.1699830795994624
-2.7364578057679387,-1.5017865810280302,1.0229118915930329,-1.4577275713835174,-2.183905298509468
-2.6916684954555805,-1.6473306188105508,1.001676684168735,-1.3318056010121102,-2.1794583340124465
-2.675118831413435,-1.7156944890539816,0.9917088042013448,-1.251729770511541,-2.170187996862032
-2.7397877787660674,-1.5363410734767762,1.0000593892492624,-1.46573266638881,-2.1461735836553015
-2.7749054767704457,-1.5241746039737467,1.0094954724293903,-1.5598719889617958,-2.1518071448465097
-2.791065506790348,-1.509008059354777,1.0092730672913286,-1.5905582627568586,-2.178545930470954
-2.746870311045282,-1.6268307151900787,1.01328533671509,-1.4710259977979148,-2.1784097079207068
-2.7278111198159807,-1.6759681260957477,1.0067734074575792,-1.3696361340941843,-2.1715615818848892
-2.662055743220973,-1.7946313198227308,1.0142303436922446,-1.180158292477421,-2.1698035701828102
-2.684080261001621,-1.6352249209305807,1.0318024539784736,-1.3022549345993673,-2.16103249930055
-2.6117658860721975,-1.7368159599640443,1.0402457140843677,-1.1138308747228711,-2.1544390693347615
-2.553006646086708,-1.8119354104831544,1.0638852633251659,-0.9370165670605067,-2.1447457476862053
-2.6214912051736525,-1.6322114700805725,1.0646735311573525,-1.1358476394330388,-2.1409774545301685
-2.712231945999464,-1.492282731067468,1.0365896977913311,-1.3986078809604183,-2.150963080313189
-2.756236183377616,-1.4512861182184196,1.0368957752417278,-1.5234752871466086,-2.165823382432939
-2.7849658361079563,-1.5141813893983225,1.0129330207502776,-1.5024378863462824,-2.1884014416802984
-2.7724505477299,-1.5562014117243417,1.0235862280963623,-1.4781799059349687,-2.181344102927996
-2.767581490844375,-1.6047251843392174,1.012028508815828,-1.4572085594378843,-2.1825673704279964
-2.7291423988996235,-1.6438582024109465,1.0006363872955366,-1.3746492144344669,-2.156688528001144
-2.7333004943300168,-1.611025548880245,1.0095087282914108,-1.3865716862200477,-2.1579103220365385
-2.7049839519803176,-1.6136358241997424,1.000723993467169,-1.3452739225235566,-2.155559996561351
-2.7059003666620463,-1.5774179949053742,1.0177019498921311,-1.3980335558870292,-2.1695706350108686
-2.7662888503098895,-1.4473903729533084,1.036812296648098,-1.5523202527359796,-2.1799687031395845
-2.8246740493794444,-1.3582146791952319,1.018935625211019,-1.7546063116019697,-2.1965203061784417
-2.7450854245217675,-1.591971095711301,1.0284085999345633,-1.5057956588955315,-2.196250075306782
-2.737129990268659,-1.6136243629288556,1.030715925682648,-1.4276451554839702,-2.211453765212195
-2.6794839326378708,-1.701442980347648,1.0256402373301046,-1.2957258020603057,-2.211958386850856
-2.6482533373338213,-1.69862061244232,1.0260093116732405,-1.2556319638919995,-2.197212569504582
-2.6244075266780422,-1.7067663546612177,1.0195024920894493,-1.187439262759113,-2.1669881353017875
-2.576504295639607,-1.7491365981897329,1.0238198485487067,-1.0900404937800094,-2.155699136049082
-2.6387452753986547,-1.6063958165967145,1.0405887980282083,-1.2581757062915682,-2.159764310797623
-2.6630819321373145,-1.579682662154479,1.0353413680376182,-1.2847953382400181,-2.1711042718720845
-2.750947434687095,-1.4499429153881724,1.0517999665933688,-1.504018134218885,-2.16944682152743
-2.6907319639516643,-1.668738528356284,1.042263657709123,-1.2803092482388434,-2.1410685057304173
-2.647006326141277,-1.7444904798014746,1.0218436382626415,-1.1447850175752725,-2.1526948351509265
-2.6442250645473724,-1.6900046237540245,1.0419631900382467,-1.1249912548674357,-2.1715827606508644
-2.600051713184654,-1.7639490760333125,1.046317527978155,-0.9570773300328747,-2.1554248459064955
-2.6000796832548825,-1.7521644616519498,1.037153968479027,-0.9324097638640589,-2.1495228892975256
-2.6724053700207273,-1.5412000603178495,1.0647592699264221,-1.2326189991474936,-2.161069810806207
-2.6615210686033914,-1.6515815357079975,1.0518682277783284,-1.125208567767831,-2.1612037889183737
-2.658853572280898,-1.7350559533730023,1.0551781328637695,-1.041002084123331,-2.171062845887517
-2.6986027003374224,-1.670510674459836,1.0688967558359934,-1.169375466536268,-2.2062681128113066
-2.7289675584363664,-1.642570655819962,1.0795851872390514,-1.2059725128321583,-2.1942613176411956
-2.746378925052705,-1.5940883241667003,1.0698971300536069,-1.2922141713694928,-2.2034494480412055
-2.7392467124857336,-1.6592154156416032,1.0468420570870665,-1.2710860445628462,-2.206265522459931
-2.7730509650060506,-1.5391072401372567,1.0392159979012563,-1.41684040889176,-2.2321008156045137
-2.725780218126277,-1.678654834936301,1.03773984241238,-1.278745001046288,-2.1991200765474894
-2.7035664759929285,-1.6527643322798178,1.0524717703858475,-1.2464303180065106,-2.19734175209714
-2.7301392106086837,-1.5900361840909802,1.0453220202927138,-1.3457715643430497,-2.184111849283311
-2.79280250338947,-1.4757173330132347,1.04439652857851,-1.5236119894641236,-2.1800187618884634
-2.7748316510845155,-1.5763761986644496,1.0452404421428845,-1.4497001677050845,-2.2025333099700894
-2.7897372891554757,-1.5528813905337282,1.0430071326426893,-1.4706898538047282,-2.182366265059536
-2.698210534353821,-1.7223094316490397,1.0420333580842502,-1.2693669174364728,-2.1815483491529584
-2.64712948299471,-1.7611857197426808,1.0566675139930692,-1.1613068863758658,-2.187137416361523
-2.5990983147090394,-1.828003508047339,1.0474415711612985,-1.0180838144069642,-2.177643590644889
-2.646855097989998,-1.6448094587530133,1.03637172878412,-1.1862439315138862,-2.163442507820715
-2.627359454008787,-1.666725380774033,1.0391868741652932,-1.1632104228670055,-2.160375450611581
-2.6836524984588057,-1.5631508505093183,1.0338055737674305,-1.2989292157723744,-2.154599149170116
-2.617019752062388,-1.6931644833240722,1.0296095902392737,-1.1304589680946764,-2.155308947320321
-2.7095972168844966,-1.5268188661239914,1.0303293362243942,-1.3285934642600583,-2.1488281425191214
-2.7640359302454875,-1.4510273952678554,1.0339944153893037,-1.485631757524183,-2.1678549662063844
-2.7367648632487924,-1.640353235464601,1.0321086140136118,-1.3151324106785889,-2.191040746324176
-2.6674300528486534,-1.7605062730184173,1.0334873669832256,-1.0988899795036553,-2.164940116587119
-2.610721518781914,-1.8270241253800787,1.0303245719765088,-0.9616051961074272,-2.131103944535871
-2.6732570467665724,-1.6108800490468276,1.0480183500729148,-1.175116493306168,-2.143212421196468
-2.644255269135201,-1.6896521088145053,1.0339746431173702,-1.1165015993903287,-2.142649203498386
-2.673617608603299,-1.645362699534588,1.0337810970974224,-1.2077215308343703,-2.144534868777848
-2.692196971264308,-1.653981385188086,1.0410810381585645,-1.2022095277952909,-2.16766051305304
-2.740391042896194,-1.5347065428924838,1.043676803657843,-1.369888891428674,-2.1819044556954226
-2.7424296997358053,-1.5587662183496864,1.0155086152599309,-1.3883260031532523,-2.1773042855224296
-2.7483119100384834,-1.6060313491214016,1.0359581243004328,-1.4245360976586845,-2.192685025245213
-2.8036090075241007,-1.444062309532406,1.0400362484310186,-1.6260767616093033,-2.194482971315206
-2.7491044807431764,-1.610565429987271,1.034729440033603,-1.4356783987341963,-2.185922934038616
-2.785015725871386,-1.523101305904635,1.0228050276808822,-1.5588880973140196,-2.19621968944318
-2.7186761086605937,-1.7038351130552027,1.0289274935507617,-1.3600936194011193,-2.205488471155409
-2.729954055760792,-1.6709301240252787,1.0267888040721702,-1.3602859127593105,-2.1831611194512455
-2.774190559107433,-1.5464217696933458,1.0075924458242673,-1.5077235234836328,-2.188521319832747
-2.7786719516368854,-1.5117078983361718,1.0070600758739665,-1.5723696259112594,-2.1955314055082993
-2.7908168205666755,-1.4992926220937632,0.9954755680266213,-1.6260464796017438,-2.1993701767454352
-2.768929305497073,-1.613896990179934,0.9885573812647734,-1.4966084964752489,-2.203970005645128
-2.736143717430234,-1.6366278428822136,0.9750055574303642,-1.4341105144130701,-2.1789362509274577
-2.7134510646019696,-1.6447779649305168,0.9900703218869297,-1.3616003189230026,-2.1845997556320405
-2.71289194665863,-1.627220429413788,0.9936491263640009,-1.3647068366992037,-2.17452398488846
-2.7090559136162677,-1.6171638380123283,1.0052616207493252,-1.3552687156337744,-2.1746035388743516
-2.7010337492332637,-1.6621169714765602,0.9999551908830572,-1.3009611947545483,-2.157814499410583
-2.6524757396572554,-1.678985603000078,1.032424107330567,-1.230202172465066,-2.1421979444749484
-2.640520431444952,-1.6901222617055371,1.033935288034347,-1.1658849037270609,-2.1321460408895754
-2.625665387394466,-1.6981052981879343,1.0493108261563893,-1.145377393092303,-2.1419913028100783
-2.5984349929654513,-1.7416050541668788,1.0310374591771794,-1.0355984960552773,-2.1219944000217774
-2.673572671972218,-1.550489308018852,1.0300695309869845,-1.27348246083465,-2.1297676491503514
-2.7158663729310493,-1.5312725910764085,1.0335616392513938,-1.3417231658399646,-2.1529296395582516
-2.666972136196125,-1.6666506601792717,1.0494247966258743,-1.1928041006232073,-2.1431400203303603
-2.721342020861369,-1.5622788241121135,1.0615263076332027,-1.3008232930537043,-2.1624457235355123
-2.765244375996153,-1.4865505548893851,1.05368147512144,-1.498546510288448,-2.1776333015588105
-2.730662194824595,-1.6254188386626993,1.0572470863531893,-1.3741745555510416,-2.1916742365464743
-2.6939780180630675,-1.7217243397095379,1.0374299336057835,-1.237144960814162,-2.1691686152411527
-2.6223209779700407,-1.8016450233560521,1.0276432873670411,-1.048240236962428,-2.152164776228792
-2.5652105129854035,-1.8554551176432463,1.0295278633319758,-0.9334710289574848,-2.129833420765061
-2.599825485376098,-1.6579990707709975,1.03253482842402,-1.1081936144437265,-2.1152457971933845
-2.682495474212586,-1.497757061500024,1.0440962625466583,-1.3915133834388005,-2.1427594469397757
-2.636133450375188,-1.6527505636649675,1.032841239508816,-1.2052108664313241,-2.1419221828593247
-2.6862109738427145,-1.5547961520019775,1.0433137763456994,-1.3635134383746654,-2.1356032383869064
-2.6412292608840757,-1.6856042141366985,1.0386800976437558,-1.189452833613259,-2.1565984013908497
-2.676830655448804,-1.6371972491338684,1.0376212772663933,-1.2775445752399177,-2.1703716042153633
-2.7180548321439675,-1.5641354058443842,1.0422863291427422,-1.4257487739377095,-2.1753383840930174
-2.718053611618973,-1.6296842495546744,1.0298120059679483,-1.3625068818589563,-2.1763427525180425
-2.642576246548359,-1.7845391933855586,1.0103291374385317,-1.1800847672222459,-2.1569750169166224
-2.681764867546678,-1.6945565245628313,1.0373210938930155,-1.2543261527244278,-2.1520673647329103
-2.745671360021624,-1.4976398610107633,1.0473052635257,-1.4862325535639316,-2.135525292040465
-2.738085104994189,-1.6263224043691826,1.0490853685558639,-1.3786837924287452,-2.1593655299916925
-2.6918837367795647,-1.7023446835678233,1.0508559601286875,-1.256378708975915,-2.163192225262213
-2.6470945163038455,-1.7437509390038095,1.0522659880735235,-1.107122111269016,-2.1612928059938636
-2.6779338239878103,-1.6661910774840814,1.0326086774824392,-1.1910773462312665,-2.1584939645649843
-2.6847296911596628,-1.603989978434189,1.0473777669586781,-1.2648768830710124,-2.1696097382118844
-2.7525858468219817,-1.515485406495282,1.0498649261422415,-1.4221698609160802,-2.1809527930556896
-2.7905848433972786,-1.482609332495767,1.054365916130875,-1.5428004552834838,-2.2031536034938384
-2.8232331336428342,-1.44134664944145,1.0569423134648304,-1.6696892947667463,-2.198095628604277
-2.8536889777696133,-1.4306426008846491,1.0560823534093244,-1.762147825635905,-2.2148998023893918
-2.8120859086507486,-1.5951488310063553,1.0437556323534383,-1.6012016158059323,-2.217916299475379
-2.797713118511904,-1.5800154353392446,1.017146090595231,-1.597752415556955,-2.2070807180377003
-2.744580617123597,-1.6835082131525219,1.0053987814562495,-1.4856607958549748,-2.1835639570100045
-2.716500915615595,-1.6902865632688189,1.0126333281025346,-1.3899572083865206,-2.1653718992565603
-2.765220102404073,-1.5108343065759489,1.010494804181298,-1.5723735396493896,-2.168701864517172
-2.7751989061184763,-1.4748434963404207,1.0147937347144034,-1.6308625338370937,-2.1872359721283874
-2.827765048364896,-1.3994767227329077,1.0153712235999959,-1.7738000399522005,-2.1974258871290306
-2.8039110440705115,-1.5144116746881509,1.0267382569425967,-1.6988497679718702,-2.198272782705132
-2.807961064916137,-1.517772774928852,1.0112489094999932,-1.6627157415149048,-2.2072817689351742
-2.7891937823023705,-1.5547263681446357,1.007790144507816,-1.6105400039772835,-2.2059177766689837
-2.7323654637883252,-1.7072058309625362,1.0139796115677948,-1.382077648960957,-2.2214862351313975
-2.6777057564069917,-1.7353670422642764,1.0007524622046287,-1.2833235139407373,-2.22326708465849
-2.666371955832687,-1.673140502980869,1.0101733601091099,-1.3137019286448686,-2.211431201044756
-2.6157292973674022,-1.7392552621702828,1.0038298196468882,-1.1173730300962315,-2.1657707904636188
-2.678386937642304,-1.54542477031317,1.0105248778411333,-1.3542903729864317,-2.184657497301775
-2.6139626690018276,-1.6742726626348654,1.015699138781003,-1.2191704190200499,-2.160407932917332
-2.6159340264461335,-1.7184738333755478,1.010304891817599,-1.1341289358168503,-2.154270895254733
-2.6718916323988284,-1.5721625977645766,0.9996962276577596,-1.3072277820063325,-2.152065513020021
-2.6272526158147116,-1.6945684407481283,1.015875891840346,-1.1405689018483582,-2.1395045536902417
-2.7001958612043624,-1.5266198347817836,1.0441863934340574,-1.349308430401854,-2.165271970171757
-2.7640212770809214,-1.5049927293193435,1.0293102831215393,-1.4803220812058109,-2.1556990857708085
-2.698419391191111,-1.6625167238649257,1.0295385658708032,-1.3029400678273708,-2.154195499636894
-2.7417472384037085,-1.587203673543989,1.039203219994923,-1.4223299494338233,-2.1681018294582493
-2.762134865672655,-1.5396969458654601,1.0407499866504029,-1.4913099987718028,-2.181287516413358
-2.785957385252617,-1.4720231126223637,1.0310701399970656,-1.593308443231602,-2.1819859510901045
-2.8074661852719327,-1.4394836963169533,1.023661837953985,-1.6734962923286048,-2.1893895607156266
-2.8398324582074856,-1.4546843665171771,1.0283778947104236,-1.730708801130142,-2.1940727000937215
-2.8358996748697956,-1.5089019012036706,1.014757265091483,-1.7170460983432116,-2.217140717855594
-2.7845153462118004,-1.6078485311020703,1.0305456136867897,-1.555789741537199,-2.203542479648163
-2.782858490899045,-1.5553681054753254,1.0155017372466784,-1.6018588135825633,-2.1988185067284984
-2.839248555290553,-1.432653943950317,1.0333261687568893,-1.7624498495435907,-2.2153529669005905
-2.8316802564974717,-1.4708067793158837,1.0104631604424024,-1.7768339892597744,-2.2079353790764817
-2.839636115670388,-1.4772706744220307,0.9970084297298516,-1.7575292314172144,-2.19388907469723
-2.8047551038513747,-1.563515865748135,1.022209126973273,-1.6666442364673006,-2.212473444627522
-2.8192750081335967,-1.4921325959356126,1.0054042212106105,-1.7315454636184384,-2.2134058508977805
-2.8564076401091043,-1.3867328010541047,1.0150275977848842,-1.8623375647701044,-2.210847652158281
-2.790975734257747,-1.5983511091781832,1.0045844627544225,-1.649192740738044,-2.2225785901539092
-2.7101032205826585,-1.7034313764376967,1.0001607076570749,-1.47134346438498,-2.196924129807933
-2.7032179432442622,-1.6486108825334644,0.9965349961957728,-1.4671779674508039,-2.1835390180280307
-2.693081105709724,-1.6231112323788555,0.9967780838548721,-1.435442793705509,-2.190533139000648
-2.6945214648806397,-1.5652402077546228,0.9994906332623681,-1.4672870649069467,-2.1934360567257074
-2.628845776877649,-1.69674543289218,1.0082972522161826,-1.2672325124383794,-2.1691645716512986
-2.6227920082277203,-1.6820759996196977,0.9942922057644337,-1.247914806573774,-2.16280578034172
-2.6505543576674624,-1.5992723620695586,1.0127027226355305,-1.3043512860462216,-2.16396695928271
-2.674794104644945,-1.5672040150285105,1.0095557344668495,-1.3757187497925163,-2.1699932030548648
-2.7052791740758306,-1.548489690112393,1.006696178394387,-1.445012691326376,-2.170875985413484
-2.764279851511033,-1.4804826793066608,1.0189057949034959,-1.5361055141973607,-2.166927840953148
-2.796989408632641,-1.4833640984694187,1.0102700034696144,-1.566720536988675,-2.1765639428348607
-2.8296523150559625,-1.4495662956472215,1.0231463285151288,-1.6885026371901186,-2.203300887493538
-2.843284288927362,-1.4976266338895952,1.0057926386231415,-1.7040800381910304,-2.2159260799064984
-2.8437090146741175,-1.5488488294664262,1.0025025358711799,-1.6679723308455403,-2.2222910091560104
-2.8279617904590446,-1.565063652220127,0.9944671186029158,-1.674602684972259,-2.2263802358965377
-2.7320064266051745,-1.7017278337207544,0.9773912675854896,-1.4446219115685839,-2.1887509654817743
-2.709378447372595,-1.6999548397701807,0.9972345662757961,-1.3193282870378602,-2.182187154595088
-2.7003013483783422,-1.6515773724435345,1.002457813901835,-1.3361703206603712,-2.179326449389763
-2.7537413386121545,-1.5060797866707671,0.9951337226227841,-1.5167121538149415,-2.173955613930377
-2.780975618232632,-1.4759418583853416,0.9961365326186926,-1.580543528691297,-2.1863227759949933
-2.720080199838351,-1.631068203308116,0.9892824468584792,-1.3819596980186433,-2.210677724186065
-2.7217051232602376,-1.6010579516764798,0.9973726969579004,-1.4336220297804587,-2.207739970079057
-2.682229541964049,-1.6719792870490782,0.9795667553504875,-1.2895794484171936,-2.177508844987462
-2.6926320180077776,-1.5901984074434043,0.9589432621806085,-1.419487365625496,-2.188388585672612
-2.759149393176536,-1.4709923090693753,0.9685489987237894,-1.5513882764188287,-2.1717467947874756
-2.771079103822868,-1.5105669059204716,0.976806909246253,-1.5595977796302476,-2.194199120719809
-2.7613654932208798,-1.5088542699605019,0.9792076098661177,-1.5793856593246771,-2.193252371107328
-2.744693211255026,-1.5918916720195642,0.9887858283056092,-1.4799788988115374,-2.1966904449929117
-2.7298516049083603,-1.6311488930029727,0.9976771895908702,-1.456183330574158,-2.188951599546381
-2.776845661742756,-1.51344647980821,1.0066225941144586,-1.5894287778532894,-2.2026928206725533
-2.8092703312423226,-1.501903839064651,1.0043540814151042,-1.6603548278432325,-2.228721013306016
-2.79690121640392,-1.5418827636350665,0.9792430206412636,-1.6370278979319688,-2.2130803093020135
-2.767813695345238,-1.6326903360976477,0.9845036729977384,-1.5392149669072033,-2.2185234306749937
-2.7061214953690285,-1.7528495447960957,0.9762215802104852,-1.3175523909076767,-2.1924363064472474
-2.6620639728537023,-1.7895303197286754,0.9844368990088952,-1.1543917148469653,-2.191429975376948
-2.629328315216342,-1.786184803705072,1.0089658663728702,-1.0483353378634475,-2.1816944446202866
-2.627963350896656,-1.7045682945330125,1.0032445348941865,-1.053174328760474,-2.177714257046402
-2.71098977244128,-1.5081647828048506,1.0097608757826242,-1.3136330383838843,-2.1784297678922564
-2.726445556507982,-1.5307866044567975,1.0010756442385726,-1.3278571923196933,-2.1881832185626613
-2.6998848896045513,-1.629915040232308,0.9943364268007651,-1.2247630142636101,-2.1696902342819704
-2.6528209979012645,-1.7193366430714427,0.9701201371562829,-1.074985924300029,-2.146663082018023
-2.6421938628044646,-1.7077294032142945,0.9887378090104665,-1.0641940877669616,-2.155144924659561
-2.7028968618988176,-1.5478694904641896,1.0153423669579242,-1.2756426165572505,-2.158255955501309
-2.700222737120295,-1.6094860805914248,1.017297651577733,-1.248025684234351,-2.170051449979338
-2.7482354104694613,-1.5250516387146869,1.0307095588685191,-1.385494242006792,-2.18091401501415
-2.792035837095962,-1.4536488005524202,1.044597379435373,-1.507934404696231,-2.178116003017949
-2.7368205577482585,-1.653883163682919,1.0428801218523798,-1.328241759130399,-2.200037356747229
-2.7630783962422196,-1.6184645530605155,1.0300655000999293,-1.4099951470127272,-2.211869515719529
-2.8356405354961667,-1.4724783400399637,1.0272135960181303,-1.5944240380856245,-2.200657227081947
-2.815771552192405,-1.5673074155124995,1.019543888950372,-1.537789523442889,-2.1991184437972726
-2.7157539095407013,-1.7122923685081315,1.018429634725415,-1.3151674488820655,-2.1773376014291776
-2.767304097897616,-1.5462302120266853,1.0235600866187473,-1.4931212881076206,-2.1724446921490266
-2.8032632765133174,-1.4583656865092889,1.0261979327910509,-1.6242740914415277,-2.1662860676001827
-2.8158790843179156,-1.5329187276511653,1.0193222898937595,-1.6134392335847154,-2.1933069194625476
-2.8094299501742803,-1.565628065717182,1.0199340203477862,-1.600428305129076,-2.2031954520543753
-2.752315737993392,-1.6860283878031086,1.0204237181308422,-1.4429332448853132,-2.1870971413539357
-2.7802432936734984,-1.5481471359827117,1.0190329342292013,-1.5718101943196885,-2.1982634435667983
-2.7767149026261757,-1.588802288765825,1.0153568300023463,-1.5353947009895896,-2.2139550623056734
-2.6959906182899314,-1.7375040977678782,1.031341155025308,-1.2960204350759195,-2.199724604458764
-2.7037468294067093,-1.644752518327112,1.0438531187842381,-1.409653089217681,-2.18743250685614
-2.75126418654511,-1.4808670808656614,1.0239965351882698,-1.601771631869462,-2.1926179813328197
-2.7907496705803165,-1.4391009932414882,1.014380839404676,-1.7199144301677913,-2.205649429704077
-2.766671928507494,-1.5901401228341248,1.0156021645111724,-1.5738941679915734,-2.202742329394418
-2.6804860502102796,-1.7233265329354586,0.9881608242409101,-1.352276603541924,-2.1787195479356996
-2.7312780302628554,-1.5471985036181557,1.0005689540898766,-1.547540445834123,-2.1777908033576416
-2.7675031122186904,-1.4234211896494968,0.9903422509237425,-1.7181233053834863,-2.169445800127527
-2.7835261788739873,-1.5005892539838508,0.995146443451943,-1.6883926750208218,-2.1563781083344855
-2.80157353557115,-1.5019220277203216,0.9937279826831464,-1.6842194531828927,-2.18470351181602
-2.7875362378884794,-1.5643528258542099,1.0123683915289268,-1.6358122110019249,-2.195666196206638
-2.7884041198946536,-1.5949679243987152,1.0287220155533616,-1.5505703967706301,-2.2083509206104877
-2.698802121079779,-1.6960104174814636,1.0145087257775554,-1.3309334040644047,-2.192481594632385
-2.6392787678528355,-1.7837119727424684,0.9984358379226587,-1.1666227558550708,-2.183146524395113
-2.628644966100987,-1.759428257565082,1.0135669977825983,-1.0807922146354325,-2.1651184896390743
-2.681219645898228,-1.5707397999226893,1.0213351062786786,-1.2888392521752583,-2.169908488960477
-2.6273527165670796,-1.671229624871933,1.031517196073331,-1.1729923717085051,-2.138282933932638
-2.5957150100692856,-1.690707829704526,1.0500168872916629,-1.102588060314087,-2.1472021510171078
-2.624319231665899,-1.6281187594814834,1.0287188788647268,-1.1767883137480801,-2.132984048836705
-2.609647859160988,-1.698948961023489,1.0199396489080332,-1.115445037339589,-2.142070416893341
-2.584534121384667,-1.7407896718617533,1.032014495224945,-1.047148294144606,-2.1291151783986497
-2.6463333243485314,-1.6606095811408128,1.0429069531881159,-1.1297262922274027,-2.157475165834555
-2.6474348812005206,-1.6740187936098316,1.0562718694120095,-1.1304386436863234,-2.1616993589357563
-2.6799841059899854,-1.5857239872303792,1.0630412735141361,-1.2357537858279042,-2.158094290476502
-2.766936901136604,-1.469963729006006,1.05108640237016,-1.4475420585544472,-2.1658839214870085
-2.7359033384581535,-1.6306613032504165,1.045757720941403,-1.291337736521002,-2.1758079638348122
-2.7771790228085784,-1.4997962354045034,1.0276236222335562,-1.4834308478840073,-2.1695000354199605
-2.8347934761274844,-1.44291518666352,1.0256913793956204,-1.6508022010912884,-2.1882336454107603
-2.884567118456546,-1.4266307140933012,1.0495448792046338,-1.7570101630132575,-2.216548571862293
-2.8947230283301564,-1.4843072777911177,1.0319335919985237,-1.750463754320678,-2.2290320364174527
-2.9058518911975693,-1.4993135569637126,1.0426278774383049,-1.7338380557590283,-2.2230066876771177
-2.899991439737907,-1.505490306227887,1.0229069307711252,-1.7373555794520912,-2.2318101401747623
-2.9139773409252756,-1.5165618717951286,1.0235661776888099,-1.770082981420861,-2.245343655040138
-2.8154882419648115,-1.6997624388079065,1.010062029351413,-1.4954582785708526,-2.2370378234663635
-2.839558652573685,-1.522843622606561,1.0094562516515975,-1.6607593036144777,-2.2245652643767033
-2.8108984271594077,-1.5111512034160939,0.9889443380183424,-1.6647344279114473,-2.2005697123395525
-2.8140016719456944,-1.484256853271472,1.0045653650768982,-1.7316531667119128,-2.1981934536716428
-2.7930003235930467,-1.5698139258157744,0.9953070790042832,-1.633811713856092,-2.203589875054911
-2.7035981982161004,-1.741306485635308,0.9818824151180464,-1.3839244324405735,-2.193311011114782
-2.6889492323384205,-1.673448423617755,0.9896608623456634,-1.3758683430858387,-2.1892188789490965
-2.6950897016303927,-1.6198221696093695,0.9645604309456731,-1.3802793648963962,-2.180935497355614
-2.6850660675706166,-1.623815128568087,0.9758210338745728,-1.3593946822917113,-2.162372566422426
-2.668195099101895,-1.6557316855671675,0.9824197142007719,-1.2978367446441135,-2.1485125368149376
-2.6351117946221825,-1.703039720557585,0.9705107368833192,-1.2091207715645214,-2.148338599632459
-2.645562995415257,-1.6402287547502152,0.9801613512865158,-1.2652029632505022,-2.1431183303866406
-2.6343098748076614,-1.6683130405265265,0.9852813877717043,-1.231496873922436,-2.1349383963595243
-2.7118162333151528,-1.4956920528266475,0.9801729709944329,-1.4600928178977863,-2.1409377359526194
-2.686309679844716,-1.634109628582982,0.9805161353288958,-1.329827474435116,-2.1471323863275744
-2.67663324111149,-1.6414517659463295,0.9979216712862614,-1.2779324082667551,-2.1581608662920218
-2.6696312908611843,-1.6830159060765,1.0223099511267342,-1.1839607535415455,-2.159202490425666
-2.680641630458337,-1.6353795360757024,1.03315510004892,-1.2355435801876884,-2.1630510982745665
-2.6975071038418186,-1.6296617635406618,1.0470250568126795,-1.276395053194616,-2.1711499556112344
-2.72156786966723,-1.5941750494431872,1.0520458464142808,-1.3596383897780357,-2.2026421571385755
-2.7983101058325173,-1.465926233322743,1.0601887485423842,-1.5680847536344034,-2.191208462598164
-2.772232306574921,-1.6127231738472427,1.063678664372316,-1.4627948513771105,-2.1818223103683194
-2.7892038635173795,-1.5706906883026235,1.065127743007059,-1.5504329270286068,-2.1943921105501416
-2.7190774713064316,-1.7190076379070724,1.0443001469189854,-1.30647370255165,-2.1667535525231667
-2.675116324079795,-1.7479555539739338,1.036086121225649,-1.2389230868472922,-2.158644506407836
-2.6580026127202427,-1.6935122021618774,1.0358395313217483,-1.2620597244808154,-2.154659665615163
-2.5969798464361675,-1.7809247036438487,1.0298435209302732,-1.1060994521314194,-2.129499963297624
-2.630053437472077,-1.6582211006267975,1.0312326730128067,-1.191681316134381,-2.1523349116396253
-2.6834753939115137,-1.564008808211769,1.0321716796275755,-1.3057438707043347,-2.161649116760048
-2.7332319775881984,-1.4924227192575372,1.0332828667773504,-1.4678324531240117,-2.1700915239956404
-2.738238918168079,-1.544625580245776,1.0407353821331635,-1.4788594710690321,-2.1718895924514143
-2.7644115867691323,-1.5268617479250166,1.0298488759096704,-1.5102457230458342,-2.176625306253183
-2.7433504399588173,-1.6099927304062094,1.027055342277581,-1.466388915420251,-2.187252776715931
-2.6860266054113513,-1.7385842371335385,1.0265675505540919,-1.2490779128978655,-2.173862361812621
-2.6388960834302204,-1.778086207317321,1.0360162359922442,-1.081825416809666,-2.1374968075318366
-2.671685686043875,-1.6429737237008009,1.0311655338786139,-1.1966161888495783,-2.1430731504365483
-2.751113668792562,-1.4708784041032428,1.0378344760622178,-1.4602724684768884,-2.1652980062614193
-2.6882843296055636,-1.6459575303977438,1.0285177512457129,-1.251543592343708,-2.164720363218275
-2.7217122526022055,-1.5965412708270206,1.0249411121448084,-1.3087609154342612,-2.1728735562600643
-2.769561112355144,-1.5055141234135403,1.0336367142216814,-1.4403746923686522,-2.185610784616609
-2.8134693673694415,-1.4339363389135666,1.0357383499590327,-1.5801066818749032,-2.2015206983573767
-2.8031101825755957,-1.5095724741324528,1.0230619288995364,-1.5867041107345525,-2.211777361861689
-2.8038131301694156,-1.5256353834505643,1.0175758188785502,-1.5788078633609948,-2.2104037474355267
-2.8413286155685356,-1.4888700514278275,1.0319398553298678,-1.6231563951472627,-2.2237344915745307
-2.863846389719468,-1.4228119539954147,1.0202748937008332,-1.7303115528998363,-2.1843783600594273
-2.79007977804636,-1.609789094881873,1.0043717858698782,-1.517534602572331,-2.189129507235487
-2.819306940969975,-1.476048960339008,0.9921242325517856,-1.6728800934356527,-2.226910893877426
-2.734417613805952,-1.6608894264340683,0.9953617006196106,-1.4350338134117293,-2.2123059793331947
-2.7776778055964875,-1.532167980234683,0.989341514096915,-1.5882331296104724,-2.191525013378386
-2.699193699119846,-1.713466878843946,0.9944366341369004,-1.387099849138123,-2.202663607109431
-2.6563427360462306,-1.7556946205916988,0.9814871414845451,-1.2556283363768432,-2.192429487118303
-2.5893194804282853,-1.8405369705866854,0.9899056451135061,-1.056170385286815,-2.17902221342945
-2.6028100860648116,-1.7545996587267052,1.0036433475421207,-1.0857573161317362,-2.1738206550749037
-2.605780033758367,-1.7363889681678715,1.017947359762785,-1.0736353042958449,-2.1701497068810633
-2.5681081143835707,-1.7627426656164542,1.0425422179420236,-0.9706292978499501,-2.163115804303852
-2.5983573105774918,-1.6995058820082503,1.0530812215705976,-1.0479400170672333,-2.1645721206115667
-2.619826797197783,-1.6633501850946477,1.054994424791774,-1.0930956959918636,-2.1642850372989826
-2.6881844915225894,-1.5582395469974082,1.0597442011951397,-1.27097688049536,-2.149158809746182
-2.765893329558317,-1.47112960960089,1.0521668441577885,-1.477608629870025,-2.166117227316267
-2.8038878495662067,-1.477748770783692,1.027089887492964,-1.555515240731396,-2.1881681556953945
-2.746807478698518,-1.6616050021293252,1.0072690514514688,-1.355077554380578,-2.181422701607187
-2.7107874847467377,-1.6946741580928226,1.0101676085657498,-1.2637841306136792,-2.183237457475433
-2.758236054007592,-1.5311801461121237,1.0260675832398574,-1.4639119873968383,-2.1774488362476156
-2.7007034041394165,-1.6742789620596852,1.0309853218100402,-1.2702798484034308,-2.167404960033763
-2.6974414185700626,-1.661855848953915,1.0121665014880532,-1.2562537155862927,-2.1628972521456027
-2.7555364429099236,-1.4899411532898,1.0003042708641707,-1.4591571575350337,-2.1612120738580347
-2.8150184771352063,-1.3885392480150491,1.0023626229388118,-1.6318334614738603,-2.1764376632154194
-2.818693910036265,-1.5184902383504846,0.9797477503652172,-1.5521840575595343,-2.1607449358756416
-2.842668899492382,-1.4903433619261661,1.0082616059103848,-1.5858344431096596,-2.178421303247832
-2.8206888294808596,-1.5679537512435473,0.9927871809410354,-1.5294679576016226,-2.1846009372930424
-2.8482737097997917,-1.4953100731307567,1.00658870847212,-1.6231882795200225,-2.1838064204447374
-2.7382311506935357,-1.6952355339605965,0.9969002143670505,-1.363788170732022,-2.193129554851303
-2.6908581016559494,-1.747890519186586,0.9857121838244032,-1.190025115931165,-2.1767225884177126
-2.681964677225433,-1.6569491084020398,0.9991668436061533,-1.279667064597746,-2.158209605926875
-2.6601719284858283,-1.707294483927439,1.008307083146274,-1.205232336228794,-2.1736699056343434
-2.688119852190946,-1.6171199219027206,1.026904614052531,-1.3172571702735874,-2.1529344622029774
-2.6577126707929137,-1.6200618828982774,1.0469506242538826,-1.2793278343538887,-2.148553870319218
-2.7202957203216456,-1.4614025949123088,1.0272284661827555,-1.4488023802729568,-2.148108105726113
-2.7867691450278356,-1.4172763685503242,1.036354505467824,-1.5776732035932386,-2.181284152634907
-2.7934071717825555,-1.5097534198637421,1.0434850444107564,-1.5674789497796875,-2.1928227590715417
-2.8152778304054036,-1.4820581364619656,1.0271796515780667,-1.6711436868666114,-2.213008079700693
-2.78453878384977,-1.6029162467843303,1.0337131990886548,-1.5546867987884345,-2.2290054518707865
-2.7716525720700234,-1.5852482176527019,1.026538170633291,-1.5198428669221173,-2.223332372708302
-2.715019402235106,-1.7106642882292558,1.0384444938390325,-1.3656623683918117,-2.2116698191754236
-2.7456236512973837,-1.5672639248680555,1.0336143426137068,-1.5301554118805714,-2.1896829631344055
-2.785015661067785,-1.4960781935208987,1.0432236699970014,-1.6552530872620312,-2.1943587988260247
-2.8344512897027774,-1.4258256491388064,1.0443448809894693,-1.7819888923162852,-2.2004245561733007
-2.866934094278023,-1.4040713512607887,1.0201559586520292,-1.8729528679947045,-2.2111899854526755
-2.904547579983882,-1.370814905790471,1.008766415157685,-2.002682077399431,-2.204889016415324
-2.84717309305495,-1.5496507430830846,0.9989423453431818,-1.7870052076642524,-2.193851984735958
-2.8844806184469802,-1.426819960695981,0.979589673863961,-1.8740774001621043,-2.225695551998543
-2.863393318425613,-1.4978565984594392,0.9703338799806334,-1.8223588856837596,-2.2242812956032423
-2.8255571162470625,-1.5666222876861782,0.9722416597901483,-1.733426171838132,-2.213352393436326
-2.8031270224254987,-1.564601495992745,0.9566026762979267,-1.6987181204383823,-2.219262387675622
-2.7581897583585477,-1.6199955616735022,0.9649358934992719,-1.5745460374974447,-2.199328467788271
-2.706808850483714,-1.6850911900481913,0.9704145555289274,-1.4525834174223526,-2.18479331603139
-2.6435409132354786,-1.7183286816760504,0.9647814610564043,-1.3352425894492423,-2.1748338974917076
-2.588692795992519,-1.8094134794370633,0.9735241015385369,-1.158800113319343,-2.1794691864562097
-2.598350941950183,-1.6909239015727304,0.975997564533013,-1.1804600454670704,-2.1830863423880698
-2.685329560741646,-1.526821124311726,1.018916620454532,-1.3722032868566614,-2.1673333327332323
-2.6999482519812816,-1.5112774525872237,1.0056390542747828,-1.4555600513841958,-2.174765026091179
-2.7359010224623597,-1.520603709380193,1.0035561482030022,-1.4608521510207042,-2.200269637841003
-2.7328602833718767,-1.5796498580542326,1.0098553701222734,-1.4258291434501948,-2.200219538824628
-2.7251370444338123,-1.5998903535484756,1.0075939917868337,-1.4285422468489128,-2.1915656253544444
-2.7002290603788293,-1.670287583858349,0.9998082096409304,-1.3010513763581508,-2.1580897829190175
-2.7452731701376605,-1.5280416412697448,1.01016457732688,-1.437393923660367,-2.1450211069727563
-2.699240020051312,-1.6505523139021088,1.003242649803125,-1.302544218933556,-2.1406853247210083
-2.719976173831578,-1.5521641680842424,1.009472041270736,-1.4079115019322719,-2.1512967362867994
-2.766462650551888,-1.5032346253961824,1.013061676734402,-1.5515482000213705,-2.156991190510684
-2.765782185145365,-1.5101158867802527,1.0109356329113652,-1.559239619439529,-2.1538726490365887
-2.8013880169119116,-1.4266571097528287,1.0123364451267427,-1.6926216717231086,-2.165625540544341
-2.7724886110644773,-1.565157755652468,1.0126709790850832,-1.536762959874558,-2.148787878475282
-2.808724902183214,-1.4756527537334094,1.005138036321876,-1.6664102854788243,-2.173239284210144
-2.8185945906372805,-1.4581732827362799,1.013691680243064,-1.7344541094130623,-2.1676270765430803
-2.8666210658197557,-1.4461489571552446,1.005164650526078,-1.7894713692819093,-2.19607849368451
-2.852314778580337,-1.4621606720466793,0.9998986825080796,-1.7990935023523438,-2.1965001014375614
-2.852942150424816,-1.3993433205877515,0.9960523936275569,-1.886766201485151,-2.1748960831939907
-2.887529556008903,-1.363000481399969,0.979752306134826,-2.0040749710841292,-2.1740124974835653
-2.857367391790345,-1.4965704066916388,0.9748915363736603,-1.8829331614014566,-2.1957826265318525
-2.8568603312756804,-1.4515553662710945,0.9759825148476564,-1.9394136190709776,-2.2058567767578636
-2.8482262776402125,-1.4381525065860692,0.9622013721114616,-1.9387932374230628,-2.2204630993494416
-2.8164701171975164,-1.5376141945466872,0.9592756005420527,-1.8345788623298755,-2.2311476255124787
-2.858493660196251,-1.4303365614864618,0.9613773137453778,-1.9446665563664731,-2.21572541117924
-2.7987999427573422,-1.532889961142241,0.9541391361169559,-1.8010486877470053,-2.230407900303581
-2.7823643767253072,-1.531746106971102,0.9575755462872867,-1.744767631535698,-2.2251573812351766
-2.6969621972578253,-1.6700981532739858,0.9726027061233679,-1.5083439492383446,-2.2009922500537886
-2.6519112013996007,-1.7336030690797084,0.9809551809240976,-1.3490722794843177,-2.1962668028420036
-2.697765730801191,-1.5545215164584736,0.9839653389381564,-1.5058152016539461,-2.198661756173095
-2.6882631176212914,-1.5873587487091692,0.9915363860152937,-1.4345086627835562,-2.193125648263134
-2.682922264194845,-1.5866939882790176,0.9987219849304176,-1.3810409436044273,-2.187092654914684
-2.6567088328309327,-1.6401502087238917,0.9871656289359276,-1.2725752944042616,-2.1794934164265274
-2.653974922349878,-1.6073188237189218,0.9897238844112374,-1.3169128324467023,-2.1531060211236017
-2.7002868887174327,-1.495881403382537,0.9956980172026378,-1.4679465669780511,-2.151507824097472
-2.773470403325765,-1.4185681175146418,1.0028312688740144,-1.6206721183901944,-2.1699153131333624
-2.708737563455288,-1.629344413502853,0.9927870101655275,-1.3885754393087595,-2.156275095793953
-2.7179673154492328,-1.5842910593552217,1.01065546574743,-1.4359686561886014,-2.178070851755518
-2.7019038571998912,-1.611865017860486,1.0196145460038906,-1.4154711836539593,-2.194501388849043
-2.7158064897537284,-1.5577146120059313,1.0277878382498085,-1.4554809857180582,-2.1909462894666984
-2.7107460431365538,-1.598250423995732,1.0152645476995636,-1.453253465776354,-2.197405908595437
-2.7012825115155294,-1.621010582660683,1.0109750018686892,-1.3858483244643123,-2.1761203297821763
-2.7182322660551197,-1.6325233534076373,1.008856157138153,-1.3732079225745004,-2.1900843842492903
-2.7215456678664904,-1.6035682912739297,1.0005002518294863,-1.4101540176912897,-2.186995664597477
-2.721304056366487,-1.6152957507799015,1.0069546805093954,-1.3968518364089875,-2.1904719254090055
-2.735966660570716,-1.6048392991065692,0.9963086870259685,-1.4090179372069047,-2.172670629939487
-2.7794263746952184,-1.4814614764234315,1.0056275882471777,-1.54171571917904,-2.167353563732988
-2.8076665803238647,-1.459967754280039,1.0143906891521215,-1.6346758807296096,-2.2011291563332906
-2.7870184080856792,-1.5722251475513616,1.0003046755559384,-1.5034636027224082,-2.1893920572121885
-2.8343693688801896,-1.4836280734985756,1.0039937497482976,-1.610976675593945,-2.197939728107315
-2.846221897646109,-1.4202086258581192,0.9939194894745011,-1.7238689391396318,-2.191271848035359
-2.774646493799365,-1.5953505646429522,1.0052561483081133,-1.5016799775524365,-2.1765271656229936
-2.7789506440058274,-1.5661166204047312,1.0142250168996396,-1.5282422242142633,-2.191121369443181
-2.735912179716418,-1.6384025742662467,1.003755465001595,-1.407779505242158,-2.169841520609797
-2.759672729539232,-1.5325806412839935,1.0091317828658126,-1.5000572054367634,-2.1848453164955766
-2.7363066706137142,-1.6285404346315426,1.0092605950864455,-1.362100074072648,-2.1728217689101452
-2.735615567727726,-1.5650596678551236,1.0138627288770947,-1.456840215067304,-2.163559642571862
-2.7000832905095438,-1.643617152082646,1.0165083421790788,-1.336049083062736,-2.1441528122527003
-2.705554388594578,-1.6015185072468912,1.0275075427554548,-1.3695279213972587,-2.1522087900214086
-2.767277964798548,-1.4490877798762276,1.0256927519835841,-1.5530799713657173,-2.1589123819560334
-2.7571049972365334,-1.5483598268319823,1.020608306042038,-1.494823089825034,-2.1485442978686713
-2.801463820822506,-1.4311242153674992,1.0105917391303394,-1.6547744417765744,-2.171765088574978
-2.846554714762588,-1.3574203021173326,1.0117987332972576,-1.8311713842001762,-2.176627313678267
-2.8652783306608716,-1.347761363789796,0.9947327776384965,-1.940075929075038,-2.2044560410529113
-2.7963719713298794,-1.5801402901060262,1.0035517716016786,-1.7052587212763548,-2.211319206591704
-2.8296905413900473,-1.5107330972855002,0.9800977357195063,-1.7982290028411594,-2.222324885582398
-2.7278722433555247,-1.6843226667726108,0.976557315406227,-1.5193303130727258,-2.1980169181680136
-2.7098454267098155,-1.6649896109570352,0.9946604088772553,-1.4236286484244869,-2.18768565864331
-2.7329299885064064,-1.5120917474875808,0.9941512011603589,-1.5784391073563766,-2.1925376193226658
-2.76485866889367,-1.477643944540862,0.9899088968057176,-1.6435319196070626,-2.196708867960006
-2.751887982048611,-1.5273135835518112,0.9958304029786116,-1.630004563411843,-2.200204833530777
-2.7417966642665372,-1.6045164011441775,1.0031813054699439,-1.544499102319097,-2.200564792567439
-2.7864369917194054,-1.5156422087573596,1.010933492941826,-1.648591476592914,-2.1915220506935147
-2.813502155419588,-1.4750406480543492,0.9880337880330216,-1.6965017961751276,-2.20615008952953
-2.794334465646956,-1.5523893278106744,1.0084381223805534,-1.6410036445102383,-2.1925041655557487
-2.83231677452753,-1.441606708719492,1.0091870643041392,-1.7724718467914307,-2.1833940084832295
-2.7677680711662402,-1.5758126689486582,0.9884225311043411,-1.5888709028403953,-2.173708618464334
-2.707598869440558,-1.6862867537844384,0.9857769744314583,-1.4143174818037385,-2.162716775834933
-2.733207498618818,-1.6028468873207988,0.9988730848333374,-1.483383922833462,-2.1887406389609807
-2.777831336054694,-1.4492423239719547,0.9847873814536381,-1.6718627908382169,-2.1809403381251666
-2.7296903415830136,-1.5680921245286477,1.0163037708599614,-1.4996339268481447,-2.1638373102715858
-2.6973995069493015,-1.6464363990512572,1.002752333949599,-1.3957994989223688,-2.179051225928431
-2.6444010041540125,-1.7308482412603476,1.0090020970000162,-1.2186618903489652,-2.169112832676468
-2.708863709567275,-1.5617862147197596,1.0184863147479886,-1.4036588761117204,-2.144023794867731
-2.6680446320142446,-1.6524478720706395,1.0311344653490553,-1.2876418727805525,-2.1620804731329746
-2.6700182559383023,-1.614270688333792,1.0506374138475998,-1.3224182596021763,-2.1712615695031987
-2.744904883066193,-1.4466785557843782,1.048927739732327,-1.5392743543170138,-2.171114437265828
-2.6800547394766125,-1.65039064226555,1.0220844763922254,-1.3066249719578817,-2.1471719493883197
-2.7216500667871046,-1.5993420679710741,1.040522905653131,-1.3409872415772282,-2.163732340483722
-2.734942028208524,-1.6058520395857085,1.0444954086243625,-1.3550037773495813,-2.1774794491408582
-2.7615243710074275,-1.5266691528726921,1.049831330535719,-1.4964008159722617,-2.173823534695123
-2.7536918739128398,-1.6256536146946925,1.028115564666924,-1.4275701226955804,-2.1670433733934242
-2.7558328703089514,-1.6336956034271917,1.0372567673796822,-1.3950688939911193,-2.178847508016686
-2.718857935273514,-1.7183699354600797,1.0390740114591712,-1.260968367451772,-2.1846960219637173
-2.7547556314220056,-1.5884704704776171,1.040398417388919,-1.3895303583229077,-2.172888550116487
-2.7942571505832587,-1.5043083331906253,1.0338005119773346,-1.5232895649472722,-2.197201075947442
-2.745409122433618,-1.6679369679120122,1.0175458530123556,-1.3697703777032846,-2.1791870073018362
-2.7272249980136345,-1.6634292120901795,1.039720020796196,-1.319450322110481,-2.1798682342181013
-2.785930717664717,-1.5349970481685844,1.0303655617681124,-1.5099046752907805,-2.1968206675783777
-2.7090192676109215,-1.7134599605667737,1.0246246231410656,-1.2803634497013454,-2.1880712460790592
-2.6858897399639186,-1.7103856069438097,1.0202573195167446,-1.2118071450876877,-2.1695595002593966
-2.6787169798826818,-1.626438936683295,1.0374397592224762,-1.2659097393907748,-2.1774038671133233
-2.6676606241693346,-1.6426046153377236,1.0345026617545465,-1.2181469683800907,-2.1773374246048465
-2.64690080273439,-1.680270085515987,1.0570860251504288,-1.1566506947185464,-2.18352871959374
-2.6541992347633383,-1.6355831964342162,1.0524957291617674,-1.1670086543011537,-2.151406060797974
-2.641019984799631,-1.6957851046167407,1.0559199164290476,-1.059268345365172,-2.1585053352834507
-2.6481114727242434,-1.6387151971207503,1.0619888015145844,-1.1392415385177377,-2.1457202424641513
-2.7022639619313424,-1.5481477318920205,1.0586547559812327,-1.2694048983220687,-2.1577794729653745
-2.7309471169903565,-1.5510652432494718,1.043523659234542,-1.3250834924103612,-2.169180417780131
-2.6737064203895753,-1.6925431639611392,1.0472572628482832,-1.1860447743882,-2.1632593899350465
-2.744704625390726,-1.5397845102118413,1.0467471120147118,-1.3519846112535865,-2.1648894544519983
-2.700973665152314,-1.6789106746517761,1.0387760807117572,-1.2243721867219,-2.1658739613149844
-2.7535362330383504,-1.5627040144296904,1.0437075832203078,-1.3744232971818517,-2.1866465140096736
-2.7505596639104684,-1.6299840888659665,1.0373006706322672,-1.3353555384521154,-2.191316302219646
-2.772824003457342,-1.5254671954567613,1.0131599550795587,-1.4554634354413458,-2.186045087342663
-2.7394410795165367,-1.630129272697948,1.0131191611557466,-1.3212888489058148,-2.192144628984808
-2.6976364840470826,-1.7000179997079066,1.019851715340552,-1.2101927052073582,-2.20507959473973
-2.698309744784931,-1.6352324684033466,1.0291486057601813,-1.2376860459517227,-2.1949289285892966
-2.6314218776630454,-1.75048838753321,1.0258196815289773,-1.0862273699952028,-2.154715262432217
-2.601605369499775,-1.7532267865613023,1.0261482483198594,-0.9990278126203271,-2.132258280106189
-2.6389875946543238,-1.609002693055873,1.040251892400962,-1.1689627388020236,-2.1428627617745994
-2.7260487683444943,-1.4982565341768599,1.0472906922268532,-1.3586559478061684,-2.1498908280413174
-2.6615369798565265,-1.6629807950975,1.052165475335908,-1.2005782208784246,-2.1425981212760155
-2.739117326024145,-1.5069076835627846,1.0389877786305584,-1.3861345903905955,-2.155528492354291
-2.795583577671694,-1.4698398062080409,1.0499866116681253,-1.5277478125751525,-2.166189493141939
-2.828949816554312,-1.4058709220728764,1.0315730907268614,-1.6857264360856392,-2.179889599836335
-2.868013734799823,-1.4498983331593724,1.0249184005998502,-1.7110993378239299,-2.2042347273785983
-2.886813878570541,-1.4670305875008378,1.0209515745339768,-1.7421890782191791,-2.215889137488256
-2.861762562320013,-1.5344909572747458,1.0158617912828871,-1.6785910918810996,-2.2208440696425167
-2.850970723369622,-1.5195718036651507,1.0165452669535182,-1.7048782721091462,-2.218148488930085
-2.878819611768239,-1.4241645353601218,1.005050454802656,-1.822170194781094,-2.237786839665636
-2.7959112916984314,-1.6367661579562702,0.9896931586477313,-1.5813032224316685,-2.217895076537198
-2.7259285046478254,-1.673696665674923,0.9779465496200873,-1.4701235341898533,-2.189228772016559
-2.6688799913392134,-1.7512437365488018,1.0019582599385015,-1.2462679090071402,-2.1827136787268167
-2.7121449914976234,-1.5353348464090892,0.9995812406295177,-1.4739075925180993,-2.1707276405683937
-2.689399533652227,-1.5575733629540558,0.9953922120352698,-1.4657439057396526,-2.162253382728242
-2.7125406861542016,-1.4999141227438895,1.005656346692683,-1.5296572497340966,-2.179295961056185
-2.766760448709739,-1.4267093385382064,1.0041532772403723,-1.6628512277791183,-2.1898921920495535
-2.833678281456257,-1.3516277691717702,0.9908097679325233,-1.8246487142748955,-2.1899444176182508
-2.7937283560807433,-1.562829133282638,0.9995931428518323,-1.6014155686907023,-2.188680257271178
-2.8088454967604792,-1.4955474416830234,0.99662859491786,-1.6945538979509005,-2.195876480801191
-2.859850696896297,-1.4129006525691055,0.9753863004310458,-1.8271497721007772,-2.202169951756566
-2.77372723706571,-1.6505139775476538,0.9738855655651335,-1.5614958263189136,-2.1755015065585828
-2.7776181541338674,-1.5602789155193832,1.0032333528269446,-1.6592475776832587,-2.196393403198679
-2.7205882739423393,-1.6300687246049126,0.9806161028920092,-1.5552269910124983,-2.191691160495432
-2.7503895195297177,-1.5791692191746445,0.9764699738565902,-1.5861640379574211,-2.196409476799595
-2.7498380297036267,-1.5690639599151384,0.9845265026494362,-1.571327910641122,-2.171938800495483
-2.7136085520352795,-1.648132286871271,0.9972371309255363,-1.4371177630301717,-2.162528273810913
-2.6381841570021827,-1.7243065112286704,0.9841190866323167,-1.2688614852164037,-2.1530434917565655
-2.5994081143802257,-1.7824334845780763,1.013642770114103,-1.1229339400358538,-2.1582219454760367
-2.5527607211283825,-1.8008841868523824,1.019812192386129,-0.9866943683909164,-2.1222922755588134
-2.6169913585705333,-1.6600669133311836,1.0342615315915586,-1.1318772715878955,-2.133367043611211
-2.615907963701422,-1.664161909745011,1.052113732453581,-1.1314521532415263,-2.1360529613417394
-2.5993563338407837,-1.7052207768238983,1.0396995899906658,-1.0523804484711838,-2.1333720704337975
-2.6665688918371115,-1.6056656339194115,1.0372070772381827,-1.203025651213606,-2.1705891537609365
-2.7153538124028844,-1.5259355492384472,1.066868143387679,-1.3228975854716114,-2.192014079144642
-2.7491852917315978,-1.5427779004823625,1.0571341328159587,-1.363932038035786,-2.1856539263903225
-2.801667213956836,-1.4398425541061164,1.0507858021872474,-1.5601201797160844,-2.196707535501759
-2.801842832682961,-1.5549817942103397,1.0437393208670513,-1.4997409100843733,-2.2033864446931495
-2.8578786789835204,-1.4723389806303997,1.0156584891557185,-1.6232626849256377,-2.2054592535436863
-2.774341518151733,-1.6670658589363179,1.0274944589148705,-1.4158513279302265,-2.186450705773667
-2.792087752591742,-1.5594561709487826,1.0338011645842349,-1.509648711272608,-2.194672239932905
-2.8425614939140997,-1.433679326443423,1.0254849531035826,-1.6925971989382473,-2.2206457125327606
-2.8606934962918675,-1.4070477914526915,1.0257631016580293,-1.7795833910824386,-2.208894772197112
-2.8650154709089106,-1.4825971487818803,1.0072241816804035,-1.739503618533956,-2.215736829496479
-2.8478131065645376,-1.499622558771057,0.9953621155739045,-1.743028966399698,-2.2062488171607333
-2.8115577936657066,-1.5734783883338954,0.9921890949532928,-1.606939930038456,-2.203211109071915
-2.8128608772506403,-1.5330154956159023,0.9798105083066315,-1.6472053021874251,-2.2109758844747573
-2.8157982051733526,-1.487156776858335,0.996554910546882,-1.7149049457685963,-2.234469359627724
-2.8572620337544494,-1.3907568747017447,0.9784687734422944,-1.8643203914240811,-2.2233151225220857
-2.843495670467523,-1.4886691751218806,0.987029908035134,-1.7684634756587334,-2.2157396555494504
-2.750675660862919,-1.6771442083958432,0.9708189455153193,-1.516315384774962,-2.1983136236013303
-2.7658817949733803,-1.599010766385283,0.9852635044906435,-1.5403204193355888,-2.183296508184545
-2.7058987866241266,-1.7198145049555322,0.9919748611240912,-1.3385902480286316,-2.1777383557860066
-2.66020054519796,-1.7355729661506412,1.008246858204831,-1.2265909992346715,-2.160727941875096
-2.6289307787294374,-1.6959389861795973,1.0274332866672402,-1.175648725324519,-2.1574192693448664
-2.6805240839754947,-1.5386475730865588,1.0339219661995203,-1.3189578409569294,-2.1643606244334332
-2.660245125124942,-1.6405327870411615,1.0394320395004661,-1.2104319667883812,-2.149077909366543
-2.632345019368243,-1.6877591116421113,1.0393962311429754,-1.11457366290336,-2.150346166620753
-2.567034938045577,-1.7758081303133046,1.0498418803952982,-0.9698344142500909,-2.131096992444587
-2.6366873385977976,-1.5873579845304866,1.0544118503352355,-1.2037515282307587,-2.1445677254982094
-2.6996727883251936,-1.5207596284819196,1.0421157213512497,-1.3213019998533355,-2.1499144704654447
-2.652443006978495,-1.6602861547031196,1.0641709756457411,-1.1369536540612626,-2.152246449275291
-2.617923282956658,-1.7654021033699172,1.0607095029286733,-0.9816984549796862,-2.1518832896499562
-2.6357572882643536,-1.671355796076884,1.0430645730150854,-1.0981162622484064,-2.1510408131874046
-2.6201219643626708,-1.7023709983579487,1.055308128399415,-1.0503066291540604,-2.153117194097123
-2.6518765854337576,-1.6250912266406294,1.0714872205329966,-1.1571561738602403,-2.1596625821318596
-2.669358896099816,-1.6166670263001135,1.0780321749460453,-1.1806539436690964,-2.1632335505638274
-2.742542668385245,-1.4814698332558862,1.065138793598906,-1.3901244764000935,-2.167496466010036
-2.7401925922865833,-1.5906534588675223,1.0661255020615583,-1.2969096234086752,-2.1771013518541875
-2.7600995995325652,-1.5238837173157775,1.0495562704983137,-1.4045970392960787,-2.1782711829192465
-2.703323036543727,-1.688907448331257,1.0331209821065472,-1.2245789575591375,-2.158964609956318
-2.763087373589846,-1.4955562215764049,1.0447589370433896,-1.4335033829171036,-2.1529193983015507
-2.826912566856246,-1.406549701863469,1.0472394096278639,-1.6358747905996658,-2.1610088990630936
-2.8615152233986065,-1.4133938972704683,1.0134339173351274,-1.7017457573252261,-2.1773462102386314
-2.8377445645765595,-1.51095823038305,1.0307966592956093,-1.6560152567880015,-2.190425424546818
-2.7945621764055173,-1.6425009375500204,1.0164578001297995,-1.4903322353820814,-2.204197356406072
-2.8078309187546573,-1.5473992838013868,1.001923020991231,-1.6080749638076013,-2.212483017343144
-2.803290871854226,-1.5035084948313444,0.9973685112858278,-1.6776771330447322,-2.2048074649730682
-2.761230999224331,-1.6284709476295667,0.9845449349261693,-1.5203176225399095,-2.1947933194627725
-2.7388340494641326,-1.6208245432429087,0.9913923985906209,-1.462337517470264,-2.2019601722688855
-2.733732776544907,-1.5956697262932107,0.9956416130817768,-1.440793553735301,-2.1863776208483974
-2.7727073684604195,-1.4802669415626115,1.0109491757728597,-1.575162038413545,-2.1896316618745457
-2.790616598533149,-1.4743201583677439,1.0157561022462926,-1.6293008735259273,-2.213480159126611
-2.8109938149359297,-1.480948579373031,1.0114395368906153,-1.6364167276236843,-2.21941929021739
-2.8010826045576285,-1.486011772121329,0.9921752975364144,-1.6775189171358376,-2.2099646966688815
-2.767230028142147,-1.5895673033964777,0.9923241021844669,-1.5329554555579876,-2.2274308074640223
-2.7565438227278354,-1.6298855404957908,0.9886109689978203,-1.413936185323862,-2.2197338917704577
-2.660778847264127,-1.750275846939799,0.997150707154575,-1.2088635889697377,-2.196846059627951
-2.719242305107418,-1.583236356974254,1.0104945006506632,-1.357052926114918,-2.1593160266205715
-2.702376162577136,-1.587685686985433,1.007971530109772,-1.3433993826813393,-2.1788346088890025
-2.6729272252027454,-1.6060691099442583,1.016747754832731,-1.3242914380333801,-2.179677592533951
-2.664680011927116,-1.6719387733164717,1.0155467611572777,-1.2238878281753567,-2.1723022617141283
-2.6345412957599996,-1.7031596992454276,1.0113495727280095,-1.1296930871075683,-2.1655068862890827
-2.670946483724465,-1.6146917146353932,1.0116012423636744,-1.201290692575394,-2.1570268706051126
-2.65701368011482,-1.6597829509239432,1.0211267950320062,-1.1225156254834878,-2.153516828820786
-2.615537232337199,-1.73624486909295,1.0413903255988575,-0.9783607663000943,-2.1581966768319867
-2.6791862907588437,-1.5719938879197102,1.0599728773226682,-1.1646562157331792,-2.142992920947682
-2.6804845496945866,-1.6227649555933572,1.0651554382615505,-1.173273183074313,-2.1437948169253667
-2.6818541220040752,-1.6315091205146852,1.0596233348223827,-1.148856254236734,-2.1783562198427426
-2.6988003759216954,-1.6483863025136185,1.0587885778150834,-1.1928707649989727,-2.1879325450740468
-2.754751476808653,-1.5262454326627481,1.0492946763591862,-1.3734366684209562,-2.1804590497559677
-2.73878983822942,-1.616512559846243,1.0479630072948423,-1.2775459185675448,-2.1821279970144154
-2.775404948267699,-1.5175274270649222,1.0412440901925755,-1.4309968323636841,-2.201578818410438
-2.8401669148612503,-1.410775907322992,1.0477757861173234,-1.6143917543551365,-2.184376315327287
-2.8682474266336486,-1.4506809990154692,1.040442296906644,-1.662828171638893,-2.206939020740029
-2.8418674826482153,-1.5061073099414655,1.0265888042184559,-1.5695131823629183,-2.1751940991605467
-2.837033690866692,-1.4826004012847716,1.0347559524496446,-1.6565951401209682,-2.1866563417691034
-2.8220191195847284,-1.5348371057334815,1.0159880942708948,-1.5995815883293074,-2.203513999389527
-2.7830041868980073,-1.6013507854189444,1.0074760715973634,-1.5137208965115645,-2.1973748581264116
-2.7572948727800717,-1.575142702066289,1.023838854148883,-1.4958357916605756,-2.171372261695309
-2.7426543504928023,-1.6322436761164802,1.0112925630459377,-1.4065185815825447,-2.1724597016543132
-2.6940635742241805,-1.7264541031065461,1.0094342355662196,-1.219939349675426,-2.183375062397462
-2.6679539530845346,-1.7050330552374957,1.0000402219305626,-1.2157440439314398,-2.1803384905616223
-2.618842072298591,-1.746603552832241,1.0180634573982543,-1.0965620931027351,-2.152577471521986
-2.647315330873091,-1.689555409211261,1.0206869129175722,-1.1015885129072456,-2.158151593426468
-2.6851166027647673,-1.6258690858418092,1.0424748087583295,-1.1859757091263186,-2.180508701729975
-2.7247786807484005,-1.4892098632500927,1.0579024795784873,-1.4218896854590573,-2.1956522485559145
-2.6945776314441474,-1.666000923913783,1.0565392363583643,-1.225441140329438,-2.1737715999139486
-2.7321210515179963,-1.6118004504542964,1.0542377720530434,-1.3234292675916202,-2.187283858855287
-2.728424285111257,-1.5901719000572458,1.0416073370425276,-1.321789337795918,-2.1849983061643132
-2.6551812593756643,-1.7342036149304165,1.028282268229411,-1.1077202847070382,-2.1453451430886297
-2.635301414779356,-1.7297950896433685,1.0496098803470273,-1.0335975130369044,-2.143980022095213
-2.6066978986589753,-1.7717134869506403,1.0376201737346962,-0.9326424741324171,-2.147921145892712
-2.582772072242765,-1.7530803013028913,1.0283373283759893,-0.884399037109145,-2.1383545043772085
-2.5747141412679677,-1.7560960265935763,1.040329761762009,-0.8781292665303075,-2.147838887037706
-2.585396880403942,-1.7086043253607028,1.062828113933238,-0.9200435493660811,-2.154953551750131
-2.637614742991236,-1.6254627725856179,1.066833265996287,-1.038150461328593,-2.164473528446203
-2.5770587506199445,-1.760811558171007,1.061314358165837,-0.9025216501777293,-2.142714033922605
-2.5734702673837657,-1.771392266016878,1.069086568660066,-0.843729189725086,-2.1443256324430178
-2.5551593721940984,-1.7934822044296026,1.0742688907881777,-0.7647457606114998,-2.125421912196188
-2.598616293331591,-1.6880217122528909,1.0676937218080769,-0.9098797469923798,-2.136424791279736
-2.6044218352393056,-1.6993106015337378,1.0761480490919653,-0.9210604406703998,-2.137017065464567
-2.662481877302163,-1.6231953945150395,1.0862375523884333,-1.042306869511117,-2.1335905603542975
-2.654037874468203,-1.6733318305590656,1.0744477023568628,-0.962873222113048,-2.142445142427628
-2.6033189583964114,-1.7680913941880925,1.0717178589844136,-0.8441016016163778,-2.143072603366009
-2.6971649990879887,-1.5600446304611626,1.097928170573476,-1.1291465154446716,-2.152265099303261
-2.6462044025444267,-1.6971514359479625,1.0706763362085985,-1.045731513926347,-2.1400764276209094
-2.6336812076834852,-1.7539567593228527,1.0715498649605608,-0.9422697263757981,-2.155669773697668
-2.6201435542711002,-1.7846405920720358,1.0846169166275879,-0.8733207205506088,-2.154237236906116
-2.693182614045509,-1.5582236765336517,1.0788233621403656,-1.1698893477050398,-2.1409941878235763
-2.7253558310570227,-1.524214146036254,1.072190096330852,-1.2565639213057407,-2.178881991876837
-2.761427915449815,-1.514882173129226,1.0654275571589793,-1.351612929050259,-2.1852930051459514
-2.8299083511549066,-1.416758895631253,1.0679780436153385,-1.5709438544348606,-2.2055586735554966
-2.7560613791032247,-1.6405688914859493,1.0606592344117236,-1.3771148833611366,-2.1870776345421916
-2.8065367649809074,-1.458474499865653,1.0604021270495583,-1.5907569773353767,-2.17746364275214
-2.7555542918624996,-1.613601203651868,1.0414936742496854,-1.4278877059672215,-2.1703022817879316
-2.775996109655906,-1.5711779489327036,1.0423386687565406,-1.4681697979440715,-2.194215252517645
-2.7670201990320633,-1.6152073549645969,1.0427514179642408,-1.4264912034002522,-2.2005574365604876
-2.7403401922028934,-1.6419536998289146,1.063110732344979,-1.3759521137912547,-2.2037263610387883
-2.803658439252108,-1.485898005368022,1.0464484036307027,-1.5658651750526658,-2.2006449015026495
-2.7450563108199755,-1.6461986688641896,1.0478507517390547,-1.3970558996095608,-2.1789349252522765
-2.794139719440854,-1.5004711448728572,1.0586935054187006,-1.6091068460029168,-2.186843217374567
-2.772242077221414,-1.6111065142283745,1.0446264243524155,-1.5301099437363441,-2.182856560512862
-2.7878176678575803,-1.565672251229968,1.0263941037842794,-1.5765286222860588,-2.1808306914581013
-2.8422815838609248,-1.4473139503092984,1.0273105696393388,-1.7427724533657305,-2.170973832542253
-2.7570672346604987,-1.6446780548497733,1.0181437677846636,-1.5057941089782074,-2.1573262986321526
-2.8137509238895237,-1.4881378967028767,1.016405829434607,-1.6727437576162647,-2.1647889501684636
-2.796053001271901,-1.523028334045904,1.0028214495585128,-1.6219816575411015,-2.2002088735813357
-2.8058462826243047,-1.5043723491279264,0.9979181049001277,-1.6864547848476272,-2.213014232813907
-2.7425655698708566,-1.6537950823599785,0.9864479220370307,-1.484657801950401,-2.1986947474369543
-2.7474929020908108,-1.6187406471420849,1.018934418678987,-1.4887243856090369,-2.1727811682090112
-2.7562643829606364,-1.5354676320481113,1.025480590214203,-1.5636886844706213,-2.1790342785558567
-2.7379821000662967,-1.5806645374486488,1.0117605581438818,-1.525109597831467,-2.1728504122727905
-2.659877799052903,-1.697903131044011,1.009369843685886,-1.352808130624137,-2.1960603784372217
-2.6243383065533585,-1.7058328393588602,1.0170719558615744,-1.2710328491041356,-2.1743615781080368
-2.6883632072802364,-1.5295107136809405,1.0112571485959938,-1.44384817494691,-2.171940436382116
-2.630226968524475,-1.697474156178489,1.0242302566802364,-1.2328539292198941,-2.175985494785073
-2.670866449498115,-1.5874570406979727,1.019520907396966,-1.3654365283539456,-2.172612934646005
-2.7601852463535717,-1.4388524681889645,1.0217528513071095,-1.5840303991226063,-2.1628741304390453
-2.6978669179697605,-1.6602875463580247,1.0174370186268522,-1.3500848000569976,-2.1759255656128476
-2.651788809137078,-1.7460786754887025,1.0259400697786336,-1.2078299291047898,-2.1728390897576544
-2.6989321765866983,-1.648777096245592,1.026412745598552,-1.3126726598832696,-2.1624320260764267
-2.6451931958684956,-1.7568860114581428,1.0262614260426657,-1.1187819517414295,-2.158280810734239
-2.672838068458293,-1.671470539357413,1.025545156260178,-1.2201716260797224,-2.1621918943022047
-2.6970757737143196,-1.5837152704266844,1.0432510850671672,-1.31082379345424,-2.1460256018693413
-2.7357932069438666,-1.5706056295995297,1.0103876334166633,-1.3860640559094741,-2.161964677159573
-2.7185007020893313,-1.6251845146015333,1.0184804531093496,-1.350877866913286,-2.1737644385366144
-2.7446226693159312,-1.5545114849224801,0.9971319058276182,-1.4407649754378176,-2.162693079720919
-2.757370819023407,-1.5436637418581025,1.020779130217404,-1.477371569493396,-2.1771262889054404
-2.7101127532297347,-1.6742708187154292,1.002173016655521,-1.3412775876196459,-2.171784860169926
-2.7177750942080157,-1.6315578440531848,1.0040008053034613,-1.3696565490864554,-2.1749871675815684
-2.7867800830186247,-1.5067563101330022,1.02233668714253,-1.533885609849142,-2.181945968576526
-2.8071526468990324,-1.5126429805204797,1.0249794118144726,-1.569552926093954,-2.1958927382909517
-2.817036028946285,-1.5528886262437216,1.031330410633796,-1.5534370900564378,-2.185983058195264
-2.7685909592137286,-1.628135935819995,1.043284250236281,-1.4477289614894733,-2.19563641810304
-2.69112525768347,-1.7625389574705337,1.0381095673908685,-1.256418527633299,-2.1922557500042807
-2.654962532149466,-1.7694247755214496,1.047893564819181,-1.1715852879921709,-2.1629347007754487
-2.594892582246377,-1.8316246301734709,1.0476782059789338,-0.9868114156986512,-2.159980307390541
-2.6843607294603844,-1.561792200367422,1.0500432239495363,-1.2707085145469372,-2.1403675702842118
-2.643487822769913,-1.6461452717860519,1.0654533748736634,-1.1860626266879912,-2.141924155157815
-2.6962584599040444,-1.5272267032309035,1.0744015100948259,-1.3811828637043184,-2.17072497424157
-2.6720256867374617,-1.66612599106566,1.044534271847511,-1.2556671280365803,-2.158367886970073
-2.662639427576295,-1.7008723468528517,1.0656184623425282,-1.1881414931900947,-2.168383628512283
-2.669350946554723,-1.6726141361545699,1.064694079540881,-1.194202460398495,-2.1757768965322115
-2.6630465156180123,-1.6929610893544937,1.0438851548071568,-1.1569845461160937,-2.1650656022845682
-2.7354041008301,-1.5525189646593756,1.040559173662655,-1.3380505536449927,-2.1719132896115125
-2.7932552231079937,-1.4336511533633918,1.030845551139716,-1.555641238675502,-2.1879352569717745
-2.8477960790674657,-1.3909174090219096,1.027649538384128,-1.7064717917390912,-2.201236847368003
-2.798047640717718,-1.596781110699001,1.0301731737701403,-1.5314019073997043,-2.2176928848445447
-2.818686677740928,-1.5305409178686205,1.002124912280836,-1.6367864789258106,-2.2097072385231114
-2.740389611095518,-1.6623633029965812,1.0001857606474758,-1.4490636655170526,-2.187088759248052
-2.7702836562386213,-1.5340829003506904,0.9965541322784869,-1.6088452566321931,-2.1866345354211374
-2.7930021475926496,-1.544400249188678,1.0138856419411797,-1.5860517705623183,-2.2077138879204288
-2.7505146898031243,-1.6098822825627028,1.0187058834662448,-1.4728540099766463,-2.1919750004458476
-2.6815195306505,-1.7135601490742998,1.0034117111147873,-1.3021037723114632,-2.183251639241505
-2.6181113719675837,-1.7981352362920888,1.0037307456551077,-1.0860287449671278,-2.167282294466412
-2.5927297339169915,-1.77914191445883,1.0075302946527296,-1.0392345862848722,-2.1491270645211373
-2.6630573319422446,-1.5479739625917392,1.0281685294049159,-1.2754079354893382,-2.1602897489510084
-2.7213974714265965,-1.463262915102414,1.0081601030482574,-1.4299572304406425,-2.1744093814649728
-2.789164169359035,-1.380589282336854,1.0076834275188127,-1.621810950200626,-2.153423655775717
-2.7188935634231406,-1.5908666292684304,1.0069720436260852,-1.431071346081399,-2.1580002957686517
-2.73531753107881,-1.5660164787410185,1.013148892121117,-1.4610338965440546,-2.1579188217680123
-2.70525129560088,-1.657102139269946,0.9999330394135012,-1.3640162532721385,-2.1662467833239054
-2.7282703007041813,-1.6301544757172588,1.0196299802683562,-1.3700059662445165,-2.1839153805953253
-2.7089229373319115,-1.679034145543847,1.0212922516606728,-1.2995076099049836,-2.1956497621881494
-2.6837976064270603,-1.6948344111019606,1.0367814159272344,-1.2309262176818578,-2.200364410742592
-2.693866064922203,-1.6409298638998018,1.0279024472371536,-1.2926138351543888,-2.1991380282415087
-2.6673472809270606,-1.7050379786129157,1.0403170050023423,-1.1564468517078872,-2.216262432176998
-2.669634304901793,-1.6640337553270632,1.0402051761103237,-1.2047853338647645,-2.1969645524614325
-2.699088204654825,-1.593114484611025,1.0358905988773175,-1.2993285656863156,-2.1871618897288667
-2.655519181229405,-1.7092640227482614,1.0186876123405693,-1.1613514820985495,-2.1851421127937534
-2.7119316062430205,-1.5572343766820798,1.0362688673433038,-1.394451408702098,-2.1802357855720387
-2.74293460348244,-1.5621980738694488,1.0274900142174181,-1.4179860888159532,-2.182043974089651
-2.783264152201596,-1.4720587558645137,1.0333389844993401,-1.5633794250549056,-2.169403843150462
-2.842551738688403,-1.4867202985770147,1.021232620755024,-1.599328449255399,-2.171187823218649
-2.8531113213876638,-1.4605514160357662,1.020733408268162,-1.6611144133981124,-2.1714066932683127
-2.8698765150096976,-1.4427237861246573,1.0353901916487898,-1.6976300898322234,-2.1763231192328596
-2.8818897185779493,-1.3810403993126696,1.0207051412188302,-1.8100902622507933,-2.1771678492682516
-2.8639638798523848,-1.4612944405975292,0.9962888683993745,-1.7915708022264616,-2.2020947928634342
-2.796093989117204,-1.60387409494028,0.9953581834028118,-1.6336871391610621,-2.196922514066122
-2.7160134665788513,-1.7283821880237529,0.9953749916598954,-1.3967171893110724,-2.197967870124387
-2.710891254635278,-1.6331396557784879,0.9890201870490272,-1.423910006172605,-2.192703167977264
-2.6365689825707257,-1.7495014961199833,0.9741664919968241,-1.2197793452901389,-2.1948847450187903
-2.6035417472206768,-1.7573644860829176,0.9749675821478104,-1.1302118027181938,-2.1671916218042
-2.5612491982340937,-1.813035932378746,0.9761937428044729,-0.9721152756522213,-2.1617807281715073
-2.5890798953928473,-1.7049742180005087,0.9829646463559917,-1.0469108951594444,-2.1535862134782082
-2.5647816700353623,-1.7553691359448218,1.0062574194613618,-0.9724210536258451,-2.137259624512379
-2.621951572204563,-1.6442503196517022,1.0293086423739055,-1.0961494700819188,-2.130799808583583
-2.697102390224833,-1.5174912010423975,1.0373364467851272,-1.2974050972191065,-2.11837214778081
-2.774579948994875,-1.4523439432111291,1.0513586567045088,-1.4524138628296734,-2.1493160898763577
-2.761736906357328,-1.5760444116280257,1.0444590195164942,-1.3699664880953746,-2.1650283489752153
-2.7665856003622196,-1.5622632026714927,1.0424319361635974,-1.408010088174386,-2.179990721661903
-2.7647353658988676,-1.5669826534298552,1.0337958695687068,-1.434368486007943,-2.1860040170583344
-2.761151918262027,-1.5770558899437623,1.0388057420789194,-1.4152332185292447,-2.205368117681729
-2.7770889664944063,-1.5235699684235253,1.0172456582447102,-1.4849702826907174,-2.1987173269902085
-2.7266378645542093,-1.6542034845592446,1.0319465408965491,-1.3513823021943265,-2.1816320100847646
-2.7989135211895926,-1.4716164517442931,1.0187533561469144,-1.5536672278369352,-2.1804848246089326
-2.739515048593257,-1.6309505806558355,1.020422232627183,-1.355718575417185,-2.1833770803962924
-2.7793488951596217,-1.5250759360280277,1.030103648976294,-1.4923962095128127,-2.18963944300871
-2.7857727585525405,-1.5294268465143384,1.0368987114148793,-1.5251194235897614,-2.194824901752189
-2.7537613204995814,-1.6325963938158217,1.0434995836375884,-1.4031654222014511,-2.2013802971610343
-2.775107726801437,-1.5475405850733874,1.0321064209050708,-1.4993389682142746,-2.1957526278994677
-2.7032977187640306,-1.7132903850472117,1.0337699628957386,-1.322022198520438,-2.191821416732714
-2.7394769935609014,-1.5946181641004449,1.0203511235458107,-1.4625398655893174,-2.197351259900122
-2.7484083941139335,-1.5642377178756108,1.00122494441707,-1.5070659397335484,-2.2058096830618883
-2.6967263452699815,-1.6974301415209907,0.9889546986462777,-1.3372177381691444,-2.1961113733501514
-2.633119855619006,-1.7949034646175164,1.0019085278693867,-1.1603676892132313,-2.191676606400221
-2.681758433220122,-1.6391832944098967,1.0051922282841286,-1.31325900031412,-2.179073225847928
-2.6812119374574976,-1.675722271826388,1.004012873421144,-1.2277869083575013,-2.1816045205151746
-2.7497497786459792,-1.5264163731205895,0.9946476804767609,-1.4296794216188742,-2.218698317047533
-2.7703611087982076,-1.4803353116597644,1.007441007694359,-1.5359648914383723,-2.2036603685072325
-2.80512821329919,-1.495025695300595,1.020380752348312,-1.5852709979123376,-2.194779383443672
-2.7723656455599572,-1.6176053829787413,1.0186747949349866,-1.4660990654434076,-2.1928330042979796
-2.798138615790042,-1.546268635035417,1.0253858344203801,-1.5422054633497007,-2.217905761978263
-2.8434751151787423,-1.4331196212293786,1.009292054143701,-1.7258494278816878,-2.2064851282144917
-2.7555327024691483,-1.6297642529442196,1.0066274570713485,-1.497800299065456,-2.19964841839204
-2.7167176421548094,-1.674825096497501,1.027903027753079,-1.4077636259434485,-2.2000929653151537
-2.673613614304314,-1.7263511772801943,1.0308781584641586,-1.2751129387976392,-2.2038292523533305
-2.6666922665016703,-1.6991467314543416,1.044633923495165,-1.2442549970214518,-2.180761308383697
-2.706441893404124,-1.5804050592385095,1.0384137215928637,-1.4002949453509508,-2.178057943278624
-2.696649547380925,-1.5958385543242048,1.0304879466179437,-1.3703912341871807,-2.1811678748321746
-2.7281337578683202,-1.5834318247100483,1.0324087119425334,-1.418023972587406,-2.1813204966073405
-2.7107451534506177,-1.6455838025690193,1.0158109155310218,-1.3398716896024363,-2.178332400725766
-2.6567709362355036,-1.7217144411117826,1.0277039538439747,-1.1981438174502974,-2.1670470036520797
-2.628369697812595,-1.734101938089574,1.0453273816909787,-1.1340540117838784,-2.1720434959834507
-2.6848439502337627,-1.5708941416452018,1.0563861143547428,-1.3361812404548372,-2.1576861152057254
-2.722138222281224,-1.5373389274083835,1.0292748737676212,-1.411198150550502,-2.1656576378674037
-2.726111131576176,-1.5888241771540628,1.0407110717723969,-1.3523974165807549,-2.184573314623078
-2.775250523435904,-1.5177278442953637,1.0419462164332332,-1.4906247970108877,-2.1839068442819562
-2.7140653422958887,-1.6602167681481863,1.0304241418597633,-1.2651487588445616,-2.187532147522923
-2.684079037906488,-1.7086487841641385,1.0172458899103707,-1.20589252807335,-2.183604886525426
-2.638321517194902,-1.7497578834576448,1.0148218039926302,-1.1378160412539937,-2.178845872812985
-2.6955574174856625,-1.5347346962110329,1.0079559733632135,-1.3818605897017047,-2.165408706948031
-2.755075359725026,-1.4966770101077462,1.0246304010739868,-1.478845078147903,-2.172525338747917
-2.782277514179078,-1.4828583289405608,1.0271399054504042,-1.5151520503804583,-2.1674100634232447
-2.717785001761011,-1.682481866517102,0.9968792488793409,-1.268130475654642,-2.1663360871353654
-2.647926609411634,-1.7554221113581219,1.0116645776702982,-1.164538186767784,-2.1694744893332993
-2.6724200854432016,-1.626677103019776,1.0009344486179705,-1.2558987924143266,-2.168326069029001
-2.666437630243213,-1.6433798840070681,1.0195488859312385,-1.23639369388212,-2.1694412118780635
-2.713136052743094,-1.4830490657878204,1.0234795861561232,-1.4642040733113446,-2.175354162507856
-2.777469610523293,-1.4496410057483093,1.017035362338434,-1.548246149525342,-2.202355636168084
-2.7751998104217432,-1.513956782665402,1.0261038931995707,-1.5155373247056292,-2.1894461171449318
-2.811637215244943,-1.4722162605750269,1.0075800401186503,-1.6066706466798093,-2.1879778156475287
-2.850414470607196,-1.4007414982562258,1.0160839808605078,-1.7730832031990218,-2.1905101242564577
-2.8245351593234376,-1.5031482333126156,1.0080972999433837,-1.7066708124131829,-2.1826516841187447
-2.8337002772188926,-1.5011878676931318,1.0084740255031988,-1.7212317503058938,-2.1874525867193126
-2.8644143079098,-1.410900773517156,1.0158739467753664,-1.8256015740744285,-2.1812755154815036
-2.809393788889678,-1.5721906465190065,1.0140615825810464,-1.6485107907796395,-2.208461217540874
-2.81537806562416,-1.4725202258971561,1.0084051483704026,-1.7773426960652274,-2.2269510522423692
-2.7443310259726275,-1.6780183477847606,1.006483458184114,-1.5428539018948808,-2.229050604044192
-2.7466428641035057,-1.5918085254264227,0.9923792131735379,-1.5871256809915921,-2.20561867236997
-2.795714890592042,-1.5118889191205356,0.9827643409863582,-1.6610979609500414,-2.1996410839762848
-2.81148598822715,-1.5163180788297859,0.9951114110450078,-1.6604640385075706,-2.1896332724946412
-2.779537702160046,-1.5452583593697002,0.9966569271282228,-1.6196841535351025,-2.1941838913754195
-2.777509993574959,-1.5484818629788841,0.990356657931858,-1.6260181312410424,-2.198442449421505
-2.705735433707315,-1.6596657771409287,0.9896279920102913,-1.452874378846428,-2.1997788384302552
-2.687297791646517,-1.7078650145406549,1.0096802560271674,-1.3272723425917465,-2.1746100634890717
-2.637668953142746,-1.7327563347330681,1.0173473580676726,-1.236830014517111,-2.1597713893380828
-2.6415151519393842,-1.6119155449955622,1.0202614029658421,-1.290971293566125,-2.1541988309829065
-2.647916359152244,-1.6306870161135394,1.0226212418787117,-1.2913274759388669,-2.1332196601514783
-2.6364960121745304,-1.6850848275186971,1.0269104983649147,-1.219740729480666,-2.146774325141993
-2.711889355826457,-1.5221386857715367,1.023633016577757,-1.4284100322749729,-2.1707497218107665
-2.700667119774425,-1.606395771867055,1.025410243610444,-1.3566031358044182,-2.1783889267147614
-2.72863403474422,-1.6043151903523076,1.0294092964092083,-1.3519410610765077,-2.179815581317833
-2.69938839773552,-1.6365783940387364,1.0269249480994154,-1.314924163921326,-2.1970170826696878
-2.676908069306358,-1.7178619444651109,1.014616798232423,-1.1951539184515203,-2.193920547964893
-2.728595721469794,-1.6130290007590207,1.023974616952531,-1.3123869144221139,-2.201546850751463
-2.7266204880056053,-1.6350917939479508,1.0375508252971524,-1.3076620553014466,-2.2022326886948407
-2.676416255356155,-1.7487487071469243,1.0359471045628557,-1.1167196301340694,-2.169744542081968
-2.719325314914056,-1.5358298101188037,1.028674827471144,-1.3585706953332768,-2.1490446492958366
-2.7834223502020468,-1.4574626866631508,1.0499994490821167,-1.5262406184446349,-2.172489853182114
-2.8149172038518326,-1.4706524599849395,1.0523595109159387,-1.6019644787833358,-2.195261265781362
-2.8431587063502826,-1.4188258674616283,1.0513049253830005,-1.733862167911014,-2.2095115629623256
-2.8764458238131065,-1.3614881690330076,1.0162580878147025,-1.8407198413657064,-2.219858714402017
-2.8589670128093525,-1.523610908146567,1.0287408305811598,-1.6930173206150543,-2.214261724669782
-2.850615341100235,-1.5480165584432337,1.0247397356249541,-1.715096818024066,-2.220638185401354
-2.8361178568426113,-1.5700214403105284,1.0185895236172215,-1.6898438138613645,-2.2129789455286306
-2.7884859870548895,-1.655744493598016,1.0072825883471512,-1.5333525995710753,-2.2193276241546696
-2.7111266048441056,-1.7320559906357407,0.9768064039381683,-1.3805170040765504,-2.197117982203487
-2.6569252917799577,-1.7989504370598604,0.9743349067516504,-1.2025795534406098,-2.187775052445657
-2.6723784625050473,-1.6562281408870783,1.0140955752159901,-1.2963628618390515,-2.1649731634091567
-2.70598066878648,-1.5259914651853814,1.0094587963944814,-1.4226149805950985,-2.1569433896583994
-2.758089904013116,-1.4766345121458218,1.0173298900892358,-1.5420457801801286,-2.1725809327627683
-2.725542857908348,-1.5953600515260546,1.0169121782745791,-1.4483315097040936,-2.1607467000416296
-2.7015792105827026,-1.6773409284611036,0.9809838235297477,-1.3119531406342058,-2.17468291151089
-2.6982082308460704,-1.6460655977823397,0.9953876958880797,-1.2983162728659905,-2.1770738980880204
-2.7260726626787184,-1.615847955096812,1.0048015193526567,-1.3222774647474358,-2.1698346609939354
-2.7773883371907817,-1.506493249009325,1.001422921915156,-1.5250858400296778,-2.1779284110740442
-2.8041433383534256,-1.421956344049973,1.0248897777200527,-1.6697895010971093,-2.1840511263954028
-2.855273836919594,-1.3747927219509228,1.0283111046684414,-1.8203520959292991,-2.1956000078715467
-2.8874056426106414,-1.3637639186454216,1.0319940762602127,-1.9106721315144484,-2.2124349346095458
-2.9146005418019865,-1.3313386392131181,0.988033582094146,-2.0286571785846736,-2.219379000928657
-2.888512813687709,-1.4752704501550822,1.0030624156023118,-1.8798220192176687,-2.2279956963312633
-2.7955214561845008,-1.684722415520036,0.9778544062848992,-1.598478591839848,-2.247911767024418
-2.7086944920592306,-1.7841778401769182,0.9641722911950924,-1.3623191706068685,-2.2174560950156477
-2.6691080501138895,-1.7301624517388496,0.9644023640819624,-1.3156279492034801,-2.209346363559563
-2.6131584506709946,-1.7343585211225179,0.9724484545853139,-1.2462274994782419,-2.1964333803363876
-2.5851640425556734,-1.7597791884072573,0.9709498032663995,-1.0902587627552474,-2.177009122165468
-2.6712898298129746,-1.5611589126853256,1.000486482254371,-1.3591583761861143,-2.186914539532811
-2.644730676515534,-1.6536046377580538,1.0056422533563651,-1.2420130276144283,-2.1711154465399587
-2.727254434899958,-1.4817014639553452,1.0094731880473422,-1.4591049575052268,-2.182912407979352
-2.7738992237724527,-1.4520284762179732,1.013369473102877,-1.5707084235664135,-2.1888206771639678
-2.7831328247458305,-1.4872948672677861,1.0062544474845023,-1.6200097925107464,-2.1798257421683056
-2.8056581781094008,-1.4990985235641385,1.0079205127333015,-1.6598310474601228,-2.192879880774999
-2.764237858939607,-1.6073282508485298,1.0095867935589606,-1.5627017737133542,-2.1742249853536157
-2.8011266688073886,-1.555180024670156,1.02401231592791,-1.6157765494186955,-2.19804285679607
-2.7202036130346277,-1.6726365711445061,1.0109688890448474,-1.4538219983337544,-2.188710397868481
-2.759753799767304,-1.5199909529101054,1.021514300482238,-1.6332462951089188,-2.1818180070271533
-2.7211029889746348,-1.6306399340849362,1.0229813769829508,-1.5038694551180751,-2.205696503535959
-2.6885634694242935,-1.700244924963282,1.0200671164778645,-1.3766630402164681,-2.1984269291598295
-2.7160168396705453,-1.5873816481539136,1.0195339853742607,-1.4571923587246183,-2.1985931875370333
-2.7663054745984312,-1.5307006554616263,1.0123117054400637,-1.5250908725567252,-2.2137259714148754
-2.7728213566899007,-1.5699021592664035,0.9943848713241883,-1.4664819166060379,-2.208080381069346
-2.7685347845427235,-1.554458850821777,1.0063908096649836,-1.5127583957099033,-2.1884668431230057
-2.686788452188348,-1.663255525848322,0.9972598002962078,-1.3504706958902162,-2.1713427728407657
-2.700808178367206,-1.5908431130734546,0.9894734675926308,-1.4294329183204502,-2.139901385303946
-2.6634996172282968,-1.6591413518363842,1.002626945214424,-1.3293936177854229,-2.144918748771848
-2.638697539919762,-1.6932947504469367,0.9904586113068364,-1.2605224180245065,-2.1474906719623164
-2.605884803834634,-1.7448900698307186,1.0010092671757465,-1.1438766139886478,-2.141594199444573
-2.582236952236403,-1.7343471865592697,0.9994843035087632,-1.098772213797028,-2.149854758132475
-2.5987410213253965,-1.6896104314871594,1.0194051636557635,-1.071675379312321,-2.1307237393701444
-2.6279268937699265,-1.6467429633779775,1.035648774984536,-1.0958477571729552,-2.1487132538438463
-2.6054698098743785,-1.6925283879454498,1.0418169018974885,-1.0268496579770907,-2.15773013785378
-2.584743607328584,-1.7361003569677778,1.0590835074159557,-0.9665219516612854,-2.146133319534162
-2.627966906123201,-1.6493784286267898,1.0738346936237309,-1.0481188012917315,-2.129795675812484
-2.5972976135083496,-1.743179725557261,1.0648974949082597,-0.9562880643374083,-2.1416786728678088
-2.6515577356318896,-1.6329881371624473,1.0556104981814656,-1.1326968551808978,-2.1494075138883852
-2.731767158184615,-1.4951514902418102,1.0718166111325929,-1.3910453695940566,-2.1640865633178983
-2.7391359636969397,-1.5804427184322212,1.075990610861149,-1.3692827668622651,-2.175038674743366
-2.8047793841516557,-1.480254950794033,1.055644970352317,-1.5506727322958669,-2.1805487735764886
-2.7460047906935814,-1.6797339495293928,1.0595994492006269,-1.3729834064571234,-2.173259269163558
-2.6627760756718364,-1.802011553892779,1.0389187121313446,-1.197063545952949,-2.178845121622434
-2.706502282078478,-1.6279640510664373,1.0481288198840717,-1.317470236564795,-2.1784789661505135
-2.7486071428775256,-1.5396351748025516,1.0482418437145817,-1.4361863922558415,-2.170634128305111
-2.7890021599257593,-1.4710623238142044,1.0520986880713608,-1.5681152145143,-2.1843865606225163
-2.729150946480913,-1.6355731280284302,1.0442168731365258,-1.3285477907618501,-2.172787310327509
-2.7533787825917035,-1.5433462162232894,1.0535573176500932,-1.4700676641300137,-2.182705725294844
-2.742894657653855,-1.61132220388951,1.0455759832227791,-1.423269716139056,-2.1854806478640616
-2.701193509455573,-1.6622094293523193,1.0381851128858772,-1.3654343975710048,-2.1787557652090883
-2.6574724688825637,-1.7127065995701172,1.0052312626001008,-1.235214553675462,-2.180745543204617
-2.7360158032904116,-1.4985591574474433,1.0299157421504024,-1.4594087462151266,-2.1710613550683076
-2.643191261086045,-1.676582958745379,1.0212266477150298,-1.2737871671303318,-2.1755421296548616
-2.6973033238917123,-1.54132162444549,1.0199562519883523,-1.4407597800492806,-2.15854888836622
-2.7218801911729917,-1.5131783140184247,1.0187015080205186,-1.47926088223073,-2.1675173110676065
-2.7681059351142405,-1.4733032054494168,1.0173343916120714,-1.5782739641354642,-2.175929327572432
-2.7943766481908847,-1.4578867305915184,1.0010713573669023,-1.6647579231689094,-2.16430472031133
-2.8194917686494665,-1.4019260239441333,0.9977258112727809,-1.7891652810562058,-2.1694065282800135
-2.772716350985537,-1.596300536292261,0.9850805986817641,-1.5703152999492993,-2.192704474817332
-2.6608933444788057,-1.7635063858804112,0.9797258107092222,-1.3014311324197627,-2.1889127384933342
-2.682307129706321,-1.6522022326851336,1.0075995706544332,-1.3410965909114394,-2.1907697597782474
-2.655185062177707,-1.684133274893021,1.0162131198511304,-1.2949698155421248,-2.1887954901766182
-2.622414565293859,-1.7485707166058824,1.015448657588023,-1.127005839687935,-2.16031945002657
-2.580044980191419,-1.7632862382488599,1.0014708150579303,-1.0426291759405464,-2.1508859003405707
-2.583387368441019,-1.740337793186313,0.9958738098959109,-1.0168630061716952,-2.153627732734731
-2.566263846665356,-1.787688473982236,0.9876769310087066,-0.9038202191451717,-2.1368037556811323
-2.5222345098327477,-1.8134585181017338,1.0017744978699756,-0.8050170071015604,-2.1194687806815886
-2.6331982109931884,-1.5684282470129762,1.0286525611262636,-1.0952705488935355,-2.1314373902819646
-2.6192585938814563,-1.6446075670067009,1.0361473617056414,-1.075333436519527,-2.1314230043446702
-2.7078853936402765,-1.4958046138179215,1.0548177119689954,-1.3388787275604233,-2.1663420544659004
-2.7926656622380444,-1.4058557126763755,1.0450738605656595,-1.560531430586662,-2.1938308433375857
-2.738127611904456,-1.6178688944610184,1.0562793713918281,-1.4068503114266355,-2.1798755015237465
-2.767474281349743,-1.5415553633295114,1.0488699740167349,-1.5030871445530944,-2.1915141733625862
-2.7749400063580927,-1.5244671765523017,1.0288809600457012,-1.5422021583797239,-2.195944684694446
-2.8135577185082745,-1.5045841097784987,1.0395698488128988,-1.6040140674128145,-2.2063569358486728
-2.7424012052826092,-1.6739756391464562,1.0478553270502224,-1.390303212853646,-2.20703217659393
-2.695589782108289,-1.7414826513233677,1.0388302692757443,-1.26624376876342,-2.208001078209941
-2.6372759961497927,-1.8038657413376193,1.0305139167736064,-1.0890580850687,-2.1891443331031946
-2.665880803624027,-1.6963837606167584,1.0363624374942508,-1.171925172269127,-2.194952420011256
-2.7416730279023254,-1.4865660699713843,1.0528583857664253,-1.4355204649684186,-2.18542104107053
-2.7613039268211512,-1.483270590122721,1.0580143485947222,-1.5134521578511264,-2.2063728739984003
-2.8030587374339713,-1.4619520953749237,1.044050209805095,-1.5967534457723098,-2.194742575180194
-2.853772917999501,-1.3630762649994639,1.0502236595582781,-1.8110300255384058,-2.210505444290181
-2.861125360831469,-1.4069169162958182,1.0392923331683972,-1.825476093741764,-2.2200043833232073
-2.7758489264326074,-1.658746754598183,1.001613029069301,-1.5649183450414672,-2.230481353183042
-2.811665598083596,-1.5251856380057196,1.0081626755172557,-1.6642644607428927,-2.2307500414932555
-2.7899681197053847,-1.614720848815513,1.0044683808806134,-1.5563570324012266,-2.2186832250863073
-2.6933353457681393,-1.7383438050781908,1.0100417212911335,-1.3027166131582515,-2.20447505891602
-2.7074610828172347,-1.6697934874401057,1.01214355327322,-1.3122784256049131,-2.1974736839338727
-2.762723514684176,-1.5031155504806102,1.0059645876292,-1.521858095088457,-2.1889052716425086
-2.719946151840923,-1.6213624404064173,1.0273120609605306,-1.4143669671033197,-2.188134437303184
-2.714589804344246,-1.6012119258155773,1.0150156801218257,-1.4194971467398267,-2.201685872500815
-2.688519231594968,-1.6919321265570204,1.0268849826039548,-1.2647712093187067,-2.195410489171244
-2.6187118903863253,-1.77530719812882,1.0295295858429285,-1.0809676044435308,-2.178429498049251
-2.573077657571843,-1.804210060563627,1.0296661185030436,-0.9585194461480395,-2.18260847702819
-2.631580237843274,-1.643504042191871,1.049451684555173,-1.138325684851176,-2.171841382482763
-2.690519976021078,-1.5166585019017227,1.0444619396174049,-1.3541679826850408,-2.1933115296571954
-2.677707486362626,-1.6548965422345614,1.0166458823457742,-1.229393772885623,-2.178270931046169
-2.663706480205638,-1.6561517994138848,1.0213083608216142,-1.1740397726747271,-2.1654393175510003
-2.6244082786142306,-1.7031417093466834,1.0350583684259833,-1.065658503732462,-2.156065438474494
-2.571669312869711,-1.787740252870385,1.0314564509875177,-0.9327647741416208,-2.137386744400288
-2.615353839176728,-1.667897139122463,1.0353097228531953,-1.0277520302365757,-2.1491043254722144
-2.6790337983784545,-1.547977340721249,1.0354894248315205,-1.185889030321223,-2.1613589213925035
-2.740395620330454,-1.5190688984348193,1.0423446042380569,-1.303803485024792,-2.176737499354189
-2.7324790210877627,-1.5827836248272158,1.039030623759681,-1.279761239130879,-2.195834968194249
-2.755634711494083,-1.561361825346984,1.034039973228851,-1.326986029179511,-2.1808961055933804
-2.6988827492031913,-1.6881452242594595,1.0335759219987297,-1.1764397204086467,-2.167184192485037
-2.6367788651900286,-1.7462032974123989,1.0250782076111706,-1.0637731896210783,-2.1515159853965535
-2.6984520755864283,-1.5441304896144543,1.0414903200541539,-1.2994370650720464,-2.1591974676057712
-2.7453320820233307,-1.4844678635613868,1.042919648461291,-1.4438541784842978,-2.176652056271227
-2.8024226939062427,-1.4281070986048703,1.0203991641958905,-1.6140713280091559,-2.2121956449252558
-2.862672497551039,-1.3916845619910219,1.02976087217983,-1.7778371636899661,-2.2032856588186807
-2.8609431806429857,-1.4579647180768676,1.008807882925866,-1.7759727524656237,-2.2083779752522674
-2.892459449252947,-1.4010356208764239,1.0156481398333213,-1.8872213159058537,-2.1952678295114354
-2.8609998104424283,-1.5135894015530238,1.0112247499611304,-1.7756468155562775,-2.209327467147866
-2.772695923951493,-1.6837623020052264,1.0086721729333765,-1.4894262006335237,-2.190124635173358
-2.681597048333656,-1.7661768133003588,1.0068035914211577,-1.2628048013470845,-2.1786302083701874
-2.608335911912868,-1.8173472330598368,1.0174033331511005,-1.1034541832425528,-2.171729469663488
-2.555683723901958,-1.8172460183710157,1.0250024227703498,-0.9751578755295317,-2.1312106210563577
-2.560846812572331,-1.7567943836906552,1.0136985089485908,-0.9845733703238931,-2.1518312722713766
-2.600988862619205,-1.604519822559621,1.0415201957416333,-1.1553097618898038,-2.149645706022042
-2.683530252013721,-1.4979362520679527,1.0424406983106556,-1.3482226720985604,-2.16905790845022
-2.726226581333293,-1.4848740629625827,1.0265303275083337,-1.4017784736392516,-2.170146501170986
-2.6646529929499736,-1.6293241521851467,1.0103486465763893,-1.250001328280543,-2.1580992681188302
-2.7160403007722875,-1.5400783126935882,1.0284837235421238,-1.373776895319533,-2.1694672223781604
-2.711386735815028,-1.5970347536253735,1.0144858704848971,-1.321111112597307,-2.1718617111125917
-2.6425620575136373,-1.7320149949313242,1.013469008942851,-1.119402753734824,-2.147677789327775
-2.6287402932632276,-1.7368124695636002,1.015926434092963,-1.0597843798119497,-2.1423042203747484
-2.6479248244916915,-1.7022045226204094,1.0252986223207687,-1.0462984521217282,-2.1345406479652964
-2.625953829140332,-1.7007762757789409,1.0316321779265862,-0.9965841859380997,-2.126864632753515
-2.6908455245108183,-1.5453933740896908,1.056373836610403,-1.2069891304827087,-2.139965851006733
-2.7407767499821376,-1.4723639027869753,1.077106146407282,-1.372102084581818,-2.1489305153740967
-2.770885674589649,-1.4521679310284696,1.041771078473776,-1.45460049582818,-2.188048482498073
-2.7123403555647245,-1.6272095487427558,1.0460774415302379,-1.304929514732496,-2.1760122740694037
-2.7588403148247855,-1.53437241690686,1.0446731465230217,-1.4687523856198408,-2.176382716430939
-2.7745963429146956,-1.5071560637859964,1.0240742270236818,-1.5448606720917584,-2.179485858367058
-2.7113390559648956,-1.6596200019973304,1.000459875374876,-1.3875114823653871,-2.1779878961820303
-2.7380567048830016,-1.5841925940032802,1.0030722496624767,-1.4608635906129377,-2.1769206015256364
-2.73409697739342,-1.6126978050345395,1.0350757923407496,-1.451056375525298,-2.189471325616425
-2.723130212562744,-1.6278696461978561,1.046229546685355,-1.4294968447752463,-2.179134023265997
-2.6689302532662493,-1.7463034337537753,1.034927064159248,-1.2477640266851973,-2.1827004052467043
-2.6829639173487974,-1.6769969011371284,1.0393401359394325,-1.3057203450082402,-2.199919188354542
-2.6334724784931636,-1.755310527857384,1.0263612556561699,-1.1461697996212323,-2.206771395683923
-2.594516576245437,-1.7750183302209366,1.0320504638434957,-1.0516629204828287,-2.1682731983720522
-2.571255618657296,-1.8127347324560181,1.033363250387417,-0.9467774278493505,-2.1592748391989995
-2.669188716902086,-1.5594894873881917,1.0466473010609263,-1.2203076670882844,-2.1618152386119696
-2.6421901741393183,-1.6276197732391462,1.0495919525705861,-1.160636802128317,-2.167191102496192
-2.633102143426777,-1.6573628720971203,1.0484512794262495,-1.1617294736581805,-2.141317178298502
-2.6198468196959754,-1.686956840693524,1.0557378767113388,-1.1335684842293794,-2.1508702749468953
-2.695397349614412,-1.510279251187319,1.0792481628972914,-1.3572292104092203,-2.155974423857153
-2.7105225909918333,-1.5427470040179405,1.0862361221952135,-1.3985535819988162,-2.15678598969708
-2.789620948174108,-1.434786192137729,1.03847531098138,-1.5925347592449441,-2.167446621449228
-2.7655759685889816,-1.5716822860050257,1.0294412111341547,-1.476580077070323,-2.188404570132022
-2.72326565630205,-1.6888023775252692,1.0290716200310652,-1.3047033379426805,-2.1708710043658828
-2.731634104174707,-1.6643371884647316,1.0372102891214683,-1.357319753754857,-2.187356407937549
-2.703584892072667,-1.6738831880200375,1.045167758892335,-1.2882166479279171,-2.178869809423343
-2.7672193054313854,-1.5428962151317134,1.0546418307844176,-1.4384587831155715,-2.184855581030529
-2.8041820051173536,-1.4383614206870665,1.0407668813185451,-1.591557628946518,-2.1859221016309967
-2.8059942588103426,-1.5281046103849916,1.0196843518132104,-1.569479058999341,-2.2012972254714116
-2.8451599721496015,-1.4190184474620908,1.039046150627962,-1.724355240607983,-2.189632927272928
-2.8354622592114644,-1.4817580159344834,1.021121534938476,-1.703760710953387,-2.197482716167222
-2.803768797616971,-1.6066557428721722,1.0153499015393703,-1.555380238596399,-2.2098881650548794
-2.786456786881542,-1.6070572166925507,1.0290032791621408,-1.5087239516077626,-2.1801032862323524
-2.7126089533042603,-1.711012770789062,1.026903677031722,-1.274459767853642,-2.18036000598709
-2.739502909061294,-1.5905935840909895,1.0395225373313524,-1.445817269700037,-2.1888075710816555
-2.679679051692295,-1.7010562465134358,1.0450893448932186,-1.2630306651073764,-2.1894847622830684
-2.64235749143832,-1.7085236705871878,1.0333570442612163,-1.199054267526393,-2.2047592236943827
-2.662326268582297,-1.6440541651318923,1.0425583844489017,-1.2683396143653913,-2.1849879759725797
-2.6362303250183277,-1.7282429308437803,1.0259952518430215,-1.0751309601173977,-2.180259667989464
-2.587691649951029,-1.7853177886809732,1.0231294963440312,-0.9400862783409469,-2.1589130461262127
-2.6442644203151713,-1.6083897564318304,1.046051877166558,-1.1349389611951786,-2.166618281622672
-2.6132913877651767,-1.7046364538700414,1.0353305515398739,-0.9920100192888529,-2.1422245983052064
-2.631353046987199,-1.6454947250343168,1.038440435297159,-1.0560738605641289,-2.14648382659947
-2.6392606508225662,-1.6562205038391324,1.0407841450817543,-1.0668647368785977,-2.1537390914852304
-2.625240368238599,-1.6966273383776342,1.024320328223806,-1.028648846338074,-2.1455856755648286
-2.615161708185962,-1.7407690420687898,1.0582487822561113,-0.9498353127200113,-2.137879783370642
-2.6774718491838656,-1.5976251689732448,1.0547766561515486,-1.1552699866695764,-2.1402014352497147
-2.755486933112145,-1.4737571320565759,1.061589028319412,-1.3996864532630315,-2.1577574103183923
-2.7235477449067806,-1.6505628195162154,1.0365157400838634,-1.2675238418053458,-2.1596483666725965
-2.808957093003458,-1.4873594345961079,1.0274083087895605,-1.475211136420267,-2.1853757323359466
-2.813701641340012,-1.5278309481085286,1.043643687318021,-1.539737815786642,-2.192682640260521
-2.8393873095323894,-1.5218275747138066,1.0505525673285456,-1.5600825383517418,-2.2062284958287566
-2.850645012047693,-1.4907444502391358,1.0575749125087637,-1.6296911900930124,-2.1978530016144586
-2.871511795346506,-1.480420483771044,1.0531655509768079,-1.68932792028897,-2.214379508580337
-2.8738440701779044,-1.4299478381723056,1.0425727507194213,-1.780835485804306,-2.2039725617748247
-2.838327516913273,-1.5124184396822467,1.045166696188363,-1.7067723932023335,-2.1999388037176355
-2.8188470450364225,-1.557069468984343,1.044704539591237,-1.6798658356792897,-2.2092313039375022
-2.7716808218752,-1.6353472132539963,1.0482850450712111,-1.5549778598066852,-2.2136428940083817
-2.6785001042696,-1.7563259714384891,1.0178416100546568,-1.3360255275055093,-2.2012334270807097
-2.6897718233677126,-1.6350120569425448,1.0149988202261568,-1.4254996589100708,-2.204270672786335
-2.63536697946316,-1.771966159412506,1.0143074017394011,-1.206832115623394,-2.203980653749202
-2.5977126730813715,-1.7340359749139025,1.0046290394476252,-1.1447324185175256,-2.1940883658183274
-2.5526145568803065,-1.7770527368826454,1.0117591965197401,-1.019492294275814,-2.153942772902439
-2.5391904727828707,-1.7866194119573668,1.0096709633116978,-0.9369659360566928,-2.148552000134306
-2.579499972906176,-1.6427138378677106,1.02775111812394,-1.0731338362167966,-2.1453610824863585
-2.6515844194174787,-1.5582012925899047,1.026227896796388,-1.1885679783235394,-2.1681290692633106
-2.6629862432600997,-1.594086429893968,1.0337190270331633,-1.2072171015738644,-2.186771237396833
-2.6318862139416788,-1.727845342019762,1.023562766590608,-1.0812536305659082,-2.1668712612062646
-2.6476559826514405,-1.68207127999669,1.0348853842447008,-1.1202817136667704,-2.172357415902343
-2.6530360866057343,-1.6848297590420016,1.0390992281846487,-1.113694361153071,-2.1744780616632804
-2.7044308085754993,-1.5741622508558077,1.0368077346545812,-1.259140534937212,-2.1832477930765095
-2.7145078182817852,-1.5659926908221988,1.0183986637836562,-1.3141276111786246,-2.1758308683867247
-2.7320875288237803,-1.5970626186395158,1.0228755922066248,-1.3365647806837364,-2.1853273335547767
-2.7345922462461707,-1.59078559467602,1.0221038236143296,-1.3538833783055126,-2.1714319194002156
-2.813292551295246,-1.4662697070483028,1.0145914200796236,-1.570728053910162,-2.1907335342077956
-2.850796052619434,-1.4471407076409217,1.0118896595809577,-1.6690285848864173,-2.1984025637358484
-2.8543113855439954,-1.5125438434735379,1.009913419618798,-1.598653452351103,-2.215969172960706
-2.844051697640031,-1.5553816538931953,0.9996168397359411,-1.562242838349295,-2.18390591885685
-2.7444932823165002,-1.7324382356147112,1.0221648984758043,-1.3252672370097387,-2.181543925103532
-2.7902246018001304,-1.5366959987187374,1.0211090840218742,-1.5474590454095467,-2.188449927039289
-2.7592222917625913,-1.6221802695461656,1.0296133908325487,-1.4440275432020189,-2.183282957938371
-2.7172581296300966,-1.654235376297915,1.0252428921351815,-1.3213036189207015,-2.1840608639134924
-2.773044905869484,-1.4783306059354966,1.021258159206112,-1.560153204055899,-2.179197109117504
-2.8040265752259166,-1.4706759090885289,1.0170303665436524,-1.6165155207698179,-2.2032572278732907
-2.7269790642638014,-1.6888999481993348,1.0010916009386512,-1.3887175829527667,-2.200779435772755
-2.6481082649296797,-1.7802495633175193,0.9964374082170568,-1.192275458676005,-2.187378885145616
-2.579451604634357,-1.8417757559578225,1.0039946163811937,-1.0167343448981363,-2.147162751038298
-2.604594698808668,-1.7097501386096432,1.022860255185091,-1.1239937912038782,-2.1476933169286383
-2.560408522939149,-1.7804896421377956,1.0128184606216237,-0.9844517037348371,-2.137563691306261
-2.6461501242481074,-1.5658784207866834,1.01459957224172,-1.258021295567799,-2.1255898283272416
-2.7251990595694164,-1.4443882099595953,1.008421578109125,-1.477894683840609,-2.1469179499933735
-2.745850199314756,-1.4917659954206473,1.0121606158045706,-1.5049685811449698,-2.1488178250830017
-2.757066594050988,-1.5117009790003428,1.0114539176687911,-1.5340347072101934,-2.1576573498059224
-2.7305066199057717,-1.6255331255405363,1.0083630169563604,-1.4181058417221213,-2.1738056348950385
-2.6450493344201513,-1.7538860642000598,1.0041783231913008,-1.2464314356439963,-2.143271609270408
-2.6859185335615963,-1.6195608213677064,1.0200431618818575,-1.3686959804548275,-2.1412307648678803
-2.64364104046306,-1.7252163765690383,1.0138449886154604,-1.2033622051084685,-2.163073130930877
-2.6152867742834807,-1.7650186339891298,1.0267083736916325,-1.0804892648320223,-2.158309607540891
-2.6095983704153483,-1.7449800139372362,1.0225046238020594,-1.0446538080264434,-2.1665630140070786
-2.5442069429915457,-1.8265379593083768,1.0348076155419361,-0.8978067208426761,-2.153275690908965
-2.572656567316929,-1.7430342087721995,1.0360455211304311,-0.9715001552481498,-2.15223354691893
-2.6364991634102624,-1.6090964367296474,1.0301321552445906,-1.1560982016010404,-2.1538743007448815
-2.7048778488537595,-1.507095854226955,1.0238083005557748,-1.3185532978292156,-2.15440436788422
-2.7456392436776813,-1.502183053077871,1.0239405847060927,-1.391858441968448,-2.1692759465001803
-2.8199352554041437,-1.4366259343823458,1.0298232280369215,-1.5465690497490119,-2.171191799921085
-2.814974490995006,-1.5621079842844168,1.0223257265097807,-1.4905605268355204,-2.1899689296802918
-2.844378263192748,-1.471259477020565,1.023664267498705,-1.6290048872197629,-2.21383744486143
-2.829667981790386,-1.5355167770219353,1.0098240801556153,-1.6039172896011327,-2.2165069950748424
-2.793057027170614,-1.6650090317284412,1.0216932092039577,-1.4474595954418306,-2.2501335993241094
-2.8361632423779084,-1.5160082755387403,1.0338231274987968,-1.6419761693726096,-2.2242178597536744
-2.784462216275066,-1.6262913156480723,1.0389141753509432,-1.5036395816948331,-2.2089081180406884
-2.7083619634517024,-1.7365944280555363,1.0274605375837966,-1.2711218664210093,-2.2006902705314833
-2.674298796776099,-1.7489898237159895,1.0420835172042462,-1.1833795224709487,-2.1933692094881554
-2.6577213844694367,-1.719455567518979,1.0384011451272903,-1.163836697276499,-2.1973740351890125
-2.6500610166175647,-1.6829982110726387,1.0421148890096226,-1.1463260219938427,-2.1819841670070423
-2.6833857230390143,-1.6260159747795213,1.0468308552824566,-1.1906103923273093,-2.1711620881018163
-2.7388029545018013,-1.4708838233317079,1.0610639618249702,-1.3948673762723967,-2.1860804183457816
-2.719136929543245,-1.5879584976503482,1.0603193868348049,-1.3246963694733187,-2.170792078828641
-2.7101728092928683,-1.5865224983567472,1.0600307895706276,-1.3633085693209852,-2.1725603555935167
-2.727385610122003,-1.6113471183245336,1.049943384691745,-1.3180898157346315,-2.1842331910810158
-2.75429393709834,-1.5155978252223807,1.0626982739281583,-1.4824626602931426,-2.1945637059736347
-2.700211464273061,-1.6468304433757628,1.0524767905036205,-1.3264192987234513,-2.17493251903012
-2.643428296658084,-1.734887316492128,1.0451093012610797,-1.1807765300321458,-2.157911062713924
-2.661465352199328,-1.673098303383176,1.0344600262777377,-1.211986535025639,-2.1340711600180424
-2.7089185516164282,-1.5789266417594758,1.0352109279576351,-1.3210548370613724,-2.172732992432061
-2.7652913077423427,-1.505410729902853,1.0387365889775315,-1.4812908643341214,-2.1738377133565727
-2.7726609925963364,-1.5175804576970138,1.0366700554490096,-1.5013224235124802,-2.1833871252796295
-2.8221381120627744,-1.4400686077997122,1.0276591679800375,-1.6144052180062867,-2.1867097476441675
-2.786982862574248,-1.5462316321568939,1.0258940426476797,-1.5464166913008002,-2.1938160391223787
-2.7010736483914703,-1.7004029494382824,1.0232983108068494,-1.3073013674534664,-2.1786474286122575
-2.650776472461782,-1.7665177598133661,1.018721570180234,-1.151002295786823,-2.162003997160237
-2.588917846771609,-1.7934590856075454,1.0264646526839225,-0.9865859601966057,-2.1525389363826233
-2.591816895089413,-1.7548645995297585,1.0359352143367693,-0.9837891675378593,-2.16443862059409
-2.6282915609796267,-1.7025976068990534,1.0486192664964467,-1.0339903346215957,-2.155920734180088
-2.6209648560235506,-1.68007055305901,1.0662569463159346,-1.0347256738462256,-2.1664380008198676
-2.664620004205251,-1.631881602512006,1.0540769127293035,-1.1400281171682636,-2.1736156669986966
-2.7020879354987017,-1.6151977363339387,1.0359616706833978,-1.172466770382406,-2.1981880187473943
-2.735091087407391,-1.5512984554888514,1.0517613976143059,-1.3008014566562778,-2.22030481314448
-2.7647482228085654,-1.522377681373489,1.0317786676865441,-1.3948379809736557,-2.2209039113339046
-2.7373434460587416,-1.6161391316356863,1.042627882718868,-1.3231365228402243,-2.217808580774117
-2.727145478758068,-1.6526546222530214,1.0464090782273219,-1.28893031644062,-2.182069300078628
-2.7506314681099173,-1.5918372480477154,1.0614990578622245,-1.3333900462802937,-2.188194098910984
-2.7746438790627033,-1.550182722706747,1.0473341120262103,-1.3962265278453543,-2.1918326551318503
-2.7431436913658906,-1.614933572509678,1.052740217507887,-1.338898845054043,-2.1994688024074267
-2.740495506544371,-1.646375915311057,1.0380612323894507,-1.2630303736853306,-2.198300128529502
-2.770020555202468,-1.556223495070954,1.0448105783408899,-1.3731048323151394,-2.184367120740337
-2.783201802462483,-1.52806973944581,1.0306061319093756,-1.4405946204713693,-2.1857120348597956
-2.722784269126452,-1.6668478059706635,1.0245890920863758,-1.2735948222088966,-2.1834461756827945
-2.721234643199505,-1.6613840910860291,1.0398376996236756,-1.2781827199566953,-2.1978396321374194
-2.7513932114696353,-1.5187709540258612,1.0440864149723825,-1.4691621733065194,-2.1770542269298017
-2.7077943798562796,-1.6951559971165289,1.0476750445128176,-1.2697780979405977,-2.1860407595375078
-2.7519613293710696,-1.537063467326618,1.0363251318624525,-1.4467419841618097,-2.1773321914785
-2.7206638553295313,-1.6629132035096303,1.0549988208943766,-1.3091987338802094,-2.191295960808926
-2.7256409301852598,-1.6448204231764036,1.0281377426203946,-1.3256810296365142,-2.175294278295482
-2.718399965468718,-1.6561205438313467,1.0363278615918412,-1.3122413629108025,-2.17745813653698
-2.6515482752041684,-1.7626381835264184,1.0309842792998396,-1.1167630914909732,-2.1678740256852693
-2.713123933465308,-1.546677699204539,1.0431052065852562,-1.3429143793093583,-2.170253289728281
-2.7029497596891465,-1.5688255060444198,1.0393700410818607,-1.3480521982130627,-2.1805996758915227
-2.7799101551766103,-1.4473347872322304,1.0270170778760253,-1.5615173091358103,-2.1744393164905182
-2.747081996358371,-1.5854538913451561,1.0260723412070991,-1.4556512836733784,-2.16535063105133
-2.7914212299067955,-1.4815852126337674,1.0334473064949823,-1.6064538319783956,-2.184993370394175
-2.845184405244702,-1.4317685832099023,1.03691703854347,-1.7471022768376159,-2.205174005173628
-2.8417628452000376,-1.4901163377206172,1.0235871070227558,-1.723051793881857,-2.217991639540629
-2.7932131967352203,-1.6219370355840723,1.0079543842455427,-1.5316236720247036,-2.206908222038354
-2.776480867317143,-1.54732231724515,0.9980880083911315,-1.589812410458419,-2.1922751087189556
-2.7997611791259525,-1.5493974636118388,1.0050241329828813,-1.5737670046493901,-2.20593870902536
-2.8530776169564924,-1.4278553546129702,0.9897585336332371,-1.7260584312579217,-2.2098104383879797
-2.8270077619765823,-1.5296181907302477,0.9968250482979235,-1.6560904737590065,-2.2072639615126333
-2.7851676700081405,-1.6213046336646177,0.9954707922847125,-1.4942994578747018,-2.2242209772348125
-2.707480492771821,-1.7382579082384229,1.0094180410637337,-1.3333175195964002,-2.204558511246324
-2.7163206775385356,-1.6221164746747392,1.0266482820180467,-1.413836431289018,-2.1896582169884122
-2.762165243602879,-1.4439334093802216,1.0186398330152422,-1.605099698988874,-2.1618961090113116
-2.6826966396004255,-1.6450937720396182,1.0127888383488552,-1.3937520385335462,-2.1559955619730236
-2.6901612704468354,-1.5500200592276983,1.0064016853636875,-1.50372109102388,-2.1601145753066
-2.7472267413367284,-1.455221313138853,1.0131236172876,-1.6757696510421225,-2.1834588427773407
-2.7067391415189066,-1.6479903595768026,1.0369135561470217,-1.4368251670870065,-2.1963438180750328
-2.6404873618058433,-1.764953071116984,1.0311662461633335,-1.267164325003232,-2.197350077243429
-2.6889883738511315,-1.6378504277302304,1.0164110476165544,-1.3752217992685176,-2.2065245446233233
-2.715729852712798,-1.561218812540727,1.021392553268856,-1.4580813310084775,-2.208665247249021
-2.6846910416400034,-1.6975044714588168,1.0166217342753003,-1.2488066519994283,-2.1970369421009543
-2.7381556281114476,-1.5571119613615167,1.0165161895126769,-1.4164541369143329,-2.1749388652064505
-2.730911944307266,-1.555029322749336,1.0042040977636453,-1.4316503506733305,-2.188035673294242
-2.8123181730382627,-1.441363390747274,1.0152414489695354,-1.6008605544371166,-2.201722784180516
-2.851659860255926,-1.39591822313105,1.0195753578423614,-1.7331359390021548,-2.220218971059065
-2.9005208765886334,-1.403885107730734,1.0067809071217115,-1.822982272877719,-2.2304427389048356
-2.8796737742482423,-1.5031460114133177,1.0241461304428168,-1.768615162144736,-2.2296331728603866
-2.805382620678597,-1.6272785208334228,0.9918541014119696,-1.5867589375800535,-2.208410533794598
-2.7727653324154944,-1.6350868824277043,0.9951068121177964,-1.5554461582045838,-2.1931219445502452
-2.702050066423523,-1.7303224300143476,0.9981173526264205,-1.3510637430374945,-2.202459840871561
-2.705037145667106,-1.6381440374518879,0.995852073616576,-1.4298393198635397,-2.176767620147319
-2.6459429095068576,-1.7115755746701504,0.9780125539131517,-1.2653174942625485,-2.1618630888370993
-2.6437306383988353,-1.6724297552946763,0.9973232597896025,-1.3016923637079985,-2.1664824857042304
-2.582792162153783,-1.7731876269951194,0.9972391137624843,-1.1333152461136797,-2.1573116781709083
-2.5859021494726293,-1.7691541920210565,0.9986963102411907,-1.0719161407674078,-2.171675264553416
-2.587008516671576,-1.742165324847256,0.9968396751188722,-0.9936992126783423,-2.166395375395745
-2.629175546726224,-1.6266829565227139,1.002310126272374,-1.118474234618323,-2.158817428505216
-2.6847457962180097,-1.5150693308037166,1.0013900509804634,-1.2934323450775465,-2.155560861244775
-2.6419447548494217,-1.6781896775063965,1.0259022604243457,-1.126155793713823,-2.1491252875346585
-2.696881479428596,-1.5233231500492779,1.0184991479109344,-1.3388645758717452,-2.1557902066849737
-2.751178245108714,-1.4419825761824545,1.0180716824843128,-1.4974977292340947,-2.1571421900420558
-2.740902959613203,-1.5698959336750222,0.9970420252338867,-1.4230048214715747,-2.155399672111125
-2.7690534136938645,-1.5424214476493558,1.0218669402997815,-1.4673167367807265,-2.1817906202068515
-2.7461098286593,-1.60762662008988,1.0229438546035667,-1.4468162582055755,-2.1786188084836406
-2.684824807546943,-1.697839399546755,1.015783655280537,-1.2676067369809834,-2.174612192436813
-2.6824556472365835,-1.6424917567096453,1.008240576543577,-1.2902254928335732,-2.1673583833471697
-2.6573998884527636,-1.7442298843288595,1.0072712911955475,-1.1385534363105008,-2.146840251480217
-2.7089730488526724,-1.5759714873210293,1.0252814641988066,-1.3568932944854921,-2.157418822989925
-2.783765983105484,-1.4485111292677746,1.0062881948147044,-1.5566344097577849,-2.1680870946590547
-2.810296540997077,-1.411867259475268,1.0198629100001084,-1.6753123669296301,-2.1734309265127525
-2.8146065135278446,-1.4757823165914785,1.0227705519692225,-1.658010140443998,-2.1828164038356643
-2.837973482507434,-1.5173624354929838,1.018476435006644,-1.6262828612953961,-2.1932505403575906
-2.8550756305307248,-1.4147577658499586,1.0247401929182276,-1.8117269930839606,-2.204416339521841
-2.818193361353941,-1.585399825865854,1.0196393689782999,-1.6441078644968115,-2.2110871076933565
-2.732959756248411,-1.6980598682067967,1.015045035132644,-1.3934594101302247,-2.191556721949948
-2.7338781283162916,-1.6453458147661286,1.014066017502763,-1.4167211065032197,-2.196323683789935
-2.6921422512031277,-1.6818880826150706,1.0256146366765417,-1.3472482540080175,-2.1930462757808526
-2.6801197641479524,-1.7100222350032308,1.0251594442583225,-1.2962044099088617,-2.1895568700777757
-2.599326757390314,-1.8035949179629838,1.0180086441153413,-1.1034822387887526,-2.184032363830035
-2.6355281506060786,-1.6661087957072755,1.0280065539550043,-1.1786845789097662,-2.1661448544028348
-2.6040158721016593,-1.7016390870825746,1.0116758063639617,-1.12968673022854,-2.1483271966684314
-2.594623625522866,-1.7280547273164666,1.0385939112108946,-1.039335449235989,-2.1208905240611475
-2.550338682419321,-1.7902460838793104,1.0486939582827806,-0.9109809662370179,-2.093737021219552
-2.564311988226667,-1.7305460489723643,1.0645261731062277,-0.9395143403406924,-2.1072789838708808
-2.6383492538439297,-1.5506864731299446,1.0694126373048525,-1.2063954402341701,-2.1291397793162288
-2.663503386373205,-1.605595133591093,1.0888023465526084,-1.2116087515597689,-2.1390452482647904
-2.7092299627351126,-1.553465764885449,1.0882444358713226,-1.314371335645129,-2.172970229474896
-2.7617011282565165,-1.5025466849441431,1.0763028213349561,-1.4478489768840657,-2.198215840528248
-2.738397397573128,-1.604283323640491,1.065065257729706,-1.372430498828755,-2.19939869325576
-2.779616032861819,-1.4997596492785819,1.066191946783421,-1.528514847848991,-2.1863081082372124
-2.815136057453314,-1.477148946645322,1.0391038649475788,-1.5898543722004308,-2.1990256156964896
-2.813879385102108,-1.500837823346241,1.0365509586086796,-1.5761894532116618,-2.2040210339340445
-2.72878733731857,-1.6969522044997163,1.022496369783782,-1.319910869345295,-2.1827705631978214
-2.6509747910947654,-1.7864061171461931,1.02056588295846,-1.1124235408519487,-2.1681331456541586
-2.7361593867037524,-1.5686246344996853,1.0339630893393361,-1.3944044029408909,-2.154306842669383
-2.7736983089193523,-1.4966031922450063,1.033052825998515,-1.5205807203709452,-2.1563432353497514
-2.812811429622958,-1.4107919409141172,1.0448307038111717,-1.688058277808305,-2.160538800422841
-2.8721873961351756,-1.338777189630799,1.0379701651132236,-1.8124847896748562,-2.1908723322033654
-2.7794934053651668,-1.6278844655690328,1.0412835112442518,-1.5483827644175505,-2.19206458805022
-2.8168838397101728,-1.5281491906086935,1.0425958975251468,-1.6821996745959222,-2.1994875125841635
-2.7809782397344533,-1.5683717765811518,1.0214567416622247,-1.6109669888409544,-2.1876929582767257
-2.8030876021716464,-1.4945977672472661,1.020779662263288,-1.6960027715730945,-2.187993279220064
-2.710978725391443,-1.6855987200053364,1.018957222068482,-1.4368300282140443,-2.1858187429211875
-2.6832946124318595,-1.6833306997283997,1.0108716827183186,-1.3364508525803773,-2.1745689850554037
-2.713179777582917,-1.566181402653837,1.011956015024021,-1.4357413590498738,-2.1874874330609986
-2.7609434764884577,-1.5048124648690544,1.0157058610096363,-1.5785725703072828,-2.1718591727397816
-2.774253937523326,-1.4902535632289462,1.019825414486538,-1.6199583953817576,-2.181530481777253
-2.7277020561989085,-1.6290028227343722,1.0328024795119246,-1.507848233153737,-2.1857079224467033
-2.6870926972168356,-1.6673118902906587,1.028742444191985,-1.4256763843389222,-2.2017362920900037
-2.757720894067372,-1.5123377658862769,1.0163604830282518,-1.6241628020544792,-2.2032106769276427
-2.7344372169932902,-1.5632154710044959,1.0118200577088183,-1.5700704861751935,-2.2131003338579744
-2.7165077757021656,-1.5987428591756851,1.0108474057865915,-1.5309644085043255,-2.2163652964812486
-2.728443407141018,-1.6027151031898272,0.9785090041956124,-1.5384914634176117,-2.2001617262898336
-2.7281630907797036,-1.6333270254391516,0.9819773773870348,-1.4816025887098776,-2.190789247788742
-2.724663787556152,-1.6193378733574286,0.9930113675657111,-1.4943016657445027,-2.173118909837519
-2.699516141083474,-1.6460923215063756,0.9762557609880633,-1.4378720824898725,-2.187182405509116
-2.7274473723226644,-1.5336479318793694,0.9784480263605478,-1.568432796130761,-2.1767635934324114
-2.79558055226972,-1.4419717773249174,0.9850547370720547,-1.7009003231460837,-2.1985289515061113
-2.832381371519546,-1.4080619930957774,0.9645504937053471,-1.8530594090894372,-2.199179756707361
-2.847657660994855,-1.4733812935700865,0.9764157853239854,-1.819698723022031,-2.2131007804330727
-2.823522816763193,-1.5831151919671465,0.966720426926907,-1.7254972765371313,-2.2062165904569073
-2.8178815116625344,-1.5232954455797567,0.9661946643141942,-1.7382868142871617,-2.197284958433102
-2.8335723028916027,-1.4648947158545538,0.9932889174837581,-1.8326557550556037,-2.1998480549197588
-2.817343806043955,-1.5116908141501533,0.9740833064954015,-1.7865995298222017,-2.1915186686391404
-2.804265064732878,-1.4993518234350283,0.9784097188672166,-1.7868038033799232,-2.1765866064425556
-2.8219573228166874,-1.477353023764755,0.9666552166753779,-1.82966134458561,-2.212667594164456
-2.831350618324185,-1.4932980924070582,0.9503495530485543,-1.8185359722853438,-2.2131441253544875
-2.847583833193815,-1.4694966158235592,0.952743504238853,-1.8603360723707765,-2.2112811638368597
-2.7498667172521967,-1.6207400875041071,0.9356261905675983,-1.6323251255284208,-2.211716346273165
-2.7448513693789467,-1.6243298415929506,0.9431552943548004,-1.5796898331779095,-2.199772789279599
-2.744571904292445,-1.5896794922325983,0.9702320309482134,-1.5573331566378714,-2.214310081816969
-2.6493696539164855,-1.74239069285994,0.9653663761149283,-1.3195178377164247,-2.1984266829836225
-2.7027376585849003,-1.5778739600209204,0.9883751914321292,-1.504725286019708,-2.1941119780395586
-2.7104504223487194,-1.540668478396786,0.9868109173680824,-1.5198264518520912,-2.186878917283993
-2.65620340410417,-1.6721997705067495,0.9947226240447606,-1.3492278587186632,-2.1613689281332387
-2.702571476536468,-1.5328342358342582,1.0106718873539833,-1.4753612373191383,-2.17277481293439
-2.740263989161969,-1.4896606170424216,1.02220018572635,-1.5530427466216448,-2.1667357555347135
-2.7772282593553954,-1.4621525871720684,1.0315188531213404,-1.652983101522613,-2.193471699228783
-2.7779628644893153,-1.5388068289539263,1.0190403044312561,-1.5604036430223969,-2.191974601701952
-2.7938273269269733,-1.4577869100311074,1.0035319212270233,-1.6817808806154604,-2.195369735739749
-2.7814194227004254,-1.570386175546611,1.0020331294858882,-1.591262725491012,-2.2010411597656647
-2.773089716807845,-1.5645775043381038,1.0061329574042455,-1.612621631386975,-2.192803726107278
-2.6967121001516805,-1.7330695294228702,0.9959092904809275,-1.3471365842302114,-2.1873221182588014
-2.7167488611729507,-1.6317359032988252,1.009269822101618,-1.402864838975881,-2.1803115223795557
-2.7445110990141792,-1.548656354570217,1.0083608205375263,-1.4962849279642747,-2.1827848509640235
-2.763981514139275,-1.5418160548606115,1.0133157631998537,-1.5066294276078804,-2.1888871193615387
-2.752214600940442,-1.591043722710684,1.0161973435499372,-1.495873439681149,-2.210776612641826
-2.789001733229983,-1.4892042232897857,1.0177479820392763,-1.6082052943350198,-2.200840049989069
-2.8208859437040403,-1.4759298217063481,1.0198959810041421,-1.670685077812178,-2.219493298715969
-2.7730380888384945,-1.590656272874604,1.0230974209350205,-1.5312993057908124,-2.2183122506551394
-2.8189563813065477,-1.4607304665096044,0.9998045131735639,-1.6997576176958549,-2.195485299532498
-2.842312864057827,-1.4588770957098633,0.9999392873152875,-1.7437859859453768,-2.2143569764402637
-2.8689254047482673,-1.3656490301900963,0.9968310174592556,-1.8774166773320327,-2.2009839929284323
-2.914964579159847,-1.3286864697934153,0.9810785490012449,-1.9998703427772948,-2.1985409697963982
-2.934512062620017,-1.3462412729927107,0.9821318696920167,-2.0994391974528344,-2.2226199002795606
-2.9273293307854487,-1.3755873103749328,0.9824877134849257,-2.0669668958950154,-2.2186174613707697
-2.921458454472796,-1.4585494262276406,0.9884658977801299,-1.9764992892797955,-2.245964708480372
-2.829718067563847,-1.635975652888927,0.9701055581943941,-1.7207101843780297,-2.222636848739262
-2.7975419839135873,-1.6140845231407517,0.9452475487658119,-1.6725975638181474,-2.2084728042157997
-2.800697531912275,-1.5487664211220962,0.9512781920554666,-1.7366512283979665,-2.197949300516854
-2.782770435143841,-1.5557690487873066,0.9526601662544574,-1.6527617874925928,-2.211036940476447
-2.8162242789082534,-1.4601866413101923,0.9620417878343944,-1.766202873336964,-2.203070477883014
-2.722148495859537,-1.6340806564003243,0.9525371536871463,-1.5160959282188566,-2.1670352705178604
-2.6900610155002407,-1.670373626929003,0.9337001773141596,-1.4486249326275809,-2.161743335295101
-2.678432944454299,-1.62404637303359,0.9604417532803194,-1.4502872028438676,-2.1403278739665543
-2.6490038944166177,-1.6381258605531164,0.9596770187102655,-1.400825958801518,-2.152698441955458
-2.6313987196103317,-1.7090205187688985,0.9590805415137496,-1.2293757273939907,-2.1638454965251084
-2.5712287243445977,-1.7616039855860106,0.9847862179388686,-1.1181279891508236,-2.151182020333764
-2.6404735441044087,-1.5872812943953183,0.9942334763827598,-1.3267346529908721,-2.1301187454868016
-2.6578248557106408,-1.5917541640032877,1.0038760415287369,-1.3317736461037837,-2.1468183008410566
-2.6059316286733516,-1.7365706271895778,1.0257414994038447,-1.13770718809781,-2.1404040123799524
-2.554433899714154,-1.8205258545125693,1.031816800543916,-0.9629143363470005,-2.1208779523775196
-2.58224952718098,-1.7525229889064213,1.0324211819383031,-1.027043252954944,-2.126862541207987
-2.5863778888319873,-1.7571259051504529,1.0272427447623163,-0.9593022656881717,-2.119850706588197
-2.6122562977032957,-1.637206016882434,1.0500844354217296,-1.1164122767460098,-2.124580023646485
-2.700394767740406,-1.5272793192100456,1.065982860512137,-1.3015968781403153,-2.1389793405806112
-2.700889283631424,-1.6394492183714064,1.0552966288288703,-1.239563498978336,-2.1428692404390235
-2.7231964435057114,-1.6052516948055138,1.054489086402845,-1.3036322883426483,-2.152959364738294
-2.676855315577071,-1.7206404491582121,1.0482296375942488,-1.1907697671877209,-2.171845810544409
-2.665592768295488,-1.7314164197753992,1.0377865263027661,-1.1630414008521057,-2.1640691440223274
-2.7290653797203066,-1.5794464129413444,1.0353696632895812,-1.3734499937226698,-2.1881788630507395
-2.751736887575946,-1.5952024848348816,1.0423960132248375,-1.4054366738136446,-2.192155514827315
-2.808791445931934,-1.5082046423596656,1.057967110124085,-1.5717244299999713,-2.1947531284304826
-2.7809689789193213,-1.6407595779851887,1.0431489346649074,-1.4229405379661004,-2.199968859914365
-2.7498621433522246,-1.6955811764223383,1.0255504272205658,-1.3758498414149591,-2.1975914739142466
-2.747317901918822,-1.6708666384542643,1.0314090882378815,-1.3604193961968292,-2.1909014071381243
-2.7189083848531066,-1.655667064377449,1.032462505962883,-1.3602147242542284,-2.1865385663720547
-2.7822177846401335,-1.474426372140268,1.0303800068877822,-1.5802244461520614,-2.201353423507725
-2.7256331616837315,-1.6829681972660515,1.0246630768739002,-1.3810487728227376,-2.1853604572918
-2.7862436079770134,-1.5399083331185737,1.0281786246964992,-1.5427279600228132,-2.1888305499678338
-2.825948501278664,-1.4664031860359097,1.0275710205702229,-1.6633939736729562,-2.203132629751213
-2.813253572462435,-1.506102483331093,1.0282930771368846,-1.6515731756883556,-2.1816966541427836
-2.7756597696843,-1.5967743903134262,1.0259217710440505,-1.5363191540868817,-2.1985728780723286
-2.765018873821986,-1.6093017482971166,1.0208501404425994,-1.5385210899156638,-2.195516619358057
-2.707784909814043,-1.6745250970895675,1.0212647693698722,-1.4371549875542902,-2.196658389508484
-2.742591950232239,-1.5497600955745159,1.0245119940109386,-1.5399988107013034,-2.1795543283523124
-2.746454807787887,-1.571128064768366,1.0184172062560908,-1.5172028401686477,-2.1920308806280873
-2.7854766867492247,-1.4451709949113911,1.0103722534401003,-1.6804973278899369,-2.188371616039735
-2.78655838510299,-1.4741113600289992,1.0232166443941717,-1.6972674945105328,-2.186377801086716
-2.769258144157506,-1.525474872782886,1.0210835258834359,-1.6542253141483296,-2.193512546071358
-2.792667014988687,-1.5046409382747274,1.0228630744149265,-1.733456524361622,-2.207134814078726
-2.794823795615621,-1.5597716642966377,1.026232644497426,-1.6901451298020775,-2.2283021106623613
-2.8377745964586345,-1.4456245784251909,1.0310189992189862,-1.8159581040666115,-2.235689200804889
-2.780968103039123,-1.6153237665780453,1.00176590643139,-1.6158462644443459,-2.224994117436613
-2.816924896821513,-1.4732961674910605,0.9864108301260487,-1.7530862918297219,-2.2211463761102443
-2.8261746808612767,-1.459059272487554,0.9881148806933426,-1.846878305962625,-2.232124655563106
-2.859260063856409,-1.4267321587487494,0.9904868966953382,-1.8983776198708417,-2.2208115394687007
-2.83948032640843,-1.5200940318219283,0.9896361139946581,-1.8030757953564243,-2.2272352122348966
-2.8543983435743936,-1.4730655476552632,0.9594179214892931,-1.8734929230353337,-2.2063481363894706
-2.8052620915822426,-1.5907232761429149,0.9529997377084681,-1.7135183122060638,-2.227703844149267
-2.832906719386575,-1.5306321238360427,0.965998489991547,-1.7770300278467308,-2.214379998163203
-2.748686768058917,-1.6675623929837988,0.9586714511396425,-1.543265903442634,-2.2163117095348333
-2.710274731597981,-1.692075329148074,0.9851363137967114,-1.4217308215157185,-2.211890069853378
-2.6910418390721222,-1.6531784824739888,0.9876444765084095,-1.4045909226399957,-2.215333969145512
-2.658279700417267,-1.642148240201409,0.9845115555017534,-1.3186207852147631,-2.201078390916013
-2.650969572147131,-1.6551682383205177,1.0090196826845226,-1.282208941508874,-2.196075866279009
-2.7121611366424827,-1.5285737317741623,1.009895978142087,-1.468014498493942,-2.203358714000197
-2.6980297982556074,-1.6300691128310643,1.0120930474057581,-1.3676020879851958,-2.205539606396531
-2.7375865558390418,-1.5236341907116355,1.007588947015653,-1.4724274902281667,-2.1690273886882867
-2.683452165501772,-1.6852715151896078,1.004381062010969,-1.2732684069906306,-2.1700301722182225
-2.723136527433634,-1.552898209218155,1.0142777243886942,-1.4246977160097216,-2.1749064823845603
-2.7518440697129933,-1.4685442824596178,1.0098820913589042,-1.556298371825801,-2.190323465621668
-2.7780393289648693,-1.5576314700272613,1.0090408415824121,-1.4857934437492575,-2.19759224570828
-2.80015717159994,-1.5072320084191493,1.0082169880549667,-1.6047661540931712,-2.202872610004458
-2.8405776899805892,-1.431929797970668,1.0156140038574324,-1.7274447694732749,-2.2170242633150887
-2.857058910155779,-1.4391478815845982,1.0057649999765883,-1.8233678043884955,-2.2019150639105476
-2.8191278193428317,-1.5417689829987722,1.0142916730905307,-1.696122935951209,-2.2028279412879668
-2.802551001757684,-1.5652487048722923,1.0154918947423783,-1.6370976104742907,-2.183883738769519
-2.806747146606745,-1.4849384815998448,1.006363093734561,-1.7027257631829416,-2.2130867973645088
-2.7533043155736636,-1.57477820341549,0.9939056670925892,-1.5570265377434405,-2.2049751547464704
-2.807321623306045,-1.4940349153979497,0.9891394722231643,-1.6651412333818256,-2.2147706008238965
-2.775723558370407,-1.5952563596381655,0.9900327694856268,-1.5357797324535818,-2.184568550690736
-2.799787551618226,-1.490178160298039,0.9903565147569691,-1.643770937293867,-2.173554943659797
-2.7301905053598317,-1.650639900981425,0.984589045084952,-1.3894288440123028,-2.171794046923449
-2.649954349083659,-1.7613971609515506,0.9808886393952485,-1.196453015677319,-2.1462330113608648
-2.720257974203617,-1.525135731168138,0.999362619148429,-1.4446832761524036,-2.1457609899379264
-2.774810775137408,-1.432742395255602,1.0068617940941842,-1.6000062701592952,-2.1543409603866475
-2.829970024506583,-1.3740668492618466,0.9985740702223891,-1.7393879780647132,-2.1548823099469665
-2.888653174525372,-1.337916382122654,0.9898133757915869,-1.8628444172518797,-2.1823966821409364
-2.8581296384883332,-1.4881597327875316,1.0007484363512775,-1.765581676413055,-2.196118526026299
-2.8024837856207876,-1.631177320549969,0.9947169260174774,-1.638012359327929,-2.2008679970837823
-2.722807292231764,-1.7237208139769713,0.9723520092835459,-1.418148328282565,-2.172607574304887
-2.6831466361230296,-1.664343088165668,0.9799787280764237,-1.3986239985501117,-2.1733634927999015
-2.66635679553694,-1.7262293934654613,0.9739888570309175,-1.262166205732149,-2.1592040767125353
-2.7295660594768942,-1.524593037329592,0.9872510239397493,-1.4661105950673736,-2.1587602466553806
-2.658268525569136,-1.7181629525838962,0.9905805751875166,-1.2450834453900688,-2.166935060990902
-2.6305742987118665,-1.7755382511902433,0.9894843949032078,-1.1255568395723814,-2.1583910345959163
-2.622682927464833,-1.7716048404795575,0.9881205103535589,-1.0684102532242883,-2.1648024953192992
-2.5814056525206355,-1.7969303272882802,1.0020532986874744,-1.005059148194906,-2.1507276512649236
-2.574992675474138,-1.783474515238078,1.018294143826731,-0.9359721877192251,-2.14414930575706
-2.640206649096369,-1.6664948217411328,1.0517501770195592,-1.0826486664376846,-2.1572846624690447
-2.6547281975848582,-1.692977407203314,1.047589339511658,-1.0739389511208277,-2.155014506328495
-2.6942824513384425,-1.639999165279676,1.0577937504866477,-1.1938612374953341,-2.1772401084853223
-2.7749989263750994,-1.48936064285718,1.0452214795615016,-1.3939832779372126,-2.1811804231922776
-2.7967355847670787,-1.5274410018067301,1.067637167480573,-1.4523231829295138,-2.213159287441533
-2.8294158645683254,-1.4916502321986993,1.0813068551210923,-1.5309457139586131,-2.226165372683936
-2.7856554410075236,-1.592182856064518,1.0685958595427194,-1.452577659139011,-2.2155741938606286
-2.7454773381551796,-1.6940068878327994,1.0562881952492684,-1.3097258364697468,-2.169564767671388
-2.7135786773092376,-1.6983719513933857,1.0369847188210044,-1.2339482179348211,-2.1620877341426334
-2.774925365693846,-1.5141975334692461,1.0491030483338495,-1.4579151423708503,-2.179983458780645
-2.797263993402946,-1.513137344174841,1.0327122085602631,-1.500021150063893,-2.1861751887252177
-2.761978484102456,-1.6152713052081609,1.0266136187310084,-1.3867737323755873,-2.1821016842278365
-2.748020739942447,-1.6341016729414843,1.042307734696374,-1.3623058416496254,-2.1740756619509645
-2.7709955098830323,-1.498537635951887,1.0554793900298896,-1.5335712946223374,-2.157299716084053
-2.78104313379291,-1.4872367450026418,1.0356494415680204,-1.583702269723869,-2.172092229569089
-2.7812327594451443,-1.5039551461218286,1.0231251844340374,-1.5857651556043715,-2.176904081464265
-2.8154547458247587,-1.4269044264091073,1.0065893930312468,-1.7393680463054653,-2.1898560853538136
-2.813458150944471,-1.4467220459340744,1.0113575583877146,-1.7728797727485315,-2.1903948376297437
-2.808411441070226,-1.48996831704407,1.0025964485849383,-1.7696309389331089,-2.1864037974691106
-2.7644075595200683,-1.6162438162724844,0.985909990343731,-1.5438901836946135,-2.1819077464594527
-2.6765426200251703,-1.7212144092321828,0.9697099287482694,-1.3289054502707451,-2.1829791103289726
-2.7308032102350173,-1.518279916163503,0.971994172011583,-1.5373467941283336,-2.1682856036333393
-2.746310377679575,-1.5207779885025827,0.9688757239771133,-1.5678194429477754,-2.1752623765295116
-2.7176374687710396,-1.5800540774401324,0.991333256027757,-1.5126512803438175,-2.1922746939084994
-2.7219463225113723,-1.577486481112292,0.9934113212889106,-1.5238367915760247,-2.1719541298940537
-2.6572370812062402,-1.7051148581310418,0.9834264544989378,-1.3195235572553043,-2.1829153987910814
-2.707520762728478,-1.565671138442329,0.9898029106249713,-1.4869790873531332,-2.1802673243350106
-2.651992757256713,-1.659183073391647,0.9985360743657418,-1.3577419216822362,-2.159681514235565
-2.70282995464741,-1.5259389911325474,0.9879904884519478,-1.4800840737823897,-2.160882956768095
-2.7264196525380435,-1.5381485133754207,0.9875677300043851,-1.486499036201437,-2.1790527000783424
-2.6933665652295247,-1.6428768926415431,0.993982828178106,-1.369818405849566,-2.168989049018762
-2.6377309343210666,-1.7542075880821981,0.9794178873221767,-1.166172746738494,-2.160400242855165
-2.6763976382037504,-1.5808737073837251,0.9933449231733249,-1.3282985829781215,-2.1558445773362456
-2.6421718875872364,-1.6736572147773177,0.9805046016782882,-1.1971066531103634,-2.138533238082015
-2.586133332176739,-1.786863453915053,0.9879189785669452,-1.0241406775760868,-2.1327347922752415
-2.6505900340330713,-1.6138964949242882,1.0213865369009043,-1.2028837031898114,-2.140819811426122
-2.6587596841788375,-1.633904038622423,1.0058106361924435,-1.189063930722497,-2.1417691955624685
-2.6483512771400166,-1.6573813208563364,1.0430995348812904,-1.158334445376054,-2.1448261444088663
-2.630419188816947,-1.6845665366615552,1.0432298757060248,-1.1185079440202366,-2.1425889800976083
-2.6825922340372164,-1.5251882647422867,1.042169707940247,-1.3338481485086229,-2.1531080660658315
-2.6939340514245025,-1.6312659586561489,1.0386301951404713,-1.2731578226260174,-2.175065469213494
-2.67715486641296,-1.715214885211521,1.0508440119685678,-1.190238063104295,-2.1728363960863635
-2.6839921333785477,-1.724441189143587,1.0495343036381257,-1.1613209502642798,-2.164756190824134
-2.644515966106161,-1.74198327834201,1.0382367873789573,-1.0813443149773145,-2.1663593258026466
-2.6406368045179756,-1.7178903098914342,1.0226110658255547,-1.042508992107427,-2.1498643374188453
-2.6050998852354903,-1.7832395203748759,1.0186550580354368,-0.9160199538564591,-2.138775098228064
-2.5746785310142632,-1.7648233025666333,1.0296588091080399,-0.8349899634439929,-2.1403385992274573
-2.5967768765567363,-1.7208228101362497,1.047410612525408,-0.9066538575326799,-2.143683115099409
-2.687440630350399,-1.5443644873655904,1.0481303584105757,-1.1667684827863134,-2.1486548442461424
-2.62401971912464,-1.7105429177163956,1.0417361443654787,-1.03253971487801,-2.1549288191350344
-2.6036671846970902,-1.7415630869843695,1.0605756043155607,-0.9856270125253639,-2.1439649654220116
-2.679270440506975,-1.5339883713655162,1.0714865862802336,-1.2342294114564705,-2.140124145822581
-2.753509512346349,-1.448190604722639,1.0645693619710421,-1.4625046162126027,-2.1600770001657366
-2.792915702760187,-1.457452131803253,1.0431335004322335,-1.5356406706794647,-2.1761626692018883
-2.764278502832636,-1.6195528336107783,1.0593241834262663,-1.4185919470518733,-2.180237486853292
-2.7526302867955907,-1.6251791891451453,1.0541048243020539,-1.3859220155965801,-2.1687612100849454
-2.6986629498513683,-1.6879166614108518,1.061502617336829,-1.2569522341680543,-2.1723685862538527
-2.6479740208945834,-1.761208550173628,1.0616856058909032,-1.113272267593242,-2.1569311448482407
-2.629198085614555,-1.710466000215413,1.0549082411835076,-1.0989253871508748,-2.1553633185139027
-2.644605957751502,-1.6354195136892444,1.0552197755650568,-1.1751652328283895,-2.1394013644215755
-2.6433417067693443,-1.652408814171752,1.0666795894040992,-1.1718167695952197,-2.1517712918772074
-2.6764762019895656,-1.603370651476996,1.0792040571415509,-1.3072673938184918,-2.1713501105564834
-2.659345731059006,-1.6527028022759194,1.0643257204603498,-1.2374129435134227,-2.1750322038149275
-2.6702385464345957,-1.6790444369243696,1.0443034616864608,-1.1986082658488009,-2.1903535577464703
-2.719908672248722,-1.5633235520917452,1.0367407908436848,-1.3432098561459318,-2.1834844725754925
-2.771501067110527,-1.4659170986200785,1.0333077332292002,-1.5215580571448966,-2.183937503871325
-2.751065814999636,-1.5948672122406682,1.0496943435797066,-1.4412477135760215,-2.1939345859791826
-2.7553469942895386,-1.5748086527747553,1.0407028534383977,-1.475855513609649,-2.2150115862197883
-2.720446559660775,-1.6460163986417684,1.0328144513117072,-1.371694241648029,-2.1883569450302813
-2.666101936646403,-1.7683675436030915,1.042825917630429,-1.181886720326163,-2.1697134318234346
-2.692636725449067,-1.6344462602329515,1.0574083397957197,-1.319173969288606,-2.189199853969506
-2.6709343947785684,-1.6933893848709285,1.0532450972475096,-1.1871835870917016,-2.190558627688531
-2.694977697782069,-1.6698892808948775,1.0484377308308435,-1.191476128554508,-2.198857507559694
-2.6943959278730807,-1.6352239796036097,1.0578148390797668,-1.2405318800253853,-2.208196570805667
-2.6418838124510144,-1.6965094392351416,1.0596198924704017,-1.1310619679260137,-2.196747967453497
-2.6016807688832455,-1.7945475403147357,1.0492159946194466,-1.002780745937358,-2.1760225104615327
-2.6047739733645656,-1.741182660805785,1.053718643201865,-1.0067067237660337,-2.164082335363675
-2.6816907362588,-1.5400413800996413,1.0662007825800406,-1.2623439666219416,-2.167752747216939
-2.7138460038612804,-1.5446880184462914,1.0554552442951315,-1.356698201316012,-2.1819188925421518
-2.7273698761785474,-1.6029038028497038,1.0532528184445282,-1.331236100916976,-2.181787300303116
-2.652208565080389,-1.7358473626278863,1.0383970208211706,-1.1389364394501091,-2.1685995875002853
-2.699003757239068,-1.6677168651366636,1.048566459974985,-1.237904618631024,-2.1885474557571687
-2.6276052715435907,-1.7463768754899545,1.0395476099542136,-1.0903095703423769,-2.183667351136645
-2.6565860583736405,-1.6551978751555712,1.0364953430097252,-1.1701646574327378,-2.1768281212458582
-2.7137374119574895,-1.5542538211080954,1.0333247157084915,-1.3154252725753495,-2.17818289861861
-2.7179897666739135,-1.5729266689578474,1.0252805432542658,-1.295479313734788,-2.17348782607363
-2.7079695119889076,-1.650158082805989,1.025283179156236,-1.2173112043020868,-2.177733927122635
-2.636365913326083,-1.7574803724464265,1.0342070358965467,-1.0489164360695715,-2.144991029062964
-2.5753376938365276,-1.8126543048985373,1.0327043836202299,-0.8920760090254165,-2.129112837077154
-2.5948961862071673,-1.7425472414841356,1.0612113491997388,-0.9526115710952426,-2.142181564011103
-2.665451049081394,-1.5683941921838918,1.0622296282021,-1.2096916591836233,-2.133881162555971
-2.6562245217583516,-1.640508290324366,1.0559522130011036,-1.175028156965541,-2.133499067096363
-2.6804149892255875,-1.582758920380805,1.0718495804191215,-1.2490235300965262,-2.1373918801198872
-2.744300815651074,-1.5172970185383698,1.062741816028242,-1.3708782173952614,-2.1557170084037116
-2.686938295522793,-1.6807273523845505,1.0499347436941535,-1.1753428790266085,-2.151228236427814
-2.6460316531656423,-1.7413447160070714,1.0425929206023765,-1.0633543829532994,-2.137114511130807
-2.6148928433908134,-1.7046049155143455,1.0497886384818547,-1.0410055427594098,-2.135375336974478
-2.6631539601623233,-1.60752411632062,1.0530556852112685,-1.1806347441162799,-2.1445698718462927
-2.6783009352201836,-1.6023239387096022,1.0393221292410313,-1.2158098723509807,-2.1488265516597647
-2.7380929661518234,-1.5342816176766383,1.0638225937806283,-1.3419846512580627,-2.15900231272882
-2.780830151059147,-1.4591814850124936,1.0584590074342246,-1.5392285108645498,-2.1784236881063737
-2.8265509403364772,-1.434818357902415,1.060305669070195,-1.6104769691649523,-2.2046767677033063
-2.8891852973856125,-1.361523171539662,1.0423730032307177,-1.7923407293853637,-2.190805016269034
-2.9174171277433767,-1.4130427440660787,0.9989923782911388,-1.8130840302772175,-2.20674964428556
-2.9198456862103965,-1.3919615929410867,1.0051209843214188,-1.8962673779482042,-2.223012603985299
-2.955911808368092,-1.3899842496831278,0.9865078924323164,-1.9683100509786695,-2.2405195921099215
-2.948541086390332,-1.4222197134947052,0.9678556439718654,-1.9618682456110657,-2.2332587963784807
-2.934313646005319,-1.4193634696903235,0.9650229963395568,-1.983510899055617,-2.2364576908127614
-2.9343898145119782,-1.3777722604470444,0.9609727885925317,-2.073631676007175,-2.2416970204553417
-2.898464864380657,-1.4857861699216321,0.9570247078339078,-1.9589357123336941,-2.220855274955613
-2.8694755851765863,-1.5018421651505707,0.975017784346715,-1.9120927117103328,-2.219820162023206
-2.840994660198774,-1.5357706993607454,0.967092176793234,-1.8218144638136398,-2.239602193235677
-2.8522414409048884,-1.4330587655461617,0.9853037480089567,-1.8739851069498223,-2.2084172819653176
-2.800211054869709,-1.5026960205936184,0.9704987018559104,-1.747135827462415,-2.2003065332554708
-2.805660051393797,-1.4413536484116467,0.9712308617775631,-1.8327515414242288,-2.196175638811887
-2.827409946440601,-1.4170720172016822,0.9697686366019449,-1.8963196635988997,-2.1900730285440266
-2.8913253755828583,-1.3334011912925778,0.9667333781051214,-2.0111674211386346,-2.222457768076648
-2.8146727208684146,-1.516042403903501,0.9704353035646812,-1.8032383628335544,-2.2044990876101025
-2.8228026415573293,-1.4953707871388031,0.9673227231755608,-1.7871358457218,-2.2200829500735813
-2.831136668102415,-1.459836502905668,0.9632277323351649,-1.833056073573984,-2.2238831495025613
-2.8633320588939175,-1.3727445998982881,0.946383122386824,-1.947136208518315,-2.211490615036404
-2.900860733324004,-1.3578081392577153,0.9447978124283402,-2.009881060445252,-2.214353424668258
-2.8723573191401606,-1.4452878501549105,0.9611472991323671,-1.9313823850549,-2.2099492983447546
-2.8377351419165926,-1.4766034364354428,0.9453937787207023,-1.8637999744299014,-2.206777122262031
-2.7644966569659912,-1.6313296160240358,0.9595878202346891,-1.632672037805616,-2.225884504587779
-2.806778871970302,-1.4694538208680181,0.959347360199269,-1.7954807896257245,-2.2150854955576227
-2.7479376818466124,-1.583874795277926,0.9621094072237895,-1.6158816999589902,-2.1966338524372695
-2.777357970125273,-1.529304307743101,0.9501429619225914,-1.6603187424081278,-2.2185283068989965
-2.7923830845798197,-1.437332405628469,0.9679076296538439,-1.7299081391313453,-2.1931597085226855
-2.791231443518206,-1.5456783588146303,0.9544669395450115,-1.6687205012273194,-2.2035184590920722
-2.730474528328309,-1.66164036969827,0.9382143864109335,-1.4998552806356267,-2.1881512616001935
-2.6916135947071607,-1.725354747280396,0.9454573648863819,-1.3280141688725142,-2.178109080253798
-2.7351875572123623,-1.5668007200875618,0.9618629766082802,-1.4812032975873457,-2.1599998695879723
-2.7284927248976873,-1.5563555684589307,0.9530954644980885,-1.4615574515935565,-2.144471057084709
-2.6705846131916915,-1.6926073606336252,0.9618181016382771,-1.2653679303864256,-2.1154957282842974
-2.7083151595159856,-1.574983291213495,0.9779614840019863,-1.3624628282556372,-2.124189003520839
-2.689525011416683,-1.6401996639635192,0.9764527772907123,-1.301015916964669,-2.1325161578755787
-2.7297579802511476,-1.5076103208141711,0.9829356956260344,-1.4701689907216755,-2.128927816974991
-2.703653301404496,-1.6140023026814863,0.9692176782682309,-1.3906712582149208,-2.156289145271037
-2.6854208994869233,-1.6866204790595671,0.9769466149330425,-1.2657778770666606,-2.1565908331571286
-2.628807835113904,-1.7835000782423314,0.9936333463906757,-1.1056350975180869,-2.136972802499732
-2.6332076205824513,-1.6721403869598153,0.9851899985538547,-1.1773701995438353,-2.133304234951392
-2.640983344479377,-1.6491488042703173,1.0051596859510494,-1.1817673074425368,-2.1282736482494005
-2.70614925315519,-1.533159768750883,0.9915291518184935,-1.3507183886096847,-2.152899748748842
-2.7167845896426406,-1.5788863041706545,1.0153934253974326,-1.3469902663686948,-2.1818793327571786
-2.6966809918188597,-1.6292664403602284,1.0096670988280192,-1.28733794593206,-2.1808715914119383
-2.685481998274722,-1.6770474667876247,1.0077061758738042,-1.2064026865450124,-2.172014276605959
-2.6334637253019766,-1.7008846425123711,1.0053118788105597,-1.1539076339496914,-2.1597196758050834
-2.7114426425970035,-1.5294006817811114,1.02219730325265,-1.3623056233327941,-2.164840401957755
-2.6828138411397324,-1.6435200376040269,1.0229839033509627,-1.2379884699362007,-2.161574404981318
-2.750211872696355,-1.500563715658196,1.0248158006747567,-1.4677111069620874,-2.177828545063328
-2.7410172707002105,-1.583950104185482,1.0194417580607191,-1.3767204076955482,-2.1654061846525057
-2.671832876241349,-1.7169994322010944,1.0366546956885547,-1.2133580406556952,-2.1574204904248817
-2.6559706763788453,-1.7150401852608432,1.0349090366234783,-1.1483278621597364,-2.179420011396932
-2.5958229981689263,-1.7887969342284082,1.0283849462057688,-0.9939411583508565,-2.1439529696172244
-2.6585270893892985,-1.6118366964157769,1.056106470015417,-1.1760439634100257,-2.1436571381526917
-2.674279464431901,-1.5853148606648757,1.0254341862617584,-1.2290719080896657,-2.166212323182307
-2.6794395917213905,-1.6328685840562935,1.0316677598766306,-1.1958534104976244,-2.1545971495908245
-2.699861040386172,-1.5594936005345517,1.053223793809652,-1.3067799762405705,-2.1514414231979737
-2.73030301724087,-1.5257898140546007,1.0517194709131084,-1.4008163425318094,-2.1779788072037447
-2.783856852711091,-1.4101360297029915,1.035852672968335,-1.5882454237634318,-2.189255536540123
-2.8337048290689166,-1.3545764514974148,1.043032638626581,-1.7600754574167297,-2.1887275225455483
-2.8580164104858956,-1.3940008689685963,1.0312908654450574,-1.7801965985202939,-2.1991082876998598
-2.8763986544178564,-1.3737184510736113,1.0177828873380983,-1.8476428027513068,-2.2045538778881624
-2.877818887034153,-1.4104325588445483,1.0011013164275824,-1.9016898395831137,-2.22291558423598
-2.859966094737331,-1.5037158834488866,0.9773275443967306,-1.7842167104004478,-2.201893126343817
-2.8586286576801796,-1.4962334746235602,0.9813740915646174,-1.8071214025564037,-2.21879261739421
-2.763768364429876,-1.68770815093691,0.9667348903276455,-1.5491010157138634,-2.219131362984898
-2.7741028015478135,-1.562577272722059,0.9715321998963117,-1.6343083222811956,-2.2138491243309537
-2.814430023054297,-1.449778424003668,0.9791902645358989,-1.7798340419866445,-2.2072454733903273
-2.74117448127375,-1.6122405377376807,0.9834881298166144,-1.5337273661566249,-2.20793467375473
-2.7753618266871047,-1.48778048155826,0.9875090612434534,-1.650364488358378,-2.199839111185144
-2.8010818199617127,-1.4079101799876141,0.9833324790202431,-1.7921446425145344,-2.1893400447927793
-2.7707658406940414,-1.5631835355038175,0.9924080471759289,-1.6194016986712645,-2.1945756130457323
-2.7498436387225444,-1.5702530031370898,1.0177444275739151,-1.5982655753935564,-2.168958263436648
-2.7874125835408172,-1.4614581078912732,1.0028171032790718,-1.7379444194344742,-2.1664423573431675
-2.819812814980289,-1.3910048084084279,1.00199085186569,-1.8856542775250302,-2.1966849026302433
-2.7359744157342125,-1.5924569554522772,1.003079472708223,-1.6251906863071104,-2.1855360513702573
-2.708812231760196,-1.640592088772835,0.9962115976879715,-1.5204115558178344,-2.1842918105685487
-2.717172193260409,-1.5671171251578806,0.9871234769888492,-1.592397492534915,-2.1803149837603595
-2.682317643288871,-1.6524821569419903,0.9948448240864624,-1.4215212880428583,-2.16028170233762
-2.660440094961056,-1.675906184471041,0.988493556040566,-1.3359321564243067,-2.177727492932618
-2.600274311019911,-1.7880313503630538,0.9924753898525563,-1.1431423999325117,-2.1719644941301692
-2.5737636844393514,-1.8088987321765817,0.9771107707167972,-1.0307423431158151,-2.1489713351720936
-2.6155962626372053,-1.6851575688385547,1.0023046139375942,-1.117018423901212,-2.1531749884736002
-2.6467965610991384,-1.6153546788744577,0.9918791850440594,-1.2145965793506501,-2.1321027560503953
-2.677062441754673,-1.5468845510281586,0.9870042444283444,-1.30819955978742,-2.141963196009535
-2.7238522551379236,-1.4681844370934471,1.0099926504499293,-1.4506284473751139,-2.1491880500073237
-2.743937891419235,-1.547788354910554,1.0035751641031059,-1.4557690210882956,-2.160565725269857
-2.696801324156067,-1.6467743107814452,1.0046340771819884,-1.3219655755761017,-2.168104595553427
-2.645447265348522,-1.778306037202368,1.0020968243967125,-1.1226901600674113,-2.153256159615899
-2.597317712822545,-1.7944373363449577,1.0125691932250107,-1.0507568722861647,-2.1591988578738204
-2.6002458770379735,-1.7421236030803986,1.0017171679822519,-1.0121930882173904,-2.1422674196170344
-2.5835246027372616,-1.783047373345289,1.0164259250021261,-0.9335552773249837,-2.1523101822878363
-2.541723868911107,-1.8340259820101648,1.0282573497986518,-0.8207834602958448,-2.116686692343855
-2.5348879731802128,-1.8235521281928908,1.0485027929444155,-0.755968286361449,-2.1176937727407874
-2.589913246798496,-1.673274445827535,1.0364162292954486,-0.9401641067439158,-2.1146848408833447
-2.6423648889483182,-1.5966640979326836,1.0683926506478079,-1.0862024784668223,-2.117668867761418
-2.7063657617008756,-1.4603313441913275,1.0632626354096508,-1.341441853861765,-2.1382029486537375
-2.762116902021084,-1.4303736326691034,1.0483401909559493,-1.4994849957601342,-2.142485953841182
-2.7846348460576458,-1.515140224977447,1.0490431374982097,-1.5138809251193324,-2.1614864563794614
-2.736180056155965,-1.670629756752668,1.04730872604286,-1.350056041715605,-2.155030693402278
-2.754363611193265,-1.6338791948402085,1.0153637315187745,-1.3690830516300525,-2.163817583485397
-2.6879602980724693,-1.7406019471771703,1.0300227284501122,-1.1898830819624666,-2.159878887389529
-2.6791178808611806,-1.6998108362095488,1.0208779804596515,-1.2009838595079392,-2.167781992473427
-2.6607933748076804,-1.6919383561205135,1.0333781096675874,-1.1834223846424174,-2.150901113971999
-2.6710676711545305,-1.6797447553251394,1.0258604736204167,-1.1903847801455965,-2.1591316509029324
-2.67360560962974,-1.704801554284403,1.0164231858613948,-1.1473059783470547,-2.156284922261823
-2.711173090508663,-1.5873844432707924,1.0354184843844327,-1.2727478399258536,-2.1828062847251006
-2.7731012159855517,-1.4919703508162718,1.0485029669041357,-1.468763557013386,-2.2007137391871483
-2.8207191295101897,-1.4304106211057697,1.0359699679887324,-1.571583633814984,-2.189187273616094
-2.8361041255159285,-1.451745685247177,1.0279821559431068,-1.5913193245916422,-2.2071899431784288
-2.8164967127980205,-1.5116381100588032,1.0402754093592266,-1.6006628553096485,-2.2073399342366016
-2.746680632293461,-1.6875038022677087,1.0363873602874205,-1.3486183732591603,-2.19857373593929
-2.7388364412676345,-1.588676025980297,1.0239304827931082,-1.4628544084795285,-2.188943670910572
-2.7465830512401803,-1.579871717807854,1.0117033325987617,-1.4665637564086778,-2.189585798744958
-2.7075451488519082,-1.6598020543181053,1.0010724092837764,-1.3539112903156507,-2.186255501394912
-2.6995599021361145,-1.676401213971578,1.0052816192865532,-1.2821855337277352,-2.1870896342064414
-2.756965330182118,-1.5109449894722171,1.0034285776231426,-1.4941219237553829,-2.189177540458693
-2.739816765711371,-1.5184486892327274,0.9912862781852193,-1.5414226281881191,-2.18009850970955
-2.740334307034205,-1.579876706412307,1.0119087484063218,-1.5174805748262061,-2.18820908189762
-2.7511634157534517,-1.577884671918355,1.0103146288431517,-1.560897437026486,-2.167882943409187
-2.7474161629804215,-1.5944507377959338,0.9864306496426605,-1.498988036042975,-2.174073293525721
-2.7403603170016493,-1.6084048953900334,1.010836154816516,-1.4613836399793667,-2.1794677774349998
-2.7137740493624865,-1.6657546549118345,1.0208890608399275,-1.3758076260847834,-2.183839874203863
-2.684855926096323,-1.655048243448462,1.0061429995629123,-1.356864998893585,-2.17815195581242
-2.6916725095211276,-1.5840240006089676,1.0227853492966297,-1.4512573258462895,-2.189467071629665
-2.628526445294478,-1.7542982484558285,1.0368862368598422,-1.2335181275506444,-2.1934667316292598
-2.6974781402210057,-1.5992187926394386,1.03556052328308,-1.386551002420167,-2.193283206462129
-2.683579728802879,-1.671044616617955,1.0384284114500157,-1.3189678224870882,-2.1713340718147522
-2.718987317690469,-1.58041059581172,1.036693161255676,-1.4106903955786472,-2.1639404840174175
-2.72828378484831,-1.5648856578493107,1.0464036517476092,-1.5069819982177348,-2.179328006274034
-2.7485183632203887,-1.5168843988864926,1.038367330980929,-1.5665079066972873,-2.1811387263233835
-2.758024243686086,-1.520591204505371,1.0270680540279489,-1.5806078339889655,-2.184393239862746
-2.8286420695346317,-1.4182284031951762,1.014394091925583,-1.7358967167650556,-2.1829195373953576
-2.825415283336277,-1.4828437479843297,1.0170019855842316,-1.6826949948191001,-2.18125851064515
-2.8494977268383717,-1.4628774164762974,1.0110135800343836,-1.7229286199759442,-2.1818674744796267
-2.8522091869231145,-1.4680693369994846,1.0031719151063045,-1.743518012472196,-2.188356867980167
-2.7824185029352613,-1.608790073849451,1.0066996920162017,-1.5900843684260682,-2.2027063492095857
-2.7292961928981447,-1.6720830535292994,1.0196358152709115,-1.4556159389422572,-2.1963367749933393
-2.700717931024952,-1.6793022061948215,1.018602907599686,-1.4133954886573308,-2.180972122775568
-2.6789153867250457,-1.7027514941164,0.9994926060129551,-1.327449403014674,-2.1767936418923686
-2.6516872630877253,-1.6974959713055044,1.0070164221151097,-1.2598904000539888,-2.1951762052168973
-2.6537969036158393,-1.6963204610711873,1.0177050725786794,-1.2449430112803057,-2.165333983899145
-2.6887559603293583,-1.6091396255644328,1.0215375824584383,-1.324841528814088,-2.167204451580333
-2.6560249676910574,-1.6687051272171332,1.01091960565055,-1.2319178940288429,-2.1737385399746425
-2.7251992684651425,-1.5472797362093764,1.0166926678143144,-1.380568848966815,-2.1915666085222845
-2.714686859280697,-1.5841507868418065,1.025050332243557,-1.354188690100721,-2.1922815382756746
-2.7337189324680575,-1.5208225011399272,1.01992230381825,-1.453673966860585,-2.181895493067433
-2.6685599634995607,-1.6893674904325464,1.012133322224267,-1.2518354540988965,-2.174315803150402
-2.698435058358998,-1.6394795963229982,1.0189187900264272,-1.2634677972615889,-2.1863081990515933
-2.6246355035452416,-1.7399317851336282,1.0303966752830263,-1.0854286772749846,-2.1753481361295686
-2.6642182951876645,-1.6265729538922047,1.0550621314173827,-1.2116300712672272,-2.1845061018730947
-2.647937860796338,-1.654399347264929,1.0400815273613493,-1.2013178615428766,-2.1793827555479663
-2.7296894092951782,-1.4872645091999785,1.026947479555737,-1.4443771259837808,-2.1564250198960817
-2.7130432323580385,-1.5606604773974186,1.0281854922901084,-1.3515914080440892,-2.1411111616055223
-2.707534577906768,-1.5622066081465482,1.0375310288779007,-1.3851824388063871,-2.1728928321186904
-2.694280665164867,-1.637754418828679,1.0482539634782777,-1.2846063450445926,-2.1669427251354314
-2.7344730873281877,-1.5657629859579338,1.024921911267244,-1.361054443688125,-2.1769720213164687
-2.7358015263071294,-1.569552272391227,1.036278088490292,-1.3741892241319773,-2.177409183992359
-2.714396584111086,-1.609034139261637,1.0229454405609772,-1.3138907138056988,-2.1740241992809737
-2.6799360564586596,-1.6830640506917838,1.0487147971470412,-1.1952894094094881,-2.181799354668121
-2.627764549746549,-1.7420840091016387,1.0396124954177732,-1.0612206913724327,-2.1537080332573875
-2.580894368568137,-1.78813285120043,1.0149542680725516,-0.933351595659625,-2.147498154588324
-2.6783622787355235,-1.5495843076292692,1.0463644416454785,-1.2255576201879859,-2.1447727671274412
-2.667924460719481,-1.60824292021378,1.0579990239451862,-1.228287307969435,-2.129161861922988
-2.6160721609567728,-1.7501136265515393,1.0549540017043548,-1.0582566201386796,-2.137165970987394
-2.701675393206698,-1.526578613783658,1.0657821934013565,-1.3217226467502365,-2.135237410761905
-2.6317833952751086,-1.703781345841999,1.03396446104147,-1.1466753928185287,-2.110106020406567
-2.6365014991182094,-1.6800095444351766,1.0535212579445552,-1.1607426869627422,-2.129854742644182
-2.702833208620754,-1.5901048517905827,1.0329111735855354,-1.307842081168021,-2.1507315611274196
-2.771837215727469,-1.4871574709131765,1.0447383154362568,-1.5141651588900022,-2.1637477800359544
-2.7776746592618093,-1.4815827400388135,1.0192028076437878,-1.5953019624315048,-2.182511288341385
-2.783867571001558,-1.5565292904433876,1.0314912219768504,-1.5412581506564438,-2.196790745251798
-2.841408296149778,-1.456540355954384,1.0070084167457707,-1.7006960078281317,-2.204465765186112
-2.7803266657222956,-1.6702217352452573,1.0072790012515787,-1.4496857646809724,-2.2279200907771086
-2.826825439910427,-1.4849038320643724,1.0355555189105363,-1.657120777817815,-2.2281648747717777
-2.8665781195326967,-1.4585998431842329,1.0318994636809087,-1.7609431209687298,-2.2356709292340615
-2.8841578394902814,-1.4040091661564529,0.9939085247891568,-1.8873200785707223,-2.233692591300937
-2.8420450748942288,-1.5868049772376855,0.9877159879850408,-1.714353171120569,-2.2353626500592676
-2.757955637389384,-1.7065624351805182,0.9985682842168783,-1.5076612018546067,-2.216852794075309
-2.770184046028139,-1.6109703157858537,1.0009767870562358,-1.5652945316597366,-2.1982707396281875
-2.7527879678439873,-1.595410944728051,0.9965260112135702,-1.5398590539393981,-2.1789913658008473
-2.7429161162743987,-1.5957557186948867,0.9983282393240899,-1.5400866161655282,-2.204580374351214
-2.801951045008182,-1.4792593717187519,1.02180605578228,-1.6908374678436713,-2.204113182075342
-2.8059906993738495,-1.4772599441033534,1.0183242026857415,-1.6929024934137529,-2.20619901599298
-2.767544925015135,-1.593193012225856,0.981954868898935,-1.572483035603544,-2.2061546036093573
-2.7393654534548375,-1.6341707378218642,0.9841058938758372,-1.4825795648905842,-2.1984568478654007
-2.6739929495900423,-1.7265746721375541,0.9857558162261424,-1.31101534188659,-2.16932360200224
-2.6282768107774013,-1.7459065740109052,0.9607763205954357,-1.1705695422469267,-2.1482788154325196
-2.586671793930793,-1.7790384208051948,0.9880665487774404,-1.0557444797626283,-2.145426720895335
-2.6406628148569946,-1.6238394049566258,0.9817458839216813,-1.2551244655833893,-2.147538750101466
-2.6912434297226784,-1.560467634406832,0.9963330469187861,-1.3696459073931941,-2.16471894327699
-2.7089947734099367,-1.5715920906940002,1.0032958064692077,-1.4297020163995398,-2.1724887098368155
-2.707051072491127,-1.627078890093698,1.0061636616234946,-1.3935991262389118,-2.2058977884909785
-2.7518113189746183,-1.5555742982459975,1.0180547340479775,-1.4488228820286932,-2.201190073265945
-2.8101209877793423,-1.4736626237952115,1.0143370108671361,-1.5681683708146288,-2.1966643518225326
-2.8396282260715293,-1.4300424933989113,1.0077715900088002,-1.7194226024302084,-2.2169578365615177
-2.8514776670440463,-1.5011494762687356,1.0093935111859054,-1.6787179292514598,-2.204007608950003
-2.8658985665636574,-1.4578146531211396,1.0154077428446733,-1.7802922842325681,-2.182458430889023
-2.852768769861908,-1.525501981334077,0.9949648842593075,-1.7192176385476086,-2.200120981693927
-2.817390914676879,-1.5610112399683729,1.0044835947246848,-1.6388648824127825,-2.1958600970253346
-2.8589108213985184,-1.476549287413818,0.9900722375615199,-1.7554885934440905,-2.186081705633473
-2.820403107060371,-1.570450802236958,0.9913206157959475,-1.6397553915743277,-2.17725903966532
-2.7628548243421354,-1.6146619416489623,0.992772358503339,-1.5641493009368044,-2.170969744761856
-2.70950226473284,-1.6757581493627625,0.9943906186549785,-1.4476250543304536,-2.1731357343996742
-2.708115285920405,-1.6392699315740518,1.0047009099965216,-1.4330304337316269,-2.1780840673610746
-2.7041711387460445,-1.6188935070695833,0.9970743488025217,-1.4505105796469628,-2.178909827821913
-2.719841241526786,-1.532323415032857,1.0113665639939622,-1.5028799649671287,-2.171617791201335
-2.716920726993919,-1.583398466934591,1.0153004650929982,-1.4630846623965372,-2.1820908122013445
-2.685269631507981,-1.6782551764493057,1.0113134019697272,-1.3284582639697593,-2.1668407378340535
-2.715604859831925,-1.527487728707957,0.9968839420087412,-1.4932309629853358,-2.172939444180173
-2.7147666437214806,-1.6081830390577467,0.9893346912355014,-1.4028117648230038,-2.1682614455229237
-2.7745968764463087,-1.464305685635925,1.0203991216213544,-1.5997939201697189,-2.174229159767854
-2.7336989983778825,-1.609883830323152,1.0026887946339715,-1.442220430529372,-2.1760361675371427
-2.7250332995084183,-1.5965798341854704,0.9954364041500035,-1.4728397088633427,-2.175219777142042
-2.73315415754267,-1.5760767515803917,1.0153823604199368,-1.4794828076146054,-2.184256345659635
-2.7711517706092206,-1.487917270373615,1.014410551280395,-1.6129197968779003,-2.184815219612698
-2.7054027051361924,-1.6558269808153208,1.009473754679806,-1.4402794647037267,-2.171089041998203
-2.7627772054753224,-1.5183267202324242,1.0201831420658012,-1.6318763173581914,-2.1574228796351274
-2.7763128588159875,-1.5469833112604288,1.0354890640926202,-1.610751453253559,-2.1932849622095207
-2.7715208594637453,-1.5339083580166775,1.0144642787506895,-1.5868707535576843,-2.196383464211427
-2.7690303111535606,-1.5643679340778698,1.0358485830471205,-1.5761694906787302,-2.1922498619073765
-2.680721776734442,-1.7207073441743503,1.0130210447477623,-1.352008151964042,-2.1959369272549476
-2.667515370633808,-1.677719360243868,0.9935352530817512,-1.36906037215346,-2.18123997400438
-2.633646714800145,-1.694406426806431,1.0172664140957703,-1.2584301887783458,-2.176002728445886
-2.6246472438393997,-1.6997830363862911,0.9982964273003289,-1.2189263113092812,-2.174165104199977
-2.6723310831076814,-1.5899019475497438,0.9933463262888611,-1.306076506721423,-2.1768002465137264
-2.6849110381696457,-1.5895261602404724,1.0006440143392539,-1.3458156163348824,-2.1855181057093183
-2.6323034936769245,-1.7092069049865752,1.00017566600251,-1.1843645306058252,-2.1800311987316374
-2.6017854449975664,-1.7736614983480965,1.0077368397696498,-1.0141874186848072,-2.1721998409888084
-2.565338232689404,-1.782026358139764,1.0294961455791583,-0.9226130487083758,-2.150030229736656
-2.554790526915928,-1.7537172691647402,1.024424131908067,-0.8599073912432583,-2.134174562159074
-2.5905601218777328,-1.6313080597352814,1.0381259840439474,-1.021294750302052,-2.1425093507790196
-2.590710825713818,-1.6896618619677797,1.0478761421289176,-0.9535564444049713,-2.1547056242543867
-2.684171894313809,-1.5310893262708871,1.0590644804634344,-1.2178209017787995,-2.160255034383797
-2.6714879362476887,-1.6360005448475732,1.0688316037064058,-1.1153870888291333,-2.1774544013962225
-2.640261333504926,-1.7264069428660973,1.0510316056059892,-1.0047760174584115,-2.17719863159647
-2.7100547479316712,-1.536913298956741,1.040310316584885,-1.2338085600319237,-2.171929136976158
-2.6714318281103044,-1.6172355097585218,1.038779820684978,-1.1722382299038934,-2.145401700242024
-2.673146647767118,-1.6241736747064233,1.044663898177868,-1.1757573270353154,-2.1339156101773944
-2.7403192554908817,-1.4635932831257479,1.0603344083939825,-1.4299756135525856,-2.1517091732321876
-2.7895097216319273,-1.3885810782441417,1.0584671006341273,-1.6415007608800827,-2.17504219034784
-2.8486869368309,-1.4043756876051643,1.0357527837899068,-1.709972339686676,-2.1969426678343758
-2.760458157138675,-1.6117747436608711,1.0252646782643622,-1.4727812086843761,-2.190867198075617
-2.7601630176599827,-1.5923749528097968,1.0167799008161944,-1.5074318620045364,-2.184973919444404
-2.7977118735076134,-1.423574946114781,1.023327194519045,-1.695946841729232,-2.1919211045306115
-2.8671820218166317,-1.3567621853054097,1.0103270822456778,-1.835510725455348,-2.186031468197857
-2.800918857560117,-1.6052584290933243,1.0136862743508297,-1.596015232291779,-2.185788194566576
-2.766512996258831,-1.6221644050801147,0.998365165645937,-1.4951933488215656,-2.181718503667255
-2.7145065764610217,-1.6804946965107734,1.0046686286897248,-1.428819252344468,-2.1720890870937772
-2.661327949421811,-1.7509685414755642,1.0197678155811574,-1.2438443308411726,-2.162986352773047
-2.6816285763526424,-1.6083152180646207,1.0338022829532116,-1.3576710597763544,-2.1623616871857054
-2.6423697254019887,-1.6702537409860034,1.0324263960039264,-1.2868353775253436,-2.159286522591475
-2.6267987776110466,-1.6669069878079734,1.021621158864204,-1.2622422383929737,-2.1519246976686675
-2.592770790960751,-1.75344662190149,1.024419305586768,-1.1143001557459369,-2.1353660199798323
-2.6146107218739925,-1.6804427006834135,1.0099703237386948,-1.1581729799137745,-2.1426629170736082
-2.5896686350981697,-1.7407327451395507,1.0228762774431364,-1.065861112252365,-2.141013661665542
-2.608262652915145,-1.6773935381477576,1.036894573779096,-1.1068766660903004,-2.1546538418054824
-2.5951807219963334,-1.7318618125258902,1.025532967595434,-1.0022276636655985,-2.141962594716471
-2.7019989612068738,-1.5367094571049709,1.048580859903634,-1.2576831879662393,-2.168003057162379
-2.6605061232397533,-1.6516782047506173,1.0242446159537153,-1.1301960015553505,-2.165497291937914
-2.684828345649613,-1.6358023619843591,1.0281724684854163,-1.2075348091199465,-2.203542358084826
-2.656974305033863,-1.7011573656689682,1.025054682985353,-1.0914404846660022,-2.1820752266839105
-2.6192536754487823,-1.7808751384503412,1.025606786837326,-0.966864782290396,-2.166524310330524
-2.5877683224631856,-1.7788200204254134,1.0452479543866187,-0.8960145908454048,-2.1331083888712383
-2.5540236441637716,-1.8398886905881358,1.0370322835672399,-0.7887230715847947,-2.1420338447720373
-2.532819663225077,-1.8346210682097661,1.021382062250213,-0.751994768195825,-2.126622473377188
-2.556974380185616,-1.7414963956228235,1.029565143233951,-0.8805356602716269,-2.119978418880429
-2.638870327185872,-1.6276576648362868,1.0296254157518883,-1.0427995869481066,-2.131413162539517
-2.6131828396135046,-1.7181807377570062,1.0220480114270245,-0.9184618345911291,-2.133473452355273
-2.639441332530214,-1.6689008327676775,1.0442468596216545,-0.9690294025893051,-2.1357243284145055
-2.6768107335965703,-1.6123829090050958,1.0405289112056064,-1.1072648098546847,-2.1539748695691516
-2.658431519647503,-1.6868940213453663,1.0440215518444318,-1.0502593274981304,-2.1528805117297507
-2.6667004469521953,-1.6886875311913432,1.0558215630468102,-1.0644610833139343,-2.161568925143749
-2.6175055049227507,-1.7639007151378148,1.0431305818713632,-0.9137363904492812,-2.1573468663827837
-2.6192523908605656,-1.7715235382880261,1.0462096753891232,-0.8810220709909209,-2.1292742446755617
-2.655327131199045,-1.6918059622238553,1.0651181589115002,-0.952187014696006,-2.13484253022573
-2.725618987019724,-1.498570314143075,1.0547227441289135,-1.2563699239270198,-2.1426753673961234
-2.8221784648756763,-1.3976440216900337,1.0593889571328095,-1.5036536257824948,-2.1676519369187
-2.895220945478846,-1.3352750745105044,1.0464414435141247,-1.6876991001819446,-2.1984225941615327
-2.8673927090959834,-1.4944070201558544,1.0534273318906864,-1.6067347490014061,-2.209004705495347
-2.783836524113064,-1.6918274463965532,1.0478498832794976,-1.4045883251034528,-2.2016062663713787
-2.7489611386219144,-1.7259312897272399,1.0613162697257759,-1.3324450950784117,-2.183124005974867
-2.6831827570345026,-1.7516266664774556,1.057206160717421,-1.2354920846056707,-2.1853920238048965
-2.6034976145806548,-1.8418067177932227,1.0596118061560924,-1.0676954670297103,-2.1713866534514263
-2.565242295139765,-1.8514192552241995,1.0432869854524056,-0.95731838852784,-2.150205845993276
-2.5507180623605374,-1.7291252908220394,1.0578555004036023,-1.0075050357040214,-2.135764112227278
-2.559248146137966,-1.7202069521382526,1.0767690143926096,-1.0040463526870114,-2.1505274369967022
-2.5428733618294985,-1.7631277408407873,1.0771424393076705,-0.9179477501690658,-2.1347838407509596
-2.618080141029719,-1.6080888533821993,1.0918205216204337,-1.122377605862807,-2.1450966622857193
-2.6257845325810862,-1.657205220728265,1.0799434508747576,-1.1301761139763913,-2.1539605291151913
-2.697201599034403,-1.5109715951716218,1.0870676335655753,-1.3356321627710266,-2.1639916837402673
-2.68384262093916,-1.620964269465816,1.0516313768640484,-1.2397041541507363,-2.144878070619715
-2.7004784418140844,-1.5932875541100449,1.0387549046331825,-1.3126067979836475,-2.181199734135446
-2.6725865139610083,-1.6785510520531846,1.0315748099156143,-1.1871372264974713,-2.170571061091983
-2.693043948787423,-1.6573113914561548,1.0329067047563314,-1.2112049490591967,-2.1754329505706314
-2.6550144235625477,-1.7357432481649095,1.0462840406988418,-1.1128041248136424,-2.1973654595284398
-2.6351485489865936,-1.7849052594073145,1.060708227086308,-1.0223554084184348,-2.1743035517986056
-2.6694824806808546,-1.6475458010002817,1.0652832825991896,-1.1522685552834424,-2.188423033527416
-2.6345289063402966,-1.6847185778736125,1.0566873990309982,-1.108410571380057,-2.1639125867029
-2.6023625843803906,-1.7436020598072084,1.072536939675562,-1.0252422614715504,-2.152023084413612
-2.6707408465251286,-1.5524410020842718,1.0752618990475167,-1.2868333917921368,-2.1564906112997155
-2.624764265581431,-1.6941814384907856,1.0691578410021105,-1.1131733107546384,-2.158202479817186
-2.672100337821214,-1.6314823075938378,1.0745532623790264,-1.1857393790766249,-2.160922753048777
-2.712733093198482,-1.5842594814875541,1.0813737095405929,-1.2578437880230013,-2.1762799369043737
-2.6882069343390738,-1.669385587942326,1.0807906584874234,-1.1867041306699941,-2.175323507060826
-2.6961950513034143,-1.655064168690976,1.0814183604398586,-1.1960957648343822,-2.1760514973822414
-2.646200000028785,-1.7365972408347727,1.0612153975035425,-1.0398268470352345,-2.1537659035757413
-2.6763890031758235,-1.5923399624793175,1.0632926671039251,-1.2228648855375912,-2.1594243292422144
-2.673616657689172,-1.6706036339144987,1.0593504744062912,-1.1294542886566385,-2.1442157775523008
-2.631885002188427,-1.7193942753683205,1.0712906347229347,-1.0539413424820903,-2.1471520219351574
-2.6423503596182387,-1.7075015274115832,1.0641260669639356,-1.0240075293290383,-2.1369532155957773
-2.7064765874681487,-1.521490156668445,1.0701689185748702,-1.251935584167139,-2.1521959543974405
-2.7570174823733415,-1.4883798513250726,1.064323925830976,-1.4302592062904194,-2.1741307159534258
-2.8267066862643295,-1.4112503625864405,1.0635940654215488,-1.6296975091384591,-2.1933932333351773
-2.827896176353236,-1.4378055346625593,1.0507532556452082,-1.655395980613487,-2.181964395015043
-2.8289875718762776,-1.4717058208678613,1.0364725016880958,-1.6880905676616857,-2.2004547552338707
-2.824061097651997,-1.558842175830185,1.0383663670839232,-1.6490394711466845,-2.2219145483191283
-2.865082536121491,-1.443883153053946,1.0218175665074756,-1.7689045237746424,-2.215281214683793
-2.8491795492768315,-1.4970545758501557,0.9987992180324263,-1.697900974518964,-2.2139520361274263
-2.8077778230746353,-1.567448708593074,1.0116276951409167,-1.579043938838194,-2.201980536767166
-2.801578011088843,-1.5473910310139503,1.0291424264800675,-1.595957170089701,-2.205320278064862
-2.7624819278333375,-1.5616257840104977,1.0239359737381923,-1.5991620485368119,-2.2015836387321457
-2.684011544504522,-1.705037665154513,1.0082338743402923,-1.3975831374716654,-2.2188795067211067
-2.6620922055205174,-1.6759089029725123,1.0187406161157968,-1.3554277706140854,-2.190379174397688
-2.6494330478216113,-1.7135687724891475,1.0069154258250037,-1.286833111880705,-2.1987428685467947
-2.710458684721264,-1.5399867151370055,1.0068745999809283,-1.4650819387515173,-2.1932718474732065
-2.70437858352935,-1.596995181505716,1.0119464938349738,-1.4039036535138019,-2.1709766210873327
-2.7479350350130067,-1.4884560315872646,1.0243584068314329,-1.549443408717917,-2.18219531439556
-2.7256768550735875,-1.535371002645705,1.018386457440395,-1.4961468766906605,-2.172706272849816
-2.7745116678328503,-1.4866140994912729,1.0073630824792794,-1.5875765580451733,-2.1867218628054257
-2.7158358779491656,-1.6589100533729517,0.992729260996955,-1.4067829020915388,-2.191169342979064
-2.7580594362885225,-1.5041819287609866,1.0289267946681553,-1.5801089074563406,-2.1769674658198688
-2.746866444729323,-1.543234631415292,0.9808599250472948,-1.5724625980364202,-2.1750351415627387
-2.7237958898032026,-1.6319567781556827,0.9763968504638062,-1.3991663522866664,-2.1671475428123745
-2.6694617344046763,-1.6768802655389539,0.9888835732446527,-1.299494626198624,-2.1660198208701456
-2.64587990327351,-1.6965160866183504,0.9749702437877924,-1.198850480780163,-2.1653777011636737
-2.6497259745399533,-1.69682761229033,0.994756418996787,-1.1729676896386156,-2.180272796344058
-2.6835468985098245,-1.590552223676881,0.9998027295650814,-1.3039907723898845,-2.1767494436792623
-2.739839129085872,-1.4703835255083333,1.0240601294221623,-1.5180650025824014,-2.198111760103136
-2.776268420027075,-1.4575956592232038,1.0036288754963738,-1.5809024715298512,-2.201744013985926
-2.78993389184912,-1.51378131144024,1.0007864500765258,-1.5822047243444382,-2.208615257878672
-2.78449413744503,-1.5845833781654377,0.9803672817361859,-1.5354241228989072,-2.2115147089696325
-2.8190374351523255,-1.492235975705959,0.9893083444232638,-1.6503987300028677,-2.220985992224057
-2.8535124624996437,-1.435767005334863,0.9813593455340957,-1.7489373469866611,-2.2172084883835623
-2.8020327823168962,-1.5893557086703785,0.9850484973148684,-1.6189921980670463,-2.1951682859960653
-2.8366148720135054,-1.4273577817697118,0.9850206292894785,-1.7595397856647503,-2.1867514090639704
-2.8044060495346237,-1.539395965876109,0.9808516291364946,-1.664416751206695,-2.1880708539187963
-2.8074687537844953,-1.4860079890345412,0.9754822556506626,-1.7587144299889665,-2.173070724398759
-2.8534639408676497,-1.3971369054888323,0.9998436821691947,-1.8818341672097878,-2.181485474043705
-2.866075753708958,-1.4218580202991369,0.9841497291829653,-1.8756975362426256,-2.1950385689360923
-2.784941840801619,-1.6129988808904163,0.9870120469118513,-1.647627096955633,-2.19845099549663
-2.785237165996836,-1.5634110445785274,0.9804593308962972,-1.6353625415780653,-2.2037371306977795
-2.708683928580721,-1.6816686187371848,0.9836657418546135,-1.409909841203577,-2.18901317537355
-2.7363814993105224,-1.5581348495692469,0.9989090432282293,-1.5209548722947543,-2.199431929669543
-2.688276340132552,-1.6348892004142241,0.9971110920971545,-1.3981879258208691,-2.1720210191798315
-2.716033325671371,-1.5554909062960407,1.0107500982853248,-1.4556346193751468,-2.1641663370829725
-2.786415814081841,-1.4433934736357346,0.9999560738645543,-1.6483685788474634,-2.178917070949675
-2.7303084487335836,-1.6200336800921353,1.0138265762165275,-1.471016031888829,-2.1689274923555226
-2.703336128987108,-1.6664984881257239,1.0132918974152287,-1.4134995210243781,-2.177698714737136
-2.716776764441301,-1.5818386986318063,1.0106640402059213,-1.479573238927343,-2.1898949078986027
-2.718007515482718,-1.6070787434530536,1.0053099376870311,-1.4214082418655092,-2.1759708179247483
-2.6522763906833084,-1.6801579412354797,0.9900888252319984,-1.2722646003376836,-2.1400931401498355
-2.5814649223848716,-1.788600551312198,0.9966837355689139,-1.0921812602096015,-2.134268189351785
-2.5878304889070125,-1.7253188750667416,0.999169016132765,-1.1167272954102754,-2.1359519739912467
-2.6263442754634303,-1.616135671457085,1.0265762444113051,-1.236307247316982,-2.1627214402509236
-2.659250758344591,-1.5639917143958566,1.0488883120388213,-1.2998976537906235,-2.171342717598812
-2.632693142648578,-1.6717883311143114,1.0310026530295104,-1.1633372081725437,-2.1706825152136715
-2.654766781162799,-1.6551849074744058,1.025131290021445,-1.1862988838814426,-2.160660280408061
-2.66232416806568,-1.6593221940536622,1.0203413040056006,-1.1866659562446682,-2.179948036515391
-2.6438283339070283,-1.6951487656493647,1.0259325782205186,-1.1031258993283453,-2.1763967820512464
-2.687898753679415,-1.5828313323811678,1.0201909067224653,-1.2648798532182546,-2.1700273928528495
-2.681471863303975,-1.6485359455831303,1.0300094291676143,-1.195847532697529,-2.1683029523858703
-2.701940856380238,-1.6045942896596534,1.0511713872188262,-1.233751245843057,-2.166400921151716
-2.773581619295449,-1.464968116986212,1.0583876187351302,-1.4703204025584464,-2.1581790908615273
-2.7690064573260953,-1.4913136312933375,1.0449388239534858,-1.4976024815270539,-2.165553940044239
-2.795288698156444,-1.5202638287264285,1.0335594397525794,-1.5445728376367265,-2.189879735692882
-2.7158150457983825,-1.6961531184994647,1.0261319787175243,-1.3440877378149936,-2.183570438829575
-2.6798883194376537,-1.7596441906612592,1.0241374558653895,-1.200333597874144,-2.1877198265808824
-2.6343132094585338,-1.8130442564916365,1.0112461990099577,-1.0352959917096387,-2.16946461586186
-2.658896761300889,-1.6450848530983617,1.029529555872308,-1.225797924375742,-2.168958861951216
-2.724448449284576,-1.5021791087061407,1.0489215286925506,-1.418526909076528,-2.1825293683910525
-2.7103025168355424,-1.6395725718070235,1.0357525089672401,-1.2872632622537812,-2.1746679487492497
-2.6746001794654757,-1.7212970471809632,1.0517676458927034,-1.1938840748134332,-2.184284776970945
-2.6651834897752464,-1.7248843774436229,1.0638843169919923,-1.1502097010103187,-2.1843358755705435
-2.667347218743169,-1.634064200989283,1.0536672235092688,-1.2456884845128406,-2.1781384681031914
-2.7093646605548747,-1.5834929670291675,1.0455382931101722,-1.3486395013204648,-2.1786222254311283
-2.7417628076724756,-1.5201590988265676,1.0598902838751756,-1.4430453839356017,-2.1856985880723423
-2.7894488275359803,-1.42326887243481,1.0559759209272013,-1.6252198392067785,-2.197425851128717
-2.768111688321126,-1.5696201909497465,1.0553561364205197,-1.4990912476874716,-2.1982379100601537
-2.804488475053405,-1.5329898539017663,1.0353704175958802,-1.5582774721134367,-2.179003184870415
-2.778051571004192,-1.5644258534255913,1.039439680265173,-1.5863689695842684,-2.203284880551355
-2.7501733116833473,-1.639910094262788,1.031422641942332,-1.4553071236485122,-2.20654570203013
-2.8016291430358002,-1.4938381405155081,1.0152705544520741,-1.613351342828933,-2.211661052930473
-2.7322276599728426,-1.6688960364195058,1.0005297852123676,-1.4064430269521382,-2.210798022547076
-2.7753172391178613,-1.588175896423657,0.9983414126703786,-1.5135499038792082,-2.2027611107036553
-2.776829175179542,-1.5205540915546147,1.003389121790427,-1.5994424924562871,-2.204449373801639
-2.811968177301189,-1.432160958161633,1.0163732070684797,-1.736474885653092,-2.1897121293032145
-2.806974816567405,-1.5019876730838748,1.015679658690632,-1.7121356747126386,-2.178523011334849
-2.7582411280373194,-1.611456680723574,0.9840381759912699,-1.5982595242080255,-2.1845660742905495
-2.7816731926779004,-1.5228492662265305,0.981289159290766,-1.6868363966598465,-2.193113963801921
-2.8168596294649886,-1.4827898014412242,0.9695423915538588,-1.7578950336736996,-2.170400736104851
-2.808990606686912,-1.5265453981312833,0.9629480293755929,-1.6983249388145747,-2.1821436856700136
-2.823287277091738,-1.5013982184134063,0.9543199141008039,-1.7358386750735653,-2.184847859997097
-2.764826451642379,-1.598459730926743,0.9693759729644313,-1.5767292527658463,-2.183243480094436
-2.772098881717451,-1.562115731636678,0.9763208454633562,-1.5695700405405477,-2.185796280713899
-2.7963015268041707,-1.4569324964875086,0.961854000740134,-1.6934291509754977,-2.1847982920268687
-2.772589012725136,-1.564017563599087,0.9552272419679821,-1.5672737997013984,-2.2008166228491364
-2.7487650267496746,-1.5862080470949158,0.9471034341583421,-1.5299502635951108,-2.18702635861388
-2.8101155498167314,-1.4426282550702672,0.9684320271150153,-1.6793292438777339,-2.1636495473930126
-2.841275985972898,-1.428111601495809,0.963196791707108,-1.7653509106114247,-2.1871468609763833
-2.853219354755061,-1.3900731882035227,0.9729141541274032,-1.8663832392445128,-2.192633311414622
-2.8050417481318326,-1.5251691561710699,0.9859547254001906,-1.738758200162039,-2.2159831733658657
-2.862234149972205,-1.397133272538489,0.9914294141661735,-1.8848868741007836,-2.2088775955242856
-2.785438768809034,-1.5885270892307513,0.9961643685674518,-1.6543196149436792,-2.2068956219781843
-2.7717324807680486,-1.5857127737075893,0.984536124065188,-1.617459861903806,-2.2014915810580438
-2.750164540897765,-1.5910725575765055,0.9838064801798189,-1.5508588745534375,-2.193305543618811
-2.7811861882865605,-1.507988367938619,0.9790001060458322,-1.6504355958036494,-2.209598350085955
-2.812740077818709,-1.4383925521319822,0.9785294542736309,-1.7843153273458217,-2.2199277566934614
-2.841630696451569,-1.410721150634571,0.9784171683101425,-1.8220161083086823,-2.200191111079767
-2.8447486931783703,-1.4392824908348623,0.9915410721362,-1.812753504446894,-2.2072379883536546
-2.8098284652698386,-1.5249550305842097,0.9962594039175412,-1.7100957622932857,-2.2098489435213473
-2.785352394199345,-1.5565339771888695,0.9824059160853137,-1.6492996404977607,-2.197240926568445
-2.762204020082458,-1.5619337604418542,0.973516574033741,-1.5901453278882525,-2.209491178762184
-2.682455988603313,-1.6935071823604626,0.9492715601521089,-1.3401689476661922,-2.1819754189126543
-2.6670010822066934,-1.6305613783598603,0.9677688923743459,-1.33215834338679,-2.175070263916676
-2.7140951184611883,-1.5015292939914149,0.9676799436388537,-1.4980857258037,-2.165215544420939
-2.752108745637975,-1.478763322362868,0.9847813714390036,-1.5834607486100698,-2.174757215914224
-2.7848093445529365,-1.4304753638895191,0.9964739311895748,-1.6892952925464761,-2.175179665507557
-2.758493571199705,-1.5252176486673823,0.994469266739595,-1.6046294893465454,-2.1792746381383017
-2.7434620265498633,-1.5531858386949282,0.9853715648907542,-1.5868798666275261,-2.192897281038239
-2.6602154868444896,-1.7081313265347815,0.9818706790768517,-1.3436210754127969,-2.153609057231248
-2.653951263881363,-1.6955002528335177,0.9991613241969587,-1.3058001393863512,-2.160743296155481
-2.643961566535698,-1.661000569029671,1.0154809464641803,-1.3156230378961322,-2.147780047262018
-2.624621350466969,-1.6806100752148116,1.0036372457473783,-1.2262776116294658,-2.1613125324181675
-2.5751355780625858,-1.7514348227758907,0.985848665387497,-1.0591744208287341,-2.1473821420550077
-2.623669964418801,-1.6074338294883623,1.0174165895117349,-1.171904230591494,-2.154412308091786
-2.63637230635076,-1.5875288217941788,1.0431913542483953,-1.1870294364954597,-2.146556079280656
-2.640479139972404,-1.6085871048228055,1.0482266366928095,-1.1820291179148719,-2.15795544674606
-2.6351612208800943,-1.6598880330194508,1.0395587783692648,-1.1259716656604808,-2.1579902513090126
-2.676356972523778,-1.6128630250622031,1.0709374720158813,-1.197332783963382,-2.180322673933181
-2.6786344313523607,-1.6101813200112063,1.0586499676775287,-1.2258305638586309,-2.1954300053916764
-2.6878439244816903,-1.626092072375691,1.0577120116947885,-1.2747447342745075,-2.1933706534689414
-2.7202382622704544,-1.584358937928232,1.0506279799261582,-1.3360808261265997,-2.186874611170556
-2.659441146117551,-1.7330288956392017,1.0392969647890438,-1.1166416756946127,-2.161632975640519
-2.7256100143336526,-1.5480242456070694,1.02258987699337,-1.3485068990469964,-2.164625530198556
-2.6599954350686166,-1.6857140501467005,1.0199430602728858,-1.178337343345414,-2.1671776525247592
-2.663187226285118,-1.6672765775262703,1.0137752535233104,-1.1933780594938461,-2.1884842437940106
-2.6557342577672807,-1.7174409211393502,1.0184810130143396,-1.095267930600166,-2.174368617927713
-2.659724877886721,-1.662320356015865,1.0279862096611248,-1.1574901881078377,-2.182824417334865
-2.6527844420066966,-1.6963963457372524,1.0293379861140075,-1.1164201338554371,-2.1891951888937005
-2.7028092166285504,-1.5215613896427487,1.026335627666293,-1.3257982751498736,-2.163225156523548
-2.7056958354234695,-1.5968647528892779,1.0174815342309964,-1.2954444697918701,-2.165160328727179
-2.7533376057916503,-1.5504886149881452,1.0163833776343036,-1.359968470992677,-2.176413757915188
-2.717941815799863,-1.6462722745081182,1.0150485842895165,-1.267148704901829,-2.1735747858601417
-2.663056017619457,-1.7738894610558125,1.009110265565487,-1.0617165011682956,-2.1575510685423827
-2.689513084640344,-1.720059407822501,1.0279533240517138,-1.0592819459570073,-2.1753216141243716
-2.712379735904149,-1.6555236584455417,1.0396835333068635,-1.1388772485416714,-2.159056426276138
-2.71249472922091,-1.6474320792303765,1.0579137623644577,-1.1941191496483634,-2.1864754431857873
-2.775704436817748,-1.4643562306690463,1.057571382283592,-1.4223369671250514,-2.1972782076245068
-2.818253925137202,-1.4529267105158323,1.0608778410010569,-1.5147217401834834,-2.1908372870463597
-2.867028857096164,-1.3727090141375464,1.0492552878918306,-1.715748061956109,-2.204073402056212
-2.828642831059384,-1.5323466333244362,1.0329494568279642,-1.5900393534333501,-2.217943711734366
-2.820349002091948,-1.483117809487111,1.0539450584313472,-1.6638986738366546,-2.20270853052002
-2.828902407919706,-1.5486251441874195,1.0278253696342132,-1.650264757075005,-2.2214436208800046
-2.8351136456263877,-1.5290775878764074,1.0376441291443346,-1.652284162801404,-2.208611664610619
-2.8767298739542815,-1.4018716567333454,1.0250723570807334,-1.82232936529068,-2.2006586163351405
-2.875781763628062,-1.4429148746164209,1.0159233525870024,-1.8105398609753363,-2.2070872891000564
-2.9055530869945527,-1.3982340650697367,1.0107415251769631,-1.9051497923376721,-2.2042293507513273
-2.894446670556755,-1.4475044875958805,0.9994762347284678,-1.9235612667820499,-2.204444952272282
-2.7987241981310698,-1.6380698971091823,0.9902008589961663,-1.6690845171418842,-2.2036278972108314
-2.8080635710439252,-1.5817531378154228,1.003706090247443,-1.6898855650106228,-2.2070676607590016
-2.781709064560379,-1.5988535232487235,1.0061521027594051,-1.6149325633921874,-2.1935294042056905
-2.8091055722032467,-1.4799600115416467,1.005665721668752,-1.7680232574609482,-2.204881887265078
-2.8389009877271074,-1.433233061008743,0.9991555039183715,-1.830364170191619,-2.1937640545574566
-2.7501490907945056,-1.6391887087785035,0.9896157407972429,-1.5960626285865953,-2.1999653316974936
-2.6976791415422237,-1.727521091609093,0.9811775541414423,-1.384091853118272,-2.2009242968315537
-2.63603836992663,-1.7886797493880018,1.0026044023988883,-1.2015889490972573,-2.1726329002796816
-2.640194948844934,-1.6885973296231562,0.9889109953692542,-1.2441803672122578,-2.1730466741336634
-2.5821739053438324,-1.7527634470046862,0.9891027478946005,-1.0744511086620245,-2.1591190044369406
-2.632645480263326,-1.6143759763918022,1.026165599460138,-1.2377903206274843,-2.1646388770448577
-2.6527928294520513,-1.5733195445890564,1.0227829991813249,-1.2959883966432701,-2.1763659320369766
-2.710591223472222,-1.4881087742136947,1.0236513607383386,-1.4876010947391574,-2.173809626285996
-2.6838815485207865,-1.6044890508846545,1.018951205112463,-1.3739473832145719,-2.1654238013985165
-2.695645212897363,-1.6065155250749705,1.0262146525634022,-1.393277810538085,-2.1880121231831096
-2.650674809687763,-1.7264174550603069,1.0383101781261492,-1.2063698891175276,-2.1594541972435564
-2.7342320580506745,-1.5579645284027084,1.0281738497054735,-1.408075166115856,-2.163018030694402
-2.687008263441188,-1.6721422797352117,1.0214609122729716,-1.2614437124202171,-2.166225338443988
-2.6563661044711115,-1.7533928768713014,1.013857545122159,-1.1029873831600048,-2.1563669451443235
-2.6107935590715092,-1.7694190497258742,1.0163975260547473,-1.0217939265812388,-2.1436779067718708
-2.6718302410488914,-1.6105350081986805,1.0344127353234098,-1.2358188246019632,-2.1575138819373
-2.6441471919306143,-1.7179734995709914,1.0210824323242098,-1.1052919586729821,-2.1358427032120155
-2.6833372759548615,-1.618939401473952,1.04227282387597,-1.2162842031111776,-2.170488183307581
-2.7491682792787038,-1.5394899019657018,1.0750329253599131,-1.3430129906447288,-2.18264768222262
-2.77619853307911,-1.5042524523880947,1.0438662110387198,-1.4825750927177652,-2.187097313156605
-2.7439846424256005,-1.6264917019081704,1.040186742893372,-1.339133829122237,-2.181181070442586
-2.6855237274593757,-1.745745440516519,1.0307103489582619,-1.1589463578187114,-2.1699910775814173
-2.6900924694254313,-1.6940480961342679,1.0126168096351786,-1.1762362250460232,-2.1724024891812657
-2.6551113201728036,-1.7297125314739392,1.0404110983429546,-1.0914867308492597,-2.164366278553614
-2.6992684548934047,-1.6151286953533879,1.025130857518613,-1.2333369702583836,-2.176029005398087
-2.7021394849399707,-1.6285024598832007,1.0243127646718742,-1.196112560474267,-2.175945255718777
-2.683401400203184,-1.6498599101708646,1.0078806798115507,-1.2391121300708292,-2.169368014478832
-2.636572186612928,-1.7160717549413729,1.0136565837987777,-1.099247937377663,-2.149875480723433
-2.672275191556029,-1.6476109582389091,1.0223647340822364,-1.18115526595808,-2.1740358806248326
-2.6195097077403586,-1.7191400480202128,1.0124138038856294,-1.091944566553049,-2.1477957638134026
-2.6753904585144026,-1.6280232943512865,1.0086772464474396,-1.2194620396362108,-2.1639255733177762
-2.642095227143206,-1.721481846023524,0.9986783514134525,-1.071276459572213,-2.1571521164564715
-2.7276089521829694,-1.5268439735563277,1.0286403527865033,-1.3191777494772765,-2.161369327893552
-2.7517494695282134,-1.4975516733443897,1.0071124348224143,-1.4172872111120904,-2.1680863352927093
-2.716628061803078,-1.6407802402849558,1.018950500992558,-1.2809631526377827,-2.155803110336411
-2.6472824569715314,-1.7715157561319834,1.0231971594490765,-1.0864951324341956,-2.1405252016921965
-2.635139608716576,-1.7175378359633435,1.0314414081613907,-1.0831938946149307,-2.1363412193294073
-2.605861812206785,-1.7742688312949217,1.0345619839641356,-0.9773011572310885,-2.1341669907339362
-2.582202689046411,-1.7817438324405637,1.0765603152253238,-0.9272931911620005,-2.1265605233418747
-2.6383463968428926,-1.5984812592657403,1.0788237534556204,-1.1972550142283886,-2.143935829076243
-2.6903304190796242,-1.5632151089347261,1.0773121945011987,-1.2809933618079274,-2.164157080013927
-2.6751889038653127,-1.668241381160623,1.0783257081710733,-1.182118938092719,-2.1562196078778064
-2.7006312059917246,-1.608456591950225,1.0733508599072619,-1.261055731754427,-2.1713496981629503
-2.693841515674605,-1.66990920663525,1.0672103405527398,-1.1762385779329774,-2.185509739342204
-2.777778042900965,-1.504389100636526,1.0705302176039215,-1.4188794833724239,-2.1932319096449016
-2.6989245739308583,-1.675158422893024,1.0555638501764941,-1.2351681306931006,-2.1768102177693023
-2.733589658965631,-1.5622815035039095,1.054221733258316,-1.3702348778376194,-2.1739184976544004
-2.776870066948425,-1.4828082235752027,1.0544699243376279,-1.4994958223650334,-2.1778294814193715
-2.7002162727208203,-1.6643645107522271,1.0393407733893345,-1.294744710426299,-2.182728898905664
-2.67102804183096,-1.717600415941626,1.0397748649243945,-1.1567995631921113,-2.178441511641959
-2.666576087306477,-1.7048586405281134,1.0644858238689916,-1.1681292045514557,-2.1826755943971743
-2.716473629403232,-1.539202845962895,1.0734964237674782,-1.3771263544115382,-2.180098540278086
-2.720686128724111,-1.5798151476848201,1.0551968392215179,-1.4200579976357108,-2.1984773436824208
-2.7478848843080343,-1.5219924500386066,1.0368841269148386,-1.491176911734273,-2.186736807890564
-2.772251166879791,-1.4538424786536175,1.040498165172341,-1.5904813256999064,-2.191843215972794
-2.8259745157827547,-1.4092943949698804,1.0390521724161725,-1.702845300221723,-2.2005034401750447
-2.81372389134452,-1.5054167314625997,1.0432154861394716,-1.6463778197703145,-2.206858740644618
-2.8202082299207194,-1.5450896236230818,1.0359908524416954,-1.6033425101548757,-2.2208446376071533
-2.815977345153246,-1.51346889326493,1.0464327775369362,-1.6569618573271865,-2.208323838384227
-2.791307121474343,-1.6135327434365248,1.0233796704981872,-1.505899331124343,-2.2006566946187753
-2.8025489878441703,-1.5003400914051594,1.0211947090345195,-1.6453342772463593,-2.1775485623931816
-2.7248930644058107,-1.6838645627001847,1.017505843233653,-1.399929917188102,-2.1808749416242548
-2.673117797954566,-1.7190940262332373,1.0065948637264024,-1.2716167904521252,-2.1782817770541847
-2.686486499230338,-1.577979277447813,0.9982331401759716,-1.4277250858153383,-2.1706931389432844
-2.6636733920207294,-1.6186142779912271,1.0080107715455615,-1.3528496784906958,-2.1648279098048455
-2.619155036018577,-1.7018411971355005,1.0176003337067991,-1.1949941429505964,-2.162491677918054
-2.578926374961151,-1.712796881174682,1.0260140080648092,-1.0858734015298268,-2.1542562808343497
-2.6179377412611933,-1.6520692552074343,1.0336385198136304,-1.1409743287170449,-2.1657892787343997
-2.699451688242862,-1.517113525060533,1.0457094267539353,-1.348730380816341,-2.184534662069871
-2.663032564152113,-1.6756926835713188,1.0393761219398934,-1.2053294141244886,-2.1678826197001975
-2.6001786872202994,-1.774975598068259,1.0199235450538853,-1.0248303544955495,-2.1477790809303463
-2.6223847321770815,-1.6881603598923378,1.0185220269634234,-1.08442752735305,-2.148482388404265
-2.696589657824804,-1.5006318655253352,1.0459692504747584,-1.3296861351280733,-2.1712317527436693
-2.694313421046064,-1.6011835871419107,1.02708476431161,-1.2558527035825324,-2.174085595232256
-2.7627782165152297,-1.437677440135947,1.033100552988781,-1.4764121759777646,-2.18135548393482
-2.8093544024641353,-1.3848613682781403,1.0419283262844685,-1.6528309773385454,-2.1785450371470687
-2.8056607133380607,-1.5347747119892095,1.0275963169850106,-1.5144831236437832,-2.1768311500943716
-2.827872638463837,-1.4885432577520818,1.028408933485911,-1.6405084053677403,-2.2016912336618524
-2.828099197408455,-1.520952793924015,1.0296477415562404,-1.682152566117247,-2.2046178129085474
-2.8352966077072828,-1.5501895360220985,1.029312914118904,-1.6443742323009767,-2.2036911971136406
-2.8090553428601055,-1.5875575939110287,1.0054650701244354,-1.5621772899880455,-2.207044896046633
-2.831319456388241,-1.489180997705176,1.0016499560191754,-1.674994921902065,-2.212784219908953
-2.8506759274158595,-1.454062160189037,1.0000504250994688,-1.7608148435017903,-2.2016184213374683
-2.8572536739449763,-1.4238503729527276,0.9829038787478495,-1.7993454658839152,-2.220635189804294
-2.880117631510572,-1.3418058658969105,0.999530734649047,-1.924591905967199,-2.2146842061727754
-2.839130539881924,-1.482842075503027,0.9833210255828566,-1.8441585859414849,-2.2191399976182273
-2.8584216731086642,-1.4532578398304046,0.9821784622481274,-1.882079105878605,-2.222013340676852
-2.8655915878874865,-1.424525962372903,0.9504872049100361,-1.9523562980449831,-2.232309241728865
-2.811169165373628,-1.6034735448158448,0.9737103283444988,-1.7327101087700658,-2.2390144808009533
-2.7084159185530243,-1.7322762625864616,0.9939048052935291,-1.478094327141715,-2.2202273545566933
-2.686131823779138,-1.6907560827386592,1.0099155033135119,-1.4209512824223829,-2.198793678704659
-2.727050686270818,-1.5290287047726665,1.0062384751314422,-1.5701814961238285,-2.2031111986843364
-2.6960900739382265,-1.629271266415872,1.0117042083077452,-1.420346328936,-2.2084636865946945
-2.72234865805038,-1.561228230869167,1.0141110635564508,-1.5058320712984246,-2.222973613512148
-2.6496743278778663,-1.7464484841126413,1.015033878837731,-1.294717901845999,-2.222951728604798
-2.6297825024603676,-1.7096750014146551,1.0235632517317446,-1.2462409133419123,-2.1904228642732875
-2.6616621547537016,-1.6260494582104559,1.0221476822615154,-1.3375100023822535,-2.180270143017301
-2.631234779409928,-1.7175971048376437,1.0115942478331825,-1.168856352898938,-2.183395464622291
-2.6901177758561317,-1.5280133366488373,1.0315745653181165,-1.4029272796194376,-2.166657062247605
-2.6624083380140555,-1.6380488619547648,1.0078112411651872,-1.2695112516216716,-2.167042034994955
-2.7240227211302845,-1.4928102529106986,1.0144478103779833,-1.4800323765191583,-2.1660119104564663
-2.705331778460655,-1.6087696764919046,0.9980025724169633,-1.345444776366416,-2.183193357836936
-2.7601734384137404,-1.435677680191129,1.0178502701858383,-1.5901882987609854,-2.1867809341864914
-2.7880111000901557,-1.4659655890904442,1.0122923490004465,-1.586891327223634,-2.179970374864074
-2.7240558374104435,-1.6627033581533643,1.0055287990353656,-1.3753522152871887,-2.189915686458505
-2.6677390575446918,-1.7462362209566633,1.0061778929050373,-1.1825092723004724,-2.169628905012027
-2.6010397018481966,-1.775691813050701,1.0044095676072617,-1.0303289058292457,-2.156122957230754
-2.6233016958808304,-1.6667786281643844,1.024111334719024,-1.140749560202674,-2.151632883230684
-2.6811101484040245,-1.521216372436727,1.0273598376482171,-1.320595938279285,-2.1388111527687292
-2.6870218926632363,-1.573984270719435,1.0163536063138245,-1.2851793216584095,-2.131090174216321
-2.6951861837072815,-1.5828238682712197,1.027382602391723,-1.2930844141291953,-2.1332428268043553
-2.726425392077613,-1.5569605474194623,1.0095302859714301,-1.3414147667188838,-2.166651088650384
-2.7167868557681287,-1.5603137101376603,1.0200225205178917,-1.3668743040759548,-2.147188993857772
-2.7491502120188516,-1.5243755137066275,1.021567532019137,-1.4468097640164181,-2.1741157258231136
-2.751530215664961,-1.567638834339778,1.0255507276060836,-1.4401644244262322,-2.1792859549182184
-2.7660857102438454,-1.515325377782389,1.030310166984867,-1.5293060692570417,-2.17266112611126
-2.8299079519018417,-1.4134171892609906,1.0188077955856882,-1.7197056632764294,-2.177995392485039
-2.7874499251460505,-1.5461432553475818,1.0025364865590096,-1.5773670439998797,-2.1768946578095414
-2.7010145012337374,-1.7267700701510897,0.998562440885736,-1.3426590408106203,-2.1597951235590274
-2.6312471759567533,-1.7840468911884428,0.9913784801459623,-1.1847304207649343,-2.1615845257697375
-2.6528763440926837,-1.6805406610834526,1.0141178957970485,-1.250118850928599,-2.161316123864655
-2.6323269675643175,-1.6786211721923054,1.0019953800452135,-1.1892615406796465,-2.151954281750042
-2.7031850653677574,-1.4970007007823865,1.0170855273687631,-1.4271825374991125,-2.1461470248117065
-2.7437437010931265,-1.5051499826363917,1.017137968336974,-1.4919064166213458,-2.1784275490055403
-2.7716209619944197,-1.5425775998221276,1.0153379791474202,-1.5300482035821492,-2.1985346157204084
-2.7896507608491046,-1.4753864763134221,1.0226296574050449,-1.6191695076582318,-2.2137224463362717
-2.7665816079402914,-1.5927130232356919,1.0343625645425694,-1.4715686551909737,-2.1953421109435567
-2.7983346972587544,-1.5013554834634177,1.0320795525012936,-1.590888676349383,-2.1921201400831705
-2.720868196781236,-1.687329440576104,1.0258199735353852,-1.3523749841009585,-2.182134809561622
-2.7443793165590957,-1.610865826695609,1.0343109782826856,-1.4164022322343761,-2.2062167938681867
-2.788662558585911,-1.4638304110590652,1.0398180460087454,-1.591032286098453,-2.1943266384685716
-2.804791208109337,-1.4330670449989733,1.0430188221504664,-1.6679061607472407,-2.194102307351411
-2.8403984017495105,-1.4123159003047399,1.028301920711827,-1.7956141621584552,-2.1883666230849794
-2.823357490555164,-1.5154803247346758,1.0274805750710692,-1.6980591850905014,-2.1934015754845144
-2.855914628970979,-1.4484961269536725,1.0145005135400906,-1.796615229662617,-2.180782868422382
-2.8372657987487826,-1.481804597005386,0.9957838556118677,-1.7241958182791486,-2.191043045174544
-2.839224805041999,-1.4923203325674352,0.9977529958129387,-1.72283267219471,-2.204053359057202
-2.7644510183642397,-1.6566220481342577,0.990604723007535,-1.4649677719827217,-2.210769994190972
-2.7230758788312053,-1.7070749644282246,0.9869791207010107,-1.305209469083119,-2.1875905668899636
-2.7162945719026457,-1.6149390347437356,1.0135662803549443,-1.3182493870965601,-2.1985240784848274
-2.6390096660150433,-1.7345819590053606,1.011894371206636,-1.1166921205486549,-2.177352688498605
-2.6738628561662487,-1.5885298347484702,1.0128820018966764,-1.2780379752562294,-2.180583398851155
-2.7340276883234327,-1.4704135359152284,1.0125026712517329,-1.454831427196761,-2.165041937604429
-2.7909356438252817,-1.3908207161590296,1.0213055578187957,-1.645157878630112,-2.172433330931916
-2.744669393583716,-1.5935158741531585,1.0161262922627212,-1.445295751458564,-2.1743985611459857
-2.7826235309825695,-1.4672498896217678,1.0147878170070868,-1.6276940492605618,-2.2099497450566647
-2.7174684067351786,-1.6459511192908394,1.003757932049534,-1.3783142994775435,-2.1667052091720675
-2.7344072203171756,-1.6355293207196735,0.9901608429855405,-1.3785732478918786,-2.190625969613721
-2.7967729721667225,-1.5239641479925004,0.9984773288707544,-1.5421782418409442,-2.2079882126904633
-2.7097038267106055,-1.7054492932104217,0.998564747680674,-1.3427062703507673,-2.182845316587774
-2.6687406866952537,-1.7911554884469882,0.9875984112261065,-1.1237468170341651,-2.1598593317179318
-2.5846808799334746,-1.8535492065986223,0.9936680570819978,-0.9411349830448591,-2.134673005798833
-2.620273140996962,-1.7149829971857422,1.010615038185979,-1.0324571128644449,-2.1231471810755056
-2.6743722773859937,-1.5605980360650855,1.0182391018864667,-1.2203862713110756,-2.135933285467851
-2.6404532040672417,-1.6853521105536573,1.0153242480474254,-1.0896672390849442,-2.13326948473363
-2.612995635855977,-1.7557035010413733,1.002237485788533,-1.006592863532258,-2.1555405375037093
-2.65045537515509,-1.6498568220097554,1.0403189364986143,-1.0884290909291015,-2.1527487511376933
-2.6314429320886763,-1.6972583665102459,1.0424162024618502,-1.016901715185512,-2.145457335981882
-2.6789168871733837,-1.5614665898425795,1.0471342339680878,-1.1863324971846216,-2.1561386835865997
-2.7674718173848136,-1.4254350609347084,1.0371195848961536,-1.4341392014670002,-2.1734612695584645
-2.8180734721250427,-1.4140851661840392,1.0403111611303675,-1.555144866597659,-2.1995923872357315
-2.875908901199702,-1.3819747046814141,1.0177947057103969,-1.6836682909840195,-2.204563538958859
-2.8586251845458768,-1.5018069943360801,1.000620535211484,-1.6492104302045951,-2.1851228975367882
-2.8871902058549446,-1.452681887006044,0.9934167497972132,-1.758692043692252,-2.197548538548427
-2.8197341829592735,-1.6075902545531542,0.9869622656892936,-1.5604624371109879,-2.202436709054349
-2.7242295324242543,-1.7132095897190578,0.9769221898123144,-1.3164218566496309,-2.187465458606249
-2.7291609937768295,-1.6194800447053448,1.0048390987501068,-1.3879075470370181,-2.1775712209438933
-2.658696856046285,-1.7489923462112313,0.9898731715750988,-1.1991950126487343,-2.180714222885029
-2.7208416986391275,-1.5509572340654922,1.0002157992998708,-1.3850120776274515,-2.171864664918571
-2.742827000020055,-1.5108445344369974,0.992883551107888,-1.4882943149849885,-2.18028071841268
-2.8047566683398975,-1.3994984935191592,0.9997408301942977,-1.6872330798616961,-2.1677298594747034
-2.772851860778921,-1.5263345435696218,0.9939909997168273,-1.5640824913248021,-2.192102097019861
-2.77556373189969,-1.5643153260963123,1.0240647979133732,-1.5433040701833252,-2.185880484465486
-2.800930545619228,-1.4838820340340348,1.0081851245409525,-1.6204152467635364,-2.1913745335513495
-2.7459811538528647,-1.6112033161317398,1.009558736798304,-1.4653675954149399,-2.1895357302365075
-2.7444608732745612,-1.5757313962464987,0.9952020671220806,-1.4469315021027815,-2.1895691200588048
-2.754576502581459,-1.5286419321878906,0.9883589436868905,-1.506488680592974,-2.1730516352795988
-2.8260927901442523,-1.4074424588459038,0.9994279634468548,-1.6976404695016625,-2.19631294941925
-2.855225876750431,-1.4085991727093587,0.9934400588725185,-1.7497761963248728,-2.191936336712887
-2.7885201164268514,-1.6184217874848574,1.010134398864841,-1.5277387274862309,-2.1797428697249943
-2.7773823968184583,-1.6104194790560904,1.0116314040227363,-1.5009516002100425,-2.1938265749705526
-2.772159580814774,-1.5549631504612789,0.9990733572500768,-1.5258791929422764,-2.189718334932781
-2.7041483476986756,-1.6803408343572896,1.0128469406356557,-1.3251031424274413,-2.1790538574662386
-2.6809964218491373,-1.6652322094370486,1.0105935818599157,-1.2921122349911687,-2.171259763778693
-2.656613016392776,-1.6841971159257414,1.0232938194189694,-1.2310726296290724,-2.177110110972287
-2.586628100627998,-1.7576502889944832,1.0280771118626997,-1.0819587110175202,-2.1486057505777247
-2.615554807071361,-1.692695176238232,1.0171786072511448,-1.1528628840145618,-2.1586252584770613
-2.587677475229211,-1.7551311474183051,1.0104544265458453,-1.037203273061095,-2.175487265393571
-2.651337628164857,-1.6427069477168008,1.02415564396738,-1.15454096095772,-2.157588044250117
-2.6178142266878095,-1.715127977967508,1.0344553373560363,-1.0658886251877766,-2.1675323161617963
-2.6985772234219474,-1.6007874669296307,1.0653458808077285,-1.2089766038306755,-2.161264457213666
-2.687357184850724,-1.6785746394632284,1.0501995731301441,-1.1190350352789102,-2.172340697935491
-2.759322549818256,-1.5054248888371353,1.0669338343512353,-1.3584612130450007,-2.174026565537875
-2.6981626886749326,-1.6983984785786097,1.0537088244512818,-1.1818831714295952,-2.162082431788509
-2.701807768237741,-1.6343664285224142,1.0511946416560531,-1.243899089475723,-2.163309647271362
-2.6762755246730663,-1.6756076971016738,1.0367314037046211,-1.1751151334102112,-2.1571401267485233
-2.650476601104763,-1.7093024503075787,1.036040820196379,-1.0994477916670653,-2.1716539908659063
-2.6523078860235882,-1.6617656021332057,1.0432240510031145,-1.1352434224452783,-2.1478371858998564
-2.7301383790387996,-1.5202056333653344,1.0491676955329154,-1.331205172334548,-2.175903229451636
-2.785768154899424,-1.4223869745026907,1.041055090282149,-1.5125393234504303,-2.1872131379598256
-2.7751352341522515,-1.5547829783915812,1.0405407119099743,-1.4300030104966328,-2.2001412153936903
-2.7257938344262547,-1.6508110578552415,1.013048663726708,-1.2895964678723735,-2.180752666881213
-2.7620427490974078,-1.551957913088706,1.0348109434634272,-1.4043490515314458,-2.1903323672425983
-2.7557005972654554,-1.5324446920436048,1.027409816446474,-1.430496157483261,-2.2080002189406
-2.7007178503679605,-1.6591063608630296,1.0355902940666808,-1.3128436520502185,-2.1954796212813337
-2.7465755363583724,-1.5443390988756105,1.0397541503098284,-1.4272525211058082,-2.2057004950396624
-2.7558010176268106,-1.5476166955225767,1.0455395074433802,-1.4309070474211092,-2.1992160242532894
-2.7777389520668847,-1.5221141548939683,1.0360006493261493,-1.5009528584501803,-2.2050891394925327
-2.7659483312698887,-1.6150651541426315,1.0318149020910834,-1.4313236324650902,-2.200167270129829
-2.7399859062846113,-1.6256493788479898,1.0293746851062437,-1.3936317457544107,-2.183452421255768
-2.6887741266596326,-1.7106915837391172,1.0289511939216205,-1.2476795435997816,-2.202137920718457
-2.7328068393049927,-1.585017590635564,1.0359565508887731,-1.3832208682310771,-2.2014742238165432
-2.6865433231224625,-1.6938434594065837,1.027551980123077,-1.2551262757527255,-2.2027659302343046
-2.7312932679232187,-1.5841908412406949,1.0326224107905235,-1.3906608696125897,-2.1995131875169376
-2.7490017978952377,-1.4877965624623481,1.0323201921799157,-1.5522615164866305,-2.180878138648264
-2.778096491467748,-1.4742793994812236,1.035113484289157,-1.6377352162953986,-2.1832664069121304
-2.704338041569039,-1.6750717499413592,1.0470455797879348,-1.4028729359018153,-2.173607568711663
-2.6648799984317124,-1.6952354777478484,1.022315486047007,-1.3061701312779013,-2.160554571701339
-2.6826089046223327,-1.6284095563069758,1.0431556304584315,-1.3015526936494946,-2.152161752824148
-2.7035670941087946,-1.5638152066949138,1.046891374132636,-1.3408323286438943,-2.14998190382511
-2.7612075926466546,-1.442909055983131,1.0403220031216052,-1.5361804480180055,-2.1712294781146064
-2.749203883926671,-1.5557401236092199,1.0328786059142459,-1.4751611164252765,-2.1912049731318706
-2.8181425784169076,-1.4588387385691417,1.014608119536097,-1.6625843597182326,-2.199838527218652
-2.7595259258317513,-1.64059396473811,0.9938497110024161,-1.4910622445518138,-2.1760353624190985
-2.731654825157202,-1.6580839374257625,1.0009869649552896,-1.4104322942583225,-2.1802503296580884
-2.6692969218536806,-1.7355113022627222,1.0132019679110336,-1.1868131928339745,-2.1791499699127885
-2.7033004213471172,-1.6103404965067791,1.0132429097658837,-1.3282545163544397,-2.180655670632278
-2.6425099072193,-1.705147564768446,1.0280832863367109,-1.2045484418315382,-2.1599206512912317
-2.612540437148815,-1.7063348250627934,1.0270115145965137,-1.1098882534008248,-2.1638014591106387
-2.645728973535002,-1.5531751662967186,1.0437251542666097,-1.2812660492409451,-2.161289164263535
-2.7011720563006434,-1.548344575065792,1.036668388238104,-1.3340817647211847,-2.1796381259570214
-2.640621667263582,-1.7123318651707093,1.0388864301323408,-1.1264748460346725,-2.16442691202471
-2.5983556891685677,-1.8058670452350045,1.0241490298511648,-0.9464685308882161,-2.161875865557796
-2.632499671739517,-1.7080322909350976,1.0665688417595391,-1.021072663864376,-2.1752381163892673
-2.6327309417631883,-1.7153406605177597,1.0532597321210202,-1.0163946958474415,-2.1691754310398377
-2.6067257337616057,-1.7626274247676352,1.0526739539485988,-0.9444565393105787,-2.1717100246882017
-2.6425010104935773,-1.652821415210995,1.0542712001500978,-1.0699790939564284,-2.1713211060196964
-2.6379988794932085,-1.7086948942870588,1.0298342988788534,-1.0046038891015197,-2.174419893086395
-2.6734300247238365,-1.61884981945329,1.042859135417387,-1.1051316904191928,-2.172674888368901
-2.6968948455392825,-1.6214232161693858,1.035076776230977,-1.1156346656108418,-2.173690929417023
-2.6608068159480194,-1.712720331168786,1.018226037015024,-1.0352075825456433,-2.16427180668131
-2.643542673085991,-1.7420164493483115,1.0265879125269617,-0.9544409500787129,-2.1375957512393384
-2.6224565209441644,-1.746051657626378,1.0355903092302037,-0.9156222992068809,-2.142357837730482
-2.5624653603855,-1.8154685346850352,1.0521068357463876,-0.8108265110564993,-2.11635548510378
-2.56732544992025,-1.7509136708816624,1.06934552454345,-0.8212603303933629,-2.1152832463433877
-2.6464513861810546,-1.5668638558645671,1.0856812668458604,-1.0980399893154629,-2.1439539444429716
-2.7023707217645576,-1.4788845424337551,1.077472720658172,-1.317995092204512,-2.1538150483411456
-2.7060618339041986,-1.5505373439472168,1.0822238125523318,-1.2977758095106087,-2.15161519221622
-2.7488883749611053,-1.5350646291979098,1.082685398557071,-1.3503071964982123,-2.1660998207531255
-2.7683629279780204,-1.5508237334648425,1.075809346113388,-1.4061085177574195,-2.178897856281601
-2.807355724166948,-1.464293072803925,1.0484301361836759,-1.5501603737482446,-2.1751880947043682
-2.747798340255877,-1.597331920891127,1.0318169421482837,-1.436421074190479,-2.1767232477631477
-2.7230062371117976,-1.6632465403400547,1.0367099632698298,-1.3290938596861013,-2.158026984236112
-2.6824055368640654,-1.677731875549639,1.0425422621802407,-1.242493867864184,-2.1630805085167237
-2.636848521362482,-1.7427083731265862,1.0486217014747943,-1.0495057310667142,-2.1419582898203946
-2.6114745374978225,-1.7161281776025619,1.0433441109077326,-1.0498342193934993,-2.152134858111834
-2.6839018573591433,-1.528249649576078,1.0390936619304956,-1.2667523220326473,-2.161207233852813
-2.7674175132122842,-1.414714854739712,1.0349233892053558,-1.478101611505285,-2.1851288675828053
-2.7018818553251758,-1.594544825802828,1.0335537323837674,-1.2875318548179409,-2.1763562653188844
-2.69901708019759,-1.6187310950541651,1.0189997283774066,-1.3029297863977753,-2.1835863159698308
-2.6966407906560885,-1.6333064341118575,1.0349816099965132,-1.282851873503574,-2.1838338321641513
-2.708582430418998,-1.621960786245672,1.0169063126916684,-1.2733635564705623,-2.19229107657437
-2.7295794803454037,-1.5823993021601241,1.0200301464108035,-1.3262146302485607,-2.1964910149752797
-2.6641545006729985,-1.725547700522657,1.0277748616320277,-1.1527575108086168,-2.156210821426036
-2.7074130245016645,-1.5639784818689324,1.0473799856784152,-1.339461275809284,-2.1553728952732643
-2.7762354739170916,-1.4411043613655772,1.047312749330607,-1.5769195924486201,-2.17735742569983
-2.7887761207991613,-1.4492205705188081,1.0431649221474875,-1.6141977265373706,-2.1655418455824758
-2.8234375528650717,-1.4719734013610797,1.033005272191402,-1.644451578208331,-2.174346382575506
-2.816316994335881,-1.5192828151731126,1.0055111515718054,-1.6105836774872198,-2.18865656583495
-2.772266891926215,-1.5896582712214327,1.0120476273842063,-1.5124905314377126,-2.1798895239858496
-2.7300842372781413,-1.6903655427877506,1.011623170776154,-1.3456606738388683,-2.1763810191065
-2.723691394393673,-1.594205824346805,1.018497088228278,-1.385552100175589,-2.161911478000754
-2.6559355910859463,-1.7086494346675325,1.02018605468947,-1.1964859811599418,-2.1587556006899162
-2.6885578356696875,-1.571098229535791,1.0181938178389092,-1.3747173278900386,-2.156937864139584
-2.685323987704013,-1.5959376347748804,1.0244668194912294,-1.3458962754363808,-2.155756286961366
-2.673799032138276,-1.6138043913485216,1.0243214779447813,-1.3298394392726407,-2.147390192481489
-2.667462639451435,-1.6430807554376778,1.0259079613362951,-1.2923075562668342,-2.1442442029949214
-2.7422680249581255,-1.4970455110152319,1.0180211832788784,-1.5147685160064757,-2.177151468851986
-2.6918159848121643,-1.611204239954924,1.0131938652075727,-1.354326247645717,-2.175349403844404
-2.6626925170488467,-1.695748245884978,1.0267991213691599,-1.1892992135920708,-2.157107090727506
-2.619313883843208,-1.7582953134179464,1.0279294539013097,-1.0621166806374724,-2.1392844127828803
-2.6602554220805485,-1.641878319049818,1.0250159093995317,-1.2015107149105597,-2.1419811254742247
-2.7386446173013184,-1.4620654032744556,1.012016120698001,-1.461596978432958,-2.14294806093169
-2.7105212244531747,-1.586859824491767,1.0038550052747028,-1.3380004206076515,-2.1574539894978155
-2.7588684149735827,-1.4578572207414293,1.020967441361968,-1.5310705862851337,-2.179762019623322
-2.727352780987653,-1.5812709507080331,1.0068002471659874,-1.416418834498455,-2.1789895767964995
-2.7598309145454616,-1.5602180081356247,1.0143989277198648,-1.4820749132326358,-2.188805527624867
-2.704892624662916,-1.7094650756369536,1.011019463426548,-1.279967393917627,-2.1719828756779562
-2.702103390113804,-1.673506006097096,1.033301474323644,-1.3115839844150163,-2.200384847703765
-2.7176122569682684,-1.5879238859015814,1.0211889133443173,-1.3851687994197248,-2.19055741621746
-2.7199909091813956,-1.6028592970883326,1.0107031111887483,-1.4253174084788214,-2.1784002872947856
-2.6823054769174686,-1.6862735052594533,1.0331126239987578,-1.2941139158810453,-2.154639653894308
-2.738524646368987,-1.5574002559307023,1.0204874648373778,-1.4415863540522498,-2.164750285815082
-2.804756229702295,-1.4219451941544583,1.0286668069912859,-1.6443914734287273,-2.1971933264799173
-2.820036130726317,-1.5320841132664362,1.0098255338905626,-1.6023009441084652,-2.209107087880211
-2.811738084708415,-1.5184841953552517,0.9938589686461258,-1.6452243023392572,-2.206374690855525
-2.8252660670509924,-1.479371734783413,0.9869638040495411,-1.7131758034367606,-2.207592143178774
-2.7842627203296186,-1.6133366771738458,0.9855421082796145,-1.5778667478022446,-2.1872137926182047
-2.8244405022689105,-1.478320229450283,0.9787443150423172,-1.6874832761098935,-2.188448087804829
-2.789091970986434,-1.6078892970781133,0.9969432522974543,-1.5423450306528768,-2.189078691371564
-2.794700903592856,-1.5091841318549175,0.9885424347226113,-1.6241772912629442,-2.196082759630284
-2.719099056288591,-1.65256914309282,0.9955440911622976,-1.428666096447066,-2.1850591654577447
-2.6898176041187813,-1.6831648895290878,0.9718317976320937,-1.3194380143280833,-2.1868458947671314
-2.690146246954765,-1.6348814935822757,0.9924791611566984,-1.3491988264978116,-2.185574542230712
-2.695608345582456,-1.6122448174162927,0.9940086299047228,-1.365282295037778,-2.168356005676267
-2.7388332761239274,-1.5045130004052687,0.9907073180148143,-1.5320727000414112,-2.1814155539489506
-2.805447215322372,-1.3964821400894318,1.0060519335912168,-1.710248531623409,-2.179740682509505
-2.7306979111882765,-1.6021436083045029,0.995124743563767,-1.5129894107609747,-2.1955221682197066
-2.6902257028017695,-1.6830429497624342,1.015154558636796,-1.3840549484117346,-2.1912600362722165
-2.6721612849561422,-1.6795632518456536,1.0068835121029371,-1.3289528086919002,-2.1688866558573676
-2.661706528795259,-1.6695410053530364,1.0153531276314394,-1.3323118923317832,-2.1623128913762644
-2.6691890863192356,-1.6354676536063528,1.0051980254545567,-1.3448806626211318,-2.160812292752751
-2.7295349632639967,-1.5242654577859407,1.0107837307353418,-1.5029543513905728,-2.178684516111661
-2.7703048089059705,-1.479211237851717,1.0226490236269223,-1.6130309489629113,-2.187086629727095
-2.7080941657139563,-1.6815948620328565,1.033577789881079,-1.3630899001156918,-2.192165614288634
-2.71477548668596,-1.6488426342246822,1.0391649405400525,-1.3490486155529984,-2.1793558216652382
-2.7101264001487424,-1.590345803513226,1.042666861640116,-1.4199810242154443,-2.171113292768219
-2.718367371187257,-1.6073376363846703,1.041748897813343,-1.4235223443822966,-2.1850458732867137
-2.682250784220159,-1.7340170930580285,1.0142435047021727,-1.2740969025817679,-2.188014791996977
-2.672883049615417,-1.687066505878786,1.0279874388610535,-1.2389003697427112,-2.1764377589827184
-2.685552933825785,-1.6571768482052152,1.0339682088001168,-1.2120843270769552,-2.184603040301169
-2.653471986120579,-1.7316162542215556,1.0285166099496201,-1.128035036047335,-2.1653981295168223
-2.6926619327458674,-1.5965050214290133,1.0389954742241039,-1.2862331802310778,-2.1888341478375737
-2.6711903060648954,-1.6284842541618465,1.0401552639238067,-1.2485919828594294,-2.1972434768358253
-2.7249096396633203,-1.592619071322817,1.040245469175541,-1.3245891413372963,-2.1813051148614044
-2.716314749503159,-1.5662378659149494,1.0297529012296947,-1.3623047266220665,-2.186004872856101
-2.7675734763120228,-1.4534775976597125,1.0408368361170761,-1.5303691905203283,-2.1974267535282754
-2.7085875678794875,-1.623654889519303,1.0312282287602301,-1.3492579078175437,-2.194586784464366
-2.661397004535706,-1.698362022048976,1.0259237132793693,-1.1782722663705305,-2.174051776936027
-2.630353136411926,-1.7202796230147592,1.0108976508370293,-1.107159896083413,-2.1623543984915248
-2.6242943558077165,-1.6829813223591563,1.0112482118402664,-1.1344371667672517,-2.1534805415053295
-2.6348207452179935,-1.7000003536218695,1.01464186537474,-1.0941350783431203,-2.1576885294178605
-2.688997700878378,-1.5721819436004287,1.0378389650447244,-1.2694843544599923,-2.1607153408352215
-2.6578819202912096,-1.657613667783938,1.031250290752069,-1.1879566667762285,-2.1560097379176613
-2.621274191458939,-1.730344313898043,1.0355961905307882,-1.034366899948081,-2.135463132939819
-2.6274363522587008,-1.691811846745525,1.0283612660609993,-1.051864031976785,-2.141171618737483
-2.700286850823801,-1.5755298919072176,1.0263630446788516,-1.2501910745270264,-2.1556699850453493
-2.762374174217075,-1.4653583780781574,1.0306768644577595,-1.4329540008972863,-2.1886745370967726
-2.7762712311754583,-1.442936499538434,1.038062833710805,-1.534467221130364,-2.1774593037911205
-2.786347074976354,-1.477882434439369,1.0184980175105396,-1.5502393213945231,-2.181673090071064
-2.8230911598480013,-1.4693090577880161,1.0238291695839976,-1.6302417767635318,-2.1946844577540694
-2.8289917264160978,-1.489851998094773,1.0207186600215223,-1.6662699271344326,-2.2107446572156317
-2.775251570361579,-1.615157011007635,1.0175023917854271,-1.5141551507510185,-2.1855486846034107
-2.7649190742770218,-1.582023666400288,1.0125417034787252,-1.515273573462642,-2.1903967135441365
-2.7752527553481663,-1.5230157479742137,1.0207743293943516,-1.6093596611361691,-2.1730184300452673
-2.7393889095153066,-1.5964025555755728,1.0110948520108531,-1.4859967835817076,-2.173466950824819
-2.7511419613580252,-1.5377654135536782,1.0278763754973732,-1.5436143460815266,-2.180211419049304
-2.7382897253990977,-1.5538887781018644,1.0203230274644153,-1.5155081931449899,-2.1984754145909466
-2.7427646377250854,-1.5697857963272452,1.0417687096776445,-1.4920826479278142,-2.2257213126788886
-2.678766276847039,-1.6925585882795158,1.0377831664647887,-1.2824844144980263,-2.1821354029111166
-2.728071670484682,-1.5824787118696786,1.0433481291226692,-1.360346818065686,-2.1949386356424254
-2.7671216386373887,-1.4772254635220614,1.0207047863757561,-1.5388304915812834,-2.183410615173655
-2.719157094313332,-1.630830917462354,1.0173964278583523,-1.374966833322519,-2.18682984899208
-2.710523366676983,-1.6561642410608917,0.9995665361793574,-1.3205763236587054,-2.1929713734514853
-2.6540244661056835,-1.7692571411141107,1.0252129240019605,-1.1455896111518429,-2.190454193972134
-2.5804584684094625,-1.8053865580247792,1.0036243840167531,-0.9992402993655916,-2.181363051720514
-2.66348390198302,-1.5672778683121111,1.012915598742456,-1.2730023682950127,-2.1675429361566203
-2.671222896043033,-1.5583824130550776,1.0114551198808515,-1.2832337909371858,-2.1539418320730146
-2.673413988994193,-1.602022028357962,1.016437138882431,-1.2672730355609236,-2.164681969615957
-2.674137022741981,-1.6479706752630219,1.0095292910938842,-1.2058928790102321,-2.1625042254795797
-2.745400135493887,-1.452674904644922,0.9959740393069711,-1.4550163793121813,-2.1705818914556803
-2.7243250518785334,-1.5761791794739186,1.0147205867387505,-1.3296289160923778,-2.148590869722546
-2.754730946193147,-1.5193300254909716,1.0147220320840797,-1.4459176967671916,-2.164637093950328
-2.7258180729866575,-1.593555807699448,1.0159514014026465,-1.3559975384804792,-2.1686455769962745
-2.6699625596481416,-1.7294012006851245,1.006445441183044,-1.1799382868099815,-2.1737873182941168
-2.6900694260555804,-1.6259503844983598,1.0100824106721813,-1.2851853714544859,-2.172969468395177
-2.6341094735018284,-1.7585424815074333,1.0135445036582376,-1.0773664190195769,-2.1712921919709594
-2.6652993321919283,-1.619011066717619,1.020838119537524,-1.20891496506307,-2.1601054892992653
-2.650554218297066,-1.677479003981194,1.0186237008515804,-1.13382143699713,-2.1574890012953314
-2.7038675036302333,-1.5380602109581467,1.0341051547620461,-1.3029158675602537,-2.150380784803746
-2.7352341849943533,-1.4882337293222694,1.03264326871066,-1.4479298956303595,-2.1765499711481953
-2.7706050200656933,-1.4645830310522685,1.0416982625463183,-1.5369068419429626,-2.180657263313887
-2.706423472497865,-1.6684500165935707,1.0318160973519954,-1.3283617619042976,-2.1702658244526285
-2.738096933134028,-1.5846273141557874,1.0176483668583278,-1.4362119847795058,-2.177537521275634
-2.8177360795757918,-1.450048148066202,1.0189989161960975,-1.634938992860654,-2.2002764520545983
-2.785241512331201,-1.5845691783566234,1.0120192718812735,-1.4949738436096889,-2.205840101061486
-2.742359421400966,-1.6543239385500905,1.0012335305364988,-1.371141755999837,-2.2179822262205735
-2.7654110223537223,-1.5450802522117044,1.0254505737057567,-1.5461973957878112,-2.201515259969319
-2.720117063915015,-1.6711793201409448,1.007459178462066,-1.371235296545632,-2.2135195181925056
-2.7343902890336556,-1.5781540089623243,1.0152074617006657,-1.4583459665018579,-2.2071012122038827
-2.7726416215840515,-1.4912921665275027,1.0169030129812682,-1.5509535394824427,-2.207144066053316
-2.7029936575653553,-1.6857080406103773,1.0203240279492358,-1.315397419510706,-2.1880541444256147
-2.704049584048503,-1.63420165270056,1.028949209179871,-1.3473824026060277,-2.1890575021541934
-2.739590374104467,-1.5822451191592866,1.0182026027831241,-1.3839148563311328,-2.1854479193137273
-2.720445246017599,-1.6416128239966565,1.0403581942036981,-1.323729844079573,-2.1625195156513337
-2.765290541047308,-1.4868331306152622,1.017490691945666,-1.5076169520061702,-2.178777650101801
-2.7197129148048544,-1.6314284517986568,1.0144339926939283,-1.3589570611092479,-2.186222506269749
-2.7086903309060326,-1.657096770042382,1.0172219078367513,-1.2938277472346225,-2.1863115708340266
-2.752169515054462,-1.510000236814893,1.037297676441955,-1.4485121215646384,-2.179746469875835
-2.688888701574698,-1.6465318878805661,1.021402602545815,-1.3184349540290947,-2.1863212677753707
-2.766635459394282,-1.5175131357116933,1.0445073836685965,-1.4707287005372462,-2.1820420545359465
-2.6815487936921834,-1.7010438170101283,1.0353775713400077,-1.2859788018379583,-2.1889586739325018
-2.687788027936733,-1.6438194495622667,1.0326902933148259,-1.2886950876301686,-2.168257571162191
-2.6455555226574434,-1.7337089554877998,1.0411741749758963,-1.128560026827189,-2.193443229091038
-2.6839437100590944,-1.616534888169191,1.037343587503866,-1.2445023527381052,-2.1909987624746785
-2.7370463429600047,-1.4953435991756423,1.0381079668078916,-1.4132803745014926,-2.186238888312863
-2.808844557921563,-1.4065433671404257,1.0368636987017656,-1.5473537875800838,-2.184602703342851
-2.861807970541428,-1.3259952401362802,1.0153410309705548,-1.738202381763565,-2.178291018846625
-2.875883726588703,-1.3895589745643135,1.018455960048422,-1.745528506631744,-2.1813470395166887
-2.8908935211709634,-1.4146104135004582,1.024100522646956,-1.8075714678261678,-2.201941661704131
-2.8772572579242937,-1.474654110676962,1.0080747468286586,-1.7613838072089283,-2.215719459809303
-2.916989524648487,-1.4008304339967588,1.0185846150099567,-1.8693805241267925,-2.211351751687149
-2.8948336283363947,-1.4541164517106486,1.0310612065364324,-1.8685160956744566,-2.2369802583870664
-2.9326618479662785,-1.3929001084282784,1.02454283226988,-1.931175665365429,-2.2373863291275744
-2.8442046350773698,-1.563956411951462,1.0254122134188166,-1.7365231590458126,-2.2324940057269473
-2.8189295311528237,-1.6053009234009967,1.0269794369314902,-1.667124157095778,-2.245532115809392
-2.8252656300005135,-1.5315296689523987,0.990763779989252,-1.725992025504155,-2.226845367829663
-2.751347323631131,-1.6505707512894294,0.9986125780657643,-1.5282498424785522,-2.221286704513361
-2.6951209195231427,-1.6992508784199984,0.9847099883490105,-1.3985303557494297,-2.2067055461305465
-2.7476640561468653,-1.51022733014042,0.964815737219777,-1.5838230714224402,-2.193117914444306
-2.7134970557526406,-1.5709392039140233,0.989538149447761,-1.5050982803404458,-2.206114505836151
-2.6545492389761702,-1.6705338989667031,1.0147031798074277,-1.349815713588428,-2.199205074352226
-2.662366454529278,-1.6827039309040914,1.006959191395606,-1.2907509544364408,-2.191221631728847
-2.630036269106208,-1.659871272166874,1.0009262189328478,-1.290315954821455,-2.182678814795247
-2.662531837086785,-1.58152409195208,1.0091034252637434,-1.3588897916680363,-2.1675688246475016
-2.727710560490753,-1.4517255709224464,1.0139662737473834,-1.5346370907308493,-2.1656649737989873
-2.795931654230227,-1.360986305287298,1.0161640842759652,-1.7209007204586568,-2.184169122252931
-2.82457443379476,-1.40500818687412,1.0089219908931293,-1.7268907325905256,-2.183449365812503
-2.852675124023379,-1.4450485744994286,1.0027176440242735,-1.7684138928898807,-2.1923771943780803
-2.826045243933136,-1.568118966615024,0.9867288618179909,-1.6105813624755696,-2.1871319788902976
-2.8433364042979727,-1.471675551813162,0.9812006207121702,-1.7104627648741142,-2.1708973877959448
-2.790307626726755,-1.6090026386618959,0.9675118617500561,-1.5493222816809848,-2.1728723519724937
-2.7190620511449457,-1.7057058073884468,0.9725819191744649,-1.348444265847296,-2.1700341753121184
-2.7664666381981786,-1.5106275980847232,0.9956660831770884,-1.5357998984816263,-2.1643336617799136
-2.8075488397748787,-1.4178050867854044,0.9997841790745668,-1.6545532934131064,-2.1510091263930224
-2.772954839526715,-1.5554506937390862,0.9821971173744781,-1.520585022792795,-2.1852066385963114
-2.768266804529533,-1.5233376189155097,0.97728986767507,-1.5867311205682917,-2.184015174715146
-2.753227647842864,-1.5665370080046714,0.9898184860985025,-1.5520121441923973,-2.184107910661934
-2.7142298066427766,-1.6254329978706414,1.0054013256892145,-1.45936138408245,-2.180172721241834
-2.679954443453197,-1.6478960890146244,0.9838089814612735,-1.3450827378694807,-2.1542630991497376
-2.631243142136657,-1.7479524243148394,1.0085764296477409,-1.1766565244916063,-2.1601749302184032
-2.65094292685778,-1.6592931233584463,0.9982181020454012,-1.2518923289735557,-2.167342945472814
-2.6612595584202494,-1.6439171371081474,1.015530424036217,-1.2564134618360308,-2.156280511416546
-2.6502202481254464,-1.6027679685554745,1.0273483121778137,-1.309383918577185,-2.1490651819182
-2.645233292051332,-1.6911922593183435,1.022392790046222,-1.2062621890514207,-2.147948962489261
-2.7153214197737494,-1.5285662962438684,1.033947122998118,-1.4458931832576403,-2.1484786066741695
-2.737219188757655,-1.4955550788112637,1.0129214124887678,-1.51619472641021,-2.153549725678311
-2.784094095710418,-1.429030138138846,1.0178668986913044,-1.666119405867899,-2.1755370049132163
-2.7275258182106032,-1.6238988559674428,1.0300260548491436,-1.4435797164592745,-2.173146200388162
-2.7660041433927844,-1.5759969704029453,1.0241400366562377,-1.4946177981318431,-2.167360905535472
-2.8119820553236234,-1.484370733262933,1.0305281840579361,-1.6126261855992166,-2.182095513619337
-2.7882752955403096,-1.5958455910148697,1.0324786581243732,-1.5048656080673861,-2.2068750801162014
-2.7282090110093287,-1.6981152201826282,1.0389757018452115,-1.3643157864112032,-2.198052836477445
-2.6918026132108817,-1.712339790943509,1.0425027847108055,-1.267717759797653,-2.208332812553594
-2.6659782512393435,-1.7431597808187231,1.050198054743124,-1.1734151797582533,-2.178947300021131
-2.655978669329575,-1.6865323787767148,1.0306185540967974,-1.203529174710306,-2.14573568705195
-2.6480312107832895,-1.6818996530450923,1.0535582359305389,-1.1468536534313754,-2.148890534146897
-2.622001007332962,-1.684364647634213,1.0527426494891055,-1.0952642141283522,-2.1624985353782784
-2.6670058511653663,-1.5905197410819096,1.0479775349250957,-1.2112704631487254,-2.163751664809852
-2.6327661481700577,-1.7197931467045982,1.0620475458743088,-1.0698088843579714,-2.1590777355480704
-2.641140567424145,-1.6987346548588032,1.057310413470685,-1.0638056847871578,-2.1506820742879555
-2.661865577731975,-1.5877752294403098,1.05991598691102,-1.2023806452229249,-2.1579520902263805
-2.6331750383696986,-1.677127854109475,1.0525945431686141,-1.1168022203916046,-2.155742364664211
-2.634205124952613,-1.717918277040679,1.030357794470148,-1.0514238658787467,-2.163433704308506
-2.6181168244678927,-1.7244450326576979,1.0344620392558581,-0.9633652576930326,-2.146444902166181
-2.5759590078141485,-1.8027470557014909,1.0201508000567767,-0.8368656752910031,-2.134101294137691
-2.598568858513813,-1.703869461879568,1.0402263948712465,-0.9145689823005645,-2.128195093506576
-2.5750588896036053,-1.7733658051609373,1.0362930361324212,-0.7967641392894983,-2.111018379834827
-2.5911719380802243,-1.7378347474541553,1.045515069017916,-0.7886224415075714,-2.1340534590856386
-2.6786426450490906,-1.509076246964697,1.0717018748501275,-1.091643542096424,-2.126691238682316
-2.7552376370564073,-1.4089166076250201,1.0708139085117807,-1.3466952565812236,-2.156977085432994
-2.726473565320363,-1.573353887269488,1.0575510245489534,-1.2410376678552428,-2.142555719529111
-2.721664970681888,-1.64811474766283,1.0837204218677507,-1.195291319146861,-2.153974170476915
-2.72758253790699,-1.6309964518125826,1.0656404129544805,-1.2266760130572099,-2.1742619902946507
-2.7830326040758764,-1.5163916068457735,1.067826747655764,-1.4054099154489588,-2.2024815231491988
-2.8195440847985833,-1.4674757143432695,1.058789170119133,-1.5507207485463401,-2.1896398906615624
-2.7603173683712208,-1.6606202517818043,1.0497981485365606,-1.3843594372669425,-2.192957569452952
-2.706605567353657,-1.7685549130271427,1.0423392023117755,-1.2240567533602602,-2.1770310330972764
-2.687119281229011,-1.7176929577536926,1.0556575245445983,-1.2282256898198403,-2.185388102387565
-2.7343797088611232,-1.5616981278188982,1.0678512718405042,-1.4202850477899636,-2.185517765194559
-2.7809415037327336,-1.4677054104175022,1.0547224999385445,-1.5829700107522768,-2.202722775928533
-2.731977773624674,-1.6589616000257166,1.0609050402658005,-1.3923662405761437,-2.1899142538857186
-2.7277218321926218,-1.626824603782829,1.0500362485173687,-1.4274895017579146,-2.215690250922111
-2.6963225652434644,-1.7103336983464263,1.0351672679449038,-1.2921080428909886,-2.21349083840822
-2.7257610133550325,-1.606447157755029,1.0200447541811533,-1.4232847737009386,-2.201741382339437
-2.7635973165951793,-1.4778803499525,1.0142826106574683,-1.5939188374760223,-2.1862910915697924
-2.7724826238978264,-1.5664422017047337,1.0036904878615112,-1.565153865907659,-2.193605052431399
-2.693300098288545,-1.7021252800742783,1.0005951139047649,-1.3635639567165505,-2.179497332530362
-2.7136129856671394,-1.6352300528862396,1.00571203112586,-1.3910723239575,-2.167697650390185
-2.6903086713010236,-1.629227344663097,1.0294156374872696,-1.3557503720518682,-2.1634432728438737
-2.748100393532329,-1.5096005610013772,1.030994962399312,-1.5124160819764954,-2.156305068536292
-2.70464457259575,-1.6027860693217275,1.0351662191632232,-1.4277545196169827,-2.1508564709808335
-2.7589475299210413,-1.492322976099004,1.025214688230613,-1.5831301843582697,-2.180414766301645
-2.7395234065967355,-1.608781057334039,1.021473849075308,-1.4682358350389726,-2.174305701511065
-2.686903047472668,-1.725989038635176,1.0441795380710484,-1.30463398155375,-2.163929680982224
-2.66606993300524,-1.7070155808600973,1.0198465519807633,-1.2352554885511697,-2.148050772525124
-2.6035956925503543,-1.7854467640514242,1.0347313326876098,-1.0689170856476407,-2.1403000258871585
-2.5959698577865264,-1.7568795634086138,1.0209439373036362,-1.0299790251972127,-2.1358941414842674
-2.6273711480863873,-1.6287865896615619,1.0330200098616311,-1.176547838331668,-2.1460075026042875
-2.6137449613271704,-1.7119267124882933,1.031062761997352,-1.067045343435067,-2.154352828616948
-2.5809152792165793,-1.7826876569344396,1.0245910474168547,-0.9666562141593834,-2.1373325013285904
-2.559706765379562,-1.7805567999743481,1.0403786942561366,-0.8668136291825371,-2.1189408408974497
-2.51663754789964,-1.821329197715276,1.0509050133092812,-0.7622505274222098,-2.127218301745819
-2.599504000814257,-1.634875253721964,1.0688912706333873,-1.0413804252170908,-2.131876618897837
-2.6864720701239087,-1.4956117392792905,1.0786664706165265,-1.3068872354467242,-2.1444016146862674
-2.658773654407785,-1.6705109535300366,1.0535587508202744,-1.145200758517223,-2.1399598266396627
-2.73833733589718,-1.5756037717724125,1.0716706925309172,-1.303087479757953,-2.1666681459508728
-2.7814212821670585,-1.5343708000272733,1.075231881936504,-1.4260503432011695,-2.1979578076387667
-2.8329956534198115,-1.4192930233521817,1.0498293541159718,-1.6421065395995176,-2.1861481605599287
-2.8053523172393358,-1.5441990706370352,1.0417056735570953,-1.5305892022845526,-2.191150071150549
-2.7714336483762443,-1.6408844502609328,1.0013340518418283,-1.433010154473128,-2.2085825433513953
-2.751504965659373,-1.643699356949452,1.0020149778967096,-1.405867592904557,-2.1908690904748434
-2.8084740715597154,-1.5313375221331404,1.0108694098797615,-1.5475812485475116,-2.185130003817861
-2.8241226804635877,-1.4888322522395292,1.012919946835309,-1.6220706451910674,-2.1864181613615448
-2.808679725228585,-1.5365973549110599,1.0015011818086683,-1.591151309421216,-2.2041967750200917
-2.759531311105648,-1.6270934186030388,1.014196241351672,-1.4474016853876723,-2.190938851569297
-2.782161103154453,-1.5445822135687424,1.020652437013737,-1.5182230927658067,-2.1933739624385873
-2.8088746130079705,-1.449623199204254,1.0124524515051319,-1.6568861607454004,-2.189383253798199
-2.7847992405008295,-1.5350282476862407,1.0021428346325012,-1.5733271172448293,-2.189906400904011
-2.778829510513218,-1.5119527853057129,1.0051933542431633,-1.6134201964951813,-2.2042193853162875
-2.7563849458749052,-1.5677213600965436,0.9946423468311505,-1.521454706148519,-2.1906897994703876
-2.7288426117767726,-1.5912001213641342,1.0122922269534447,-1.4891575527969874,-2.18053262674715
-2.7144297269104367,-1.5678825906554879,1.0138482401985112,-1.4832626096180406,-2.1689300499307045
-2.7530084407183457,-1.4935992882709004,1.0020705359601143,-1.5904694056698665,-2.1781723198020995
-2.8108793237656866,-1.4073649021018078,0.9968080085179178,-1.7860184507344248,-2.1911891653511417
-2.821592798994487,-1.4970686133893665,1.0188789104718736,-1.7001235235213599,-2.2081912791406877
-2.769103625837477,-1.592389998892868,1.0201808886393926,-1.575597033693852,-2.1950385956206824
-2.743187621935401,-1.6376833031032667,1.0014230151074108,-1.4876655847038611,-2.2091460533762857
-2.6884411480097814,-1.7288939963391134,1.003239238131106,-1.2921428489056412,-2.220051465535291
-2.659881727147484,-1.7300254113040563,0.9976082511221671,-1.2176519502838523,-2.19674855582669
-2.6279898772685555,-1.7795199055586586,1.0112668160554361,-1.0464615449166275,-2.1717614194772477
-2.620694493178153,-1.6871964085960849,1.0233121612554883,-1.0922298212553276,-2.1481419149596075
-2.579394748141641,-1.7257834556520706,1.0242397881375502,-1.0062685871379258,-2.1476912459623176
-2.5882165506500034,-1.7154073441403872,1.0483800085005497,-1.0078766199461455,-2.15442796188807
-2.6453816760389297,-1.5733605859000366,1.0512393368764898,-1.219405228202983,-2.1695508591788593
-2.6387043403978123,-1.6704004731164703,1.0425799921911427,-1.1483151629298962,-2.175044272959776
-2.6679148668245247,-1.6140716234646264,1.0375930997630523,-1.2414118515828911,-2.1693720395903933
-2.7465210924971832,-1.4880878229338486,1.0455787786452049,-1.4755666605892739,-2.172799685796966
-2.7681300861480818,-1.5220467726732674,1.0377821599863464,-1.493045198343721,-2.183126722580317
-2.7310314178632225,-1.6644644703372078,1.048739489899262,-1.3567934012162333,-2.1620866707203947
-2.716997670348138,-1.6812450705561026,1.0398214551784124,-1.3180260180677286,-2.1704856720958396
-2.72402257798381,-1.6253244523152377,1.038119536852046,-1.369257466007308,-2.1754959493786084
-2.7121270917427185,-1.6145582163135155,1.0299060139687795,-1.3962418237634484,-2.166750318861013
-2.652037368131127,-1.7165135460137402,1.0380859740721529,-1.2318213558841529,-2.1535362672253036
-2.651726711544401,-1.678682166592285,1.0223959117077461,-1.233134264241763,-2.1613280400646184
-2.660216299364086,-1.640814590503587,1.018682574988132,-1.288120379743166,-2.1479853647599008
-2.655343912227721,-1.6785503525960868,1.013749545947795,-1.2083446236542679,-2.142741424685329
-2.6978106343667494,-1.6168665718807063,1.0060105111445454,-1.2984385676150243,-2.1687760635360616
-2.6237697332435537,-1.7149483387137239,1.0110324007055782,-1.1330237194677883,-2.1336240087885705
-2.6342533638501715,-1.7032163865794647,1.0113317972302054,-1.1065516657030754,-2.1509263293244887
-2.7078971854925973,-1.5466875955132986,1.0197261440983187,-1.2786935034275517,-2.163831160465242
-2.6909043187094714,-1.6177302520160493,1.0220617633937792,-1.2124056580621603,-2.1583873800256974
-2.693014758181563,-1.588682017682624,1.0129764004292525,-1.3108332124395303,-2.1615197969760263
-2.699251261673208,-1.6110472126471693,1.0062403646540692,-1.2567386359491377,-2.1525415981236717
-2.68347745272712,-1.6714054839415535,1.01545239208674,-1.2218579715815672,-2.1534831203957716
-2.747165630156411,-1.5165649413812605,1.0273371131476914,-1.4107751329765197,-2.159983284695918
-2.718187160881002,-1.5920902317442716,1.0197562781738911,-1.355681739629274,-2.1817933179553313
-2.685272969618312,-1.6818744187794201,1.032669849698197,-1.248106749485488,-2.1809960492946634
-2.7542739010229194,-1.5168036894180201,1.0274160108047201,-1.4511293375768772,-2.1757918315366593
-2.7766169296066825,-1.4802950748600359,1.0332979905434772,-1.5440474445158734,-2.1670983161571047
-2.8230799642762747,-1.487059145364835,1.0153492531725117,-1.6102676881923732,-2.199376852943041
-2.756321076359427,-1.6811958346227505,1.033555342295048,-1.409150880766454,-2.1841438325599456
-2.6955141283579804,-1.757076590326735,1.0346923861555066,-1.2453187821744716,-2.169852614022278
-2.7026293646994857,-1.6364887065124454,1.025336130878479,-1.3295363159490148,-2.1727760229788995
-2.672825006885538,-1.7088363310365853,0.9985680506858031,-1.2511894821038887,-2.1721832762890085
-2.6435494526234664,-1.7473385232793217,1.0048338420026688,-1.1573369664479527,-2.180000266240648
-2.687231417281779,-1.587084761037174,1.0143311734601201,-1.3121306029435325,-2.1765750130835695
-2.662230290204413,-1.6761356931861855,1.0166206063942942,-1.253016463844489,-2.175442965890099
-2.6053497567288897,-1.7676440566963283,1.0180683634472547,-1.0842864384959279,-2.175631364698822
-2.559595986208589,-1.826587616164123,1.0302441672348812,-0.9306602497557759,-2.1515931785234317
-2.5710654240248263,-1.7397489200709182,1.0396628335454847,-1.00608626291068,-2.158037534952017
-2.6106942643807813,-1.641198329355195,1.0456534953148342,-1.1251461348992227,-2.1607524082281833
-2.6852489550585745,-1.4940283184687355,1.052369782099922,-1.3356837399710249,-2.1782468965750983
-2.6746998147456593,-1.6471866990994886,1.0413393380683715,-1.210106948934351,-2.161267189132057
-2.6361715942154405,-1.7055260820174132,1.0412933529431347,-1.1393473971721675,-2.1636385986407984
-2.6617554416378764,-1.6468624318033185,1.0314931604206563,-1.1986284203694264,-2.1584185782183543
-2.6658596773727385,-1.6469367389230003,1.0355315720817504,-1.1578888938131002,-2.1572189306721836
-2.658690511490763,-1.6266474300193896,1.0317551750031726,-1.2034250384413991,-2.1515350257324117
-2.7351371125936383,-1.4556673098058919,1.025892908509543,-1.4299673343922406,-2.1894704390038964
-2.750597808169091,-1.4956395654910404,1.0534618000124045,-1.4847157616602085,-2.1952832751079114
-2.7521810248538974,-1.5696640178105745,1.0477948700160222,-1.4373685719280027,-2.207411306964398
-2.8274793591054013,-1.4382135879703637,1.0347218458645242,-1.6420679141334549,-2.200568412092708
-2.7454477715716075,-1.6416909411486424,1.0397419398324315,-1.4198219490759594,-2.200529969496026
-2.806957857037955,-1.4879295640783876,1.0326888919506334,-1.6017400420924641,-2.20216580898702
-2.7922144741704025,-1.535244390458662,1.035134446152017,-1.5637876607909018,-2.2058677157525546
-2.7886509534489456,-1.5818690714664194,1.0262460389287347,-1.533410823091031,-2.210891639665182
-2.831563470688469,-1.4586250362734599,1.0202229762042767,-1.6881275775459152,-2.210359680826773
-2.826720174772456,-1.5132778996905836,1.0224378679464068,-1.6624582861092227,-2.2154493191874165
-2.79707843920206,-1.5961396364229268,1.0125373602709795,-1.5954748220786208,-2.2231188088159177
-2.7492482898979063,-1.662336296456489,1.002300419030768,-1.4567690053797069,-2.1964354590403565
-2.7571037239071203,-1.5886325566486912,1.0007685055006788,-1.5055997113089736,-2.202865625036105
-2.7386534296702623,-1.5675189319172882,1.0029685579416352,-1.5015670120097309,-2.1866518308623726
-2.7221538680618482,-1.6567209526250761,0.9977898523292223,-1.3717810065782816,-2.1990280040575025
-2.7395612185338027,-1.5748254972390967,0.9980725533104764,-1.4839011806520475,-2.18827006853129
-2.7457494415539894,-1.5035605990692855,0.9929693590028321,-1.5415745125792815,-2.1859301940700058
-2.723317962907176,-1.5888885865561382,0.9966773521658229,-1.455088107104227,-2.1711294327756234
-2.6601173265094937,-1.7233167571912846,0.997900930647878,-1.2263634974820503,-2.1565071352367413
-2.671466904447704,-1.6797895418905016,0.9901633947593053,-1.2221832119946239,-2.1537216871113944
-2.6171145722379703,-1.775445208736211,0.9973015884229569,-1.0418383291219937,-2.151851922537115
-2.562125165468021,-1.805583170664035,1.0256194605989457,-0.8946245930340238,-2.12187792231691
-2.569783014206267,-1.7310142018026826,1.0546019301076242,-0.9552773485988435,-2.1224883525051887
-2.5419865311420695,-1.7738328608760225,1.0408030459711126,-0.8583303610983692,-2.1288273804041795
-2.5613989225148446,-1.7615090857203395,1.0605571772061424,-0.8405081932565324,-2.1332011345837416
-2.614201928530407,-1.6534737472946157,1.076268882842422,-1.0279685062306512,-2.1391170486871824
-2.6376834117144403,-1.6606796568366478,1.0822584536617605,-1.026536415507436,-2.1518901234303067
-2.7314886984072317,-1.4788159470952278,1.0810335413111887,-1.3037943741194555,-2.1829396856803305
-2.790345203003599,-1.4255911137086386,1.0676943066663305,-1.5415953161474605,-2.218255674524649
-2.827981085958044,-1.4799247364955572,1.0506209914321412,-1.5934675233048747,-2.2353402942645144
-2.8738377203962866,-1.4037778724768197,1.0434570488657875,-1.7581857329176067,-2.2173318872289984
-2.915978030516295,-1.378164680241536,1.0377053192929078,-1.8483260318808676,-2.2220938224051063
-2.8671828022970938,-1.5555673271693815,1.0477508668907576,-1.710807079414672,-2.2189765727965294
-2.876006800524994,-1.5036332800009533,1.0149782760680863,-1.7580335263546465,-2.2381577335274168
-2.8238796625150404,-1.6611939995203513,1.0229125385216442,-1.5276005284973535,-2.2003732289386924
-2.7906252958278612,-1.5877491086710953,1.0290861290286604,-1.5929912724344795,-2.211754803822376
-2.7966569721014762,-1.5833948554247022,1.010511067791042,-1.5180490768228347,-2.205613083385012
-2.6947996063531177,-1.7329965660207574,1.0109667545935708,-1.272622092596172,-2.1764237826458506
-2.6468535599322593,-1.7283947410300258,1.0154546296356042,-1.1762503354654292,-2.164901716860889
-2.703981662603732,-1.5316090994676406,1.0444288701828963,-1.4255629822166742,-2.1772648777833505
-2.6963596093263944,-1.5985569027905786,1.0384865026890135,-1.3541427154269186,-2.1765717242368487
-2.640674135057312,-1.6791802113546042,1.0245352929584528,-1.231770331118019,-2.1693363349552746
-2.6112812882656478,-1.7185260011881047,1.0422551423684299,-1.1366324251156683,-2.1871408123332334
-2.6372025859632626,-1.658688907133209,1.0358316888307337,-1.1672303318235362,-2.1680884336017674
-2.693859221942794,-1.5047649208500635,1.0604055998664295,-1.3569597469212136,-2.1853817795842727
-2.756536146788461,-1.4771726630321598,1.070963260944366,-1.501777310768263,-2.1750127403725634
-2.7523578799501593,-1.5747143760116964,1.0491575816867225,-1.488657635842408,-2.1773816009391322
-2.6987306354751226,-1.66402439513884,1.038457803622759,-1.366928309690779,-2.163621736567253
-2.6493373191778384,-1.7718600707239396,1.022050567922092,-1.159923647796694,-2.156970763148612
-2.640320156868474,-1.7141900431910797,1.014785953906154,-1.1954742904745013,-2.168247757251054
-2.7174283972671267,-1.5637674517634383,1.0154290561085264,-1.3570975222675252,-2.1758213044821666
-2.7488079622264747,-1.501523465978116,0.997853235987505,-1.4736919804345694,-2.173872622239877
-2.73872673379523,-1.5723651837269403,0.9878330260359861,-1.44511547186668,-2.1927106539923074
-2.758225733174852,-1.556402136708637,1.0007756965177315,-1.4674214111729418,-2.1889141657556697
-2.7367685091205582,-1.605717290967361,1.003438953838385,-1.4439635297686408,-2.195829520877721
-2.7664881747688406,-1.5821106540404983,0.9952744887633599,-1.473905167724672,-2.185849418516169
-2.7597301202921676,-1.5824430690092242,0.9952040462814369,-1.4573508740407304,-2.1911485779262745
-2.7932382851144455,-1.533483638872394,1.0094629572286922,-1.5338374888576747,-2.186177098204777
-2.775792141469137,-1.566498705186657,1.0125320119163739,-1.5110326920441797,-2.179982137515328
-2.806498065864471,-1.4534522694426015,1.0133821534577823,-1.684277464360514,-2.1708196858400512
-2.788440722487639,-1.5503907034943392,1.009796847740928,-1.5946883445695674,-2.1826517775946637
-2.7195013476806644,-1.7300769455914027,1.0105436817377806,-1.3494076561042758,-2.1808617256873424
-2.673946875967969,-1.7524075885319768,1.018735582936561,-1.2404668006498467,-2.1591450891388555
-2.654853775181613,-1.6825031513458513,1.0031225771829289,-1.2619643891761299,-2.1560957510925878
-2.673175101530665,-1.6340066867526581,1.000302610467027,-1.305695753821313,-2.179295294761328
-2.702664473742202,-1.5825999222370883,1.0245229870289922,-1.3446519579197402,-2.160800157625737
-2.7308117180592437,-1.533663127939272,1.026612619502817,-1.456467283524055,-2.1512754188100662
-2.7015531353125763,-1.6294168866789185,1.0242046492126575,-1.3583603524877883,-2.153655435671792
-2.732845679699225,-1.552946163890838,1.0285573142317275,-1.433403153119895,-2.152983923375374
-2.7666463320828183,-1.5122290455729022,1.0418921108361168,-1.495323815192798,-2.168323372060531
-2.758878971463677,-1.5646036916619854,1.044899852137091,-1.445216266075494,-2.1858037421669363
-2.7281205125485912,-1.5874514942132292,1.0347419411380634,-1.4076668637352445,-2.1708711174736464
-2.6677989656017296,-1.7001095559729826,1.0366496464480615,-1.2744883738496864,-2.162626547470918
-2.6612219649032567,-1.6642350508322243,1.02632339187749,-1.2605274935402107,-2.166928073990956
-2.7253480757418886,-1.5241630327666449,1.0297575867149626,-1.4043448859917873,-2.1606731163768145
-2.7865324294805602,-1.4133936840450685,1.0305718374709147,-1.6122470767193995,-2.1690430006837587
-2.786606751365687,-1.4667533466250156,1.016218170669432,-1.6258452740023852,-2.162852227492953
-2.765216574444984,-1.5911339013361614,1.0234919794367316,-1.4971539380396337,-2.2059387285035634
-2.79608872636211,-1.5521353510080855,1.008303676889106,-1.5408569275075463,-2.2323854809222095
-2.8214319466035165,-1.4925839936583678,1.018120015098837,-1.617385569369009,-2.239303429743529
-2.7750558281750872,-1.591976897899719,1.0415952718353167,-1.525488551718248,-2.214352331744369
-2.793481848218866,-1.488295152966747,1.0322782632145013,-1.6399671466603172,-2.217752983795957
-2.7362558067792317,-1.6666780843251117,1.0383097344842298,-1.4269223239982427,-2.211385198502679
-2.6483050159219292,-1.7751464380438642,1.024291890606272,-1.2042216523571667,-2.179730424158345
-2.6029542607712712,-1.8145687072872765,1.0457849190785773,-1.080600022675896,-2.1670301035706525
-2.55002092045087,-1.8279162986414141,1.0346389691879228,-0.982778029562713,-2.1626641835818634
-2.613501073380027,-1.6081975992369917,1.023106836923538,-1.217563523958319,-2.1476419461267953
-2.6519763620484125,-1.6133712477595101,1.0194132239129636,-1.224924918794174,-2.159980441089896
-2.6494443399871566,-1.6510627030427953,1.0329862211628775,-1.1846204202332349,-2.1598714117111326
-2.629126547090933,-1.6518321538977168,1.0384346560655273,-1.180955194295998,-2.158611448188892
-2.6381966154678156,-1.6585862559450937,1.0597761604597422,-1.1855092821704138,-2.15800218590878
-2.643180604348146,-1.656089440128837,1.0570236200812149,-1.1199426206099423,-2.1401582838594146
-2.6096955781631643,-1.7130473450381938,1.0601530725436954,-1.0204783291922421,-2.1457284778817707
-2.6433292015167567,-1.6094704442253067,1.0527823004248904,-1.1517566871157936,-2.167062652943636
-2.6078400214980504,-1.7264666887816842,1.0513984550366777,-1.0631742430321471,-2.1552237342184433
-2.6887008907158196,-1.5894976582194147,1.067329429382861,-1.2513755226185768,-2.1710035122445954
-2.644741314037632,-1.69767608720427,1.0646338989061725,-1.1644254437217803,-2.17129330324836
-2.706095733996997,-1.5895113324720882,1.090130437611951,-1.3016101666970363,-2.182823227381412
-2.770274964621792,-1.502061731596938,1.068998825334783,-1.483011808119845,-2.209101391994054
-2.719300847944829,-1.659649954483956,1.0674441559459502,-1.2967146844168491,-2.2008549419402623
-2.6700406290527465,-1.7730183349661015,1.05659416881189,-1.1453906085468253,-2.1849989099175406
-2.744332750295802,-1.5794842702376295,1.0606515265896155,-1.367994046087711,-2.1808686136495257
-2.7484263634960384,-1.6074454323810012,1.0682941600753049,-1.3478292427393674,-2.1791408714214224
-2.760469246033851,-1.5676059871621597,1.0603156047980338,-1.4205738802488428,-2.1727662857821612
-2.6933971858704786,-1.75194504969508,1.0279158518041394,-1.2208948070370222,-2.174609257780596
-2.671770287020952,-1.7611613677393854,1.0338375578742605,-1.1887690575342387,-2.1699872036670125
-2.6718694187312457,-1.6789792601798748,1.026618000772192,-1.2239191275159567,-2.1448590672667165
-2.7362399115911713,-1.5348507042786887,1.0552660520819308,-1.429842530690424,-2.171141132717073
-2.722274420392172,-1.6262452877658224,1.0580476089877957,-1.3403269489256917,-2.166477675421118
-2.7358381631952176,-1.5381119899054545,1.0695277040745685,-1.472379279178257,-2.1742784112785323
-2.758987846417889,-1.519078370682086,1.0540967819707725,-1.5364349294591042,-2.1984991224212695
-2.731107424427503,-1.6768483448330531,1.0406376938897026,-1.3490799536086122,-2.201772738440289
-2.699120148207631,-1.7080435691610028,1.0360197373243303,-1.275361787854813,-2.2061601800917057
-2.671449061158616,-1.7395983240135335,1.0217732575202774,-1.2024596343761924,-2.187497600416321
-2.6720509466258733,-1.6835076092708618,1.018495697947176,-1.2051343945265534,-2.182304689553418
-2.695250504968842,-1.6072630128784908,1.0205373188456073,-1.3052835628593684,-2.1767523198663112
-2.6992527573415597,-1.6109667530072678,0.9868277613368277,-1.292279633852309,-2.2109252359192677
-2.6850950971584653,-1.6721674393414623,0.9800624113067344,-1.1896345449668524,-2.1856854825395766
-2.732696831943683,-1.5674284309671491,0.9752398498511694,-1.2944107595715577,-2.188736088965278
-2.7464253278360626,-1.5541701962978147,0.9731082519528522,-1.3640340083034566,-2.1787117133694873
-2.766195697037834,-1.551580739176197,0.987390435704176,-1.3780254491831119,-2.1845405057021736
-2.7768966260218204,-1.5555407113286386,0.9963893788663962,-1.4104607604574342,-2.1887586768211706
-2.7323587205881466,-1.64435942850034,1.001424591206397,-1.2673539154509197,-2.1969668641962805
-2.744938755023606,-1.5642581613906192,1.0191742508193553,-1.3871421899536558,-2.175347294327908
-2.7282652077925973,-1.6107879071759286,1.0159996948636982,-1.353517884138137,-2.1896741127418102
-2.726091635867279,-1.6524631208685463,1.0311563226710818,-1.3055428510736289,-2.1876439595620454
-2.6751761535119023,-1.733171552330061,1.0248879405777704,-1.1887929357264149,-2.162065104649426
-2.7083480277671534,-1.6511886024871596,1.0434083330191488,-1.2656591536399495,-2.1694872936410903
-2.712255078423692,-1.593215752065608,1.027898169266182,-1.3281454685285823,-2.178241672918965
-2.707159265656494,-1.6459691349688683,1.0315739429998774,-1.2868394850147093,-2.1586889543323164
-2.750554332638432,-1.5187221866847687,1.0483468893231453,-1.4528222870497183,-2.173414671291674
-2.8053905425077286,-1.4258037579097578,1.0269587940828626,-1.5913315294438186,-2.1890670948680935
-2.74547865433764,-1.6174576707874406,1.0265305982304092,-1.3957567499932861,-2.1863683751169507
-2.747258084043483,-1.539192854315606,1.0402577335961443,-1.4803145120257055,-2.178327325138985
-2.7325213885559947,-1.6016057691440986,1.0389989730594413,-1.4064947077434098,-2.188151237184296
-2.790227355804361,-1.4373494107011977,1.039901556222317,-1.6191411647043006,-2.1955354919749537
-2.7568858473973736,-1.5843400555345106,1.0190565296899583,-1.474388731810335,-2.184398657976238
-2.7160121361105696,-1.6635278257817627,1.0232407666285124,-1.3671219423679697,-2.1905888039355905
-2.6870218024880184,-1.6551399999344214,1.02166861520239,-1.351883443747364,-2.1690399073185938
-2.669626562829996,-1.6959869140659636,1.0198389584793173,-1.258141139853901,-2.187733961281211
-2.7059010616154877,-1.5881894009809943,1.0223696349081919,-1.384542031835851,-2.172616378462445
-2.7030630817010888,-1.5756205157145309,1.018001158961632,-1.382918131683228,-2.1765045697496275
-2.6767304447719344,-1.681956702419073,1.0168881595431682,-1.2534338081066934,-2.184815840112496
-2.6827351339270313,-1.6211431886427727,1.0169450492695487,-1.2733631644144712,-2.1676936321439855
-2.75377528939789,-1.4819740283592484,1.0406631340058976,-1.4891811181491705,-2.174657667731253
-2.791556898135664,-1.454470930759498,1.035326498148704,-1.6146312725814707,-2.183897225822116
-2.7977696150566755,-1.5120405241315928,1.017590298684291,-1.5970694116517263,-2.1987150747670983
-2.75041597824682,-1.6263914145146061,1.0233341636926327,-1.4431052262005055,-2.1949253661438397
-2.689396214929939,-1.7233514179400558,1.0217579073196714,-1.3022275557567726,-2.175181824720512
-2.7278373006255485,-1.5732950159993893,1.0160583097113087,-1.4831140400368523,-2.1855912435521865
-2.7650804220440235,-1.5251355590361824,1.0457319861471082,-1.5736630544134946,-2.2015438354723935
-2.7750055312934245,-1.5345823531073461,1.0151486946291473,-1.5848932173819532,-2.18654305416403
-2.812592343975454,-1.4443436840281545,1.0196951009630917,-1.7054681627399437,-2.1915541369565124
-2.7668498052970354,-1.6358677406506401,1.0195628057988628,-1.493796660420409,-2.1903433683170017
-2.780181604287187,-1.5808837382606686,1.0209849277379992,-1.5566850450678493,-2.1958985149999317
-2.7245910106870337,-1.68521126566406,1.0145287690446736,-1.4148534495824454,-2.1919637099202367
-2.66516717615084,-1.7646822981025396,0.9916702609647653,-1.2257565608986831,-2.1830146825462298
-2.6740195118013985,-1.721439721429218,1.0054641886839812,-1.2220636022663942,-2.1749580454403055
-2.661274111789427,-1.688737647217816,1.0168619378285806,-1.2144350259628514,-2.1724537068699252
-2.7133631424843365,-1.5238529103458325,1.0248027946762424,-1.4206354177747176,-2.169318032004717
-2.6927898388890164,-1.6080342202697668,1.005635521486352,-1.371522197256781,-2.1744367617595337
-2.741992590249339,-1.4848519679315764,1.0103405203936908,-1.516686699968957,-2.196208008433893
-2.7731496710305374,-1.4670156223074053,0.9964400231235527,-1.5991386657019104,-2.200621443228332
-2.8135230787462935,-1.45935457685024,1.0033609394219392,-1.636997786552848,-2.205492449752831
-2.8575774163364573,-1.386113951109006,1.0076354844075888,-1.7891092444821037,-2.2047645971858345
-2.8428438260671753,-1.5164897178432972,0.9994594378025603,-1.6697436706120168,-2.2100647957444126
-2.792525093541662,-1.605344421697179,0.9983790807784237,-1.5832220882318622,-2.203233989053015
-2.707411747409019,-1.720973747888056,0.9788188617897248,-1.4030797857105495,-2.195882563933093
-2.6640105525970355,-1.7399929344700547,0.9756229559527928,-1.3154343719329014,-2.1784435570229834
-2.7276753888624734,-1.5683486786593264,1.0084811951148676,-1.4722841616813245,-2.1752877235846833
-2.7359695196654776,-1.563738248416433,0.9943689766563724,-1.4611630384289045,-2.1833000036233376
-2.7197273627189014,-1.6190025126108425,1.0287826003149743,-1.3945509982650137,-2.184671670076591
-2.6797237299025385,-1.6913273449553177,1.0295520070026813,-1.2523066465850778,-2.16986157982919
-2.691267880566626,-1.6447054238442544,1.0230819476414241,-1.269080874249992,-2.1638276612199867
-2.7182001194174457,-1.564969355611699,1.0279040241850737,-1.414421853648866,-2.1757807948386243
-2.6914969598490797,-1.6478139688264253,1.023667381455378,-1.3232270039725833,-2.1622202130873314
-2.7184928532482786,-1.5632583905217134,1.0087437884618866,-1.4556326430903126,-2.170370520218094
-2.757446120946508,-1.524443928550175,1.0030048359213948,-1.4940564362729531,-2.184242551045516
-2.811884887767853,-1.4708619083310712,1.000001633556567,-1.5937969889184824,-2.1893581130511515
-2.769051708596266,-1.6176262253086102,1.0078003625390857,-1.451185081387527,-2.186696128908413
-2.773231864704964,-1.5651685281050782,1.0115518692131376,-1.5017033402014774,-2.2079390765895726
-2.735256800398933,-1.7030297381093435,1.0136007816883907,-1.3332549546720045,-2.196249785626414
-2.721259236603026,-1.6967594158333394,1.017769285929993,-1.282808407458492,-2.2008315199807993
-2.7487353312308906,-1.5819028173622363,1.0070892052649048,-1.4133147458760202,-2.2058922352871573
-2.7613049151028464,-1.5454293848806637,0.9980966661788149,-1.4573289212680167,-2.1914578740122432
-2.717149821138163,-1.647907391064095,1.0298912273783487,-1.3159098320441682,-2.1773907129439976
-2.7684427449523117,-1.5245065718056336,1.0175624995595338,-1.4876466928902603,-2.1997010000989317
-2.700842889734156,-1.6930032491179103,1.0212134732899043,-1.2698809968461842,-2.1793098446467467
-2.7087427866366176,-1.6204171709737674,1.0227676152406187,-1.3229891263155171,-2.183545541958723
-2.776726956576254,-1.4747460868782207,1.01273528020702,-1.5776461975744591,-2.1704408685809495
-2.7694069937774435,-1.520246558222864,1.0142861090261026,-1.5598922292202846,-2.193346592555738
-2.812896417459461,-1.4868199713826664,1.0043389076234273,-1.6648972121209469,-2.189036558529905
-2.8144627378197313,-1.4983706771453549,1.0072680531683817,-1.6794183268072627,-2.2203797467919073
-2.8283766024525914,-1.4702642344850911,1.0023269428321002,-1.740007904556713,-2.2183889892059994
-2.8292230447051367,-1.4824214018234871,0.9953297939995543,-1.759028592699644,-2.2086552841492466
-2.841041549009335,-1.4884395955232135,0.9882507225852036,-1.7861082737373852,-2.2012743450313828
-2.770367661791813,-1.5958993421049803,0.9725134829108851,-1.5843986895713633,-2.190559012212679
-2.7786598862086125,-1.5252084973094862,0.9886853995655889,-1.6276280574156494,-2.188228912466552
-2.725202352747624,-1.6394139062268172,0.9741275395067234,-1.4796299564339421,-2.1873631437756296
-2.78030779843857,-1.4686020149811478,0.9751920931631928,-1.6754425633958643,-2.157225638279259
-2.7181642346663386,-1.604830547553223,0.9807929427167007,-1.5240584753030524,-2.181238787806196
-2.7000890436054776,-1.6642546493340222,0.9790232786926981,-1.3628862680039862,-2.192470473544778
-2.775112740448688,-1.5218340790286902,0.9867762227252403,-1.5335910325209643,-2.1938775129854875
-2.710023701513428,-1.62239620889869,0.9766861661679177,-1.4044028245106392,-2.187659604198671
-2.7048912389301534,-1.6463241276224923,0.992777809007347,-1.35266059628358,-2.201681019770676
-2.733312853993496,-1.553679186682896,1.0171854329321788,-1.4519675440524917,-2.190518832098069
-2.6983079142145217,-1.6645037631972346,1.0129066520028223,-1.2914200092531287,-2.2121845200589694
-2.653395453092113,-1.7478270150568935,1.018606552623035,-1.1691708874873108,-2.186538366701565
-2.652345165764141,-1.676479037645704,1.027283908194451,-1.1999452601930658,-2.1573682968064216
-2.642765237197825,-1.689703138181602,1.0140147557993688,-1.1232692498534997,-2.152425183580451
-2.607361715082054,-1.7386214675625797,1.0027206515761142,-1.0738026041154936,-2.1410718088929723
-2.5452096482025297,-1.8161228545924908,1.0177959428893302,-0.9061930297188702,-2.141936621791554
-2.571697719595194,-1.748748757700576,0.9999484082728041,-0.927051772974404,-2.137903382357514
-2.569919904808534,-1.7285728645633345,1.0254980869774983,-0.9382451491919656,-2.132840796984436
-2.543769958910938,-1.7985625087285038,1.0215483297862449,-0.8102773024385078,-2.1099309411941474
-2.583583731831984,-1.6554951729892162,1.0538030812023564,-0.9943686487039998,-2.1248405857486543
-2.65464442841275,-1.5699924655580513,1.0534326007545811,-1.1462532746815732,-2.141022375529776
-2.6152838098837794,-1.713696697682879,1.0384799316840627,-0.9987503762875815,-2.1451193730265015
-2.604414411424927,-1.7308381785626235,1.0551257581323683,-1.012180405265852,-2.150881245710496
-2.6692901071248274,-1.5794345140495825,1.0585076718310293,-1.2434872227332763,-2.1478679439702835
-2.723585611258732,-1.561539910551389,1.0599434308919542,-1.3161969650516465,-2.1552697397950236
-2.7078684942896687,-1.6182454771915238,1.0654457667416233,-1.2952548938360193,-2.1659985430976807
-2.7222530204845725,-1.626837091541078,1.0423712213608984,-1.3042121628727625,-2.164969395731204
-2.700501217512723,-1.6795967071399647,1.0227080762151801,-1.2092932340942786,-2.144511216084976
-2.7416403549878376,-1.5309373850737786,1.0263933625972954,-1.3736898007644471,-2.1694803148916404
-2.773127880492006,-1.4529397691949095,1.0429700264294695,-1.5554178941302323,-2.1828625744242354
-2.840975640310126,-1.3785701744351955,1.030886554528268,-1.713853263264223,-2.202369195947016
-2.805157763459454,-1.5680983749418238,1.0235010950807721,-1.5644267895204642,-2.1912376886103813
-2.7607465862900957,-1.650399736267344,1.0249593939140889,-1.4440501235837202,-2.191205271722849
-2.6875747469842395,-1.7241838737055466,1.0088843640120562,-1.2853538412995555,-2.180683361734605
-2.651944560685479,-1.7186184732594008,1.019937346674842,-1.2192558981221013,-2.1711046990153213
-2.6232853272747088,-1.6909700542901567,1.029229082071446,-1.189142969749104,-2.163099743802274
-2.6657283636412,-1.61931921241892,1.0289112064838057,-1.2961039768432792,-2.1609182811955705
-2.6362187264152963,-1.6925449366868288,1.040597103675913,-1.1692728331297833,-2.162644077051418
-2.7094349577103936,-1.5344488542773462,1.0333019930505338,-1.4003465717749675,-2.178773401147614
-2.6497439241786083,-1.6776117837672566,1.046394538023757,-1.2329309485702489,-2.1732423390076874
-2.599476685724018,-1.813472819428683,1.0335063354206735,-1.0350397601892567,-2.1666107677418402
-2.655916751053662,-1.6027295229341574,1.0375785133151116,-1.2544060390282352,-2.1607616470844166
-2.7176777543636597,-1.5413086452510578,1.0481052297705722,-1.361394391948824,-2.1681102769176555
-2.708853989557859,-1.6187403851921822,1.0604571296538334,-1.314830528374638,-2.1717616936082735
-2.73273681394629,-1.5659513455361012,1.0617609895158708,-1.3903583369680053,-2.184488486044411
-2.7203941239074263,-1.682860308897696,1.0609519701916166,-1.286895241513582,-2.1875623644297675
-2.6941222235548885,-1.7640463395831087,1.0540950505399325,-1.1727362314209497,-2.1914676918188194
-2.705129130291756,-1.683246039765567,1.0532207415231987,-1.1891374014052205,-2.2004479047684913
-2.685191725290558,-1.665697079467141,1.0477158243690718,-1.1696536720283925,-2.1855616348441114
-2.711007032244822,-1.585812413795624,1.0535893462749055,-1.2642072141081107,-2.1931084364798714
-2.6893163623779066,-1.666980903380357,1.030181275274841,-1.1547748551405046,-2.187469858715855
-2.721109407219521,-1.5816341444183453,1.0171560748100463,-1.2856000780917392,-2.2014504834872723
-2.77400866964756,-1.4937810460826089,1.0278035452406258,-1.4432231532327584,-2.2041739542409684
-2.7435104183502848,-1.6296248862436884,1.0106913547732548,-1.2864313077422647,-2.2012454097126586
-2.6583110704099986,-1.7656944917696522,1.0246791958085881,-1.095754226127867,-2.1733738517673893
-2.655758217047989,-1.697633043880899,1.0252530493339111,-1.1330635777947142,-2.1696459710984604
-2.702276506969712,-1.5751285673813367,1.036363705442067,-1.3133522259754058,-2.1727183513207486
-2.735496149876696,-1.516613691813007,1.0228985263488877,-1.4199516013459856,-2.1893398949581595
-2.7795633392850663,-1.490314829663051,1.0356534226051362,-1.5178879186080447,-2.1855295473865817
-2.7813271482736655,-1.5656015814804856,1.0263342198068959,-1.4678001084501746,-2.1791229263484118
-2.7337120983136964,-1.6485332917091944,1.029210619491919,-1.3497959234975287,-2.1689010208783928
-2.7273307075599633,-1.6047463871513052,1.0563586379395626,-1.3771638770925567,-2.189790202506307
-2.6733287030009416,-1.7078095330517042,1.0541128668689126,-1.2319208896435196,-2.174446193351915
-2.706316372928048,-1.5919942719013385,1.0524227795670296,-1.3705015688846591,-2.198037928193265
-2.64902321344372,-1.6732929697741463,1.046405394238933,-1.2742157808842716,-2.18911053674763
-2.6445379556085147,-1.6960930002477856,1.0501830683553406,-1.2068073367465337,-2.164721607978869
-2.643366010428882,-1.6461460978528748,1.0405755226954476,-1.25599676584688,-2.171896638616112
-2.6834372103142887,-1.6228909323275929,1.0398556597685569,-1.2772017550470425,-2.1783488849409576
-2.6992689416154536,-1.5826257035141733,1.0455396607244174,-1.3449871305547332,-2.183951247054237
-2.7147686026138937,-1.6133733848528231,1.0367610130476799,-1.303534792680347,-2.1800897554688965
-2.7773211315546087,-1.4639823428234873,1.0562445842159578,-1.512875388754915,-2.2010990226154625
-2.811234514455639,-1.4247989872390665,1.048918723823464,-1.6386775824463258,-2.191487615993823
-2.8530921810265903,-1.3776101381058001,1.0503088440087056,-1.765734938914193,-2.2025549105124798
-2.8397717825287025,-1.4466476554320447,1.0415022748782834,-1.752992867046475,-2.2104032066695183
-2.8422461028058783,-1.4769644660369683,1.060856969663895,-1.7383985784261466,-2.2204793903314846
-2.8492107176513395,-1.4942000657480865,1.042676370225554,-1.7470753629829898,-2.2245837589200668
-2.7934328475013483,-1.559623133658193,1.0325410539884547,-1.6590243587491986,-2.2142972733243265
-2.7631912860336723,-1.610468035387978,1.0378761344876286,-1.5338434951000228,-2.2014354256040063
-2.75829313700549,-1.5888690685945719,1.0107993119255267,-1.5649030971084879,-2.2013655463924224
-2.6710592936153423,-1.7186906280577814,1.0129148651077837,-1.3227503104627012,-2.183143391831706
-2.60181489837944,-1.803079177794889,1.0064014721863261,-1.0882649500654373,-2.1779944324663614
-2.665185134644455,-1.6004593097920201,1.022051741003624,-1.307503795810282,-2.1661725876954434
-2.6038024501973913,-1.7124347141147258,1.0371416923287364,-1.119357634787419,-2.1497412373091755
-2.623272077994911,-1.649342437272251,1.0405763275146038,-1.2012458516887352,-2.1537100186069744
-2.651269439053145,-1.565942368794183,1.0352130856106092,-1.2963818063938617,-2.168280990049368
-2.6254872229646486,-1.6680923864792665,1.040748201880676,-1.1865249949845766,-2.1477173688701146
-2.6860136388156106,-1.5154836522027642,1.0630744752632324,-1.4015157509989673,-2.141180999453466
-2.6742985962006793,-1.633398636489215,1.0529666202564327,-1.284569560625687,-2.137026855540838
-2.7264753637993513,-1.5210249640592164,1.0635913003812993,-1.4925791223899962,-2.1686967966415938
-2.7829006233679503,-1.4591173445966827,1.0380215404131508,-1.5890825654708103,-2.199923289814018
-2.7629509098647906,-1.589628941623835,1.0401623072709743,-1.4564551269874115,-2.177518469424987
-2.714325254407401,-1.7080159513609183,1.045149251903112,-1.2896106829910343,-2.193263538969352
-2.6806312275790805,-1.7340763138675528,1.0319944102317782,-1.240293591489048,-2.1854897877938924
-2.6639336431366925,-1.6973625738398745,1.028313112770949,-1.2159530250271757,-2.1619104667994473
-2.65889526671442,-1.7293040319647015,1.0385134062064396,-1.1380091716823288,-2.1517853273874286
-2.719401858342283,-1.5100554485579618,1.043559136310044,-1.4079597510647883,-2.1447336626459843
-2.7085054710099876,-1.6307974537213996,1.0571309371233386,-1.313443382007238,-2.1599207429419622
-2.7801578298076746,-1.5131899422276287,1.0491250651897173,-1.4978055940418542,-2.170912201547794
-2.712434902589971,-1.6519778462422767,1.02828161756326,-1.3336367736836512,-2.1676211831964203
-2.7851164928945953,-1.482034731809061,1.0136006722214592,-1.554697345774469,-2.1542352815408625
-2.732184281656136,-1.6136021227656114,1.046627075992296,-1.4197553792569373,-2.158656635660188
-2.7248768494100633,-1.612800857765894,1.0621154574323841,-1.3974245359558284,-2.1755635323516027
-2.7306431591831544,-1.5772466792966593,1.0540887826546024,-1.4263889147959636,-2.189057049473661
-2.6655112349871657,-1.7083659943401444,1.0511283025607236,-1.23251338241592,-2.180179508586723
-2.717628457293519,-1.5668308082995226,1.041630805360828,-1.4243752180166414,-2.176809261161706
-2.684092635123806,-1.6531662491805887,1.0315577537852534,-1.3200474047406077,-2.169423305687285
-2.7192690809409132,-1.6177861523679535,1.0351412489094372,-1.3530035019298863,-2.1740219589294254
-2.726934208353867,-1.5921948565097026,1.0368162925497975,-1.3981437527831384,-2.160694538418365
-2.7463283393617153,-1.5527597425864599,1.013759556997772,-1.4386038323882153,-2.1662677400573322
-2.6949919469159327,-1.7078884255147389,1.0117117362869015,-1.2496205991083622,-2.162679698632253
-2.6566433826075055,-1.7441959531226117,1.0237572252571763,-1.1102827085158704,-2.171889938332104
-2.6238168874310737,-1.7718855712455808,1.0315642304835975,-0.9988650729882531,-2.1586058677052176
-2.600114647544355,-1.7475883879814984,1.0151728458921185,-0.9801556203365961,-2.1666152624038157
-2.578287108163047,-1.7931575891151514,1.0399204556911705,-0.9119879598407219,-2.1474713897950837
-2.6765093896834182,-1.5728430471310477,1.0363680728654905,-1.175260668435039,-2.1557114803092663
-2.7117820777453403,-1.5720612680310995,1.0457515624180571,-1.2366824135899048,-2.157972765607803
-2.755746418345745,-1.5570096244854026,1.0328898212406532,-1.324714237319749,-2.169519825141968
-2.7567933839159076,-1.6169162772674954,1.0218849683894917,-1.283209937588527,-2.1813601379502807
-2.7237156145999806,-1.6498262281275673,1.0104974313689823,-1.2164224360618656,-2.1611413115299976
-2.7169098642918805,-1.6178853620949927,0.9976938856678439,-1.2582267177889075,-2.1494608437853286
-2.6812477426665273,-1.667832543234447,0.9949958809503736,-1.1857866017785892,-2.1409908815132406
-2.678192752261083,-1.67802973925154,1.023550335787613,-1.1749153316343812,-2.1759173399574587
-2.7018939932023613,-1.6678744860628238,1.0231261563082328,-1.1754607708909015,-2.161492824987997
-2.705312003971114,-1.6168187590583374,1.0312841468771443,-1.2094639443736406,-2.1649640789674973
-2.764991148804395,-1.4708338297711958,1.0350218960867144,-1.4547388618293051,-2.1828376343409284
-2.735493093928661,-1.6075155729918875,1.0385183597743939,-1.333345226383004,-2.186477458456395
-2.7469502479199077,-1.6255684617092954,1.041121853856764,-1.3620533554094783,-2.1692434902483737
-2.693502517762755,-1.7169065238675818,1.0369073465647753,-1.2396940283818327,-2.1745507152847003
-2.6713056424524093,-1.7368454629194632,1.0326735449879803,-1.1982198855038402,-2.1847172578541083
-2.705797048737938,-1.614350520413435,1.0320922777818982,-1.3371283955881759,-2.1749798891621803
-2.6809908292742834,-1.7076965392616126,1.0310760179965226,-1.2044466446340434,-2.1733657053784947
-2.6909049124558275,-1.640792194293731,1.0550840647787547,-1.2856892314003137,-2.1821028573577705
-2.6923743565782345,-1.631923920475177,1.0470210886692515,-1.2590549391979955,-2.188587773282224
-2.62508710268645,-1.7379341181780412,1.0426034637051187,-1.0968993373923395,-2.1568747213436867
-2.7144662770953096,-1.5189589516541273,1.0564480770263027,-1.334247885943983,-2.1556145437798415
-2.7194509042407673,-1.556911817006605,1.0374133565362071,-1.3103429262046808,-2.168996363156618
-2.7618091791890174,-1.5048604495562836,1.05846550490492,-1.4584348364406556,-2.1885335466124793
-2.75472389780921,-1.5753191434474676,1.0556616154713452,-1.4495262449664512,-2.2083490712482967
-2.8115629307401346,-1.473562996322729,1.0304964482348393,-1.6292741707173721,-2.2011057015859703
-2.780934550088538,-1.6007746834134489,1.0136072807390653,-1.5240157030762513,-2.2092310749913517
-2.761544906423011,-1.6503403836495203,1.0104421184557268,-1.4516167294178095,-2.1883727001370357
-2.773011774197492,-1.5548450414427837,1.0026570030311994,-1.568136832593805,-2.1908523382295546
-2.736310509163833,-1.6270748477962453,0.9712075199453677,-1.4800406312412495,-2.2028806247857164
-2.706152670797694,-1.6612112221841204,1.008623515894958,-1.4016190876851224,-2.212801757800015
-2.786013501513736,-1.4886649590618346,1.0152248216156214,-1.595964601806124,-2.191993012908836
-2.7894536959109146,-1.5265086894995334,1.0156554926936208,-1.5841205712969983,-2.2044371962494473
-2.7994601951951994,-1.5045611384386617,1.0280336613895684,-1.6368087926689463,-2.2075265331932834
-2.816631672853805,-1.5209976242340437,1.0258924964884177,-1.6574784788015753,-2.2261533507452236
-2.840308129766619,-1.4644235856871552,1.0297918985390453,-1.734880191609512,-2.220982294836591
-2.85959336038147,-1.4347189723258578,1.0030609302340214,-1.842230661143373,-2.218791055579697
-2.820941708698319,-1.4937636260738048,0.9868697382127067,-1.8125186042004762,-2.217388371537175
-2.7727902867298435,-1.5970272826150866,1.0029260882395525,-1.6555311075977073,-2.212729209082165
-2.6738994849358666,-1.7597981960189197,0.9990499254888767,-1.402084470815184,-2.1904995102568274
-2.680735672371878,-1.6314437729532925,0.9771397406538543,-1.4461658529563737,-2.1637765384657026
-2.7142747669833414,-1.5076393339071628,0.9836809697336047,-1.6059481880989146,-2.16039071941499
-2.7094642989561786,-1.539814946936575,0.9617826495113672,-1.555006640897151,-2.168858944752476
-2.65279460195332,-1.6449461359025412,0.9893007055382385,-1.3897402170964643,-2.160974350607247
-2.6158890680114206,-1.6666047889619109,0.9974654263300091,-1.2796629218819497,-2.1499197784692656
-2.6581315549508697,-1.613759258096806,1.0007704748598552,-1.3048295034693016,-2.1680373074043575
-2.718758352876156,-1.5092421894832404,0.999114078107286,-1.4742398600959616,-2.1689486394687565
-2.6783538571419787,-1.6257991779407315,0.9972678096485227,-1.3387231698525706,-2.1588905090950967
-2.7037848719073327,-1.5522901443008317,1.0010882798921494,-1.4073746967108784,-2.1738894710677696
-2.756058894409611,-1.4838441975905092,0.997726965503779,-1.5093980070118067,-2.2016453901430935
-2.822238403425064,-1.4142670509783635,0.9827985803858098,-1.6774320307438055,-2.219186270120395
-2.751910014521395,-1.6046383839984137,0.996069135873475,-1.4709557725938145,-2.180388119104382
-2.817898339794746,-1.4725490814477054,1.00272397236665,-1.6539731019496366,-2.1862384618690576
-2.8099650889864947,-1.4909428810825298,1.0113719864938078,-1.641946533258488,-2.197582539723858
-2.830697257536453,-1.4587845430046844,0.9983035274575924,-1.7127294716292112,-2.1896349983892365
-2.7468104288031157,-1.6603186644046584,0.9904329288613978,-1.4648170883055205,-2.1711982836390855
-2.7319409797197047,-1.6530215800027215,1.011331078434678,-1.4361542688813056,-2.191640989518734
-2.7664694100020237,-1.5886241149735558,0.999119633196792,-1.475621829682804,-2.189187315808215
-2.729781923686344,-1.637959238694644,1.0190608756146082,-1.3991622593583715,-2.172307228681333
-2.7112076050183505,-1.6314905551831687,1.009102876543606,-1.3650784558512703,-2.169175435162992
-2.712445287093363,-1.5773648740545103,1.0100039172847959,-1.3880660830685567,-2.1780928153567496
-2.7340771285299987,-1.5570422300506588,1.0127760654532245,-1.3765011169694994,-2.1874818038972412
-2.6776888314985223,-1.7023095704573978,1.019500035740022,-1.2102031843449887,-2.1782535023001404
-2.657206121967035,-1.6704289643655,1.0212727648906077,-1.224231157655702,-2.1671008752992518
-2.6109426448410713,-1.7181483960467239,1.0191223708384654,-1.145552111057755,-2.15442721874255
-2.673493570722237,-1.5448490561940627,1.034256930047931,-1.3640400384559357,-2.182673540829989
-2.7601896284474368,-1.433966273674786,1.02192386869477,-1.5928532239052449,-2.1755367262656464
-2.757823622303809,-1.5624869784477782,1.0048468374831165,-1.4811775084006646,-2.1782664696777836
-2.7041929339942556,-1.677131737401676,1.0099134124134674,-1.3472131165080814,-2.1979277085763504
-2.6830497599699195,-1.7217068020152186,1.007426330914907,-1.2098803846109205,-2.1781504537742156
-2.6806734134363417,-1.6767718891459182,1.0087041447036076,-1.2347913950289535,-2.201592482905441
-2.7244433988885373,-1.547132612860047,1.0054488575479872,-1.4110909167958292,-2.1729679575106866
-2.747280006052316,-1.5536085782679947,1.0054416854155797,-1.4235780295614922,-2.188109297609533
-2.6911491904540403,-1.706742943836114,1.0271737159163858,-1.2382536957702426,-2.160260475456687
-2.640008449931551,-1.7980989165866854,1.016501557663574,-1.0345479483417814,-2.152205181753328
-2.6146046875637694,-1.78264844767538,1.0470428626408588,-0.9816586416725854,-2.1644237219545843
-2.6877704317257005,-1.5763896044319758,1.0479257640568378,-1.2013594727899186,-2.166136687850259
-2.713443643949599,-1.5484528900028307,1.0524362773768383,-1.2998822965950418,-2.164598503504778
-2.728018377371205,-1.546878109982427,1.043013770435147,-1.3552266807541589,-2.1670127340794036
-2.7027213380511896,-1.6246522600251843,1.061396604456941,-1.3152291717410645,-2.1624599412825862
-2.765207022192625,-1.4770029805457943,1.0607647664901014,-1.509756196851416,-2.192941521797703
-2.7549772123300085,-1.5821944238792707,1.0428688087697104,-1.4188592224020335,-2.1968536725005587
-2.791649204879549,-1.4931299066813852,1.0536070076657251,-1.5456682023470265,-2.195430930736874
-2.84444533528408,-1.4340062834238378,1.0413217288917944,-1.691952826075571,-2.20065866000895
-2.8417543188112164,-1.5274372747410379,1.0307132004332262,-1.659332172692395,-2.2162731428901212
-2.8766841173666435,-1.4498510761317502,1.0222435212559755,-1.7682582649866732,-2.2182814767050116
-2.809729070851085,-1.5758422391827553,1.0096386868268532,-1.6001456687042248,-2.219852644118012
-2.8214932549953953,-1.584027317793898,1.0067433807583246,-1.63996405167123,-2.2247232131645043
-2.7446071120826185,-1.7120708828537357,1.0134757952883264,-1.397932063658089,-2.1867831042635326
-2.7450721916579903,-1.660405943830558,1.0262588398761958,-1.3891502747767663,-2.1831083562223004
-2.6843053279792883,-1.7185514951644976,1.02589409078827,-1.2789592280029585,-2.184660804388144
-2.6216772401460964,-1.7993672164759495,1.0186245444499633,-1.0957401990165005,-2.185069308238603
-2.5652936839428278,-1.8409640290611822,1.0296473558175858,-0.9360585582503356,-2.1650175277025343
-2.54934468025074,-1.793828712250805,1.0458499407798212,-0.9322086423226427,-2.14175758656709
-2.5960524444076096,-1.6586095874302356,1.037304666142952,-1.0550998372271911,-2.1448975741623464
-2.6136001667399333,-1.6317964607162445,1.0450605592810247,-1.1381030623698505,-2.1553961739469973
-2.625807169820996,-1.6581804165847966,1.0433368137689714,-1.1070154784134314,-2.1505405848325037
-2.7144487535365354,-1.474791991964858,1.0468048199864877,-1.3866133305965234,-2.1603204594600847
-2.773841819114594,-1.3856692184749806,1.048015128526298,-1.5810724458038705,-2.1677207802655567
-2.7413190305635013,-1.599882317995017,1.0297865463225837,-1.4128417189865232,-2.1834597273509733
-2.7322416386672868,-1.6282995582697397,1.0157597349952499,-1.3785413716451143,-2.187903848578892
-2.746503895630008,-1.5702102460808214,1.0076632458350954,-1.4389143693110582,-2.1647054404315336
-2.7812828300965844,-1.5099374714692182,0.9912498704878087,-1.5373462997983027,-2.189296300936195
-2.752246690263659,-1.582250904359338,0.9925260377638524,-1.4591050630887314,-2.186302198469494
-2.7880733709609604,-1.51963610406806,1.0039130443415882,-1.5662916739290647,-2.20217169113157
-2.7226056077024707,-1.6677121234424772,0.9907154319233784,-1.37443578834826,-2.176010322515254
-2.7083506097369536,-1.684354047780927,1.0059148205565844,-1.2952720783509588,-2.167174539457659
-2.7479214582606435,-1.5761636527017584,1.0191369319978223,-1.4074738419230644,-2.165458854771039
-2.743963590244027,-1.541108185255872,1.0092566442569209,-1.459023398766804,-2.163069501722167
-2.797915019672987,-1.4531638470506811,1.0323924117894214,-1.598187831454805,-2.195904636441337
-2.7204191521183434,-1.6629346071010185,1.0365899936740897,-1.3683628536216002,-2.1844811451890416
-2.6610681750522973,-1.7085380146739806,1.0298982495442899,-1.2389911951743044,-2.177755788307383
-2.6009954882050956,-1.8080622379032343,1.0461599018083927,-1.0665179119096095,-2.1596621973984003
-2.5626616882466147,-1.8032876962703261,1.047566784161661,-0.9960174829574363,-2.139932466950499
-2.5179375013689795,-1.8523611809762768,1.0403169595429858,-0.8486436446417196,-2.1244772218426915
-2.5662565678025926,-1.7387026477598473,1.0536197870473587,-0.9566988860154853,-2.136619108761371
-2.604792955714906,-1.6578665909298769,1.0595593372622583,-1.0576170746066074,-2.146305468085586
-2.6572734344452824,-1.567839922595048,1.0471295258284512,-1.1811225238534193,-2.1405262305022825
-2.67577249629283,-1.617052375601289,1.0546483910529612,-1.170815439118288,-2.1630117697776727
-2.613724176737843,-1.7376229708316482,1.058884458594313,-1.0021859602626029,-2.1585917587168093
-2.675185389021802,-1.636075302183847,1.0665797014955343,-1.1507524476639386,-2.172920731710278
-2.6253823260235336,-1.7548358261629908,1.0677488337065264,-0.9949194491811323,-2.1551439690275056
-2.7035240715046096,-1.5586357459533708,1.0693635884597126,-1.2498126279638373,-2.149034782530461
-2.6389423939835233,-1.6838016693216926,1.070258676033824,-1.0763593108212162,-2.120118607234657
-2.663454854163622,-1.6189453281778372,1.0734902549450587,-1.1576095022258257,-2.145128661967317
-2.7472490481829106,-1.4891690911080544,1.0850080480600346,-1.3699767699169707,-2.1537301834854077
-2.7571059758961463,-1.5204372485206423,1.071767052192658,-1.425233815352513,-2.1587390744333996
-2.778347034870174,-1.5270530109284568,1.0432960620333103,-1.4742224194797118,-2.186453727060172
-2.808773880211745,-1.5086542227422495,1.0320113298240494,-1.5462621120343663,-2.1859088415850283
-2.7411250404323613,-1.6440336364941504,1.0227208099698952,-1.351145166639922,-2.1896548391475927
-2.7660615740892696,-1.571746091694264,1.0050341202040591,-1.4217337029596273,-2.186327181377572
-2.8050611922744157,-1.4578871093221737,1.0061102452344923,-1.585321752237393,-2.187046644706601
-2.866519379839632,-1.3698492577550208,1.0114294131406558,-1.7364819008786332,-2.202727327433649
-2.850612511900817,-1.4746589895278759,1.0187083164298345,-1.6679446126974353,-2.2152227349561313
-2.811492514459899,-1.5835155520039326,1.0018680231711343,-1.542368128611368,-2.212383831477955
-2.8236390011698003,-1.50838137477329,1.0253750478941133,-1.62266337277305,-2.2176297181116658
-2.816219255831237,-1.55898388861552,1.0128017475249402,-1.6182794357317487,-2.2295168672002497
-2.7592790054432874,-1.6501002774422535,1.026448504696634,-1.4690668228317,-2.235576364778455
-2.702650834965466,-1.7167587199941803,1.0269991246395191,-1.310593362713547,-2.194516063830249
-2.639800101556991,-1.7565942105533534,1.0294377500025176,-1.1826058174911345,-2.174519803481438
-2.6438234000368994,-1.694918741156529,1.0276289648342576,-1.2003620250703724,-2.1751623950640044
-2.617922913522779,-1.7204941177408073,1.0185910622895622,-1.0941959761979607,-2.161638732823787
-2.541586109342867,-1.779484618331603,1.0186880996782828,-0.9231329221776814,-2.1273742953990906
-2.5037141999597416,-1.7997040911284563,1.0430768125894636,-0.7815919403895414,-2.1055025826847147
-2.6074159665296635,-1.589355771597624,1.057295349135172,-1.0804575481694514,-2.122090177246087
-2.583394353115315,-1.7205170402591174,1.0585516926976666,-0.972755843415842,-2.1322528658345017
-2.5633895890772997,-1.788754934125888,1.0665286361269741,-0.8557146449647145,-2.1141623138320296
-2.587080825919566,-1.7049249719186104,1.0627897990932957,-0.9351452777804973,-2.122022239270981
-2.5779395167483505,-1.7342168029457525,1.0607453101196143,-0.9174003132187379,-2.1292620657683656
-2.676588671151299,-1.5236430741859663,1.08429277794212,-1.2093882118781074,-2.145175761890692
-2.7688179544335214,-1.411584282943156,1.078479056591424,-1.4386306429733415,-2.172750876081626
-2.772100986727143,-1.5311025772086184,1.0641938794168682,-1.4224186265799679,-2.184569706826681
-2.746644166876241,-1.5665203506936678,1.0633398255995095,-1.4018069387902423,-2.197618165321415
-2.763768495568302,-1.5936034553036615,1.0473848037352707,-1.359424117962222,-2.1859158253465805
-2.6911113475475417,-1.7319604265780535,1.054826778176993,-1.1754205595978469,-2.178101027789052
-2.655733200027604,-1.7289141409886548,1.0727217064615346,-1.1176982584605442,-2.16743247791608
-2.5844367551908505,-1.7910648662950885,1.0569794972698618,-1.0085866354669009,-2.1455095309032126
-2.5744117812499243,-1.7992601329848223,1.0508269457613646,-0.8910073498526625,-2.1376901743877226
-2.5957046944426896,-1.670448211167914,1.0440684817061376,-1.0144912286444439,-2.1310422106998987
-2.5825625528616873,-1.740033865943018,1.0415083173882715,-0.9187460053202847,-2.1299639169750084
-2.5533398368991813,-1.7850718363248403,1.0386804086566725,-0.8285734102895006,-2.116361997879513
-2.5887483142708767,-1.6995092841113608,1.0653336159396367,-0.9281775598501266,-2.1091385310961184
-2.616097256763476,-1.6599595471196444,1.0483578428663294,-0.970472768603803,-2.140111986021435
-2.619197348417208,-1.740273047831948,1.0376822773869745,-0.884690317922039,-2.1293179222912824
-2.565018392847323,-1.8146388676020855,1.0318738260893316,-0.7615094670482263,-2.1380168345604424
-2.570529664419961,-1.8239811311795011,1.0613479175265823,-0.7425141241529065,-2.135743015878866
-2.5747655063461092,-1.809458690046039,1.0625055773540544,-0.7509571971833607,-2.135578067097883
-2.652910799939192,-1.6214663557257167,1.0821004151566895,-0.9991188378107839,-2.1571466044627226
-2.742060134658145,-1.4779423909449736,1.0965323546857055,-1.2850429722450647,-2.1744369602603855
-2.7658310619574316,-1.5478901559109008,1.0709953991165357,-1.2757046923305133,-2.166769248437167
-2.750584628676635,-1.6176831722764693,1.0574777846362287,-1.2777303191504106,-2.179852825529519
-2.7775268519996406,-1.5617261148130999,1.0467672346473207,-1.392594257108192,-2.191487259423085
-2.79854024484294,-1.5495538271714129,1.051445657546622,-1.4465341028769838,-2.200571566650703
-2.7461909357875673,-1.6554959938528626,1.037265084050425,-1.3155629396505977,-2.1941409856103036
-2.6900511839446803,-1.743110500991832,1.0279675373805859,-1.1590424410181037,-2.160776560927677
-2.674158888575512,-1.6984794136050188,1.04714512808335,-1.1520591405066982,-2.169547147521799
-2.698379956049194,-1.6174433248406024,1.0531904178051081,-1.2236866257306092,-2.1722379997361636
-2.6580945840553034,-1.6872484967571624,1.062881621782029,-1.1256445688307781,-2.159506553344744
-2.6191097865628885,-1.7141106613152852,1.0764153699188443,-1.0923421160800024,-2.153992691681817
-2.6232298892788526,-1.703985160516313,1.0885442231710034,-1.040616021896946,-2.1365381533578556
-2.6084021644107773,-1.7378240194121868,1.1022654205799385,-1.0397437496299506,-2.1509980460711917
-2.613382820485851,-1.687552393512937,1.0928432324232225,-1.0754260412969356,-2.1376219241779864
-2.66512639863518,-1.5968281418926649,1.1033818794813042,-1.2238110345829225,-2.1718813292417147
-2.661227326746022,-1.5845038376566454,1.0887653403788238,-1.2714053885726928,-2.162465418699556
-2.6618374040235473,-1.6709089984223149,1.0581157353480175,-1.194447110949156,-2.1675236484159806
-2.614987840110215,-1.7490279039210546,1.0681094209698576,-1.071949833097609,-2.162729865439572
-2.669997381006921,-1.5979803788855997,1.0654870802868008,-1.2388622040969055,-2.1476446331128205
-2.697458133205137,-1.6013696043341206,1.0693809532415048,-1.285284081180365,-2.1826181406629246
-2.6272179349245657,-1.7263043453331475,1.064374133062744,-1.1320201301251955,-2.151863041776882
-2.6219323882217043,-1.7305368299961597,1.068818745023607,-1.0663989044539237,-2.1554535556696965
-2.6861021042473285,-1.5885165321469448,1.045880713217812,-1.2762798610071937,-2.171832108995962
-2.725407089082207,-1.510986646605702,1.0594831100383808,-1.394051158446869,-2.1917106014044485
-2.7916903672429205,-1.444920196336948,1.0654756134003864,-1.5783705081166168,-2.1981962260761945
-2.8234505902398404,-1.4926424378816963,1.0505750949069037,-1.609909384227503,-2.219314564572411
-2.8114668904081572,-1.5620090328860812,1.035511322025164,-1.5468716110032104,-2.228534835859041
-2.792107920489862,-1.6043448439450958,1.013964046271234,-1.4943073467800416,-2.2206443462839944
-2.7282257214457797,-1.7177855564774094,1.0218214401423003,-1.350036334081506,-2.2209938783667305
-2.7418786558224992,-1.631582428737477,1.0098324576576865,-1.427589642578114,-2.233426228137399
-2.7354695718554547,-1.5964806286136255,1.0378942956949049,-1.460095646151092,-2.206923793697053
-2.678806752907614,-1.6985159518221775,1.0387762509502363,-1.2993502777526877,-2.1762261677290806
-2.7320888553539042,-1.5324487843157402,1.0328043064385424,-1.4819438541732795,-2.1820009445856394
-2.7441024320283285,-1.600139382589901,1.0525591826147633,-1.422006551403058,-2.2105135344530953
-2.669932478938897,-1.7406404352708869,1.042251437544329,-1.227269884127524,-2.1828592991942792
-2.6471780861403564,-1.7163686478112712,1.0431510027752051,-1.173813351623598,-2.1634933753082315
-2.7118523038792803,-1.5676447144350207,1.06102796590944,-1.3748588931803454,-2.1728125507351166
-2.758816432138559,-1.468406044917669,1.0766059214610455,-1.5725252425023282,-2.177300295619841
-2.77816859910994,-1.5324597312232455,1.0649215017715123,-1.54063741190728,-2.185023819861397
-2.8398487369256187,-1.432723768058945,1.055438938347321,-1.7151311176004678,-2.2136922996732866
-2.882669163203163,-1.3965897849885756,1.0363586330109298,-1.8463713018685655,-2.212543281598047
-2.911739342308699,-1.3965105676475,1.0186918467369004,-1.9317662583516726,-2.230192046308535
-2.9506499194101155,-1.4060536550759763,1.0050374680477858,-1.9910557953394472,-2.2557610520130575
-2.8997989880829587,-1.54398382599056,0.9973412635171015,-1.8429057594775775,-2.2540077549865494
-2.898018760383691,-1.524384021743935,0.9841681098564944,-1.8626366732694746,-2.245461179142744
-2.853484693959476,-1.5562502009217942,0.9757994088895353,-1.817301690527805,-2.233183611415168
-2.8525931652027263,-1.5199925718774887,0.9644117679214561,-1.831249882537455,-2.223673348176731
-2.7759886569462724,-1.6681800313413937,0.9749986177662308,-1.5861758267023713,-2.2392625137916253
-2.7731726440221744,-1.56413073129358,1.003481213142703,-1.6571711285097457,-2.224460751231602
-2.807398061207908,-1.4614414784594054,0.9853132438185666,-1.7981712286228122,-2.204354948353136
-2.7656341623207727,-1.5650927151882947,0.9564672309947185,-1.6624682894352318,-2.216229362429764
-2.8082619558109716,-1.4480623214018375,0.9584788055355493,-1.8285818839390104,-2.200168919711972
-2.7595154288980486,-1.5729831050356227,0.9621625348725564,-1.7056137663617525,-2.217321097429045
-2.6955319152078374,-1.694318526503086,0.9623280875151252,-1.5255200276569332,-2.1879023896758616
-2.6304742533754992,-1.7602177795572196,0.9720941981321856,-1.3396510550815723,-2.1955430156495863
-2.693737632923463,-1.6041217212747052,0.9617296522735584,-1.478651496630171,-2.1953443613414207
-2.7018784863359824,-1.5807045037225755,0.9828133455306004,-1.4826756994476302,-2.1913661105693034
-2.673491164702459,-1.6476612293153856,0.9684778297582405,-1.3672964064336102,-2.167858631517436
-2.699606238006464,-1.5971085225563162,0.9705605079092524,-1.4300051692713178,-2.1735308722965954
-2.6978665474549826,-1.6541305423031807,0.9702838610802454,-1.3502696488428214,-2.182553798524934
-2.6841040126099696,-1.6560240947002525,0.9917905203910738,-1.3287718143195875,-2.195353490760366
-2.7549802529276186,-1.5258520120757464,0.9820885780675092,-1.4885241378346072,-2.2008031836727158
-2.7722355957480516,-1.50651986568914,0.9689200328081409,-1.5287390072144365,-2.199656072702399
-2.8176046936905377,-1.4681189817973488,0.96470511028236,-1.6435383456566663,-2.19236398986256
-2.83091640255244,-1.4922055400034295,0.9746040597052334,-1.619666228823065,-2.19315008526657
-2.8770804907703393,-1.408253647441213,0.983340602676454,-1.775092755119895,-2.189385728036554
-2.8083406938300906,-1.5716160365557517,0.9718705552929197,-1.6111600869385985,-2.194901182607783
-2.766698152421709,-1.6602088924000593,0.985723480055848,-1.4797906226525936,-2.181001670425706
-2.7082596215826067,-1.7579001606315834,0.9995085984728852,-1.2885057571912901,-2.1787954952111077
-2.686085484093815,-1.6652205494896626,1.0153919614198854,-1.3278514204393546,-2.185635839711768
-2.6995484846377487,-1.5908431418890365,1.038700582081745,-1.3616411788272205,-2.1756604815667626
-2.72546575148273,-1.5178260096747271,1.0206585490325046,-1.48748138029686,-2.1808098188420177
-2.6979563168852634,-1.6087113105039401,1.010011857328615,-1.4060801292091198,-2.164758694208234
-2.6309992234685895,-1.7546320434861342,1.021019787641083,-1.1987450426067343,-2.1461151673479657
-2.646369418013322,-1.6468748462986895,1.0423717939757935,-1.2992299636733842,-2.141057082919239
-2.7015345292754462,-1.4720586383471939,1.0319209403655656,-1.5351407429093091,-2.1441450501537163
-2.709087389113777,-1.5956325484380205,1.0307318121793203,-1.44206664595877,-2.1576621077287133
-2.651498517481242,-1.6850055524929077,1.018373216117122,-1.327097475346109,-2.1629945894551974
-2.620038755738072,-1.7307517348967234,1.0224958658902485,-1.2252971479835706,-2.1437743666718694
-2.6198658167863456,-1.6969869459792084,1.0209419102503532,-1.2362102109856905,-2.143275713408459
-2.6003454394936703,-1.7410877044530504,1.0456746240289534,-1.1577119020477873,-2.147766351963774
-2.5950702576147804,-1.7304694265098244,1.0321946330982248,-1.1367356721046482,-2.13099625077884
-2.6303884332803684,-1.6495191201356691,1.0376959593263606,-1.256348900205542,-2.1462835067592905
-2.6126562798699244,-1.6727070729204279,1.0107839045662588,-1.2224371155224298,-2.1408657623808365
-2.6410374233866367,-1.6695030903963495,1.0117844174931283,-1.2285269953286095,-2.1166473156148813
-2.5914958396306367,-1.754432243892177,1.0110093808394116,-1.0543389630644495,-2.1187502328976766
-2.6679870647018924,-1.5608016238081177,1.0315993439263713,-1.2801332913202996,-2.123685642420174
-2.668552671269252,-1.6120813785418422,1.0274057154832235,-1.3012935618842751,-2.145925930156658
-2.6565715778914063,-1.6818103050890183,1.0251525591826347,-1.263083698843981,-2.180289188208173
-2.6078650941727313,-1.7678414822317658,1.0081511722594045,-1.1108247951062944,-2.1638543190367794
-2.6468923986338413,-1.6784229251042955,1.023878790188992,-1.209991234670657,-2.1602311731241706
-2.7192052833193965,-1.5286163602058465,1.026931248658415,-1.4020726151843177,-2.164694090917413
-2.6729019016066378,-1.7092631813221904,1.0328301165867126,-1.220618783050265,-2.1574897778686557
-2.6385263583856937,-1.786957570717225,1.0257281837751857,-1.0874223207960494,-2.1320674983851675
-2.604556521906916,-1.8067172987526248,1.0223022635335228,-0.991564672251748,-2.127374595953274
-2.639510549528621,-1.6796443656878486,1.0197179105860044,-1.1167793559356025,-2.1290432509057786
-2.7114794754841096,-1.509760402373687,1.0451262931002843,-1.3518624302473246,-2.140026964427902
-2.719333801551099,-1.5613754121475234,1.0540132958763113,-1.3553800838606544,-2.1566144035886827
-2.714912877708431,-1.616207319122501,1.0517763552706978,-1.283717778374406,-2.1469543044730752
-2.757113516797777,-1.508444325527507,1.047188690751537,-1.4131992157166366,-2.1562929240342363
-2.802977261243045,-1.4515492037921582,1.0459778644680706,-1.5195105217402398,-2.163856524962589
-2.7602737479058472,-1.591166861163658,1.0291582592893949,-1.3764915781167097,-2.1798591012603437
-2.7080132225237925,-1.6893494465139622,1.0451006794258166,-1.2484595928379802,-2.1932329574148115
-2.683665893887879,-1.7001065431357176,1.0344356363193368,-1.2089445323701458,-2.178507487422379
-2.719480899786424,-1.5821561754145719,1.0225269951598985,-1.3538485821906963,-2.1676364431054913
-2.7405004680987344,-1.5362017495911942,1.0339241848124818,-1.4730298575210383,-2.180869136806838
-2.770007601745216,-1.4998629066134581,1.045003768382155,-1.5309594508349176,-2.1923675651744663
-2.803839883014492,-1.4478061086259926,1.052281124300524,-1.6659153796031276,-2.2052979100639245
-2.7663480307475976,-1.575101963753667,1.0390610288762638,-1.5285323270267288,-2.204859764010106
-2.7486747035901673,-1.6252898709116659,1.049498729364741,-1.4482739237784132,-2.2095187688023428
-2.6542785013373416,-1.7574282132721117,1.0208507745429465,-1.228580304537783,-2.180542752702452
-2.6951343853798124,-1.5789881851887722,1.0429066785107337,-1.4107312891090487,-2.165536122334828
-2.731300270719522,-1.537465246725834,1.0125541982445736,-1.4521614894272374,-2.19119785234914
-2.684245517110897,-1.6246632773634817,1.0129880397140991,-1.3778111150778027,-2.173357558856918
-2.6352652378404917,-1.7256310856309178,1.009532393391582,-1.1734174105180049,-2.162632674545735
-2.671211393348456,-1.5856556755067799,1.0103586972738776,-1.3255022014774336,-2.1483477371825352
-2.7288152402354267,-1.5046042679432314,0.9939968009210937,-1.4487067597729288,-2.1597481750307206
-2.7708774077453846,-1.490902903733735,1.0093670809175321,-1.5279137258284587,-2.174400175027855
-2.720950748608687,-1.6083565249160565,1.0106035986298796,-1.3982315785977157,-2.1696710975431275
-2.75310717892805,-1.4898704726936929,1.0012872180580616,-1.5697346961356466,-2.169083419065383
-2.79746738443367,-1.4414892098431096,1.0201201105108295,-1.6517445516541522,-2.180368242548231
-2.820248438250148,-1.4684755262824034,1.0092237344701958,-1.7157918631525817,-2.1791013823297765
-2.8304078026135886,-1.4915693505828613,1.0139947430619978,-1.707183350438158,-2.19055958287317
-2.869025543251451,-1.4168901316181195,1.0199752450808979,-1.82812276726119,-2.1880513731058704
-2.894962842726901,-1.3706589900036856,1.0140739913943368,-1.9315688326281222,-2.1988443214287274
-2.887564843938068,-1.4447284620594019,1.0139709181499699,-1.8790984531881594,-2.2026829963371015
-2.8572871126550723,-1.5581370639669658,0.9976293537092294,-1.758761038799416,-2.185317293433811
-2.8046574730115696,-1.6188879329056136,0.9926014804505433,-1.6376329227074389,-2.1920366405845275
-2.8160804299642583,-1.5296064610461948,0.9870042694795398,-1.7317739379596457,-2.2225985588738997
-2.808565626121211,-1.527348548743528,0.9910925923364741,-1.7424591471251318,-2.219999470557923
-2.721566779960923,-1.6732625473563472,1.0092759716447026,-1.489676060738905,-2.208530856882813
-2.663382341879933,-1.7506940767805843,1.0022193484111988,-1.308970544759941,-2.1895598990464062
-2.6996208590474846,-1.5604730200467114,0.9941641141404012,-1.5055570977091854,-2.179338035549668
-2.757665202640173,-1.453491661422805,1.0085758151817097,-1.6535470616107826,-2.1705748537850504
-2.792762282632577,-1.3648696048026956,0.9960976820148544,-1.7922170410172498,-2.182492062814585
-2.787559867552112,-1.4906028772117208,0.9780933034976712,-1.7170269131882356,-2.188577160694455
-2.811663576919278,-1.4556704771091755,0.9793190689212282,-1.7809116311091837,-2.191525163006366
-2.849573105996078,-1.4226084627764832,0.9574722992041811,-1.8628279104856296,-2.2050899792316523
-2.7915748032738525,-1.5368022554965781,0.9663894954353244,-1.7055483349223346,-2.1719762300828127
-2.7160365728950846,-1.6992297609636577,0.9747477157205328,-1.474117135258016,-2.186930980327346
-2.755876854752887,-1.499003580870751,0.9862176902292886,-1.6743035731758409,-2.1701215846003428
-2.6785645012378203,-1.6902414592701818,0.9875891356584419,-1.400110554662411,-2.17002707421033
-2.683601329083665,-1.6225413546600869,1.000447182562366,-1.4305781299417337,-2.157686766356679
-2.69860404700544,-1.5458568734991627,1.0064142145784223,-1.4915796703963222,-2.1369574427309166
-2.708626308020211,-1.5100470846980667,1.0091938971993573,-1.561024105450479,-2.140016569338982
-2.662500446019619,-1.6286559467078952,1.0061348665904377,-1.4662288287286163,-2.1398736859504033
-2.7137553017197478,-1.5335420364267762,1.0125098157850685,-1.5222300380698048,-2.1628196994779234
-2.6876152666559014,-1.643136688340244,1.010718275338639,-1.3775775026965809,-2.157365018318606
-2.7231277804124785,-1.5192346865584725,1.0143636202946285,-1.53287436129046,-2.16665285212007
-2.7065340155174877,-1.6536885981201808,1.0153161383344655,-1.3902944869970366,-2.161299361222584
-2.703904954469551,-1.562714632320109,0.9811113473914258,-1.4693811539196602,-2.163817312165441
-2.74398679647471,-1.510700614263815,0.9981279366080884,-1.5853144086186852,-2.173513096538441
-2.7021183704372294,-1.6459388161506825,0.993669680214677,-1.4099388868882032,-2.1557862833591206
-2.6588522042033302,-1.68035969273406,1.0086989547625367,-1.3246000641400528,-2.171791792363974
-2.735352847885391,-1.56955109019082,1.0105419983672936,-1.431130842598707,-2.1683937649516642
-2.6658692578589895,-1.703166813326463,1.0023521111016458,-1.21464729337689,-2.165049510747188
-2.6399205293060923,-1.7436798365542765,1.0186930574115716,-1.1142340119251446,-2.1452363087555337
-2.638203820062307,-1.6693517045274373,1.0214487254249403,-1.1413061092848613,-2.140390095315534
-2.718442899098525,-1.5126418351441928,1.0350372108888666,-1.3576367248020795,-2.1493760930208605
-2.7265205131668075,-1.5379196724275739,1.0280816839410327,-1.4041247152751435,-2.1620614830538516
-2.7168719994628634,-1.5985343533309553,1.0306198690630601,-1.3821193264247493,-2.170540358895282
-2.795459567876528,-1.4630723024479941,1.02579552604587,-1.5894519907263156,-2.1801893579438447
-2.789716948078722,-1.5277479058334502,1.0208338751346597,-1.5559429092571007,-2.19091624189898
-2.7755410313084217,-1.5785961311818615,1.0352305165705742,-1.4987558772784852,-2.1965811192604057
-2.744630794683578,-1.6195050131677835,1.044955501677054,-1.456260893665449,-2.209305430933032
-2.725941072854429,-1.6836182835780855,1.0496347721382047,-1.3612230266059795,-2.2113400583956664
-2.706074153973677,-1.6835133417053745,1.0488392912386588,-1.2912196450465612,-2.2086181730758643
-2.701972335964713,-1.6057041516917065,1.04420667513191,-1.3821022972865904,-2.192205592629383
-2.6379312938345563,-1.735031949216784,1.0342325241711636,-1.1792332972171227,-2.17450921490874
-2.6750146136835933,-1.6347111488587196,1.0406200005776098,-1.293249335436541,-2.1786870201479043
-2.6440049805171655,-1.6893151562868343,1.0348417504713459,-1.1798626571485358,-2.1505227657544626
-2.652057850038838,-1.6697699605517928,1.048049091433135,-1.1695380587966298,-2.169897682158743
-2.6074872419123514,-1.724628003081004,1.0348045122309235,-1.0675505579000613,-2.13966945475362
-2.6262594164941078,-1.6476330358687694,1.0345658544151,-1.1700647923154985,-2.152993892563216
-2.687551856207178,-1.5443559293908249,1.043283836461285,-1.3077129930320643,-2.141442637473124
-2.6669607691952115,-1.6036509835186619,1.0715444605590083,-1.275934555820511,-2.1250972009980607
-2.6247962761452426,-1.7185107341431216,1.0521158145318068,-1.163383812815336,-2.1387541294028276
-2.623218591587012,-1.745802231042394,1.0598352707803445,-1.0963481646214719,-2.129342550808356
-2.693944480832643,-1.560419236022125,1.047081588806465,-1.297853116765633,-2.15298017935752
-2.670721563785007,-1.6563204152395719,1.0395737399455285,-1.212782074700774,-2.1497964825914924
-2.7266121714098,-1.5459804459916924,1.0182094309410585,-1.3705460630551138,-2.164376697048715
-2.7112477278522187,-1.6200680274184989,1.0235583933016554,-1.3171691106684984,-2.1650033800886583
-2.6711969015315318,-1.705181988080976,1.0184635532208053,-1.1943361652772229,-2.144907970299186
-2.717522657875463,-1.5812072347619077,1.0204651456682137,-1.3437776444748293,-2.1446165011585077
-2.719901242371282,-1.5919081664660615,1.0214980568834078,-1.3406828499041823,-2.157074072315138
-2.6649939411464314,-1.7414038351620178,1.0155305917109703,-1.1496391945292148,-2.150685645896111
-2.737413983541681,-1.5385666882050963,1.020111943042295,-1.3830740420750844,-2.1773905787945282
-2.710553710433917,-1.6771517940667913,1.0262557312743308,-1.2454087431240095,-2.187653687805748
-2.6918975188331955,-1.7001858919552886,0.9973389608714163,-1.1845199595840366,-2.169789503124313
-2.67707987462437,-1.6949724109390476,1.0240157687770537,-1.1881170741713551,-2.1706508159953612
-2.6926555785416664,-1.6601817685922595,1.0399606593780728,-1.2256386982972027,-2.1832958383925853
-2.753801540245665,-1.5476316559559138,1.0372006307048665,-1.3855858736618476,-2.2067374477217294
-2.6793563517781314,-1.7068739664378183,1.0238260372709196,-1.1649985414379584,-2.181436053885584
-2.7360442467672788,-1.530589913176983,1.028983339715287,-1.4003178900371258,-2.1791497496443806
-2.757415929665761,-1.5279239323913454,1.0275086671974802,-1.4546814290271586,-2.1806198246845634
-2.8175148542054806,-1.4148604479530469,1.0396288828655234,-1.658184497685112,-2.1871883899725915
-2.8554124629427378,-1.4068325694883037,1.0414844330744504,-1.7709752965345893,-2.20911956843928
-2.87247200912365,-1.3766639613612508,1.0210313734894951,-1.8961768745495944,-2.2098408691046423
-2.8741074356107967,-1.4512891137204338,1.0175559105627838,-1.8626083199398002,-2.2070240464098574
-2.8167336909016307,-1.5684091152943962,1.007963747800496,-1.7216925494842437,-2.2188428864103074
-2.783332215766986,-1.6140835584058493,0.9939590661556132,-1.6435386993195529,-2.2020451619325057
-2.766988759998848,-1.5722968680773686,0.9891021707825663,-1.6682706034058858,-2.159976054616076
-2.742301608585322,-1.6225544058703205,0.980930368034876,-1.5982980294687459,-2.171360344887278
-2.7627378690877022,-1.5382857586215144,1.0021572368878693,-1.6537044279907185,-2.1834559433169973
-2.694390374902195,-1.6810647141655781,0.9956705030517764,-1.433892726882697,-2.1751644473569063
-2.7412852050557723,-1.536811090265892,0.9951250326865667,-1.5583115516817887,-2.1828948166480258
-2.702980280479146,-1.6497273552264842,0.9947814018854558,-1.4184912147335684,-2.2005318336737667
-2.7731942915414196,-1.4906087513288757,1.0032315771042266,-1.6163494424010816,-2.1768271593519786
-2.6905891364600762,-1.6165024219147122,1.0308152633305954,-1.4348724688654957,-2.171090723423091
-2.6475596401725077,-1.738138665006259,1.0239952222464763,-1.2685387593111215,-2.170440506701458
-2.702096669715092,-1.5820937059170563,1.0270749094083556,-1.4106263993324373,-2.1704808828693705
-2.7556042802665024,-1.4829310755659508,1.0305894327094027,-1.5544883905509637,-2.1652988643813376
-2.7933583486550395,-1.450889648342398,1.0251685436929125,-1.629626056349489,-2.1987792697776944
-2.839800576619064,-1.3504280100651849,1.0407855578539276,-1.7768383069481881,-2.1827471997883476
-2.7849413311005016,-1.5586945395048106,1.0098723415345874,-1.6220533053924104,-2.1789032603161487
-2.816310454358065,-1.4948240392738485,0.9888081411724831,-1.7191253988980384,-2.189977435690669
-2.773031148480162,-1.6142118474307539,0.9984988052394278,-1.5980864003388846,-2.1824953974666084
-2.7592386298456635,-1.6029883922600774,0.9864728684543218,-1.5739073058954163,-2.184989631457551
-2.7620948038680675,-1.6036442264162156,0.9895314022827989,-1.5257765075844916,-2.2015458685236853
-2.6867141073182688,-1.750914434362519,0.9705570438654602,-1.2933345291013991,-2.1943069763841883
-2.68988809235585,-1.635848000074245,0.9747940396861576,-1.3215404660307069,-2.1654358311235824
-2.70792015128627,-1.5266981882866861,0.9998957529655641,-1.4402797002397174,-2.1665099926666405
-2.659587568556165,-1.6439392359350353,0.9984016705767967,-1.3044666916702345,-2.1707940409116486
-2.7236604492208643,-1.467872536211921,1.009626281182682,-1.5017092186953995,-2.1613992425142268
-2.7481139971913833,-1.490785867715997,1.0042948518225538,-1.5161250218934177,-2.169522419265408
-2.6980044775363177,-1.6070606870827107,1.0239502722467293,-1.362149790032538,-2.1423505388924067
-2.726725509062285,-1.5501710010199168,1.0060606861183603,-1.4352516552209515,-2.161258904822945
-2.682384666984945,-1.6486071077310933,0.9996100981298972,-1.2970903461532268,-2.140938501761235
-2.6072356472908376,-1.7528357453696077,0.9992155632321307,-1.1368267373299572,-2.1370144099240336
-2.6419209867488496,-1.6099054496882361,0.9943758593012945,-1.2640380716276456,-2.1470992228046306
-2.6075159589892296,-1.716481300511154,1.0137827407728046,-1.1253683006520774,-2.123159024948808
-2.5719273564548226,-1.7754798509227077,0.9831122729433366,-0.988152197823521,-2.127741813638443
-2.6506919916828258,-1.6126307533496365,1.0265199651586276,-1.1415469169058627,-2.1410350112087877
-2.606604232358747,-1.7154521881571128,1.0128956067067993,-0.9875467742310012,-2.1466797222474376
-2.665025177011582,-1.5844054026449401,1.0094280415480625,-1.195852970180021,-2.1568784929737705
-2.7215914501257323,-1.5197535513445086,1.0106037144829454,-1.3639569981579072,-2.1595272412162196
-2.7000492497104753,-1.6683063764745845,1.013309765528051,-1.2346894263547856,-2.1760867148104994
-2.6950908876827735,-1.6392394478158336,1.0187775669523735,-1.2842518191647687,-2.1595266143069063
-2.673688882369975,-1.7452797967252558,1.017349255622,-1.1304461578404834,-2.1810576051650954
-2.6786611341043423,-1.6438048582576918,1.0234103374321177,-1.2288533606768817,-2.163046492710903
-2.6493957086776843,-1.766204099205707,1.0447352139253407,-1.0701275735557518,-2.174145386764295
-2.7192082717384034,-1.5729349216812234,1.0253440203943505,-1.331881385916324,-2.1904557347796696
-2.699876445256988,-1.6713038363666761,1.0267513225649973,-1.2308718560414496,-2.171805165608849
-2.741075747397094,-1.5829416452395526,1.0375771142073413,-1.3218922133587279,-2.1922466258795095
-2.7192026306302326,-1.6755124738996487,1.034252477556347,-1.1729928469667537,-2.1928422521918907
-2.689211018030736,-1.7265032553955981,1.0371682924051102,-1.0916871839548945,-2.177180005240293
-2.691751721874393,-1.67464575428049,1.049818853584802,-1.1298509158674448,-2.190054673680013
-2.711439370079035,-1.60848783446089,1.0694889678954715,-1.2081644687160513,-2.1760748631040836
-2.7651535812955292,-1.456895183463103,1.075405478445056,-1.4491320158937888,-2.1783068595718946
-2.711884168654322,-1.6455753552108088,1.0745587443283262,-1.2749590500386512,-2.1542365609351593
-2.649167470242771,-1.7745031644052784,1.0830731965052582,-1.0819606826171255,-2.150213018183422
-2.6264704255778533,-1.7317319036903125,1.074744302967916,-1.0831770572621149,-2.1562016988885073
-2.640307190646859,-1.7114329833159658,1.0892543171415476,-1.0582574632735693,-2.1611652276645628
-2.709411067336119,-1.5340548701744379,1.0799723736668587,-1.2989349646288642,-2.1491330401493016
-2.7801768004395635,-1.4215691355554156,1.0587218646823686,-1.5035460848772715,-2.1600670356369553
-2.8442411039333013,-1.3609140495930936,1.0692392216507494,-1.6462828590786158,-2.1695050997191587
-2.79660673265602,-1.5568684308199967,1.0434747769922752,-1.4701892431873413,-2.1763267443299323
-2.778056837386377,-1.6036413690522209,1.0453906102009358,-1.417879099396766,-2.1721569003131656
-2.7879060261426676,-1.5319555245136647,1.0413295106566152,-1.533549344805556,-2.1874562584816584
-2.7555089284066656,-1.595379709095785,1.0343757872867165,-1.4135497366746854,-2.17265555327488
-2.76791426765474,-1.536047127430105,1.0209202170940708,-1.4860421444387366,-2.177005823234346
-2.7341398591752633,-1.6381602446673518,1.0117460121882824,-1.340580390679956,-2.1917604803948336
-2.696593110376133,-1.6463304820376916,1.0202952705863853,-1.2722634541232989,-2.173764200091812
-2.7534228284236257,-1.510264361205594,1.0306171651626814,-1.446436124871686,-2.1741335014345573
-2.6953775746625865,-1.617376824338185,1.0148930691834115,-1.3551451705734454,-2.173890679662657
-2.765538882151058,-1.4638671014096423,1.041272619962661,-1.5884209628432506,-2.174042295986972
-2.7416420931800336,-1.5672871105294164,1.043171271638477,-1.4615150751384751,-2.1733900519391733
-2.658758317465821,-1.732318959738785,1.0397513600773645,-1.244885866757037,-2.179684972477135
-2.632161789237703,-1.7263717750282117,1.047297175623094,-1.168059262816128,-2.1628918889673208
-2.6040940412106686,-1.7634830486896647,1.0568647727905687,-1.0644986876658418,-2.1524878614685043
-2.601642973000992,-1.658565484859588,1.0298123036561289,-1.1396867439944594,-2.147092342641042
-2.583511317547821,-1.7210285303337725,1.0424389476179121,-1.0144541088760122,-2.1620392573886984
-2.6311003468608267,-1.6002853201021292,1.0368081267804228,-1.1367499872141347,-2.164279540626998
-2.695907015309325,-1.4813553556042813,1.057072666851393,-1.339970680627174,-2.124812197674273
-2.6989107018862044,-1.5616934840256196,1.051879079202153,-1.3017647674098536,-2.129708602828956
-2.6725878823274973,-1.6577539731667041,1.064531397894347,-1.1837783038975604,-2.14056519033808
-2.6692326130697532,-1.653311611449551,1.070109614137457,-1.1599988114376254,-2.15301496539863
-2.720557228936448,-1.535288572270332,1.0745265178315078,-1.3413377653930731,-2.1611594919583523
-2.7409766932821475,-1.5229372715484204,1.083371528585979,-1.3938767195697854,-2.1915787512421043
-2.7013020027471506,-1.6760324705787673,1.0970971404869705,-1.2233642770047075,-2.189587217593581
-2.7326591053246485,-1.6093452841800562,1.0954679448625961,-1.2775145707654547,-2.1810529134766514
-2.744078302919187,-1.6132120383043695,1.0770898035972698,-1.2893778623573728,-2.1811902501885125
-2.7194308475799294,-1.6748946952923585,1.0676444755032395,-1.2458180014153566,-2.20082674943467
-2.657538067966025,-1.7610943936476402,1.048812128501066,-1.09677300838616,-2.195102802993856
-2.721662393588618,-1.5303348155337324,1.055442025438615,-1.3652324077955047,-2.1819695694187438
-2.6924967393532104,-1.6521448817743063,1.0504004873311612,-1.2296273603290693,-2.1460369348982824
-2.669339746865855,-1.736069743176249,1.0491380346801331,-1.1328673840531553,-2.1705396774662566
-2.630696081263729,-1.7906518779055915,1.05045350616022,-1.0049623557357268,-2.160382705892728
-2.665707668205132,-1.68784523209343,1.071191787906063,-1.1192928212641233,-2.169823212469276
-2.6630089261480854,-1.652288170023712,1.0784438196730517,-1.154427989082039,-2.1606457389842055
-2.6277201342817564,-1.7052220578765367,1.0801628020262826,-1.092686625900141,-2.1473283340030602
-2.6363020174389087,-1.691806636792639,1.0703259524321282,-1.1177306093636008,-2.1550490042762256
-2.6868626503587816,-1.589025434619744,1.064301757285998,-1.2299276355361344,-2.163973864691472
-2.691409235329581,-1.659374445389778,1.027908984751318,-1.1771718805503824,-2.1652836759634635
-2.74913619195837,-1.509556997393824,1.0264118892293352,-1.410456784231482,-2.169651807942258
-2.7377919685981933,-1.5971407021005206,1.0008232839444047,-1.362322889130523,-2.1861752747885737
-2.710536751195995,-1.6704762217722948,0.9916310230622968,-1.228832513827273,-2.174489132537505
-2.76432696783767,-1.4918655952407882,0.9856106188093656,-1.4485610424835182,-2.1546063431671723
-2.800691626264137,-1.4304187691736232,1.000798879628386,-1.5552399611297867,-2.1723367772770485
-2.78391298465651,-1.527482187179465,1.0116089104276629,-1.4707260998859457,-2.1879921234009823
-2.8225381885314187,-1.4414229412411328,1.0121539699756161,-1.6021177966488875,-2.194968524026625
-2.7913730637535545,-1.49219020607054,1.0183664466491151,-1.5764523228598541,-2.21337969024656
-2.7554682949330362,-1.573897742004431,1.0367689322232958,-1.4687188756545675,-2.1852676484801745
-2.8067368236431927,-1.4733597647104781,1.0241658577941992,-1.6116694087458723,-2.192817364504001
-2.809366700858807,-1.4549732670087734,1.0099069452590284,-1.6845127971593639,-2.1868512079597453
-2.777234732380079,-1.610675293850757,1.0223158162179116,-1.5427143105740537,-2.2006895503695296
-2.774021731162171,-1.5608817512774869,1.0023672176431928,-1.5762905173599535,-2.18045204215285
-2.7396507110230117,-1.6173958514271705,1.0058976965016018,-1.4804275220832046,-2.182683923299636
-2.6595677101511073,-1.754152372966986,1.0178136578777872,-1.2421054838954175,-2.1775365386876993
-2.7096128781634063,-1.5585343205245623,1.0313230200711891,-1.4742828466012652,-2.1573401840628716
-2.699363152927215,-1.5539142607872942,1.0312991987951832,-1.4773699581380408,-2.161946980819495
-2.7238088622647934,-1.5411633172697023,1.0171478327827084,-1.5088176487561382,-2.1746959328545405
-2.7557960464360303,-1.528362585476365,1.0091017547912076,-1.5309801264582885,-2.1931809825419135
-2.7649269699141095,-1.5156498015868891,1.0011949608333275,-1.55099527886337,-2.200330315021529
-2.747929943395701,-1.6215421128093352,0.9931124750646406,-1.4369038316190228,-2.1978200826764698
-2.7854093983039943,-1.45807012129514,1.0082079589947883,-1.6426813530359279,-2.183560944789522
-2.8067420553533955,-1.4752078331100438,1.0052173158302045,-1.6382686641319857,-2.1795074843799798
-2.8222443864147078,-1.4719041393184957,0.995249653192346,-1.6721609230316832,-2.1975651861740326
-2.779716430015027,-1.5483037019685146,0.9996925042689012,-1.6184434469081217,-2.181740181669837
-2.7436562089189165,-1.6181729413526764,1.0028398340315072,-1.4826590857033062,-2.18028229109066
-2.670265080226092,-1.7453640786768425,1.0169252134763815,-1.2760165538057366,-2.1705818981808394
-2.6622824808095875,-1.739029784464737,0.9973941735987152,-1.2262733721784276,-2.1664054258162215
-2.611757117902938,-1.7738961966125202,1.0127542451865752,-1.0844269090100793,-2.1418336876678996
-2.6448120080581146,-1.6492721336661347,1.0226295087703228,-1.2156555010457624,-2.1502072446256424
-2.7170576626845575,-1.486746618392001,1.0155148802782572,-1.407155166744299,-2.1610607704570897
-2.696387230271038,-1.5971572137215162,0.9997466314443877,-1.317360630598968,-2.1685065166086717
-2.678819152836537,-1.6476748946153192,1.009704104644983,-1.2770790877551934,-2.168120995659299
-2.7109214002284525,-1.5909685354242062,1.0321731669307657,-1.37671689976489,-2.151970582615134
-2.6802786917772723,-1.6988974118905822,1.0265013262737481,-1.2385818491795875,-2.144830061005637
-2.7298107821073727,-1.5303124844296918,1.0427974365475177,-1.455506078432459,-2.1566403123666444
-2.733278290824694,-1.5843719979896993,1.0221719923775892,-1.3916555192080986,-2.1707484489169864
-2.6885054858530837,-1.706009808601944,1.0257285904882008,-1.2240277512849442,-2.1646223844432027
-2.6495759736245645,-1.7493548137256758,1.0263091488744562,-1.0976041349173993,-2.1594273543938294
-2.735454312605412,-1.5561851557880313,1.0395331032780981,-1.3293052466632602,-2.1562844608697964
-2.721820378568253,-1.6326540290868319,1.0484642672269058,-1.233233153960766,-2.1814543693180566
-2.7375766812408737,-1.5642926230807788,1.051789618029681,-1.338316832549308,-2.1634510580069355
-2.6878215035502784,-1.6854705669298364,1.0345630963531274,-1.2106456535516907,-2.1503767948042514
-2.659785080046055,-1.726137718313627,1.0290725088012995,-1.1003745410892323,-2.150916640136324
-2.725210668221758,-1.5442154047171455,1.0459857745387067,-1.3004421991279806,-2.1612045507965276
-2.6748893149230866,-1.6566429909657174,1.0433193071475233,-1.1616140945076754,-2.149809505751558
-2.620978085908055,-1.745402790489184,1.035353152505431,-0.9959992759256111,-2.1380798088427
-2.6531116625077455,-1.6752626513306383,1.0526518069382587,-1.0613810274983282,-2.122888675760827
-2.7195365025832188,-1.5332039117249687,1.0506932902389932,-1.3008098441785838,-2.148562192885161
-2.70419157081216,-1.6086835258096708,1.0511484817099872,-1.2635960816906677,-2.1456007067142826
-2.65866103104373,-1.712631636002024,1.0438509858396834,-1.1362769809537978,-2.1584199295729505
-2.7421596970070556,-1.5065065061858118,1.0482650535975566,-1.3634806233599914,-2.1647310904087242
-2.7803679436858486,-1.5001607306058748,1.0393880375272702,-1.4641758067695267,-2.177663820456752
-2.8279623674990515,-1.4230256854637369,1.0322824399789938,-1.6242759642497941,-2.1847225609563843
-2.8436373631624656,-1.4071261119611937,1.0352014188221044,-1.724999069866708,-2.1866591301502285
-2.856925869261452,-1.4363581104295855,1.020166373578828,-1.7404508248633652,-2.191432608859057
-2.838090876645685,-1.5380379975705125,1.0129269918406207,-1.6399809349678425,-2.2070959966297856
-2.7955639961664964,-1.6070651580705155,1.0041811465432178,-1.5419389888549093,-2.218753816214718
-2.7932258248632262,-1.5541407259334044,1.0102562164093185,-1.5961875839055277,-2.214740999355925
-2.7996826740802474,-1.500491713059799,1.0191749075973278,-1.6369312148510993,-2.1983946334541105
-2.839251085786483,-1.4119192105418672,1.0132662937948569,-1.7853610284295416,-2.2072618733767673
-2.831630359011449,-1.478666233463919,1.0084396700726108,-1.7461338601437122,-2.2104204225722257
-2.795709483943052,-1.5784937863746846,1.014610650100692,-1.5969261519933051,-2.234138907666183
-2.771546794335771,-1.5933453641111097,1.0129458589289506,-1.5352240513103386,-2.216627500325805
-2.774576780135229,-1.5452955757148,1.002364966926576,-1.5629018059006121,-2.218537231484829
-2.758931455194958,-1.580823279471741,1.0071349089595818,-1.5021470478322223,-2.211904938673066
-2.790336716239306,-1.499431604274518,1.0038057640758486,-1.6299211769972322,-2.2151074136265736
-2.7848465303710457,-1.503747780993718,1.0181418887633418,-1.6424624848448317,-2.2183737483247943
-2.7083201900795926,-1.6943652491976908,1.018205018025265,-1.3767106950619667,-2.223383940705457
-2.709970624230923,-1.6235172613411784,1.026469080773452,-1.425866245741981,-2.21064823996689
-2.7089339279465325,-1.547614285916561,1.0200766250040043,-1.476257718673906,-2.1964698048753113
-2.792251231801777,-1.4584732013596946,1.0245870940949187,-1.620407099913602,-2.210231756650741
-2.772403098793504,-1.5406831292151733,1.0189821845003404,-1.5393382962846085,-2.196623883546319
-2.7907300872450103,-1.5319445247004588,1.0236726494821204,-1.551764625945909,-2.2154749746973548
-2.76081471410599,-1.5786608708163974,1.022800630729701,-1.5240711243396634,-2.20455999474209
-2.7672681316064747,-1.570875705520723,1.0089864607909875,-1.5130779262703031,-2.1805340429849607
-2.6966108753350064,-1.7125750362593501,1.0012961545119188,-1.2818400005356276,-2.173375156053384
-2.7578792470893503,-1.5282626783833053,0.9986823489740579,-1.4639369042593633,-2.185539599491492
-2.7973575001792392,-1.4343854542560925,1.0071382282432084,-1.6021419939969752,-2.1827322520016272
-2.8042164325520247,-1.4979125373152427,0.997221650711895,-1.6228871734153218,-2.195594290607719
-2.8055847136418732,-1.5325989274613543,1.0122295620921193,-1.6231798063735858,-2.1974369139030525
-2.7249745560766585,-1.6826170265157743,1.000920696182592,-1.3813834912184069,-2.175675022549126
-2.7337969209425026,-1.6079741856046412,0.9865451362815073,-1.422522570385449,-2.160756177592622
-2.709618642674279,-1.6201085839844778,0.977992481284231,-1.3811255579413622,-2.1563795726827313
-2.729289703806131,-1.5196549719376538,0.9809388742639031,-1.4852844948759785,-2.162787188955884
-2.6584433683682005,-1.6950198804198864,1.0001860836519063,-1.2742815842077024,-2.163496498432607
-2.7031888074044508,-1.5721208257696972,1.0103101958982241,-1.3836423835719764,-2.1619254663184986
-2.6798648236282796,-1.6600055807029441,1.0058074539387232,-1.2947644401559126,-2.150665857122964
-2.695844787905178,-1.5672565422612572,1.011857398345513,-1.3876008530956345,-2.1421909375647417
-2.7412171427738388,-1.5268782182134986,1.0213325273082565,-1.4438191984617113,-2.1495772362813033
-2.7078285481896223,-1.634266375032584,1.001760302470163,-1.3296827216458418,-2.1561493273788
-2.6973042085623793,-1.6190297614679097,1.0028673133296917,-1.3161208233409256,-2.1626481463518705
-2.7465021550663753,-1.4940509764552434,1.0194242762259602,-1.4757999682408736,-2.15429795384504
-2.7723829593615554,-1.500967198353968,1.0227770936844987,-1.5000095395987973,-2.178767294107754
-2.696778832611772,-1.6606160807390562,1.016769914163301,-1.3078959472791143,-2.172774259394497
-2.695196621105007,-1.6361095758842858,1.0094881814401244,-1.2940765905706995,-2.1622154552891546
-2.6954729839494678,-1.6647389433475563,1.0112158773260977,-1.224431447783938,-2.1599537029499505
-2.702509546542398,-1.574876562285417,1.0156396153464076,-1.3228839521079097,-2.1540627104695753
-2.715516511046713,-1.5250538853157682,1.0228074460070782,-1.3865530042513046,-2.168533713697952
-2.6382650062310056,-1.7081497499277816,1.0099524552212815,-1.1694037600915825,-2.146624977829635
-2.6839738748695554,-1.617814696100253,1.0277862710640349,-1.2525386408678187,-2.147979008646607
-2.7082042680149194,-1.537571937369974,1.0241825837445047,-1.3801953787308634,-2.1546097510789153
-2.763035455054441,-1.4876219869306733,1.0349861160055707,-1.5252692654384896,-2.192252536725681
-2.692342788476781,-1.658361730847385,1.0398055965321047,-1.297976475010895,-2.159138192880808
-2.660355647619128,-1.6828655984522871,1.0393525689719465,-1.2458514117059099,-2.161978525923086
-2.6643345995284853,-1.6758728056456311,1.043030390408901,-1.2453320036631061,-2.17035695653167
-2.6241072736163384,-1.7279806848808033,1.0311295301389891,-1.1319818037078313,-2.146693904117414
-2.6202010577683312,-1.6975600172438847,1.0238347017293115,-1.1350576241933121,-2.1494558660491196
-2.5965946902201638,-1.7582187703291474,1.0422135850032441,-0.992589889469962,-2.148631391492975
-2.578650460801548,-1.8037006128106992,1.0318581128257203,-0.9113067485412385,-2.130474829257469
-2.6265140950382277,-1.6614096505109779,1.052193528801939,-1.0831220842081957,-2.1481032641650493
-2.6355286427607005,-1.698168388251173,1.0408057815822562,-1.0354042465046804,-2.148767721267392
-2.6769439696376525,-1.570137409576111,1.0503085310372136,-1.1948002359923457,-2.149711050865997
-2.6531213691761772,-1.7281304138756854,1.0435979620477591,-1.0370296426766106,-2.1392685659066206
-2.675233866276043,-1.6453632259252662,1.0514665653978392,-1.1403098169547772,-2.140732281037799
-2.6754775736698053,-1.667414548367994,1.0539889811317307,-1.132441241540183,-2.1619869907325424
-2.7451893798584335,-1.5359810474068745,1.0673720603916408,-1.31062463627882,-2.162653106068875
-2.783976416559824,-1.4831311437203734,1.0648406243939454,-1.4617403429109244,-2.183237586003083
-2.764380288867371,-1.5753085146326016,1.063446849760563,-1.4288042304573554,-2.1904798363728637
-2.77258266911928,-1.5596045713179685,1.0532590168618672,-1.5005353936560322,-2.178883670108024
-2.739893893505711,-1.6551195134843752,1.0540554733958387,-1.347039055336538,-2.174519248258549
-2.747564510173576,-1.606588667555656,1.0355695305984196,-1.408161026166994,-2.17478939471314
-2.678933294044975,-1.7220178375432214,1.0296337993459967,-1.2382892155223917,-2.148852161702321
-2.64910309790813,-1.6860787218858766,1.043176658808474,-1.238915474580788,-2.1571266545027226
-2.6309562133645983,-1.7162005059824073,1.052413268887854,-1.1373018643386565,-2.1569991364225887
-2.692365893579176,-1.5493018175220046,1.0582342186009066,-1.3602191537148007,-2.158632965287848
-2.6917434262890314,-1.5815707809885144,1.0456193788494283,-1.3519411122635114,-2.168662811645708
-2.7241075670193857,-1.5358030942403351,1.0367928644014077,-1.380430778664115,-2.1743830227471026
-2.716135479982546,-1.6253646105992507,1.050174859311279,-1.3332578961049164,-2.1684400623693714
-2.6795985918973857,-1.6670464111095582,1.0626467551796948,-1.2725974238141546,-2.175009799454163
-2.6403701765326852,-1.7265476954940289,1.0483304380031961,-1.178753972237582,-2.158923012447636
-2.701174815349516,-1.5448540001980366,1.0468879044205621,-1.4192003024897435,-2.164773669170995
-2.7617169524936953,-1.482956905951836,1.0526758892935133,-1.5419761008383872,-2.183823663446808
-2.7330651715226977,-1.6450286727214318,1.040055459354046,-1.3764865750667166,-2.192987648104247
-2.7609862902112536,-1.553575137547677,1.038241998350851,-1.4719174743148797,-2.1882290000297173
-2.7313702808848563,-1.6026929303728363,1.0566368476257668,-1.436438041538152,-2.1865319820296243
-2.673760589190227,-1.7419879388985087,1.043637785178547,-1.2333242923324945,-2.1707854784164184
-2.68685710689435,-1.6738347531549935,1.0678433618673222,-1.2594211781616362,-2.184634882693089
-2.6440738314535355,-1.7766467641651382,1.0649807123569737,-1.1313645256320533,-2.185989621273456
-2.603470033026373,-1.7816890843505242,1.0476449331084323,-1.0569652744459077,-2.1602342689547536
-2.6587515562903614,-1.6261454445211274,1.070065678483959,-1.1938513266581374,-2.1522141205704943
-2.664311116846503,-1.6868428162137377,1.0631557112369439,-1.128583556222337,-2.1680006645206418
-2.7310700296968484,-1.5183870471325542,1.073900907055133,-1.3518947248530766,-2.1938451208873775
-2.767100954394099,-1.5139326131295694,1.0694017433510876,-1.4440042095130916,-2.2141138877826023
-2.8022444474673884,-1.4637367569834188,1.0520021590505275,-1.5747100623616102,-2.2074872424583267
-2.84443158311618,-1.4782431174815618,1.053680441118835,-1.6180580382402259,-2.23258122185344
-2.870881879509915,-1.420198220760381,1.045136806585272,-1.7418733794354984,-2.2434563467322604
-2.855128278268137,-1.5577551873647213,1.0272157545330225,-1.6318448949315862,-2.2319739042520355
-2.820385353206438,-1.570953100518552,1.0201008668328844,-1.6208840354284428,-2.226055558157838
-2.8158362972918463,-1.5785044084603963,0.9940711114745228,-1.549466119097791,-2.212939997919473
-2.846093384865439,-1.4645179044089787,1.0161962489995717,-1.708621197128081,-2.234433279067255
-2.785395255094313,-1.6320529053066481,1.0199408030361274,-1.5115387968185752,-2.196610083226418
-2.78800043130356,-1.6105982025712735,1.0245894996727614,-1.5299936952976683,-2.199023044232559
-2.80167639394569,-1.5323538973132524,1.024300816368724,-1.6107869248843059,-2.2064168195183655
-2.761814176680631,-1.60921926455632,1.0245054357035994,-1.5134510930761467,-2.2095957396338974
-2.806131949312819,-1.4969432484182041,1.0156670629136335,-1.6507368779301796,-2.2071314478681954
-2.776204536854072,-1.5919568951756047,1.007745636799319,-1.5676157959920891,-2.213177204363554
-2.7355011332042016,-1.692860343060799,1.0103242133698604,-1.3934594920988057,-2.20924672484255
-2.7612987053059475,-1.6242880915458802,1.0063718209889405,-1.4186261408415712,-2.20157568774769
-2.7481661839907385,-1.62033782446637,1.0057088393134839,-1.3850365486578708,-2.212425573345836
-2.669337460190144,-1.7675520135236444,1.0034001774439616,-1.1873483412833996,-2.196020570663434
-2.610696915499545,-1.809704542668332,1.0017996688858803,-1.0360756529945176,-2.1722672153947324
-2.5764941871532017,-1.8109728171692323,1.00186036698283,-0.9408019511566459,-2.149240051559432
-2.6564192826842845,-1.6078085598235545,1.0233980961395726,-1.139554255967695,-2.146896991290727
-2.739075705375997,-1.470691250042054,1.0396739869045282,-1.361257854259888,-2.180403776420733
-2.741501949052274,-1.5159586472718116,1.0468110428410662,-1.3877673222504996,-2.179661315682399
-2.7121732145833772,-1.6759444398098426,1.0513427109796012,-1.2282030046884378,-2.182424964711322
-2.743661404422911,-1.6377607611898266,1.0571978041018657,-1.3053507076222617,-2.1943113893333512
-2.767569242156996,-1.5283043360128845,1.038226975036509,-1.4828737717465084,-2.190098804786814
-2.802300197078303,-1.5210727373878201,1.0351471075644874,-1.570646261274456,-2.207161577937268
-2.7869412945155556,-1.6354243802187414,1.0223960700976908,-1.4695973021125854,-2.191941610299207
-2.7246837017868315,-1.7354430377123147,1.0266922437990094,-1.2922370505965426,-2.1936306601693163
-2.7822501343309494,-1.553588015882622,1.0124502019397865,-1.4642200150446134,-2.2000708705696974
-2.8220048149351533,-1.460659348059973,1.0349601926729384,-1.6083661438739012,-2.222011643396593
-2.7372101704502505,-1.6703136400125267,1.0258164284721776,-1.37150538883153,-2.170919379289223
-2.768825192033836,-1.5595381304082883,1.0231730832806172,-1.5227545858243219,-2.1825917931524956
-2.716186919233706,-1.6949240204589926,1.0250289987812555,-1.3300746677355662,-2.169448494578142
-2.6467945054012763,-1.7718504685479997,1.015164918365388,-1.1451518427760163,-2.1647895304404967
-2.673568436583256,-1.6193473703240433,1.0256707897417043,-1.300816754073776,-2.1609909503524776
-2.676731037460471,-1.6003562897997534,1.0266366933154258,-1.3314171859208412,-2.166888893752207
-2.6660673880449086,-1.6423037961597926,1.057595703282873,-1.325216215380539,-2.1639884297392684
-2.7328207223123915,-1.5228667770798632,1.0339950368564899,-1.5312827995167337,-2.1740601506896122
-2.7899239155901676,-1.437936473476443,1.0207038440689147,-1.6526182770353575,-2.1823927788078668
-2.7223388060635827,-1.6689011259648914,1.0069772935445707,-1.4294890306648715,-2.1883758586794593
-2.7306686806703504,-1.6114277913723125,1.0213465228010197,-1.466571066634317,-2.1784913874053653
-2.756603296752243,-1.530567624724864,1.003055866803468,-1.5866679678369737,-2.1920614804053673
-2.762605934489546,-1.55818816405835,1.0137772489816141,-1.5767363228209348,-2.196851176213978
-2.8171042389053467,-1.4412717716687298,1.0104976937567867,-1.758896286299144,-2.192962125661982
-2.8468446912579584,-1.4358114620948699,0.995754279551281,-1.7964191604790034,-2.2051924431680794
-2.7764777268309704,-1.6361988236758385,0.9777833547642445,-1.56329217230706,-2.2074883071968525
-2.69895128018263,-1.7152325027077473,0.977451535176033,-1.4041216244010937,-2.1731257403200908
-2.7395572713685135,-1.5511607646055747,0.9768707136439021,-1.5431286553605619,-2.185157521395486
-2.7726625683898383,-1.4180747262093851,0.9873463297183132,-1.710429716752865,-2.1743760325534063
-2.745907686460813,-1.5994132098532605,0.9627914674188645,-1.4818929263171887,-2.178124131254805
-2.6635945024509247,-1.7360350287237747,0.9704867493743355,-1.3018586887365287,-2.187650916249853
-2.6983891908664552,-1.6044234590125452,0.9669345911961321,-1.4468279376761692,-2.1886599969895872
-2.6326575807634196,-1.7255602126747795,0.9887516214921909,-1.2478521628733188,-2.163677546471738
-2.575033515384732,-1.7885309089872694,0.9907682286141108,-1.0873722486588415,-2.154514673918579
-2.6381073075357087,-1.5763372754518306,1.0135284358716419,-1.2986398402781612,-2.1530877937066153
-2.715955394037495,-1.4923013050398863,1.025648868146446,-1.4694587546182916,-2.142916494540943
-2.7616214293965426,-1.4304852174125562,1.0117160460034913,-1.632581818908889,-2.147007340247296
-2.7852523151002404,-1.4566227069640711,0.9804936615779072,-1.6725655105224593,-2.17312267174776
-2.7615155239603815,-1.577378477651664,0.9873495375872987,-1.5600967425659673,-2.158154151222417
-2.8137092875630727,-1.4761646369839339,1.0007328488333347,-1.7138910104066833,-2.170151254670357
-2.7640323199873498,-1.6154973885420465,0.990953767644912,-1.5564148223720513,-2.175339479766509
-2.7301101649849997,-1.6787253910315005,0.9934082847764745,-1.4265261620415,-2.189735731256864
-2.7726973964156754,-1.5389043760355932,0.9912642231951293,-1.58633157897293,-2.18858011937295
-2.780737745259213,-1.5230044156531028,0.9955184457775426,-1.6584947433971529,-2.1860222147300425
-2.8302825767403488,-1.4273587964081014,0.992924781098701,-1.7679311842704064,-2.200093724098903
-2.762133389349237,-1.6128430346956284,0.9929779461345806,-1.5740012562420669,-2.2023882246686446
-2.79874770456721,-1.481124128446897,0.989050463006693,-1.7337874574623982,-2.1948935625165746
-2.813323300928687,-1.519508239623216,0.9739801961729955,-1.726081683795658,-2.1997462591855346
-2.813400562730542,-1.49839790412982,0.9685353875635574,-1.7385725490573312,-2.2080475447823655
-2.8631713184576078,-1.4330325384149438,0.9736844962416213,-1.8698863359061761,-2.2044876330484953
-2.8316607511646557,-1.5458701283094236,0.9851653820618841,-1.7384474390180362,-2.2021627670163006
-2.8310487307165353,-1.5163417371578172,0.990773820662037,-1.7557531571882299,-2.2130774409334233
-2.8279317771306816,-1.4993697025172987,0.9663433885818621,-1.7617189435430896,-2.2002215654694353
-2.8431179397640545,-1.4544666301720992,0.9720951306935084,-1.8190698918676595,-2.235768686938873
-2.8862430662761875,-1.3856091748127655,0.95952470796636,-1.9197673732648801,-2.2153263578739857
-2.886089018426948,-1.4249990683977674,0.9547754887842781,-1.8924408308062635,-2.21484681339427
-2.7946950361350194,-1.6004665995423184,0.9624698619500861,-1.6170298043080922,-2.206173592115906
-2.718863348927214,-1.6802504761601806,0.9701985773419398,-1.4259367250275143,-2.1948413612624957
-2.7561835323451698,-1.5065083912265425,0.9550864709429184,-1.6302748978416994,-2.1794234190695816
-2.810350854176659,-1.3874178648118363,0.9689849482838658,-1.7963565659601715,-2.1846022969320265
-2.856444325339597,-1.321036374396367,0.9641582458213328,-1.9310794813382073,-2.2105499796292247
-2.7579077961491016,-1.5801692215306389,0.9708123771876366,-1.6460959192781768,-2.182378444649918
-2.7245864068956105,-1.6168113274481617,0.9598798749439083,-1.5469586403924565,-2.18659338143795
-2.740304788859637,-1.535153514410646,0.9663592796783291,-1.6429111521160766,-2.1735887000462504
-2.7659807351141343,-1.4790818225136975,0.9439817187509163,-1.709114749447124,-2.171857124712184
-2.6924466267929734,-1.656928897179699,0.9509652653045717,-1.4673412095580247,-2.163748013416887
-2.7100532726233744,-1.5791179709736827,0.9862772375980005,-1.5067719443051264,-2.160697015122145
-2.6365742951049023,-1.6548189605047916,0.9817357303240385,-1.3320480871256983,-2.155627828013234
-2.65095405381559,-1.6066805243596103,0.9958804670439019,-1.3473584986873208,-2.144384129728483
-2.608843188397607,-1.6739589690571086,0.9944748875544777,-1.2355336125949141,-2.137540322940497
-2.5693250306024322,-1.7662027037246815,1.0113842793126984,-1.0643695881170785,-2.1505923152465733
-2.5272928132300168,-1.814381825721593,1.022884686355988,-0.9255919670931386,-2.149090828635595
-2.613301730371168,-1.567136806019483,1.0388079552183764,-1.194069687522595,-2.1440959754447677
-2.6782828783283277,-1.499908490291303,1.0251972630787145,-1.3762844100139906,-2.1697455069767435
-2.7589198494588025,-1.3943475396289202,1.0084190973072633,-1.5603456964652043,-2.171439321311615
-2.770212722450041,-1.5002459336054776,1.0115065645344123,-1.5301768783645544,-2.191241724250037
-2.7672042024772527,-1.5489827828673348,1.0255432348544535,-1.4591889648361729,-2.183589722875373
-2.736920154577159,-1.608855790082239,1.0121308012247698,-1.3930741271970637,-2.181610901114156
-2.7464692749306425,-1.5692807863425235,1.026054833409793,-1.454475585310485,-2.181577124017287
-2.7189593372228495,-1.6337157748415476,1.0121383763074339,-1.3880331502703462,-2.174435996429855
-2.756190745824633,-1.5353737414395587,1.0089165486602973,-1.4880905518721907,-2.1789609738914746
-2.787633691758763,-1.4820581575406861,1.0251321704098397,-1.6087374746191792,-2.19702227572254
-2.828987410643875,-1.412699429771459,1.0337937525362142,-1.736938897286567,-2.204399573674607
-2.8001705220396507,-1.5847742623235521,1.0110238522771446,-1.58375402367028,-2.1923525432996027
-2.7826271580357784,-1.5714966196766536,1.004134924919504,-1.5617327348388415,-2.1998067686505802
-2.7437108307305045,-1.6719555879279338,1.0002255690686075,-1.382685610044879,-2.2086939963348873
-2.665489894463706,-1.7617718208197137,0.9955126804667982,-1.1870310614839261,-2.1643749221748734
-2.680713319124858,-1.6405461923428677,1.0075858116400216,-1.3143482021749415,-2.1735864028421052
-2.6941580701211545,-1.5799451674585723,1.0237973870624932,-1.355659158837954,-2.184173219837245
-2.729376192312276,-1.5195568007247025,1.0257596866519214,-1.4480178892208386,-2.200005714089565
-2.689676960048147,-1.6539135239462925,1.0153316133092267,-1.2337487410606465,-2.187371935997979
-2.7617090666684883,-1.483681494298957,1.004243411813121,-1.4826427730597282,-2.1903237344332687
-2.81053015626338,-1.3926606652000386,1.0182583199597974,-1.6954742391553748,-2.1897405454846757
-2.7891792830082234,-1.483139800968914,1.0320964692487449,-1.6260404896735354,-2.1817704339282393
-2.845094909993528,-1.4340630105855745,0.9970342644320075,-1.764281926880344,-2.1972311384358183
-2.7847712507792033,-1.5958481336282146,1.0052587529227317,-1.5818376807507009,-2.183160138291568
-2.8087525847585786,-1.5207634847338731,1.0147162696465373,-1.6399927854876275,-2.2044221996992803
-2.827716442433602,-1.4312180856684715,0.9813294426002571,-1.7469576501259727,-2.200662560357584
-2.8502502686158433,-1.4228894421314828,0.9768957228675287,-1.8145616829444606,-2.196466370287923
-2.875283197757288,-1.4133120856622519,0.9929061537051078,-1.8751314317554169,-2.217402288185575
-2.848012646206406,-1.5084076430143076,0.9856141753209111,-1.7758313724406043,-2.2127085894131415
-2.869932958020881,-1.466500152363804,0.9636939398366892,-1.8499423849375434,-2.21223875397398
-2.8593794053464245,-1.4696126027012426,0.9668608038108976,-1.850083353473873,-2.180167886416593
-2.7719114942681027,-1.6366554221312062,0.9671751757299291,-1.6066574143033345,-2.208217245344172
-2.699875803929135,-1.7499225821213276,0.9652101343440797,-1.4225192465036374,-2.1984117018899836
-2.7210687398863116,-1.6176275642403888,0.9759969418026658,-1.5340730765289359,-2.1806211477568342
-2.7398718925763306,-1.5514187846718581,0.9625297987870162,-1.569239779649465,-2.171869845178537
-2.7270944951281075,-1.5604832773284787,0.9787035220481902,-1.5666846674364463,-2.173380233279735
-2.769108526802508,-1.4610402819016315,0.96665206340243,-1.726989800633947,-2.1636784335236863
-2.767767770700072,-1.4713913725234484,0.9909685706796759,-1.7360615788341236,-2.182365715557617
-2.7388254995138688,-1.5492282489269995,0.9916508638126874,-1.6367660255190564,-2.183164049767477
-2.7528330768225873,-1.5953618704870502,0.9857179178710004,-1.567327541796075,-2.2091477864106426
-2.73518208692235,-1.5672579706560625,0.9883187266471695,-1.5654735605027719,-2.1891446089727964
-2.7751316767609,-1.4955014561068236,0.9768070574645797,-1.6540041624108066,-2.2006308142981865
-2.7649739433318903,-1.5069867710312954,0.9807946969549509,-1.6497174244241357,-2.2112086592134905
-2.745939931162383,-1.5307504916594639,0.9797046794338762,-1.6179239569380477,-2.209545584767411
-2.779576218333306,-1.500347372520173,0.992123748489895,-1.6773783097564663,-2.2109970014090807
-2.7761020179868297,-1.5062970972544238,0.9957840282068756,-1.7164963591512787,-2.183731023178589
-2.808537010786507,-1.4366799408647735,0.9747134429443638,-1.8142831074334242,-2.1992716092307227
-2.733169242056511,-1.6717497571126458,0.9822497816433596,-1.5439761688217253,-2.2082339027055435
-2.749256010737812,-1.5600513591542076,0.9930562818108235,-1.6193583219313072,-2.184541830979983
-2.7727803454780164,-1.5740560701588113,0.980344153323766,-1.5875176252848797,-2.2112069558425405
-2.696333861084696,-1.7052341094922983,0.9822851014631887,-1.3547130756175882,-2.187333894547002
-2.715818894740018,-1.6113707731627493,0.980820891792482,-1.4319048827122218,-2.1851236973276458
-2.750251894301912,-1.5477342678552914,0.9707106011493796,-1.5153621702986628,-2.200091464098061
-2.751965583561042,-1.5529086205265863,0.9881673336102744,-1.4749138933484698,-2.2012921207974507
-2.781001241780971,-1.4802537299136618,0.995361381001808,-1.601969835444618,-2.207214013541823
-2.7444237126007303,-1.586496323097964,0.9947875470112622,-1.4975422130513392,-2.203907944307362
-2.6938260872901356,-1.688002241267902,1.0102679153331768,-1.3365638736208019,-2.1867041600494757
-2.669193492989797,-1.6783585917241053,1.0064251896846428,-1.2775443410796963,-2.153916588149334
-2.665274755289026,-1.6817476609722797,0.9984285921368883,-1.248119474815591,-2.1632279082876935
-2.6998364853028383,-1.569413666618645,0.9884492597475141,-1.349948871708887,-2.1800014349203876
-2.738230183991169,-1.4792938503017998,0.9885429467366769,-1.5345124029577706,-2.176641793482966
-2.7878459194874106,-1.4699076606824357,0.9994181335221358,-1.6169586253160537,-2.1775310376307537
-2.7518934413426095,-1.605242191175489,1.014603703133023,-1.4420780013359866,-2.163844483498982
-2.722388563383126,-1.6577447845924769,1.009135155432037,-1.3921242362336097,-2.1655104124685556
-2.669708800425263,-1.7477334241434987,1.0139814664465063,-1.224466735892899,-2.133338011457385
-2.6957088259200734,-1.6221177648122718,1.0065983355799695,-1.347918973939674,-2.149725106913091
-2.655992920754253,-1.6768200751289961,1.0175098989806577,-1.2422739696763305,-2.1622606353950604
-2.6700861462500205,-1.616769874222175,1.0242284063671898,-1.2783226143445572,-2.1679087522795353
-2.7341730357285257,-1.508808762903965,1.0266319579109116,-1.4322088839171405,-2.151491215847805
-2.769395969265401,-1.4871670495182472,1.022395127679518,-1.5240292570718892,-2.197708122575704
-2.7509635445282417,-1.5832369010722958,1.021055079393726,-1.422726077332328,-2.2031971017609595
-2.707621069289701,-1.6230923650700642,1.0311843119770054,-1.3236432486833691,-2.16130538747256
-2.7407845793974763,-1.56039645804824,1.0203428468373152,-1.402125485520958,-2.173322243142059
-2.7282715146185677,-1.5564382242201817,1.0139538471000091,-1.4486541786802671,-2.168150662555769
-2.692177087863177,-1.693666795547607,1.0024994602852033,-1.2669822033180789,-2.1543339707144393
-2.725378360005398,-1.5623661543252165,1.0119161578388889,-1.4624014512964023,-2.1633960410081343
-2.7348600056434247,-1.555952569390798,1.006634702751125,-1.4364732657832555,-2.1590415305718227
-2.733602049317647,-1.5737516506698075,1.0149161037209193,-1.4119271287519435,-2.1417698566058676
-2.678932944889464,-1.6610047920434228,1.0206693565292948,-1.279393502068255,-2.1549534428069212
-2.6726181671700218,-1.6651119569467039,1.0190420723589413,-1.2565094022131382,-2.17215648654021
-2.663968065552468,-1.6673598842834656,1.0256649609157915,-1.1976554160594206,-2.1672743605936904
-2.6386174320186693,-1.6940120123023694,1.025727484276924,-1.1117714100686513,-2.158017494694099
-2.664220336921991,-1.619285713058287,1.024746108302116,-1.216260761944371,-2.157832865655644
-2.6548932305011084,-1.5965927949125833,1.0305319512274898,-1.2272825625478683,-2.141429408975031
-2.7233394112178075,-1.4843300013443252,1.030725078701919,-1.455515527365837,-2.1641958549638147
-2.7693834511025006,-1.4077667844914907,1.0342283184810603,-1.6304213065163473,-2.162048990657238
-2.7428063675245133,-1.5663366654624276,1.0357634052353724,-1.485078321137848,-2.15793585807802
-2.6872556448868226,-1.6858428062882678,1.0352989279523603,-1.2928180001297909,-2.1640509609603056
-2.7209180679835274,-1.5376741233117859,1.0333029278698873,-1.4388634143450905,-2.1520418004066157
-2.7669089639476407,-1.4047780884581156,1.0186149528010207,-1.6318418412767608,-2.166239925843959
-2.8212427957709076,-1.3783061983207665,1.0183871152769535,-1.7702260683691138,-2.1727416411149902
-2.72869824550838,-1.6445154888804385,1.022123969964091,-1.487302427190931,-2.1740922160545524
-2.6846276235373185,-1.703747204836825,1.030832962910167,-1.358844145130066,-2.1750108756362527
-2.6173510690053856,-1.7865305516823473,1.014961147595164,-1.1736955970031109,-2.168559730243935
-2.678974690076357,-1.6148412414118656,1.02185822924546,-1.3571849971668621,-2.1660210427565176
-2.6786936978179274,-1.576364948382495,1.0096312088176753,-1.3934336115811856,-2.1866528621595895
-2.7034341193393874,-1.5626672982703904,0.9901746275694743,-1.3887550346682769,-2.172850039337758
-2.7177469237722756,-1.5420212146101027,0.9980473223045722,-1.4371142076163235,-2.173832024045552
-2.682014866978227,-1.6522110682180464,0.9921777022118439,-1.3288419548906198,-2.1748208614179076
-2.677711454075842,-1.6110811912055008,1.005210902277008,-1.3904021505184891,-2.1629602237715746
-2.6364709338546195,-1.7408057322780193,0.9931216862990918,-1.1825828912181287,-2.1686659819025547
-2.6605921619320005,-1.6421323623004453,1.0174610055874447,-1.290725079160746,-2.164033007811569
-2.7083185503718163,-1.5654417193481247,1.0300066356723647,-1.4017529191622524,-2.183840275562984
-2.7465195431462734,-1.5166860166684142,1.028344724300512,-1.4836196065074285,-2.1949270167525943
-2.7457775430389884,-1.596177863492124,1.0130985382823576,-1.4066221624567674,-2.1949597201806585
-2.7854393867585143,-1.5028222070688597,1.006160823533766,-1.55521687778991,-2.182421351889591
-2.8072971804435283,-1.4772527443052215,0.9962754460509159,-1.6276542478239784,-2.1911349776951528
-2.7619752347132067,-1.645279119056923,1.0090985907558148,-1.4224201841465771,-2.1972071877399975
-2.7147249907348927,-1.7323724125148199,1.0136632772089806,-1.2574280211452453,-2.1933251140177266
-2.718809866372904,-1.641879217121498,1.01790584788949,-1.3363549922001987,-2.1806737326132604
-2.6977325583186715,-1.6588854005074156,1.020813369997899,-1.275369136715425,-2.1655043353676806
-2.6492086217734228,-1.7241837317285371,1.0040727269465388,-1.128399766573929,-2.163190875689319
-2.595230821599777,-1.763021576479098,1.0144511417681306,-1.0126432491311799,-2.1526597570217576
-2.5737617488413607,-1.7590889523580362,1.0123114378965024,-0.9480013963580196,-2.148297989967435
-2.5845068150566375,-1.673800870354381,1.0251489718792492,-1.0284354608548862,-2.145731779315837
-2.644779676551103,-1.613732450582044,1.0467354241988467,-1.1563847534595875,-2.1599345847844122
-2.615926175505253,-1.7019476926896757,1.0525174452939536,-1.0743421817247918,-2.143675649822503
-2.701837932509895,-1.598175983122018,1.0468399792516774,-1.2460327920878562,-2.170224932942021
-2.698046338842315,-1.6577517465279126,1.0502500554821832,-1.1891227059724323,-2.1758946861362793
-2.690264330689935,-1.6785377991554067,1.0338041979944035,-1.1378337688406213,-2.1661472228103302
-2.6490153111153076,-1.747772587616709,1.051595029142533,-1.0708964791058253,-2.150433195111033
-2.70469568304485,-1.6134223944706454,1.0575318340079432,-1.2517926767737237,-2.168975860344337
-2.768716290272565,-1.4793803605544784,1.0480366398134733,-1.4799099459225575,-2.161306433875211
-2.791035747924611,-1.5407519035366142,1.0406982750426768,-1.4663100158278453,-2.1863326269193655
-2.7374133346412632,-1.7096019252107713,1.0307574710000231,-1.2562831997643544,-2.182377022192455
-2.7018393519728323,-1.7381109986883811,1.0466648183702654,-1.1661510556689516,-2.164694522115574
-2.6520218455267415,-1.773993192007882,1.0387680362640201,-1.0612156438588378,-2.159040267055398
-2.6977589094945427,-1.593763599183039,1.0623773060534603,-1.278377244403918,-2.1591696929459383
-2.628635679282209,-1.7241140287051735,1.0565970177109476,-1.134996343593627,-2.154808536335639
-2.7019438972687726,-1.5267131777753418,1.0544756299495839,-1.3968497796546309,-2.160407292813302
-2.7211418481552063,-1.524080900618783,1.042478127527273,-1.4514677483444185,-2.1918570184087507
-2.7301452026711988,-1.5667338149981667,1.0382185643428516,-1.4474284824987256,-2.193863476583404
-2.7961260103437153,-1.4759940681734691,1.027103025791984,-1.599862175721965,-2.2075376382485548
-2.727398159811213,-1.6887220890620738,1.008112043967655,-1.357517343555435,-2.2082330252556934
-2.7578977580471107,-1.5702232865081955,1.0233416475415795,-1.4714003437627263,-2.200496530160801
-2.7055643811596766,-1.7039016836591983,1.0177321764016756,-1.2765788702113077,-2.186402613877471
-2.76432684253867,-1.558369899320838,1.0177984518070369,-1.4675118818400779,-2.186084568779837
-2.7581964897085007,-1.5761712382399191,1.0013131493958631,-1.4601501850907281,-2.1826391766118847
-2.6936825967833338,-1.7178093500220732,1.0013094160341516,-1.2619017527480192,-2.1810802283785593
-2.7530764789982376,-1.5857839579296973,1.0312135015611759,-1.436131268546603,-2.191855130994915
-2.6839518234108666,-1.716875320736588,1.0227391712069827,-1.2391924327015913,-2.171757956284468
-2.614254677035942,-1.770086463724223,1.0205584238587329,-1.089449482476865,-2.165368882631547
-2.668503661078476,-1.6217518028356315,1.0353904241727874,-1.2787800023329539,-2.148415682791661
-2.69818349008624,-1.6223452810505758,1.0196870889334415,-1.3094710459678138,-2.178926759665762
-2.7495479450004003,-1.4874267860443187,1.0096895555329581,-1.502452922269056,-2.172395797453799
-2.7789645493069424,-1.5074737823052853,1.0149515210955211,-1.5392776920278746,-2.180722632770367
-2.792339128838851,-1.501759635113554,1.027167799950453,-1.5758535325715375,-2.1949566134737517
-2.7597407986531675,-1.5990954323869262,1.0106856574933856,-1.4686299559250167,-2.188675445335762
-2.714047834834246,-1.7053838972018611,1.0166975393153794,-1.2783992267416167,-2.1898545211247034
-2.7774026681729165,-1.5025193276980333,1.0238733442491972,-1.5136930807761697,-2.1886782465192773
-2.7299455238081514,-1.662220581929628,1.0246917677282221,-1.3255733199678013,-2.185902418265407
-2.707466645365614,-1.6288538988227583,1.026948757248962,-1.3520267194526792,-2.181657664641547
-2.6884858886397174,-1.685114793682896,1.0137821970180294,-1.2479674388882773,-2.1811372203789277
-2.651357902655339,-1.7045900992807455,1.0313581731212738,-1.180250914176051,-2.1776433002753253
-2.6753517060968384,-1.6185650018561524,1.031617509134262,-1.2478180203871982,-2.1671815047205105
-2.7430802258256004,-1.5128641204190347,1.0433800625287766,-1.4013206409702141,-2.182268310900562
-2.7903713624829196,-1.4686100922828844,1.0218082919835818,-1.540417206246472,-2.2062173674491374
-2.8245397469804745,-1.4170835830774025,1.0122367675615587,-1.6837124299039412,-2.2048070389511762
-2.782341964579823,-1.5477751085509721,1.0078344475841179,-1.5383942960841415,-2.1847352815849503
-2.778357516845767,-1.5897518624666962,1.000032399612862,-1.5054757881740433,-2.2095332122335183
-2.6960683934119496,-1.755968991353685,0.9872384453814567,-1.2656144381935672,-2.1817194393948034
-2.707596441653416,-1.5962117014816055,1.0185698939664516,-1.3718486009695268,-2.169609415781164
-2.6889753793615814,-1.6534077564318201,1.0081612681733814,-1.310377345293407,-2.1569274888207612
-2.6955256898191386,-1.6053589068801875,1.0238189151389434,-1.3275926412542256,-2.163083964531991
-2.6482253166116934,-1.6873641236058952,1.0068414527986902,-1.2251663671225017,-2.1620918301395684
-2.71565076680972,-1.5514060545510244,1.01712348378638,-1.3982582057541006,-2.175087737619499
-2.7491860362978664,-1.4805706411643966,1.0068345359220596,-1.546205022650463,-2.163613153050167
-2.7978964329311498,-1.440112275755305,1.0062101848023062,-1.6861211300881718,-2.177634578834194
-2.737843191295853,-1.6546411938189611,1.0033420997829126,-1.439069816748683,-2.178470764309454
-2.7998067748948685,-1.47565186597029,1.0061821665001518,-1.6314420762934587,-2.1909020873793796
-2.7488507502283452,-1.605938500643739,1.0126624444032155,-1.490652975739098,-2.1958219280518287
-2.69949390203861,-1.6706316157278822,0.9870180202138641,-1.4272254332436585,-2.1905838666061546
-2.6715684122592105,-1.7336971980127227,1.015127047755272,-1.300618073768706,-2.1921475760538773
-2.6320175317472745,-1.7598925950794375,1.000085181028523,-1.1990394558293775,-2.1878597217409457
-2.6718841498947308,-1.6532902102045035,1.008830804162266,-1.240569422986786,-2.175215260353884
-2.6379648324183362,-1.7007832075935654,1.0062963759360974,-1.138986639520234,-2.161463450725092
-2.648786381230942,-1.6840560097210309,1.0200268725491008,-1.1545255904328597,-2.145651723100082
-2.687503577816102,-1.5980671675495715,1.034363635923495,-1.2495985256605244,-2.156428980229787
-2.747642999379544,-1.49225625300296,1.0335704129823875,-1.4124102310796505,-2.172854164746755
-2.8048434383562,-1.4845559526120495,1.0227787399561068,-1.5123342024498583,-2.172556192105957
-2.8239607647679614,-1.5111322606149493,1.020426645952174,-1.5357896223052365,-2.197870182954883
-2.7708300986272563,-1.6411128013873921,1.0295184047980515,-1.3844237256105305,-2.2019585879514314
-2.804804820363299,-1.5206021558687688,1.0227571364081767,-1.5154573078250966,-2.202302624313111
-2.7357763847199763,-1.702770194769211,1.0157602991849266,-1.2966161776207323,-2.1900408950616503
-2.6841198818587904,-1.72376410056323,1.0121295376822852,-1.2027046829152725,-2.194692165745801
-2.646357742052849,-1.7858287633059224,1.0068589897800533,-1.043839158179928,-2.165620790467681
-2.672591086991388,-1.632952876430375,1.017157656368455,-1.1831242735441034,-2.14631124517866
-2.6660598219659395,-1.6411050092042676,1.0192308122581994,-1.1763060241197594,-2.1482462845462726
-2.7029817117264754,-1.552345590549205,1.0236669121246933,-1.2707567057493454,-2.1623400374698907
-2.69620032379087,-1.591218152896802,1.0247556177541801,-1.2259016689784277,-2.1633296390061707
-2.7080922335180726,-1.5987662901135793,1.0229067947048867,-1.2227496381082923,-2.16409230759913
-2.7145833959409185,-1.6111669251794771,1.0323231885713506,-1.2230157889113873,-2.171095337983921
-2.660207815116527,-1.7407894537504058,1.034076909122785,-1.0456728256344303,-2.1573090521187366
-2.6532686859976065,-1.6769896646930396,1.0407251290686572,-1.0955186092650897,-2.1523008933333427
-2.6978735730222154,-1.5804274222550312,1.049273518215055,-1.2127992455956629,-2.161700162080214
-2.7012335446986766,-1.559634320532568,1.053521103964667,-1.2632552964958568,-2.156598455246969
-2.6666631323551058,-1.681736807901354,1.0345840258985988,-1.1164711465804713,-2.1553698536215546
-2.7017078863984128,-1.593718396794428,1.04204260001004,-1.2317200967817705,-2.1846185869042296
-2.6870664214947855,-1.664372091187318,1.0544633487452735,-1.1703740060173429,-2.174097813001284
-2.6205632330510555,-1.773551086235217,1.0488533440733958,-1.007658792785093,-2.1536500671239263
-2.5874274130411195,-1.8063579634057936,1.0538217429477874,-0.9401508971358541,-2.154064854542746
-2.6227351400211245,-1.7035077340343656,1.057525439737808,-1.0075451470912224,-2.1373442610280704
-2.6224882082487073,-1.7145043609096788,1.043915191148043,-1.0179130848725302,-2.13641288398357
-2.6923771216469756,-1.5939678387109362,1.0595629947457863,-1.1790944296754202,-2.1430083968345746
-2.693205222676247,-1.6752203320522507,1.0683563790940178,-1.1265592117438732,-2.1646764204285365
-2.7202966645045334,-1.5721533936320966,1.064778430248374,-1.2935573548234083,-2.1720266578995044
-2.7255868044210465,-1.6531519556322414,1.0662121837532255,-1.2323024026134524,-2.1757822541147656
-2.7519555780825122,-1.6031263428334372,1.0647399716104053,-1.3221460579644093,-2.1831927031762537
-2.7855145597036524,-1.4995594046014435,1.061491106016922,-1.472861346422699,-2.181691632878109
-2.774315870249696,-1.5898613241042507,1.0590930123334867,-1.399092051022666,-2.1765316373061414
-2.7016490441245065,-1.7511895309272982,1.046292255082071,-1.1979440066662974,-2.177256678864126
-2.727115189180164,-1.6901986201000128,1.0485555084860316,-1.2424909861393723,-2.1997479924847485
-2.791318466253389,-1.4977481465216107,1.053194021846636,-1.4793852284279871,-2.199428286882242
-2.845441358706233,-1.406978118291001,1.0392586063412947,-1.6535380118021092,-2.19758373762026
-2.778615594384774,-1.5780547946166708,1.025098794944078,-1.5107836081834798,-2.1809514727094412
-2.796854564113152,-1.5121865483843195,1.0379204579558878,-1.6219809149209625,-2.1731990845574902
-2.7585365227781304,-1.6033144934167856,1.0540146333636726,-1.5260700672328376,-2.181046185843729
-2.7127904374391196,-1.7085209337990277,1.0268515729954237,-1.3676756045056648,-2.171203177692232
-2.7374491033902286,-1.592127808648601,1.0167128818334872,-1.4326195713287233,-2.1708373025348813
-2.734844774490662,-1.5786855653394474,1.0108562942050472,-1.4391307001213887,-2.1671900229369774
-2.726288310361232,-1.5983463020690578,1.043489569955306,-1.4615252648571124,-2.1685914507317676
-2.7612852695092838,-1.505439149164005,1.0437494032776082,-1.6114104096928876,-2.1805984011954402
-2.7320606769687292,-1.6019364509918705,1.044259307084438,-1.4981466974984639,-2.1737698360765068
-2.755891337002563,-1.5756778715553055,1.0647495775421711,-1.549550476936336,-2.1971005100321017
-2.7396883887712553,-1.6505794952243134,1.0444204795623817,-1.4877546994546584,-2.1889456954299753
-2.639792254781283,-1.772794253183187,1.0446843965478545,-1.2716163933854767,-2.168708404558247
-2.6587134296896386,-1.7393534235262882,1.0503170660390253,-1.2400090694484613,-2.1808612387367634
-2.7080604293682344,-1.5439157695727967,1.0449835270436068,-1.4823451264281358,-2.168644090780375
-2.7382284510955714,-1.5911147842731608,1.037025174781164,-1.472134851704244,-2.1782971816062138
-2.6951316161363836,-1.7185258809897426,1.0384322469809235,-1.2904887762505233,-2.1616212648887925
-2.714480621534763,-1.6175704469358907,1.027986179399731,-1.4045165746902404,-2.154181215830895
-2.767280958061865,-1.4654026320601106,1.028847884289264,-1.6146773185395618,-2.1873037669058335
-2.829966749498858,-1.3983564679162126,1.0282540621037517,-1.7469817526615736,-2.1840355808382026
-2.8041205762030064,-1.4717101936913144,1.00958880852894,-1.7272129281845225,-2.2071997829874066
-2.7792841123966188,-1.5871038345229707,1.0074577240542786,-1.6170767220433666,-2.20381640805347
-2.7915540552485854,-1.5980261175727342,0.9912777779923535,-1.627626665377675,-2.204254310275496
-2.8068972949789828,-1.4852324711077054,0.9811277985807764,-1.717087916940491,-2.203664601664941
-2.849604036620853,-1.4345985611586778,0.9994289622120941,-1.8223797240068886,-2.203122919838828
-2.8684470590547417,-1.4152049288470923,0.9854426333184968,-1.9005068930832683,-2.2165784952324437
-2.8462579317372176,-1.535059755452319,0.9989303883809002,-1.798060028105699,-2.2092210026533934
-2.7725536275735148,-1.6751025165537345,0.9933686129435835,-1.5606703127175778,-2.1812129780577716
-2.751783142240342,-1.61161150310743,0.9752808676013234,-1.5387376393082237,-2.182092979710203
-2.672794339664615,-1.6893083321129303,0.9785866233894776,-1.3626408876265577,-2.1681446423612214
-2.609230199153856,-1.7726176404699918,1.0009200282886557,-1.1790355840393527,-2.1581360094686506
-2.6307086186884203,-1.6909119940192678,1.000540842261921,-1.209032786791419,-2.1621230122407233
-2.651376213600734,-1.5991243049604602,0.986102565716118,-1.306779440892125,-2.1702721291764235
-2.71750445738455,-1.481917377260847,1.0001461611342495,-1.4849777445190442,-2.1821659784817298
-2.775119703678932,-1.4431842960861916,1.0129327122097234,-1.6041605524801599,-2.2089732607330874
-2.841761352068489,-1.4020881717112625,1.0076715328924162,-1.7536372424458995,-2.2084732707308037
-2.868026498064154,-1.4055027553295547,1.0167870443281106,-1.8083830563386754,-2.2162813566276056
-2.881929626568839,-1.44059579044467,1.0083854565999293,-1.8197655111016788,-2.214241894282742
-2.776378847566557,-1.6611266901106352,0.9741027344519009,-1.5252550168470353,-2.2126416555021637
-2.7691171521949234,-1.6171424377887624,0.9773470737765648,-1.5434604518630977,-2.1944860022498833
-2.7050594149357043,-1.7303801135972225,0.9779196517182696,-1.3400415812675448,-2.193944969803845
-2.6429491565284535,-1.7909191931616442,0.9957449184441736,-1.134330488463931,-2.167429947737457
-2.5909255369817408,-1.7819764773650928,1.0057827383173035,-1.0250246690157663,-2.171236010538487
-2.6217351276591367,-1.5882374136602626,1.0189873225632426,-1.2265426670320747,-2.1440415915969733
-2.6824218957676202,-1.4962297971569456,1.0477747210894182,-1.3463866518781626,-2.1705925823863135
-2.7659389153020655,-1.4103231784994663,1.0350067061034016,-1.564160351532543,-2.1940590775291047
-2.837396744682972,-1.3460844908759593,1.0234740567865501,-1.766772760660816,-2.1968995806868543
-2.879320334053947,-1.3437211654219807,1.0210563048864005,-1.8963170300975223,-2.2150399450338347
-2.819532399095831,-1.5967476347983764,1.0383975203195857,-1.6547567489104669,-2.2033650958712725
-2.8302421477276867,-1.487222997924638,0.9993261444368929,-1.77658007588875,-2.1964151335962505
-2.8584883479630614,-1.458265534271447,1.0012614123556098,-1.8383365503957614,-2.1979301027054072
-2.8867668034057115,-1.4043113748727556,0.989572269829564,-1.919677674740961,-2.1994157264108516
-2.812069700944404,-1.6152989736907606,0.9814647327094402,-1.7033807856184418,-2.2144668308193785
-2.7288837104095007,-1.727688095107509,0.9912205628262779,-1.4541488297748861,-2.191454584326691
-2.7459594207489633,-1.5295894699054393,1.0106310716278595,-1.6382593732634056,-2.1901443032934793
-2.696154271132002,-1.667888484148902,1.0217146503232164,-1.4530324208263092,-2.173201172363391
-2.6688778038424257,-1.659570927066617,0.9963277379181046,-1.3811990215560868,-2.1575903568696577
-2.6680356951351865,-1.6258894483899455,0.9965042336598469,-1.3645763489941287,-2.1632345945805453
-2.6249482542436735,-1.720046850861122,1.0090254778283572,-1.2037476103537994,-2.1620600736787523
-2.5719638220243612,-1.7979743666349384,1.000980096670151,-1.0168631158346886,-2.1450750400514926
-2.6713591872412157,-1.5592752141065034,1.0166904098094058,-1.2839108501143315,-2.147729489300599
-2.739206718558238,-1.468829632958631,1.020153090646405,-1.491461937615023,-2.1745195409283595
-2.7946655496769677,-1.399644209356912,1.0161599857049812,-1.6775801655071472,-2.1754157094470785
-2.7810675081167466,-1.5524289092495045,1.00534473390595,-1.561643242402623,-2.172698045129063
-2.729669931494566,-1.6449781418347558,1.005557853784005,-1.399687659457023,-2.1704180331818708
-2.7082272220069137,-1.6491689277350747,1.001321368421286,-1.36141537229981,-2.1691674198287
-2.693363170199005,-1.6526925886664305,1.0218173933500234,-1.33047808465121,-2.1815439291946004
-2.6272132248036217,-1.7668238982286923,1.0282814291570221,-1.140589553028008,-2.1501494047911005
-2.6863740763147956,-1.6116941388792758,1.0424454110582269,-1.3190158621969466,-2.1594660225001223
-2.7605266070567613,-1.4466104868638472,1.0292071139526062,-1.541109708060089,-2.1605057249518
-2.766179421474001,-1.494641593191268,1.0265300282531504,-1.5483889398359716,-2.177509554754982
-2.7602419877073565,-1.579643097176984,1.0154208831594416,-1.4736793708921572,-2.1972269215459184
-2.7488735932578408,-1.6197843623076569,1.012356064864384,-1.4161003765971951,-2.1840927244216597
-2.6969815875764804,-1.7329147709578798,1.00545127089822,-1.2357514232698448,-2.155746950605382
-2.6404111141319673,-1.7369713994235063,0.9945721486139167,-1.1512285297706186,-2.1525789531941935
-2.643659505695201,-1.6732172729569,0.9936344608054238,-1.2122951202423424,-2.1512584330537523
-2.6312905443380936,-1.6580501907067093,1.0173024709430099,-1.214215269401855,-2.139745943696748
-2.665144308485114,-1.6066857486871629,1.0289700610075239,-1.2579850587520023,-2.1401215009713237
-2.731355613109562,-1.4830762908650592,1.032405626907738,-1.4516236915213345,-2.142966096226461
-2.7057420858784873,-1.6107144910447118,1.0320336707253768,-1.3469856768490276,-2.1429484542995296
-2.6418853556109974,-1.7292151927943693,1.0532248999545468,-1.1462094864556949,-2.1160973268245806
-2.5845481129195025,-1.7939648763027127,1.044728169345512,-0.988406701569833,-2.115213812027947
-2.5512687293050695,-1.8192836741562157,1.052723233502753,-0.8934368808266642,-2.1233104520694503
-2.607141951354309,-1.6970124605283168,1.0717192825295634,-1.0222393309518336,-2.137452758872314
-2.678737160351128,-1.5539268712157455,1.073956109972231,-1.2491779728101304,-2.1520562234322225
-2.755962577719104,-1.4544050495790979,1.084096412862151,-1.4414505568766813,-2.1687766904718737
-2.8035884418858066,-1.495196546640743,1.05280529084541,-1.5061463297327486,-2.2017090990817088
-2.7914021759643286,-1.5635113009275712,1.0696573771704303,-1.4827134286074721,-2.1895682940554013
-2.7443638832415447,-1.7001404649281247,1.0590493788625108,-1.302032167689072,-2.1886640439163902
-2.736285535638818,-1.6893529549074677,1.0465545859854488,-1.2644497213465022,-2.1683561948547925
-2.7095180236139926,-1.7068543001196985,1.0374275833402722,-1.2012250017587092,-2.1793987015404785
-2.7516758223248883,-1.5243141693322382,1.0599147374477171,-1.3976902477019741,-2.1873915556890675
-2.759167196046575,-1.5559158874130952,1.042874853364465,-1.4062998917016774,-2.19752947824146
-2.7152877627231953,-1.6536460870038656,1.044469564075964,-1.2861865664140293,-2.1941507762563823
-2.6899368910899475,-1.688366384073309,1.0146210311433441,-1.224620456416289,-2.1856194664072537
-2.640906715359179,-1.7626405183438418,1.0123135592438433,-1.1124387475148563,-2.195932781967558
-2.703044350451072,-1.5760826455217676,1.0313852013542497,-1.3476373566474824,-2.1894448993462468
-2.6452190977367787,-1.7148025270831049,1.0278695659746206,-1.1674351082733752,-2.1743634356037673
-2.5844136897827323,-1.804695365794868,1.025755672841619,-0.9935435861467152,-2.157432913619065
-2.5605350086374123,-1.7892820131664517,1.0466534289473104,-0.9239680273757884,-2.133538862524487
-2.6212117747622483,-1.5954940695820896,1.070496222108321,-1.1483040269572753,-2.136450007798972
-2.6622738674716513,-1.5862751358282525,1.060109550402833,-1.2025847710031123,-2.1670858689712924
-2.684030068847246,-1.547016836645722,1.064727507661653,-1.3124061325237242,-2.1865805141186048
-2.6909278242201244,-1.6321135831167128,1.0609766750955967,-1.2712623205868718,-2.1959591797609006
-2.6366227567813607,-1.7495550390526626,1.0519541804855765,-1.1088142868970328,-2.1783481487576672
-2.6936812289722454,-1.58886678224739,1.0510197493431035,-1.3347596494083334,-2.192360543684852
-2.6723848701681776,-1.6925594876186967,1.0260685870343877,-1.2337230207142547,-2.1633230640351315
-2.61153298932575,-1.7798765512671142,1.0255817762872608,-1.0558890352885724,-2.158497505424477
-2.6484981002231986,-1.6704749189827868,1.0311098965535652,-1.1568415081234058,-2.1599977441954206
-2.5935426795451137,-1.7586914658150163,1.034209544522083,-1.0128874072383691,-2.151963925107621
-2.564830809270174,-1.8034330421590516,1.0156344525035774,-0.9019170099489345,-2.129404266323679
-2.625276279657806,-1.619279926570791,1.0271221163874005,-1.129923235968798,-2.1395670548948296
-2.6488670204455738,-1.600652159350485,1.0445569048105046,-1.1997433213707167,-2.1557328270311555
-2.650535974906825,-1.6756561606753657,1.0378709776010515,-1.10276864467339,-2.1696493705131963
-2.6613458867340034,-1.6787751173400138,1.0264709905474683,-1.0877620742561436,-2.148631120323961
-2.727981484408037,-1.5502067453298414,1.0420732547597877,-1.2437529585813227,-2.182104561132917
-2.677092729484488,-1.6916247783461007,1.0467879664369009,-1.098795004296341,-2.167614851999111
-2.6297358157403554,-1.7768496718239177,1.05252123403657,-0.9796398626689096,-2.139115955722435
-2.651381034216191,-1.6670190245629206,1.0673167086180064,-1.1063310010579102,-2.128878890294784
-2.679204915642729,-1.5975323013150207,1.0694963814203673,-1.2097867106255764,-2.1360909547094495
-2.760877987981744,-1.4397657505971408,1.0671555304007265,-1.4478439315520706,-2.1475483914674327
-2.752379350732586,-1.546862852337796,1.0424897735409941,-1.390312116945574,-2.1704418385873194
-2.7118593327697047,-1.7009418543248491,1.0507861845342352,-1.2420218439081216,-2.1632138262359333
-2.69502423003294,-1.661947647149021,1.0654099730520188,-1.3046829349995077,-2.1665919978503876
-2.7061453862682874,-1.5765465392287734,1.057435233987866,-1.3894569014376992,-2.1637680666216124
-2.6833142379661292,-1.692743504636526,1.0503059809504833,-1.2408128267502263,-2.17638127305887
-2.703514170583411,-1.627660411418562,1.0532504183712763,-1.3029917651847562,-2.187017376573202
-2.6663949207447373,-1.71639798103364,1.0348407288467951,-1.1956120919873494,-2.190402071937842
-2.7190625476882677,-1.5504778662510608,1.0349910886674085,-1.38122296819273,-2.1758339080605587
-2.7678196865542546,-1.4797216485022955,1.0514419591737225,-1.5294451207736113,-2.182127324911967
-2.7761059232451117,-1.558751922339391,1.0199534166464113,-1.4918750765836633,-2.186611662853433
-2.823265355470244,-1.4274805952885643,1.0123553867254451,-1.6799710569387183,-2.1994822908495713
-2.871971412282243,-1.3678170819044444,1.0007919962175023,-1.8221725321165276,-2.189613992824763
-2.8013629110202873,-1.5805530433994734,1.0098851676256542,-1.6125987359467293,-2.1998810482731623
-2.770170768621925,-1.6339440721742993,1.01400963702427,-1.5221207202885516,-2.1961616201474037
-2.7586202451441393,-1.6133543919450164,1.0262206028618985,-1.542733128281396,-2.1867731488975073
-2.6688123905349994,-1.7271073104409096,1.0208617159601894,-1.3298676558234386,-2.182876097438801
-2.6477901668687966,-1.6945205378680794,1.0277277617031262,-1.3126360445528193,-2.1865839778886498
-2.6327893790805335,-1.7076305116587578,1.0172341125691915,-1.2236345808691917,-2.149796732692738
-2.711111307625461,-1.5037287076756416,1.045315604763195,-1.4490542702209055,-2.1621971912830635
-2.7130849424481855,-1.5538342352121421,1.0442188124012317,-1.4293988550818442,-2.1684654964927215
-2.7323892023603302,-1.4870972637918698,1.0438252263647965,-1.5469467486361896,-2.179170301755984
-2.713164644093143,-1.5822863698852663,1.041749922202333,-1.4865082555113407,-2.1846686171158143
-2.684409429738639,-1.681096002935429,1.0179439700513084,-1.2954454754428588,-2.1949313600774905
-2.732211797568031,-1.5388502441029779,1.0198215886160713,-1.4844620958244714,-2.2019812657410136
-2.649954756052055,-1.7095044053187065,1.0184886915966043,-1.2471193837987968,-2.171334698698225
-2.6071094405931725,-1.796981136857692,1.0216243168865051,-1.0715261178973046,-2.193177949007585
-2.6054872373605975,-1.734690445572597,1.0184167130316966,-1.0819807909975028,-2.1745789094854437
-2.641589265644434,-1.6001141531397536,1.008920603979339,-1.2178460547467929,-2.1545197729858976
-2.644397530975156,-1.630663964011865,1.0360973235765305,-1.186219619017235,-2.167939051150709
-2.6034240595877973,-1.7316153272131851,1.0241121807407192,-1.0470276308022013,-2.149084727204553
-2.5975254074590692,-1.7153815147957137,1.0235308081606738,-1.0057004748568836,-2.145660014744685
-2.5768592094213685,-1.749885916347342,1.0334656683118255,-0.9620159435621471,-2.1286598289089027
-2.527474122499066,-1.8157891211086545,1.0227248468338772,-0.8183292310820641,-2.106112178923444
-2.5667963649254912,-1.6849117774852818,1.0472246357758823,-0.9225105172803831,-2.1165353145508528
-2.5598528638394806,-1.7524998522566948,1.0653655223604943,-0.8446870838103402,-2.1225887859649424
-2.5555425353698475,-1.7216788452621319,1.0510726941673356,-0.8565491783692448,-2.124042092246072
-2.6189982172501414,-1.6111022479410284,1.0649616923995957,-1.0262475882395496,-2.1287851330705276
-2.681449832854518,-1.5201263730222803,1.0486582048905342,-1.1896877731366793,-2.141986542297781
-2.6710707328941132,-1.6182106230371895,1.0488297468260284,-1.12934286279408,-2.158928589423403
-2.6652222268706898,-1.6572912533338655,1.047116880189794,-1.121706251709312,-2.1473000091061265
-2.649789080140505,-1.6953771353888358,1.0819070507560908,-1.064905674949549,-2.134342874487253
-2.7144065657659433,-1.5180102096569321,1.0878794783597368,-1.3421091262114195,-2.158912747445531
-2.691475337174294,-1.633245033317034,1.0853503253059025,-1.22970615526643,-2.1544965057734
-2.6605586530877714,-1.6925208878579776,1.073416044656824,-1.1188341630305605,-2.1499977688318115
-2.6773045128205406,-1.6535829464128482,1.0850050579657415,-1.150212266719544,-2.157190583690601
-2.6281577657151742,-1.7243972102566159,1.0692710726556198,-1.0669226320547223,-2.1349210354021535
-2.6032899069116455,-1.7689370703284475,1.0644495048690465,-0.9887580957681544,-2.114137915649416
-2.5474391863713124,-1.8060583549561466,1.0592193688371174,-0.8978771641333002,-2.120393985783492
-2.5850066998502705,-1.6625484637453904,1.0570891684167942,-1.0517885617249565,-2.138731821636403
-2.6225643091024544,-1.6028188266084284,1.054950600755793,-1.1880582672631748,-2.124430423306706
-2.6911237104428323,-1.563233779099442,1.036728124231053,-1.2882612312627608,-2.1411437006052725
-2.739466906384468,-1.4963316208496251,1.053543700427641,-1.4538685477617983,-2.160742720041714
-2.7337500788884723,-1.5982800865167321,1.052637777386063,-1.3793303159693597,-2.180339828037225
-2.7811505207504594,-1.4731458426209572,1.0641118327537276,-1.5647128585690924,-2.189070430125923
-2.8166931148105125,-1.4843021233088136,1.0475658601390254,-1.6397936255126697,-2.20273174724271
-2.8300986484735517,-1.4611535750020304,1.0273781658949253,-1.7375972289891408,-2.191723054124571
-2.8279898246772563,-1.4719522846378523,1.0422695550521566,-1.7933694149902635,-2.1918063886356163
-2.806891531617342,-1.5866007686818098,1.031431303665911,-1.6780973871204994,-2.1810555391983777
-2.765107511776296,-1.680805924136691,1.0008546044663567,-1.5382941334300415,-2.191356553788294
-2.7434881639090687,-1.6669218468770854,0.9977419926731063,-1.4754665492305403,-2.2158640282614406
-2.6704393514560305,-1.7560497343165682,1.0047580843617936,-1.271390783995291,-2.2131699340091715
-2.6516390144326563,-1.697988827769076,0.9996311070691413,-1.2740613559236842,-2.2031024516520534
-2.5976043543260223,-1.7762972416752743,0.9832169334803669,-1.1066140480742288,-2.1802980289713236
-2.5312389315312,-1.8296167176432427,0.9890070544258888,-0.9466391260865666,-2.1466196704934384
-2.6181201159348153,-1.5926506724083849,0.9976494286138069,-1.2213698234658428,-2.153055141354076
-2.6794500050204118,-1.531870635736636,1.0061064597802596,-1.3501752651869492,-2.1810808952016214
-2.706719250518139,-1.5390778799980491,1.0138793606340397,-1.3942774775178022,-2.1755617143420913
-2.72287178123853,-1.603278936096631,1.0066545218576772,-1.301283609255513,-2.1793461449743616
-2.7520902061584387,-1.5663248629646618,1.0223259276304792,-1.3720590699616453,-2.2053460088341645
-2.797590021826428,-1.447793916088836,1.0085254893730318,-1.5354317113986993,-2.199464264697809
-2.8262644882482344,-1.478287231227666,1.0067778427752654,-1.5878336389610723,-2.208266915447917
-2.8302087937635956,-1.4964527512864603,1.002256484806369,-1.6183776334344466,-2.2070059179350627
-2.79197269922167,-1.5658056715128756,0.9952648979557429,-1.5630996770162147,-2.201698789617783
-2.7704519068464566,-1.6251717067325762,0.9841946173185412,-1.4564138012389378,-2.193243941714241
-2.7813321808600837,-1.5561372880147595,0.9965992153926616,-1.537782225755777,-2.1944835823455726
-2.850875151570986,-1.4272266686720412,1.0081186912012543,-1.7108229318397759,-2.1558732470092337
-2.808955186854543,-1.5396510044434775,0.999652076542412,-1.611306295302378,-2.171598984264356
-2.7801140516420033,-1.6027442893912438,0.9917909642692918,-1.5415698317830016,-2.1772857201364126
-2.7395478569534553,-1.6266636193307331,0.9901689829419527,-1.4849187509739727,-2.187075534373044
-2.7209321919036844,-1.6515127465775064,0.9748165536811458,-1.4226424434843532,-2.1758814737630914
-2.7801039229979727,-1.4734963542316146,0.9866622813980503,-1.6311077569035768,-2.1952899199948432
-2.796173879143156,-1.4624824478712395,0.9841966106620822,-1.6858285020146417,-2.2089939504774296
-2.7697864389125417,-1.5430015317440586,0.9935946136013637,-1.6090847425602262,-2.1922942424882907
-2.734824540022609,-1.6082160057694888,1.0092966474395462,-1.5104152745414559,-2.1877978072238844
-2.7127390037445274,-1.6220583266710569,0.9962044258076332,-1.4469184215208684,-2.178952596569598
-2.638315048489438,-1.7591533281321514,0.9752461760621766,-1.217772129294923,-2.1618205034316036
-2.660018265288604,-1.6809515141230946,0.9767049133592939,-1.260113673893551,-2.165304653732718
-2.7083675461537418,-1.5599773175813507,0.9927319750006578,-1.417225197705205,-2.178112077679895
-2.755410702372076,-1.5117347556428482,1.0003963943965706,-1.4871600453931377,-2.1663166712610002
-2.725630932600387,-1.632966774599069,0.983469701182807,-1.3419903602386143,-2.178219711781188
-2.7474806060641757,-1.563698002906177,1.0097585230876727,-1.4640703136988393,-2.1984259161082065
-2.786740343704644,-1.5270613591402333,1.0083946052816102,-1.5425425838650644,-2.2108989932510115
-2.753930106857154,-1.6376809053495718,1.0272682186636206,-1.4161339404329392,-2.221234985847433
-2.775319200867768,-1.5658448741802458,1.0200622331203655,-1.480680778266023,-2.2302630876327103
-2.76788707374002,-1.5620875584897926,1.0277154480986657,-1.5056304848268038,-2.226451012983366
-2.811552982673206,-1.502338433393047,1.032498435467937,-1.6657950151314291,-2.221295005225146
-2.740179819387669,-1.6565350941433563,1.0228046395329606,-1.4583870583122684,-2.2072791049306164
-2.6939741372490476,-1.7147132399726197,1.0233880661976027,-1.3095349078148593,-2.2046891807953046
-2.69197582238404,-1.6558351686589143,1.032723950352751,-1.3318147861733447,-2.201244085239806
-2.636524585934027,-1.7515455571390026,1.0321150495796811,-1.1374821092212142,-2.1560780530138794
-2.6214926325223264,-1.698156852708283,1.0277246411031522,-1.166048022684894,-2.152336173459618
-2.666812268279107,-1.5477108240680988,1.0229161899971941,-1.3524208312765793,-2.1634726225408945
-2.641684476694339,-1.6489036413718567,1.0140151788215865,-1.2388357607698521,-2.150399278426494
-2.669721550930547,-1.6341005142967833,1.0259738215416514,-1.2469908980687372,-2.156463713087137
-2.732446130837177,-1.4560840577668823,1.0303195502810654,-1.46799017360486,-2.153731101830362
-2.7645242270637556,-1.5232791217559984,1.031078406681039,-1.4704485093297504,-2.1655576080648786
-2.7621022170293674,-1.5624349100510633,1.0162173496520062,-1.4534223074213235,-2.1901900846722735
-2.7764538445172966,-1.5745020453273069,1.0115755334913392,-1.503620405812279,-2.191342682068197
-2.7320711100554984,-1.6705049838750796,1.0163317763497943,-1.3399958587433067,-2.1745546253653596
-2.665985084238935,-1.7340286140992298,1.021216146054159,-1.2082644486638494,-2.165281059021902
-2.694855856798935,-1.6075581851571354,1.0094560917931148,-1.3028425853970207,-2.169445130592498
-2.660925898869338,-1.6249400257463462,1.0102623227732221,-1.309413839994142,-2.1597761214748283
-2.6648196228034133,-1.6681017502430793,1.0127115761416017,-1.2403041578677074,-2.167519331595548
-2.5981881738406707,-1.7614963774334944,1.0176535783435294,-1.0583321769398795,-2.16635790744761
