h0,h1,h2,h3,h4
-2.676577606493042,-1.6694316107875318,1.0245378059289871,-1.0325822735018102,-2.1660671128950018
-2.662786512485093,-1.6964404661614834,1.0268165625580346,-1.026811363005592,-2.152546500537461
-2.6417491512354974,-1.6895791456880658,1.043643348716628,-1.0004834823291575,-2.1515099913523335
-2.6535186443694463,-1.6884665335315456,1.0636430870979505,-0.9973835085263426,-2.1534912974606435
-2.6255839430628316,-1.7334047317414605,1.0669225858282658,-0.9493591436749196,-2.161962729194807
-2.610507102580911,-1.72947321842621,1.0685135214231039,-0.9424718141998993,-2.1655549114511325
-2.612961240445539,-1.7491679092362382,1.0854428801812706,-0.9168305410802335,-2.157960862952965
-2.6194509726885644,-1.7639994775918453,1.0756805296027652,-0.8748409052754875,-2.1820508383518504
-2.604075075332984,-1.7893594699301694,1.0829177766426819,-0.813407443083999,-2.170000685219337
-2.5442030978769865,-1.8359547802204366,1.0798477653541108,-0.7360199839791746,-2.1548837411241184
-2.5240096121661706,-1.87806366978139,1.0891533574062193,-0.6226344492998703,-2.1177871782238267
-2.4740076207354855,-1.8867721266915807,1.0872080325956286,-0.5428918376051324,-2.1032683366371465
-2.467508293249868,-1.9044008924856721,1.1016169512423923,-0.4929381324391309,-2.093817582454834
-2.4802133933229076,-1.8544209435652437,1.118344455165229,-0.49971205021563375,-2.100806122792143
-2.494691586793272,-1.8106555978592884,1.1195233727760563,-0.5102952771949603,-2.094524276315792
-2.506286747527673,-1.793790291822444,1.1259119700152311,-0.5437560176200574,-2.1054093173714747
-2.513872996837307,-1.8055011004912722,1.11328632556169,-0.5515487546440476,-2.0880593379724957
-2.5218462481128303,-1.8046569272369428,1.0938167288066987,-0.5196267931353089,-2.0899573927675092
-2.510335905102075,-1.8440841061654656,1.1039200636898292,-0.49744034411503535,-2.0923655358275983
-2.5306751450670184,-1.8081864103533443,1.1076253792198592,-0.5293089343023412,-2.1133167209974224
-2.530951277299147,-1.815792712483669,1.1009308471331574,-0.5123260398527826,-2.0832818677824347
-2.528624103490797,-1.834911472528336,1.1193833159375286,-0.463758031306212,-2.0995653375189334
-2.520239279839028,-1.8563171501514228,1.1346531405467506,-0.45117726280867076,-2.0960212794561803
-2.522203676085367,-1.8618472412958789,1.1305620882195757,-0.44676749891102774,-2.112338606227036
-2.5208159408703383,-1.8663588407654372,1.1260471987754233,-0.44685283817891364,-2.0998186863857953
-2.4856898744127136,-1.874845436788718,1.1339578666396328,-0.40483182562744374,-2.089250639252242
-2.470834648095613,-1.9075536432428517,1.1389751330248261,-0.3682117072650996,-2.0800933583226984
-2.4540619695183636,-1.9275695364863632,1.126997044875567,-0.3326484184379122,-2.0677678128964505
-2.473298851025257,-1.8912599494094657,1.1172165838080343,-0.361993457354796,-2.0753668991751915
-2.4572192148014023,-1.892886071254342,1.1498070922069754,-0.34227509829655134,-2.0516582170639786
-2.4615588526136305,-1.8603401546653457,1.140788297984923,-0.3794554429205625,-2.0769148749071595
-2.4923075303346476,-1.8220336506975239,1.158723057405009,-0.452833418256155,-2.0850753312103576
-2.4883320099882686,-1.8527979917324375,1.1644259753839854,-0.43002635327093125,-2.092139383522968
-2.496537173574301,-1.820334890368145,1.1661632978746554,-0.4705861308686481,-2.0925987380574442
-2.4862343567020906,-1.8320239214367142,1.14524552286382,-0.47750975499497056,-2.06244410495855
-2.4866637946753074,-1.858335660434936,1.1575484718600961,-0.4665556822312655,-2.0811730645376425
-2.460972233768075,-1.8735480666631747,1.1503129232472669,-0.4415022778659184,-2.0968721374105406
-2.459696037527418,-1.8874477403598702,1.1276653148808022,-0.42285275469389993,-2.1078031533987103
-2.470645223770701,-1.8927407649283103,1.1188708315597156,-0.42282454780047946,-2.1167323070411634
-2.4715361354650773,-1.8635665177508338,1.1423335000517674,-0.41792474875347607,-2.1241880101825723
-2.487121319231881,-1.8886961910650795,1.1395485772236358,-0.40181035279983063,-2.1361435599514498
-2.4867773739595433,-1.8842996221156314,1.1501789633453956,-0.3726856948683096,-2.114047473374349
-2.5157065125338605,-1.8734945913191854,1.146628348117278,-0.4116386078429266,-2.1155506580228036
-2.5194218428333497,-1.862559349942072,1.1475059910803145,-0.418171022302166,-2.1020859790224775
-2.5235010636830593,-1.8426161147512838,1.1595852562842925,-0.44979273528393343,-2.113870903710729
-2.5304821956292485,-1.8542597827747578,1.1901356147433366,-0.4567091749242531,-2.1021484425335877
-2.5268738311874666,-1.8348083309919434,1.1774437290244029,-0.47440236269570285,-2.112998170052187
-2.5191617300826685,-1.8065540432380731,1.1871321191722544,-0.4859243327941133,-2.124150878564008
-2.5385821237430233,-1.784713303748026,1.1749507016037142,-0.540682781936288,-2.124898080883407
-2.5623774697556945,-1.7747336047802589,1.1631112165912987,-0.5944196678696573,-2.1242301405118464
-2.585344531145621,-1.746361065250085,1.1731249992501696,-0.6610731953953649,-2.1423691155133273
-2.558755078110511,-1.7945268918208104,1.1793250924278884,-0.6564953979150121,-2.1308235800350266
-2.576349943014163,-1.7785756268339117,1.181596419559233,-0.6695804740560402,-2.110993501151944
-2.6121723536222334,-1.7154425059276541,1.172840317977356,-0.7779881651395368,-2.1490223108864708
-2.633676149275848,-1.7196302621956254,1.149145206952373,-0.8210993673511296,-2.1421228975036435
-2.643688364893638,-1.7163656061830959,1.1366166644213136,-0.8355100908747946,-2.132309699597494
-2.6622249541183303,-1.6459449716955539,1.1310065430551464,-0.9958368017966501,-2.154425346838197
-2.667032307849451,-1.6836744693321781,1.1363254860902965,-0.9624320156977232,-2.1552040210293
-2.672334424655809,-1.678428098862634,1.1446162166217486,-0.9910974746294504,-2.1568235613851807
-2.6728477358267617,-1.6767371545945922,1.1316621032784364,-1.0580992463353338,-2.164107034241346
-2.674963564779004,-1.656675064291615,1.1356739442762118,-1.0846463446992043,-2.1938240891728706
-2.7249587533799096,-1.589223944229088,1.1270639532388782,-1.1975708955381283,-2.195190480705251
-2.7163794285510776,-1.6186714384433583,1.1338905208812444,-1.1996800987257377,-2.186703997133761
-2.7287237593201916,-1.6454061607142785,1.1153441423226669,-1.1850814441572513,-2.202226843426759
-2.714164992904027,-1.6547204675009946,1.1040382598878213,-1.168940844807456,-2.1912965286802963
-2.7009707199971538,-1.6644981206249154,1.1132888472775908,-1.1423923318612585,-2.183795101501771
-2.721854626612568,-1.6237370339433332,1.1248076388571058,-1.2358441925164865,-2.1882268221259813
-2.691993359244678,-1.6878641281452134,1.1047281863395153,-1.193235175873165,-2.177885373400149
-2.699982871464198,-1.6969451301059677,1.0861870232186241,-1.1686656544204672,-2.16400525375777
-2.686581534830072,-1.6910986348150048,1.0726351249625417,-1.1557994756027592,-2.1645007820228
-2.6945576444346453,-1.6819633649951435,1.050150217345873,-1.1792441957284931,-2.1620355813949845
-2.680598827385277,-1.6778115596906733,1.0464946306379754,-1.1436883138526315,-2.144689562332803
-2.6850081563791988,-1.6639670557922777,1.0400740461221574,-1.1369220918615235,-2.1507787275291332
-2.673294427766041,-1.6789559001010725,1.0490136328474282,-1.1571050139899546,-2.142761812090886
-2.6758007104265467,-1.6456907158481406,1.0595081538591609,-1.1612984519143377,-2.142728081419834
-2.684837401451337,-1.6556513900760925,1.0704689333193338,-1.1612156330337096,-2.1515407152677204
-2.6957775955545347,-1.6480183768356063,1.0644395805999787,-1.180908033440862,-2.189607772385011
-2.7166178663990967,-1.5936288509228183,1.07796765458205,-1.269023497531093,-2.1852624019807467
-2.750855466689993,-1.530067900210207,1.0810718249965006,-1.3633269128593657,-2.1894283859818664
-2.7541121092855203,-1.5833701937769928,1.067748433558348,-1.385002428141119,-2.192751289597391
-2.744702283049948,-1.6414349045156194,1.0451669743378125,-1.3556665087963624,-2.2002269607960834
-2.7348297141161875,-1.631679430162837,1.0365566830557738,-1.3571128952829246,-2.194822236011644
-2.7478186762858834,-1.601878661902176,1.0245971557172362,-1.3964329233961443,-2.2000489204552873
-2.748229074511405,-1.5829546910335583,1.040623795219035,-1.3953822707206958,-2.169352030360135
-2.7727846793348254,-1.5433937330709686,1.0252126462355906,-1.4388610961977564,-2.183452745996427
-2.7659760372340756,-1.5592325647220202,1.050100782020211,-1.4255331719386148,-2.18280032233393
-2.771164778136458,-1.537694185337992,1.0481124940917663,-1.4700668316258472,-2.1785858960650732
-2.7550300830897925,-1.5756427277768086,1.0536529754537487,-1.4243951743903174,-2.1686408683457747
-2.7561273729015148,-1.542756354266476,1.0338655303695339,-1.45696916560632,-2.1808743032471494
-2.7638951689058806,-1.5170547327428499,1.035431707581059,-1.5028685071172658,-2.1983083333597055
-2.7574120684159396,-1.5426996094237788,1.0360295928619307,-1.5008682070490194,-2.19998211652135
-2.7299809644205855,-1.5804450283181195,1.0462460279217816,-1.4428610052244069,-2.1841156474313594
-2.7370131697043556,-1.5767184512343777,1.0265098959080832,-1.4418331318853377,-2.1920927503592584
-2.74830604084088,-1.557488355486248,1.0400868865239365,-1.4331332210969856,-2.194491311286596
-2.7644749140625247,-1.5445187394408129,1.0305349177930454,-1.4734557411281188,-2.2194685766788362
-2.7962254676055127,-1.4876503723404504,1.0366036612760934,-1.5877812431404537,-2.216984342673825
-2.823835399195535,-1.4625167557141407,1.0433438805851585,-1.6437386363642514,-2.2244133907979524
-2.8332473761995076,-1.4904038938341504,1.0324745481965723,-1.6538784978074648,-2.217579911143832
-2.8534730277933322,-1.4156712432324627,1.0366007088714746,-1.7676969954757735,-2.2130895918716678
-2.8899155915559636,-1.412272354648776,1.0181266296221967,-1.8351537600488042,-2.2422065459093776
-2.8855304145624063,-1.410110319147936,1.002763835295701,-1.8927109847934767,-2.2424144625357285
-2.8915313436945977,-1.4300585684845957,1.0025712951771797,-1.8819319772238035,-2.246037522899321
-2.9091626002748763,-1.402996306826463,0.9843568548948374,-1.9352334806711726,-2.2471615307088926
-2.9021197021394323,-1.4267461846813796,0.9726344756097843,-1.9588343036625553,-2.2484384433978595
-2.9107327273054606,-1.434424412321021,0.9760896366437013,-1.9640834801993599,-2.2358074010604856
-2.8619316477376153,-1.5546059241923227,0.977878568947424,-1.8222249530911392,-2.2308210870030845
-2.8103498570036036,-1.6344550179408777,0.9870735939762784,-1.706749244978769,-2.212119052885957
-2.7664502890171536,-1.5953219025135585,0.9920724124995561,-1.6844801746418518,-2.170377678689047
-2.7240024063792,-1.6268282955641198,0.9705270422370497,-1.5708755593203372,-2.169138446981439
-2.696016494694611,-1.6177887022552693,0.9936218703898846,-1.5379472762433946,-2.1542358415514227
-2.6833672572437397,-1.648659231872646,0.9944850141450057,-1.4325939864076818,-2.169257171051166
-2.7003290116560823,-1.5672371606058975,0.9928949394440522,-1.4921340761715713,-2.1614012037233685
-2.6618185416640534,-1.647758862906047,1.0020292556730575,-1.3851894207370763,-2.1672547885245286
-2.687842220157747,-1.5856527126067268,1.0001252049407434,-1.409767349503677,-2.174975969819805
-2.692254779242752,-1.5456894171456121,1.0046569267545902,-1.4582728457456497,-2.1647029386224146
-2.7130352320621105,-1.5203165528865972,1.0027403142581857,-1.4759645487723851,-2.19250574468133
-2.7434369910078114,-1.5022967901812232,1.0147100517767578,-1.5307355273911596,-2.1827399238686356
-2.753159021459393,-1.4892309928160767,0.9950941088807806,-1.5841830918053752,-2.205320878618362
-2.7546164262202955,-1.5483073198469852,0.9930443047552349,-1.5429335176414056,-2.176083238535858
-2.7142655217640406,-1.630608988639934,0.9949641137294598,-1.4097857757861674,-2.186973643878922
-2.6862390758776984,-1.6698165400199028,0.9945815608512176,-1.3124091043663588,-2.182522568540939
-2.6543603561740285,-1.687857203406432,1.005964990922301,-1.2357266475499964,-2.144123202906497
-2.6125312277730446,-1.7042155057799453,1.0069732931734425,-1.155108068653347,-2.142151785801584
-2.609410490704927,-1.7069973433179237,1.0046027379323978,-1.112664243071961,-2.1523022531075537
-2.6169036668880086,-1.673860550649188,1.0179248520609299,-1.148755523069454,-2.1590516091267964
-2.6044827160767428,-1.7149523968665497,1.0326549194720578,-1.0871175208713804,-2.1457360408569346
-2.6400121316728415,-1.6227033471515064,1.0235617676634454,-1.1522691059482222,-2.1337096640424287
-2.650543591904061,-1.640418178588056,1.0487742781522227,-1.1576718696987298,-2.1352819560452434
-2.648569445371667,-1.631895490440657,1.0602743177666745,-1.2182271748860531,-2.1455424956427027
-2.7096902751819685,-1.61861358721247,1.0725913491970247,-1.2558399430184406,-2.185887672060999
-2.720219456256601,-1.5992112602364708,1.0696122815687488,-1.2957828795868684,-2.195954131091106
-2.7133785458774162,-1.6089516728108755,1.0578479194467183,-1.3577107142080187,-2.186997506568111
-2.713662144490573,-1.6390906852212703,1.043155681048619,-1.2889261454806515,-2.1813354822604034
-2.6868369266354364,-1.6909939538349554,1.0681866914801015,-1.2215375985895067,-2.17711693917936
-2.6791640271502684,-1.6849561524705154,1.0586050989277265,-1.202678875763355,-2.1779095596616855
-2.6538932112622153,-1.736529377800081,1.052863215885735,-1.1251903660756635,-2.1741778986114135
-2.647754169657236,-1.7611793693822084,1.0490000181793129,-1.0701753989143756,-2.1591321663697998
-2.611506478745723,-1.7722310030967217,1.052626045803768,-1.0304618051799415,-2.1642935180354037
-2.6233565512484773,-1.7644010402187347,1.0582142705606465,-0.9763596027787952,-2.135649005289184
-2.606147499262467,-1.7480953943806115,1.0564304062633874,-0.931283913235218,-2.1227512114220066
-2.5848719394355646,-1.749064266586081,1.0509127148782316,-0.8896678825752873,-2.1091526780038063
-2.588435876756705,-1.7752531259516129,1.077128716728918,-0.8599585642893786,-2.114601033583933
-2.587988842811053,-1.7873517198065876,1.0662812375535669,-0.8091663384653403,-2.1116936743696963
-2.575588988926408,-1.7832195073389476,1.0933714621691386,-0.798504267117131,-2.114650808420609
-2.552848636477533,-1.7868479113696527,1.1057995688384512,-0.7906341438607977,-2.117911142605251
-2.55416838636762,-1.7633951015344118,1.1023325340924308,-0.7636316805425533,-2.1255607021401883
-2.556155502357003,-1.7912101603819326,1.1100624138924111,-0.7399226315259178,-2.1351747383052113
-2.5495165681187517,-1.805028015442367,1.0965632126471996,-0.7086615261589713,-2.144551964157973
-2.561513001564881,-1.7933552949652818,1.0987687072428938,-0.7100997801167667,-2.1315128303349025
-2.5432609090287155,-1.807478840807822,1.0949047950311013,-0.7535803236674186,-2.1258075399466385
-2.537369146694604,-1.8232284971540427,1.0972928431938287,-0.7153148327856363,-2.1384600882097904
-2.535390825475404,-1.8460064910293763,1.0959331712982554,-0.6824829113611894,-2.1101373600956186
-2.5361987184037535,-1.847896021871077,1.0870330817935174,-0.652480403873917,-2.126735482829982
-2.527594354983369,-1.8301079832689027,1.0804802185015732,-0.6063454707005328,-2.1018881186503515
-2.5165479339300374,-1.8443142177317258,1.0860963843277813,-0.5732789188027083,-2.085702806456064
-2.5237113370568767,-1.837310539404218,1.0649505903232817,-0.5554220741720631,-2.0925587825283274
-2.5502006437395375,-1.7769088266028144,1.099960226625492,-0.6208979783873015,-2.116043473478085
-2.541720679986139,-1.829769307484894,1.0817134149656222,-0.5602830822563168,-2.119255323392049
-2.5587486215427435,-1.811740395684363,1.1087160730979426,-0.5959922498519034,-2.137453550287177
-2.532696081663806,-1.8566595434761415,1.1159704925417109,-0.5428532988701543,-2.1354058734869086
-2.5164292800504744,-1.8778219905659053,1.136318418485058,-0.48679474085877095,-2.1235476026047047
-2.5104945629827395,-1.8875823662385058,1.1235631758659286,-0.45535632664879094,-2.11213756105842
-2.4890587545345353,-1.8838832234230867,1.141408903805281,-0.4241378675942486,-2.105877683787948
-2.4778759371059103,-1.888381354161394,1.1359505319566883,-0.40798946047742257,-2.0943532025209466
-2.487226948037607,-1.8765624524749738,1.1251215501051683,-0.3994786570118981,-2.0880297271423385
-2.4980353745805557,-1.8592958388110035,1.1429761668842036,-0.44033300199833286,-2.1051800493755213
-2.515050263502506,-1.8349090210515986,1.1503856598496658,-0.490411023170878,-2.114157849680459
-2.543402682928517,-1.7971722839902682,1.1436973181489734,-0.5665280010643894,-2.129187039780601
-2.586976574517326,-1.7368921389429577,1.12980644445819,-0.6656041796731885,-2.123118073254713
-2.591016904107589,-1.7434472868737703,1.1163539403770313,-0.7159397139598523,-2.133703960920182
-2.6074986654195227,-1.7403149745338469,1.1135430462290656,-0.7372263188870494,-2.135380607239629
-2.6158420346305786,-1.7202175079204471,1.0858026350622894,-0.7604966811110193,-2.141493741197206
-2.598088526985525,-1.7358324138042696,1.0931423890289793,-0.7551018791360161,-2.1435436009041164
-2.6083304314470044,-1.7441639969590486,1.107073875329849,-0.8042171350786051,-2.150954150502786
-2.6222303808933667,-1.7377453649221732,1.107754363675811,-0.8501502734347408,-2.1688331171496795
-2.6512606303571564,-1.6963563027163602,1.1083851850908593,-0.9016384045078295,-2.181422950746874
-2.7011758087533995,-1.6587238007231102,1.1133479285455885,-0.980590348594497,-2.1945938067441353
-2.688049950529994,-1.6396316869250265,1.104719501149442,-1.0537223208143986,-2.19403704753654
-2.7340305448782822,-1.6260156971991926,1.0978596738620159,-1.1138276386553492,-2.1798794036059137
-2.7578669936724274,-1.6022909836006691,1.0853704560621555,-1.1831358073317655,-2.1887317121031282
-2.7489423025698017,-1.6314232018190418,1.0828686547744106,-1.1917473560607332,-2.194739498500824
-2.7441780986491784,-1.650545819645016,1.0791406969810224,-1.1649931851527786,-2.1865939558752814
-2.765290451156152,-1.561828924977324,1.0854537631466181,-1.2718949905810635,-2.1998467568223825
-2.771083917220963,-1.538822621848557,1.075927327586856,-1.370198344620055,-2.2100821443944314
-2.778283469911611,-1.5565495739389597,1.0942810326333567,-1.3581817276307344,-2.2076683218265125
-2.7750254616007495,-1.5704530100293685,1.0684131006356241,-1.3842452441221573,-2.2234554193888774
-2.7982461360161404,-1.5607185214881374,1.0359194748336416,-1.4564063226757262,-2.2457760423150597
-2.7960050982927442,-1.5189152531543324,1.032324517358775,-1.5218978527139113,-2.2311629632256347
-2.823143436829879,-1.4827714996690353,1.029541641752713,-1.6284052940872735,-2.237297911106435
-2.8698308536263366,-1.4086197050185096,1.031871190681359,-1.7758013472819743,-2.2380645903706204
-2.878809406842696,-1.4459043203910482,1.0106525586394688,-1.741417334683344,-2.228509142026986
-2.8683963403949773,-1.5088985272204545,1.0126999718378313,-1.7030909546282402,-2.2409451135566076
-2.8602359345846655,-1.5323967160813834,1.014571737896777,-1.6847239078994416,-2.2347650689688643
-2.871355262239061,-1.462281635508213,0.9911627827057551,-1.7507802638804881,-2.218778935757334
-2.8488549509607966,-1.469840820984952,0.9842818782761209,-1.754489127258535,-2.188651356406857
-2.8551001730772447,-1.4316533748402425,1.0118629064009679,-1.81763478640125,-2.2003037945600967
-2.9128064250886743,-1.356785788799583,0.999747337424368,-1.9432465951725935,-2.190126841975726
-2.946994595050474,-1.3110365013422156,0.9761092101537562,-2.046821921793558,-2.20369646862437
-2.995074864760285,-1.2158285647088591,0.9515299419985407,-2.245507323175981,-2.211548582930297
-3.044875436973187,-1.1576989522386718,0.9627715150525572,-2.4227857263426107,-2.2060894885408486
-3.077789466726419,-1.135939659411223,0.955253964670515,-2.5395665054724654,-2.207163904796043
-3.045978765596747,-1.2411628085611386,0.946248436981381,-2.5397513784959034,-2.2230402436003844
-3.030752203734704,-1.312165521281329,0.9202018544993043,-2.4844756185242143,-2.2407368117187945
-3.03981476895088,-1.2483827740986324,0.9078666936172322,-2.5792736892767305,-2.2043002033116337
-2.983720625954679,-1.3679129786481343,0.9023174926263037,-2.4423366491258367,-2.1991698743908663
-2.9012801590955783,-1.5129192509271727,0.9090724034664276,-2.224472224102379,-2.214355365435117
-2.8417027435727586,-1.5265960317883882,0.9115748928666675,-2.10529866887683,-2.2105236055889326
-2.807486647432703,-1.4960542049563903,0.9049095811170077,-2.052880070532606,-2.1850102221415555
-2.8175361664200977,-1.4183493765254716,0.9150740494821308,-2.1159140501158524,-2.181141537963557
-2.826207878114286,-1.3316194577394682,0.8899140343207066,-2.2185576488492327,-2.174847219833748
-2.8579797266844733,-1.361608821758803,0.8868800392933187,-2.2373626190660385,-2.197496181490562
-2.8833135140752995,-1.3664111176959433,0.9117224194006812,-2.2158753334419825,-2.221476781662639
-2.914862718564178,-1.2859947625286026,0.9076224461310449,-2.3463721797274486,-2.210510654834949
-2.9217230599657116,-1.3386739467964912,0.9038787079101707,-2.3394897566528137,-2.226506446650307
-2.826971440464438,-1.5508187863191538,0.9189612227880732,-2.071922303494052,-2.2404906859096516
-2.7989170169990967,-1.6247955925652566,0.9315018164930419,-1.9066386266482458,-2.211286507660688
-2.7421374131558474,-1.6519850200497417,0.9320063003738698,-1.7558300993331635,-2.201285486373348
-2.729063768101584,-1.5935111330559095,0.9195153274816115,-1.7124945084466565,-2.198364020995556
-2.821743736410548,-1.349796297420742,0.9123456279529937,-1.9663937830453693,-2.1823242634614783
-2.8538552319662482,-1.3056334400404246,0.9077757284408722,-2.1013927305022695,-2.17579235241952
-2.8525069932909415,-1.422010478246575,0.8899652843495904,-2.003981783488111,-2.166859114644135
-2.8068499862595067,-1.5096826108328312,0.9021128779928252,-1.9065806164265764,-2.1815608570393716
-2.833782573541956,-1.4475241301103894,0.8966937034820845,-1.9418038907406052,-2.174662313651504
-2.828121976493705,-1.4536358149277429,0.9203877289405705,-1.9535929208692602,-2.162164617559841
-2.8596390743255777,-1.4187324540326136,0.915543541119703,-1.9771311051600609,-2.1640238957491795
-2.866599047024306,-1.402557145131968,0.9177042496370553,-1.9841840288829011,-2.1846527711816868
-2.8772217280785672,-1.3842602777678135,0.9108400841774064,-2.035078372707078,-2.1938491022687265
-2.89031971070597,-1.4042887481826039,0.9000163054956628,-2.0272874381194095,-2.1840574080528765
-2.801254420119832,-1.5681177595900324,0.9122463758848661,-1.8124652177648266,-2.1784544209604504
-2.808224946523189,-1.5043162685112723,0.9055259308987047,-1.8370752335926093,-2.180024229885076
-2.775960590744384,-1.5894697957529056,0.8984090331517826,-1.659380083190617,-2.1651625713340668
-2.7256930433830164,-1.592456534372477,0.9050526102021847,-1.5931487619041027,-2.1811942959369772
-2.7352170893617727,-1.5413369288522045,0.915558220824728,-1.6271463119626322,-2.1735714005031124
-2.7325926487643626,-1.5598432326052547,0.9435130077538185,-1.5816761498285954,-2.170569921625219
-2.7039415707863284,-1.6040111690870527,0.9492147792665053,-1.5092813826535858,-2.1562655302319955
-2.7184041023978143,-1.55962612323685,0.9512621023349954,-1.558114316661111,-2.1703418315041665
-2.7216019488169856,-1.5499624883411414,0.9515738924163677,-1.5395899781048379,-2.1617381979344223
-2.720587211814438,-1.5630399725838096,0.9463384200690228,-1.545692181726345,-2.1472919240162858
-2.7067877070791004,-1.5634278132974633,0.9479717320396748,-1.5044714427097947,-2.160483097959549
-2.6881453353542386,-1.656388128819754,0.9689149841454399,-1.352561508617492,-2.1499020575159085
-2.677602056115747,-1.63713099208186,0.9574016866664024,-1.3210583718019828,-2.1329806296726503
-2.63371230224645,-1.6903803032373328,0.9725724828604103,-1.233256853859331,-2.136559101903489
-2.6366514221840602,-1.6925263933538661,0.9868697272124787,-1.2006024875693309,-2.1461650552037805
-2.6091805815138147,-1.7219665903525816,1.0120585348516107,-1.092821787124579,-2.1289266200191976
-2.5956026842997426,-1.7089073522069398,1.007806095358061,-1.0316920755597763,-2.1104707039910657
-2.5566716414723176,-1.7641156903580657,1.011760729913969,-0.9274526653254582,-2.1204663369913064
-2.5473478198112853,-1.7630271007714249,1.0220042499835054,-0.8940891760838484,-2.115388433982412
-2.548894543786405,-1.754818714797946,1.0309843059218229,-0.8498970867507735,-2.108747009907761
-2.578389385138645,-1.7130226351547655,1.0344282004921042,-0.8981895295279471,-2.100958669931599
-2.5836524846216053,-1.7009668057137899,1.0379688324193224,-0.9200157400353032,-2.101210118422165
-2.613294193405963,-1.6453314343860848,1.0248795109142925,-0.9574120095311168,-2.123239224328048
-2.672778640008757,-1.598224901426987,1.0573691267462595,-1.0400619724650857,-2.1554733634656547
-2.6990761414252837,-1.57114138277543,1.0371976552205642,-1.0960568631574945,-2.131639360711795
-2.7063872934929853,-1.6010479360444188,1.0397701937030588,-1.1051396247822598,-2.152057371861606
-2.716678365316416,-1.6063211667824875,1.050438394240244,-1.1360432087395962,-2.155599652454358
-2.686100478864495,-1.681345625350576,1.0345992983794452,-1.056102996146275,-2.1492158822847616
-2.6417701852650173,-1.726567251766929,1.038272766301431,-0.9605451775385321,-2.153990914525539
-2.590899689960683,-1.8090309496594912,1.025966070675848,-0.8500808680128957,-2.155573922624706
-2.544195234639063,-1.83869001701555,1.053358802038081,-0.7401005130870976,-2.138463038561661
-2.539193039023121,-1.8321344654389657,1.0878745289711251,-0.7136653882917665,-2.120964153703568
-2.526035886814967,-1.8229154124937426,1.0948931777596687,-0.6756609401605821,-2.1330344911768604
-2.500303033494252,-1.810126817755294,1.1146169182300487,-0.6396045401600803,-2.1069514342040008
-2.4827486860134047,-1.8357557033681065,1.09372039292011,-0.5729048066331212,-2.1193989381603755
-2.4768263961069126,-1.866290994834202,1.0984331477949711,-0.4928130305634599,-2.1190391242155173
-2.4836814182926115,-1.8509166069835057,1.0797501956823552,-0.4650468866267522,-2.11232055650492
-2.474964235455954,-1.8380156538232577,1.0912307447482412,-0.47251713659956684,-2.0885304024676326
-2.468964172510263,-1.8798041040857376,1.102007804479526,-0.41610936733124565,-2.088588482709576
-2.479150235560806,-1.8543060174944284,1.1040913656696791,-0.42036106202520257,-2.0901055844167615
-2.4507805147629234,-1.863658089127491,1.119616948791744,-0.3700574182927637,-2.084123078045832
-2.462224038208608,-1.8604740439898992,1.1254648845944142,-0.3846341345134416,-2.0929660102454055
-2.459054932176694,-1.8823439912381967,1.1123709647077935,-0.3769139968140849,-2.0724566745083335
-2.4422288088972945,-1.883031521411014,1.1300041997187322,-0.3830846890992174,-2.0654531165395897
-2.4580303165158686,-1.8577662035459992,1.1321902428033102,-0.3948428834249205,-2.0745870959164576
-2.4748691027508753,-1.8835530136860816,1.1399169600486556,-0.3966095310292282,-2.0975011184742836
-2.4903380431850213,-1.8238908485752667,1.1218439471739525,-0.44563825706748833,-2.083453781393718
-2.5021079010856173,-1.8457291495165355,1.1218938366471003,-0.4383632024485843,-2.081474737670277
-2.5112594814093367,-1.8678157438707677,1.1325825568065055,-0.4359025548239111,-2.0812464584736876
-2.527616717768235,-1.8313661641503587,1.1414694230768225,-0.46420295015522284,-2.1098444404492254
-2.530626813652186,-1.8503420178918026,1.1362385735251097,-0.4420651810239245,-2.0925233190878814
-2.537882385956885,-1.8333639655052327,1.1554857775010436,-0.479316516676269,-2.0913936670534614
-2.515572361962773,-1.8659524453712073,1.1653409263370162,-0.4479988186583065,-2.089561569818642
-2.534925369531578,-1.8389483842411507,1.1772492062533837,-0.4925862709366651,-2.1049246470226204
-2.519141321898082,-1.8335542023591445,1.1801620001936424,-0.49141169640701954,-2.0999662484462593
-2.5514995436754977,-1.805336854227952,1.1709903364092573,-0.5591937862164501,-2.121406454638636
-2.573257104596085,-1.769705061124402,1.1663603842879242,-0.6270476130696275,-2.1192102588079087
-2.581806567112127,-1.7439136997798221,1.1516179016930375,-0.714660573550504,-2.1259606973792264
-2.6220313614481907,-1.7189708264372001,1.1277491096620247,-0.805108942780346,-2.143762586118262
-2.6333465180843247,-1.721428140538738,1.125564263585953,-0.844019283008902,-2.146193440500836
-2.6278600859996315,-1.7201601668460698,1.136511961179426,-0.9070896715695725,-2.1547295225222864
-2.707918351993043,-1.579581184189235,1.1221008842804596,-1.1224065532030636,-2.1509450623115978
-2.7421197609196817,-1.5351908694637393,1.1487457244613406,-1.255113077463937,-2.184543335113398
-2.768916389970001,-1.5113924144017168,1.1190784349792382,-1.3580069748071084,-2.2276970663851787
-2.825090346732053,-1.4641620713596621,1.1052771046381706,-1.4900137427345927,-2.237346360969524
-2.8880352313687605,-1.3859552946337768,1.0950650498677712,-1.6767095061921025,-2.2253753118885093
-2.939896552028234,-1.363753129176224,1.0688797842009743,-1.8439289194706545,-2.2489666226992475
-2.9606146198995185,-1.360069865905072,1.0577591812510918,-1.9242648768561361,-2.2244727140719602
-3.012928041209504,-1.2546916712978882,1.032426499642578,-2.1386984993280596,-2.236292942144207
-3.05898807029049,-1.17494180191941,1.0075545389042972,-2.3380859862411305,-2.2335418553968713
-3.121134629591394,-1.0870561756156147,0.9573490672764192,-2.5489317922657917,-2.216242087008267
-3.088632434717195,-1.2001407568935614,0.9676940380794519,-2.5276120720907205,-2.2006292027715078
-3.073505132980425,-1.2231921632486873,0.952911427363014,-2.5928349667001855,-2.2199922900685958
-3.076302124240245,-1.1986138346532726,0.9226807700339484,-2.6596673196009553,-2.2032453533244873
-3.1345110388388178,-0.9641338040822643,0.8646743659120822,-2.9603351088469827,-2.1589990308928955
-3.1443257922846253,-0.9895180264013305,0.8556580392022858,-3.0564557536753654,-2.160143709812261
-3.1409712139253028,-1.0487134730216299,0.8532730999430029,-3.06229520963267,-2.1775986020126417
-3.12262196472532,-1.1221574455533796,0.8358660842780464,-3.01304457803104,-2.1774563072449324
-3.13223869172919,-1.067112843882092,0.8178215501905427,-3.047438031829834,-2.1545787341795437
-3.114055844350805,-1.0931822708967482,0.8070898726661654,-3.05415084134846,-2.150480352585317
-3.0926751129534846,-1.107245106609597,0.7862047751952732,-3.043443070230581,-2.1688923800914757
-3.044779871972394,-1.2374107223403628,0.783023079066029,-2.8924190434555888,-2.205524810084678
-2.994058596407173,-1.2748800036292605,0.7867940200859309,-2.801612310782827,-2.202953320595765
-3.0086366169942167,-1.167194510388488,0.741155143311467,-2.8674993930293295,-2.1652337846047156
-3.014166828156389,-1.2087282106309254,0.7524516716677097,-2.799202124872201,-2.185427239709447
-2.9874037365871158,-1.1707474777233795,0.7471118316890154,-2.824739946997503,-2.166237662618787
-3.006341167161556,-1.173407951053458,0.762467456579265,-2.8320648062743436,-2.146225353546769
-2.965768640927135,-1.21138744409504,0.7738537783027792,-2.7499880376770625,-2.167852621886155
-2.974237141720414,-1.166017492505689,0.7669936481251088,-2.7807761163789437,-2.1513287138724615
-2.9630784761310447,-1.232136078127303,0.7675449702394621,-2.6955377144407495,-2.172673434756633
-2.9511898456580994,-1.270879710079327,0.7713559195188522,-2.6271947008469723,-2.151271277739027
-2.934942651526494,-1.2604776681559449,0.7725286127055949,-2.615987604489877,-2.157969783070437
-2.929018365213295,-1.273460732039696,0.7606916125227529,-2.579174916206102,-2.156471189966844
-2.924039376062707,-1.276495440081221,0.7827013070668084,-2.526900176871274,-2.1596046303614367
-2.8657163576937252,-1.4099132144976845,0.8085707921213835,-2.335147666505446,-2.1614254680495937
-2.859785125509058,-1.411172955727698,0.8167504520911274,-2.279677202382588,-2.1577774269460717
-2.8488053980868457,-1.380198556468287,0.7999622231764366,-2.24691110001844,-2.1460954072090224
-2.8375428194686645,-1.3846940763111413,0.8208104095384365,-2.2196741620863416,-2.150669539337948
-2.840586782168235,-1.3496157752340476,0.8213464650050852,-2.215206779237784,-2.1402770160371367
-2.8527526747124727,-1.381352703936947,0.8274327033484772,-2.16880591190845,-2.146127677569444
-2.839769604741018,-1.4079245290588531,0.8432740897709897,-2.1218509795435376,-2.1580100052796594
-2.829050737324649,-1.4260630598757715,0.8787844355887499,-2.065868971612567,-2.16734824080974
-2.8491759364267746,-1.4253808072647765,0.8886461317313834,-2.0660411593042824,-2.173086864763171
-2.8322991267217956,-1.453399491524486,0.8971652163039179,-2.030543492045772,-2.1841324039020535
-2.805819197855289,-1.515347992804189,0.9165427960368023,-1.9067906102566985,-2.1828958757598045
-2.7704880741840707,-1.5346080733295602,0.9172713406395145,-1.801409609962085,-2.211232619711346
-2.796794167496595,-1.4450307580015518,0.8994019766138807,-1.8532378672697605,-2.1869030141144674
-2.8030826995548885,-1.4490567653832125,0.879109454575431,-1.8066091555624006,-2.1844631703180797
-2.7740081340301,-1.5235530500074772,0.8746323848125994,-1.7153220388958343,-2.1710649169972203
-2.757244193685133,-1.5107047687052655,0.8874589401764246,-1.6775268184588072,-2.182954879841197
-2.800764130624504,-1.43081900949232,0.911156613878122,-1.7760600149817825,-2.1697200649345
-2.8147532642321633,-1.4054174045217842,0.922448562558966,-1.8382564206712693,-2.179015992502368
-2.811845566362223,-1.4189004372997724,0.9221080535656219,-1.807249612862114,-2.182189195883686
-2.7865677914524043,-1.4756198309468318,0.9116039324493291,-1.7398881567092654,-2.1702345455424124
-2.7655650004128587,-1.5407496702377275,0.9174216833720243,-1.6461713343063706,-2.189060251467724
-2.6921429123827463,-1.6379422968784527,0.9146587121519818,-1.471382719274543,-2.1826324498864893
-2.6661703171089024,-1.6153272541581671,0.9484853729148477,-1.4739968272800137,-2.1652756403244684
-2.6376084603834156,-1.6456846068722562,0.9526861741888053,-1.3894070958746687,-2.1388697238478227
-2.63118612014307,-1.6480446463332756,0.9528673892508852,-1.3676659950117733,-2.137332618908197
-2.624936825133517,-1.657905830631052,0.9567672576063275,-1.2847999710174591,-2.1525168574428557
-2.6413884791949687,-1.6693242232007344,0.9722153113622342,-1.2340851073113464,-2.1400129718384173
-2.630128545969141,-1.6469826344546565,0.9610713450835194,-1.2021494830209603,-2.1306406190440894
-2.6430605479162494,-1.6051052169075715,0.9832267253767524,-1.2068911099710735,-2.146233125220131
-2.631167663001523,-1.6412419284664497,0.982089910073937,-1.167029212788053,-2.1568196034417717
-2.6298678811160445,-1.6588579361993214,0.9857166499535016,-1.1150731352137009,-2.1526687123977175
-2.617284112159625,-1.6720109508514933,0.9801347448102611,-1.104637059646412,-2.1514447124967986
-2.6069648246644843,-1.6907884064329097,0.992682687692758,-1.0576628848034013,-2.1254934535223717
-2.6138476045435795,-1.7214522803307366,1.0294014739028812,-0.9971227049683059,-2.1284916720861786
-2.593019556839097,-1.727475576517626,1.0250811650307499,-0.954472252960922,-2.1442597502778526
-2.571179601736659,-1.7284656322090215,1.0331111343815884,-0.9084760196395535,-2.1216784219414175
-2.5731092952870225,-1.7283494443311855,1.0388281880848245,-0.89666635243444,-2.134850561436184
-2.5785227076293995,-1.7118755716353085,1.0650660843382065,-0.9163386938629277,-2.1384460874449966
-2.570397181431046,-1.734925662436369,1.0595120306819221,-0.8847365148098257,-2.1345612991650413
-2.5654392444572034,-1.7736762457146895,1.0753080875430387,-0.8726934152986312,-2.136611708781847
-2.531908365068268,-1.792595635480333,1.0579485373416215,-0.8292518490122919,-2.1275329108892302
-2.5465680757481213,-1.7889856937879929,1.063237843988219,-0.8227093048489612,-2.1238951422657943
-2.56206989280436,-1.7892706757481833,1.0571155927297378,-0.8452460786325231,-2.133612255134603
-2.522024282895676,-1.7845550586567906,1.0593924200122826,-0.7849744460921606,-2.1088577133021857
-2.532336056335891,-1.7978849660675622,1.05768127026095,-0.7308472801883755,-2.1478461277690584
-2.502896365579106,-1.8271712199851464,1.0606947057138894,-0.6366020951374376,-2.1351739170650776
-2.52747292129605,-1.827668316314018,1.0672774437525219,-0.6101417397040877,-2.13094066761427
-2.4985707345276276,-1.8421722784866312,1.0617518780865454,-0.595893531292499,-2.1150387220592495
-2.4977241197783786,-1.823938057569531,1.0688489736636901,-0.5927004778583869,-2.107645458870491
-2.495855304060328,-1.8288669446591845,1.0803496199657756,-0.5378219592396577,-2.1084050038963182
-2.4995086244811286,-1.8444287532573176,1.087014344469714,-0.5347499588236636,-2.0954287245611907
-2.47652185642711,-1.8324456089384598,1.0734482797489755,-0.501532469594376,-2.1007332209039316
-2.4604929895617866,-1.8435009606727342,1.0889347928878759,-0.4559700864800691,-2.097068440752499
-2.4759138892365447,-1.8403249749642514,1.0908660076747119,-0.4273355341299172,-2.0997800547852274
-2.4786188929862085,-1.853644787490559,1.1006575263370362,-0.4156098479946009,-2.094572166184456
-2.468095747949957,-1.8481217638647398,1.0939525063051891,-0.40956702017686253,-2.0900769578141154
-2.464570278126226,-1.8470625667252851,1.094650025228133,-0.38601334126968906,-2.069018493912478
-2.4529314646775093,-1.862396422293332,1.1127187945782009,-0.39730370096261314,-2.0537476550435616
-2.4813154419948615,-1.8357442496210303,1.1335408776487221,-0.42951747404146545,-2.079733914366173
-2.502504933808548,-1.8312232724970725,1.1224211415268117,-0.4276855015870704,-2.0791718765645433
-2.4966958880279257,-1.8565399677338117,1.1384861525575136,-0.43362688783020875,-2.090262109838793
-2.4819456027315905,-1.8722017028961029,1.127279947897787,-0.4298746978227821,-2.083289264405092
-2.49566649699735,-1.879412497246585,1.131716234367792,-0.42959039195121757,-2.0737498672561445
-2.493879784661971,-1.8627923621170202,1.150010497873951,-0.4321892321419039,-2.090326845404481
-2.4998127538812582,-1.8303145853671734,1.1530704964257599,-0.47331370853258886,-2.108293128862974
-2.523954241031318,-1.8046293553701696,1.1530426725485037,-0.5083175400408748,-2.10779124868847
-2.567544999608378,-1.7787487165545688,1.156507831629717,-0.5982499339731359,-2.136737709413433
-2.548304388097084,-1.7944955725538663,1.1329268273987796,-0.6003301858653032,-2.1414573896218427
-2.5682083347786806,-1.7962397355326698,1.14788875196983,-0.6466294401267001,-2.1294870002654105
-2.615482079371916,-1.724894790910079,1.13702507693694,-0.7256185777305013,-2.1384686352056153
-2.6503244704222237,-1.7219360655156222,1.146791452733457,-0.7878714708290734,-2.1617918568660692
-2.6260751922449512,-1.7538243149284583,1.1450358634005955,-0.8055288654269396,-2.1457038443154244
-2.64736721712267,-1.7333053666697853,1.13486272380847,-0.8285964823976996,-2.1379217889720836
-2.6559767209524754,-1.7136806421583197,1.1238100721241144,-0.9012162346025053,-2.1353450510878593
-2.653991704633246,-1.6818228514812044,1.1199878520869075,-0.961667881160288,-2.139955241925187
-2.7260469896197064,-1.5647878492566023,1.104919534290681,-1.1461422172634084,-2.1545263259953513
-2.7741857110213926,-1.5008712755793614,1.114563929803646,-1.3142153963754473,-2.1704025800664466
-2.7939700971607833,-1.5451879868461589,1.1142426647964343,-1.355274828648141,-2.1821709828242954
-2.818945931737723,-1.5157045048233977,1.1067608281541674,-1.4800173776586019,-2.206067289563975
-2.8315905434357327,-1.488956417509232,1.077524137089134,-1.5706603285364693,-2.2130211580455597
-2.8921251284498517,-1.4064632232462488,1.091714536687363,-1.7372332210579924,-2.2171628539598327
-2.920661946789723,-1.3675998164157919,1.0763042753366592,-1.8743780932909597,-2.235387390738596
-2.944877922886818,-1.336097013415565,1.0508835593409234,-2.010343544766527,-2.2483817761234963
-2.956775630464411,-1.3468460852717135,1.010372492909468,-2.116679219226934,-2.244743446693311
-3.000978126994872,-1.2946920616270021,1.0111212494514588,-2.2357507811313395,-2.254772434202765
-2.990601164652037,-1.3204361927992159,0.9632784604593749,-2.254786213320292,-2.2334191569956534
-2.9814628665013054,-1.3949486994344231,0.9792134542607328,-2.1995111811491466,-2.2500421630066603
-3.000696698525732,-1.311812860779045,0.9519569607731054,-2.263058132539395,-2.230554251855406
-2.9935597397675884,-1.2746007237601606,0.9434378333373039,-2.337832271523956,-2.228975532070863
-2.985974409376229,-1.3397044443077513,0.9417769432720892,-2.3141413437365808,-2.233592723694186
-2.9887217209328467,-1.2986868798866635,0.9235844375498189,-2.394461462099823,-2.2474826783599235
-2.9934917739690032,-1.2563645107385724,0.9184903228309882,-2.497777526407237,-2.22237257490091
-3.0248700085569262,-1.1863210348047704,0.8912121645524276,-2.6264100824625163,-2.206593184682792
-3.0383405690613046,-1.1339649438328785,0.8776317607139034,-2.7221397605018063,-2.200533760738056
-3.0563560783217167,-1.1338217776484012,0.8530540615726123,-2.7616314781722746,-2.2154738691895184
-3.0906326000477615,-1.0852723829646773,0.8207504292726038,-2.879664259584208,-2.204576053960524
-3.0722331642209646,-1.1431193175878498,0.816492558465049,-2.8753042513009768,-2.2051987859110955
-3.0630181757102104,-1.1985218876400738,0.8336219348425379,-2.829459714783247,-2.2111144204548676
-3.0538631019534788,-1.1861982648523577,0.8270970809954113,-2.8469800318133704,-2.186844170062054
-3.013987714382579,-1.2743670604092743,0.8153684583961482,-2.7450511800229482,-2.1833707386402392
-2.9938104720494754,-1.3030341706927058,0.7986796990428435,-2.6956003129035433,-2.1927161459117643
-2.989345375205896,-1.192715016891685,0.7991913429010661,-2.7764685430712976,-2.185800259456022
-2.9970016829882393,-1.1900536459080542,0.809497025867459,-2.7847290642622045,-2.187915217743429
-2.9961961627412097,-1.195534794870339,0.7929285020013505,-2.7843505743798147,-2.177099470688013
-3.002252341296365,-1.1716658073334445,0.8016914755516775,-2.796645261297149,-2.1699198243768696
-3.0140249957750878,-1.173474328093864,0.776770531592586,-2.7929002553912188,-2.1801536226008906
-2.9655571325477164,-1.3077128844548649,0.7951434352517583,-2.654139216863066,-2.177709834517612
-2.9720026175919974,-1.2755716976626146,0.7861816539753353,-2.660457115462632,-2.189819255621915
-2.9470430807684385,-1.3187243893634115,0.7938703432928945,-2.6083525596121477,-2.1760334534015535
-2.9484955037480627,-1.297427055817198,0.7855924686309679,-2.5962289693685383,-2.194247376661035
-2.9526264691284814,-1.2906292024782382,0.7928365806179944,-2.5729999499361145,-2.18834757528898
-2.9645908897352142,-1.264178844612517,0.7792337629898178,-2.5338308675670658,-2.1850273192039618
-2.9682025133704593,-1.2512023085373614,0.7920347480004514,-2.5466999299787245,-2.192065639162491
-2.966855520406817,-1.258538332016578,0.7907126405405205,-2.5496097246569573,-2.1745207193594505
-2.9531129078296807,-1.272729206226317,0.8108940372825172,-2.5256054678904793,-2.172595664105855
-2.9340650670934014,-1.3309078463173714,0.8272871733089875,-2.433542420112232,-2.192454324837113
-2.917717493506391,-1.3204636820017168,0.8059240657532808,-2.431815479915231,-2.1672881391660423
-2.881232639821945,-1.3817628155943082,0.8256752976726996,-2.3470898399464373,-2.1812465105694128
-2.9177088092383814,-1.2891266467533165,0.807435587076203,-2.4198535518500193,-2.16010894879567
-2.9484952909490634,-1.241354256721818,0.810230187864674,-2.491645941956645,-2.1558886531202677
-2.9440410308791276,-1.2926193401996087,0.8314545262648516,-2.415350940098888,-2.1609318716123203
-2.966470814933348,-1.241181978111175,0.8429013271257936,-2.4551062886015793,-2.1669932480305536
-2.9329481903375862,-1.3133347772642803,0.8338309525247891,-2.378543698457203,-2.1793914673865338
-2.9197403412129264,-1.3773781203993518,0.8449796953660387,-2.3176145479930095,-2.1822439647502803
-2.8834474080379247,-1.4052962927589203,0.8445526665971802,-2.2761943976194035,-2.1741448213074097
-2.8797182800386794,-1.4190365502587015,0.8493726560394971,-2.23655248093786,-2.165453589997896
-2.8311555531209915,-1.490935416358894,0.857585313163961,-2.1027910814702184,-2.16891902728373
-2.8129541219872216,-1.4559278811779797,0.8318266255049035,-2.061035561684784,-2.169921333224709
-2.779426256727689,-1.4633150599720424,0.8632592676138743,-1.9795898676499168,-2.1568957267087687
-2.802748483544815,-1.45163647232554,0.8602695974536395,-1.9710120411817411,-2.1597888165384287
-2.7903142265154925,-1.4708434981965128,0.8525322291782155,-1.945937392109834,-2.1668931179218425
-2.7612322272282035,-1.4933893247493957,0.8713374113926874,-1.8745920381387982,-2.1555118520923924
-2.7667846620889733,-1.5174330738398476,0.8773534051369541,-1.8356529547568807,-2.1794043975663318
-2.7543082220942816,-1.55467045174275,0.8882120373375757,-1.7743941805618313,-2.1666772067294175
-2.7316436510703803,-1.536094039638204,0.8827814032829912,-1.7406234629787722,-2.162608216679609
-2.7533247255609306,-1.5199455058606388,0.9124565499385666,-1.7158549933394132,-2.1751154227511216
-2.751527372596595,-1.5241743809833108,0.9137075434290723,-1.6980857635930338,-2.1543311088215056
-2.7555207680394975,-1.5284352134106676,0.9168623626948587,-1.6451951593858707,-2.150632302275531
-2.746294999538903,-1.5239833122402835,0.9161532407168343,-1.6393071835227182,-2.1534896497455223
-2.729681723167207,-1.5878024619458668,0.9303700770649634,-1.534079145633558,-2.1551090960818318
-2.6960690713629836,-1.5765995990903212,0.9489842870424733,-1.5329497479673495,-2.1558772442630976
-2.686697126649917,-1.5708214258221727,0.9510568126281168,-1.5001912022956971,-2.1561969132553864
-2.6963807782075055,-1.5411080590832262,0.9691828592135346,-1.5263778537079773,-2.1498451887678485
-2.6983845778137825,-1.5127849680390215,0.9715424993157198,-1.5283674920216728,-2.1381303236246954
-2.7068240077887835,-1.5473549308628198,0.9555703463608964,-1.5048050491743676,-2.1693172413921724
-2.7237106678331466,-1.5278281980291264,0.950606589947253,-1.4963764552306478,-2.1629493995497016
-2.7354062168155804,-1.5482033698856594,0.9552295669821205,-1.4675852500358255,-2.185621744436332
-2.7196097086922895,-1.517395948891858,0.9722235578292565,-1.5070777152034778,-2.1845607567807974
-2.735551750978652,-1.531993522616508,0.968754878758311,-1.508753747511519,-2.195177885604335
-2.7509730856189365,-1.533450892702831,0.9758466348825617,-1.4888014248051564,-2.2008978043888052
-2.7297569074434382,-1.5926449910970797,0.9753342481776004,-1.394134976748895,-2.1943987177063695
-2.746350634239434,-1.5745212533051123,0.9858434939078062,-1.3930226819358464,-2.1931952443362976
-2.717951946156002,-1.590406117489536,0.9991634052601118,-1.3891882346620987,-2.1831668029827633
-2.70886751364503,-1.6187068160355411,1.0095418198474626,-1.404506560337491,-2.179219011204876
-2.705224319608342,-1.618245243617956,0.9859815470635384,-1.3877415520386043,-2.1942018584940874
-2.708961173206139,-1.6174682974057129,0.974766206719422,-1.3591478952060891,-2.1802383670679477
-2.713017533694486,-1.621409794821946,0.974824772511947,-1.3619526233960684,-2.1878802738080165
-2.7234627530716464,-1.618056674371972,0.9799686531272568,-1.3475065889909486,-2.178358533334936
-2.7077662736236183,-1.6207019865892833,0.9795968250332546,-1.3438021574104118,-2.1732540834823797
-2.6995342242286813,-1.627591205527084,0.9807563670204625,-1.3115554485295509,-2.164306963366751
-2.6990268594410756,-1.6387141256960875,1.0068286440840948,-1.2976005574898861,-2.185024831078678
-2.721501846455594,-1.6383749494066402,1.0214943796208886,-1.2879471670178408,-2.1871273068021675
-2.717586638678958,-1.660276875049524,1.0180107555704891,-1.2617503829201004,-2.1826974962295647
-2.688795053627037,-1.7127883344080512,1.0131158687553392,-1.172509483897361,-2.17026966216254
-2.6556814142749787,-1.7370251741230738,1.0213834423579298,-1.0737833429046129,-2.148922694862232
-2.642494893461817,-1.684679135056908,1.0224427235674416,-1.0872642609519894,-2.1660061840133626
-2.6579048521802755,-1.6552418882587647,1.0134019075563816,-1.0504608584054382,-2.1413333468055447
-2.6606423767594505,-1.6491311406447218,1.0298715824702627,-1.1009249480454497,-2.1588026947700225
-2.646460515023211,-1.6425996804351477,1.0501975233803829,-1.1190257340691068,-2.149750592574446
-2.666649761315786,-1.6487933336895182,1.0539528386713801,-1.1187623127645647,-2.160904505161058
-2.6632184933028378,-1.6670139785706466,1.0397536208853848,-1.100617801226351,-2.1366812188325635
-2.64079740241639,-1.7028455915923213,1.0555231684737079,-1.0538446268985977,-2.1588207513887445
-2.6413004895359884,-1.663807302199615,1.0650759315421958,-1.1138979057586695,-2.134738689619943
-2.654249093161225,-1.6606374976924394,1.0523856955730482,-1.100463072815707,-2.134631693438884
-2.651703324182335,-1.6619266692479868,1.0493049396469762,-1.079942998252225,-2.1325519014356398
-2.639409294075435,-1.664298170919681,1.0552361529705436,-1.0403367159809316,-2.1335051501682445
-2.593442041846561,-1.7506434524602188,1.0468094434383561,-0.9120469880306185,-2.153603082434466
-2.5793691159897074,-1.7498897139575569,1.0543675490100934,-0.8834011519156867,-2.1307581730204372
-2.6267168133282084,-1.6664895411188707,1.0471237040959023,-1.007363711390883,-2.165574408047195
-2.6635856919347023,-1.6475732844162772,1.0314320334336335,-1.0564146211605518,-2.1694812679026874
-2.6440163821402525,-1.724404670408843,1.033743648865309,-0.9616435247395403,-2.1367405311935252
-2.6536818445781507,-1.7195120783893807,1.039368618109131,-0.9670202128547133,-2.1588528505289926
-2.624988125180382,-1.7816977321495242,1.0697814888872872,-0.8898029334039634,-2.1495014481296537
-2.6058315601676316,-1.7941519751109944,1.0480036966007729,-0.8457480842440552,-2.1416512877055442
-2.6033034628113216,-1.7606923131510315,1.0564144157724902,-0.838443555361337,-2.1338330083973154
-2.5748721792544003,-1.7736209120410704,1.0758509194655144,-0.7707602718955442,-2.1186341043911177
-2.545426149978899,-1.8127116763061708,1.0831152601152028,-0.7090180843059046,-2.115048681730606
-2.562422186387019,-1.7756216750985885,1.0868249369123821,-0.6906442977013015,-2.1174816750571974
-2.533659516759564,-1.8004966107810605,1.0819982384517906,-0.6578303565074551,-2.096670483531931
-2.517452938289406,-1.7892509137238413,1.1180989271826054,-0.6324334495282468,-2.0988775486470677
-2.522226642596698,-1.7770829312879348,1.125957891829363,-0.6479360128624151,-2.1171524481511623
-2.519383881331121,-1.8121991942726823,1.106247601499089,-0.6475638826788551,-2.1199131276352072
-2.542915948445949,-1.8103250779421383,1.1166386814307212,-0.6371039505208667,-2.125859115118195
-2.53582710115679,-1.7974651686607874,1.0993044873852633,-0.6420076153122968,-2.130100176565319
-2.5360047682282296,-1.7947095381821927,1.1222509546524901,-0.6440426804275308,-2.112680690247137
-2.5429895447584756,-1.7734086697352707,1.1199360671613745,-0.6816379135589234,-2.1227137995719376
-2.5601742198467337,-1.7681446008789488,1.1071149165540706,-0.6897276213244636,-2.1067296359293457
-2.5238504058169546,-1.8133939072292935,1.095163957957725,-0.6175957242189087,-2.1008796544667154
-2.5453949012566968,-1.7917190184514344,1.1020652796784245,-0.6249953516135194,-2.1095142763775474
-2.5254426616067636,-1.8437467666410658,1.107496772813094,-0.5552727041301342,-2.104960337740032
-2.531747576621662,-1.8256754920782619,1.1023838034523794,-0.5730136852911039,-2.108292939533715
-2.5322002644156107,-1.8419911099277289,1.1146649357055198,-0.5287591530513734,-2.097526451620383
-2.531320495322078,-1.881271228483856,1.120491646907204,-0.5066838263638813,-2.1030741433844176
-2.4800864641499816,-1.8708087185335698,1.1114856785997784,-0.4602592515897141,-2.091108096780405
-2.4756681414090913,-1.8568744619470225,1.124302804098274,-0.45876046714472896,-2.086183756445343
-2.4821855387969785,-1.873816636601185,1.133478446396408,-0.4275493351611979,-2.110722473172441
-2.4887019076075663,-1.8863172309773215,1.1526041715763928,-0.39394171284489243,-2.104967010293968
-2.4774113838191467,-1.901953473286284,1.1514111384533212,-0.3441400745569225,-2.0901508938048456
-2.4777259877081566,-1.891812378292272,1.1498713318806886,-0.3722921130572619,-2.0958568173396754
-2.4860154394524936,-1.8830882319991173,1.1427030463495937,-0.38242608838983927,-2.1030271182990474
-2.4707963093014396,-1.8666439661566145,1.1396518818736079,-0.37887637388579914,-2.108531522384128
-2.480398399930127,-1.8902247183537129,1.1410452097425232,-0.37453071255406467,-2.0952836469022134
-2.480184960938115,-1.871813744043699,1.15804361876491,-0.34672609512393887,-2.0887269240706794
-2.486083230637466,-1.8911943623487584,1.1657754007941172,-0.34573331700011584,-2.095387996560387
-2.48025783613505,-1.8983513240690384,1.1845510457431356,-0.3508295943893973,-2.1026231823726023
-2.48654497172238,-1.891296744888231,1.1830694908461494,-0.3460489644049462,-2.1122610293241264
-2.4768677955062226,-1.8859229576739907,1.1698051698541254,-0.34255412719001394,-2.0983107948970274
-2.465182990845098,-1.8856420599910997,1.1772313936501806,-0.334287298371142,-2.1072740795489637
-2.4614961974829987,-1.8780301027589488,1.1811028147442157,-0.3653106027858238,-2.1003860017256515
-2.447447444999714,-1.8785720407030027,1.1723334956468732,-0.34657471836633336,-2.0848101940673547
-2.441308403105194,-1.8871169649444206,1.1609456416004538,-0.3166854163769629,-2.0817719925068525
-2.434968092943078,-1.8959144431499344,1.1533105413214448,-0.28292529318317294,-2.077894857212795
-2.435636583296403,-1.8995791301943077,1.1598234247523993,-0.2864298309302704,-2.0645589133471627
-2.450504417599094,-1.9014078120651,1.161264075834221,-0.29008356454968715,-2.067253716794074
-2.4371285244953182,-1.8851290962553242,1.1837756948618858,-0.27548377288876114,-2.071570977272029
-2.4373696353212417,-1.8852105645271022,1.1996282704682726,-0.27693419155973203,-2.0741330331286054
-2.4734600835357337,-1.8689367985269938,1.1981008664658457,-0.30017754296629623,-2.0757326165783008
-2.4711801268278313,-1.8789541440729849,1.1936038600607572,-0.3146788289056265,-2.096562589115405
-2.4547188916327385,-1.8815826125485058,1.1875666461011494,-0.30457892846417056,-2.0962156149579405
-2.473913910750424,-1.858022887711405,1.1732976275916145,-0.3413988830009001,-2.1125974497833897
-2.510024595163297,-1.832769090291517,1.1733159539988107,-0.4094987634102791,-2.113569239888518
-2.512650764349016,-1.8718905408238986,1.1759457381655056,-0.3885129696718413,-2.112188133886739
-2.5067513872834306,-1.887622872229839,1.1824821778624026,-0.4084805652947288,-2.098676316999805
-2.5113838516931737,-1.8843317296689261,1.1607853038141953,-0.39625359448650155,-2.089174095348396
-2.4843147849753104,-1.9047045032470786,1.155451689658466,-0.40307158150106626,-2.097361310094021
-2.486629671744776,-1.9243361568483566,1.1351265201862482,-0.3765864935777193,-2.100883607084552
-2.4743685459954796,-1.9357136838713376,1.1370122057948695,-0.3415862523756836,-2.0879472188997177
-2.4647323007754043,-1.922251650876044,1.1484245452910022,-0.306345363420565,-2.0790858157038574
-2.469675157005926,-1.8992845022461073,1.146476402390832,-0.30409875522518587,-2.086089744025786
-2.4612530750968635,-1.8868483375180516,1.1694510728896041,-0.3274665066506002,-2.095174576529696
-2.4921441467920897,-1.898274372571192,1.1617241109158976,-0.3244258300666334,-2.10319878127379
-2.4941206794912234,-1.8964935921311845,1.156673965596258,-0.3294184952663966,-2.0902071585022446
-2.4816253154847705,-1.8853381433612302,1.1474279726435606,-0.37607266854303006,-2.0792261435424653
-2.472100594683816,-1.9098892821905844,1.1455411112873422,-0.35020221255994477,-2.059730140432544
-2.4844094762445805,-1.9152771572204008,1.1539434984992807,-0.3623587124130668,-2.0709253048924157
-2.487061710929461,-1.8841629798109554,1.150812171253059,-0.42617124015823465,-2.09487134839032
-2.4961121459556437,-1.8473193355096267,1.1533836462416258,-0.4776980433713871,-2.09097009905271
-2.4942106098377073,-1.8384967755521948,1.1625928175278348,-0.4925105969500357,-2.081933517202967
-2.499044246558247,-1.8376610715208277,1.1579399153923908,-0.4997971254067482,-2.0868559557722226
-2.518064395876601,-1.8429202001200027,1.1710708472220135,-0.4865725257837068,-2.1102635197589903
-2.5212467978628457,-1.8582023435963435,1.169468670956314,-0.46937904513220735,-2.1086539341232435
-2.5654268588252727,-1.7850430694355652,1.1661831562441702,-0.5793800249242235,-2.1280613756214106
-2.5542735958785205,-1.7606906998340375,1.1375742287922808,-0.6198312148302947,-2.118205048010822
-2.5498315478959803,-1.7734700951116635,1.1528306165255089,-0.6681591687263178,-2.1076614282715878
-2.6033092256855843,-1.7580931868606335,1.1432327536797748,-0.6864834294974093,-2.117222356546441
-2.59889445327557,-1.7476101600100473,1.1348537033769313,-0.7035871747510336,-2.1089659429547045
-2.601951047647018,-1.7439882806490998,1.1277932799540726,-0.7372262237882055,-2.1328001945429347
-2.610064762249751,-1.7432331371724838,1.1204840485764505,-0.7584295321812021,-2.1391030450869684
-2.614042004039144,-1.7298677670662896,1.1205780459532129,-0.7797534357370505,-2.130355216049424
-2.6301056181795093,-1.7242180575309298,1.1278518410932943,-0.8121821518156314,-2.162307087549149
-2.622976154877756,-1.7369290863421292,1.1419947712843546,-0.8151944168772579,-2.1649951708825843
-2.625841649801997,-1.7518205715558324,1.139923943665177,-0.8344383506740091,-2.161016234551652
-2.638926531204721,-1.7591993049901853,1.1333635574382517,-0.8720244819351348,-2.2012090335582095
-2.65548544818665,-1.709888269197708,1.142530243701322,-0.9067550659950716,-2.1696209454112494
-2.663396885983765,-1.6885040466883665,1.138236741428006,-0.953059264255853,-2.17942085433584
-2.680383170932017,-1.6763968050268,1.1260166958161237,-1.005207499130873,-2.1835324147219564
-2.687358592115681,-1.69196549144609,1.1059509648334165,-1.0080567384491759,-2.177708858402998
-2.6826233507613564,-1.6949444945333956,1.1027205595483973,-1.023918871108856,-2.1731866849644486
-2.66832001077938,-1.7039641039130817,1.090551747670469,-1.0368039500192074,-2.173281904475779
-2.6842071909379817,-1.6406690519354967,1.078495609097402,-1.058488185661757,-2.17507640938695
-2.6927764421031686,-1.6380382286115278,1.0766502076995295,-1.092226475259823,-2.179443577604765
-2.7007791154585283,-1.641631646767049,1.0606374709662547,-1.1367602124873963,-2.1813867396336204
-2.7078601545910623,-1.6218626533438278,1.0682271271328676,-1.1689278347400178,-2.1788601486658594
-2.7026745248881174,-1.6649785161651856,1.068874429318095,-1.1290798605995065,-2.1681765293822064
-2.673709958547143,-1.6935917979838546,1.0787115632233912,-1.0868412110069072,-2.1513447873345815
-2.664780232852616,-1.6926627733804371,1.0977754880693018,-1.0913313626477472,-2.19345837350472
-2.665720039150505,-1.6632775433493752,1.0915838201360601,-1.131367696946835,-2.1767121883617455
-2.682291445334598,-1.6476800692022289,1.0857371645351863,-1.170457348117648,-2.1784590713685854
-2.653103587138655,-1.6814172678391988,1.0850532357922058,-1.0991357906222494,-2.1612403286568895
-2.623091260770413,-1.7136542228307967,1.0886762306640823,-1.0288855845985287,-2.1732586829254434
-2.643742232493965,-1.707700388009993,1.067116245902687,-1.0285963617364413,-2.177265447556096
-2.6342452771467815,-1.7130452703999373,1.0712494480430803,-0.9939391371238829,-2.183773356407891
-2.660805182156993,-1.6961267473045922,1.0964293226238484,-1.0165864692704691,-2.179706862335301
-2.664872789268945,-1.7131615566165532,1.0931085741674602,-1.0209069515256062,-2.188444463816096
-2.6615799090119845,-1.6804421082277508,1.1029713856241832,-1.0586889644346498,-2.179377732908177
-2.675936436046287,-1.6502633831874998,1.0873605677040383,-1.1055326467064266,-2.1636725000112804
-2.6848191547783054,-1.62989316447908,1.0933385379291674,-1.1564796459814217,-2.176191346137183
-2.6777498582896073,-1.6396970839589808,1.0951358212632416,-1.1526104978950582,-2.1814174822190604
-2.689563359612814,-1.6497747214089402,1.0748270044563129,-1.1421180251886927,-2.175449188171383
-2.698584648317832,-1.6489639739442294,1.0864587245816584,-1.1662483258279377,-2.1909140464019625
-2.6957264119189346,-1.65394553978144,1.0809079105290291,-1.1759593289842651,-2.173811053215371
-2.691292375711524,-1.6454141003144858,1.0727546538514456,-1.1798069974978904,-2.19906664931732
-2.6907051888513487,-1.6695821609076316,1.0708052944837636,-1.128904082484765,-2.1857072794307215
-2.6628525265996887,-1.711621312438575,1.0826593568990661,-1.0681728015808831,-2.177413616125841
-2.648142889000091,-1.7219971422131297,1.0667060478213735,-1.02215127721766,-2.1526074833908155
-2.63942668309207,-1.711404057158039,1.0709500975931672,-1.0179483374191758,-2.148057263868873
-2.652772888746274,-1.64559771623191,1.0834429781907313,-1.0429344104617027,-2.1539501098151224
-2.7021447462904167,-1.6064200889301115,1.0808896559115269,-1.12631886638571,-2.1785645460242398
-2.7166793979891577,-1.5853356544541386,1.0845559559530689,-1.19640218684769,-2.19145963680543
-2.725609116553657,-1.5919520789652915,1.0708407918971874,-1.2695562686581139,-2.1830351958131984
-2.7361707278960896,-1.5900306897840362,1.0622454537975976,-1.3043756230993382,-2.2093458147222003
-2.7303745544899303,-1.6428768706191093,1.0427011290694828,-1.284151889577062,-2.203129905285491
-2.71826487927856,-1.6665786602764152,1.0448043233101185,-1.2830710637625589,-2.2144533491775924
-2.7065361155420837,-1.6937933548573978,1.0356517780878447,-1.2159731247872374,-2.202420285031802
-2.699089586483257,-1.7036344137810382,1.0370578129669903,-1.1549465923696647,-2.2182737956163057
-2.6949660722930897,-1.7147236922767264,1.0360672859225635,-1.1451524142220626,-2.202320984038791
-2.6781549608732687,-1.6997683496899711,1.0381431639560486,-1.1119531842703574,-2.1717384674104827
-2.6696068177637176,-1.689827116844735,1.0350784849767896,-1.1167310592746142,-2.1658514411268617
-2.6457203429888048,-1.690168396343954,1.048864623875276,-1.1248209744530089,-2.179911863980256
-2.6216854429767125,-1.7288010991494815,1.0727993693993791,-1.0802089074221113,-2.1752087837003025
-2.60935124897411,-1.6820486848622778,1.0784550623629123,-1.0592697424566366,-2.1637509721393737
-2.6155042810879885,-1.6853549042080338,1.056888932776425,-1.029229285779543,-2.150227709142942
-2.6113459377617403,-1.6907661954786384,1.070018549488418,-1.026171387744664,-2.1456648838994625
-2.613222343183775,-1.707519658685082,1.0814175485016808,-0.9931352948126477,-2.1381047362476853
-2.6176722458066757,-1.7043062665911208,1.060930987223908,-0.9521408192348413,-2.1528673142109103
-2.5945950268705285,-1.7452065426441685,1.054668994383536,-0.9431248815802998,-2.1695055479375815
-2.5854250639755647,-1.7673123694396782,1.065786829979252,-0.8988511032910512,-2.1651899267715007
-2.588626897333132,-1.7749104355048357,1.0784234921518168,-0.8666306652336564,-2.153660291803627
-2.5737788389935146,-1.7712417052823588,1.0637437784208692,-0.837165600451518,-2.14406130196249
-2.5645389514517967,-1.7727147716778067,1.0633884696529492,-0.8200791871154214,-2.1473949019883585
-2.554350250596235,-1.7899800929596497,1.0567777184307678,-0.7900278080678531,-2.1299699696356407
-2.5465107747353932,-1.7667916523989626,1.0648354479017728,-0.7888948917757411,-2.1275201034248763
-2.545510403936035,-1.7690409720386753,1.0578643293584746,-0.7713194141136902,-2.1447814061940624
-2.563094301906879,-1.7751780930377585,1.0632391714917528,-0.7459045890998091,-2.1326745317456703
-2.546709366983155,-1.808741571406386,1.0564971934582206,-0.6993820827560154,-2.1004227499695736
-2.5286528005395197,-1.8375938947130208,1.0697146873913486,-0.6538896068702891,-2.1204739221480793
-2.527877631546782,-1.84849962584462,1.0818689856455166,-0.6108788287624121,-2.1038035270766615
-2.5304246960324193,-1.8106043062377326,1.0791638773932124,-0.6268040703089583,-2.1105176394220355
-2.531363628625942,-1.834616494313476,1.0881903404349726,-0.598314884194566,-2.120367297317069
-2.5095853043777665,-1.8329226998446333,1.0910540151737416,-0.5568810426156119,-2.1208792158687033
-2.506128658305676,-1.8554274559911885,1.0922918478665298,-0.5438057258229814,-2.1095592235312677
-2.514463456707036,-1.8509036450791658,1.0929370682854345,-0.5150053812691039,-2.1231303755610784
-2.4975337687888084,-1.883496281610763,1.116749198576308,-0.4736978026260349,-2.123358458383249
-2.49536927285439,-1.901549335538431,1.1365074572231044,-0.4500715985562044,-2.093784759324589
-2.4748268046335093,-1.8919243060539908,1.141324257205637,-0.4063211397718399,-2.097044755780631
-2.476111642373686,-1.9036281867017806,1.1172861084419348,-0.36035540622650614,-2.0902111334627946
-2.476365691463573,-1.8978190178650312,1.1269594702543873,-0.3270722025681343,-2.074062702701089
-2.472195200840732,-1.885861000970574,1.1454511051922474,-0.3257724340724813,-2.0831583648535195
-2.4729547891339965,-1.8762755155895536,1.149897055842902,-0.2974138174524355,-2.0797924431252386
-2.4836848225587214,-1.8636632974434586,1.1560026408821984,-0.3124447690328958,-2.073790166451458
-2.4840525729713177,-1.8405574100546718,1.1559837441674816,-0.3463220302012093,-2.0897004135628605
-2.4971714310484936,-1.839058938407667,1.141563519023931,-0.35409924759361905,-2.0855747280741013
-2.506073699909653,-1.8535768422152625,1.1596162270418524,-0.3578145673874494,-2.090827941718964
-2.5036876672151416,-1.8500680612280367,1.1614804559132754,-0.3721889051494792,-2.0709259452817124
-2.5123292940103013,-1.8621961915682304,1.1417824817583209,-0.4008625003646112,-2.07169781856364
-2.4973659707559754,-1.8824383383007084,1.1333713509960666,-0.37497391607730257,-2.0707374297670342
-2.5071517865857107,-1.8669600818919485,1.1546870068416903,-0.37325610096093287,-2.0736403093408966
-2.5179387942535523,-1.8559842828953796,1.1479376366001792,-0.37914436090298187,-2.0772061566208793
-2.5131710031423427,-1.879388777445149,1.1527394054248437,-0.37319670777806435,-2.081748145073875
-2.5216406702649055,-1.8622081964823867,1.1635562852018873,-0.37680544515318226,-2.090285594020007
-2.506813633039449,-1.878600269755227,1.171439030922309,-0.34728631618580214,-2.089700872562168
-2.50607943917106,-1.8953194137890104,1.1539029855086742,-0.34265450383928425,-2.076361802330481
-2.4935827662668255,-1.8932601421851767,1.1472486291748125,-0.32833833048657657,-2.083562660233213
-2.4959961598975604,-1.8811864210058689,1.153940940300136,-0.3335572165956871,-2.0844291522912712
-2.4863490003145423,-1.8942108276824334,1.168746170176124,-0.3050104567532165,-2.106125910955296
-2.456326611420147,-1.8910691331010354,1.1611337182608519,-0.27064227447520006,-2.106713468869131
-2.464946095733426,-1.8950586244080203,1.1780901827718202,-0.2691190311073062,-2.097087115003768
-2.4465187095854843,-1.901480785698151,1.1578908983545635,-0.2531305348665,-2.0749586914798073
-2.441970416591812,-1.9083878056213317,1.1485824671609997,-0.24443056699366233,-2.0632755705227654
-2.445212213644628,-1.9108721403304059,1.1412287168005146,-0.23055621856202277,-2.0738272292878452
-2.4476900270772575,-1.9057011500261154,1.1453615768835401,-0.23025936732159036,-2.0653436170465764
-2.4429231022849285,-1.9039216977698932,1.1508549737101068,-0.21015912274897153,-2.058851744660361
-2.456441037519155,-1.9001685192954338,1.1546036212903463,-0.21791527113382111,-2.0858473308225784
-2.451236198414797,-1.9288465702487094,1.1503351514854339,-0.22157961359011097,-2.093842718774065
-2.4452818847683995,-1.9176223603767488,1.17172115916893,-0.2157802830193148,-2.082676471177752
-2.456968433894338,-1.9317879122109007,1.1851306491261209,-0.22430892422697482,-2.0843221136044794
-2.4486632772042634,-1.9264833965754307,1.1702880089399683,-0.23559769720045187,-2.0733894803723985
-2.447077426731266,-1.9380869906274951,1.1875777901084255,-0.24443644858642913,-2.0769819500365143
-2.4463605530537627,-1.9311306671049713,1.1852943068664519,-0.23117668797046642,-2.0837528203694373
-2.4456464572620558,-1.936082128249878,1.1869193057283107,-0.2285858990146364,-2.0794219975035033
-2.44881686856227,-1.9153741033113336,1.1938805773672858,-0.22126852943942552,-2.0555673576985094
-2.457651032242845,-1.9252716574407798,1.1857770218274999,-0.22412287127467528,-2.074376587510369
-2.4530825847783038,-1.9202992827771366,1.1870050635974487,-0.24364334123340464,-2.062626260500357
-2.4553339815295634,-1.925823068611798,1.1832389729158228,-0.21098517182714333,-2.070953555921788
-2.443158678388775,-1.907754268865782,1.1960823482392282,-0.21075109166442665,-2.062404756245843
-2.43844162334889,-1.904242283511226,1.2125115441825747,-0.211844647650636,-2.054992360071167
-2.4342032190240874,-1.9012169358853905,1.2121735633464878,-0.2223363321697868,-2.069770275087153
-2.4309420038209706,-1.9177648974071118,1.2095203945993143,-0.2348874025709437,-2.062603943532431
-2.443092937645556,-1.9287762782207507,1.2163661162845327,-0.25823940201181544,-2.084160883964007
-2.442211851233471,-1.926511414903641,1.202474562781837,-0.24949925272969764,-2.0591385739928225
-2.4478641472865865,-1.9275599161912331,1.217814281177931,-0.2651096883190444,-2.090222387079808
-2.462575331863139,-1.9111035537923307,1.1727935752986847,-0.2846315309793755,-2.086672054089138
-2.465413268233701,-1.9123788921820681,1.1779845911265405,-0.28199790758233717,-2.08782929033066
-2.447303177485607,-1.9370440893504548,1.1660991348421763,-0.2904056497867641,-2.0716105314387714
-2.4478675586217373,-1.915601148956355,1.1734658098994897,-0.31702609731107656,-2.082391179987109
-2.4627871025691475,-1.9087625706600388,1.1798209970529892,-0.3153616322029291,-2.0728768480992783
-2.4426993004976314,-1.9104511553058228,1.1927890234296015,-0.3226607948758571,-2.0600245535150914
-2.4430967495610525,-1.9315823449370866,1.191584731759557,-0.29360224675824537,-2.0567554621631343
-2.468419652637792,-1.9155635361578363,1.1632616434800898,-0.30576726983387587,-2.062340384700578
-2.452612156502463,-1.92605180138177,1.1801820745343194,-0.2765945189460197,-2.0553141872001324
-2.4411817747515037,-1.9049077970281678,1.1875714270938516,-0.25824412591962387,-2.0716327443287152
-2.4517731978073463,-1.872609801696256,1.1732922381314885,-0.3303703691670319,-2.096903334586309
-2.446596899137409,-1.87722359349729,1.1924823544117793,-0.31929216823543344,-2.075367133745518
-2.4544648428891165,-1.8685405944052167,1.1826970449276797,-0.3266385407441296,-2.0960206120072806
-2.4454858084739115,-1.8504283475161012,1.16961733634218,-0.3435665255228186,-2.08075528912443
-2.4643077467237307,-1.8647568299750097,1.180413944900544,-0.3574722820494985,-2.07690580120689
-2.45653493512637,-1.8827426493501878,1.1727655410053461,-0.33499031470575436,-2.0775780135587842
-2.447647229452692,-1.880721101833091,1.1592643469850041,-0.35593093459537095,-2.083321088356727
-2.4650784459848034,-1.8978323481984607,1.1694329767506502,-0.34897688428442714,-2.091559780462642
-2.474659853741541,-1.8759306520372694,1.154538702407896,-0.36674181905592174,-2.0857843135503424
-2.470514262081385,-1.8843557159434965,1.174353003652448,-0.36529462620957387,-2.0998438348948834
-2.4706865206214146,-1.8865999794649928,1.1810938299369613,-0.36227503009174794,-2.0772297704912988
-2.4921417329593174,-1.8513422120280845,1.1740941462868377,-0.41766089033674375,-2.0866098848411023
-2.503168224382419,-1.8592852560498367,1.1635004110239757,-0.4139427021963559,-2.0997402635338336
-2.516820898840144,-1.834417918057582,1.180020282329208,-0.42418429675581426,-2.0995447420805244
-2.5232326160612857,-1.8045861186613326,1.1808017137838716,-0.494603729367844,-2.1069562235799943
-2.531630969193689,-1.8127348766600422,1.1860530904262614,-0.5059459866639622,-2.1213348605091586
-2.523153256153604,-1.8268760930806742,1.1781307998561195,-0.5086260605049769,-2.09659813991602
-2.547559112768617,-1.8137667549326753,1.171776900928825,-0.5564469763433537,-2.100478834177344
-2.546059873980847,-1.8325903653882747,1.1557995474055534,-0.5305834432568982,-2.0842011442243256
-2.5225073506203706,-1.870016368711675,1.1487830061911783,-0.5074511016976895,-2.1099636562159376
-2.5465030431588302,-1.8414959524493888,1.147020621310072,-0.5572038714322917,-2.1213056408647883
-2.5213616292290717,-1.849399340104091,1.1493489661978866,-0.5091101796328873,-2.1121219888395575
-2.5178470921900487,-1.851845679340176,1.1339447384833476,-0.5109203693948698,-2.1072224594016347
-2.5129379744718308,-1.8388350854152036,1.144159606726697,-0.5369055937721643,-2.103787950327102
-2.5019612634865185,-1.8736507270415172,1.149243192919555,-0.4840275471870745,-2.095034705968095
-2.483467639782129,-1.8844987842927372,1.1622279265918396,-0.45754960297354585,-2.09230756493273
-2.4917745553660757,-1.8600747295309137,1.1808750099187566,-0.47797433409468754,-2.0811852109149935
-2.5141157999496895,-1.851230201261231,1.1825983968039995,-0.4897001512757214,-2.105768586884044
-2.516908274070622,-1.845311571093075,1.1698232743230481,-0.5126389015475387,-2.10948657431176
-2.5304493896840294,-1.861415373583788,1.1679116051572216,-0.539014251424169,-2.0990213501822996
-2.524437470152049,-1.81213131602253,1.1607729858808113,-0.6114416156189425,-2.1262623782746943
-2.543461980777444,-1.8186452022202082,1.1544641300699434,-0.6574113951546561,-2.1552568077437813
-2.570360479366794,-1.8127702633129898,1.1564710291325886,-0.6953112791618647,-2.137572396847859
-2.569806318108364,-1.8460205701723404,1.1434623494362712,-0.626933821894568,-2.135205751744373
-2.6140796805728432,-1.7498762264786352,1.1490828879388812,-0.7534330648548393,-2.1421861748857483
-2.6299218591869287,-1.7489742011512226,1.1616785738680728,-0.7779272807072031,-2.1393473376081733
-2.645302544840102,-1.7214477045186076,1.1632940143283148,-0.8804095374798407,-2.1529828274306446
-2.638265668191325,-1.7424524955658762,1.1484114794234348,-0.8821703980721236,-2.1352714787087064
-2.6379995132516516,-1.7474242725819729,1.1435848035588136,-0.8789592181679384,-2.146364758240754
-2.6290285993078655,-1.7377098595835434,1.150596101957864,-0.9023265361114003,-2.158569062574109
-2.6641327555731062,-1.6719362807946867,1.1489115147559497,-1.0170162699533927,-2.17236085773028
-2.6499286863884257,-1.7210081460851174,1.1352264102286245,-0.9634749955591729,-2.1651087799458493
-2.6902154519022647,-1.6530651650105632,1.1370066397842487,-1.0928744915148976,-2.174414685999037
-2.719472870542743,-1.6050061044358266,1.1416959502697799,-1.2192205240875018,-2.18967972895275
-2.7451292823078717,-1.6233087445997145,1.1371870410986928,-1.2731644939599265,-2.20206576534941
-2.731645907895419,-1.661226440566673,1.1007424844716014,-1.2364955960214432,-2.196784879769722
-2.7381844957706973,-1.686150197273254,1.0949621443550184,-1.2011865142997264,-2.21135635794447
-2.724359392678307,-1.7189827914794444,1.1003939995654444,-1.1677716391194775,-2.2047358324586512
-2.6802401695496334,-1.7622921257150812,1.084281844407605,-1.087501477741243,-2.2111968977474574
-2.680124033748329,-1.7500621878246885,1.0607324924234536,-1.0968528663327222,-2.186557416091424
-2.6725118931626106,-1.6902155217613077,1.071415122120208,-1.1396211828846732,-2.1980569658703413
-2.6515757503728676,-1.7193954132365639,1.0535082931101745,-1.121296704354307,-2.171422966869642
-2.6360541858051922,-1.7289795556562446,1.0692244726957911,-1.0562386117527105,-2.18271497916644
-2.6081473307219984,-1.7142758292040086,1.0451137274452744,-1.0450035639407957,-2.1921174611827188
-2.6360635975231146,-1.6646939993765988,1.0482266397877626,-1.1074370487860798,-2.1857141856917464
-2.71277077514209,-1.5349887683550774,1.0610874551881972,-1.2830014034842985,-2.1826967994714392
-2.699158496937354,-1.6582022893523933,1.0651418944114555,-1.183264643195797,-2.182569617532032
-2.6653760055259834,-1.7324201841262994,1.0577729005637673,-1.0908803120611525,-2.1866735658508527
-2.6632809073963304,-1.7181187938699982,1.0610743048948192,-1.0815906247685039,-2.162263698726144
-2.659598402233136,-1.6888748113016248,1.0723518582712546,-1.1157533608323997,-2.1540488259313624
-2.6626135152335255,-1.6598305943549485,1.0701307283005874,-1.1144455204260642,-2.150974393634294
-2.641127567860787,-1.6862774030574186,1.059284203030215,-1.0699269308587833,-2.15220538930574
-2.6309202065013895,-1.714641640471843,1.0642937635693306,-1.0097654170707904,-2.144332754510877
-2.6027613640613594,-1.7252058238691472,1.0641548524200355,-0.9829196344717065,-2.1444857314660446
-2.592969090714584,-1.742361370964909,1.0664481839682307,-0.9432798392130546,-2.134414674459883
-2.5861109406026923,-1.72663668257694,1.0690825964845712,-0.925743016882335,-2.1449828807719187
-2.575772986670501,-1.749074191241113,1.0712134881850832,-0.868741813402163,-2.1321555780252615
-2.55454447424454,-1.7611911642224647,1.0831389257615207,-0.8341871871837434,-2.1170685328099164
-2.5532338341904395,-1.7227981995928514,1.0805804912691173,-0.8455973390645994,-2.123420070313247
-2.6133488800467313,-1.6824351639976927,1.0758925184012327,-0.9190375392261892,-2.1270196971584534
-2.619652784134472,-1.6761674536099798,1.0711467095693852,-0.9144311128526351,-2.1240589173384055
-2.5972807391007096,-1.7222110949860738,1.0682102983313304,-0.8931871590601088,-2.108677675424795
-2.608037804125377,-1.7489336884455136,1.0706316306977754,-0.8842201868554669,-2.133273228161297
-2.60300672272165,-1.7551515510363846,1.0842832308153005,-0.8576881321350562,-2.145226203720264
-2.603264768514435,-1.7443304259909216,1.0819905689352947,-0.8635878136649766,-2.1302045565059773
-2.5753063803878207,-1.7982717636265024,1.0791841996298268,-0.7891148540099902,-2.136185838100379
-2.5668196434881736,-1.7963651054482526,1.0836640847648569,-0.7713992925051226,-2.115355893433363
-2.569263374076223,-1.7598748466661795,1.076210520763225,-0.7803811190298154,-2.1092054514686853
-2.5499444271897262,-1.7776549629885285,1.0770377383771486,-0.7570919936449255,-2.1058826106474555
-2.5108981473183447,-1.831565237642442,1.0835514971043876,-0.6504892612009869,-2.092638214502302
-2.5119139024033768,-1.8059206280293933,1.0880274301865576,-0.6345592999980549,-2.092528860054868
-2.5181901607091293,-1.811200488024446,1.0955028442882266,-0.6106279392148325,-2.120656483288557
-2.5436346795668303,-1.7756928645170353,1.095274931679352,-0.6794185019494549,-2.137082468617045
-2.5637223202824404,-1.7455551372225229,1.1010893346671087,-0.693326516771745,-2.122165734055495
-2.581056176862798,-1.7566050374388797,1.1085346331273669,-0.7231257825360734,-2.1276599620207612
-2.5870608827815618,-1.78808422496368,1.104966752390306,-0.6633082316396735,-2.153693634249623
-2.5869695298774023,-1.7710683830189133,1.0988998296602714,-0.6617812385694478,-2.140598323971239
-2.591973374892515,-1.7556079435580754,1.1063215653814575,-0.6674842960326662,-2.1227481669180426
-2.5949531171630658,-1.7474044484368862,1.1318994415166979,-0.7077876969353032,-2.1271497650555733
-2.56871008014924,-1.7631564313413974,1.1386453046222575,-0.6861898135375514,-2.1208988116463203
-2.5828964916910446,-1.752291797600025,1.1398655705314729,-0.7030135323351725,-2.1147795872642043
-2.5599758323664292,-1.8424680978769812,1.129708656545967,-0.6314116496310828,-2.1030594913485694
-2.547724173506968,-1.8056934379867062,1.1155322305854614,-0.6395356625874556,-2.1066635229968043
-2.5599376448146582,-1.7617104074048935,1.1185364019892319,-0.6715591417034256,-2.133138787150743
-2.5501105999666995,-1.8184073743546785,1.1147842024300159,-0.6302447143993576,-2.1088134764440922
-2.5580804039722453,-1.8100512201181151,1.1122483987771414,-0.6212951033586585,-2.118371618850495
-2.5568216002200472,-1.7874769284714962,1.1331996443149317,-0.6563733854603819,-2.127726860346423
-2.544554414931843,-1.8306410707930547,1.1287862355851854,-0.6061819056200611,-2.1241494704719788
-2.5304527813212894,-1.8515853973799856,1.1174180794014847,-0.551401866079404,-2.1181060251415267
-2.525835263212042,-1.8586314144114193,1.10758961005837,-0.5136690292239502,-2.129959140484475
-2.5200795810483916,-1.8837087218579243,1.1167069518506738,-0.4944442301426491,-2.1161134873705705
-2.4952642631985795,-1.850406441295351,1.1330174825141077,-0.5132990438369179,-2.1237666933244914
-2.4996588200000636,-1.868291321352718,1.1277732673945864,-0.4744574811414781,-2.1147129862955802
-2.486766278658457,-1.885586614136083,1.1512144741214045,-0.4371697877884264,-2.1096486385644684
-2.4885060414421463,-1.8754983958944644,1.1636279541168726,-0.43102270107939716,-2.1056315528495664
-2.4758018209571278,-1.8773147104933496,1.1513501273308724,-0.4004332002625223,-2.0905797348614974
-2.462120603971928,-1.878957197704711,1.1410365298296745,-0.37026388313731,-2.0726607531290595
-2.4713600004904093,-1.8627070093970626,1.1107183495352262,-0.34653220947414565,-2.0741129997720242
-2.466667492119845,-1.863435252792357,1.1178668392693865,-0.3495677500858357,-2.0653842839466834
-2.4705563101720456,-1.8818149510689146,1.1357501445521156,-0.3323904246059451,-2.0650842555323807
-2.503529078033662,-1.8417694032935334,1.1432191296101994,-0.3797037720566955,-2.075706024917161
-2.496386167106995,-1.8473854693955962,1.1506081101891563,-0.35885955677623854,-2.071183929048914
-2.5097643283234645,-1.8815194348505628,1.1495460239093145,-0.332076785157138,-2.0855504422549407
-2.4833001965792145,-1.8734608087821625,1.1551420402945973,-0.3191206310414083,-2.0636009633476586
-2.4930941784753156,-1.883741432389535,1.1563520052910066,-0.3114191881270801,-2.0931287144893047
-2.4883734635058925,-1.8586596477684776,1.1610106013258852,-0.3438493497613117,-2.1112830728248677
-2.4996727016644296,-1.8280042458992185,1.1535026358418954,-0.3711344071728303,-2.1026324372385847
-2.5015514050291787,-1.8661330991700222,1.1642031095938885,-0.3617250233516737,-2.094410935557997
-2.491261817539658,-1.8750617585037732,1.1778326776112973,-0.36865116609323695,-2.0911777100167375
-2.4861630250009017,-1.8723211340905388,1.1865787605314904,-0.351435151314082,-2.0868924071632318
-2.4821215668947607,-1.8797774661106637,1.169411346428806,-0.3474281245948732,-2.0759214808955266
-2.479907799231582,-1.899132462733577,1.1688772415503597,-0.31685098996853256,-2.0737129177786766
-2.453266349475501,-1.8704269288371327,1.1666857843310254,-0.2977644643704749,-2.0682143460685
-2.444757484541031,-1.8808614034137392,1.1552595186370225,-0.2941316850896664,-2.0850288104314187
-2.440125627945182,-1.880918109242119,1.143167658359989,-0.2768331710871877,-2.0848945061699666
-2.440112395671656,-1.8995360172776323,1.1516184290726363,-0.2763698945348876,-2.0874935929731135
-2.430928172449517,-1.877716635639613,1.16709248569674,-0.26691249528465094,-2.046133787789801
-2.4461275963438824,-1.8895123823983053,1.1816038229452568,-0.2719705496931654,-2.045465525327787
-2.4286342626073676,-1.9027618939399649,1.1575890484368032,-0.22485281379713523,-2.0480928528078834
-2.426227119624972,-1.9249028443852456,1.1637940130600999,-0.2174644311283946,-2.057649487359669
-2.428432999128113,-1.920022647417611,1.1716375379043535,-0.21808184821572593,-2.0344553782093735
-2.428205998955891,-1.9375287843824665,1.1717598585717355,-0.21796200763603196,-2.053503875597682
-2.4288883736590505,-1.9440519149866833,1.187105482921225,-0.21561269385467996,-2.0575866276038
-2.4277645680128956,-1.9391029043066086,1.1827501835057486,-0.22011752779320498,-2.05262488862569
-2.4228884734811973,-1.9388499810509792,1.1944639838010491,-0.22855575759023367,-2.0602048217674844
-2.4313278710516055,-1.926721541245243,1.1976265961617667,-0.2104828577169938,-2.073056041374944
-2.4649366707232154,-1.8852757747516304,1.2106398257283746,-0.2960567378129922,-2.08106291168293
-2.480333223804601,-1.8333534178016997,1.2145459197346775,-0.37547229574387675,-2.0899804926542327
-2.4908552421140326,-1.8361296270365415,1.1961870141878603,-0.3856044588636951,-2.092931278335618
-2.5004031173194066,-1.8822569462100605,1.1905880424721424,-0.3689319770927061,-2.0944297757268835
-2.4943393452987896,-1.863706953352305,1.1988068947995487,-0.3992149057159893,-2.094445029398622
-2.4856836008143466,-1.8881040739371953,1.1986179051786197,-0.3690948663302279,-2.0796484924180496
-2.4941739027214735,-1.9008265372169157,1.1960368924539895,-0.346398223960223,-2.0692077186479105
-2.486050607332438,-1.9066413576891414,1.1774533791916657,-0.33435274973223356,-2.089019197975557
-2.4702341126200715,-1.9139020939610958,1.1705267896940832,-0.30880345574297924,-2.0822017561547557
-2.5026000580489653,-1.8792969464344684,1.18136393345737,-0.379289123111717,-2.109045582525862
-2.5203436766822924,-1.8358763733174137,1.1938196416277098,-0.44197965659768124,-2.1067645379706295
-2.4998238109758386,-1.8802865205599504,1.1899809471217802,-0.40030013459991826,-2.078680519985712
-2.510552086597658,-1.9019741902966123,1.1803527046247457,-0.3812660092764164,-2.0828445163343106
-2.5031665641917282,-1.9027527716168773,1.179849046899791,-0.3786485535407812,-2.0929458312807006
-2.4967729581932208,-1.8760940072848136,1.1743584334729025,-0.402574589173743,-2.0894626938583545
-2.534770981162816,-1.8179831397128685,1.167790445043527,-0.44360472354694835,-2.104440674204309
-2.5023090336666964,-1.8831038918259202,1.143198923294543,-0.427921291332171,-2.1049965802674
-2.5198409001326856,-1.8720090057773195,1.1518312104396693,-0.456467818306587,-2.115031225856521
-2.5014862821684845,-1.8740105764415307,1.149116003774661,-0.4776204961842375,-2.1212396362498778
-2.522517316307239,-1.8029739725276597,1.1494866492453053,-0.532479614337157,-2.1200272770815474
-2.5502702138147035,-1.7860787399773337,1.1371956021521017,-0.581769433748328,-2.1411735442242463
-2.5292119485084847,-1.8155272082360814,1.1422678237649189,-0.5836996703631762,-2.138688743054871
-2.5410974432446016,-1.8368947096158346,1.1291437159868707,-0.5801954264736079,-2.1342714745370492
-2.5171050001367234,-1.844195699353065,1.1289917238913632,-0.5741863960683311,-2.1081453242908608
-2.5429802430809194,-1.8310748137310042,1.148216773568663,-0.5875443099499987,-2.140620659314601
-2.537860045755819,-1.8057020849299308,1.1283528932707265,-0.5705035405112475,-2.125609065034875
-2.526106856665414,-1.7995143689475037,1.127648628207888,-0.576544837872463,-2.1043819342647616
-2.551367292575534,-1.744373063908189,1.1359776994199127,-0.6411018732109552,-2.1357538107739935
-2.569474395395215,-1.7655462962187638,1.1408158807598805,-0.6507310945268743,-2.1490299234524404
-2.592916912485062,-1.7301535693354289,1.1373826518398187,-0.7129401598557533,-2.1428336227822538
-2.6085626365377075,-1.7285994401658127,1.136975213488208,-0.7654853168722962,-2.1272361850764048
-2.643938281691509,-1.6967550327356997,1.1338470099005717,-0.8729940359552261,-2.146558798933266
-2.651426205361688,-1.713301269334688,1.1056653232208558,-0.8962165273036294,-2.1429748464942633
-2.6375845595565828,-1.7457296137426244,1.1182201035436428,-0.8490011860932695,-2.1504217330733266
-2.6440116734120505,-1.7056587196442186,1.1235025933545175,-0.923065104331102,-2.1492483938572207
-2.657050209885874,-1.7114922625352715,1.124599553248841,-0.9499045709998335,-2.149321746939536
-2.682535041677522,-1.6331840480898336,1.124055376472376,-1.0525004871911579,-2.1553084951007113
-2.6798120614363437,-1.6573261797788439,1.1039638204433369,-1.057688952968861,-2.160020636864166
-2.6856776940810336,-1.677966706511291,1.110001658401364,-1.0717787496447924,-2.188473957454641
-2.6944469171639858,-1.6516262783715492,1.1125899593987105,-1.1539961468157511,-2.1883677173047387
-2.697906759942448,-1.6704619629307718,1.1056828373855931,-1.1650580893866789,-2.192477125863828
-2.703688823520362,-1.6532231018332566,1.1119428239706937,-1.1950433174024035,-2.201692799164984
-2.698283310964312,-1.6546240607915967,1.0942004107861136,-1.2364473235226887,-2.211415875801855
-2.706775716023244,-1.6835926968273331,1.084277519674262,-1.2017230557178058,-2.194511974812305
-2.70667759220904,-1.6701934317551157,1.0555288914734469,-1.2304929647129834,-2.181093343616472
-2.6963214192200766,-1.6604156850233736,1.0657835937560314,-1.2139708456849732,-2.167084770309909
-2.7025920939173202,-1.6523260463690213,1.0863368715394073,-1.2233474107822564,-2.1794868424484433
-2.6930666538899697,-1.6698214193953027,1.083172814069611,-1.2220372311213583,-2.184927342339459
-2.6916427926578144,-1.6604584930711705,1.08372957177647,-1.2126805410579176,-2.184068047816592
-2.6938473908925857,-1.6855596993476092,1.080933895876414,-1.2389631193940729,-2.163830607794376
-2.69321366829408,-1.65250560976532,1.0865712191394787,-1.290621072046902,-2.17441643499111
-2.7080676182216994,-1.6289094606673755,1.0853059835720635,-1.3535397871272008,-2.1895824224945017
-2.713199025793014,-1.6084429116672383,1.0671709181688187,-1.3852458314494673,-2.1855220906721846
-2.7466868703169665,-1.5301341728582,1.0732791693577768,-1.5056288072630857,-2.1684282570668314
-2.8038364196108105,-1.4650411632257785,1.04837318597006,-1.6236874665506855,-2.1758509848887693
-2.8157692982669236,-1.5586601743976398,1.048367710315351,-1.5842577640447961,-2.194210315705921
-2.8246989631785047,-1.535889935502097,1.0453525860335944,-1.6250062891349255,-2.2176962216358787
-2.8080734535880914,-1.59768591233507,1.0271899110388951,-1.5371839507210434,-2.223226650667083
-2.795045846092395,-1.6394818104187738,1.0227448101999654,-1.519684172244712,-2.222468247711304
-2.7790440089810082,-1.6279521939583828,1.0338332534989505,-1.4784734561062394,-2.227473186334425
-2.7455554713783217,-1.6482501688159013,1.0228794905371263,-1.398682735535581,-2.2153232979674344
-2.7313866513411282,-1.6949710800756148,1.03484165159392,-1.3456023128037353,-2.204149071187663
-2.7103906992443574,-1.669475011994725,1.0374310521715253,-1.3086997723060834,-2.2113437744431823
-2.6992725978394447,-1.6226938746618305,1.0458165578774874,-1.3946433963083023,-2.1988797829782367
-2.7481963228357316,-1.5189891812662173,1.0533382065262407,-1.5282528225752408,-2.1933341241447346
-2.7594117077261804,-1.5415531171556656,1.0318754641845327,-1.536378984038395,-2.192065905901134
-2.7794265020816344,-1.5066530187997342,1.0278671020580816,-1.5838780810687612,-2.1921314091181383
-2.8159437036458956,-1.473768609062471,1.0350693444904646,-1.676126086181595,-2.2022585723633696
-2.8451743896869477,-1.4888556428282018,1.024431508424104,-1.6781786918766115,-2.2258200528217453
-2.8207866248196876,-1.5647795110842755,1.0273165529848316,-1.6155245921736014,-2.2137858748668195
-2.7871628219783453,-1.5719595938871311,1.0118701684235667,-1.5898793509737998,-2.1945576995731773
-2.7811108944929264,-1.5625705398063843,1.000258301146478,-1.5812473756050682,-2.2067150613014457
-2.7632860539604636,-1.583903515396218,1.0138723914954964,-1.5242769148648212,-2.202475053612398
-2.7430047288410186,-1.6117384523212506,1.0318086836422975,-1.4886656557047977,-2.190150467883757
-2.744094482684398,-1.5579055220810336,1.0303233745166447,-1.5196406052232183,-2.1846163263372174
-2.784175975510101,-1.5363207654793591,1.0086700567179014,-1.5874084450561117,-2.2078013104050966
-2.8020827240563597,-1.4593024452013232,1.0031907235534951,-1.7207741710057902,-2.1867732378529032
-2.8022810830214264,-1.50635829856855,1.011254090662611,-1.7025519525875097,-2.204497822701965
-2.7801370117912145,-1.5502293591064198,1.0183297926016863,-1.6682831746252644,-2.2110346645200445
-2.7613564738615497,-1.6253153102568163,0.9971284377138803,-1.5534216481975964,-2.209648491541434
-2.7463730271031315,-1.630590158874544,0.9922389688805482,-1.509552966263518,-2.1938515430840027
-2.7472091614969836,-1.5928798255558239,0.99108723424453,-1.4960623779493238,-2.184586283508501
-2.7604222358025057,-1.539551837411261,0.9996142223952935,-1.5467678908766058,-2.187262882953365
-2.790356734051101,-1.4785893065256086,0.9920099356575207,-1.5994900236068736,-2.1933798254519896
-2.8027855169590703,-1.4776761807892471,0.9965910279769966,-1.6491118976273165,-2.2139397206986873
-2.784249483994556,-1.5487487544009113,0.9822764950491237,-1.583429577793587,-2.2045817418714875
-2.7698158541731748,-1.5876481137094853,0.9964368325901964,-1.5067932660675645,-2.1992641050419204
-2.7958275608330383,-1.485393184121463,0.9926353065473211,-1.6135629163675578,-2.2232740661134462
-2.7673342147807736,-1.5405348796489615,0.9798135421999955,-1.5450810280289355,-2.195089848273964
-2.752496953413897,-1.6129179488378447,0.9615570888334922,-1.4297733892793438,-2.2103792224617744
-2.7139041669983905,-1.6606431194039164,0.9647289519282897,-1.3177704564778179,-2.2015688382276104
-2.6813915001763884,-1.6536467940289818,0.9927718243496684,-1.2736384702328176,-2.188435687665303
-2.6834013043828095,-1.6130975267377161,0.9982302478933401,-1.2722459496722303,-2.1783367764244717
-2.64780844975362,-1.639523913191636,1.0098902158013385,-1.21405459125259,-2.1589566392640784
-2.639778376852516,-1.6575449291824784,0.9867608508026883,-1.200595060125631,-2.17253275905305
-2.6232148122768737,-1.6669224256689643,1.0143918906734224,-1.1930607173499992,-2.152998619857654
-2.630294241031099,-1.7065054301170757,0.9987186927375753,-1.1153861246752175,-2.168657353184793
-2.610273372951445,-1.7473417546207464,1.0117028205524017,-1.0614489786533694,-2.1711183228492534
-2.6371498803401394,-1.6834837187207192,1.009348995303272,-1.092280660881615,-2.1599775659089033
-2.665415870731987,-1.6497625270665521,1.0107798411864548,-1.1450164233206952,-2.179643718659636
-2.6572879862311227,-1.712602072777872,1.0346721799895735,-1.07671182333526,-2.1700637704401853
-2.6504524495388013,-1.705162592083984,1.0335837146258848,-1.0539256951068112,-2.1599667825224484
-2.628860908366674,-1.735905404290492,1.0165732542265666,-1.0045450410077115,-2.143840478011967
-2.595686749510536,-1.7824241606733897,1.0249843045102776,-0.8929492055626009,-2.1500149059598965
-2.5574348963821807,-1.8413406808265558,1.0484413847312282,-0.8071756591196961,-2.1369721601113456
-2.521202543505617,-1.8467287114004587,1.0446865089650041,-0.7108324814749277,-2.1049184169841864
-2.514951903190812,-1.8274520119158884,1.0540790439609442,-0.6855299890652791,-2.1144238500557266
-2.5007178318342,-1.817601497473031,1.0636789246486988,-0.6489317314949151,-2.1156072192114372
-2.5042503885930736,-1.7897490059150036,1.0753205890841404,-0.6632488599308498,-2.120436358420285
-2.503230651063536,-1.8195188748435225,1.0899644733945164,-0.6641351569176324,-2.1144316069474964
-2.4982462251242588,-1.7977529017062175,1.0853451198145607,-0.6242936947709292,-2.0988506705272805
-2.4885007843028255,-1.8452450190849248,1.1064367454988815,-0.5917218485357032,-2.09163721123838
-2.484738910783438,-1.8641589596406687,1.122239919164623,-0.5547560881580321,-2.107531228965264
-2.480576869995987,-1.8630416327008836,1.131019679458618,-0.532928556152804,-2.085371032785819
-2.465575626576651,-1.868065698985294,1.1109133732425356,-0.4664881655720906,-2.057682169970706
-2.469935780348412,-1.8842673556606615,1.1046716850543394,-0.4563611820650758,-2.068682051744845
-2.4641748968687147,-1.9065714889129435,1.1192102196121554,-0.4241733326525518,-2.0682310278652327
-2.475686850628682,-1.8827755251430571,1.1027397864978739,-0.42540806271825476,-2.064296968653241
-2.4819863775812405,-1.890226889309279,1.1250120335911775,-0.40687179839271814,-2.0656648775357875
-2.466334660582664,-1.8865870111871583,1.135860942156858,-0.4046464283608276,-2.0531803152426966
-2.472624614154096,-1.8673359469118551,1.138386469874447,-0.40773471193341126,-2.067643061087591
-2.4557296876465116,-1.8768895566290051,1.1356681462086224,-0.4069275448362179,-2.0625304510116265
-2.456699364829689,-1.8485236615946865,1.144115661109827,-0.4522007413490576,-2.0664987965362056
-2.4468876893983897,-1.8707951516800871,1.148587211416056,-0.43886123575983876,-2.0766671662884826
-2.4650070051112722,-1.9011212843102958,1.138955793795829,-0.4070477145583979,-2.098107272334814
-2.4731884545794824,-1.906082521572065,1.1358393088673246,-0.39777257123189197,-2.081369288753612
-2.4835003622338268,-1.8952843353313797,1.1409688086512848,-0.37676362079986736,-2.0808145260985533
-2.4791348024444577,-1.8770009352705712,1.1538598915835678,-0.37944564570033296,-2.086565104926224
-2.472460671698535,-1.887818637140671,1.1552598800541993,-0.34547995810676957,-2.0928305711550435
-2.4733252772036414,-1.8753016516767078,1.1510766515267594,-0.36914112899997426,-2.0843128915699856
-2.5080458464920516,-1.8443033548321668,1.1576252906577527,-0.4320382869246289,-2.1001675473569357
-2.538290675359858,-1.7956837506286023,1.1572834800625063,-0.5302333724717327,-2.076878823363926
-2.5468167477006074,-1.7665529669531312,1.1631973088797587,-0.5876002950577003,-2.0815219617348726
-2.5567372832056545,-1.819033905669838,1.1487081431933843,-0.5570889492506164,-2.0824998476557948
-2.545819887920358,-1.8042749943368481,1.1621937968748646,-0.5871941034999588,-2.0797111083798865
-2.5670311240035097,-1.8066078360582796,1.140762022035688,-0.5875282419549698,-2.1152973979138525
-2.598826722554429,-1.704245691614661,1.1393116277343065,-0.7712743277693254,-2.1399234174357207
-2.614981144342296,-1.7077195698311207,1.143119168769994,-0.8332822422176621,-2.150961360463682
-2.624992999256918,-1.732874687147426,1.1334799172005015,-0.848759028728551,-2.145181762315843
-2.6748486237077125,-1.6880814975032823,1.1295928051501731,-0.964834985960326,-2.168127393376889
-2.7030136044482784,-1.6679237309829331,1.1420653598391544,-1.0609926231662037,-2.197482297042909
-2.760710854022843,-1.5429949510676908,1.1630573539195892,-1.2900782780731388,-2.21295117665138
-2.7958937572500973,-1.4818222146671982,1.133163974577625,-1.4492626663895285,-2.2063835868182085
-2.8458442693033006,-1.42834250293413,1.1095959545895533,-1.5918067291735962,-2.2319482424529675
-2.859778511818805,-1.4801501442523703,1.0775486062124953,-1.6529273310974146,-2.2448014707371797
-2.903762692025472,-1.4742373506694237,1.0868920993397255,-1.7103691850428167,-2.277523695195867
-2.926522641572489,-1.4172606989601704,1.0556620373725771,-1.8570764926216463,-2.2568305383103273
-2.9256213841956633,-1.415127453720762,1.0691873730759909,-1.8994902292195384,-2.2485765932006005
-2.9854067714287393,-1.2930592908046923,1.0371582319234078,-2.106701232162099,-2.262632775192356
-2.9870843149438073,-1.3104335974197268,1.0264324296651668,-2.1769128744466197,-2.2781956426815886
-3.019803346981066,-1.2754259552512945,1.0131762932866621,-2.26847852840943,-2.2474046633601863
-3.044431876492808,-1.2759875622712422,1.0073238530392288,-2.300516678042422,-2.257585321156128
-3.0380736337337475,-1.3015185114701027,0.984772917470674,-2.325933265634924,-2.263442682174016
-3.006479240948556,-1.353103964334901,1.0011637396339532,-2.2702426959310635,-2.258513611122165
-3.0139427260437364,-1.2566399608682775,0.9689301066691287,-2.3696439201765256,-2.2482922315206824
-2.9972553144629672,-1.2547544857282515,0.9666849627129998,-2.411911661759828,-2.222397906926542
-3.0691193688463527,-1.0569983561187781,0.912059366877064,-2.697488630237043,-2.18422768418499
-3.104998673683155,-0.9880913842359176,0.8927041501972832,-2.9153395495173466,-2.1549428956920798
-3.115004372458921,-1.0074469852274919,0.8585920595724907,-3.0170639121657703,-2.156190803481972
-3.1115129093576437,-1.131237518810075,0.8553308093591793,-2.9765365877824914,-2.1898326703191637
-3.108371675316525,-1.1716678995547622,0.8376067539285724,-2.948389768975012,-2.1858414568945865
-3.056900212255073,-1.2811002508562772,0.8384367886987034,-2.826815308487946,-2.2121694210771805
-3.0529721471181555,-1.2062076585928476,0.821228119033586,-2.8774543604219684,-2.1866990983561183
-3.0690156266768858,-1.144119400379042,0.8175855378665429,-2.9477643830117617,-2.17421644859344
-3.043490076715431,-1.1628298740643097,0.7870489141643431,-2.9139851984026737,-2.162474144235863
-2.9966249797844653,-1.290162894588536,0.805492311961428,-2.7684246810111617,-2.1700617384275693
-2.976355389762942,-1.2656171453453047,0.7973743265324421,-2.7292826301841426,-2.184846828338958
-2.967328096666355,-1.2978894304169124,0.8141311070302879,-2.627579316494691,-2.174378878767975
-2.9474163337492887,-1.2526945955535025,0.7742752174989215,-2.6410179982726327,-2.1549941600401477
-2.9677408408803965,-1.1820620565820634,0.7849700192489952,-2.684416490547618,-2.137408928715319
-2.933196083040508,-1.299653368934679,0.798596222628711,-2.5309197628730766,-2.153904968293932
-2.9348724252992384,-1.2398898555866584,0.7924946652015042,-2.5967330782363818,-2.1450024694420757
-2.939896651463985,-1.2347877811129873,0.7949318771339794,-2.6150749003541205,-2.1399690675169656
-2.9554476925687054,-1.1940399657714982,0.7934949918055605,-2.634950930629275,-2.135970276548922
-2.9200905939023993,-1.2928450153150752,0.8125190264144679,-2.53479354910417,-2.158379586432551
-2.912576777454311,-1.2985254734332845,0.8109517049770731,-2.4865418451349233,-2.1462739939735167
-2.8762799243616195,-1.3861996994426395,0.8122084827689775,-2.3391403558187354,-2.1503283626291023
-2.823645252214786,-1.4380453494091905,0.8334748048105427,-2.2146538374465483,-2.177892743256552
-2.8110957805263603,-1.4213210962667595,0.834078289534346,-2.168833421176442,-2.161177637084816
-2.7598208414767487,-1.435975039861062,0.8359780363982399,-2.0870699972061595,-2.153149113932481
-2.7597600950318504,-1.422614979845352,0.8508352748369193,-2.0240708136042342,-2.146684216349997
-2.803333114252804,-1.3716150900524156,0.8471977452775553,-2.0613877620469725,-2.138991715396705
-2.837172538548605,-1.3541307441529038,0.8614395348878605,-2.0727072188155105,-2.1403721066854167
-2.8279300225051913,-1.4185042676271233,0.8759639189544204,-1.9968711336297404,-2.1769680890566825
-2.8024258827491066,-1.502957663490285,0.9068654180335064,-1.8962901950873812,-2.1858150340042717
-2.7632439531073,-1.553829477068204,0.896830098329334,-1.7744601937882063,-2.178804652655599
-2.7462743488040946,-1.5760679759112377,0.9201714628548433,-1.6834549563722434,-2.178155106221218
-2.744012981773498,-1.5228616616543342,0.9301918677110217,-1.719724096055657,-2.1838781995685013
-2.8243893889973264,-1.3699154066822914,0.9059548487716341,-1.9162457180499362,-2.18417294616039
-2.873414435493547,-1.2794625204124281,0.9182731471559441,-2.0596388249112305,-2.193057082091982
-2.883159080170722,-1.340278978673866,0.9148924466093342,-2.071493371392196,-2.211217525149847
-2.8488073045908373,-1.4456786362722878,0.9417184536641519,-1.973238336940911,-2.194785290345635
-2.820059227220977,-1.504037890965917,0.9301914192447672,-1.894371608467323,-2.1927707900013216
-2.8233101917034555,-1.4910705505528523,0.9338072524892387,-1.875091530533862,-2.188371135616558
-2.839342878638929,-1.4672859535991425,0.9348125214089773,-1.8931508499429177,-2.2044700580985834
-2.8094730349179278,-1.501977849115573,0.9180023920758644,-1.8272221890470648,-2.202109694147139
-2.7812582738512903,-1.5407253775857308,0.9245290166429202,-1.76560286721119,-2.1795296391207915
-2.778161178479556,-1.5376907750330353,0.928041672146737,-1.7321146946996837,-2.1931588008763434
-2.7508667228215393,-1.5637730778663619,0.95081909438529,-1.6150013788941742,-2.1978229943873044
-2.7460886186453055,-1.5671306725829421,0.9681499116925025,-1.5746555958683481,-2.1878085742637987
-2.73884210964686,-1.5668437801782866,0.9570306167521692,-1.5215117999050982,-2.1891402993145395
-2.7458033100531702,-1.5186702295222567,0.9399773855173417,-1.5658154028211952,-2.1804365410109057
-2.7371534098116026,-1.5474269642247043,0.9528621032078614,-1.51921179075982,-2.1943271889068616
-2.72487035390127,-1.5344449049338547,0.9658349998998854,-1.4927579351174007,-2.1678881449325065
-2.7135242088139635,-1.5575749285114704,0.968979887628515,-1.4302438540730782,-2.1621986100092
-2.673011123187368,-1.6518101192948473,0.9800845258789825,-1.2973198040442977,-2.1551744474238577
-2.647673541729449,-1.693672352901765,0.9925092718086115,-1.199054567541867,-2.1487370064806757
-2.6050979202926126,-1.6983535561332195,1.0045530903235529,-1.1246750237536987,-2.1197667146784998
-2.589004483375733,-1.6694531453468089,1.0133491318898618,-1.0906592519583562,-2.108492712331935
-2.6238755642786353,-1.6052460663702819,1.0222904682304594,-1.1823264500962258,-2.1472041611387387
-2.6581501241244023,-1.6043408379215727,1.0384042926746044,-1.205094171354944,-2.155682980339966
-2.6503214514125966,-1.6722111227209522,1.0326309418934478,-1.1172419269605336,-2.157865659537021
-2.6471867955602364,-1.6736487572149612,1.0413296504415679,-1.1061646303731243,-2.159943645373816
-2.6439873080882133,-1.6972033832455689,1.0265313228250605,-1.0705887862899381,-2.1698448547939155
-2.6381618182686957,-1.721609647596257,1.0282805338834704,-1.0372143897895474,-2.161554300706287
-2.599661417625045,-1.7514698850367456,1.0211106450760692,-0.9535474157249231,-2.156150143063052
-2.6122139162104108,-1.7259765722329885,1.020157434106176,-0.9528689012004936,-2.1331538994180854
-2.6042233791997726,-1.7515470488032623,1.0120308744010629,-0.8786714233684603,-2.1399934049330858
-2.5888999904730157,-1.7775590091518796,1.035196521402263,-0.8273778799871633,-2.152585072772054
-2.5802613676328767,-1.7800683020046237,1.0554300920539776,-0.7857363444420535,-2.117539087381327
-2.5694596340484464,-1.783204082084903,1.0682739464998057,-0.7941433837750376,-2.1156152751612267
-2.551025240126959,-1.7832932695711796,1.0618017085702267,-0.7771154094066822,-2.1012132686546208
-2.5564301509496166,-1.7700238779550843,1.0818118228543163,-0.720774205500739,-2.103941160913658
-2.5459693311525755,-1.793731205887113,1.0874394287982856,-0.6550777495057949,-2.1069696072006012
-2.524225176202966,-1.7834421363502124,1.0881034677776622,-0.697685177108749,-2.104755003910339
-2.531011391617513,-1.8093248329898013,1.1000351335891376,-0.679031722029336,-2.119104930658484
-2.546545639663776,-1.76187586253411,1.1133625258564828,-0.7181525193718076,-2.1165566678041583
-2.574564450634131,-1.7198729807001354,1.112936144000163,-0.7559828628601102,-2.105757547127236
-2.5679398576809813,-1.7722762177941807,1.1170484781388799,-0.7410100400000843,-2.0904872393099527
-2.5550887306655015,-1.7984398900152356,1.1104391542724021,-0.6896325694229811,-2.1119909121776903
-2.5266095889774234,-1.8445929090822457,1.0962479092971151,-0.6023699821735843,-2.09560952171594
-2.5070931175596236,-1.87609698528593,1.0947739472906828,-0.5624162339625791,-2.090140221127578
-2.479814671599187,-1.8602367610393513,1.0899325215235875,-0.5359441081958004,-2.06472106989786
-2.4842925759278947,-1.8412074003711916,1.116719047637598,-0.5698038694444608,-2.084450997861859
-2.497850397685052,-1.8424009379737947,1.106829475130588,-0.5541019980556631,-2.0864335110512218
-2.4799606732129638,-1.8343007944155405,1.1079897610925984,-0.509816730831265,-2.075493176036572
-2.4986073886183577,-1.8287974617160212,1.1115142081071,-0.4892163502407556,-2.0703604823562674
-2.480335728795681,-1.8417360857578728,1.1247849149191056,-0.455439344620877,-2.0714499938193156
-2.470483060547919,-1.8286543636775683,1.1262271769379053,-0.443000946137028,-2.0628704347147617
-2.5017877767753123,-1.8089948550222952,1.1248806725941112,-0.4725694704524909,-2.088056964800601
-2.5129057084292876,-1.8109558262636396,1.1341286261093175,-0.46272568518990065,-2.1027505884072997
-2.509017582188853,-1.8208553482343262,1.1259659121106136,-0.449400657740978,-2.093887391685898
-2.5133433188545893,-1.8096007949796882,1.1466570189283558,-0.47292809736136904,-2.093604590846047
-2.503319565668943,-1.83680915488393,1.1634322535100212,-0.4618375194846338,-2.0903643128118055
-2.5106612148348746,-1.8169214374884965,1.1467143735681362,-0.4981444730773795,-2.1386177616569944
-2.5173864989115216,-1.8249602135901697,1.1511101902342646,-0.4835071463826023,-2.131697528718429
-2.5239356256706356,-1.8661512304383385,1.1430448271267692,-0.45228174866477777,-2.11035344858111
-2.520370575535751,-1.839586351950697,1.1689728501571564,-0.4766074239812653,-2.1151404780773535
-2.5426672074856302,-1.8095231180996378,1.1661039399283346,-0.5057018586024634,-2.1179844710441103
-2.515658967935224,-1.8434587851527047,1.148680458168384,-0.4800111397368945,-2.1210632975002643
-2.518233909221448,-1.8143991132787411,1.1537759508386527,-0.5380476790704536,-2.1164120613797377
-2.5052202841334315,-1.8225871352725667,1.143378512839183,-0.5032333595119581,-2.1065088050704817
-2.511279849204509,-1.8205941393886709,1.1596891850104423,-0.5145866360620738,-2.092820036036747
-2.531266349474875,-1.7763532956411603,1.1539490143006204,-0.553297702862892,-2.096122390359102
-2.5712179421135986,-1.7461077813268404,1.1302294236345514,-0.6547114541388315,-2.102034824958419
-2.602273295637177,-1.7096453229473525,1.1389155733771377,-0.7400013075041788,-2.11076643983161
-2.630940287419715,-1.649166601325119,1.132290874102812,-0.8738205055185935,-2.121853402335785
-2.6592049814022096,-1.648657101270776,1.1333086542873945,-0.9519894124287397,-2.1523515839704004
-2.650898458011276,-1.6863415230626386,1.1054805470447082,-0.9474242017841028,-2.1529590801209024
-2.649930582925529,-1.723997775303737,1.1087255029061853,-0.9341612603403724,-2.1559796360624177
-2.6401494375704972,-1.7482017331427184,1.115387263841525,-0.9353887862925966,-2.1594381528908455
-2.6422190377977484,-1.7408784115647462,1.1233394426431906,-0.9242102333761864,-2.178508489024777
-2.6412237124083453,-1.7213855061850742,1.1123276591825484,-0.9394902921123666,-2.159928039437298
-2.6339239001614807,-1.7049106836894183,1.1075336009830241,-0.9707782628232882,-2.178391322143459
-2.6617837476771755,-1.6599063327920995,1.1078070053882016,-1.0452392834266084,-2.204846521765239
-2.6679502241585413,-1.6797281655409544,1.0911454647328713,-1.0466040295868522,-2.218762202656004
-2.6719494322885597,-1.693009876496006,1.0914893059055903,-1.0602142254899887,-2.1861996310978062
-2.716319976987231,-1.643127107897569,1.0881737422977495,-1.1519270835798305,-2.182519909826242
-2.744087587350996,-1.6100953161784441,1.08610632054729,-1.2368312286468452,-2.1901319903666234
-2.7593525932413527,-1.596201153802347,1.0877715121488063,-1.2717189963943032,-2.192415103657786
-2.7611916087292445,-1.5804041450746908,1.0960968005903373,-1.327649758315128,-2.2091493911784164
-2.752382487026082,-1.6137926808348717,1.0862233778931611,-1.289188585589185,-2.200396579145113
-2.7352233928942686,-1.6180081558652866,1.0777612618528374,-1.2996822056743034,-2.20148983421223
-2.7799241884735117,-1.4751243870616475,1.0540627344160418,-1.489460245444258,-2.1826629578442827
-2.7572648125388213,-1.5328819085750327,1.0497074236151909,-1.4639836580749377,-2.188529626660581
-2.7412234777548083,-1.5700612275741912,1.0418828914813876,-1.4590164322021426,-2.172885908888416
-2.7450985846709246,-1.5928628230362858,1.0304040657240467,-1.4694498124249913,-2.181742869946518
-2.745341785641242,-1.5934404351051863,1.024450772637292,-1.4825786872271964,-2.188503864534883
-2.7351611494917423,-1.6417062046718987,1.0227969642361898,-1.3928717005345597,-2.2058306479199277
-2.7624147421680756,-1.5591291184955192,1.0117650896457084,-1.4872367297561166,-2.2280895354878063
-2.759469074501647,-1.6173456472940417,1.0005604867395004,-1.4208024196711568,-2.1991380645244827
-2.774803341259168,-1.5650678632816772,1.005642234990864,-1.474117812124253,-2.2073568748633576
-2.792123899141913,-1.5110609623797617,1.020356076088313,-1.551126292920754,-2.207065594396015
-2.792371996835256,-1.5625114370243876,1.0236518720188903,-1.5017548397761598,-2.220932821332013
-2.8774215940958787,-1.3846377575754225,1.0069050168776883,-1.7751057972784186,-2.220470281242659
-2.965130663869597,-1.2401693116786523,0.9927087913509233,-2.039132450027476,-2.200742861572945
-3.0409577655741105,-1.118434922906609,0.9718204969639735,-2.3269460726714764,-2.211144420041079
-3.0703638934710953,-1.1441256109634534,0.9632137848708017,-2.4372910687106826,-2.2177066616613534
-3.0603252167961936,-1.2431787873928868,0.946411791415309,-2.4246426996298323,-2.2092729104688402
-3.1121282930106307,-1.190184497475426,0.9368234250727665,-2.592243142656212,-2.22066854594306
-3.061264733547934,-1.2641191228204733,0.8961384510707823,-2.5502136269813755,-2.234959577724451
-3.0355438007159954,-1.3317724135644724,0.8802356013420083,-2.514873063997944,-2.230162878934469
-3.0037297056671877,-1.3540544347193755,0.8762970071731855,-2.4858621932948375,-2.224444766291931
-2.9434293516880423,-1.385826127922919,0.8772924938442659,-2.4100800690082864,-2.2231069647453587
-2.955999891543026,-1.3150547122017788,0.8672113921772925,-2.4601575048818183,-2.2036587943914996
-2.963994381627951,-1.264379607565635,0.8578979086444353,-2.531503483320063,-2.190325289397287
-2.998503543695021,-1.2483113613314216,0.8431614261002831,-2.565449832428678,-2.186830770225123
-2.983649870239256,-1.3129705817632407,0.8363925897507782,-2.4904521986495856,-2.208101284039283
-2.9907540599342712,-1.2643227972076776,0.8464691786275417,-2.557171723090755,-2.2063696131983788
-2.983056934575342,-1.2949343448435526,0.8330722373773902,-2.5403341458220567,-2.1984140307510307
-3.017170885628897,-1.1663498519945004,0.8174462510858237,-2.670091823865189,-2.1835074905721013
-3.082012369215515,-1.0559678201893272,0.8047288084928691,-2.8121914689116347,-2.147043516298982
-3.085298635467865,-1.0963883547566815,0.8306292513928043,-2.8688519074629033,-2.1646757371824923
-3.0398704374906163,-1.2204388329304807,0.8218219982102039,-2.792316997740823,-2.17783484612288
-3.0035902072446756,-1.265905741505709,0.8258610062898512,-2.7203502947425293,-2.1839104693452986
-2.962644243290213,-1.3499613140484858,0.8104974247161975,-2.5949469264980305,-2.1793414004178135
-2.916324769775745,-1.3735156422159454,0.8100417310965088,-2.478744549960626,-2.1769763949094676
-2.8864881539566314,-1.3987362241982069,0.8037553100744987,-2.3630876075317806,-2.1779732196901245
-2.8663897167658052,-1.4300631838285942,0.8132027737716458,-2.258264225117984,-2.2042974606107597
-2.8672207123046256,-1.363211290923751,0.8150009236835647,-2.245021751534695,-2.1562795880185512
-2.8431287722996603,-1.40884911202667,0.8340982865095962,-2.1673213233945563,-2.15202145842515
-2.8496278632614542,-1.3558050986373487,0.8352407026853818,-2.204641559215056,-2.1552471789571856
-2.8740456508944514,-1.3383092911986452,0.8274261786309306,-2.23689357319213,-2.156085888586175
-2.8585593104058167,-1.3674864504305886,0.8545433171244031,-2.2054589565255887,-2.1558155429646804
-2.8601498600866964,-1.3558803331255276,0.8691378284374416,-2.1907632696628063,-2.1526626909115913
-2.847999476772703,-1.3725210593913084,0.8821339308347048,-2.1701968629853674,-2.158434759868989
-2.80515735556007,-1.4880097696939028,0.8785586375555088,-2.0026451729169037,-2.1687372686434085
-2.780253664307704,-1.5145442789086945,0.8873048197146154,-1.909504091805406,-2.160310947346886
-2.7684781766808233,-1.4825645235408627,0.8825876716625193,-1.8726326934798851,-2.1413490375271844
-2.735098230193557,-1.5627145966136904,0.8996123387773249,-1.7141095565801578,-2.15762458233238
-2.7224792025337665,-1.5350772886199293,0.9167622937430531,-1.6822061313466614,-2.141094583915626
-2.761463626963023,-1.4523569798084188,0.9224177443264487,-1.769690838335681,-2.1541043640947244
-2.7512437033685004,-1.4486553835489357,0.9086045537510554,-1.7651874258315663,-2.130434723802062
-2.7576002954810863,-1.4895294576993654,0.9266953097002211,-1.7035052133667896,-2.1326142585199306
-2.775808811449839,-1.4822072643415816,0.9427903709511821,-1.6914119303480335,-2.14553409466507
-2.7843885855648076,-1.4558776169204246,0.9359955730531414,-1.7236683972466167,-2.158684217583138
-2.8541700579153355,-1.3333442144110759,0.952000127229999,-1.8837344641354203,-2.1497637041599518
-2.8433627505503805,-1.4068526707021234,0.9302361601236915,-1.8372957201098825,-2.167803632000151
-2.8203772342068745,-1.4777984293497133,0.9486215507691691,-1.7747302071825757,-2.1563561570212504
-2.8169085412400476,-1.4893025460630442,0.9562270841734837,-1.7504906536861156,-2.1498261171663624
-2.7792922674309883,-1.5108555543727518,0.9516660070134052,-1.7209969051916623,-2.1656927932892245
-2.739926506355643,-1.6061523191801295,0.9631946225629964,-1.5974517854625554,-2.1921178541935045
-2.734909918867649,-1.589585356590334,0.9613316494794,-1.5659137057245462,-2.1858208129110555
-2.7431799743084024,-1.5441357329361622,0.9668445253960412,-1.5791151303471407,-2.1736405701066883
-2.7649161080022395,-1.530744583704429,0.9677670948544931,-1.5879604988255955,-2.2013937435205424
-2.751721952021389,-1.546388790959918,0.9649279111097577,-1.561266183159273,-2.192022089061349
-2.766458107947541,-1.5029435067334134,0.965498552664052,-1.6093319598861375,-2.189484793799564
-2.801325957253214,-1.4800795073174355,0.970780548828619,-1.633980153597131,-2.2072708118359103
-2.820223534436266,-1.463807999517602,0.9692776231004273,-1.6534772730642924,-2.1989645929544053
-2.814807336145101,-1.4842778722612862,0.9670214342503286,-1.6382097033878131,-2.2078648074734635
-2.818060246371532,-1.5008133403397461,0.9804737710180745,-1.6356968738774997,-2.1920086916424903
-2.802392222015879,-1.513561917616788,0.9776649613335242,-1.6244115422982723,-2.1881809939971806
-2.7833567247025233,-1.5584554750255935,0.9863021040648124,-1.555718075824904,-2.2091711281949125
-2.7290021388411474,-1.6125569714858232,0.9877438020744107,-1.4696975584174696,-2.210780703757353
-2.701974374403024,-1.6343089065818603,0.9596346325363531,-1.396542831433364,-2.1883228201074183
-2.6953498554549795,-1.6463680910550875,0.9951797492860996,-1.3384599288986119,-2.1670768650386725
-2.726167481032667,-1.5729813250185884,0.9847616231885424,-1.4126065757883537,-2.1718060539652195
-2.7370105918713894,-1.5753450822430497,0.9835764875093702,-1.422922234623362,-2.177375041709884
-2.7129989107261,-1.5996111711659713,1.0037507329045012,-1.3929203080404056,-2.1656819672697
-2.6895185722056993,-1.620685659767022,1.0045424987019755,-1.3444020248753181,-2.161314025174801
-2.681309538810469,-1.610306057741322,1.0292061018008716,-1.3054035652914466,-2.1437807517589724
-2.687400860623497,-1.6393482502788144,1.0193554082494736,-1.2708260495600174,-2.147765767965279
-2.6927476236153667,-1.6114529374073057,1.0232937526284114,-1.2681219985103747,-2.169911559132846
-2.684679330871633,-1.648605474264382,1.0300763095230092,-1.2206839016096311,-2.1825149953302487
-2.67623449031433,-1.6413600237328827,1.0179860494463704,-1.2082289018064105,-2.176643780942854
-2.675822951381188,-1.6222268245199911,1.024799478700635,-1.2116746088184078,-2.17208283969809
-2.6634742646033915,-1.5996701108675868,1.0472838251163836,-1.2313024215673973,-2.1779434981719605
-2.656844952216794,-1.6392693363521142,1.0225828834587756,-1.1938585678651583,-2.169800528416955
-2.673783800692226,-1.6223650103626004,1.0323218579854885,-1.1657788663267166,-2.1629063632635974
-2.676368356110565,-1.6821617967099098,1.0333515290248159,-1.1092868835904242,-2.176488608701058
-2.6544627217734997,-1.718093510279487,1.0384671737022118,-1.0288545580515203,-2.161358638305796
-2.6259780078236235,-1.7528627236358114,1.0370906164341203,-0.9365991086071331,-2.1593146715100784
-2.612348744301034,-1.7549424234385886,1.046948670706295,-0.8749409083361733,-2.1366754561913903
-2.6023909480834972,-1.7675414509352791,1.0559955759037105,-0.8292474219629682,-2.1459816007073043
-2.5893297880300037,-1.7497783729399234,1.0569236907584632,-0.818589074324237,-2.1371877891277546
-2.582666188599689,-1.7469416442819907,1.0699033694750835,-0.8235636345065509,-2.1140006783476397
-2.582411654303629,-1.7569521518645934,1.071504542238462,-0.7847545948079705,-2.117448179277286
-2.5601728543857183,-1.7790875839724598,1.0705940153605409,-0.7660772289610177,-2.1209190639748874
-2.5513763945292767,-1.785355989402782,1.0683898496931383,-0.7176595769381219,-2.1177289080372437
-2.5601265555364363,-1.7776675963891715,1.0797794393502507,-0.7154818028384133,-2.1290751210465735
-2.5488029725397214,-1.7832976816309725,1.073296805453401,-0.6733094879823452,-2.1000964720502324
-2.5705440384447873,-1.768658499849932,1.092458414232105,-0.7098499554005968,-2.1026034533940465
-2.570943090552324,-1.785844573185247,1.0755287881846312,-0.7036667968159529,-2.126443354751643
-2.5651949782803696,-1.818109997495307,1.0651697928636974,-0.6612765090321038,-2.122406522981693
-2.5432575994756177,-1.8512510333604963,1.0874112169316839,-0.6209973965058371,-2.124141465920807
-2.53541370937573,-1.8333362220613734,1.0937127858770614,-0.5934649291784584,-2.122104455152591
-2.5000517505929274,-1.8434043335976382,1.1016589027011316,-0.5435871779409546,-2.0906542252018308
-2.4900429784974074,-1.8512351569871612,1.109847137583455,-0.5169678644509063,-2.1072584971412116
-2.4668702723656306,-1.8564565118695373,1.0975856516925402,-0.4690983865343753,-2.0685577486795315
-2.46913221158389,-1.8538254675863015,1.0922027880392282,-0.41351834620808775,-2.069987076125972
-2.4613555956488153,-1.876653866017958,1.0897645538442269,-0.399143685415526,-2.067453414573041
-2.470341003157717,-1.8779730902989822,1.0971811621262997,-0.37885942576384024,-2.057667532631725
-2.4727866979536697,-1.8686881857335278,1.104896655794127,-0.3961769490013454,-2.080449535459497
-2.446655361800549,-1.890770533709945,1.1208821925482035,-0.3799908321366818,-2.067691586822259
-2.4553051496422285,-1.8874776462200973,1.11400802359207,-0.3468741529585689,-2.059326559517463
-2.4395362381539587,-1.901508308480539,1.119450088020213,-0.32426807439490307,-2.0783291990451747
-2.4572579003581065,-1.8721071886246188,1.1352296163218574,-0.3272186810686047,-2.06276838452571
-2.4641213718524138,-1.9043356784961332,1.1132214483781406,-0.28736393420390927,-2.0721117628832095
-2.4478408474263325,-1.8904694894060692,1.1201698145927999,-0.2957005279554844,-2.075385976022306
-2.4590301016196223,-1.9043610975004643,1.1239557329474588,-0.2760649354372811,-2.077003897741759
-2.4713713799137156,-1.90498434665748,1.1263712818533218,-0.27873745782680875,-2.0756555578811593
-2.468537890265943,-1.9086798404271539,1.141999722304283,-0.29268187978185384,-2.0673165128706326
-2.468622598720359,-1.8834721785503514,1.1419184197843084,-0.31579659947000027,-2.087291311264732
-2.4720132818952525,-1.889369748654721,1.137509872335128,-0.3282467390957631,-2.0790974445425294
-2.4644806879656747,-1.883947209399598,1.1625896533748576,-0.32361064784400323,-2.0708498518377016
-2.472469296818175,-1.8862969085975232,1.1743720028585383,-0.3413312960524024,-2.0640641444155565
-2.4825554325810426,-1.8672836371058568,1.1782378967532094,-0.36588692398740125,-2.0754944040735146
-2.492077021262659,-1.8431995766994824,1.1807174803065643,-0.3835121494994458,-2.1087470530870354
-2.4799524435992315,-1.8637319729737534,1.1655580837490835,-0.406636454284318,-2.091174483841569
-2.4871858052768423,-1.8909653727293745,1.1525165444638372,-0.3925809599523893,-2.1001952247653803
-2.4932022130669487,-1.8931489129153516,1.1462668665980453,-0.3867782918039725,-2.096401620015184
-2.516889714247102,-1.8263120407562012,1.155694413768621,-0.4878703222421286,-2.1085715202906887
-2.5524278261291715,-1.8353859654182207,1.1535301573571717,-0.5094685029362378,-2.123929820628154
-2.5452711047858636,-1.817620045568717,1.161591288398329,-0.5448417491638119,-2.1308297270724363
-2.554321081224555,-1.8287404035026495,1.1498413430141792,-0.5270094877818481,-2.120191372895265
-2.5829286528123,-1.7360015549508452,1.1276784863737876,-0.6492736109283472,-2.1267673154664926
-2.6286350349861296,-1.7182181243455348,1.1375836697884,-0.7568772080192178,-2.138696490119481
-2.6335942249368536,-1.7132908192326024,1.1228659605413487,-0.7907893080077879,-2.1337589103679226
-2.6701855937344656,-1.6938314748381924,1.13418192533348,-0.8288938740403788,-2.1612732907643406
-2.6705913778140866,-1.6851887594726174,1.135237661743101,-0.8922578688421692,-2.1623593585343746
-2.6787669679028463,-1.6971180775922103,1.1251189942618947,-0.9352006565031529,-2.1554424053154344
-2.6985545440455265,-1.6360270419205325,1.132782398799079,-1.0569208678177016,-2.1731477735087115
-2.7181473682364823,-1.6429010388630794,1.1415570509408173,-1.0654145013369063,-2.1890588690071593
-2.696281458822883,-1.6723864567189584,1.1285554637555775,-1.1011967029014709,-2.162424708831465
-2.6977662464327428,-1.6579147042269453,1.1235438477123865,-1.1289946677792109,-2.1631216097954997
-2.717578253054969,-1.605746395787738,1.115827836022584,-1.1963204532676153,-2.1773769253395434
-2.7354440709473953,-1.5965108184055774,1.1073361885610395,-1.250219552463199,-2.1980596836426796
-2.7810905471858423,-1.5110631993867143,1.1163623613681364,-1.4146538384708232,-2.2051099656751676
-2.821535808188633,-1.4641778157759182,1.1030008835123097,-1.6025354448507745,-2.225084191335013
-2.8194753223501476,-1.5240594068732578,1.0872343953004615,-1.5610469126316286,-2.2140144478722474
-2.8227943916146,-1.5450641761358226,1.0736456497585323,-1.6061071124066764,-2.2223953751239205
-2.8488049744973702,-1.4725782547925608,1.075589972344555,-1.6878959995205356,-2.208692207704318
-2.871838588210776,-1.441410325084899,1.069271666341939,-1.7850169042082469,-2.230077291785055
-2.8986579760792908,-1.4136721253167708,1.0492449431853137,-1.8882805361385404,-2.2331394310615518
-2.917767380451435,-1.4065949703158918,1.041147084353683,-1.9609687255610755,-2.2378201787054963
-2.9141514337776755,-1.3973004478470872,1.0166488643666316,-2.0358557363100664,-2.228228358691248
-2.927622450737067,-1.4096864852684488,0.9999234998258533,-2.048221989292539,-2.245043121754569
-2.9415773128453586,-1.3800427695004265,0.9841894558875504,-2.100466113733761,-2.227212855416978
-2.9612001467091718,-1.3110706925554891,0.9686725736264024,-2.184558995025304,-2.225767137220822
-2.970803189733157,-1.3108377261658908,0.9532946471955227,-2.262443006934341,-2.2268685846431775
-2.9839510073702584,-1.2772113125432374,0.9475425572968678,-2.34681194719678,-2.2377705699439168
-2.9967457581198365,-1.2904203711995001,0.9399722071017856,-2.344372588750203,-2.2389847889898435
-2.975924640477026,-1.3650317425698908,0.9297687533885679,-2.302601717408572,-2.2327251227729783
-2.9456255804308324,-1.3990271805467722,0.9277195298686974,-2.25041379239822,-2.2401131656678515
-2.934510374047252,-1.4047852531677703,0.9127650983578124,-2.2302500702037253,-2.2446327413919662
-2.9231076007380716,-1.3656245025445248,0.9074752045016464,-2.24497835899804,-2.2183877430545906
-2.9122460424598566,-1.4402323381607915,0.9009733579213232,-2.1579245774926044,-2.22797875317993
-2.9215561207619998,-1.3563448523009576,0.8968573799407191,-2.2364275122944504,-2.2060019561917086
-2.9341051669586613,-1.3012713310351018,0.9062106064436629,-2.3013648595721903,-2.2124227216201877
-2.961686797745843,-1.2291823876333523,0.8871413873107221,-2.3847328558909413,-2.220529094903236
-2.958614314682287,-1.253458326544595,0.8777638453426889,-2.398226530889431,-2.2199290396363387
-2.9510547802871145,-1.3180881155862383,0.889329492685274,-2.366253543661023,-2.221674448479345
-2.935767139034768,-1.3444646989158489,0.8656593158830357,-2.3395628913534336,-2.2255198283114237
-2.9361462777388647,-1.3359397375207014,0.8790792603832758,-2.337074021936094,-2.208680432645967
-2.9295502401196822,-1.335711748940433,0.8793737401616165,-2.3454167048450696,-2.212934999983886
-2.865977518425701,-1.4157891781342133,0.8639321156853246,-2.2039879163440976,-2.208734634433511
-2.8378894873548717,-1.4333328960576077,0.8739799550811606,-2.153554360283763,-2.2118135767634497
-2.8672828406307707,-1.3627893472191475,0.8609585723791423,-2.20073074120348,-2.2048135636001995
-2.9046500073118198,-1.3469085219093053,0.8528133896174518,-2.2462436053652994,-2.235898604264516
-2.8648543053542723,-1.4417028992612593,0.8822174734631947,-2.1296303399664205,-2.2175897855228475
-2.8576444071116582,-1.4086629369659425,0.9093386509791044,-2.1173975676086663,-2.209320636072316
-2.850321050060595,-1.4378110653750056,0.92075384881775,-2.080372167035385,-2.20558694670002
-2.8531786207021117,-1.3996095254700816,0.9152035138838476,-2.0767175799824473,-2.2120673176319117
-2.8658997777051822,-1.4128149483038401,0.911330666342505,-2.059808706879289,-2.2213216823695245
-2.844959879452642,-1.4389233602679354,0.9090437828386367,-1.9854407437762132,-2.2132118621148527
-2.799373474469224,-1.4880559188473694,0.8966717658482044,-1.8860211930902564,-2.211165211117399
-2.8028594589126086,-1.4558452935717208,0.8984055330051456,-1.9150257997683584,-2.200857425520612
-2.789459155773042,-1.491836784484057,0.9287137683641141,-1.8603654045350864,-2.1963990149515005
-2.780386126972964,-1.508161381372432,0.9256769459080842,-1.8312176734634638,-2.1995625577149074
-2.756558452778571,-1.5581162836771794,0.9134900753221512,-1.711761880065817,-2.1964167545933155
-2.740603586702506,-1.5767797064045477,0.911671533333841,-1.6588231013750858,-2.1920693791321786
-2.7767208225312037,-1.530971769949989,0.9199724641973498,-1.659653157476908,-2.1819665581444516
-2.7729868249752436,-1.4761892721126935,0.929131346328562,-1.7396558889281037,-2.191107982971457
-2.7955978156704626,-1.4596154966005201,0.9376607685537287,-1.7427528475631628,-2.186571067956021
-2.7811728536640823,-1.5023817142804998,0.936729352167902,-1.7471404881712191,-2.1919839078488974
-2.806241576545884,-1.4955259407020136,0.9411034840174274,-1.7362045275060325,-2.201845321277687
-2.779591967983617,-1.5808035773540208,0.9505249696747498,-1.6222549650063465,-2.1872296911113263
-2.751253786957889,-1.5755277556801306,0.9446808500265116,-1.568747029770035,-2.180459835391243
-2.7105957974601376,-1.6338652038268326,0.9406478801919622,-1.4871583997180409,-2.1845653364540962
-2.7010395475553324,-1.6358048988053446,0.9691702218917688,-1.4360052592787749,-2.1942246695157173
-2.7197625103219125,-1.5902671490315046,0.9652471354745545,-1.4411608024409264,-2.18831582569762
-2.725457726959819,-1.5412671658620938,0.9818475129301165,-1.4920958370976825,-2.183663819465522
-2.711914285420196,-1.5845706373382342,0.9798058200934867,-1.4474890414628874,-2.183858803586638
-2.724559514460289,-1.5934549121949804,0.9890607097073043,-1.426382993681286,-2.177594262345105
-2.7194943413235473,-1.6393494101543447,0.9977815895987937,-1.369697570522939,-2.1832536951583177
-2.6799656811435906,-1.670438159447543,0.9948456773496611,-1.2761167150684603,-2.1831145229291846
-2.694942586910568,-1.6312855805152426,1.000873518722976,-1.298702891879801,-2.1883876664952804
-2.671903265929603,-1.6931290799954481,1.0208030695398915,-1.1730498522513815,-2.1750445660610405
-2.6718490146904186,-1.677307320720816,1.0147416291174496,-1.183771467299997,-2.171401562501361
-2.6733057134394396,-1.6678079256811777,1.0218447888325382,-1.1635325763509552,-2.1599775038212696
-2.6538234978993254,-1.6421583768944696,1.0533929991528153,-1.162340715568107,-2.150540291800751
-2.684742533787163,-1.601372373325545,1.0543559123920276,-1.2156083834099194,-2.17195879605779
-2.691958703000263,-1.5780492119784635,1.0556225752786284,-1.2329908851049407,-2.1540690143059336
-2.705182188076045,-1.5575865320317126,1.0625702542531292,-1.3251899723369276,-2.1642594062839176
-2.7117276032449182,-1.6137829386919367,1.0591717741396585,-1.2948046584692254,-2.1683908270993597
-2.687213358048793,-1.6378594367778263,1.0651564889540772,-1.2786147674521329,-2.19181161571926
-2.7149258957656377,-1.6100269453076816,1.0682202737625162,-1.30681458359603,-2.203547095130705
-2.723084804286933,-1.6017785472051465,1.0715803636761765,-1.3349930280680895,-2.1925504693980034
-2.729219744519706,-1.5881495222847295,1.0850640762007102,-1.3669773287967906,-2.1857816409774586
-2.7150167980697026,-1.670826370911074,1.0576607071461004,-1.2863048929027288,-2.175527366659809
-2.6898472727280947,-1.6903968353912504,1.0573879327358506,-1.2196853909099061,-2.1827228040325592
-2.69368560740755,-1.6206846793467427,1.0634786376194876,-1.2826780215624682,-2.1886533510425052
-2.6827964290368147,-1.6681906463752256,1.053060028855854,-1.1895468655547523,-2.181293623952527
-2.666636500166907,-1.6391017068804385,1.0561947512520262,-1.2368284149633562,-2.1799007137247295
-2.664952048166509,-1.6508742014566717,1.0360214193881767,-1.2201519986490352,-2.1785594066124148
-2.659806212238089,-1.6710276428405322,1.0373927883955845,-1.2004478737405522,-2.1657989025644455
-2.642428143618862,-1.7005640402060933,1.0335908725155365,-1.1271778333744,-2.170542700520021
-2.6081293402448806,-1.7153116853805392,1.0677052389111699,-1.0976684031456179,-2.1648297171485233
-2.599840536315218,-1.7115221925168609,1.0611107499375363,-1.0716990036375995,-2.1705066278586442
-2.6256157225745844,-1.726548545560479,1.0611012085075244,-1.0439979488494755,-2.1485315538463072
-2.6428378911249393,-1.7239805397638173,1.0709887881522264,-1.051059562492213,-2.1300630173277026
-2.629621657327129,-1.7576534741934309,1.0632310432290777,-0.981539773130527,-2.1379795404935074
-2.601534159774534,-1.7762658056272855,1.0591337511213654,-0.9325162590952037,-2.1474687202432188
-2.5818272818841757,-1.7505347332303667,1.0616843861490541,-0.8761574748539596,-2.153468053767202
-2.5617592883643274,-1.7944876619346584,1.0664131216937562,-0.8125395709985495,-2.1474255518506307
-2.577902203823373,-1.7502239739482706,1.0694685454509703,-0.8334602969982554,-2.138244988517192
-2.5843209606757607,-1.7185442410537053,1.0861016824508416,-0.8798603275562706,-2.1538030872974407
-2.5866903052246615,-1.722494416425565,1.0972445716985726,-0.8533338484728035,-2.153833234048355
-2.577745383157208,-1.7628717333064696,1.0767245746314493,-0.8041339183645045,-2.139854615777387
-2.5646139241241324,-1.7805518002119138,1.092250573306923,-0.7588484073255692,-2.141027012181843
-2.549371285868446,-1.7922266964712652,1.1112800069496898,-0.7350853185124872,-2.147846777524282
-2.5348843532836147,-1.8348588851378052,1.0986728714036014,-0.6751429686055538,-2.1425095402793546
-2.5212025249596643,-1.8404328145020208,1.0992843985568095,-0.6443537893955846,-2.13082119193159
-2.513248595557621,-1.8360626251306686,1.1063245186613213,-0.5965482534862372,-2.1057977804771735
-2.503542907049601,-1.8181871588168896,1.1010081139600545,-0.6014407695632529,-2.096221605339523
-2.4913127239674515,-1.8343459950049474,1.0915100282141903,-0.5488911061451823,-2.101894520530825
-2.4632603851857082,-1.8641791349181447,1.0847416781428054,-0.5154880155224136,-2.096232573047038
-2.45017353984922,-1.878231327020613,1.0848355412589663,-0.4526655708003376,-2.0984068164963245
-2.4599671181634064,-1.887437033465625,1.0946507351521548,-0.3839020137395577,-2.086066658044763
-2.441041958185285,-1.8558102022444642,1.1050929466625015,-0.40253022047608433,-2.077081293354307
-2.4483471406068484,-1.884228162569508,1.108888352875137,-0.36513505497268556,-2.0739329482589146
-2.447918054619367,-1.8732043911070073,1.1152808908113276,-0.3239561105301585,-2.0664493065004903
-2.4495380773235125,-1.8795473265940819,1.137146426188785,-0.31576813469580695,-2.043014057981662
-2.4610584864433624,-1.8865010568929121,1.1319969929636158,-0.3186152585041733,-2.057886153249834
-2.449871197811766,-1.8873302304410795,1.153964531752842,-0.3297006385521464,-2.063872691085384
-2.4789879502026633,-1.8799561143450825,1.1465834264916361,-0.3525713113847372,-2.081416145547438
-2.4835330932216433,-1.8596660983891733,1.161208973803372,-0.3703552486188271,-2.1108022378951037
-2.4867613127239756,-1.8695376938130208,1.1421671264330981,-0.3909788553500069,-2.101212282582869
-2.515447344944307,-1.816902776110661,1.1389850980030634,-0.44691022797018143,-2.1012039508187828
-2.521347352687707,-1.8284866937856878,1.1386832737068033,-0.46656970142346715,-2.105117400513748
-2.5252988548771262,-1.841983788154902,1.1096879068950016,-0.5013050600497978,-2.0958835061626244
-2.5663473652782733,-1.800699262105277,1.1501004059921847,-0.5518111475575422,-2.1116705933087196
-2.577602427561115,-1.7709318814253885,1.1433021377741162,-0.6262977531328727,-2.1111967620737597
-2.5919941025139686,-1.7472986535808297,1.12938141096859,-0.6559174056875742,-2.1047743653614943
-2.6005997802435505,-1.729911511788688,1.1389107057842864,-0.6917098136225888,-2.098530899758324
-2.5941798635474442,-1.7651997473924896,1.14415067755171,-0.7201563970480416,-2.1146439423311802
-2.6099409271328233,-1.7619370786205242,1.1312101709894886,-0.7710675445219994,-2.134765187154936
-2.641339144886829,-1.7212954364418804,1.121859007095156,-0.8380971694131572,-2.157356575977981
-2.6665050048576435,-1.6746748265644686,1.119739818377708,-0.9501484249973654,-2.1403389570938156
-2.6942439532727085,-1.6396685382734817,1.1227368110008615,-1.0597893378989367,-2.157082782508062
-2.731017164309493,-1.600976936887292,1.1174178374040247,-1.1493347724847591,-2.17609153955027
-2.786383740852531,-1.5829290785798364,1.0997304733848128,-1.2162242818766091,-2.1978908239390598
-2.7824816711890845,-1.595399169224041,1.1029431411029216,-1.2594872735928184,-2.195774210157838
-2.774721987747884,-1.6324575542676014,1.0898479793526055,-1.2748167899885408,-2.1995794107755793
-2.750431086437374,-1.6770664060962412,1.0932543036574636,-1.2194737415975223,-2.2199480556556157
-2.7843736775651657,-1.5279040594030453,1.0828360131129053,-1.4125787972037562,-2.216172892101624
-2.8362145937329823,-1.460477427317299,1.0828113698611257,-1.6086484685614857,-2.2017343305826538
-2.823849950334672,-1.5289209824799308,1.0742205998781869,-1.5810566897493286,-2.224875055802622
-2.845758399163871,-1.5150209006497246,1.0656342936951007,-1.6239630046539104,-2.2122425452081544
-2.8606458578622487,-1.511457342175225,1.031214194805144,-1.6721995094495123,-2.229978505506279
-2.8107404742136466,-1.57594962710188,1.0391821703132127,-1.6204792230742155,-2.2318355814649795
-2.820728136889724,-1.5295866721929348,1.0465869670926966,-1.6614150868911106,-2.238779445838375
-2.861575918646413,-1.442168742269132,1.0248993124095314,-1.7583893154780703,-2.2383965107322656
-2.8574093659646436,-1.472995304076944,1.0231097973918382,-1.7570056652495534,-2.2200264159118315
-2.890854453243492,-1.3920134836900984,1.0159141970036598,-1.8979289324229998,-2.23331143610421
-2.9463756742789635,-1.246001184413313,1.0036988705607088,-2.11680431748068,-2.2029201136914143
-3.008057969261061,-1.1671498017825532,0.9975642715352844,-2.324789045873818,-2.206960056671125
-3.057515946419906,-1.0791795858498168,0.9723203666635558,-2.55160307694984,-2.1901981388702185
-3.0972969481213504,-1.1450678215858614,0.949186978260537,-2.601241112497378,-2.203916088003997
-3.08463378716555,-1.1769752742505946,0.9401932650674242,-2.6260771589915715,-2.2128089384532257
-3.102233084652968,-1.1593204405245352,0.9173250822096095,-2.720362112165815,-2.201515701089298
-3.08875324573108,-1.1874221439470225,0.9114346806049406,-2.732082205327698,-2.2121117004425805
-3.0719603332512233,-1.17316205872602,0.8940327061390421,-2.8012526156594206,-2.208080559631351
-3.079955788259505,-1.154767541755088,0.8787211466875811,-2.8262040832771955,-2.2069363706018006
-3.06687095811797,-1.1898505682908485,0.8306509569554098,-2.7943918341525387,-2.193458896068475
-3.0135403465045045,-1.3485530729137913,0.8484529101948985,-2.63057002572417,-2.2061792367341804
-2.982911941649374,-1.2803965471882601,0.8535253543439163,-2.62894062170091,-2.210933631318655
-3.0095505741336464,-1.225121525983355,0.8370288842114002,-2.696560130335279,-2.1994936798027838
-3.02546059027794,-1.1429955798973137,0.8157121189238757,-2.7831805480594167,-2.180434263042541
-3.0378124124513235,-1.1315474696182197,0.8000035211980301,-2.8186035578900315,-2.15510655338414
-2.990214453106315,-1.2615128699648288,0.8277244702191251,-2.679440341575476,-2.160966360367078
-2.9574366684919555,-1.3318370332973137,0.8107107557250085,-2.5953131045334956,-2.1665552985689858
-2.9339425574938236,-1.3356355900536065,0.7994470156948628,-2.544704986102298,-2.1715976159890227
-2.874357609719023,-1.3928470419659025,0.8237195020332808,-2.394667982476413,-2.1681543778840826
-2.856988356427388,-1.4147886954786506,0.8096931234581718,-2.3228129890854143,-2.1794866839293543
-2.8461235034653893,-1.3809381817277953,0.8153884203575089,-2.2980876044025553,-2.1674657930486307
-2.821608381016859,-1.3969049531661106,0.8267054676628154,-2.2398087680753127,-2.1554060670456225
-2.7958389785230318,-1.4404645665874574,0.8531976923533514,-2.146038644864541,-2.170984258154583
-2.8284101642478605,-1.3575891409692393,0.8431411575187228,-2.212889504054288,-2.1778804316862
-2.8395007282214526,-1.3858299496816233,0.8653408702790152,-2.156212328046481,-2.1787531214708915
-2.8507498831752205,-1.3716547815800548,0.8750264403463097,-2.1546345790778063,-2.1921310530417553
-2.878080576039534,-1.3524533096304714,0.883874755284472,-2.187291987848365,-2.1846472644259753
-2.9073608247191425,-1.3237981427744054,0.8896993086843482,-2.2055210649342465,-2.1655566757819673
-2.9162713603195614,-1.3194503487019635,0.8864001172671272,-2.2324327666135897,-2.1857948830387866
-2.8992492352624852,-1.3670269331056242,0.8773440689807214,-2.1780308097209553,-2.153769125490912
-2.9034808136532817,-1.3329590404556502,0.8785758061231741,-2.225045676409671,-2.159609305979259
-2.9005066432517044,-1.3633201091932399,0.8891823258614445,-2.221041581082753,-2.1744762306062624
-2.929374932937595,-1.3348916192065152,0.8908025980355583,-2.247870732644535,-2.173327354454692
-2.9153738552812,-1.403694521303527,0.8850558870878796,-2.173757225908636,-2.1934798546520247
-2.889341387415525,-1.4378737664804382,0.8963489864839331,-2.109821035365936,-2.185645292919161
-2.902418223493875,-1.4046728175343595,0.8867088837705964,-2.1362166917827436,-2.1804653160218943
-2.900551166734814,-1.4112670756158978,0.9012921605637497,-2.1616314009079067,-2.185320408207951
-2.8585164988915888,-1.445447755640944,0.9036486249433332,-2.0723393663208256,-2.184342999305981
-2.799366948090893,-1.5415666720396375,0.9098241630361904,-1.9139080133735829,-2.191620386932119
-2.749953972648253,-1.5922358296870753,0.9212718014633888,-1.7518018576241234,-2.190268906778497
-2.741286640039528,-1.5832096669497624,0.9139137940263424,-1.691622360921231,-2.1969404652021045
-2.7405875750167366,-1.581477232206886,0.8997824266088955,-1.6453827829236414,-2.2113355166735897
-2.7224705611253888,-1.6148039187826295,0.9132488990026673,-1.541140591091028,-2.18826615939762
-2.7131163655007535,-1.6406153008092268,0.9316961695345678,-1.464094067890348,-2.1714433575637324
-2.7106701848121255,-1.6114467063183613,0.9408252190385724,-1.4278131188955663,-2.185684791188509
-2.705179201364188,-1.6038236897250568,0.9672246519121288,-1.369439076819026,-2.171792119428068
-2.7037711460393976,-1.57219829934778,0.9781576055051252,-1.3921982727717699,-2.168070295050637
-2.723508277577182,-1.5462129903302853,0.9729962651506004,-1.3826675994516002,-2.165605122904789
-2.726625519632494,-1.5826321807203958,0.9780584964053122,-1.3338628519589655,-2.152472676865002
-2.6759686761268022,-1.6293339927747312,0.9791132864745611,-1.2372461207233825,-2.1520818492996137
-2.6789613533552377,-1.6459691270617074,0.9833804813299978,-1.209829893323891,-2.1613510220388807
-2.6660036521488535,-1.6431298130225447,0.9940026960087578,-1.184644865264937,-2.1497117200722538
-2.679098012425503,-1.6144692928684514,0.9891285767261779,-1.2620528827725206,-2.150469825700793
-2.7005078677631653,-1.5729442533683418,0.9705454715981658,-1.291272622336067,-2.1399901500779857
-2.6740165461180663,-1.6438533412174294,0.9982289215010965,-1.199051358178843,-2.132677762798051
-2.66136721762634,-1.6641404617066025,0.9954737702869522,-1.1307852718278317,-2.1332710542498976
-2.6429766545345394,-1.7099738904014445,1.006434664163242,-1.0470819202436774,-2.147872840402162
-2.5997843668383074,-1.7231670975443947,1.0092302719003483,-0.9918488405101891,-2.1514064755754143
-2.588117408679822,-1.7586072870831222,1.0168696745706811,-0.8989574726589771,-2.1290762696363816
-2.564814540340653,-1.7577655304699507,1.0242188956063054,-0.8343404425091729,-2.1234489029732093
-2.587073125370214,-1.7498284833972975,1.0232143279421806,-0.8546413816579422,-2.132380950477491
-2.5875874686540765,-1.7400680254786347,1.0327109278591038,-0.8309724786215477,-2.141148416481398
-2.563167311602115,-1.7771095350960393,1.0470945150188018,-0.7406352338028123,-2.1210585200954126
-2.5591494958695242,-1.7729075135382382,1.04372542164749,-0.7416348845146558,-2.114868299203917
-2.532689173241774,-1.8043941065886213,1.0558645952966461,-0.6653335991434582,-2.0878389103522608
-2.5172923883302323,-1.8080883694997336,1.0543022905890103,-0.6241684217164618,-2.0690654309097316
-2.5233005793910737,-1.847036418480702,1.0752074665513351,-0.555486178424698,-2.078170939524105
-2.500594188133025,-1.8424098021719901,1.0960474505307949,-0.5195308954699651,-2.08865724118366
-2.505339633560037,-1.8255903406377547,1.1009621838701844,-0.5378464594256223,-2.1003242419001102
-2.512082721338408,-1.8325914060173252,1.1027476965096292,-0.5048105456914961,-2.092610754844672
-2.5120215578922176,-1.8278244994233899,1.0976796006867848,-0.5229585282165493,-2.086570936927711
-2.5161810099209148,-1.82259399379881,1.120768099812896,-0.5102363361293932,-2.0888720902743114
-2.5223041822053585,-1.8067383075867371,1.149023664998876,-0.5666524580075613,-2.098417056493661
-2.5206922735259973,-1.8531808014975488,1.1388942090998995,-0.5210251976057052,-2.0905210150121225
-2.4839916171564385,-1.8698175368596923,1.1419736964255047,-0.5015982170257123,-2.082693806127106
-2.481575177995869,-1.8873041202437664,1.131841353338932,-0.4328629718970736,-2.08443240169585
-2.4902424294696606,-1.860796365807289,1.134715651689288,-0.4502943434354076,-2.112528478750299
-2.4860901077161843,-1.8847813146181807,1.1393683134641703,-0.4511306317668782,-2.118322350237063
-2.5147755056182,-1.8809107981815136,1.1505693614023744,-0.4604454867318789,-2.101521396355709
-2.5181855426283586,-1.8514833312460697,1.1571721461542002,-0.46171461457989876,-2.0970612600828806
-2.5249873927760724,-1.862899183575416,1.1425173405977873,-0.42984890732797365,-2.115546899039046
-2.5184311747353556,-1.8520814830655667,1.1452288773315842,-0.42869561974177545,-2.1101141020213268
-2.5227726220830418,-1.8392803444339172,1.1556495400127125,-0.4714637997327087,-2.1144240976206343
-2.506126264120574,-1.8654015437539484,1.1598140177839809,-0.4604121940618604,-2.1182629316901207
-2.509047762705994,-1.8555876569379002,1.1351883263732854,-0.4635489880771269,-2.1220041676612618
-2.516940290928143,-1.8593933545405414,1.1477577824038576,-0.4676182380361108,-2.1185789215623347
-2.526123194281593,-1.8173677879964014,1.1500094923251971,-0.4890041785223201,-2.129893383541672
-2.5370367616767076,-1.8174727031382785,1.1530777753105894,-0.5106791435652495,-2.1119333102818754
-2.51126769792182,-1.854974195743059,1.1475732810986892,-0.4831235329212757,-2.1337906150607053
-2.5204601022549897,-1.8844147636757322,1.1569677611891664,-0.46481964053419855,-2.1506514855797607
-2.5207791327548694,-1.8629789528219494,1.1350257955322156,-0.4819965934027557,-2.1230859762217773
-2.527525854907301,-1.87807255079942,1.1486724967618984,-0.46872877017256376,-2.1301286168072213
-2.526032283790854,-1.8676621034714402,1.1699393346846458,-0.4560140506747015,-2.126597634764282
-2.510723641069945,-1.867147293579288,1.1354500731737787,-0.4247621646132034,-2.1157773174137513
-2.5123895365071207,-1.8770390943656918,1.1538921322284181,-0.3908181539959266,-2.117378797244625
-2.5209491719430375,-1.8679078988471596,1.1502822138151683,-0.3759272207251199,-2.101102419423934
-2.4997176029071952,-1.852674241667205,1.1635318242256296,-0.3510534376686342,-2.095987865016014
-2.494549701521272,-1.8869504177164196,1.1752017553206813,-0.3180843265099269,-2.0923480370011163
-2.484630271011162,-1.8693198668894717,1.1694972260031447,-0.3202553447535372,-2.0970188798597635
-2.4825740924133624,-1.8726010935500454,1.1714976228312282,-0.3110331834103668,-2.08141324984533
-2.483433255372838,-1.8898940974661635,1.161349966453514,-0.2944107644876739,-2.0885378699576984
-2.474787727040732,-1.8993022144584426,1.1834054912009266,-0.2904843290783285,-2.0680661654593226
-2.463994573718156,-1.890115331947985,1.1594132709582992,-0.32255449455864627,-2.0730471192031823
-2.458043708962087,-1.8824654498093834,1.1445645111438898,-0.29197368108009286,-2.072559342570472
-2.4736307116932896,-1.8834449137794225,1.1621862487435826,-0.29642154436749885,-2.0779056088075483
-2.4674305677032824,-1.916391224106375,1.168725406317508,-0.2945791017633818,-2.0731782748145666
-2.465364049652619,-1.9282095404166628,1.191651010549075,-0.2996559070943676,-2.0870889381168554
-2.4622565829055647,-1.9371043962520436,1.170447805647191,-0.29214387131513475,-2.0909083932963135
-2.443877870302521,-1.9235593607200905,1.1932759349865139,-0.285699055954598,-2.069876910553866
-2.457939382179171,-1.9156957633882123,1.1912517011025134,-0.27810123630082706,-2.0854609309590373
-2.4454701100175074,-1.9020893771674967,1.185963325698777,-0.3081201618945266,-2.0768348362394593
-2.442937863246161,-1.8921441274732456,1.181072874161392,-0.2992177120017698,-2.0889643415557946
-2.4364802936456518,-1.8999407512261102,1.1907544166494806,-0.32068843599848873,-2.0688628977655514
-2.463281237289235,-1.897492213509825,1.1817166980059681,-0.3300607190845964,-2.0609722393207086
-2.460494170290675,-1.8905666390235527,1.200503463216763,-0.3499458835077905,-2.0657897134943566
-2.4828052064498976,-1.8741650378474481,1.1966317369757853,-0.36462510151270305,-2.089495335839525
-2.50488237307442,-1.86288199789488,1.1865958855361083,-0.3758602287858191,-2.1046290351742605
-2.4945090695142507,-1.8673302710682418,1.1837707427565949,-0.3698902643667846,-2.113887217496521
-2.5145078598620514,-1.8285153661887716,1.1927671056385731,-0.40856072463599385,-2.1028074142512247
-2.5503367667904815,-1.797707022943536,1.1666634793232613,-0.48914086907940474,-2.111703557447769
-2.5686124977874805,-1.8036844855576346,1.152902883676917,-0.5339672239076175,-2.1242392345439196
-2.57065351596849,-1.8209095296531181,1.124909781455539,-0.5443241378123554,-2.1179219199945187
-2.5872223605391103,-1.8045068562888886,1.1414113355766005,-0.563635275716929,-2.117266776709671
-2.6036416345094464,-1.7836988061986772,1.1326521858459426,-0.6565385527208558,-2.1373907324017924
-2.5941042518170137,-1.810668374986611,1.129013948003347,-0.6627937203174804,-2.124260255113101
-2.633356753714691,-1.7161410521828755,1.1260730652089335,-0.7503812126339141,-2.1275575309396166
-2.6837559521670156,-1.6426077162324353,1.1377178962756238,-0.8787529824203472,-2.1470694567883437
-2.6818248106822167,-1.6532127911527044,1.123928300092895,-0.943029129318245,-2.144687884135749
-2.6731938625196556,-1.688125062843226,1.1252774159274317,-0.9237848794302007,-2.159803360108678
-2.656713255639444,-1.7139386863571717,1.1262408600488178,-0.9034342603638043,-2.120141523366191
-2.635234451827458,-1.7132466762761702,1.1302703754539214,-0.9041248968260392,-2.1379320367768595
-2.6683947866734985,-1.6766051028344993,1.1412591710455176,-1.0037207733201403,-2.14911051020407
-2.6700169229226147,-1.6535270664467518,1.138891258395135,-1.0584098344408701,-2.1607447870322027
-2.6828409307698395,-1.6537534050657179,1.1299122356917204,-1.1011919403835269,-2.176567500931231
-2.6860311932437497,-1.652079317091291,1.1082581783546013,-1.0968868045455145,-2.15520583316654
-2.7105997666738175,-1.6108253915619046,1.1134585213320265,-1.1619970669999764,-2.1673634118626817
-2.7222419157494424,-1.5488977025134532,1.109507650362781,-1.2984404782917376,-2.164642525752512
-2.7416545398279433,-1.5609037134412422,1.0971740422335228,-1.3089013028027585,-2.169826525457764
-2.727836710509133,-1.599523817442619,1.0707538829957284,-1.3261043813847482,-2.17276412008031
-2.7364119170069228,-1.6005716298642445,1.063977120915842,-1.3436566852189178,-2.179186974273586
-2.7353149093135,-1.6093371543382315,1.0729237752671381,-1.3569021276714528,-2.1658186785278724
-2.708478213402364,-1.6329383481996402,1.0689230448915217,-1.32930416980298,-2.166393976294887
-2.731468285785814,-1.6404995936950695,1.0661063938505944,-1.3141847682823422,-2.1713499927661184
-2.748774260907263,-1.5947308145324495,1.070877379841579,-1.3572152284351926,-2.1583702134235536
-2.7485408719960915,-1.5769309121300203,1.0716523354754972,-1.406194222886023,-2.1835500289705685
-2.804368044743478,-1.4978420038840354,1.0640867033777193,-1.5449189671246568,-2.197055908769473
-2.786492948335526,-1.5346634828032788,1.044686630569587,-1.5391128081014835,-2.1922735784606577
-2.774769894562284,-1.6171802152694956,1.0428482297919477,-1.4761356209130712,-2.1994673032930625
-2.7621545039572077,-1.6327607158679414,1.0454694371980637,-1.420142099926626,-2.210096362786504
-2.7111458082052713,-1.6679979253003858,1.0503602645288943,-1.3465626134086623,-2.1974030002219083
-2.701890644167175,-1.6337413458656098,1.0434939470864844,-1.3331401400434875,-2.1922610664579256
-2.7022455673052894,-1.6012641344329435,1.0467515005372494,-1.357116711342557,-2.170752706318128
-2.715069450198584,-1.5409990825549227,1.0482505592728923,-1.457590258160885,-2.1820383443371925
-2.6967406146261608,-1.607330983238294,1.0391552326296947,-1.3720082015571935,-2.194093656016836
-2.690366648436483,-1.6033071336834894,1.0460266478839533,-1.3921918230863548,-2.194859441043133
-2.69128729162536,-1.6478508777269163,1.0615829955491125,-1.3504303929086383,-2.179640996587061
-2.6828945719391153,-1.6629627429726512,1.0276862046983437,-1.3071925294020899,-2.184737480081435
-2.724225613723805,-1.5766541570489365,1.042753041182548,-1.3882270995608148,-2.21040370471347
-2.689864854230686,-1.6682970347992154,1.0452770715397703,-1.307914719255947,-2.1924321156455906
-2.711953813980492,-1.6041662885205994,1.04922950989159,-1.3874985825830795,-2.179299451385463
-2.7422165024868828,-1.5464888366113352,1.043453392997982,-1.4822083807898672,-2.2049391808586
-2.7203388011152057,-1.6003807905744616,1.0554012194355538,-1.4179354750046493,-2.2089639751869554
-2.7158559952230994,-1.6352481702177248,1.0315913160703851,-1.3874871948297613,-2.206670995837804
-2.7456644444983596,-1.5414394657567958,1.0208368959857799,-1.4763722946532245,-2.199995149837434
-2.7740271940028465,-1.5020407710795023,1.0181087290815631,-1.5672199085216427,-2.1875512569800324
-2.7865749074842925,-1.501736125248784,1.012250634136037,-1.6097476193483853,-2.188920722164926
-2.8364962578937343,-1.455111938112454,1.0003437406198854,-1.6867354919112394,-2.207727749907036
-2.8582089983238816,-1.447894481947964,1.0130219662468527,-1.7223633895922703,-2.2172064255135115
-2.8624342447670896,-1.441503791864339,1.0005886582078451,-1.7596873129971151,-2.2313859294432437
-2.861986474525787,-1.4445350425655703,1.0020651720304146,-1.743033752744545,-2.2248068912351435
-2.844573973778659,-1.5079236873089605,0.9888223910286791,-1.7053740504669728,-2.2381260412586
-2.8123008638214735,-1.5711396207142798,0.9895840722819113,-1.6143886574514708,-2.230206068994545
-2.790921856115113,-1.604920941107886,0.9990389090345504,-1.5535198834228698,-2.212694549046924
-2.7544785290573373,-1.6050212917357476,1.0089112156041142,-1.4987791825005843,-2.1888930301856844
-2.738359225914878,-1.5872916026092148,1.0049870293155185,-1.4836746547288622,-2.187426498615803
-2.706943566068946,-1.6020353439944899,1.001711362196134,-1.4271672170728338,-2.174390903496221
-2.674380484052347,-1.634312453061847,0.9930416120277841,-1.3612486389735992,-2.183838976075883
-2.6607645861999276,-1.6316166852207996,0.9946272189740223,-1.3115713102753956,-2.1754628727685406
-2.631595760356668,-1.648493189244597,1.0170410980225606,-1.2798930935466861,-2.1828977048393736
-2.6719706241618804,-1.5873897619540502,1.0069998087596683,-1.3209374536155563,-2.190372642295551
-2.6484706484087646,-1.6087065795238387,1.0114767953074342,-1.2897403125210303,-2.182168549666046
-2.6546219895937626,-1.6155044453618985,0.9995811763399772,-1.3193621683264962,-2.1799943961237287
-2.6916328342746643,-1.572656450881486,1.0226462257089461,-1.3721733874008473,-2.1685872810527838
-2.7337313268292447,-1.5110348998055,1.0179762404373418,-1.4805652451904243,-2.1861624482486106
-2.7508965601575666,-1.5389210355372565,1.0300068531958337,-1.4885144849854959,-2.200037940000204
-2.733826148006431,-1.5822196459410796,1.0217446536305317,-1.4487855642299692,-2.205625342930514
-2.7059373960438657,-1.6380101911774838,1.0002624397509632,-1.3722541053886987,-2.1731830624282322
-2.696632362820071,-1.6792457718980198,1.0237982313653342,-1.287997412913328,-2.2046650213475494
-2.6568181246136735,-1.7134465454308354,1.0352483189919113,-1.2036404110035646,-2.1995664561383275
-2.626198567994596,-1.7390487454555423,1.0583779443659869,-1.0969901141580887,-2.16112961591976
-2.595864208543674,-1.744017098650087,1.033444178363998,-1.033024234282615,-2.1463363196695413
-2.5917954170133615,-1.7663732542407697,1.048198123851983,-0.963088373072692,-2.1655669389970504
-2.6241590509154995,-1.6986455730559984,1.0368347180175186,-1.0285840841606249,-2.145728580879077
-2.630166277032651,-1.6985637169062031,1.0394015376689492,-1.029109034379583,-2.151336340064933
-2.623088615583862,-1.7284482072510414,1.0188241722594316,-0.9973556234997278,-2.1434040948351627
-2.633505818581312,-1.7637002029885651,1.0288317120852666,-0.950193651159383,-2.140468080258768
-2.617657743954435,-1.7504669036512026,1.0333898845788472,-0.9114301438919371,-2.144624095872298
-2.5897673842013456,-1.786258916457531,1.0349215682979849,-0.8266279839847593,-2.1138055455994555
-2.5708303085294597,-1.8010522102344573,1.0417564471703635,-0.7856803241718853,-2.12627042875411
-2.545032119577481,-1.8318144369425093,1.0512734146721825,-0.7101971301512746,-2.126140220121718
-2.501056608614428,-1.8705206281474303,1.0509362880039876,-0.584476070699303,-2.121713883092147
-2.4792819113539264,-1.8736995271710772,1.055696215670853,-0.5708075522840295,-2.1126088426812926
-2.4806829373674977,-1.8491296997653393,1.077256302321425,-0.5374486747496247,-2.1058429692668357
-2.492430129978785,-1.834858370092572,1.0504591180644212,-0.5361876818942704,-2.093079893312827
-2.4897434564345082,-1.8542608890013448,1.0659006958956756,-0.4733870360036104,-2.090653230031107
-2.4616546481719617,-1.8544394571827023,1.0862727242076304,-0.4737718616177537,-2.086794851720574
-2.4764865315522098,-1.8303486189690665,1.0931328027159324,-0.49198734932115595,-2.073363482788508
-2.497662076178498,-1.8295243224017188,1.0842637471594732,-0.49357941232545044,-2.0676462661009416
-2.4769988857656218,-1.805155391303475,1.0970093684402276,-0.5352494685773936,-2.074729920183469
-2.5067681773909323,-1.826502801259574,1.08379619518245,-0.5256557822282455,-2.0934926352563057
-2.520376947052801,-1.8312037953352465,1.1082970668175132,-0.49273873335672097,-2.1037429531090863
-2.50865095716194,-1.86126592520585,1.0925255171780694,-0.4463481824897832,-2.1186793331491605
-2.503067001653161,-1.8838119346779947,1.084274406092636,-0.42072575793503125,-2.110465886728029
-2.5242789471981184,-1.8377342029763828,1.1094515681690844,-0.42785935784776163,-2.0766240142161037
-2.5017385863694455,-1.8383761801695695,1.1133054422886168,-0.4259441589786019,-2.0802202438414805
-2.5118311407128577,-1.8644143792999721,1.1348106104149067,-0.4030954021853885,-2.098270325518488
-2.514582468671935,-1.8732113308875238,1.1354944497074522,-0.39280416214248143,-2.095104938595134
-2.487670006209642,-1.8786190923800996,1.1415352965220056,-0.3844073037170951,-2.081859831862082
-2.5087611283786733,-1.873008563915053,1.131540530124507,-0.3724032626445868,-2.1008677646750655
-2.509173679573013,-1.8633962415603273,1.1314028105265423,-0.36099009143600114,-2.1008191770815765
-2.5032158217487153,-1.8968963791444908,1.1310576828800445,-0.3542308044554069,-2.107255408006875
-2.4927047972257252,-1.9012583683481739,1.1569784283263551,-0.3341796705485843,-2.097321178045578
-2.479213595725851,-1.891562361764125,1.1501469670454385,-0.34268070601501266,-2.0792036523617408
-2.468973547029354,-1.9026921200798608,1.1632875940996654,-0.31191213215728647,-2.0619075530450384
-2.484594195633362,-1.8754727890709137,1.164775725186278,-0.3413972848344597,-2.0706217288032733
-2.4883120675058255,-1.8769875931000977,1.1678392400846056,-0.3593845720976772,-2.0930838387503172
-2.483393497532884,-1.8789573392744512,1.1735727007265389,-0.3194737277142296,-2.0802937664626873
-2.468708445517367,-1.8659922368908168,1.1729118932900082,-0.33177889253768666,-2.084459742394268
-2.473157733107215,-1.8701244126151615,1.1736595330986273,-0.3314985533288871,-2.08598686308112
-2.467117028721807,-1.8660122556146108,1.1436070710669763,-0.3400280898374489,-2.08276782533202
-2.45877795277334,-1.8908537598997694,1.1451294202798938,-0.3157619143655584,-2.092642440540141
-2.446111659427566,-1.8918592401901546,1.1472593891186427,-0.31723699411786627,-2.10923252693174
-2.4445074131984903,-1.8796500612872196,1.1352385634005293,-0.35092797258809644,-2.0733346935920873
-2.457230238024497,-1.8328748531661476,1.138506243802283,-0.39758055171873585,-2.0652423396915656
-2.4461141039867393,-1.8605210700860741,1.137476031665293,-0.39107195675380296,-2.060617051965985
-2.4655858324650723,-1.8819553163744513,1.1489524248123064,-0.372423685697132,-2.0724773212241367
-2.4692369876953757,-1.902562470643112,1.1548319020620665,-0.3495488001307327,-2.0659483827311096
-2.482547233927767,-1.8797249934585836,1.1518247873191743,-0.3539414237660869,-2.0886431729694124
-2.4755415636943403,-1.8870281186019104,1.151034562974846,-0.35253127039466153,-2.0883423448303122
-2.459571818353198,-1.8930705583082799,1.1585774263407291,-0.35728781250646385,-2.099534529207836
-2.466986400490116,-1.8950280392400074,1.143349124121093,-0.3430086275337682,-2.0843595632663487
-2.4618534915047956,-1.8869382299598807,1.163893978014563,-0.3164912278772064,-2.079296688200581
-2.4681415057606575,-1.8935904222201705,1.1932461401977736,-0.30777744200925733,-2.07673926531711
-2.4444272701706478,-1.9099869479550386,1.1765976106880254,-0.3080904335199453,-2.0862906647612967
-2.453016107242116,-1.8980074083898548,1.170208073488388,-0.33895193101898385,-2.089787330179241
-2.438267892721182,-1.882393620655975,1.171914450174205,-0.34294376406323035,-2.0914357863921604
-2.4731027074255727,-1.8494405057815022,1.1812190857409974,-0.39110564559328037,-2.0855480612490003
-2.4785535118933746,-1.8606454006703663,1.1615183789344974,-0.39949679981967984,-2.0861571045359173
-2.466586360765516,-1.8833738531451127,1.1462807796414616,-0.40203653866359124,-2.103490790052544
-2.484681203755275,-1.9030316208792974,1.1266452274955567,-0.404238502693477,-2.092167321617394
-2.481861202903466,-1.9195422811796534,1.149924587066452,-0.387992394102437,-2.0942772469590807
-2.501897343855663,-1.8543688774963898,1.1278233455095978,-0.46238862033173994,-2.0954132298201436
-2.4981006659623506,-1.8673565015935378,1.124308804925055,-0.435048544886535,-2.094678865885614
-2.509433546333056,-1.8626116213700543,1.1285222279750846,-0.47684741859729685,-2.1007957750440163
-2.547290503302125,-1.791323912625596,1.1257389082537024,-0.5613229300722404,-2.1155425499543696
-2.6010437118478325,-1.7437865339925653,1.15007209571925,-0.6779388874910801,-2.133339300206521
-2.6552419908605063,-1.6848588649864338,1.1581942946664867,-0.8301417150106049,-2.1660236961735366
-2.6262184875528902,-1.7317555757708933,1.151175670676147,-0.838981895475913,-2.1559533291974584
-2.697331796716099,-1.6870506239702787,1.133263509350621,-0.9425190718410326,-2.1871667694293495
-2.718001625347824,-1.656610874199051,1.127282446921004,-1.012898901038308,-2.1887372188683103
-2.7140365913326554,-1.6689595227340541,1.1278145295430004,-1.026232500768943,-2.1752587585416028
-2.7002798632912546,-1.6770361881683082,1.122312543232574,-1.0175241259672863,-2.1792226692608354
-2.7155804286045964,-1.610775915651084,1.129421371928491,-1.1114693787678385,-2.1933355455919727
-2.7412767365628743,-1.5672133317282682,1.1109440532861685,-1.2313929513271447,-2.2020500201443274
-2.7554993551961213,-1.609160831663552,1.103593473549347,-1.236970911337225,-2.198608650883872
-2.76368766188213,-1.5846496884493637,1.0938205545295363,-1.3078762406769142,-2.213310704132973
-2.792244690702378,-1.5490588109518342,1.1008664697287986,-1.4040237768172277,-2.1974131455635084
-2.800665313157666,-1.5294718076698313,1.0958095388840285,-1.4650691224548607,-2.2152627159148053
-2.8018842549925647,-1.5199712221753057,1.0992519882313632,-1.5282719234903657,-2.2299651276310315
-2.856449939669485,-1.437263069815898,1.083009899177779,-1.6828312692983443,-2.2296406418384533
-2.845769444451183,-1.5084043250062082,1.0639946755068244,-1.6486289909866485,-2.22539052613099
-2.829449835691837,-1.535778155684159,1.070706741191525,-1.6622684507358103,-2.235584822559993
-2.819141437205924,-1.5614964783715484,1.0623564048831948,-1.6362421921010248,-2.228936932683482
-2.8184977930620456,-1.53529940869221,1.0411826887822075,-1.6474130119127064,-2.2375580159615853
-2.826358186086192,-1.5285555885607651,1.0454477650368597,-1.667026525809293,-2.2337763955795307
-2.805894160486495,-1.5192778529140185,1.0367806062495926,-1.6781963876176567,-2.2155460895511783
-2.804718125852,-1.542406047441244,1.020001966980632,-1.6548178806420417,-2.208777219073541
-2.8341727893785222,-1.506049099876392,1.011678900476906,-1.7126285185824988,-2.2060408216615253
-2.8387067809073985,-1.4706014285281914,1.0089361395407568,-1.7366192585330569,-2.203780256709197
-2.835017493068461,-1.4456923082335007,0.999583592577593,-1.8066846231909008,-2.2024138989826376
-2.85396149943782,-1.4521101912954109,1.0007094915373929,-1.8307523417151188,-2.2046601968793422
-2.898176573598711,-1.3420141672509704,0.9844469454939395,-2.0038842684481213,-2.190222624834697
-2.893286739760864,-1.4100861608040525,0.9915942957777769,-1.977054729254439,-2.189951026587215
-2.878167293819826,-1.4588877453507858,0.9916611288243675,-1.9482646231828966,-2.2141761274692033
-2.8646363048182235,-1.470807656401635,0.978153365839961,-1.9033939097721633,-2.203645911844034
-2.862439500692059,-1.4286125311971751,0.9665174162075142,-1.9316443488358588,-2.1942231810247197
-2.8633999113072353,-1.4681066791852584,0.9581241110234563,-1.908994957650099,-2.2166409322934575
-2.849158206859739,-1.4607457132918185,0.955626219940986,-1.9141674362093957,-2.220407068771394
-2.7989200368518783,-1.529406927499944,0.9570548283701446,-1.7876438723312555,-2.2226001468514944
-2.804568045575246,-1.490247960502518,0.9537670393623172,-1.800700939291108,-2.207810055295523
-2.834342805254541,-1.4461069594323606,0.9534330970608477,-1.8770105067636993,-2.195976362945362
-2.854206877155482,-1.3922890446405507,0.9660233965596747,-1.9375607888366357,-2.196962032535
-2.8741571108990893,-1.365691659125374,0.9752661253437936,-1.990013417667692,-2.20314190858148
-2.8339174839818875,-1.4424607933855889,0.9527233768055925,-1.9452409032205882,-2.2093497636089943
-2.801127482398618,-1.5038358253232857,0.9586273672731235,-1.864596025417715,-2.2107296094221462
-2.8247359028066454,-1.5101184475465537,0.9511258515112088,-1.8388416969757961,-2.208829781666896
-2.779006182995027,-1.5606796988045382,0.9471640269037752,-1.743708528132298,-2.1971650538458776
-2.75428060166009,-1.5830817485159672,0.9475099889231089,-1.6692359622646205,-2.2047486898857414
-2.7510096624862377,-1.568645567128788,0.9448313781844957,-1.6361241861750417,-2.1852216515158176
-2.7346110837181787,-1.5642010954766703,0.9482742325416174,-1.614392163193393,-2.178729557347443
-2.728814123192352,-1.5648240998292247,0.9590057766340406,-1.5923680221556253,-2.1779568580405266
-2.7286124498165805,-1.5335227314092246,0.9533662604998411,-1.6062621408022475,-2.175803998650678
-2.7385791953035223,-1.5400106003378053,0.9922289249379501,-1.6130986118012973,-2.1704118751408874
-2.7392142069239585,-1.5297906863795199,0.9883902468740899,-1.6260913360399953,-2.1791229965660723
-2.71994701345451,-1.5944132207915218,0.973987088464978,-1.5461320391456612,-2.186601293438276
-2.7146923801295917,-1.5699537122389386,0.9851769263452822,-1.5721563036654194,-2.1879036816629482
-2.721606718097915,-1.5768965463148057,0.9705407352576001,-1.5213129467193969,-2.1878740072160663
-2.7231907408678984,-1.5604367344925534,0.9614148706126949,-1.5240009296882626,-2.2028057836464363
-2.7062324954919643,-1.5997881285136755,0.9733425809836451,-1.4571101650122877,-2.188984738544933
-2.7119730586192876,-1.5621370752603954,0.9784228747102458,-1.470097464698294,-2.17247279474172
-2.695220102090887,-1.6451775082555093,0.9905808168765974,-1.332172715061915,-2.174387493297271
-2.68386920178767,-1.6349469100461,0.9896792518460931,-1.3329984358017872,-2.1852967526830294
-2.6750893304391,-1.6281305684164025,0.9993823451661309,-1.2993373380748265,-2.154662265303007
-2.6812120007771383,-1.6633097892053135,1.0156371350838032,-1.2511634482215803,-2.1619592671430032
-2.637004533379684,-1.7236668504074815,1.0057472509519867,-1.1683972427914249,-2.1700040171906365
-2.655707552207595,-1.7095174243496196,1.0124741649112396,-1.1778273430364758,-2.1703868529422183
-2.643376302579895,-1.6826277993779521,1.0212405895090975,-1.1578000094196912,-2.164790323605855
-2.63329525978834,-1.7163590461056146,1.0159236837170906,-1.094818728797776,-2.1579040435796295
-2.6408671201710683,-1.6443979810887266,1.0390052589317087,-1.1689092321721006,-2.1561549247569647
-2.620036009722728,-1.6957754631589785,1.0226527494368522,-1.076418470807343,-2.1462822717590355
-2.621395674309746,-1.7007879489809243,1.0252728736408234,-1.036917141651289,-2.1707296138086805
-2.633981829064829,-1.6964896558456322,1.050495361752197,-1.0603138852894765,-2.150401709441306
-2.656977713187395,-1.6811678449371172,1.0596675459276526,-1.0383411053152412,-2.1717471448186876
-2.6703437919228254,-1.709630075986323,1.0701199592477568,-0.9892967902550394,-2.1630267874932474
-2.6356891730374574,-1.7327311159899745,1.0837794812339794,-0.9614840734186326,-2.16443783267806
-2.6209100535034735,-1.7219405254410027,1.0985296315008963,-0.9234316962428455,-2.1382897452201415
-2.6087677620212806,-1.7536039417482707,1.1113107368393844,-0.8899028442562866,-2.157561932938255
-2.5794751150898243,-1.7792554718705424,1.099718450413458,-0.8004511994142837,-2.1285380390944235
-2.5815383843119064,-1.7807501310987532,1.1167466056434379,-0.8017828572366654,-2.1359590072890633
-2.5888384294835514,-1.78548633961703,1.1148449863013759,-0.7728027390291063,-2.1399031994379967
-2.6098152896379485,-1.716947016125879,1.1172976776721157,-0.833919868526069,-2.1463567211377144
-2.571576539354751,-1.7640125017548671,1.1053714230562968,-0.7809587333024337,-2.137625830099809
-2.551831772689397,-1.7963928191180598,1.0941364528374982,-0.7274268207873775,-2.125088105204715
-2.560077117935293,-1.7619493678894442,1.1027642655173142,-0.754905833800008,-2.124005007439562
-2.5679532687291045,-1.7525376423730914,1.093628506113062,-0.7801009163917101,-2.139425222714207
-2.5856313799401285,-1.7150586586416334,1.090422149013377,-0.8069711784612847,-2.130557381815528
-2.578555920255226,-1.7165516475575282,1.0853739084332181,-0.8354732645727703,-2.124444083958104
-2.5666411097271378,-1.7819887850251837,1.0823195830417771,-0.7761001821695493,-2.105875993481707
-2.5673363554312054,-1.7634678212618509,1.0789939796697012,-0.7649068561936232,-2.1173240767401107
-2.577208395298218,-1.7744754628153705,1.0699497260623665,-0.7352223176733478,-2.108189056973863
-2.5570411196661675,-1.8040764850153477,1.0977558198874984,-0.6598589778551319,-2.0968658287322763
-2.5688988337945817,-1.7716852939064751,1.0965918256718563,-0.6844306534975244,-2.103307520655634
-2.57616162926456,-1.7167705808927805,1.0967180916670973,-0.7136125859969247,-2.105155064929492
-2.583027962152293,-1.7189823287127766,1.093157526527191,-0.7790417048824064,-2.124545223885304
-2.599340431935692,-1.7246951883706763,1.1087943380197625,-0.7884865798437373,-2.1284077560868884
-2.561703878319936,-1.7720575802488416,1.1031358324165441,-0.7228949512408832,-2.1349210565844428
-2.559768063560128,-1.7995921401345647,1.104005401463842,-0.7075356353998458,-2.1026850065186498
-2.546847222139249,-1.840367870243742,1.1067834008862631,-0.6462041638669082,-2.1055095032056554
-2.530130986536363,-1.832248997331561,1.1165330581185315,-0.6457651226630926,-2.0907565943715114
-2.523927772720148,-1.8098977269580372,1.1174440579812515,-0.620540487489749,-2.078084273512593
-2.499862177102332,-1.8359183215971584,1.1283719633726221,-0.5763872948003521,-2.082909782071512
-2.5058352764213008,-1.838774707575581,1.1412805472472125,-0.5826161377799415,-2.0926671967100656
-2.505239963057542,-1.8290009007644668,1.1460225496429215,-0.5570547483650712,-2.105625011488383
-2.4915249344246626,-1.861729263588375,1.1313076254875645,-0.4779399256032653,-2.090844464737129
-2.481023835300028,-1.8766221088676638,1.1369053843153254,-0.449396374689796,-2.078912186424034
-2.4838039966573886,-1.874274426141807,1.132955389448603,-0.4619345250465116,-2.0686969891919835
-2.4898859330797456,-1.866863317053677,1.149338681467362,-0.44024460848795993,-2.0978292193213166
-2.4870457499584795,-1.8729197779073707,1.145504705792579,-0.4351623577211388,-2.0860733695258453
-2.482769083179906,-1.8710903840354587,1.141324557865592,-0.4476025567771777,-2.082159260177439
-2.475834095133177,-1.8507795785976198,1.1475531950939766,-0.43201991543374063,-2.074034846113241
-2.4743466285986346,-1.8645221090777608,1.1528746286066835,-0.4173980090036465,-2.0434801260284274
-2.5197351562376125,-1.8524165096384053,1.1497823124879447,-0.4518523023536422,-2.0742400205808424
-2.524420182410313,-1.8439974558394743,1.143982640508957,-0.44662011554999625,-2.0838035778125406
-2.5140676966293216,-1.8423812811386069,1.1541386788967185,-0.44865651463448164,-2.0800139339108306
-2.5162809415605754,-1.8523389303998823,1.153275273239862,-0.41640260967311504,-2.0894237762130294
-2.498871161833414,-1.8896601730240572,1.1424031163787836,-0.4072390451625324,-2.073483121192125
-2.4847713779423155,-1.88876164528564,1.1395228194184406,-0.40548497218517193,-2.100166247893507
-2.4927805623494814,-1.9058572822345567,1.1570281129615407,-0.42782201817009063,-2.0989161489193857
-2.502717330780261,-1.9329187849377574,1.1355421855745276,-0.4040681441209871,-2.092526637602113
-2.4852846850151287,-1.9362282925763503,1.1699324405575413,-0.38132577066769957,-2.097362031040629
-2.472236348188866,-1.9381750968587521,1.153264658164593,-0.33615020751848373,-2.1015657343787963
-2.4693767406035554,-1.9241152559648722,1.159789609627579,-0.3349714408112128,-2.1064230702283298
-2.454178992084334,-1.9061873416551298,1.181411158550202,-0.3035976561247482,-2.092926101054948
-2.425683407024946,-1.9177606061304697,1.1941201842186815,-0.29262569688329854,-2.0899395734543367
-2.4343517616818984,-1.9007791578474758,1.1974052787460068,-0.30577625888700827,-2.1032806681884155
-2.466820523220039,-1.9002667071427544,1.1717100544863317,-0.32365958180035476,-2.09191946302842
-2.473608065638313,-1.9111165422822851,1.1775168443656974,-0.3105728964329821,-2.092203041583593
-2.472546653017458,-1.907816696503043,1.1668162196470968,-0.29577597721136467,-2.0853165327012597
-2.4610082422872828,-1.927714515366636,1.1565698386595138,-0.2640639847392694,-2.109481580440832
-2.4580214569012924,-1.9120281365756906,1.1750609165257613,-0.27021674135008655,-2.0797606632488104
-2.4711983084047535,-1.9003168765648362,1.1629457983991733,-0.2853056707144587,-2.110597659767094
-2.455931627161891,-1.9265668388901438,1.1664787050727448,-0.28091381958056827,-2.0964400321846335
-2.471436474003686,-1.9044444522146113,1.1710323085821304,-0.2818575318227741,-2.096920889518394
-2.463687421434999,-1.91935197077367,1.1654326231372594,-0.25753803431381267,-2.0694647833709334
-2.4760299108418073,-1.8887806818485962,1.1738286187470635,-0.28944056190725564,-2.0608219382678206
-2.4571445794116173,-1.8785988663870323,1.1856565449486414,-0.2905406699395301,-2.059388966746881
-2.445261090347337,-1.8860334635139242,1.17578510621759,-0.2895713941634956,-2.067797477239193
-2.4591555128878344,-1.9037036885250584,1.1758002891958874,-0.27980329918713465,-2.082589639903299
-2.4590049136850056,-1.9205873489985759,1.1707317465360594,-0.2871568588420045,-2.0912907132288514
-2.4662130318836217,-1.9232981628802244,1.1831446402271713,-0.2874725100748118,-2.091736819752254
-2.4548881065105803,-1.8995611992879307,1.165199480270515,-0.3075530084352436,-2.0936654583415044
-2.4656696466610692,-1.8866976843982701,1.184361802398294,-0.3301008628177071,-2.1026693566338137
-2.4832037627636083,-1.8745266771328009,1.1709528138223366,-0.3667600142113807,-2.0923807971847506
-2.48478477649745,-1.900837810931367,1.1759081141941714,-0.3300408749258946,-2.092281389606159
-2.482078116438094,-1.8894834728628649,1.1751227604738117,-0.3444377222915487,-2.1012166035089668
-2.480496063873017,-1.8788904284385939,1.176918758897153,-0.3857382811002778,-2.0972470174929967
-2.471270401817749,-1.8741859320147345,1.1534044208742886,-0.40112686048374996,-2.086047055909958
-2.5092632266389407,-1.8333286202157066,1.1620305227869698,-0.4681107855653063,-2.103422502336356
-2.515666216515521,-1.837544758749358,1.1676798879252273,-0.4902139596027768,-2.1018473860997147
-2.523864218113017,-1.8180968054082747,1.1639478758977286,-0.4824859045952148,-2.1072392971022103
-2.5604031312242195,-1.7979764667620046,1.1489006638418264,-0.5255655893627235,-2.114429072544888
-2.5899168797002448,-1.7890408410922876,1.1642089958593833,-0.5881688462864472,-2.127747956090197
-2.57376105773258,-1.8442358550524853,1.1538742871787628,-0.5612749430761547,-2.1351945088604922
-2.6009041235285677,-1.8109368384362206,1.150065443187022,-0.6629161986933626,-2.1242765746713075
-2.6260739761682275,-1.7431853615370863,1.157773813848522,-0.7365249792792891,-2.14279580493949
-2.629760451032938,-1.7102701444385384,1.1491871855118287,-0.820996997237359,-2.144262955163327
-2.628358640935276,-1.7530124256228299,1.1486698751439135,-0.8416256300954299,-2.1514562487486857
-2.6261164529830854,-1.7684777697330532,1.1407203580209533,-0.8187850343196714,-2.1435560315570696
-2.62862107704556,-1.7452965777707294,1.1437647471024253,-0.8428251981589794,-2.1248914157100844
-2.6413502030939453,-1.7065527480877922,1.159785411785221,-0.8912567937821103,-2.112759135917663
-2.632026999978593,-1.7212230407926619,1.1429174596218543,-0.9207210548724867,-2.123970479314397
-2.648353699233647,-1.7022681906606656,1.141637170008797,-0.9786945148475865,-2.1408388137699967
-2.6685760644895966,-1.6662161906920763,1.1296011030732087,-1.0368333259929343,-2.164821739649977
-2.685038438262278,-1.6334558779800574,1.1164352456313642,-1.1031668225275642,-2.1537035877793405
-2.6668113251908108,-1.673196778382483,1.1129268252777598,-1.0772453137843545,-2.167116425797422
-2.6703493007607957,-1.6577189392699947,1.0977677761130047,-1.1313742230785706,-2.1698670465417305
-2.6824317382458522,-1.6830827097506251,1.097059403563725,-1.110553407517803,-2.166103435903978
-2.6909129592027057,-1.6633418322281592,1.0974145698558069,-1.1550032049204528,-2.1693155090062666
-2.693509426240142,-1.671741924644696,1.0974764775956796,-1.2022478609400604,-2.177559430207543
-2.7165589111343267,-1.5734377705270433,1.0889701037977098,-1.3181034958374795,-2.1587994583072057
-2.731710977721173,-1.5940913757735702,1.0764329911980095,-1.3088066950497468,-2.159619140056169
-2.704211574934719,-1.6432861656836792,1.069249884851559,-1.249273433627856,-2.1546575517772535
-2.700807650373144,-1.6579729956443365,1.0507257064388762,-1.252899084019211,-2.166816325260901
-2.7056272183418044,-1.6476848641523578,1.0705413323462258,-1.252083964194556,-2.181336672043741
-2.726671084856385,-1.579285385108549,1.040594836083429,-1.3235309734422145,-2.168397435565508
-2.7414906503008742,-1.5801176547206839,1.056727009482411,-1.3391732454085243,-2.1798463964391908
-2.7156331405103713,-1.615947463568363,1.0592646096000706,-1.3425947488343155,-2.1677472722911757
-2.7436933244859847,-1.5627978269297156,1.055504397371524,-1.4263354176126228,-2.1836631221250493
-2.803704805398292,-1.4658424355326725,1.0510575004980292,-1.6260821885955064,-2.2071879395297938
-2.7809683194636454,-1.5458791774064782,1.022565263154217,-1.5782689564831662,-2.191475565373203
-2.7635555348748726,-1.5985282114596278,1.03947942569612,-1.5002764664858683,-2.1940426216287143
-2.7266525137853543,-1.672759544964321,1.0303662919969532,-1.4033260064899475,-2.1808301612732897
-2.7320624242280216,-1.620572077282684,1.0169677459741653,-1.431089960640016,-2.1819859865051097
-2.719375463733788,-1.6169007121376928,1.0189184151305444,-1.4077468912304263,-2.1928351562333015
-2.724815581593335,-1.6079030172204145,1.0136830491761686,-1.3922343348729775,-2.1983110576273077
-2.733338978333568,-1.5877809772464726,1.0149913278803486,-1.396338028992473,-2.2096960156251284
-2.757784245580504,-1.473669149064016,1.0236296314238653,-1.5657410484893286,-2.196796617864083
-2.7686787624766582,-1.5544375332089104,1.0286802344202586,-1.4912849465178042,-2.1959112657813233
-2.7296881993430784,-1.5914149890006974,1.0342892496538854,-1.454054558143125,-2.1986276740302797
-2.67717897603491,-1.6643642786407438,1.0431351106149185,-1.2875402171178985,-2.208140435925399
-2.6694581271520126,-1.6754017224978364,1.0471599780371161,-1.2371965290145484,-2.202264324771374
-2.677010560086206,-1.633468788975022,1.057648046504255,-1.2936638005581516,-2.2029244921767703
-2.7105128351434216,-1.5648522378785252,1.0592739888291278,-1.3711594727080376,-2.2025872851957966
-2.7831259154205923,-1.4606560257980736,1.0394692981090634,-1.5639848371228293,-2.2031989271690797
-2.7722602026125482,-1.5156257850389283,1.0264527978235247,-1.5531855439544802,-2.19192099323541
-2.7523079771068395,-1.5907038776075633,1.01891103491979,-1.5033400623001483,-2.1896155199161003
-2.72782530609423,-1.6221053697122305,0.9881496405995437,-1.4153148923855043,-2.1836564018379323
-2.700161786624131,-1.6704045554336309,0.9960627112224052,-1.3471402807132447,-2.180026466085725
-2.701791551870901,-1.6608804370660821,1.000507162029175,-1.3335650226109226,-2.181838787128764
-2.696254736386117,-1.6342504356974172,1.0007212413397502,-1.315275694571565,-2.18057796813232
-2.718476315137531,-1.552415361554274,1.0203503227917414,-1.420745104876087,-2.1834499229385504
-2.7397615657172705,-1.5531510845179848,1.0264279373322196,-1.4457799629734767,-2.175432807192275
-2.7344757045462726,-1.5657451575191377,1.0209226014296526,-1.4610459327977583,-2.1632367313155756
-2.742666310587683,-1.6056630733930808,1.040673311222526,-1.387751629003658,-2.1814951047149447
-2.726782066025513,-1.6764438200265928,1.0372619154415395,-1.3594916728192568,-2.1868056196866306
-2.685290857929509,-1.7167412760146177,1.0258641096225376,-1.2593362513865118,-2.1849902919608635
-2.6716009386411614,-1.7320313413729258,1.0439471066700445,-1.158601604650078,-2.1903462556088287
-2.6733364466718967,-1.6778690955387763,1.0408404297427607,-1.1864388427786656,-2.176785827617243
-2.6601407314250083,-1.7059351585606717,1.0319179489536037,-1.17500491788829,-2.1948065811559463
-2.665163969214633,-1.6473104916540344,1.041198628303459,-1.1632445868120422,-2.18422540256817
-2.6494707599314675,-1.658722836789598,1.0441034776810616,-1.1338301294310715,-2.1615510884811333
-2.695571344412315,-1.5602188841212103,1.0623874052442583,-1.3009789755971344,-2.1710529935930367
-2.7178380665723285,-1.5061936094568193,1.0486880870952964,-1.418479336323038,-2.1966316516652995
-2.720988759727517,-1.6123894278741682,1.078702144390171,-1.3432925071155586,-2.2076488207663623
-2.7002339389904524,-1.635358239253855,1.070543540733114,-1.3282562622425453,-2.1719844469868628
-2.703445428672685,-1.6638561673338073,1.0631522622147305,-1.2636211796455912,-2.187390727489041
-2.7226617153045987,-1.6412215026162449,1.0709019579488823,-1.276484184247393,-2.193561357557486
-2.69659405783322,-1.6516341191579906,1.0608905663597432,-1.2553469805790984,-2.1787988372036744
-2.7314621572245485,-1.5997780198881149,1.048021282619937,-1.2913179696473003,-2.181639567641476
-2.7131245158146777,-1.6660414613538994,1.0550225553830104,-1.2265312061172946,-2.188641657437589
-2.70266562068386,-1.6767969611358622,1.0368003183895012,-1.1666759329465617,-2.178583768933906
-2.664825217368413,-1.7377649952977792,1.0388679429130294,-1.073074058839146,-2.1770530858269885
-2.6535215958643836,-1.7165436656056436,1.0592000160307822,-1.0527072748408732,-2.1624322698249445
-2.6194624853087296,-1.751453964021928,1.0396572806927666,-0.9876603365921038,-2.144485465772662
-2.609283681278817,-1.7145626125270583,1.0436514816447973,-0.9726084466812307,-2.1610248746744634
-2.645462203802411,-1.6542580751902063,1.0425302085887105,-1.0576915458653504,-2.148899062392984
-2.66211138813512,-1.6316696081157456,1.0548871513750722,-1.0882431458589308,-2.177101085974671
-2.6862073042477075,-1.6076886437584206,1.0426809583454464,-1.1355440818036828,-2.1910831018848738
-2.6764020976153007,-1.6916153126912112,1.02857180050325,-1.060405758395618,-2.1779143846953364
-2.6577528452008,-1.6968392882976144,1.0156354083778052,-1.0074612495730944,-2.1506761050073737
-2.635037585788501,-1.742873136975605,1.0227641645198826,-0.9486330511971275,-2.159473296728486
-2.594448403657518,-1.8076383080485066,1.0228427833573648,-0.8403923783040708,-2.14252904622692
-2.5763340029519246,-1.792716198260864,1.0307988858725055,-0.7922172294007317,-2.1438967482250373
-2.55894733140209,-1.8104497213970923,1.0258641517902047,-0.7206813899794968,-2.1290033403226323
-2.5326774726172556,-1.7963632831763399,1.0577802464621875,-0.6650132089876666,-2.117244515211662
-2.502017519875374,-1.8190552854214195,1.0565702262910046,-0.6167220376422682,-2.1068386103433054
-2.513323296841352,-1.7842931965991127,1.0784712564890204,-0.6223108661586835,-2.0916088152614263
-2.5289498617064283,-1.7378605416574546,1.071103629712169,-0.7105043822340715,-2.124012103008925
-2.510538544892051,-1.809069969024025,1.0511716204186445,-0.6343923634029917,-2.110334712077303
-2.509885403450637,-1.8450289452697153,1.0635484170821288,-0.5583230906983019,-2.106817580872757
-2.4885813812302913,-1.8755912122755407,1.0884195207396332,-0.5121347225195048,-2.102896898079093
-2.479528577370789,-1.8754230882843093,1.0970193302184534,-0.4754012546288321,-2.1053804551442203
-2.4720683075021523,-1.864213338242178,1.1084188485207156,-0.4474411922213031,-2.1041707684897615
-2.4765624081203614,-1.835910797345092,1.102588069732383,-0.4573258341994489,-2.0955942829172933
-2.485460346966147,-1.8529854380399182,1.1163423243877035,-0.44340080469297816,-2.0946913898831907
-2.482649182886465,-1.8911644159711385,1.113674963877095,-0.41336874485187597,-2.097603345764278
-2.4725257347529923,-1.9064692904404488,1.1158798924572229,-0.39239466859868893,-2.0972508245769297
-2.4572598558421928,-1.9274458933378622,1.118190053523465,-0.40173016409983686,-2.0887037084770728
-2.438177707537942,-1.9149928193444925,1.12537862630847,-0.36642757376005963,-2.08459608105997
-2.428509550916603,-1.9359613084015532,1.1267245518155067,-0.35232951091749093,-2.082620700924677
-2.441934945887289,-1.9061235769514528,1.1365425041949955,-0.3308084838213129,-2.0714549549193624
-2.4449870333087813,-1.8995706363508555,1.138481953053145,-0.31360919953247807,-2.07103667589521
-2.4420718952934517,-1.8998553897482382,1.1280957848228392,-0.29818628375188155,-2.0648436061414848
-2.455187977947695,-1.903262637243718,1.1356505897863725,-0.2881435343471747,-2.0749372769039214
-2.4457496402137053,-1.9223295396174382,1.1376785676222847,-0.3032470409077451,-2.0717009025505835
-2.4502339096377197,-1.9251462649253657,1.1466657350447242,-0.29181601744397573,-2.0669897364339063
-2.444368328441726,-1.9123208781241248,1.1450180954086497,-0.2726243336236816,-2.0514776938334385
-2.450302431274479,-1.894159374489476,1.145712667263467,-0.2754622749032277,-2.054618675903408
-2.4487866650391195,-1.9215109152669483,1.1480284447708418,-0.27371298761568674,-2.0632716891928617
-2.432496026743828,-1.9268454101638302,1.1580997549030423,-0.2474673595543443,-2.0598430627182
-2.456737988711451,-1.8983576520811933,1.1672448315071418,-0.25567248103205764,-2.0407763854243077
-2.470292941478274,-1.874611265417239,1.1550570738568842,-0.2858671253891952,-2.049007131540281
-2.4497518715456716,-1.8967097802659898,1.1718059038380737,-0.30071759252256824,-2.0447585791876572
-2.463579650335343,-1.8854368159342556,1.1770076147714847,-0.3197216146331468,-2.06394173682221
-2.455980289661275,-1.9072650460392808,1.1788932896704758,-0.3214785241472708,-2.080144849947253
-2.455970707498435,-1.9136670003428027,1.1686812577271224,-0.2983789599749322,-2.068942673259377
-2.442602823872963,-1.9019319555174912,1.1781237613382038,-0.29009394953076806,-2.0555677219586883
-2.433736538529264,-1.9094348920407964,1.1728168866829816,-0.28065689663209586,-2.058103908200674
-2.42207004284934,-1.8981957498523672,1.167041411304089,-0.2641689908959244,-2.061633066371
-2.4184220916344135,-1.906120595917424,1.1644137987604817,-0.2632755605336357,-2.0513129196157167
-2.421690313266144,-1.91436749457579,1.1664962526093017,-0.26411461488979093,-2.0765272466956413
-2.424047352100891,-1.9153143952742653,1.1439210137247926,-0.2490807203753296,-2.087842673331636
-2.442145668953537,-1.892343992201026,1.1578910037834982,-0.23118081866073079,-2.064998301387964
-2.4499562217645887,-1.8953075600230291,1.1636705210642808,-0.24538353379477557,-2.0700880123614516
-2.428949598600607,-1.8941608244486154,1.1506320732887378,-0.25375428873427636,-2.05907014537273
-2.4294356941841597,-1.909977390662605,1.1564628568152784,-0.24189136776297718,-2.0673065986719137
-2.447038858017425,-1.9213460034585768,1.1660282652926008,-0.2344931245750335,-2.0600858661761605
-2.4542166885368544,-1.906601402054888,1.1686640477451031,-0.23018023140063626,-2.070131473509715
-2.4398955141245007,-1.9132295356479923,1.1773229775146024,-0.22823937876509962,-2.0807730701886116
-2.4784889767420712,-1.8779316934524004,1.1798976349551353,-0.3145187451504841,-2.0954757729838134
-2.504876139064742,-1.8975367500611333,1.1801284212486987,-0.3408952590512853,-2.099779983083823
-2.5055988782844696,-1.876769702219575,1.1942039735369463,-0.35983472575107595,-2.1016016893137386
-2.4963696006066316,-1.8981652145601862,1.1806766385453336,-0.3709603047891351,-2.08895354614376
-2.493184402263999,-1.8964216452890554,1.1767616675597896,-0.38147585235243997,-2.114102346889466
-2.495575809066985,-1.8833587800318863,1.167759390982426,-0.41737389497808874,-2.1094053523483334
-2.496617365214987,-1.8855255475480246,1.1637892936444751,-0.3921804003039516,-2.1052012137462444
-2.513905342048568,-1.852490529122078,1.149842147415003,-0.4208537874151318,-2.1018125959531324
-2.5524915139680497,-1.8282502763179578,1.14850636092729,-0.48597790755709147,-2.1038638451455864
-2.558794140144972,-1.8094242965878402,1.126630378866093,-0.5176005905948987,-2.108344368575882
-2.5792397461995007,-1.764091009118438,1.1465266433275707,-0.6275003103943709,-2.120162187638666
-2.6021007434370707,-1.7393446419526308,1.139977603800572,-0.708726552757535,-2.147956213988043
-2.6377114039074643,-1.7074361811459244,1.1141423026794117,-0.7932139885082307,-2.1701559578896745
-2.644527543822262,-1.7412024129354566,1.1106121716953778,-0.8093042056033259,-2.1629413765564784
-2.6887807282547023,-1.645225486643699,1.1259804982100141,-0.9420597567748836,-2.1843139191903935
-2.7560715036182333,-1.6065988201337387,1.1190052077989687,-1.0747191405311345,-2.174313412524593
-2.7818363283087235,-1.579207346867151,1.1243915878107262,-1.1847035668730115,-2.181493481474922
-2.7745501147865186,-1.6154579628521217,1.1134692600340812,-1.2000689500304798,-2.1906893707517847
-2.7822450037388724,-1.6285068218500889,1.112048286883966,-1.2391596361062491,-2.177645129423427
-2.7717090019391764,-1.6541188327810035,1.0856118158040708,-1.2090083965506397,-2.181216319403225
-2.7423977634392087,-1.6935147375113253,1.099415823973391,-1.1529584512283164,-2.1911844175143926
-2.730501377502945,-1.6910181660235823,1.10900528717964,-1.1567522393407994,-2.193235582745554
-2.701772331218855,-1.6528701554935734,1.1080774450966109,-1.1937894069052737,-2.1862311455764463
-2.7181334211093726,-1.5978986199104201,1.1283670147594558,-1.26432278359493,-2.184706769120286
-2.7417766623754836,-1.543618427531002,1.0945743735963749,-1.343231510586454,-2.1973460754885172
-2.764897072046578,-1.536233491293892,1.0958360771692326,-1.381909589329187,-2.19520817566327
-2.7761601045540334,-1.551982901854128,1.0854696541421645,-1.4242523823453024,-2.2043668904943017
-2.7728904835987973,-1.6006236067732904,1.0697852722310766,-1.4051233142759676,-2.2226217737655407
-2.742816297928573,-1.6658446479506948,1.0468984521441977,-1.32610480062409,-2.2117087606693584
-2.7214592408325053,-1.6748315188636897,1.0588756721083652,-1.2816189529426265,-2.2107932571347466
-2.733657419296965,-1.6461968039650476,1.0533629113374985,-1.246359086251608,-2.2208937789859196
-2.7411748520629935,-1.6075410499577687,1.0626495592647276,-1.2999618482555806,-2.1987619462927657
-2.7254251079749685,-1.61844466523584,1.0623022800334605,-1.2984500361400662,-2.194549304972152
-2.7497621808474757,-1.5645541920541395,1.0679419555979728,-1.368014225360464,-2.1897063918852124
-2.7564383285805474,-1.5650383375175054,1.0364683356055822,-1.425725237387399,-2.1966962132900494
-2.795553447924393,-1.4757064954191028,1.038908079109829,-1.5543609219039556,-2.1991243531404674
-2.790735533526548,-1.5056676755254341,1.0470423673415903,-1.6190552107591498,-2.1907587257814103
-2.822171719915228,-1.4099133381460252,1.035780094094415,-1.752415389832486,-2.196962055720143
-2.8711300952101015,-1.3673852136270463,1.0441260246035673,-1.8928461554906506,-2.199758652655564
-2.913320811689587,-1.3200926437926355,1.0475906263488823,-2.039575135715863,-2.178655015045478
-2.9785921878611448,-1.218322863404085,1.0228461025276714,-2.2373759929148753,-2.1882451552947404
-3.0094320294187122,-1.2248424524313,1.0162720714276978,-2.3500637701285756,-2.2046713988261613
-2.981854789096313,-1.3924866117103345,0.9945725181853433,-2.243438148729935,-2.2282343911222413
-2.9621196095109776,-1.4197632603512853,0.9848800533109145,-2.2265555190034294,-2.245896897216291
-2.981285159947276,-1.3463302545775082,0.9610224947814741,-2.30301686873901,-2.2305563268004396
-2.9495400965995127,-1.3849016497078679,0.9431463029413573,-2.2819475932748605,-2.219459583399913
-2.914309974802669,-1.4800627009022895,0.9291737530090194,-2.137034118219115,-2.221399538826093
-2.8553528947929676,-1.510595916478346,0.9190507670177973,-2.0548769642535833,-2.2130442976037537
-2.8540134877363417,-1.5124813816937195,0.9291746598050494,-2.0250594801354636,-2.219671470116082
-2.8289700877147066,-1.51277392690779,0.9105602470012808,-1.9566552815589653,-2.2287470837696994
-2.808777351561634,-1.5534893667085659,0.9042792973298129,-1.8385566319998923,-2.2089564417553205
-2.8203658056867362,-1.465006646510455,0.9011024589798323,-1.9245794429759915,-2.1998840328520557
-2.8375428893080716,-1.4146162869218664,0.9153680208317376,-1.9737772751187985,-2.200646499220415
-2.829887131957471,-1.454190017535418,0.8962775683818115,-1.950741298638198,-2.1836558379116275
-2.821449705280987,-1.4460637986681117,0.9159939640298397,-1.9421133518312697,-2.184772917156879
-2.815039731092228,-1.4577425306885394,0.9258549978415138,-1.9222080502350645,-2.177795936032639
-2.7954036025684985,-1.5343492845791546,0.9324800736313229,-1.8209869189144554,-2.209731169075719
-2.7685231462693674,-1.5873646838526707,0.9537376550950308,-1.6929112373005122,-2.201966334119617
-2.7596525248427675,-1.5352621997090083,0.9607891421864602,-1.7090731761634295,-2.1915220840749234
-2.7481333208125815,-1.5454120055883231,0.9597488142975674,-1.6762244547266796,-2.1846141447953973
-2.720282796380546,-1.6001731719882044,0.9543056239444853,-1.6059344670525386,-2.1865130741759615
-2.7470459854959577,-1.5435529608667329,0.9329898993174386,-1.6666231858979144,-2.177920651970009
-2.8082807831990535,-1.4273163269398281,0.9431329106762912,-1.8041431880302732,-2.1722232056620405
-2.802266063738462,-1.4777256082161725,0.9423836325560813,-1.7311442358768523,-2.16640241746392
-2.790872366442965,-1.5062087620687716,0.9576945804943348,-1.7009882962455494,-2.1767992871184974
-2.7729671082215788,-1.5627925194671284,0.9704842903680482,-1.621547092855774,-2.1816646531405874
-2.7644809705096987,-1.5861214913400423,0.9665418346305095,-1.5628426368806447,-2.17257425956014
-2.7141419788008796,-1.621835355497212,0.9673933209663234,-1.4574661395318687,-2.1804745662135696
-2.6787876176315324,-1.6881767174170772,0.9837914804835848,-1.3470450077574605,-2.153200399672354
-2.668180938232466,-1.6523478592424818,0.998286480285854,-1.329145432481881,-2.1523406922107418
-2.6806416783570546,-1.6144728286250323,1.000133151349389,-1.3139465768770895,-2.1599981226568765
-2.6897619119572322,-1.5607629185261465,1.0120866247393614,-1.3676897826997705,-2.139634756443097
-2.6203807923238442,-1.6928827697146491,1.0070038473679677,-1.224270352076153,-2.143148461972542
-2.594305848355408,-1.701428234411474,1.0270764381040849,-1.1604457262859127,-2.139324764305809
-2.6166961539901012,-1.6920034072375643,1.0070863276074515,-1.1224207229573917,-2.146761696326399
-2.604574449044908,-1.7148641952979653,0.9945537480429191,-1.0339875342266636,-2.1426269012096606
-2.584445853370592,-1.7590428112442111,0.9963404776155672,-0.9656255849396681,-2.1566209168120722
-2.59650004812317,-1.7246366872342642,0.9968092823172765,-0.9428948038261247,-2.1581141327193434
-2.58741570276825,-1.681049020914525,1.008451894769353,-0.9996007256012056,-2.151139737525317
-2.6156285348800776,-1.7235282119960076,1.0330167328246949,-0.9370063757872275,-2.1563659680827465
-2.6060736453545017,-1.6961960482943959,1.0325443370142395,-0.8925411470926321,-2.154726519023926
-2.6084362606115286,-1.6973466051818962,1.048485487041227,-0.8819386117124753,-2.143004746709911
-2.5966104873636433,-1.6993610292466685,1.0559361839567525,-0.8698721109701593,-2.1485390054767852
-2.606357679572697,-1.7020699790543006,1.0469895201066226,-0.8421364314406629,-2.13743521238357
-2.6046573656156586,-1.6936113909913528,1.064413535034752,-0.844033183478481,-2.134040767242001
-2.589032284383892,-1.707202078742259,1.0697175376571648,-0.8130323011999346,-2.125948190215869
-2.583916187492981,-1.700622948241111,1.0723858011208278,-0.8139844259070391,-2.112706680823384
-2.6098915315299815,-1.6921714795101008,1.0762811822975638,-0.8535211427920214,-2.13205612826198
-2.6033156716151082,-1.7303490229345655,1.0793261338785123,-0.8161204581253363,-2.1141376616962178
-2.5987937542981823,-1.7398542220293567,1.0903753848410822,-0.7767948502311877,-2.124844079958728
-2.575516765939179,-1.7697727164563761,1.0963780654172153,-0.7466535663448917,-2.115048901993234
-2.5623477021018344,-1.7775498713426812,1.0946801691739547,-0.7108167975343588,-2.102521185326391
-2.540229305953448,-1.7785426781859026,1.0963008607971356,-0.6874541734143771,-2.1123705072093957
-2.5236518440348092,-1.803826153257461,1.0991871422851522,-0.6358513313748356,-2.099486893716411
-2.5222032857212597,-1.7708955888820799,1.0950866305930764,-0.6578928141698716,-2.102878312585356
-2.6029185927597123,-1.6853491584668057,1.0949964553001612,-0.7771436391884313,-2.133316863930456
-2.589016181534853,-1.7378297537563119,1.104572495483068,-0.7340863729226789,-2.124765976752516
-2.578308309129864,-1.7879523564796507,1.1068508892118967,-0.6439327114452108,-2.114123931603295
-2.5493974441946206,-1.8347101098600351,1.1224742466973414,-0.5937199875823951,-2.1234955548734815
-2.523969792276034,-1.8365110896643295,1.142432291532989,-0.5643254353346032,-2.1020800012305765
-2.5101979300390846,-1.8334812302369743,1.1312844114598948,-0.5161189780199071,-2.110824235162794
-2.4870097794961503,-1.864000123609313,1.1367444825575315,-0.47464315589757217,-2.121740595592681
-2.4665922723283726,-1.8509028149073734,1.136110256369282,-0.4414448162933915,-2.101339416407082
-2.467943058362003,-1.861864430291424,1.1127370916079349,-0.4279386288392133,-2.1028784187390928
-2.4742050713260797,-1.8297599860974283,1.1257864216806504,-0.47437591014008307,-2.0940462583007635
-2.4608491704478084,-1.8542317111137843,1.1246654687975182,-0.43165630134903116,-2.0758874534118172
-2.433658626599246,-1.8721183957140601,1.1085280844347605,-0.3831943305985154,-2.0687007959147925
-2.4497628765897446,-1.8813478847974556,1.107446339346582,-0.3478694594172335,-2.0604240340535416
-2.443486588781194,-1.8780917781378645,1.1040385084730788,-0.35963650539063524,-2.0603530247207313
-2.4417769724819056,-1.8911348549189717,1.1327347593423327,-0.34035908690196615,-2.0746530950355946
-2.443203645904918,-1.8838861403153295,1.1293519579617557,-0.3352724497181372,-2.0760399284468347
-2.464693436487396,-1.8940765295929434,1.1449750857993957,-0.3339032305575878,-2.085551847126126
-2.4254424822940037,-1.9211090095987025,1.1204893058970056,-0.30851203221500384,-2.068682301763384
-2.464798113384699,-1.8970957126633219,1.128716844838139,-0.3438397290638308,-2.0792607183101826
-2.4680584128467142,-1.8692510378160145,1.1200947146168552,-0.36817560248599557,-2.0738895590252184
-2.47735973873129,-1.8668871161139735,1.1261887371636232,-0.36907366093227106,-2.0449230671137646
-2.4844403000619484,-1.888396423053755,1.141765352390295,-0.35206864964264134,-2.071722742787545
-2.4738231921076457,-1.9037425267872947,1.1323480562521668,-0.3351266271403911,-2.054645290551311
-2.4741143569796584,-1.9029194369642335,1.1372042307522447,-0.33741356776592435,-2.070941032744325
-2.4724389947471272,-1.9188551960430305,1.1596386826596197,-0.31745932071506006,-2.0770160064554166
-2.486300347957669,-1.898088725096774,1.161723759067865,-0.34759978980517564,-2.080821325110101
-2.50034828487935,-1.8577454822522357,1.1720354827574833,-0.40260644200842277,-2.0827236550472077
-2.526852859106274,-1.8176475843341764,1.1692667120570073,-0.4669719582712872,-2.1108293346869944
-2.5619796832964674,-1.8018230093927181,1.1668365418546667,-0.49872584862943586,-2.1273318026509336
-2.564745611888137,-1.8102842997444393,1.153096440101039,-0.5322650141919282,-2.133052293345213
-2.5687959436875305,-1.8155428847687718,1.1414374703964292,-0.56574948396261,-2.1188365621179273
-2.5800394438374004,-1.7964212012545908,1.1512834674027268,-0.5969059644213422,-2.119438208195281
-2.584022636082156,-1.8087004834429448,1.1441121016817888,-0.633022109280043,-2.116105545156648
-2.5655896648416716,-1.826859391147735,1.131394330274963,-0.5835467094735863,-2.1114127704528354
-2.536661191453783,-1.838434961946832,1.1424630409510426,-0.5469498135823682,-2.1130809557958186
-2.5319021414703613,-1.8211968547701347,1.1596803786909489,-0.5876847751725675,-2.09152971613588
-2.542139134782923,-1.826279191071299,1.1395694693098666,-0.5883659571613459,-2.1135167642233075
-2.543237314739619,-1.7741305008173724,1.1499090844158883,-0.642183127519018,-2.107826146175781
-2.571922033310405,-1.725450043790489,1.1606281681139503,-0.7405118169166002,-2.1251307890698268
-2.590336516884481,-1.6880544290605073,1.1428449842371864,-0.8073560482215215,-2.1391747967718726
-2.6168395926145105,-1.6869288194856766,1.144452669621326,-0.8396888862543289,-2.1404103859728094
-2.5956194932964847,-1.6936925237943992,1.1419535663095977,-0.8947401984132636,-2.146149484736283
-2.667639594661722,-1.6563490253424376,1.1378085662130368,-0.9945339394635145,-2.155741090042645
-2.6957080937732814,-1.592436791750477,1.1406549134201787,-1.1130752532072314,-2.1610173488008337
-2.7356612959302256,-1.5906478742406287,1.1274566820313046,-1.1780320343242678,-2.1643919067912245
-2.799460176847215,-1.4931334428673695,1.1186524282028683,-1.3606449289405893,-2.1806211978972225
-2.820090929779243,-1.4943373804516091,1.1300080362756915,-1.424505299595348,-2.201170669887147
-2.801734640494278,-1.53278824552416,1.0966080924187744,-1.4877384056216905,-2.198174992269166
-2.799592839084892,-1.5647957275591267,1.0820694619523106,-1.504434908233364,-2.2142673538837174
-2.760180513579063,-1.629286399211124,1.0655489864068106,-1.3895125435519413,-2.2085000257099257
-2.7645610989309257,-1.6067253936462917,1.078138822092897,-1.4137364515024737,-2.2024164685634777
-2.773286683823378,-1.5640961280517722,1.0569403213324233,-1.4822900424965888,-2.2033458288239323
-2.7565394880020344,-1.6005841702361554,1.0594225473881593,-1.428879930322877,-2.206747733813337
-2.7560714160677273,-1.5813851339283047,1.0575996232959122,-1.4301758697081048,-2.2080057456604503
-2.74222947947455,-1.5993735466158614,1.0382734458168144,-1.4542397126150417,-2.2279969776789703
-2.751681996380396,-1.5650264090305928,1.0299856125999076,-1.4905394258269724,-2.2426956811956393
-2.732308947221741,-1.5852511618038683,1.0264295402484258,-1.4760096746966713,-2.2381563961403375
-2.762783091853399,-1.5352263692936383,1.0484252932108107,-1.5387959630602779,-2.2261812851403535
-2.789097444084046,-1.5037320814643664,1.0239471800893294,-1.6297862063258262,-2.2184232021356687
-2.8056091634231994,-1.462794319513766,1.0320393928108145,-1.7023482558525114,-2.2031760919584173
-2.81454990292876,-1.4913073476274863,1.02516952872884,-1.6827840004158734,-2.21898728836548
-2.854461794080776,-1.4430898917326744,1.0119362516931079,-1.7566646740777667,-2.2062149593388245
-2.8341161340386076,-1.464955135077658,0.997488000296046,-1.7741620042335762,-2.1915904979276104
-2.8144177973899294,-1.5399228109751895,0.9890574876785101,-1.729852129008069,-2.201212679437843
-2.7984359008694497,-1.59016756537237,0.996961122578128,-1.6482000160756498,-2.2160803731447745
-2.762549591836698,-1.6003317251057392,1.001187397143545,-1.5773395544735491,-2.197242571901111
-2.769752281404445,-1.5769104587795277,1.00077312694776,-1.5706788672134837,-2.2039524562476336
-2.7455469382294235,-1.5706610082852308,0.9931575162988688,-1.5460590052138168,-2.200518401621613
-2.729952913758826,-1.557707796759039,0.9991940753597823,-1.5599735112406223,-2.2004612205984477
-2.716944404504645,-1.60525334835685,1.0082075972685307,-1.4785291034058654,-2.2021018234267604
-2.7420803057897163,-1.5552576505320719,1.000419315163791,-1.5482275530536944,-2.208337312038201
-2.773195802019606,-1.5545011225396765,0.9933921074693645,-1.5672401501962883,-2.2216817141690934
-2.801590814110804,-1.5018108857846775,0.9870591973897214,-1.6230193344982937,-2.227150537204917
-2.803090704120342,-1.5006535936510677,1.0098081056966277,-1.662299722308866,-2.225883873897858
-2.8129521392619683,-1.4939767040340277,1.0211766006120921,-1.6828324883824637,-2.208982904593695
-2.838903042077627,-1.4582830530996826,1.0051180753559097,-1.7592252835245283,-2.202503596647319
-2.870614866096352,-1.4037641282070665,1.010731975994736,-1.8428273634801733,-2.232253119047186
-2.8846520361695007,-1.4180938964575969,0.9978890129402566,-1.8357541306647698,-2.219527131382341
-2.8878883341895736,-1.4051296603842194,0.983141992526253,-1.8770382323274228,-2.211098441762696
-2.8582295321384175,-1.4845407126011032,0.9811161418390898,-1.7946320471364017,-2.223777575878394
-2.82303479834613,-1.5457898227192655,0.9709370114179685,-1.7061088748147888,-2.2099057991626494
-2.786042633493666,-1.5717788428852313,0.9631764440536354,-1.6291636245106769,-2.202001067730685
-2.762275452703026,-1.5663446739742848,0.9547881619833009,-1.6356416412181387,-2.1798679219628427
-2.7484311730552107,-1.5530632953245216,0.9496716555111505,-1.593455797976939,-2.188175261944935
-2.737881766276642,-1.5923610514785065,0.9510818199980834,-1.5274386438213,-2.194078384922959
-2.7188301438983853,-1.5972537665111497,0.955749882860782,-1.4756050853347393,-2.1823137644861816
-2.717738333757542,-1.6005011941586307,0.9582478431395346,-1.4363342155346601,-2.1763071820799578
-2.7355351739883997,-1.557715685388646,0.955359979681426,-1.490062625547681,-2.1868864974032554
-2.760962891195945,-1.530870863718602,0.9730230814301369,-1.5056070111059017,-2.1827400111905573
-2.761487121083636,-1.5305912011235234,0.9723895288715717,-1.5059343468231365,-2.1784143745008735
-2.722798369200038,-1.6113799965743139,0.9723730148411844,-1.3862578692110281,-2.1654788090119115
-2.711335668931099,-1.6060722073765363,0.9715858225943977,-1.3564389435718902,-2.175673653790148
-2.7383467767105394,-1.5566830898006967,0.9945916217782964,-1.42746020375899,-2.1673029096152985
-2.7902688046346893,-1.458156671399819,1.0010082458177259,-1.6068220557207435,-2.192579233146188
-2.8027115133043865,-1.5158678794656322,1.0013114744568596,-1.5999903800329818,-2.193777880397249
-2.7857663013875986,-1.5986924212607212,1.0175540114688633,-1.5255137948262631,-2.2160112674022168
-2.7652049952616435,-1.6563706156605709,0.9996007379714896,-1.3993523773437568,-2.1964777500858816
-2.7537627703416496,-1.6866209202036955,1.0229862049014544,-1.3250437183531665,-2.1885590137953854
-2.6921050819052614,-1.7040832678085087,1.0050415045878873,-1.2497085328804711,-2.163678461685424
-2.656207014261349,-1.742467454133279,1.0228449506798307,-1.1439955536039572,-2.1750340527283223
-2.6136236364061003,-1.7436184095244782,1.0258290552756926,-1.063676978072761,-2.152015790290782
-2.573802206537983,-1.7576414603842139,1.0310514692001775,-0.9623235664204368,-2.131514848690132
-2.566202713382319,-1.7502627703752267,1.0239866852564914,-0.9445780253475133,-2.131123294382986
-2.57929337689217,-1.716697725230672,1.048356291913588,-0.9419137122214106,-2.1333542915959485
-2.5781589398949656,-1.7424275273627559,1.0567963554022672,-0.9394581760944135,-2.147759685373325
-2.588208145376611,-1.7533674103488115,1.0424367584168943,-0.9050881676197058,-2.1598049417886553
-2.5513332125129913,-1.7907401530736389,1.0308330908187584,-0.8312997450367947,-2.1209189446996155
-2.580648248120822,-1.7460443937138606,1.0580591622939066,-0.8913173144770316,-2.1166389607520175
-2.5764614766811973,-1.7572957969951644,1.0608472502035595,-0.8642526988656222,-2.132965062287075
-2.5813021738041124,-1.7602175431167233,1.0760400611240142,-0.8708711208290518,-2.1554373930669306
-2.58669754256057,-1.761353905357728,1.083129458443722,-0.8596697883222434,-2.140815843716239
-2.5597731082582,-1.7839548530734295,1.0996459278766408,-0.7809069194599308,-2.12901824700174
-2.571814089893434,-1.7836248611852754,1.1084780837498682,-0.7370807275269363,-2.125813262441109
-2.548485084366254,-1.8018405477856256,1.1058121430821939,-0.6925950399336718,-2.1229849245639536
-2.5430220313165863,-1.821369031391795,1.106489865741664,-0.6517060475810272,-2.131012703951933
-2.5151061773559085,-1.8353042692049368,1.109736753399437,-0.618801694249014,-2.1217694783132175
-2.5145284169008177,-1.8257351287416765,1.0876430302229627,-0.5824916497757989,-2.12365960352455
-2.504541350549461,-1.851084244423764,1.0721273323845204,-0.5918711714565618,-2.125132136082877
-2.495687295070434,-1.8611806817868617,1.09710030734998,-0.5662989384762521,-2.117911375071999
-2.4886776876625536,-1.8543498860512455,1.0803360740289367,-0.5504480310450726,-2.121573519586434
-2.475975267499535,-1.8553145025807714,1.0887885759394638,-0.5100266084617848,-2.093690208490025
-2.492684841747571,-1.8574158492068822,1.0937896238463793,-0.4787557434626513,-2.0918896180739415
-2.4944373183812965,-1.8485354354681323,1.1025437696380591,-0.49639114893767033,-2.1081160446583733
-2.519301865395854,-1.8042089606741476,1.1090642765850895,-0.5319930416286434,-2.1126099923234394
-2.5308281582991836,-1.8314936445295154,1.1008865496467237,-0.5267137784229415,-2.09342469279001
-2.514510322189883,-1.850830640944556,1.11006344311503,-0.48880873876371783,-2.1063487689858533
-2.4895811989233905,-1.856173938457372,1.108342145818553,-0.4331382340796991,-2.08193222077633
-2.491671551692833,-1.851149934069199,1.1243719687962783,-0.4239013780760109,-2.076678512797156
-2.467812139528896,-1.8774453039902639,1.1462334039229856,-0.4267036625289584,-2.0894726235070133
-2.4763766141863672,-1.858926166933693,1.1497908921536808,-0.4320204476333408,-2.100285789867618
-2.474714182519438,-1.8668284684136258,1.150226674441824,-0.44463002156708314,-2.0999605549497953
-2.508442671205158,-1.8512599585734104,1.1458932526052887,-0.47738821755325517,-2.116073204796981
-2.5253446157334896,-1.856894826263174,1.1533930774398844,-0.47934565834071585,-2.1110087804763964
-2.508801902536713,-1.873290965595634,1.155652368325344,-0.42844460912899085,-2.099717709315213
-2.5092561152877635,-1.893433285818442,1.148943872350472,-0.3840579632637821,-2.1078172045967642
-2.4933297114593875,-1.9029781772403194,1.1410864967573964,-0.36009550298350884,-2.121134534259046
-2.4865646016527143,-1.908149918412267,1.1588167854435083,-0.3532619864825682,-2.1063607128091664
-2.486367742913895,-1.928611206163139,1.1662551612515561,-0.2986157639832938,-2.095407350086087
-2.4784752350422643,-1.9182838571712908,1.1754538104815573,-0.32727106612838186,-2.1079922939208706
-2.4670909333839677,-1.9084816502693425,1.210559555122691,-0.2908244115450929,-2.1065056618283164
-2.457871109681418,-1.9151052266645214,1.1992398303297933,-0.2918618146192513,-2.0827170493786133
-2.462026448598288,-1.9203827390541244,1.1747647220842308,-0.28938814682425973,-2.091220866527079
-2.4635026497277854,-1.8975265689524599,1.1708488857360355,-0.27271054896270414,-2.0972259581099344
-2.469527276083707,-1.8964461744103995,1.1786609113174498,-0.29669393321563525,-2.099624094757392
-2.461215863619521,-1.8846425175006232,1.1801920454325288,-0.29382641334540166,-2.099224013538112
-2.4691237515949975,-1.8707441749197515,1.1872459438374037,-0.34087892950962156,-2.08431642420212
-2.480925768606215,-1.8337136472307842,1.1808396853422505,-0.39580924304474696,-2.0841548552110813
-2.4892398694321756,-1.8471113787496563,1.1722251881671106,-0.397197403883326,-2.0783817371989843
-2.489153887189541,-1.8485520491952327,1.1552502525613282,-0.40001973430726595,-2.085075030702593
-2.4963421173460056,-1.8670896385610196,1.1617633495347417,-0.39721659462495695,-2.0712487754935274
-2.4966527742420457,-1.886301506058106,1.1661992671443786,-0.3762571679006468,-2.0824304331847014
-2.501372326638605,-1.8936533516511067,1.173040248245701,-0.36240815088787515,-2.087868934574778
-2.4959278855578715,-1.9027772420567863,1.1840834017198882,-0.34796066012623045,-2.084485074305252
-2.5172028560871267,-1.8976037421574314,1.1854433377522529,-0.38691330727782725,-2.097531559033268
-2.5274561962131417,-1.8623206789125413,1.1904903660253574,-0.42247364914406094,-2.103806704343978
-2.5323892042850313,-1.8392269427925882,1.2005638010391333,-0.463892641598818,-2.127191915152628
-2.5396638201795385,-1.8061274364377857,1.1884795913733146,-0.512962692246605,-2.1282865625146545
-2.548040844038154,-1.8365411958442963,1.165004258414902,-0.5191191965050834,-2.1059406706184984
-2.5786471151888666,-1.8082740419192704,1.180788022656938,-0.564511634466424,-2.1271697004409775
-2.6173213036466523,-1.752843551337588,1.169946300942821,-0.672322653278841,-2.1198606108018514
-2.6372780010344337,-1.7591115462576146,1.1659457470516226,-0.7315241423086855,-2.1467624027891814
-2.6399443065650137,-1.7598263613116143,1.1775973031305347,-0.7490230002550597,-2.1621901482215806
-2.662535747092596,-1.7482271448781694,1.1693296142278726,-0.8132590976334467,-2.1655193080607367
-2.6919759273871984,-1.707205793654091,1.1756270219111171,-0.9048855677104182,-2.1907147411851113
-2.7224683908825944,-1.653483121979805,1.1636684606182583,-1.0128771664847644,-2.194617992661324
-2.742873127296116,-1.6281066845379737,1.131674898524171,-1.1312429945921951,-2.1946687262737905
-2.760802141889262,-1.6053139970522319,1.1220883402700144,-1.2009323774511365,-2.2119556413103014
-2.7912164429466366,-1.5840882766195983,1.1234356335193592,-1.3033851992261356,-2.199391871650102
-2.8276048608971163,-1.55475418025101,1.0947440693162245,-1.4020490607973914,-2.194247574412597
-2.8341134986977594,-1.5217529712226063,1.0943394154725683,-1.4546763367027116,-2.1900794535704615
-2.806924530049816,-1.5802888006457505,1.075954131025525,-1.4171357043236688,-2.1881829455970983
-2.798197878188914,-1.5534989875521663,1.0654656548586674,-1.4555205522311898,-2.193157630682118
-2.77042911972913,-1.5806491706832568,1.0621869161673005,-1.4234565207423109,-2.1751672694013497
-2.7911257487718535,-1.5215092793096907,1.0576748263057454,-1.5116746739564615,-2.1843517090301625
-2.7942947144557952,-1.5107400924232208,1.0486583873295292,-1.5522760657767056,-2.195293093433708
-2.8048974496920236,-1.4855929010289166,1.0592754485550684,-1.6454184515410155,-2.2218578919918848
-2.8667359949402176,-1.3952361829333684,1.0554737642458203,-1.7894004689435938,-2.232502727174502
-2.9117389993042107,-1.3337851803551874,1.0644197961295383,-1.9517771064913216,-2.2298675968720207
-2.9411389595168664,-1.2890312410751772,1.0444445426757654,-2.1273473568964327,-2.2194528406465897
-2.9885382921235966,-1.2546980815382467,1.030548471420381,-2.242316617806366,-2.2324557346953746
-2.9692680445489334,-1.3667659859559684,1.0151115282171053,-2.172600610683943,-2.2484972375028067
-2.983569299212491,-1.3823251438899002,1.0098737080549345,-2.211435411342364,-2.242345136447295
-2.9819000195568823,-1.353139815565918,0.9878995333253651,-2.2601122020858977,-2.2245082935076095
-2.992065947636895,-1.2881271944497563,0.9754351378207291,-2.3467632590727634,-2.2159893414341756
-2.9934889389098718,-1.2381950969083462,0.9423365824874022,-2.4599475816503853,-2.1965769162382993
-2.997763112863372,-1.2218354291073081,0.9326136516550033,-2.549894600871858,-2.222484133333959
-2.980714005067236,-1.2999434518998203,0.919093513711057,-2.4872699142742842,-2.2213680377235194
-2.9834165273890627,-1.285859364955765,0.8945240112715543,-2.510224577546658,-2.220510820293525
-2.954069813383578,-1.421450378339572,0.8902006675095382,-2.3514362734253216,-2.2193982502769973
-2.9201282086002998,-1.4474568627080546,0.8865546321954083,-2.2744365889350138,-2.226798732829067
-2.908786362812876,-1.4174476554638291,0.9046284086648853,-2.241759654554722,-2.2051552557683536
-2.8976962775186887,-1.3622469338043393,0.8978700206109327,-2.293936275474365,-2.1848462444866596
-2.8809863240112046,-1.4164908089018735,0.9035359183605334,-2.220814067078279,-2.1854000007558168
-2.8848221822879108,-1.4012135659192888,0.8832172673683037,-2.2197387511031423,-2.193965644448799
-2.9017157979683197,-1.35231428448301,0.8890641497420186,-2.2945393237828884,-2.1761668392957967
-2.898927828217449,-1.3814738612047868,0.9022823788874843,-2.284491600380284,-2.1758124389586455
-2.934913219310786,-1.2290598551743805,0.8962376645264479,-2.4964392858566566,-2.1874076765463037
-2.958528303506761,-1.2717321962109662,0.8712574517498411,-2.5071226912836804,-2.171438501053814
-2.94571870956532,-1.362575459806774,0.8919107482057287,-2.414105920047016,-2.209454205042619
-2.9100582104659227,-1.39826973662287,0.8938945322981051,-2.3699798117283235,-2.2090683276022656
-2.9188720663591465,-1.3578910934125874,0.8845893173565788,-2.3930137857264824,-2.214509750793113
-2.8932708307908004,-1.4004085643426525,0.8800929279531438,-2.31205387609748,-2.2086249902480812
-2.876542414004292,-1.4488531598988477,0.895321884762522,-2.1934617815973287,-2.2100122441013195
-2.8442217971155075,-1.5012334117901458,0.8952073185486684,-2.1052737698002657,-2.202417870340672
-2.798309859254187,-1.5353060218362342,0.8869219721543445,-1.980429337766346,-2.2084326407719845
-2.8070549284283635,-1.454333720931332,0.8879125547868284,-2.0468132562146937,-2.1909030831139575
-2.8437629343845012,-1.3640531139495604,0.9210391413851144,-2.1355905566012625,-2.1852569467690195
-2.861020721043775,-1.369071709497083,0.9099457271550425,-2.1547431622179745,-2.1813487065726602
-2.8618869361069104,-1.3647564548372753,0.9214249747087166,-2.157003071270732,-2.1999652742559253
-2.8754284614517727,-1.3554563457154212,0.9231748540901569,-2.187065381251873,-2.20185564785387
-2.901591023928803,-1.3378786956422755,0.9126021641046625,-2.232149519053378,-2.199218566032529
-2.9008089244476247,-1.3854992508098567,0.920318748203509,-2.173612913237922,-2.1976850509668022
-2.8482812239733875,-1.4615894734815946,0.9139533120909862,-2.058209027469594,-2.187682378886225
-2.793292905044996,-1.5643008837425214,0.9211348568139275,-1.8553326819301927,-2.194166063470491
-2.7573080520900386,-1.594627296701674,0.9058077226630242,-1.7227867852402279,-2.191164255062253
-2.7296460872070303,-1.5878829882621308,0.9121686718937291,-1.6580836404175034,-2.15920187566153
-2.7323193110883577,-1.532451134585334,0.9060653743829163,-1.6920823066276622,-2.1649334232431356
-2.733373914905742,-1.5412825105222703,0.9111464988433348,-1.6367101145253589,-2.165186065073362
-2.7289061817776,-1.5589497336404001,0.9399211203473921,-1.5490122514035887,-2.1652795447158337
-2.7629466439308783,-1.4782543036750306,0.9335899539510066,-1.6226717500922347,-2.154503890628183
-2.747805391941009,-1.4895589647816367,0.9563751971096646,-1.6117488317866253,-2.1567646939570473
-2.797731259666391,-1.4054358910678215,0.9606300223640348,-1.741683294215354,-2.1559895012826775
-2.7922445907788336,-1.470094967861639,0.9826950040136146,-1.7129265312685664,-2.1719707793247585
-2.8020939106474034,-1.5171176526814125,0.9539842842666335,-1.656208952416704,-2.189152876414547
-2.77887508272974,-1.5626826753898952,0.9535258030068643,-1.5717471556712113,-2.175330098205707
-2.7848786826962346,-1.5474888540842358,0.9714694799002721,-1.5861536870617852,-2.1828128956550414
-2.731869805770092,-1.5967772196610415,0.9545043730848416,-1.5017833238061098,-2.1859268119722133
-2.723115252304956,-1.6178988591004742,0.9512274617612564,-1.394013074423355,-2.1722114336812397
-2.6807477643471103,-1.6400766881576294,0.9599171191605608,-1.3498375208980145,-2.1816704279129624
-2.6542425903237366,-1.675341291706907,0.9640070792433866,-1.2481533722553464,-2.18487838957357
-2.6455158662284597,-1.7207288415447342,0.9819196208608786,-1.1527458205978836,-2.174435789146511
-2.654759323351936,-1.6428033674819482,0.9851937398035412,-1.208211210966637,-2.1824444828871132
-2.678979325988789,-1.5885123381456132,1.0018794384429086,-1.248112254836431,-2.1798180853421063
-2.692915557891853,-1.5652930322526772,1.0187968133600387,-1.269992441309196,-2.1636428605483427
-2.709063502700691,-1.5381645939514652,1.018755663324321,-1.3116805626775012,-2.1747629274097062
-2.710850071633542,-1.5968202322155345,0.9815281128300866,-1.2819304197397958,-2.1838631163611666
-2.7026734861579844,-1.6633521637007407,1.0037356376314392,-1.1951573294144844,-2.178172722126287
-2.686210063960798,-1.6823056824313027,1.0146013216544465,-1.1415018390546052,-2.1557328462352343
-2.657440221019226,-1.6922732671892928,1.0111701581989232,-1.1118522820682957,-2.1597887528076325
-2.658904984122081,-1.6562856610785055,1.015583622358495,-1.1314482980761997,-2.197967505083923
-2.6758416679169597,-1.6321070122459986,1.04311851538863,-1.1526171914756131,-2.174223719477804
-2.6919828162809427,-1.6009707429990507,1.043570343256599,-1.19359936741646,-2.1763707821919795
-2.6570782290603416,-1.6818555592904876,1.0300277169252632,-1.109711375795297,-2.1709297012735536
-2.596215584558502,-1.7781601474884443,1.0229023888684066,-0.984067608374298,-2.157302230808218
-2.5782797540355262,-1.7997980798829332,1.035910344558291,-0.9160288457213449,-2.15203984418215
-2.5650715627285097,-1.8026320453198852,1.02252517477873,-0.8551322326331292,-2.14008334094552
-2.563581595992243,-1.8049984510714714,1.0553136995334187,-0.7927359307727854,-2.1502480349293562
-2.5435748020914044,-1.7995566534476573,1.0262638397237323,-0.7632094052234775,-2.125137615983443
-2.5368333115212116,-1.7933885733326784,1.0673536082846657,-0.7849768941363218,-2.1264968174614056
-2.547618506268665,-1.7787207372695417,1.0761408491109332,-0.7647534256128458,-2.1268231466293943
-2.528209610089099,-1.7922610039478133,1.080217610205357,-0.6906445521273253,-2.102349349030769
-2.5455495134339743,-1.7794071917545045,1.0951486395478316,-0.723719358360527,-2.1202729630588317
-2.5475289642598122,-1.7648769621609837,1.082099238553282,-0.733811023068564,-2.110285865678888
-2.5500117692822215,-1.751178837243229,1.0749487226819185,-0.7315406805906833,-2.1133386012586515
-2.530657603427772,-1.7878459409818928,1.0844678940966064,-0.6799246255789053,-2.1142076860640264
-2.5228846447468487,-1.827456572609186,1.1051817615475659,-0.6270664341918626,-2.1108105619675657
-2.5192092169504066,-1.8254663514251992,1.0957832551634303,-0.6082321650140946,-2.107130146261413
-2.5211728769118906,-1.8165657030474864,1.1048966902376736,-0.5840565417692629,-2.1269739851341765
-2.507889292026284,-1.846386018169885,1.0901302251049279,-0.5631005851248242,-2.1083185185034514
-2.4817108166955295,-1.8604045288010764,1.0974698729743424,-0.525342759862386,-2.101605641817996
-2.4702764448871055,-1.8692764725996434,1.1175945184424736,-0.4959564573921106,-2.0910773443711954
-2.4706430939218573,-1.8486835642101649,1.1292948067060704,-0.5076580037580724,-2.091217979621803
-2.473207509903682,-1.8713156449352748,1.1303229426827737,-0.4769367533793591,-2.064698599800472
-2.4638740821133145,-1.8924123243718274,1.133547660711001,-0.42608631991882207,-2.070079556485849
-2.4539062003305583,-1.885241028868571,1.1307279504508698,-0.431639052952956,-2.0417192036140484
-2.462575629995557,-1.9005367858507813,1.1305542145356322,-0.3824795724655068,-2.0664015479899756
-2.445508792962736,-1.9030106277681353,1.136373553859144,-0.3364165450063241,-2.07225558457924
-2.457544911904241,-1.891454805700858,1.1440875231035323,-0.3442593207928054,-2.091057818214008
-2.4680295496755718,-1.8674940996598646,1.1348726121977624,-0.33959687137146044,-2.078411672717456
-2.4704979811943257,-1.85927213507143,1.1374807189512388,-0.3938768808693491,-2.104089974391615
-2.503572809827415,-1.8515592334723388,1.1489701500633867,-0.41791556401803426,-2.0999781690636548
-2.505802930436379,-1.8642766204574357,1.1664767831166734,-0.4245229972174267,-2.103862716780297
-2.5043955530066433,-1.8721072263041696,1.151908614066054,-0.42560522530512435,-2.0974626852160574
-2.5352518037342366,-1.8311860234809751,1.1587679381518408,-0.5042247518367762,-2.075021977605373
-2.5414938647214513,-1.8036346549232884,1.1436866536230825,-0.5321862279448085,-2.097873856991662
-2.5410495944396305,-1.827255211141817,1.1284787620083887,-0.5104664938237491,-2.091365985549794
-2.542518819611613,-1.8151341210114975,1.1342738079444448,-0.5280204885892372,-2.0852463427619807
-2.5548201646184543,-1.7812542468905206,1.1498872502037278,-0.5924320091925381,-2.099747409048273
-2.570079721284777,-1.7779873235858579,1.1338265043870028,-0.6398363327057801,-2.1146067988908652
-2.599911972246442,-1.76818538344989,1.131856534446308,-0.7043762377491518,-2.1466128688620323
-2.610731999727891,-1.7226516900422806,1.137130660245405,-0.7763864821479206,-2.127288306011267
-2.597826422660104,-1.7593781003013385,1.123685106509196,-0.7692715631967852,-2.118361876320452
-2.6074847526622453,-1.7610319834050934,1.1334183250645546,-0.8169547105268028,-2.1018697099277275
-2.646960365770805,-1.6517782771586793,1.1269768677160892,-0.9641250110521828,-2.119123528137973
-2.6546893150059896,-1.6832757321791276,1.121929578169881,-1.0184814589041145,-2.129855424489031
-2.65244013118748,-1.7319508725371917,1.0932797729973018,-0.9888679989180186,-2.1080557853389505
-2.6530784826011,-1.7075153432997237,1.0920908469850013,-0.9994030364163168,-2.121530106072995
-2.6974930829903006,-1.563286900332044,1.098204917755984,-1.1862668922301383,-2.1501179036603153
-2.7227958851196092,-1.5602455098162171,1.0963646898076482,-1.3119975580007632,-2.171415027026445
-2.757441008644103,-1.529885526726373,1.0951435996897612,-1.407901782511534,-2.1910593638974762
-2.7953579208729016,-1.5195967171428753,1.0801378761243767,-1.497363428957076,-2.2257415163650784
-2.811481546761848,-1.5238315625310377,1.0859692421318738,-1.54102190847041,-2.198536641593026
-2.8679900953837483,-1.441181727052211,1.0752225551726415,-1.6838009891534025,-2.2193224969220453
-2.893600556990739,-1.3997014387717588,1.0564261057266657,-1.8282404535073589,-2.22033231853055
-2.900973390245159,-1.4139532014687473,1.058446292792328,-1.8996257465568094,-2.243902255305708
-2.920702617957007,-1.4208077484020496,1.053309596667771,-1.9799472906789126,-2.2460467532234323
-2.941502626415935,-1.3602115510282293,1.0287238570872017,-2.086176322980466,-2.2411804364321815
-2.9821426041291583,-1.3187414775946231,1.0000942540028273,-2.1912728767729686,-2.256499722146634
-2.952005848827075,-1.3677164639845885,0.998680431632554,-2.18876879745338,-2.251357963325207
-2.957802882683668,-1.360730270012533,0.9544357254156861,-2.225065382245716,-2.266363337987162
-2.9675437640642124,-1.3609935193139604,0.9361044419693244,-2.2523073318189812,-2.2715471633236435
-2.9841468438309957,-1.3368959164178233,0.9241608565113789,-2.3387416549306432,-2.2533925503386483
-3.031241865566086,-1.1740867825049588,0.9096544697284685,-2.548308308116805,-2.236457223214496
-3.026130986234756,-1.1799000798439665,0.9001925405959771,-2.6053316229143473,-2.2245421567909696
-3.0325388451140087,-1.181296864969257,0.8908498903522237,-2.6280366494882936,-2.2250230633819728
-3.0731871461484066,-1.1294121063280356,0.878433739598173,-2.7361856234157593,-2.2078522250880797
-3.0832562826883576,-1.1471209821810395,0.8533764450831929,-2.7726239085437396,-2.212353240694809
-3.0703891557883303,-1.19240755491511,0.8713961889167788,-2.7900694764795113,-2.215216834491982
-3.0496203673499096,-1.2816721841270164,0.8705101270569979,-2.698321796047167,-2.2287585320763315
-3.000935624036618,-1.3522623453106892,0.8661915158718059,-2.5928373401196807,-2.2196597155926443
-2.964841820395305,-1.4094547072697121,0.8647409039731809,-2.4983226791815163,-2.230343386376004
-2.910672845088642,-1.4755992905493769,0.8539819804163624,-2.3097130026291928,-2.227702257173974
-2.8574259037148333,-1.4898102659817731,0.8493960052769501,-2.2401199942994774,-2.226678203312323
-2.9027129631166084,-1.2863002637555765,0.8375759550904522,-2.4263855996574106,-2.1910548067857114
-2.926718987928797,-1.2013790723025504,0.84191592055808,-2.5326746315571547,-2.1785218769119994
-2.9595662726358363,-1.1582791924220004,0.8409968200843132,-2.6090470778871797,-2.160340241043796
-2.9709067727763068,-1.231458239644055,0.8520544810485744,-2.596795480090595,-2.1839339020016046
-2.982037625695314,-1.2160448111128481,0.8255308023927467,-2.6287329046281815,-2.1766268695997253
-2.9928503114460305,-1.2384036252284,0.8396153900726192,-2.6248113552227093,-2.1631617550342748
-2.9595708136489924,-1.2713185376208556,0.846431144366808,-2.5888987536319097,-2.1659287974743733
-2.9535248396043827,-1.3756896583827771,0.8579549851217025,-2.433704297280699,-2.1893483792830275
-2.9383880628144228,-1.3348993899872392,0.8356812605178734,-2.452861970326512,-2.197982217078129
-2.92195631158451,-1.3759797129051234,0.8395155568806094,-2.3978940450250246,-2.1987110202546596
-2.9519015680928615,-1.2707667901101438,0.8306279580592455,-2.5344078918701682,-2.1835450559130516
-2.968076153408704,-1.229668184318248,0.830756756250448,-2.565032865187875,-2.191953402276877
-2.979916653944597,-1.241460567315324,0.8247682810151706,-2.5836334864949095,-2.184250593000668
-2.9587791598696422,-1.3437345188033438,0.8400597360678719,-2.452636821810734,-2.204871465644835
-2.933879301377369,-1.3816868169288878,0.8412965166155887,-2.4273341375767985,-2.206783685249676
-2.917338742476936,-1.3798774729847005,0.8518611749586564,-2.3912305433851477,-2.200550969118501
-2.9161792637790565,-1.3603112796895775,0.8542772433572575,-2.35964043242955,-2.1964300994425616
-2.932488422708418,-1.3117764918665282,0.8569364750324585,-2.3867674442110625,-2.2054184580000875
-2.913490639988255,-1.3156398134107319,0.8540149745539967,-2.399895491179505,-2.1920294919803296
-2.9326643340749494,-1.2951431944156138,0.8628136793120699,-2.454744521594393,-2.2022186436521047
-2.927074955656396,-1.3328101001993349,0.862220816684484,-2.4092039137669095,-2.1866099534690444
-2.916362096416808,-1.3914932769751653,0.8620593073166893,-2.3093802755609403,-2.2044057351919975
-2.881999069012133,-1.44035425437504,0.8507242314489966,-2.19901281326631,-2.206979968269621
-2.8747051257794283,-1.4377471178876136,0.8494427140079948,-2.161434856634454,-2.1751173318933197
-2.8740113789451254,-1.4078614283499746,0.8559958702037179,-2.1361074234993476,-2.1892508749697233
-2.852477683223767,-1.4086148632970965,0.8350673489077647,-2.1183546979182375,-2.1655259349770777
-2.813889737355103,-1.454076226891472,0.8563488493253375,-1.9908728642835387,-2.1623909731863225
-2.8017358724368764,-1.4510091694953264,0.8466453284194637,-1.9397656434208639,-2.1390383100467916
-2.8117484661227845,-1.4515577106673299,0.8550146799342208,-1.8766102572592318,-2.1737987504480483
-2.7443640490230807,-1.560874620581156,0.8787442683900267,-1.7238050417316781,-2.1741978675170386
-2.732264998559831,-1.5571876201014332,0.8509958779433426,-1.6324910381930235,-2.168281434195073
-2.700431185288151,-1.585684121491749,0.86403004824454,-1.532960834537037,-2.1571139398299692
-2.6567511310139627,-1.6061894827627157,0.8796136133550402,-1.446116813923507,-2.1488808285509435
-2.640169840818692,-1.6091860218849927,0.8958164718439123,-1.3830870269874393,-2.132601079556529
-2.652918541855338,-1.5937272119138313,0.9205897848128206,-1.3539903210982556,-2.1259776046801937
-2.6460989979926284,-1.639741342467199,0.9178820089224706,-1.3214189286257507,-2.128610779662398
-2.6843940472056382,-1.5783361511642868,0.9549689878203454,-1.4221310529726154,-2.1493813995426843
-2.7402100315176936,-1.4983163060086782,0.9851217718089481,-1.5275819528872923,-2.15813803703014
-2.769358845748788,-1.4806762481734013,0.9729989619910867,-1.5938977766983726,-2.1819688269180495
-2.7510253928967137,-1.5642455566323796,0.9765238571365853,-1.5528293439830099,-2.177223364569952
-2.7503344662290568,-1.5958184018379589,0.9889159957084911,-1.4746763510570844,-2.1769258858816722
-2.7534018492507584,-1.5579079191729828,0.9786683673661094,-1.495287148998762,-2.188407866456986
-2.7298035222540724,-1.6085392031813543,0.9699204567285974,-1.4192895124876983,-2.183477455753927
-2.7309912853653464,-1.6235232977747587,0.9609296651521857,-1.3553547667213428,-2.167385270108929
-2.694850964198562,-1.6523023072783338,0.9899192665158548,-1.2930121470791973,-2.1743332474075974
-2.6843614962793794,-1.6841043995222824,0.9606508563291696,-1.203476208813928,-2.168026866511283
-2.633928176474693,-1.7420644077832388,0.9838693336465001,-1.0852108744130011,-2.157664871662046
-2.5945180509995724,-1.77738912149291,1.0144720350027234,-1.0034568658518874,-2.139587099926221
-2.5736225882103327,-1.7713669261894947,1.0108712036123966,-0.954346011460155,-2.125430688019227
-2.5362991975250426,-1.7782989757479042,1.0244279779092,-0.8739513919887084,-2.1194744033355866
-2.5394199487032925,-1.753265407638409,1.0347856660023165,-0.8514792259871354,-2.124409857208359
-2.552382370315104,-1.7279076951257994,1.0438339929998008,-0.8436209390201557,-2.1181594571774953
-2.565293727224434,-1.6818927157423396,1.0446929925305772,-0.8896447320155272,-2.103937521446556
-2.563769048773374,-1.712535078962831,1.047548342918774,-0.8614675881768403,-2.0961116219065077
-2.5722492308902427,-1.7335071695531907,1.0526649169349656,-0.8198290785706901,-2.1132834721433014
-2.5631779489898494,-1.7668988098574103,1.0658342405315941,-0.7631452746086572,-2.1012587480066895
-2.5628391185040535,-1.7403774452900023,1.0601170355291827,-0.7642491854463109,-2.1171681016455954
-2.5584071071139234,-1.7530879058626616,1.0701570845833295,-0.7405096750242975,-2.1071470215672896
-2.5379237808552833,-1.8302584720631285,1.0685290198007236,-0.639311004653815,-2.1110349565264133
-2.5054825875741495,-1.8533813961720562,1.078099059179373,-0.5861496055275992,-2.1039291604147943
-2.511091856243036,-1.795774300401871,1.0714412027351234,-0.5985227714363569,-2.098517745572582
-2.504011617993351,-1.7999769497215168,1.0652855483595285,-0.5421791694162025,-2.0865494057601595
-2.520798269461389,-1.7986533167125356,1.0837933829354196,-0.5518758565918482,-2.0976037484414487
-2.513960901260986,-1.8028771905809249,1.0884659880469485,-0.510421763013468,-2.0833910434979197
-2.510192143562819,-1.7863971376545351,1.1091241341758868,-0.5156524654801287,-2.0953119044883866
-2.528470817328319,-1.7808579263878268,1.124944933598596,-0.5344563679343574,-2.100432708320165
-2.5089610628430443,-1.8309806395919617,1.1242041069597761,-0.4774085619462381,-2.103993133468616
-2.4872284478443447,-1.8693264414935395,1.136882697260597,-0.4347390957366145,-2.1016518369990336
-2.4530943423928133,-1.8784242315399335,1.129665250904881,-0.41889308183710716,-2.111009042170328
-2.4500761671338345,-1.8981801967813852,1.1325435717050554,-0.3701811696938669,-2.0993076653154112
-2.4570156868486754,-1.9056733195803381,1.1411438521108432,-0.31697337629844535,-2.0889245630738067
-2.4504151177042797,-1.890725885738991,1.1593611779286022,-0.33464135912855114,-2.086517886392692
-2.437338915038766,-1.8833124499873095,1.2010077645299353,-0.3299386514753614,-2.0811870423802716
-2.448200134625897,-1.9112500725120498,1.2013730195561567,-0.29436579434918647,-2.0624308878848088
-2.4539674822909463,-1.890676891143641,1.1836057420382264,-0.29183993325753665,-2.0608722503284462
-2.465742359446542,-1.8855935082101416,1.1936922444834928,-0.2752226304571675,-2.067731609188466
-2.4675601104543694,-1.8909308869013859,1.1897727050657714,-0.2974701001529975,-2.0796365266961327
-2.461276156055285,-1.9008608783105705,1.1856808551311473,-0.29357392771452856,-2.0784927806335944
-2.465667433578914,-1.9090294222669848,1.1784441483281916,-0.3087653071224745,-2.077922861115334
-2.5002054422367896,-1.8916548518349598,1.172873841251768,-0.3290239605616618,-2.081091682095211
-2.5015523477028965,-1.8917316481129973,1.175093309022219,-0.338925811354076,-2.084715045935867
-2.517162707949199,-1.8522359883820976,1.1882427854777473,-0.3945524538845211,-2.108918181513712
-2.5210762806312172,-1.826492837932668,1.2008402621357113,-0.42917985017632604,-2.1071049612862938
-2.5234027543684654,-1.8606180765329265,1.2058452499296786,-0.42283255470655595,-2.1062621162200226
-2.5205521736050356,-1.8464505247905825,1.1846221562825943,-0.42052464517744964,-2.092602727556153
-2.534458582546128,-1.8081235302818073,1.1997957631369536,-0.4774223383699214,-2.108146471242261
-2.5396836448638807,-1.791517043656198,1.1709225210722178,-0.539213889683944,-2.120299826381386
-2.543077986157943,-1.793089483090142,1.1610613528760767,-0.5555796932522238,-2.1072124651156705
-2.5695935981665627,-1.7717412342097723,1.1627593892413381,-0.6241809036016136,-2.125386242394241
-2.6030401326379216,-1.74999924290713,1.1620865515175371,-0.6780872202484175,-2.112876953812541
-2.62782015446563,-1.7174631200534316,1.1560748227187223,-0.7867975782680263,-2.1189583825218863
-2.6715020353330394,-1.6202631799916176,1.149113797240565,-0.9676154719934063,-2.139837570831173
-2.7175747883570947,-1.6024442646842725,1.1426803466537798,-1.0790408859754004,-2.1582254008858666
-2.742498653002797,-1.592106278916407,1.140229916327329,-1.1777018411347708,-2.192617714857571
-2.7980933395661984,-1.4757123480214853,1.1436764434295994,-1.3892175674498182,-2.201983895095225
-2.845276717505481,-1.4388164309505926,1.1272001550289752,-1.5662812781925084,-2.2165322728847987
-2.8732408954209334,-1.4263558707491661,1.0928248510662784,-1.6831778298297337,-2.2297892011521636
-2.917515450879001,-1.3622808873997514,1.078989236231397,-1.848063371266303,-2.229878892106024
-2.9081292618206884,-1.3691931915742659,1.0471869628112747,-1.9240759129145542,-2.235115794171523
-2.95173297523952,-1.3630903886739645,1.0597352463195167,-1.9977559954044968,-2.2310989270433654
-2.9641408093165094,-1.2642234627727647,1.039788281138393,-2.1802244786389995,-2.2289505897681123
-3.0162619963926125,-1.204792450275084,1.0287516937484618,-2.3304015902769453,-2.194589261827714
-3.0274661480796894,-1.213987691274633,1.016897615277881,-2.4053631493524117,-2.2138210021301004
-3.0624862499194117,-1.1364538705366571,0.9639584759593145,-2.5920736438869243,-2.2069955231942404
-3.0854014081081673,-1.110939007870663,0.9577099731131288,-2.7395023432250283,-2.204903665207029
-3.0923882714026396,-1.141770902050943,0.9284005416119266,-2.7776038916404184,-2.206887124081949
-3.070881252253597,-1.2379212256693806,0.9273444849171686,-2.6996095210367406,-2.236390714985757
-3.052153498127356,-1.240918074093155,0.9084714895317952,-2.702853663180714,-2.222625029114299
-3.07680186177781,-1.190529017381352,0.8652427007510074,-2.7774852887797388,-2.207856081101836
-3.0587868164390106,-1.1976145804024347,0.8656094778814268,-2.7907585639351007,-2.205582147010179
-3.08332439944729,-1.121306749099989,0.82406005269813,-2.8933327772654462,-2.210286065433441
-3.093778086001819,-1.1029751263541845,0.8172308819913962,-2.9361862813865875,-2.1978431698429173
-3.0717863997194295,-1.159801179566945,0.8146570763323575,-2.891996542815382,-2.1936148617177595
-3.1137740229405875,-1.043574638004221,0.7875487936977593,-3.053620180571184,-2.1809770368563295
-3.1519439933948337,-0.9267384097315401,0.7538182558360319,-3.2327190840480022,-2.156307638357022
-3.157083033881888,-0.9724884616081092,0.7378117183175156,-3.277385098726714,-2.135696750749208
-3.177960381602511,-0.9339100904581236,0.7216213700149076,-3.3597606800350825,-2.1153745002711046
-3.1581830136397078,-0.985596024708182,0.7063941519633894,-3.35488768952699,-2.123630434861036
-3.121000830133595,-1.0919053012634412,0.7124129656459824,-3.2710389340010857,-2.1499099575390623
-3.1205423876446887,-1.0730690718631142,0.6868999830496253,-3.2588602727866194,-2.122675445736061
-3.0990066803370695,-1.0636800650389038,0.6784887336749174,-3.23753914677873,-2.1204193023101716
-3.0706128642565487,-1.0964175972149584,0.6742731600376816,-3.165685078697311,-2.1335830532506646
-3.0596061875784226,-1.1141210738352114,0.674689777047901,-3.10703674762579,-2.1199869037251164
-3.0499012961943612,-1.0961125756764771,0.681589020958223,-3.113698890155779,-2.1121632257063196
-3.0419450946295488,-1.052866123549007,0.6901063910131904,-3.134101122209087,-2.1069680564325557
-3.05080324214334,-1.045606569275944,0.6985703774628986,-3.1575682251779775,-2.0885799072553137
-3.073176613686974,-1.0692448092316766,0.6930896118491395,-3.1332227426931962,-2.1263005317018915
-3.0198560585618894,-1.163548972213756,0.7318997780199633,-3.0435049611970815,-2.1314342227755207
-3.029835381106463,-1.1317892106695515,0.7121417162174956,-3.04795090092709,-2.124908537790162
-3.0626038982518784,-1.0407622094554043,0.7056408719679471,-3.1308876962064973,-2.09616510947316
-3.0418748809795773,-1.162608158228964,0.7104345672231294,-3.023057286240719,-2.1148269787097793
-3.0391234001333713,-1.1280327435505002,0.7159412630568918,-3.0272673211338805,-2.120458977876975
-3.007625846775306,-1.1502392107220583,0.7125969974769387,-2.976459942505686,-2.1258973993802424
-3.027112985773682,-1.1340111542383913,0.7014382018483462,-2.9702106860216833,-2.1325994392771146
-3.0331777992162356,-1.1246494732526922,0.7287776922339231,-2.9511708694016994,-2.1349983402169177
-3.0072737434371035,-1.1685520008717494,0.7138846685307246,-2.9045656550573375,-2.1420796275376857
-3.037978254371627,-1.0786350306998385,0.6990680566628442,-2.9640196746541645,-2.126599639190632
-3.003618181352191,-1.1324802561712932,0.6869625916195787,-2.8505128277181235,-2.121210263008916
-2.9658522319182556,-1.2402324585220517,0.7087762815741896,-2.688777637696234,-2.1120401287260315
-2.960920803213139,-1.283679929299318,0.7140817310029606,-2.59880755037112,-2.121404486469631
-2.9127656058714155,-1.2966284005237467,0.7121594391074876,-2.533482977624103,-2.1163502766456106
-2.902597314688236,-1.2567562075120922,0.727367210467556,-2.527237289330425,-2.1126628479051974
-2.8764274793743745,-1.3395903748287394,0.7554328048570212,-2.432430581298218,-2.1371831556411176
-2.859449383846998,-1.3586735977853368,0.7680064580199412,-2.3447327818789954,-2.1344016801280756
-2.8515125647049153,-1.356128443970786,0.7793307260602429,-2.319692919831152,-2.134054731839399
-2.8459729516396477,-1.3462075526937523,0.8027883585880063,-2.287368505729533,-2.1514928675045772
-2.840038904907154,-1.3403446883227903,0.8334869782105184,-2.223410947286841,-2.1351822721152973
-2.849623805452043,-1.3158675645400935,0.824769194942388,-2.2110554805151357,-2.1442739187869986
-2.867375594000153,-1.3010740483897336,0.8359292301468985,-2.2469492651254255,-2.141442365164097
-2.8754610301510692,-1.30871824593942,0.8545050866861539,-2.265141452722345,-2.1420074464215015
-2.8504120079987767,-1.3934238872083369,0.8519472780330273,-2.1342643441997353,-2.1487113284707533
-2.836102609190656,-1.4607537281358982,0.8695680952300668,-2.054180370202267,-2.1399010845656017
-2.819335874796803,-1.4804426873018275,0.867271773814474,-1.9914293587173557,-2.1487035285602616
-2.782772121295837,-1.5439402276197138,0.85433884958667,-1.8539704009676155,-2.1460628552160825
-2.722409641488315,-1.6038342081902157,0.8717177675204978,-1.67360296182397,-2.1388360924391483
-2.6800293343505626,-1.632042466070836,0.8835436807403976,-1.5583412750395695,-2.145239612212709
-2.654073863890774,-1.6027313391045794,0.8886129210859974,-1.4772889357480568,-2.135423970891086
-2.6472935956018055,-1.6079328175252776,0.8954759829580848,-1.3979584008939316,-2.1370911557107295
-2.6623551201855156,-1.5644473585057856,0.9096780549905439,-1.4195259334627424,-2.1474205832929507
-2.660148667066328,-1.55093582192978,0.9253766540448688,-1.4007929434410802,-2.1385418302908445
-2.6658917729014697,-1.554225573409216,0.9300016808310735,-1.3721594717123955,-2.121769091052364
-2.6676153222661103,-1.5709474129187968,0.9191893468582607,-1.3457822523415686,-2.1386175495938717
-2.6446755538543334,-1.634376265135689,0.9411320971860827,-1.2341573730656081,-2.1463723166575814
-2.631253936741004,-1.7039166311279752,0.9369452354426987,-1.156683410393134,-2.1374987989953445
-2.6232031103835607,-1.7041997374641238,0.9461177243383849,-1.0820648317215882,-2.135426845202163
-2.6224164143548094,-1.7181185788639666,0.9567704467963849,-1.02949475161653,-2.1336361633252037
-2.618182165152221,-1.7131107072057314,0.977566866268827,-1.035232176219358,-2.122767176315375
-2.6006518196352153,-1.7129225140329947,1.010307612621594,-1.0186526962322073,-2.1278684337280223
-2.6133466626887367,-1.6930529110688326,1.0240971786597357,-1.010304582592971,-2.1170795678515253
-2.6009278631098653,-1.706609991100708,1.0191181918533547,-0.9856783151757637,-2.0986318905952244
-2.619539610693942,-1.7000481592899894,1.0328673242076547,-0.9708165382168509,-2.1173473516980503
-2.6130920623894314,-1.7372752151048196,1.0529444515674287,-0.9049668177156875,-2.130240800684756
-2.60012505159313,-1.7886826578015977,1.0744703572943326,-0.8529506849009885,-2.1138603475333033
-2.602836040682349,-1.7338253216799693,1.0742912146046455,-0.8790915962654319,-2.138229157373784
-2.607405228409032,-1.7252651129029037,1.0939310240493816,-0.8781222644923226,-2.1156073853975617
-2.587887803072875,-1.7484745528274959,1.0996964808034166,-0.8544799979633745,-2.1175786663126024
-2.5759168817001408,-1.7807714222116573,1.1103081570307896,-0.8084754773565719,-2.1192074677094284
-2.5538701570353695,-1.7890180566958267,1.1100651803497275,-0.7624441004650112,-2.089163072410478
-2.5398410186455873,-1.8013662271112796,1.1067961547253784,-0.7529297425182357,-2.1000240170438946
-2.5354000474314127,-1.8149850935502576,1.1239889020132297,-0.6955474410689453,-2.1103847751523808
-2.5340483988579106,-1.8033656071917994,1.1155896925935365,-0.6865563031033052,-2.0965271777700467
-2.5612651159543924,-1.7597271239356023,1.0984790264669941,-0.7222708481819532,-2.1157307775452225
-2.5708724703510475,-1.7598121230330936,1.109026822695011,-0.7535395442957209,-2.122280433362194
-2.560255097821035,-1.7764205633100039,1.115137118052448,-0.7172266602686791,-2.1072308866868994
-2.56803454960837,-1.7673699661119044,1.1227147340477723,-0.7361974423653039,-2.117330677238873
-2.5800827395282813,-1.7561244608488507,1.1152823165121544,-0.7610702440916095,-2.120297639695509
-2.5804309095638005,-1.745859141762164,1.1207716275408797,-0.7821157153552292,-2.137015350014472
-2.5595400328249034,-1.7820363052914934,1.1300967951245724,-0.7291272380997298,-2.123776765740626
-2.5432106062182367,-1.806865424785138,1.1130511761544841,-0.6941052456574599,-2.1220562292077916
-2.512974073494397,-1.8253548053198063,1.1079941061325522,-0.6495072072541456,-2.0960614824617636
-2.508066399176666,-1.8332294400288194,1.1106373510188754,-0.6395222390826139,-2.1155209088317513
-2.5251254459128574,-1.8145028261123846,1.1140696921216025,-0.6112289541692421,-2.1183824818017563
-2.4979840957382016,-1.8440561476463586,1.1174242704937682,-0.5581942625051493,-2.1102368186017797
-2.5004568606881845,-1.8425599160459056,1.1277910313760666,-0.5258038450051362,-2.089882226857602
-2.4653239931613253,-1.8518138452831725,1.1380588795083566,-0.5019809045519785,-2.0821735962264665
-2.4524613471436725,-1.8678505604563072,1.1431180299477202,-0.4555330524731424,-2.0680444423200437
-2.4243230885919442,-1.8873871451902344,1.1555851125271288,-0.43598706119831193,-2.0745016625060693
-2.4272912502199357,-1.8747899659399834,1.132642881972614,-0.4099415526087888,-2.078879901445443
-2.455029680582179,-1.8907143799671893,1.114740820603342,-0.41270962611046735,-2.0549786889656416
-2.4481511424362803,-1.887956569364368,1.143013555338789,-0.41615019853630275,-2.084231053451827
-2.4625886606970173,-1.8649489181378138,1.13391525013103,-0.41953567593908103,-2.0676435992728317
-2.4835277982275317,-1.843628737781145,1.1447415887889278,-0.434826868894809,-2.086985841470197
-2.498615671012031,-1.8488790109570066,1.1488541238287828,-0.4321739140444997,-2.0889005606210143
-2.485930864187002,-1.8556019471635583,1.139713739648273,-0.4416958517313361,-2.0931941327929806
-2.495369934270126,-1.8563959608056537,1.141695512217684,-0.4218507657322033,-2.082903326607649
-2.497242846572959,-1.8374025713396702,1.1496613940767866,-0.4523559777767578,-2.0949107334092494
-2.5111387547037323,-1.8247767187235282,1.1503781316057886,-0.47887534303456025,-2.085301354231377
-2.4935441337756417,-1.8307230970283628,1.1599852872777299,-0.47331278357533296,-2.0663031860853684
-2.512843795434994,-1.8358203857800721,1.1539319173171971,-0.46817974310803673,-2.0881311257869934
-2.5051717252821617,-1.851033082255531,1.1672889119515781,-0.4890381307880982,-2.115922821144171
-2.5098200631426044,-1.8218477345098936,1.1639329240069707,-0.4999907015385126,-2.1096331467584735
-2.5146633272937366,-1.8257587096866519,1.1609748733629737,-0.5154071796051485,-2.099412873561368
-2.5264926517663207,-1.8412037717708443,1.166033331484901,-0.5213411621062256,-2.129211539762007
-2.534559888531147,-1.8196486396738014,1.1829012189334382,-0.5282438703102558,-2.133398228529168
-2.5314033855200715,-1.796091883534041,1.142815244455589,-0.5632614185227027,-2.133577128356899
-2.5391933788115177,-1.7944161967962369,1.158042542935075,-0.5849611982116942,-2.1407712551525453
-2.5688664842123905,-1.744183566702123,1.1599324594245637,-0.6789766113424405,-2.1360171839325277
-2.5864066745982823,-1.7149136393299358,1.1357672534090608,-0.7594976001595178,-2.156951078991773
-2.629809159729191,-1.6900840266204606,1.1259234864963297,-0.791192051300811,-2.1527522759936195
-2.6517914286543416,-1.6654138927718916,1.1130248227613608,-0.8545823881670963,-2.151579471304908
-2.650710436406392,-1.6764052074143538,1.0904365213281446,-0.9216984148035341,-2.155773225775108
-2.6823888023601627,-1.6758720647625234,1.106209417639077,-0.9493145834924984,-2.169372133483828
-2.6770754980553115,-1.6653558261469543,1.0858094543605605,-1.0023519449467981,-2.176824333571097
-2.691716018148297,-1.6617034292222312,1.1191395013558132,-1.023110210610398,-2.167950445042088
-2.703866143928325,-1.6204579234007923,1.111370626768526,-1.0967686603701292,-2.184977673117386
-2.747843989629657,-1.5236537190490633,1.098681683932292,-1.2786649856295413,-2.201272131679462
-2.789030737500966,-1.484206917779056,1.1009793962673473,-1.3793672511605815,-2.202845982056357
-2.8445683827827453,-1.4349517413022899,1.076407204549854,-1.512204071201098,-2.208195677540572
-2.8535190345447163,-1.5269028351214424,1.0662638842712682,-1.5084222668759775,-2.2046972987315696
-2.845629676384954,-1.521525648084274,1.062209915812838,-1.5609476750835478,-2.223861073397117
-2.827158978847416,-1.5805385709313815,1.0634290556053527,-1.530755145220879,-2.213326561230751
-2.828700018712181,-1.5509854966607326,1.0668829383311211,-1.5655953576239616,-2.2235709879048877
-2.856049713823691,-1.506946938830878,1.041746325579509,-1.662914463166216,-2.22333753135039
-2.846109966603133,-1.5590740938635974,1.0439490539147593,-1.6293613810780756,-2.220301820892996
-2.84447186352648,-1.5631775903064542,1.039235488775151,-1.648919373872643,-2.251761694542682
-2.834467599603678,-1.5383264269117023,1.0311550119915547,-1.689511490629919,-2.233445356288002
-2.8591662386907646,-1.4498763305293538,1.0197864040468112,-1.8328447305787496,-2.2388559519789544
-2.8943648646042024,-1.4328043274877906,1.0254472498010725,-1.9190933296189423,-2.238037902990037
-2.902807294068313,-1.426976016148171,1.0122118854164426,-1.9443590288566799,-2.2306305264760025
-2.8976409311881994,-1.4905819298890557,0.9946529844347606,-1.9114779572662939,-2.2283983791134325
-2.890071144188729,-1.5286960268602827,0.9866014165379318,-1.860677124968797,-2.2379746295524856
-2.89446032590331,-1.4271699413484624,0.9823904614807177,-1.9478354923372574,-2.223113686457286
-2.891515851330798,-1.428521595908693,0.9676342637841234,-1.983078382694535,-2.226486443327889
-2.872709316806835,-1.4565112145938066,0.9680200486715455,-1.9580290095162076,-2.246003467864586
-2.8704508545810588,-1.4227269155406557,0.9757942371251284,-1.9698238845120069,-2.221757193620604
-2.853023855993772,-1.4195195622125605,0.94544841008725,-2.018579651622202,-2.2086988842649777
-2.8521266246071004,-1.42076343029237,0.9613674248077253,-1.999584001452804,-2.2021021324300687
-2.8265874757339526,-1.4824758167715433,0.9527370915780986,-1.9530837838584167,-2.1837754492733565
-2.8390327233125623,-1.4440636518911347,0.9632260703420833,-1.9833753160837055,-2.1954504047624672
-2.8243416933575642,-1.4444878957713803,0.9529179269233504,-1.9801996163837554,-2.207394840416966
-2.8253530264097866,-1.4220470138864953,0.9516489229448784,-2.0103033172601354,-2.1975893553701034
-2.8563506211037852,-1.3613935873774252,0.9377422739442226,-2.1167163539987968,-2.1858110797928494
-2.864891050585629,-1.3933589873677306,0.9412067316754674,-2.08741934520358,-2.1836627411879017
-2.8764825161445513,-1.3722517036398034,0.9481242039072105,-2.1148067050351154,-2.211451572708986
-2.8792232827564432,-1.4163208142678667,0.948220428931762,-2.088357224110239,-2.1908838914665543
-2.860201425679195,-1.4526256785583593,0.9338539524462138,-2.055233873653492,-2.2074547945988927
-2.844375713008844,-1.4781714616536956,0.9295548798675828,-2.0252670128210566,-2.213714638241242
-2.8375740358155195,-1.5075759370631947,0.9466688424592167,-1.9629129772249545,-2.226857204204596
-2.8365953734209994,-1.4973888532803001,0.9581837044893425,-1.9137022138986488,-2.2057669046091766
-2.830534531983034,-1.4926982806461722,0.9318483834806575,-1.910312052516857,-2.2096941641681136
-2.8343494094394575,-1.4715593257496213,0.9468391054239733,-1.891795973518425,-2.202432981865924
-2.8258099270565853,-1.4342748109580283,0.9378096305797713,-1.9294924672098739,-2.192522470436832
-2.864670755543354,-1.3773816230784526,0.926888123279688,-1.998732483774325,-2.187169377307625
-2.8708916117167917,-1.4066486499024033,0.945409432200202,-2.0000052927982104,-2.206677930956026
-2.880302975145338,-1.4033013574247142,0.9551138921960246,-2.0011373010749987,-2.1916135333899667
-2.8932451251069793,-1.3645811452132348,0.9679736370475124,-2.0615010442472266,-2.2031237411938926
-2.887072427860806,-1.3959173707673795,0.9649794811928867,-2.056531788328937,-2.2126108250354632
-2.9144396129106105,-1.405055006991816,0.9423712485923801,-2.0696972727250786,-2.24903763154425
-2.915797581030177,-1.4290923976414969,0.9454250391684128,-2.0052377559477654,-2.245274569031607
-2.8856513363036753,-1.4225528809702737,0.9450835464047754,-1.9712901136525864,-2.2297040752299395
-2.8571053740860677,-1.4789882829553298,0.934423581507103,-1.9206889837363417,-2.2269659609990407
-2.8543188344257246,-1.4860265321919568,0.9467447326347069,-1.8863347347641333,-2.2089784928660694
-2.814402698758737,-1.4974701159104393,0.9453511152244761,-1.8130178574776685,-2.1842265424044216
-2.8053754313683585,-1.5029698037592267,0.9488620345453839,-1.805028503282132,-2.1775409807635384
-2.7770648713125614,-1.5062320993708496,0.939647054553409,-1.7714288846613369,-2.1681163516193394
-2.767306040880704,-1.5397927375951304,0.9564322443840582,-1.6728510572440491,-2.1750026506409625
-2.765177519883016,-1.5471968756181615,0.9600593530320095,-1.6264773150908525,-2.187522681829492
-2.71280180221608,-1.576008792626497,0.9760200683551669,-1.5323679217906028,-2.1577596955449816
-2.708518624835837,-1.633055355146632,0.9558113569548254,-1.4516896980915892,-2.1808001283643432
-2.7182850789089223,-1.576092666635386,0.969903205365203,-1.4631200013666656,-2.1735837720590476
-2.7108315099773126,-1.5841769568303214,0.9597372249681584,-1.4142617005545473,-2.172310903149726
-2.70178586019776,-1.636802388891316,0.9513777085668669,-1.3531241287841869,-2.183302870213054
-2.6872012444311606,-1.637603947918378,0.9613081215960841,-1.3061570970082057,-2.164337896959551
-2.6943133588586172,-1.6395962851546337,0.9803665716154538,-1.2874579187105473,-2.172929203097076
-2.7130527008338032,-1.5686636465014916,0.9783882250170665,-1.3617374796276835,-2.174474696509595
-2.708785225620889,-1.5885610168126938,1.0112586739126443,-1.347843855663639,-2.1707975344372117
-2.739190797142892,-1.5467633689735356,1.0095019653171942,-1.393702972914808,-2.1866957990001943
-2.7584100835200656,-1.5257486829384004,1.0208075702292203,-1.4194191396299767,-2.189814659525461
-2.759031386859598,-1.5636298287951234,1.017898703877134,-1.4176740716508642,-2.1910532061399377
-2.757164319027047,-1.5458294648177757,1.0143285688271702,-1.4478270222117628,-2.1999883967706837
-2.7787764531422527,-1.5052414201913566,1.0033539153506001,-1.5003032047818736,-2.1904336582648214
-2.7792036183007043,-1.5366479392790255,0.9996200080016541,-1.5023210465925414,-2.188351010342483
-2.784580882039793,-1.5442404155366534,1.0074613371565557,-1.5006054975521936,-2.1721970762727154
-2.7835576864627227,-1.5952849508617832,1.0186136289650018,-1.4561222917535581,-2.2003609793919967
-2.779359038185076,-1.6091418229012497,1.0309586936656927,-1.4242778537863732,-2.210304345516158
-2.743744932324997,-1.6619313657968873,1.025415564926565,-1.3291020526492705,-2.193397100891705
-2.6919938566429056,-1.6862775596470831,1.0296872847510274,-1.254250619449844,-2.1840383403387063
-2.683859952411468,-1.7078508182685694,1.0404694235158816,-1.194864807694895,-2.158949980623181
-2.6594167460243723,-1.7225862691967067,1.0366532489908853,-1.1520301397981898,-2.159192793429343
-2.6502996882546364,-1.7006486857404903,1.0532063540317866,-1.137035552180077,-2.1536204435418558
-2.6359720577729604,-1.656885330552435,1.0522136761189829,-1.16546165461139,-2.159205121249842
-2.643715064187292,-1.6769262838482335,1.0423304234913955,-1.1241439283000167,-2.1496435446446127
-2.629171301935397,-1.7029826931539778,1.048727720255694,-1.0596459391492004,-2.1457803180257597
-2.5945911301526645,-1.7486763474741769,1.045420881582728,-0.972021931780904,-2.1410961170812377
-2.5977063500142923,-1.751811116366494,1.071750502554986,-0.9249775750545093,-2.1359985434333857
-2.6201889377680927,-1.7011443658644307,1.0528041425908685,-0.9519042377980694,-2.1716375344405288
-2.6243646141446106,-1.7158523014803087,1.0495556759697422,-0.9095613651585666,-2.1705380956657905
-2.609224062594449,-1.7424212133925574,1.0386029110106032,-0.8331377915700299,-2.142211139838948
-2.5824880093974376,-1.7511767494572494,1.0428789869567523,-0.7983983663347077,-2.148543880179404
-2.568548679232497,-1.773355340689064,1.0390964578643596,-0.7632382228328517,-2.1245211443738063
-2.550643991699918,-1.7822104141833577,1.0507059786254092,-0.7622836280675334,-2.1265296537207963
-2.5390881404250942,-1.7773015475510145,1.0502652580320049,-0.7133262463464365,-2.115208166019025
-2.553063583832066,-1.7432944859523847,1.0675700484659534,-0.7547169224860081,-2.1215421125143092
-2.557680737749934,-1.7503351118024641,1.0826528120234626,-0.7787456335033316,-2.1279982629023815
-2.5681861015628664,-1.7382619380928963,1.0868858925654656,-0.7892202447802456,-2.1210768218680327
-2.6125276689638737,-1.7048267934335186,1.1003338863318397,-0.8664966755407993,-2.1199411712372758
-2.592334342692107,-1.7373612480099119,1.1151050908111346,-0.8705599564594827,-2.1250614215913157
-2.613184739210609,-1.7343660752484484,1.1012203087118555,-0.8753412126444561,-2.1158418220804704
-2.603598601126097,-1.721256566835063,1.0943375018550046,-0.9333185288962073,-2.115792456554998
-2.5982918006742466,-1.761387460212093,1.1107161614641496,-0.8558071289280919,-2.1265766639256487
-2.580893047746232,-1.787176394776833,1.1013304652445297,-0.8105620912464226,-2.1243257456377336
-2.5675191622740687,-1.814786961911835,1.0997619115236033,-0.754525703457783,-2.121706704299525
-2.525254996880952,-1.8509065395300506,1.100770180145479,-0.6952948725856503,-2.121541486081323
-2.5185026632925953,-1.8370138689359694,1.115626638716159,-0.6170997025842219,-2.1065452039890977
-2.5040495702727164,-1.8623973158394014,1.123636733348512,-0.5553695057675577,-2.108411600175182
-2.496576091108426,-1.8649572399836096,1.1177409776330547,-0.5329793650309318,-2.0878337935685374
-2.4888111722453505,-1.8670439110579435,1.1117115188674267,-0.5299380792977634,-2.1008829535020666
-2.4982002013555773,-1.816858233066311,1.1186011113527488,-0.5613494547407382,-2.081677920709405
-2.5266631006861893,-1.7845168865334413,1.1241710298357426,-0.6303523935632651,-2.0944186398757565
-2.527412302559192,-1.8079948427547556,1.133866637868672,-0.5855529161433919,-2.0967390045565373
-2.5104671598959056,-1.8233355597752838,1.1499350086110929,-0.5434416837939908,-2.1027321411425044
-2.5284714713143965,-1.8254264433397849,1.128158910535314,-0.5433792083614386,-2.1033741275326454
-2.516958050449615,-1.8534239598566087,1.1215158633115399,-0.5219737297917971,-2.1082643350213304
-2.496876656533211,-1.8634624528611088,1.1429911898220437,-0.5052696873119327,-2.120450387003138
-2.4897082607367143,-1.8841270472253089,1.1339396888112807,-0.4703021958408749,-2.0983626027732893
-2.499847127004844,-1.8591634268946897,1.1234094022103702,-0.4916470994504053,-2.0850257118035875
-2.501799139451642,-1.8530609735788026,1.1448839058731357,-0.501887874023096,-2.09446967149108
-2.4964194631961445,-1.8567459215221638,1.1141508254285866,-0.4864176768125421,-2.101683832947807
-2.4839826413180597,-1.8870065921452526,1.098930550924547,-0.4714861529121916,-2.0989294510357586
-2.4785067728164316,-1.878579528441968,1.0957762483863747,-0.4190516672038472,-2.087563129689353
-2.4900409171389515,-1.8801678521053864,1.116869878186533,-0.4111057391110449,-2.1063972514406593
-2.5003804626012034,-1.8635989940650293,1.1197153044660628,-0.4161670057710389,-2.1198490558890684
-2.5064168526076633,-1.8518133467397813,1.1323034212245462,-0.4296162889682725,-2.109089549155661
-2.5253882210851097,-1.8633597467994125,1.155322666222616,-0.4188642307027449,-2.103904931673436
-2.528684439794937,-1.861038353821271,1.1598765280943368,-0.4263950029160123,-2.1138324817525804
-2.5120043531435017,-1.871905840487271,1.1553178496784886,-0.4402628027606583,-2.1131221556642776
-2.5290600069075895,-1.8600632970463398,1.146867619730937,-0.47564348409125873,-2.114372876328257
-2.5294430120174054,-1.8658804457453004,1.149179037007212,-0.466992886519339,-2.0964345924361774
-2.5225866754145096,-1.8504868673640684,1.1831761118115733,-0.47229973826745336,-2.1087367806565513
-2.5173257763438803,-1.8562107334716913,1.1589477083128865,-0.505792755851491,-2.1007689721125833
-2.5308525648079607,-1.8008016958579287,1.1516914217454346,-0.5717268507283835,-2.0975211596045047
-2.5299445931806877,-1.8195358260735301,1.1410702496976575,-0.5803559071480945,-2.0879022909498164
-2.5441115648922077,-1.819713000671093,1.151482050954357,-0.5977810951153704,-2.1043935593973417
-2.575660670895133,-1.7706431146378085,1.1316258349698665,-0.6787082429124174,-2.1042918815818847
-2.580871581700191,-1.7308197616871244,1.1310372879751,-0.737672129697098,-2.10163427492539
-2.5979273649152717,-1.7459928835901561,1.1284580080840092,-0.7303826550576688,-2.106721937975108
-2.6040165293150404,-1.7371227959318332,1.103519284378803,-0.7816444436213064,-2.0955828141691435
-2.616876920977787,-1.7135482529539547,1.1056245662760302,-0.8308228178161547,-2.1083832284177717
-2.689241155484541,-1.5918194378277086,1.1108857543155741,-1.004857782614594,-2.1461167515410144
-2.7244508354574335,-1.5689469168072099,1.094488217110921,-1.113980740368983,-2.1575304761313543
-2.7924062600344888,-1.5084518580058903,1.1136286858547644,-1.275946591760613,-2.186636730498471
-2.8120161849272938,-1.5198773179759757,1.1015565972471126,-1.3333452419424883,-2.227098061511543
-2.8379996502898828,-1.4980337768658327,1.1037807793976007,-1.4204421989682627,-2.23495960569184
-2.8304250393359736,-1.5576544596142683,1.0996670894037837,-1.4197693455312776,-2.2320414022027193
-2.799822661074154,-1.6014111018514994,1.0762871841658714,-1.4266351321553261,-2.2171246988925746
-2.847401606239329,-1.4659075978016256,1.0862070727746307,-1.6183761032628616,-2.219222125841724
-2.865605817465156,-1.407590592088458,1.0764179084933403,-1.7463741042471261,-2.2357122246129055
-2.8841347389677887,-1.44556502054013,1.0434460702132509,-1.7822598210896639,-2.2376328852797522
-2.913431812084363,-1.4137995381435946,1.0484831535392685,-1.900597903337295,-2.2218831924410742
-2.96604843801214,-1.2928157739270014,1.009644083556386,-2.0860481711600247,-2.231478445121988
-2.987471878633111,-1.3100309350371582,0.9812483882508304,-2.1732928891175645,-2.2445494267910258
-2.9979059154372814,-1.2893576856297821,0.9883670513566858,-2.2324144993971387,-2.25030025020336
-2.9790443187373397,-1.3674527508205852,0.9636279573591223,-2.1663854167946823,-2.2526599117674753
-2.9784343472566257,-1.3396742679429643,0.9681030621409187,-2.2086121770106226,-2.2452531603784323
-3.003213347407419,-1.301317302973905,0.9370486428221605,-2.294994733096151,-2.2390637276116268
-3.0096711284475473,-1.2762675842351983,0.9272887938559353,-2.3873578003384583,-2.226437713390248
-3.0145076616251054,-1.2777188266105526,0.9155489179083459,-2.442270582103566,-2.2250248063164726
-3.0581237040016176,-1.190157859599959,0.9015400056362426,-2.5863467959472817,-2.219013301438064
-3.0743048776758153,-1.1428340134631663,0.874917662802958,-2.6934843670057798,-2.2005289799977668
-3.0862434447792673,-1.119066604670621,0.8844730910029135,-2.771722457805288,-2.199876634778036
-3.0972389274640877,-1.1550995689847423,0.8627423328743635,-2.8319452790168618,-2.1951904370684163
-3.0767058108963456,-1.1704135825931028,0.8482907996832595,-2.834830676111995,-2.18619192766603
-3.0631745194622932,-1.1865470978305377,0.8596107235969871,-2.8295282018841554,-2.2025622111195253
-3.024127010376771,-1.2693350926690912,0.856784646276448,-2.7333363355372087,-2.1985480574449876
-2.9986404420880177,-1.2474591496070204,0.8145006944982822,-2.7413188765880987,-2.2006558585451
-3.0164115350248726,-1.177793678193937,0.7931578731341766,-2.7934850552925727,-2.174685114774597
-3.0193860477487724,-1.1980298294723435,0.8076394838549821,-2.782554028871625,-2.176310928959325
-2.996000875710495,-1.2471359964737945,0.8028423653761646,-2.702130803821614,-2.181421929953398
-2.971920318677795,-1.2709616652274047,0.8006853794448008,-2.6472087199353673,-2.1912617448129543
-2.986473043028101,-1.2472770217715823,0.8007454291910732,-2.639524004812586,-2.2001345388638254
-2.9890354210262267,-1.200575193626086,0.7849575813665535,-2.68545504434764,-2.1886596126837654
-2.9857738652397288,-1.2264114975383733,0.7933628775253012,-2.649500290625562,-2.1723397870089696
-3.025971781595217,-1.183720835916246,0.7953133686232235,-2.7244504427954053,-2.1547044397559705
-2.9814335764623876,-1.2778607901177261,0.8188986356750565,-2.5845927840182568,-2.1631008645835417
-2.9560727010822623,-1.3109281299070423,0.8090720344179579,-2.561186499091694,-2.1822032054008718
-2.940072200883629,-1.3152549177167074,0.7989296327898265,-2.556048524524756,-2.1830817929502206
-2.9457651402631853,-1.2471466663160438,0.7996546255413671,-2.59411134115327,-2.155010286325444
-2.949794222035672,-1.2592060079277487,0.7994785877030597,-2.5645779053289806,-2.152063830384638
-2.9177791922672065,-1.3800997443307235,0.7843979400303017,-2.401251488315829,-2.1545855621148453
-2.9139476143501164,-1.3263777536993786,0.8007132821004395,-2.4416089028425154,-2.152401179781783
-2.9241129231815735,-1.24857020802795,0.8165766702877104,-2.526633751583427,-2.1542794093540896
-2.968366932613002,-1.1746414452080145,0.8171784879102025,-2.6263219680801106,-2.1553138263934
-2.949340287004718,-1.203163861252629,0.8153495294911542,-2.6450678060705424,-2.1458860789101437
-2.9501948798510176,-1.2649299525034343,0.8201341606155258,-2.5903085515887225,-2.1499959264318043
-2.949856122173734,-1.2938085945450946,0.8198791905877555,-2.5636801436981482,-2.1456514397609383
-2.921156595421116,-1.3600150003999845,0.8421581354734491,-2.46759077237118,-2.155657617022389
-2.9257787127069514,-1.2825633634470557,0.8378291633814622,-2.527401283334431,-2.1565968425339515
-2.938027674386486,-1.251703879621789,0.8309051213490795,-2.572263842282902,-2.1613937441289037
-2.924154445997188,-1.3182603789535603,0.8210589930135579,-2.521955868482563,-2.1665639719428933
-2.8744841015444877,-1.43538350766841,0.8456073220176302,-2.3525063018329977,-2.1744657099341387
-2.8309942888294044,-1.4099485683555935,0.8395483064899598,-2.2805035597042522,-2.1506584457753246
-2.8306418702413794,-1.4323272380035874,0.8509118998647248,-2.1936521072631714,-2.16806406087539
-2.8379585111060517,-1.407111940720389,0.8619194112254401,-2.1801769785942695,-2.169884681628606
-2.8394942412741573,-1.3764993006808806,0.8590875491468332,-2.173115015378831,-2.1727737384044015
-2.8351717702359553,-1.4047613823492429,0.8708457895949185,-2.108849636108505,-2.1899249439561776
-2.8246011316448825,-1.4331085431913773,0.8814799950714767,-2.0290332726723666,-2.175401702607484
-2.8276600114027395,-1.3885761728292456,0.858415723477864,-2.051816433718735,-2.1725686784178744
-2.803711242136341,-1.4483445806720878,0.8615982119453249,-1.9750545203130507,-2.1819155126123113
-2.7547225198665517,-1.5509640604013986,0.868920990085104,-1.8031770728155412,-2.1757063498318594
-2.7183652813128227,-1.5709547414960185,0.8644130070810773,-1.7119614862824433,-2.175472999413639
-2.7236335408339105,-1.5543201414438468,0.8943370358339897,-1.6735387166167996,-2.1728913220289323
-2.719364907257881,-1.5016625892171864,0.9027871410911421,-1.676061100135415,-2.1524202009199067
-2.7489403029965374,-1.480059011409052,0.8970465513875263,-1.6950951052964123,-2.157693398284441
-2.7207361720737513,-1.5035995258768113,0.9196850442819436,-1.6736832650436813,-2.181403716935406
-2.733990877131308,-1.5453358912137334,0.9202850160465341,-1.5893323442178477,-2.1749765670296544
-2.6917446793092004,-1.603042432077274,0.919138938677073,-1.4966544872210963,-2.169979617476882
-2.6828833414352307,-1.6282985434375323,0.9203534804892695,-1.4163854640993634,-2.177258663847311
-2.649229908061065,-1.6775597809713185,0.9479117245176057,-1.2846928760871767,-2.1568056375256246
-2.613438463652445,-1.7276730867857562,0.9505289518332178,-1.1575163905655856,-2.1485579286966248
-2.6154763791082565,-1.6876832887288713,0.956573152799888,-1.143997226370698,-2.121114844885952
-2.6368451584836725,-1.6076619256365854,0.9633805914023479,-1.2107598203482202,-2.1361716813811804
-2.6793888038494433,-1.5749226062434367,0.9732750702719887,-1.2839633575108687,-2.140549485916691
-2.690371320317521,-1.6016455577856006,0.9802598756534462,-1.2758765944827692,-2.1547145844743856
-2.6971399707882346,-1.5999384529322578,1.0005228079777853,-1.2916968230511436,-2.149383325327133
-2.7025373169749853,-1.6407626057582019,1.0088588928164473,-1.2496992694938287,-2.1541828669758742
-2.6620050900303114,-1.6889489000912978,0.9950310246522931,-1.1949022906359463,-2.170832850278392
-2.612713835753305,-1.7262930004264452,0.9868190452515709,-1.0751630592506858,-2.153535281413549
-2.5946893577877077,-1.772411020172407,1.011127262746918,-0.9408668127733896,-2.1424317584229353
-2.562121430734551,-1.7981770430815833,1.0057829038441146,-0.833049267803234,-2.1339926314045883
-2.540785671222137,-1.817002473862881,1.0219562068223331,-0.7407355840148686,-2.1245979672645694
-2.517492904435611,-1.8249120888409442,1.0296160416145779,-0.7073414188607599,-2.119018005664825
-2.5125520507989316,-1.8365014280289873,1.0263310211077579,-0.6378744553143291,-2.1170536983507815
-2.510435503376229,-1.8577583826956658,1.02102704138376,-0.6095195606813387,-2.1379981335975793
-2.503089394278158,-1.8722348980154992,1.0347198825541364,-0.5878962604259924,-2.1195463868621154
-2.4890333837205896,-1.8469429713728285,1.0512745482009342,-0.5490744742523104,-2.1120063119892225
-2.4931681995559347,-1.8451688658234573,1.0590221012478367,-0.555341208816466,-2.103063122346838
-2.5081510261422015,-1.840473357018393,1.0646616415729564,-0.5770861483515638,-2.107284107133144
-2.518832846588641,-1.8130682899529023,1.0706724979452436,-0.5897453040973097,-2.11703618431466
-2.503893301242801,-1.8560522804049582,1.0659340965247117,-0.5188441168386231,-2.1160179041563443
-2.4738454662302796,-1.888157946634962,1.0752211010569215,-0.46645880570753806,-2.1055009228200063
-2.48605888326513,-1.8742559647023564,1.102581638393426,-0.46641490686204673,-2.09967747660742
-2.4585642063875857,-1.8836621193407086,1.0958389882053883,-0.45438831490019255,-2.071111721108471
-2.4565433231714997,-1.8754531960363154,1.0846278597915988,-0.43035231984937156,-2.0732375501009903
-2.4309528286386564,-1.8968463314433877,1.0806071165833375,-0.40749316559771537,-2.052898887576001
-2.449763854315572,-1.856254648168873,1.1084491999038153,-0.4153483885135449,-2.0550847571269646
-2.473212865852223,-1.8616414827135985,1.1269618054823838,-0.41535603407566435,-2.082066853091867
-2.48594113992959,-1.8451795209069377,1.1384558753480962,-0.43706577579057726,-2.1064610217047774
-2.4681323689764154,-1.8569256491927386,1.1259069782420628,-0.4137964843971427,-2.0901448263955404
-2.460198112684286,-1.9062028782909475,1.12019199030078,-0.38325531882628744,-2.094498638954636
-2.4696767223781824,-1.8895662811613931,1.1280750103903594,-0.40377632743810027,-2.0881735379123425
-2.4726833042958813,-1.9215466298721677,1.142341656209318,-0.38748095659935233,-2.094303180728711
-2.4757514941472265,-1.9230897036879306,1.1406094520958148,-0.36837717640385936,-2.080301765264105
-2.5008830827517823,-1.8884931063892125,1.1410497162571267,-0.4299885462433752,-2.077451934361787
-2.488658824960875,-1.8637980494883326,1.1508788331992823,-0.41686625788346676,-2.0804753614570926
-2.4882390196081676,-1.8870157973676633,1.1464910116815996,-0.3862683744125504,-2.0788308552338606
-2.4741606552731437,-1.8920364696105594,1.1387436702055391,-0.3869466567787006,-2.060971072397876
-2.4920552995055925,-1.9289190033463461,1.1473273412031164,-0.3617812513758537,-2.0694997527289765
-2.4648806627396382,-1.8917177625045494,1.153050159554253,-0.35303412103720244,-2.0866671733005577
-2.497734059169283,-1.8378888837245215,1.1571013201890463,-0.4240624851025419,-2.0913933763144636
-2.5159952028339685,-1.82387301960865,1.1596933999041095,-0.46289218788533626,-2.1068163166278104
-2.5262544519888084,-1.8414177405368901,1.146626441904533,-0.46569801904959446,-2.113403693597408
-2.531292658883137,-1.8254225911291422,1.1663858429684884,-0.5076021549365646,-2.1222752994157914
-2.561455236781709,-1.7991295124062756,1.1705743668731936,-0.5685871577654509,-2.1232072453518622
-2.5586898478416478,-1.803094167607249,1.158885144173543,-0.5884104733060178,-2.140487524575547
-2.598847857527907,-1.7753683601914554,1.1368124001720892,-0.6837625408200606,-2.1349728789433504
-2.5931995858785326,-1.772292368074476,1.1323178525111557,-0.6919318724614717,-2.131045388504514
-2.5808209785492813,-1.798387304818023,1.1381017349432465,-0.6712119187697968,-2.135772254933279
-2.6084227237379185,-1.734583677742253,1.133591637168916,-0.7497313948587419,-2.131306271651982
-2.6062785431459488,-1.7490587098099217,1.1353904859089092,-0.7551986115027355,-2.1295128283806086
-2.630950979775451,-1.7017353925973484,1.1509802138874976,-0.8544788790280649,-2.152209906409104
-2.6665935776710334,-1.639233148362686,1.1543415317368462,-0.9939226574610326,-2.166086424029179
-2.666337001965496,-1.6626908308005697,1.15045273369211,-1.032173500588699,-2.187235553099887
-2.720448873904856,-1.6075262005419384,1.143594124721132,-1.1466195372111077,-2.2025243855606957
-2.754257759224752,-1.5598511003479998,1.1557904853795258,-1.275589583018717,-2.2126751145788583
-2.795837939153543,-1.5228821610153074,1.1352269894211588,-1.407779745053749,-2.2201391594894444
-2.822894806407889,-1.4912909511447467,1.1090188287834086,-1.5318754628352007,-2.231991519395603
-2.8499154457721887,-1.4606377386636187,1.0964118645648169,-1.6420725552049273,-2.2342639658115107
-2.868529303447678,-1.4497129608613535,1.0866051077848071,-1.7324378049522384,-2.244424104248956
-2.9462161735888706,-1.3329785378664882,1.0594540446038079,-1.938305107694747,-2.235031392414386
-2.984862422247544,-1.2960680711444597,1.0375569766651789,-2.0794627293620422,-2.239932094406727
-3.0097663659617404,-1.2705337625408344,1.0253001419957282,-2.173794338187783,-2.237762287635453
-2.9883749430960544,-1.3245720532658816,1.0025259589239122,-2.2098799366566313,-2.224334418995911
-2.983372010067914,-1.3607734932195892,0.9838178443817152,-2.220471348248155,-2.22056361626188
-2.984061565289549,-1.3234806685151952,0.9808326718175528,-2.2684703602788656,-2.2246360252785644
-3.0356083187779492,-1.194013214443907,0.9679606025966557,-2.485848560155821,-2.2175895743958374
-3.0438283767630168,-1.2696336257228067,0.948290956961683,-2.4672556932292524,-2.2364891938425244
-3.04452341911623,-1.2259485637810932,0.9110002566069672,-2.5537769578947134,-2.2431652914981624
-3.0430177177340685,-1.2148676003432413,0.8759180793866671,-2.591601602353617,-2.217808106497861
-3.0392447335444173,-1.218804891784599,0.8828826818938194,-2.5923704143043986,-2.2334110087797105
-3.0440143766163414,-1.2035434178742346,0.8609363465777307,-2.6656214308827164,-2.216062725430608
-3.044766145702127,-1.2212093578464742,0.8571094821099196,-2.6589155563135263,-2.218793223631589
-3.0422202846744932,-1.221351919879501,0.8462271121901784,-2.6842208213222936,-2.2067708935078962
-2.994888191002498,-1.2915778052246214,0.8418992725023583,-2.5813793657979462,-2.190544726471353
-2.9766592250900246,-1.3054719850912702,0.8260893501214268,-2.5464587977401627,-2.1937013813757438
-2.952617715793124,-1.315227168235044,0.8428299800648056,-2.503017238078875,-2.210563305753198
-2.929498459656627,-1.3370222222429435,0.842581961277893,-2.47408288946964,-2.195455111982204
-2.921767636675063,-1.3741110199352948,0.8448260368666252,-2.3897519998897514,-2.2207664129818157
-2.9336793020488456,-1.3254880022195406,0.8362246878559342,-2.3830697021440654,-2.20510188091753
-2.9572019245980523,-1.2300191157910545,0.8423450626054463,-2.512593509403986,-2.186310945521016
-2.9527289372409635,-1.3080862059246137,0.8552124017464231,-2.4678542895736957,-2.1779359474243756
-2.9566122260279033,-1.2950915970202117,0.8469107585847758,-2.4789771780553833,-2.1903104905300084
-2.9499022706307394,-1.3124177052045785,0.8604615709618794,-2.455555151269161,-2.184218645727748
-2.9562705694352602,-1.3157551203179534,0.8671613202580332,-2.4669534525727013,-2.199269810856079
-2.961493513905608,-1.299034148496826,0.8485070489531029,-2.457704259830964,-2.194179905052569
-2.981886290858659,-1.2417348084975293,0.8360410192639037,-2.549926244734058,-2.21148903302011
-2.9623122229929053,-1.268312310179662,0.8390829736297203,-2.5513026541067205,-2.170462839004823
-2.9524251082900204,-1.2879369223778494,0.8336159655850404,-2.5323058955529723,-2.174748518169942
-2.9406831375606277,-1.3282031212767536,0.8470034056185741,-2.4710218009694707,-2.1718769031346596
-2.97800533141631,-1.2549372310206406,0.8299154268137308,-2.526498376533777,-2.178464088254289
-2.9849679038071755,-1.2235969775030204,0.8283654107897123,-2.590139758857334,-2.135462371523124
-3.0059711686219033,-1.2020855407704536,0.8202047402606859,-2.650788967199792,-2.1558018758336286
-2.9970973694928515,-1.2820653810283473,0.8483987271352601,-2.5660967326522384,-2.18017755343607
-2.996897514160533,-1.3082596850930823,0.8254638586389585,-2.531798492496967,-2.1659039019328623
-2.9571367860065743,-1.3580416933954897,0.8155481571654642,-2.4398699096731966,-2.176132176932343
-2.9636157548588025,-1.2846726998878149,0.8227939504244616,-2.4655038767545427,-2.1582363415800345
-2.9651980434453065,-1.266710763018459,0.8393375943845256,-2.482907575675219,-2.163570389115366
-2.97040250686936,-1.2242934934520253,0.8356116613334593,-2.5576061205522085,-2.1660659287789663
-2.9351649755549465,-1.3037129009682449,0.8193279409931972,-2.4307578440823843,-2.1667557572388847
-2.878508972108569,-1.371434403562709,0.83900201471796,-2.3357849197446714,-2.1612665334719887
-2.8407860796823403,-1.4450770316063701,0.8304372421913944,-2.157228260917057,-2.1901520723996386
-2.7965108882474325,-1.5001159389920622,0.8527410881794177,-2.0113902207952723,-2.1867921768602256
-2.776928921961679,-1.4997719860277505,0.8517740627349208,-1.9199529376000264,-2.182938256018329
-2.7279725001621844,-1.5243805597809323,0.8451378447114439,-1.7831699931835565,-2.156213300001936
-2.7058649337118545,-1.5663841583403344,0.8517241151731648,-1.7060771857716435,-2.1743445121979823
-2.709595674190378,-1.5058217639983518,0.878178486055049,-1.694419688489643,-2.151174808597378
-2.724699475538426,-1.4826427926724288,0.89297702760752,-1.7148131361957788,-2.1387555031295227
-2.7273612552981175,-1.4793902736770652,0.9214824804271123,-1.702932669590653,-2.156040175925916
-2.7134545813240916,-1.5578822342537135,0.9462108690918158,-1.6181761970459094,-2.152845170368676
-2.727680178327947,-1.5145093105168128,0.9494223930766632,-1.6287450165820507,-2.153627497364839
-2.7143071190517483,-1.5290278753022406,0.9615781831377066,-1.5849487044336845,-2.1689253249812306
-2.7300697174814617,-1.5419456999589685,0.9768272022430726,-1.529404244566387,-2.1491860434010124
-2.726337191527621,-1.5765454347835965,0.9735778150428485,-1.4635601977172283,-2.1729359235299337
-2.7066539223086457,-1.6196087399585521,1.0027850216752432,-1.3991779452557445,-2.155965342291177
-2.685957936472261,-1.630403979468494,1.0056239394534507,-1.3336009853779487,-2.160618454912306
-2.6658840780191384,-1.6383637570972962,1.0079809873937096,-1.2492132607939623,-2.16199239282515
-2.621372883595836,-1.728224549140441,1.0041553656331255,-1.1429213241135265,-2.1669729750595708
-2.6171634193483766,-1.6891112760846596,1.0104794634222414,-1.0940440494459933,-2.1444126314875542
-2.620872024681895,-1.6927275004555984,0.9950731064697107,-1.0413102602468802,-2.1492038775575715
-2.609824796351546,-1.6641202295935345,1.0218571975817192,-1.0388499849701174,-2.1529632798699097
-2.636547371237106,-1.6429667140333823,1.050510953872747,-1.0583947449623579,-2.1270157142214012
-2.625293063122393,-1.6528772340164806,1.0419040362786327,-1.0350147589506242,-2.1444025014644916
-2.615861659456226,-1.6836274803006317,1.0412673215262487,-0.9830090382098673,-2.146932807752782
-2.5906324284204416,-1.7314481208552663,1.0415763207866504,-0.8986204561119234,-2.1318082467183044
-2.57477122495642,-1.76653275680954,1.037421460480231,-0.8123706909679528,-2.1366625602410294
-2.5620528475942304,-1.7511568898475782,1.0451123882866173,-0.7841918801208341,-2.127560883564284
-2.5701577033082743,-1.7512140147973507,1.0472594337477066,-0.7883860206232016,-2.115029984841212
-2.543733538775398,-1.7663614983619491,1.0564219810675828,-0.7454650510714705,-2.1207020209023493
-2.5572701877255426,-1.784994080011561,1.06146855403712,-0.7149459894684762,-2.1099560055004654
-2.5735332158044284,-1.7262051512572254,1.0688859860941415,-0.7843277717527986,-2.1433449812753627
-2.589360852727667,-1.7505591518249008,1.080460481881548,-0.7508702703416518,-2.170548411887354
-2.5938784438918403,-1.7711674550859575,1.074220076872558,-0.7297991986459433,-2.1555622999347395
-2.5611120481618674,-1.8105106982623502,1.087110667670822,-0.6780881398983212,-2.137288294461042
-2.56120255970994,-1.8024295796847898,1.0899719719377985,-0.6885467832132393,-2.137377533340449
-2.558966537119487,-1.784756734854788,1.0714809955829612,-0.7152420608165497,-2.119751487769531
-2.552231281940958,-1.8160462741526378,1.0877180236963115,-0.6563261667897683,-2.0995572056906924
-2.522601568991089,-1.8309194523522294,1.089305875322107,-0.6141641043223686,-2.099906196255469
-2.507122237983282,-1.8320279900585192,1.103817752814324,-0.5984023166772631,-2.101596565849896
-2.5088390408212424,-1.860181823005185,1.0995987163675158,-0.571017762888019,-2.1022975133654667
-2.5122192730478385,-1.8689291482539525,1.1015592524876292,-0.5589130063961626,-2.085062593682367
-2.5111560876047356,-1.834764495268806,1.1178510678837112,-0.5180104527015194,-2.0842103607279654
-2.521621146676839,-1.817794452752808,1.130502650644564,-0.5122131914394874,-2.101453796161731
-2.51872281935285,-1.844216054351111,1.1350530812363648,-0.49443038785273397,-2.085848787745517
-2.5035003446199133,-1.8368882549836134,1.143310674242564,-0.49247566757838,-2.0766766538827266
-2.4866398052644705,-1.837350338345639,1.156123459561344,-0.47679253855937564,-2.072156432208359
-2.510283679276269,-1.831296497749767,1.151756546885335,-0.4310533346832294,-2.087362746747609
-2.4877778511014976,-1.8494067052615677,1.1498748529865936,-0.4319755771785112,-2.0829216582482792
-2.4996464472927604,-1.8378034025424064,1.151788080111645,-0.40833726549909855,-2.0689025439347724
-2.4832183074549543,-1.8612223074746999,1.1492137168858645,-0.40520042958429364,-2.062886231291616
-2.464205539222314,-1.8638457788704748,1.1689275277965272,-0.41372728178210816,-2.0834596037883264
-2.4696640824287344,-1.8678135446763915,1.1193620187919773,-0.40479432791834935,-2.076591378028823
-2.478344727412277,-1.8594427573366477,1.1479102148955762,-0.4109044323415056,-2.081054072518215
-2.469309346336536,-1.8945808689088905,1.1345397943481779,-0.3879750513865945,-2.0661361167601724
-2.4686810139392525,-1.8958912653782936,1.1433252033822006,-0.3383143794395844,-2.058109497517472
-2.4884419274276506,-1.8531974227305115,1.136725522586085,-0.3767736747835735,-2.0826749761351127
-2.5046109836494344,-1.836900882004052,1.1418185792749285,-0.36587159714422546,-2.082304801392287
-2.479740897601666,-1.8689546220618143,1.1248503478154341,-0.3484998296848205,-2.080810374097993
-2.4963226299958867,-1.8661790802209506,1.1520246743289837,-0.37036336143834464,-2.0846109446485297
-2.493460470217626,-1.8484695341960207,1.159000252366563,-0.3492127717526459,-2.0783106945831142
-2.5066819061415857,-1.8504111425211736,1.1436297472814259,-0.38221087516745306,-2.097692384630919
-2.518717130951816,-1.832799648447499,1.1360218833216684,-0.39839256548612456,-2.089860865576046
-2.5002591175890574,-1.8212082354806087,1.1303412553214063,-0.41580660344400266,-2.0885173535217714
-2.4937580339767647,-1.8525343775879675,1.1478054364368615,-0.38937375758862375,-2.081100779264386
-2.504788900874255,-1.832779066313195,1.1566097532893431,-0.45797556296751907,-2.0887150885494883
-2.541730830728745,-1.7567650347591488,1.15736651684129,-0.5559164583905581,-2.1061748558819735
-2.5630755366469304,-1.77143221939577,1.16038949305539,-0.5535719766414469,-2.1116481276199104
-2.574503307569319,-1.7516752722358648,1.1469390874950294,-0.6058136553780138,-2.122568656078677
-2.600185196361292,-1.7356934787783125,1.1381827079981848,-0.6836463301552664,-2.1325217220171337
-2.5932988369292667,-1.7815818295586183,1.136373674914911,-0.7258301182798675,-2.15394249009796
-2.5914878436560627,-1.7746661353419049,1.1076526500508481,-0.7543101422834965,-2.1559352442628925
-2.607988950224531,-1.729000162340297,1.1338883698335744,-0.8254043204624432,-2.166736534756689
-2.6385241532168675,-1.7196462987395975,1.1243383323981722,-0.8773956652551513,-2.1623664420318107
-2.651233055158939,-1.7164986148799777,1.1046585256174073,-0.9137244861214835,-2.1530103172232082
-2.6612680101075896,-1.7001610053466878,1.117919677221007,-0.9874397723158181,-2.15561302786064
-2.690158210991924,-1.670916198127914,1.1107751413005837,-1.0930163828324673,-2.17844145973343
-2.7396838719606027,-1.5873578025763,1.1210803257125088,-1.1934363550020002,-2.1887572565456113
-2.780502501069466,-1.5762664633220003,1.1148207254471216,-1.3262221671681556,-2.220053465730365
-2.776755172890904,-1.637267361293251,1.0874349182727725,-1.3006048746132937,-2.205567751756745
-2.760963250695521,-1.620933742469567,1.0679030373765204,-1.3221634316201254,-2.2049067336594934
-2.782864853317878,-1.5921328728480524,1.038267802807406,-1.387012971841614,-2.177960796810964
-2.751517126977871,-1.6258335191582485,1.049407903873533,-1.3525748597556946,-2.2069938112089513
-2.767215280175197,-1.6248341434313605,1.05570014495685,-1.3381554313527626,-2.204586574689117
-2.7571637783853493,-1.6142392233707066,1.06446159802328,-1.3502569662750417,-2.203717507973403
-2.7488404810735565,-1.5999195111098217,1.0655352627022192,-1.3603971852841181,-2.2103061066100675
-2.7949154584860874,-1.5294450855735058,1.0503680153048842,-1.474066949048359,-2.206891641524632
-2.878025331381638,-1.3786104134368704,1.057350282636087,-1.6952846033047568,-2.221517479789222
-2.9175084414691663,-1.3767825387920392,1.0419567244206986,-1.8215691078591127,-2.2172306172994185
-2.9096803904588606,-1.4327213827355736,1.0221571992387684,-1.8442167267096437,-2.202445115231069
-2.9014361620631135,-1.4896202155415352,1.0069855890347743,-1.7934219237898321,-2.208312479188899
-2.9050493682993306,-1.4381896128731635,1.006521956085793,-1.8673425680851292,-2.2073097772934656
-2.9345003784564896,-1.394796767790286,0.9991971231020973,-1.9831610462387321,-2.210360456796227
-2.9057168366825903,-1.4865483771388655,0.99317473804226,-1.933676487216477,-2.214507424452704
-2.910702512834058,-1.5124323312781338,1.002520575528382,-1.9148893715821063,-2.225084376081901
-2.8937987456908143,-1.46159069254447,0.9830854492628766,-1.972614307011211,-2.215338135314088
-2.917618156404887,-1.3592388133194933,0.9813724071743423,-2.111213254642701,-2.2249576024707323
-2.9336123373977414,-1.3206391072934713,0.9832443610676856,-2.1754672645463007,-2.211455386694995
-2.927523392012826,-1.3438046060409679,0.9677791126840963,-2.179612318620423,-2.208486203471372
-2.9454994287571976,-1.3035863947593103,0.9763388916545386,-2.2305901136369704,-2.2164596377979326
-2.9897638982791,-1.2356738276096293,0.9506160452128974,-2.3706278988377014,-2.210221886497449
-2.9798913172226467,-1.2683252924802806,0.9323388149991658,-2.3688274444896757,-2.2110366332384723
-2.964448380267073,-1.3550382315233511,0.9275935528497562,-2.322880770863319,-2.217676266613511
-2.9342375335545983,-1.421983933127165,0.9249014536947058,-2.2400660749541483,-2.2218105955408554
-2.9178296601611393,-1.4208602982308511,0.9179579237491187,-2.194429670308225,-2.2157323526653694
-2.896947348577123,-1.440541667052989,0.9191521296847313,-2.154259912230594,-2.197642817424899
-2.866492352658168,-1.4545770798345858,0.9363962005288007,-2.091465526200739,-2.194234093079996
-2.8354784288835213,-1.4757686060107127,0.929980751089185,-1.995271478588095,-2.1942859195796123
-2.8357352865805283,-1.4199285845249348,0.9276661064755835,-2.0208129244423625,-2.1743387128867697
-2.8440229453566155,-1.3854080227414212,0.9426613600188667,-2.0490389093187953,-2.176907254283963
-2.847526970128551,-1.4133107011947095,0.9290121264420529,-2.04426506785399,-2.1820663719970934
-2.8758900077003013,-1.3276297430440176,0.9074079899656973,-2.1216449447283163,-2.172031780426047
-2.8396092407898856,-1.4146650624812878,0.9179362302266415,-2.0444125935175452,-2.1842096051029554
-2.848319738092189,-1.3987601688393025,0.9122146969081035,-2.044091653107182,-2.1910440743495982
-2.9215094435659994,-1.2720344085791682,0.920317046833906,-2.199098145063503,-2.18487502663275
-2.924622264848969,-1.2721848289312057,0.9175152506575451,-2.2494661496119135,-2.1889096398808037
-2.9339292609385152,-1.2953462340033357,0.9016314722613974,-2.2631328213529525,-2.205690058335074
-2.9625181207551554,-1.2768418027901343,0.909667851775926,-2.3567709105164654,-2.1940875333841547
-2.9660495869919075,-1.2943688204826889,0.8876680134953792,-2.340771744882811,-2.1985226740785118
-2.9412421641377557,-1.3427015174626782,0.8856155273751075,-2.328555488459879,-2.186260489630533
-2.917546819947078,-1.4006377051813539,0.8974622444848439,-2.2619904447177697,-2.194844640498127
-2.928216181468972,-1.337875322843684,0.8994171896394292,-2.2612656791293566,-2.186014606811756
-2.90884347958653,-1.3463871144934119,0.8837662652725956,-2.292739367290843,-2.1693525308616826
-2.858027339965418,-1.4200660737973128,0.8883615673143715,-2.178469625534397,-2.1804525405933086
-2.8571678089839097,-1.40363601413565,0.8777453682870113,-2.1893054664656657,-2.1897757372384405
-2.8682471416600483,-1.3764623338275248,0.8831795768300313,-2.20402580880166,-2.211065137479563
-2.881721885428305,-1.3299077889689737,0.8772525734977358,-2.236598846355179,-2.1797198333259624
-2.8786560327441086,-1.368701562787464,0.8883567699770486,-2.2032819292965753,-2.1843881127659692
-2.8704886961687555,-1.4264087053690933,0.9218439513440907,-2.1583999106708056,-2.1806183658567595
-2.8402832974688645,-1.4543063311697928,0.92123744095301,-2.0908726244016975,-2.1928709346830795
-2.83708775261357,-1.4782476167408873,0.9102733446544634,-2.047467463383681,-2.184703064703498
-2.767544018054604,-1.577199783239298,0.9290992862568593,-1.8801269771913327,-2.1863599391003183
-2.748157679266214,-1.5911609051868356,0.9223238618397797,-1.7982685996573227,-2.187833436277937
-2.7290483950285984,-1.5978434793896528,0.911132612816884,-1.7156137317061697,-2.1954202418179225
-2.7102729392675187,-1.6009212058101356,0.9250499310055531,-1.6204149966092005,-2.2036915769023375
-2.725547016430497,-1.5670616209837358,0.9407110610380656,-1.615989624780131,-2.195728265351992
-2.743449066472523,-1.522633761013925,0.9530096378099296,-1.6491456522923849,-2.206595567339817
-2.741066178707903,-1.5126282050931625,0.9530939896201486,-1.6456236357816514,-2.177204000547562
-2.717190491811519,-1.561456451227904,0.9459115264081259,-1.5687177370561405,-2.165518843972732
-2.699799303455236,-1.5722113763621495,0.9614302263389853,-1.5317213487502976,-2.173751834256565
-2.6942057122144227,-1.6090097550761553,0.954031576605119,-1.46114579235741,-2.1796662234923447
-2.6522620808314903,-1.617269810584756,0.9615933861698479,-1.374494665773643,-2.1368205365790156
-2.659566297218737,-1.662070790422822,0.9630029827405535,-1.2867247966618698,-2.155160990469008
-2.6456300712179726,-1.6542344872320756,0.9754049692055228,-1.2565051586615013,-2.1634668617220383
-2.652792620805158,-1.640514106392606,0.9852391670815732,-1.2183216387429765,-2.151563740009074
-2.638466484720498,-1.6670992379714002,0.9777759261540019,-1.1652745513578,-2.1542240229076675
-2.634336738150709,-1.6648667919202145,0.9774265085258349,-1.1298131584069036,-2.139714929378318
-2.636453745105237,-1.6589777205826888,0.9987419313000356,-1.0992485784316857,-2.1395919917418977
-2.653577379612484,-1.6403344165331657,0.9990523424093232,-1.104606508008818,-2.127572430971811
-2.647994397655878,-1.6736554813144557,0.9934630144752759,-1.076278651074104,-2.119223069265787
-2.6408294312618494,-1.693085715869391,0.9982097377566069,-1.03873317550328,-2.1204800981048053
-2.6217587292137283,-1.6853309052954382,1.0023470436156818,-1.0565975100893708,-2.1133997055562417
-2.6439259048721815,-1.6778066396071565,1.0040014514055924,-1.0269611033896793,-2.134562311057461
-2.611531330078895,-1.7412219701574367,1.0299705583786798,-0.9359964319991573,-2.1234897956129983
-2.5995321413389108,-1.7570669975677538,1.019513273686229,-0.8974810198785198,-2.116885121415907
-2.582559822204861,-1.7794096229738159,1.0170096486088147,-0.8750292012728851,-2.125538055565684
-2.5773575501632418,-1.7722314863299151,1.0507086165297521,-0.8321910543691395,-2.119308680717459
-2.578145866297553,-1.7685812911141434,1.0715096445023768,-0.7972547176904171,-2.110304743308196
-2.5930466400971564,-1.7395617672584012,1.084678412358932,-0.8302403633971881,-2.1337586944665397
-2.6107049940280294,-1.7403891048897122,1.0890236665693038,-0.8519362542925193,-2.1295557042525135
-2.6095190930171057,-1.7266371587308151,1.093830291052611,-0.856228875253452,-2.1547374580219167
-2.6176694155669464,-1.6959733264168961,1.0937365719278112,-0.8857146232812521,-2.1532674775255627
-2.613286215287783,-1.7246347361979997,1.095289434222011,-0.8372456516879533,-2.124734940734894
-2.5694307374980676,-1.8066278377768612,1.1051551885914148,-0.7671458739620457,-2.1234863174396628
-2.5573501789661996,-1.8126982823897513,1.1157920174953795,-0.720264866087474,-2.1368514222016524
-2.5888138730176427,-1.7708046272688613,1.105922426929394,-0.7670854712629026,-2.1413904520779825
-2.5561072612241067,-1.795505135025565,1.1047855119314294,-0.7061378799023139,-2.129120718462514
-2.5377879153307186,-1.8383650647231544,1.0990232873629484,-0.6416300757494982,-2.1304203261448653
-2.520497599962641,-1.838971227583663,1.0932432792429247,-0.5940520571142407,-2.1061266346928864
-2.5290539296651393,-1.7853006640410398,1.1149292269764979,-0.6448085728503221,-2.1198882629669327
-2.5407779639469337,-1.7645499268942726,1.1100044970596268,-0.6244255702177571,-2.1207804151408616
-2.534942531790574,-1.7785525191297644,1.1095772536542399,-0.6027668710179318,-2.103509298787472
-2.5386360210754284,-1.7988961152876832,1.0935289041270178,-0.5707672976854751,-2.0957729712878796
-2.5279076289218043,-1.8048501957774776,1.110502498902643,-0.5487056107872265,-2.094130018170075
-2.501840132766463,-1.8294496959528097,1.1056410670771224,-0.5467548722830108,-2.0815440074786613
-2.5116680585659505,-1.8305668667799606,1.1223763403429359,-0.49204163063779166,-2.089589959101789
-2.510161609844076,-1.8258183100968992,1.152195311009198,-0.5269773283811612,-2.0967749767710036
-2.496011618148405,-1.8322554702799556,1.1517553699100582,-0.5277290733430263,-2.0966471972446614
-2.5154766994267597,-1.8077753136500052,1.1566317053578037,-0.5462302328034708,-2.100928963050483
-2.4892523378148455,-1.7951278406893405,1.1650416503881502,-0.5172538310963282,-2.0956080075045582
-2.484231909139718,-1.8522674284707008,1.1502107758109732,-0.47307982586929814,-2.0936547576748774
-2.478386924551942,-1.8605939982599382,1.1462809354455294,-0.4222904253068629,-2.1058814512070567
-2.4911813259085034,-1.8351231750364896,1.144138632476941,-0.4398134062833723,-2.105291034858773
-2.5036479641692355,-1.838485560367658,1.1460036703137704,-0.44444497950090256,-2.094147497096119
-2.5086269116844093,-1.8541657173594965,1.1430494039754917,-0.4286476253945928,-2.1058764657148408
-2.5016858463729164,-1.8763242440486925,1.1418735573490855,-0.4105633693571836,-2.094751092787465
-2.5009764571465483,-1.8813267957561497,1.146001010605884,-0.3768042221420304,-2.0895609851542476
-2.49175002303312,-1.895185140617992,1.166186235507123,-0.3467076130193706,-2.102746811506408
-2.4738112203948615,-1.9146554958653326,1.1609929571625406,-0.3155495504230556,-2.0846483766406405
-2.4740166379836,-1.8931828714819128,1.157717385977699,-0.3516081162578278,-2.0795054846018526
-2.4791880674198774,-1.8764953998043867,1.1705637750543445,-0.3245581607786584,-2.0843000801849714
-2.4668808322834344,-1.8816280722619592,1.1501767361602513,-0.292335432016038,-2.0872738266623525
-2.482328194088446,-1.868757017269632,1.155981619776018,-0.2923184075047689,-2.0734168376275086
-2.47128699238974,-1.8988934427247992,1.1652187448474651,-0.2950996771775573,-2.0653998115515253
-2.456637969491279,-1.8974149249873238,1.1617499645373914,-0.29350834745019677,-2.0642598836459354
-2.455390038849626,-1.9024048938915101,1.1831907148121752,-0.3114138757833952,-2.062608922895054
-2.46235271199596,-1.921031058592784,1.1716696321500502,-0.3014963908888307,-2.070737593269204
-2.4651577266070195,-1.9375000450774842,1.170722753058884,-0.28342737116411404,-2.074505437223166
-2.4657829196091576,-1.9362192911191483,1.1650120812095404,-0.2748970638323881,-2.099047367961115
-2.4566756347264653,-1.9398816853124645,1.1659118311669254,-0.27006466329458545,-2.096663913768612
-2.4667194043670735,-1.9138729782987631,1.1778689878380404,-0.2830054694663427,-2.104467369772298
-2.4769135897326766,-1.941382039824579,1.1678662718278623,-0.2881505318296642,-2.082929116399165
-2.468546115674591,-1.9199501915700217,1.1843681164721522,-0.2736045158112274,-2.0696560650836657
-2.485675987656104,-1.9177081063287378,1.1895033396787837,-0.27143253073226115,-2.0884471976110337
-2.4842238577186215,-1.916171506259332,1.2052428469091294,-0.24916494132405714,-2.1009243672949642
-2.4654770286112138,-1.9225844963979655,1.2005724895583774,-0.24592188149311703,-2.0949690518906774
-2.450687817991199,-1.9320393678251753,1.209744068538206,-0.25225972276634573,-2.101656536730477
-2.4760139094596707,-1.9103224183269194,1.2276456070877801,-0.27601799065270494,-2.1164586427208314
-2.4782639096080854,-1.900867987902954,1.2041202609852524,-0.28215394289724505,-2.10746052285678
-2.458804530560706,-1.9159399622785331,1.199981773529485,-0.2916496240544375,-2.1036834964764943
-2.470023661034252,-1.91600687212997,1.203386587297673,-0.2785929718169601,-2.0818198488515254
-2.4695678946650435,-1.8969412397741527,1.2067820957633417,-0.2727305611540763,-2.078959146793706
-2.492011438645101,-1.9017579554943957,1.1952760523080779,-0.25637297995478714,-2.088183054609945
-2.480626088184428,-1.882266354960959,1.1931098468766494,-0.295648130538754,-2.089511623685931
-2.488795861700249,-1.8755327068181673,1.1945202245999513,-0.3290266377083933,-2.113767664252548
-2.4924830997454523,-1.8677457147968382,1.2003296916400499,-0.38352405723585253,-2.1089087866198524
-2.488755053539031,-1.8513181637608578,1.2109180136885702,-0.41596566284855035,-2.1030706996059214
-2.4913886256227316,-1.8579676262109872,1.1881316843191192,-0.4133788366128767,-2.098638493201611
-2.4957695212282878,-1.8589041997320903,1.1615614666227965,-0.4151890653300542,-2.0991065093984913
-2.511437999442709,-1.8571037054048098,1.1710303498839436,-0.401242933849678,-2.075801690969384
-2.515273531824927,-1.8215750497920984,1.1591552954955788,-0.41397908210754836,-2.083226609484548
-2.515321870428059,-1.8094287429425968,1.1524304190402728,-0.4587311553902813,-2.0982203770519865
-2.545045952741199,-1.7940735472475253,1.1472156402411413,-0.48757516806279644,-2.1062555043352877
-2.5490569657705837,-1.8032051177860617,1.1676707174016234,-0.5313382847044669,-2.1107023181098454
-2.5438512197475216,-1.7810130646099314,1.1785909651956852,-0.5501998952415248,-2.1127165535789065
-2.5432095182052277,-1.8172685471376355,1.1821868197474072,-0.5282508385115051,-2.1037401102172018
-2.553805178682014,-1.799802171238244,1.1711535089554639,-0.5575051505968581,-2.1024830681835143
-2.5508900616765486,-1.7728590095528867,1.16410183602617,-0.5862157541141999,-2.111071380664321
-2.5958682808082316,-1.7250918124182153,1.1460341902478124,-0.6826590019065778,-2.125471292279406
-2.6195449573878418,-1.6902629486620724,1.1629643688167361,-0.7706943200208926,-2.1474222588451988
-2.6205858653305216,-1.7015021372810635,1.183602916321068,-0.8037813865565147,-2.154321178049292
-2.626272896857815,-1.7160113631255975,1.173202949911478,-0.8509408483578575,-2.1625094544893453
-2.6467864687362677,-1.707206277696403,1.1872190680345072,-0.886940539008683,-2.193361423326472
-2.6765726439673116,-1.7110708909415957,1.1898627783986828,-0.9120268615930132,-2.1781704989113955
-2.7148700178901497,-1.635794186004802,1.167208214277857,-1.0645118036410217,-2.1955633103444105
-2.7400867782826284,-1.5908049853788249,1.1550183919514947,-1.1930391359611654,-2.2026733037072286
-2.79011144078545,-1.5363119499114757,1.144774020029586,-1.3285089314496197,-2.2086165380736853
-2.782008714413981,-1.527285819069391,1.11825131653897,-1.3760125023019258,-2.2075646930171544
-2.7976185068337407,-1.562733933760938,1.1232409189930357,-1.3701837440288596,-2.2099679985782137
-2.7750397870238905,-1.6657750809746952,1.09990055328441,-1.2772831956364572,-2.211406480648699
-2.7486304423801053,-1.6612759978160199,1.0866614851279994,-1.2750027293257893,-2.196908243559358
-2.721788316193188,-1.6493730330939973,1.0580527442146863,-1.2828127832029816,-2.1772053056548324
-2.729795272784129,-1.60731788785533,1.0482694721448003,-1.2932913531405799,-2.1820807674451315
-2.727149917275518,-1.6084819262130177,1.0579568101405672,-1.3062033793365933,-2.185941444880025
-2.7066989557659245,-1.6066525258337463,1.0550130264682653,-1.3419155570646704,-2.1718681620216125
-2.7155088491208415,-1.5851927083680974,1.0702870053978277,-1.3520051984736852,-2.173376739376661
-2.713696402369046,-1.5848294494585862,1.059350325961879,-1.3505705545209001,-2.195389816563111
-2.7153711269766236,-1.622986704102135,1.0475119435925184,-1.3378857265192023,-2.1840598497414345
-2.7070516370016278,-1.620824782357736,1.048206681643057,-1.3145603927874323,-2.189680275638919
-2.6797602101310343,-1.6618685120137608,1.041875887451508,-1.2395130986793776,-2.1922337705101804
-2.681692461897331,-1.6375623644330684,1.0389340474004305,-1.2752655273993077,-2.178965329603146
-2.650024360376794,-1.6597052197054296,1.0363230796924259,-1.229895058814739,-2.1824725645290552
-2.651191125931951,-1.6614200710756155,1.0381074622579107,-1.2030037121362493,-2.170591363216455
-2.682293663080001,-1.6061190308299031,1.0294281810768648,-1.2362001614033884,-2.1620830273540705
-2.7155571470834867,-1.5442660565527255,1.0324660720327845,-1.324172425685385,-2.1807259747896435
-2.7263233870919916,-1.5889688945661637,1.048624515161065,-1.2820681692529579,-2.188440392214593
-2.720323368563189,-1.6329055988112071,1.0376533966387536,-1.2784280825849457,-2.199812641626577
-2.733782798935472,-1.6290424226087923,1.03709320775488,-1.2955800086140183,-2.2053732642999275
-2.709793869770853,-1.672699705232489,1.033208885544129,-1.2286079109989145,-2.217187545797271
-2.725357258144869,-1.5971289500554435,1.0357256861632467,-1.2700432959864383,-2.1927723762343834
-2.7369427552293466,-1.5584076757665644,1.044434864285057,-1.3472057146799172,-2.2009375036846577
-2.7676236920898805,-1.5156855436643384,1.0573198064446803,-1.4187913292961194,-2.209692451013024
-2.7863309200519364,-1.5154334941738605,1.0516090926810362,-1.4509556357251379,-2.2087803768617333
-2.785345895859617,-1.4566360089834505,1.0457124654137864,-1.5423624994424965,-2.200624131349051
-2.812662957849865,-1.4750935303435113,1.0220324451408789,-1.6072759059763981,-2.183792326606813
-2.800318035815182,-1.4870514618441846,1.0132654634432152,-1.577276333242407,-2.200679369504023
-2.7982024035418105,-1.5060142883297618,1.011929718336199,-1.5885350124446955,-2.225798978635252
-2.7913364334691537,-1.5404997282950899,0.9960486048901629,-1.5701344230433891,-2.211305909429781
-2.789238070052474,-1.5575223062594887,0.979601427023395,-1.541972877275259,-2.1945599561546865
-2.774020192174982,-1.545081304432887,0.9831418768072426,-1.541236038752243,-2.1938554031917197
-2.7756204058398883,-1.5304158444488096,0.9913753749728821,-1.579498487020549,-2.1982071912124352
-2.7333932384210233,-1.5683983732495084,0.996247000219007,-1.5450648039107306,-2.1675723800629503
-2.744957165236345,-1.5523499548768276,1.0015490687607291,-1.5339058651016104,-2.1827309415299263
-2.7475811859462245,-1.5535325194692424,1.0080455621939552,-1.5329284969180992,-2.199089325211943
-2.7533305322126607,-1.5749833726530502,1.0070677441008373,-1.4818705014134115,-2.209969157420142
-2.7286716807947813,-1.6189228283402153,0.9984348264112551,-1.37945563496763,-2.1882103881208446
-2.671324980055512,-1.6866117381023684,0.9989925676634481,-1.275523636626269,-2.198075745128712
-2.6830972777438626,-1.656298464622385,1.0043408762595307,-1.2391822303107125,-2.189475390847708
-2.7065516658257214,-1.6329634277779692,1.0088426363911125,-1.2336397554148832,-2.180299418776392
-2.6950403850850986,-1.644654674238317,1.0167222808305179,-1.176160008384912,-2.1898230563501215
-2.6594725149694174,-1.6680215333092543,1.0227564316104982,-1.156237479381231,-2.1850417256020465
-2.6513929501868163,-1.6892523759982525,1.0199322228878676,-1.1254855753055582,-2.192478574736022
-2.656933610518891,-1.6689519170925626,1.0183367091184392,-1.128428851507477,-2.1828830633948133
-2.653425520609068,-1.7070890913784267,1.028515862925095,-1.1235121587632195,-2.163055672634783
-2.643221393297379,-1.7057230210280347,1.0298349994001432,-1.0930966627121304,-2.1724208717765237
-2.6206736249656437,-1.7084791470604446,1.0423216358317215,-1.0405757238187094,-2.145824033835152
-2.627901888053511,-1.7239062778814476,1.0497429275967856,-1.0161805282628016,-2.161735209946777
-2.630701899108835,-1.7322095654454044,1.0452326143393706,-0.9954771074733909,-2.1539636994839984
-2.613411514959601,-1.7145356462432229,1.0380732986856414,-0.9476624484122125,-2.1646927858342737
-2.5860148867865425,-1.7389355200613,1.0466823403549255,-0.8842678568363014,-2.1314879165842817
-2.5965338525204733,-1.7350284982664814,1.0435112363509413,-0.8589310611543671,-2.1288598605224687
-2.554526503470425,-1.7583579740358735,1.0613488126535378,-0.7868853225881608,-2.09141114086038
-2.5534292294022474,-1.7803246263039474,1.0475953453053137,-0.7505732568997143,-2.0966744832440853
-2.56512384103993,-1.7551929742124257,1.05049462019527,-0.7907400549915435,-2.10943047794479
-2.5786646771454986,-1.7591485195895509,1.063686600148589,-0.7814324882372471,-2.1117208546182065
-2.563737155305312,-1.7847920853859272,1.038019312220105,-0.7339127276668432,-2.1270241224895803
-2.5276460847112014,-1.8218986604695824,1.051709769250028,-0.6747699886807225,-2.1167360062665694
-2.5112905336348397,-1.8141471649255951,1.065731486069928,-0.6293000888688607,-2.11766416305814
-2.500830392625805,-1.8307096075265574,1.0581387231609907,-0.6091285867486015,-2.1004439857986656
-2.5175589573651376,-1.8167096495643726,1.076125499796968,-0.5819416444306966,-2.107930003834855
-2.4959383322166984,-1.8122006307838028,1.0717553584565562,-0.541826790843097,-2.0964194443968993
-2.495783719740872,-1.8203093518169782,1.0673486738256235,-0.557599939352366,-2.0813481407364782
-2.4941046607092936,-1.822622550945951,1.0915660365551483,-0.5150572868254804,-2.085760272804843
-2.4830680437693893,-1.825157784085183,1.0799538512383124,-0.5158565329268722,-2.0785996198632826
-2.483370383773253,-1.8444831937420723,1.0850257765126305,-0.49534668910390384,-2.0754914242608695
-2.4802332996543677,-1.8326086967237674,1.112390171130888,-0.5247425489322969,-2.077961383821809
-2.478375462050834,-1.8027475763316652,1.1059997868851248,-0.5708412632071953,-2.1103550835790705
-2.5066605313972428,-1.8356471513661348,1.1171712717812858,-0.5391620803357234,-2.1091275662747226
-2.4886102602761673,-1.8652891656736736,1.1041833558196688,-0.4960212828294675,-2.0935311396533973
-2.490872198752243,-1.8737111132944255,1.1219436595018344,-0.45990588691860473,-2.107588084112693
-2.4899159558132946,-1.8757817283530234,1.140663410897847,-0.40696856324367336,-2.0986296493230885
-2.5033884494911067,-1.9042278253070366,1.1535155826770414,-0.3885508889818337,-2.0931078390129967
-2.493992248237497,-1.88354611663494,1.1580990055576499,-0.3681732597490704,-2.1013625021716233
-2.4892871940467436,-1.8801749284726061,1.1744764176043103,-0.354475737951017,-2.0961536756370176
-2.487436025503844,-1.8754569595599762,1.1814452088306275,-0.36303034319561284,-2.0891288949790257
-2.4786185128027496,-1.857575390198239,1.185707417230095,-0.3649016410200027,-2.079076734511062
-2.47064203915115,-1.8838191023468103,1.1725970243620434,-0.3446494791695625,-2.0754082222379333
-2.4619840600963534,-1.8562244816839926,1.1812808414336922,-0.3511293986967592,-2.0692789730724686
-2.474609642672976,-1.8749262325581768,1.170699328050474,-0.3286090986815763,-2.0557909618031056
-2.4794051625279474,-1.8584008512298076,1.1708605667767356,-0.3326387651550298,-2.0486070440597457
-2.4565858472226014,-1.852303764600622,1.1667129289249598,-0.3296803096697258,-2.0566601134352838
-2.43980127221751,-1.8682307798215263,1.1675547910956794,-0.30482337968400647,-2.055624140172639
-2.4435526063764312,-1.8923565069193755,1.1821477190496905,-0.30486238137146215,-2.0694113376223897
-2.4467620457304426,-1.8863513732855115,1.1767225351370196,-0.31090462963829835,-2.095628720360398
-2.4460361649068996,-1.864218516540748,1.1803137810408697,-0.31981674483016886,-2.078098588074349
-2.4831899316966632,-1.8829488691559648,1.1745987162596587,-0.31451512587983677,-2.10725165375166
-2.456133148965598,-1.8944884573071428,1.1640118379706936,-0.30479568118524036,-2.098592537164359
-2.458612820247462,-1.9117807608057922,1.176574823797912,-0.2701836412236543,-2.104751855926286
-2.4609488995442583,-1.8979096752689926,1.1569563269340688,-0.28827074364207894,-2.10301879283173
-2.4697987913408372,-1.914640961941081,1.1727595145997105,-0.27079458235726456,-2.104838380262835
-2.473793034611853,-1.9316783074324169,1.1758200242218089,-0.26586770213647176,-2.10434197781162
-2.438434528639109,-1.9243443748082698,1.1519301932623265,-0.25468371542863905,-2.086143033259504
-2.4379332834308416,-1.9269595882458637,1.1492632865902033,-0.23865038951532228,-2.0694361695914774
-2.4269403574751895,-1.9263142141184157,1.141048050651749,-0.2233945333230709,-2.076060039738178
-2.4348549221239324,-1.9134891363082862,1.1396643191932074,-0.2519630445204163,-2.074454336781724
-2.4362384505673558,-1.9225853514984994,1.1563082389508952,-0.24340235449780231,-2.079105604707375
-2.449301796390107,-1.915548897473955,1.1503187339096976,-0.23043128259042428,-2.0869016262805204
-2.44316325329957,-1.9065730131452663,1.1564604455947185,-0.2585424370314669,-2.0740848899939617
-2.446348538072399,-1.9072627057820744,1.1536571952858936,-0.2604979261613724,-2.083243271699243
-2.4463601845495555,-1.9193434111379217,1.1541197941708943,-0.24187566847097142,-2.0676514307784415
-2.4543648542651324,-1.9119503870464294,1.1676707074809787,-0.25898964827226784,-2.0653302074243984
-2.4634418198958294,-1.9288868990550911,1.1926857252882932,-0.260269549184697,-2.084480773520519
-2.4632210340725114,-1.9352391053279336,1.1982539950708149,-0.26540170134605484,-2.0743473790782847
-2.4813025193670817,-1.933618107752229,1.171329509959928,-0.2876460846403698,-2.08405930587414
-2.501334355811991,-1.8834468046811297,1.1820004231792576,-0.3669649891234841,-2.1226123914071433
-2.5191697739850447,-1.8584418338664175,1.1726944004070725,-0.40366396189601567,-2.1149690976426294
-2.517465569697306,-1.8654374737462855,1.155465793800449,-0.39481300962879795,-2.0943940672785994
-2.515231332919608,-1.860979398766701,1.1415532929699104,-0.36494969617612566,-2.1113486856528305
-2.526821324915079,-1.8505387372610467,1.145479082150911,-0.3510551481245095,-2.1049607443995217
-2.525908827959887,-1.8401438057617943,1.154052780840843,-0.38501445423770475,-2.1033594730899443
-2.4973575968936665,-1.847212169453995,1.1417608355740365,-0.40786128481864925,-2.0996502137087303
-2.5218244588210417,-1.8519949040725636,1.15599298443454,-0.42921240058292043,-2.113099180208182
-2.547094272743628,-1.8441867708241024,1.1449236726898657,-0.45773502873106625,-2.110751624901449
-2.5258952872721165,-1.8524290586669396,1.1412508423494823,-0.4707882855328993,-2.116452645826463
-2.542966766566757,-1.81569407653424,1.1353066426018887,-0.539299307560026,-2.1142478545011665
-2.566306427521318,-1.8082899179467484,1.139792291245151,-0.5736285758873836,-2.11605943754761
-2.5747390289129983,-1.795613446001855,1.1281013720427269,-0.591857310591769,-2.1017673692238774
-2.585139152966383,-1.757832457608399,1.1464868586079102,-0.6660050554766658,-2.108281639002229
-2.599051532448139,-1.755982081318506,1.1375123366927347,-0.7164962612239028,-2.1183726591997316
-2.6327934518684866,-1.714432927330577,1.1447405473297685,-0.7550049605497564,-2.155811371406104
-2.650764586345197,-1.6985600436716002,1.1454016660375461,-0.8531323397059256,-2.1524750188218267
-2.6677521857715343,-1.6734308786048455,1.1319509912616403,-0.9276606119916113,-2.1545623650614876
-2.6927700273738315,-1.6338971610012893,1.1075728814441685,-1.0267858563478436,-2.1500357123667015
-2.691588648516532,-1.6445947814959088,1.1140789721400204,-1.0309692381247106,-2.132794178126044
-2.7107465695368735,-1.6087639406633525,1.1252927169250735,-1.0842228463487509,-2.1686783771564038
-2.7213038021335327,-1.630578653046342,1.1075413554309854,-1.0984423430382841,-2.17503501728331
-2.733896732033827,-1.6063504076780066,1.0952538113100956,-1.138639799759975,-2.1851433452644318
-2.739032441700119,-1.598091520049954,1.0937520859206693,-1.2015006539735515,-2.1921996657190537
-2.7367063068803716,-1.6385660303406056,1.097186788331801,-1.2111938433584093,-2.2016832253851675
-2.757171136221203,-1.6012678410011265,1.0921029539816751,-1.284145181123982,-2.2104930672538754
-2.781465296664673,-1.5343605709080193,1.1021173191429805,-1.4202759498313118,-2.210601411932883
-2.8044307140011493,-1.5384524702127018,1.0779058022106218,-1.4463170191086372,-2.218957371336695
-2.813012519715532,-1.5493074585768751,1.0711322335340743,-1.504003717202153,-2.2241673383374274
-2.789130412753942,-1.584113345794323,1.0872614361586777,-1.4785684573739335,-2.2420417635729093
-2.7876397235826844,-1.5405641887276682,1.0770761190498401,-1.551704408005164,-2.2248681296243475
-2.818017300141467,-1.4686932608806795,1.0626072840264082,-1.6805498435588218,-2.218821832003823
-2.8566060965212645,-1.4335451856658077,1.0576122234662872,-1.7886335197539225,-2.2362317250787096
-2.853829550358332,-1.4867162992482614,1.0423663735426,-1.7514038025061325,-2.221797153696032
-2.8372409069039333,-1.4932530594266695,1.032235612622835,-1.7531417024035425,-2.2260172720533338
-2.818617632965976,-1.5448094141577653,1.0171537044265353,-1.685513497932939,-2.2187774257281334
-2.7908637820895383,-1.5658249068454675,1.0138985351208218,-1.6746578786265827,-2.2130782367020045
-2.773239683477434,-1.5573581684573108,1.0033586958287342,-1.6418761248667952,-2.2135536205700204
-2.7585576853000062,-1.5196539280125316,1.0039290405260168,-1.6752225870606638,-2.2089383541068734
-2.7719943050768165,-1.504145237176409,0.9695409486327868,-1.682449126184463,-2.203927512811892
-2.760610733795209,-1.5398242971073446,0.9749081110280241,-1.6347395662236115,-2.20113428298012
-2.7586265198788147,-1.499146556786035,0.9697320455488823,-1.6726474124423873,-2.1942047906562414
-2.8196044191487535,-1.4375003206507586,0.981657501356692,-1.7795724197085028,-2.1999290551863875
-2.845477784138575,-1.4115722557959889,0.9800609326774928,-1.8528949065127027,-2.203849673479245
-2.8795029700877453,-1.3587920817604697,0.9717833716581821,-1.9845559950668559,-2.2084634939047674
-2.923708196662467,-1.2914253941479084,0.9847839771184218,-2.1530037381683567,-2.2228623347374907
-2.924690124129307,-1.3683513524956752,0.9765066640640572,-2.104788554651366,-2.2330487871946323
-2.9351400818661024,-1.4001488347630882,0.9685615389570983,-2.1244712141591235,-2.2344534694107523
-2.926602612330681,-1.418441698249935,0.974299579224326,-2.1032455355730484,-2.2688186069069887
-2.9057504475990776,-1.446859495503137,0.9651176309863221,-2.085745356439351,-2.2627705532922837
-2.8952436965325035,-1.4646425126491338,0.9563021550426468,-2.0218513311932362,-2.252765361632149
-2.888629203292925,-1.4331945019033934,0.9422519928241303,-2.0207764966533843,-2.2320307900446177
-2.876624207792723,-1.4395312675157588,0.9389929720287169,-2.004137208042658,-2.2386149679356135
-2.88678739526725,-1.4450080869085515,0.9633304094869988,-1.9864886692936998,-2.241721009320465
-2.8193026555952825,-1.5519038645529692,0.9510498855315898,-1.8229165195048793,-2.2252219230971444
-2.805670123728429,-1.548456357725546,0.9604592839150059,-1.774921929989053,-2.2260880665269474
-2.7927541046409576,-1.5085650940638802,0.9689852171572949,-1.7638714474294095,-2.2152701902491674
-2.7894828946148067,-1.4791135450971722,0.9836216384481435,-1.7757375294273021,-2.208644181803012
-2.7995686935051527,-1.4814993905342095,0.9732555687496469,-1.758269785795005,-2.2100765169224714
-2.7818016649393877,-1.4937177004224094,0.9670671852311951,-1.7138508996914306,-2.2168280992996876
-2.750373286689049,-1.5508903779643413,0.9703069709653783,-1.6352585519004883,-2.209386750393082
-2.740908044307533,-1.534438375762801,0.9722059483488545,-1.6372720070700546,-2.215495946281055
-2.735309422270465,-1.5374155951219894,0.976696389577022,-1.6421855051305885,-2.2176613640926552
-2.7287596203444875,-1.6023130998623,0.9675986522774066,-1.5348084195165765,-2.20348549228433
-2.709660446157012,-1.6048746954791875,0.9580497795149194,-1.490986023940038,-2.1976226566704917
-2.691645232364203,-1.6324982554075431,0.9495524995687179,-1.438610324126295,-2.177519437628019
-2.687764360201278,-1.590492347033588,0.9536354402321813,-1.4210673906948472,-2.167200384164135
-2.706921651278244,-1.5873149895803986,0.9845941829715197,-1.402655886254496,-2.18710946184052
