h0,h1,h2,h3,h4
0.00278182519312886,-0.6358672872239998,0.6422182342842707,-0.5795184894118833,-0.4878563300865212
-0.12896613057539333,-0.9666363690960431,0.877871974209904,-0.8280221839882599,-0.8957012060468459
-0.3339802586062289,-1.1768892181073143,0.8846535673508208,-0.7726195848329348,-1.189557833121622
-0.8983135348472544,-0.956221503070652,0.6299007683539326,-1.1966205896191222,-1.2263507370702527
-1.2646141294394868,-1.0535333910742206,0.5241996212472038,-1.052572548985662,-1.372929751043059
-1.5744787195347991,-1.1626142064078273,0.4542274589112254,-0.8574505460451085,-1.492036140807977
-1.6415379957602796,-1.475065602070379,0.4507695273825276,-0.3465036132536406,-1.6233379166704884
-1.851547314387026,-1.4343088919086973,0.45660238191873387,-0.3082932181033281,-1.6289944607912856
-1.992923890721005,-1.524903153082783,0.4948820072777943,-0.15026855815376547,-1.618378433567702
-2.1674300432986544,-1.4541181525364681,0.5485065710014739,-0.2790964188733069,-1.6104013404380524
-2.4711660381441822,-1.1480384010204576,0.5845726562745495,-0.8031633830371986,-1.5872807520278607
-2.343234698264091,-1.5810460486852325,0.7139019352445741,-0.3479962729802836,-1.6387490527439696
-2.254731080604081,-1.8175403697418593,0.7851722955279071,-0.04002361952893353,-1.672786118041172
-2.2261099718944566,-1.8726126421732643,0.8523446495432885,0.06148220049161153,-1.6952965166982732
-2.135192210735762,-2.015984602100953,0.9226809575382771,0.3338024848132518,-1.721173532196834
-2.103885401850198,-2.033342070090244,0.9716573623461943,0.4480140025350539,-1.7226118168058016
-2.3807174444249055,-1.5432729417138051,1.0175747620455027,-0.29531039681966637,-1.754163543349892
-2.339073075406449,-1.750009440889805,1.01335290787711,-0.16464964219469178,-1.7875128119254295
-2.509084942211558,-1.5293146186250988,1.042337582403155,-0.5692491774131225,-1.8631940523337476
-2.240468381201314,-2.108568295717585,1.1147366948880868,0.0660492564945615,-1.8324270835583911
-2.156836507385447,-2.2109353463403614,1.1024597684309851,0.2839315492743106,-1.8292799345871997
-2.303274043852825,-1.8796846221579704,1.1290746690910407,-0.11541825081146864,-1.8890118231657034
-2.3255186864433357,-1.9185601080028094,1.1008776990770732,-0.0668515869262278,-1.8923634727324594
-2.521426190263457,-1.538921222174984,1.1077236082001711,-0.6165973396448261,-1.9481020819056696
-2.5106797514424444,-1.7694196069491717,1.0871591494906672,-0.48622454437806406,-1.9461372354504134
-2.582949357927267,-1.7176990769287512,1.0763622499823478,-0.6309617167091378,-2.0044653975669693
-2.590606818851118,-1.726658855737565,1.0864700029896517,-0.6982078793199704,-2.030261732548815
-2.6226456646540983,-1.7306656042549349,1.0827298505451937,-0.7420796312684013,-2.0781263011132203
-2.6646241019988506,-1.6807610590253217,1.0772345114573871,-0.883850864542714,-2.0756322211188674
-2.630542868376231,-1.792744803751484,1.0775362709162724,-0.8070046837348135,-2.0803119107881543
-2.425768536970153,-2.1391208018564978,1.0987468013818324,-0.2714400979438853,-2.0503923823621713
-2.1616283472752227,-2.4543388487584576,1.1307116192676931,0.33993475470416695,-2.0096523626829574
-2.0412075233415186,-2.436545426224465,1.1508338328268146,0.5737907229057123,-1.9462376220492263
-1.8537609544078455,-2.572301755545174,1.208119050999246,0.956608203273834,-1.9093102906154513
-1.7108988224586104,-2.634164160841622,1.2537704718791163,1.2274036154039356,-1.8923396765090452
-1.6986807355338305,-2.5137906104529413,1.263260975772333,1.2726804372522211,-1.8755252497814745
-1.8903740668046487,-2.1610063893673854,1.2739350020878841,0.8965133173773556,-1.893297374441369
-1.9256663778179133,-2.213030835161963,1.2928886892132372,0.895162226309629,-1.8894576143030886
-2.1811522587357848,-1.8577641152638633,1.286664847331053,0.29837594903437425,-1.9425370094905774
-2.4802346637159496,-1.4763330222336497,1.2434502512893775,-0.4532744642536215,-2.006931188363695
-2.4509201054702525,-1.8488949390287757,1.235327827710449,-0.25172287390346904,-1.9844419671058793
-2.309345443533562,-2.150663530107638,1.2138891785952788,0.07804264381485466,-1.9540472441097692
-2.455080825496972,-1.8990244056827505,1.210717486646418,-0.23582025494453526,-2.0158831511587256
-2.500646435823964,-1.8611762831587402,1.1922408283139032,-0.33776400878556145,-2.0523287613048393
-2.6247760746791533,-1.6847313090090121,1.1685848266207506,-0.7195686157838074,-2.0883061078404785
-2.6800015538011097,-1.6931531152831076,1.137575463166586,-0.8262269306500828,-2.1120530529455133
-2.535598878312466,-2.0356191013296296,1.1294131726142354,-0.44176401736720694,-2.079509246502183
-2.6962686076628395,-1.6210903769142286,1.1310541222073667,-0.9872888228522368,-2.091970882432164
-2.6845261254211605,-1.688454100502776,1.14247021659152,-0.9566323027483218,-2.1191024358282053
-2.754738540719864,-1.60034341830042,1.1334392525058845,-1.137244121399068,-2.128025824119617
-2.7773010138686685,-1.6143881735477377,1.1262522932662786,-1.223932057762353,-2.148554325100545
-2.813951317479955,-1.5055775938941305,1.1144783433189467,-1.4215403624846392,-2.174667811931735
-2.862998346313673,-1.4689750719248087,1.091850674848009,-1.5747281975857301,-2.194185588715883
-2.7463226223209753,-1.789571296319827,1.1021088184508305,-1.214694483494204,-2.1843348606537494
-2.3803655162310293,-2.305551877397329,1.137805219030374,-0.405359308983369,-2.124687678120517
-2.3420382307576997,-2.1626377528331497,1.1380366458144966,-0.360219958848592,-2.1176746141469254
-2.5007308286630296,-1.6966712814768599,1.135664204624542,-0.8852004189379105,-2.0994686263656406
-2.2659514854873146,-2.1264573440380845,1.1691732054014656,-0.2902850407988109,-2.02427417179246
-2.425809113680919,-1.7761481768536098,1.156503508114377,-0.7205141159158762,-2.054308901194276
-2.508375649690583,-1.7023437240234647,1.1232278143125518,-0.8799653101844299,-2.076459178986809
-2.6004133333153385,-1.601990169686552,1.0976587007795717,-1.0643340892312698,-2.124379185288081
-2.3996290085032514,-2.001028113680116,1.1100451510322424,-0.5456257126900287,-2.0784255525344735
-2.1391403222943466,-2.3464202287339986,1.1350088014223605,0.08010915793228188,-1.993705309978119
-2.037411627703945,-2.3638448897301623,1.1303312752209644,0.3503389022497386,-1.9693948780582362
-2.1528651034620427,-2.0687457885526266,1.1262029956866664,0.09288533396734874,-1.9830701478781425
-2.160977465585223,-2.076677103934384,1.1146526226658513,0.17627370507305976,-1.9603138084415115
-2.0675663710897,-2.2320873289298335,1.1154706255573077,0.4323867465338168,-1.941034789718739
-2.0595124302836902,-2.184919209063564,1.137884485846327,0.46282298431290264,-1.9176764435208498
-2.2650507482887923,-1.8651646624198526,1.160360768214597,0.008756185090712583,-1.9640540398325208
-2.1773789345117778,-2.121301512089297,1.1618974346413233,0.279472296228457,-1.9450132757855731
-2.277305592675264,-1.997665031072682,1.185566366214481,0.13089067554582587,-1.9459481248503159
-2.2763545445274853,-2.0501698844046374,1.1718933501960682,0.2026664946755797,-1.9511237572785067
-2.533583251623131,-1.5255131982173211,1.183703189422879,-0.5479002056028468,-2.0039220569529843
-2.7024547032436765,-1.3463177726174111,1.168361352562048,-1.001564693421762,-2.0491640409136247
-2.778657280602331,-1.3995053161113444,1.1332863941246405,-1.2280564815736286,-2.106109770688044
-2.7841769370744816,-1.6024800289849557,1.121770232293793,-1.1569354024062155,-2.128998701275114
-2.69161862247838,-1.8736930282728677,1.1093998143721087,-0.8524194982952263,-2.122338503233545
-2.688301546209743,-1.7424213005049678,1.1180708257987757,-0.9749441357074523,-2.1444846430501223
-2.7895804984046464,-1.526352696650025,1.1223799304703004,-1.3305781332431081,-2.158627491434828
-2.5004375730450805,-2.0753137215819093,1.1321532618865227,-0.6767598870510289,-2.0965085485240147
-2.173674505499868,-2.474284680190068,1.1695826377788014,0.026240716948956543,-2.045651125350382
-2.161109340819278,-2.264245030179868,1.1749857646018742,0.03377392078049592,-2.0317300497862947
-2.062169399838644,-2.313982466779529,1.1686932692384315,0.29922872461291333,-1.9829645439658499
-2.323456741742718,-1.8012279444966934,1.1589912609661779,-0.3293098554188457,-2.002898070224258
-2.201352957079925,-2.0723300105608997,1.1641792174108978,-0.021092581825108335,-1.955935544790985
-2.4292238634563126,-1.6206780442620614,1.1571981887571332,-0.6665040197782139,-2.0005757150209047
-2.4544287799196605,-1.7515445815209405,1.1458992498638458,-0.6240451789091339,-2.004028159399738
-2.6123051920016533,-1.5382911521996898,1.1311270469439223,-1.0382588190667175,-2.034235611289307
-2.5803859869286314,-1.752361572031676,1.0907389950216277,-0.8622615320005828,-2.0575496510933795
-2.6712633951605245,-1.6419743405116305,1.0903267623395634,-1.064941260548049,-2.1056101631177198
-2.838516325812945,-1.3421307679395886,1.0900366531722983,-1.5658886559038998,-2.14955323344419
-2.5635353263020852,-1.9494628722079452,1.137566487479333,-0.9047909969404412,-2.0743798753062976
-2.3848966977988337,-2.207831822311488,1.1047738933822733,-0.440253132333524,-2.0467889409516142
-2.358644032745334,-2.0974834271214817,1.097009675982745,-0.431909729913537,-2.0681412416662655
-2.294259619729342,-2.13561283180261,1.0959919385078711,-0.2186823215820002,-2.042318402343717
-2.4449027638105965,-1.7551046697455748,1.0922535677015857,-0.6253739453453873,-2.04128476589603
-2.6332444790233525,-1.4156213431246818,1.0725252625520743,-1.1569995187062365,-2.064381821064964
-2.6382205094124367,-1.5730465537880092,1.0586146610864533,-1.1009698607559666,-2.074405820596472
-2.3917242713304967,-2.0768406951205134,1.0988285210600022,-0.4714487789306357,-2.0386097653573136
-2.2960011384587147,-2.1305192279698058,1.1221104648196314,-0.2541151902438273,-2.012637308165974
-2.1937010141723845,-2.210528064737798,1.128236027391258,0.03321407454737254,-1.9945532581302263
-2.304359706379568,-1.9723181497574183,1.1566509296046197,-0.23097757711350292,-2.002952937356212
-2.1789026367774955,-2.1671216083938085,1.143653209224999,0.09032108938787374,-1.9599546003854813
-1.9524003947199853,-2.4288844996173773,1.1730858755241433,0.5808149539542011,-1.9267633467450258
-2.053560552313389,-2.1871281926226773,1.1906839067625725,0.41746296245812814,-1.9256623493264349
-1.9949870622402612,-2.2429453356185896,1.1926179705726883,0.6157293088514258,-1.8954116445222442
-2.088768602384381,-2.103779969228943,1.2063975122426052,0.46880282302997256,-1.9297139014879292
-2.07997473729183,-2.181835140431926,1.2159213971400895,0.5406155248901962,-1.9172926426102457
-2.29394294027061,-1.818785180710103,1.2247619436923134,0.021203960839350267,-1.9599588155400678
-2.203115659890938,-2.086696629781099,1.204564540497132,0.2800773321152211,-1.9042972612839266
-2.3822099639630485,-1.795549268815921,1.2246626779808678,-0.14678187520501262,-1.9834097389528471
-2.172299000707917,-2.2198258910387474,1.2557342859982428,0.3382968068388167,-1.9255203044225413
-2.393961215186341,-1.8384565751167838,1.2578828094657475,-0.16394555316748224,-2.012649890706361
-2.6175527326371877,-1.4121763580778015,1.2069957728980136,-0.8735128020890344,-2.052470787324011
-2.4833804267335546,-1.8767111445218707,1.1805058641778297,-0.5109485644502672,-2.029581422537498
-2.683907253485586,-1.475363864317109,1.1662107489565354,-1.1507524509565648,-2.035367681222326
-2.725462650140451,-1.5818081221938778,1.1337668024137781,-1.2008938457675562,-2.0905402168526472
-2.730885333026641,-1.6720634001384775,1.1031859690124783,-1.1390765176544635,-2.088723835818567
-2.522106657457531,-2.0556686701673255,1.1054141504349333,-0.6523435865485111,-2.043113954571796
-2.5436262786839454,-1.8509038971127536,1.128768390354097,-0.8233159218691065,-2.0718465827873995
-2.495498605383973,-1.936463997584839,1.1161950809935788,-0.6364021581370126,-2.0710446614544926
-2.491065905932211,-1.8574948043526343,1.111418718734537,-0.7112485687127091,-2.0955011505820216
-2.446517954379099,-1.9179409616515817,1.1058780253469294,-0.6007038295821717,-2.0608023103778477
-2.5634431525143944,-1.6603620396459517,1.128384158517261,-0.9172839542780807,-2.1026086243924147
-2.5616420835156095,-1.7587396069766865,1.1009495822310322,-0.8459412341853974,-2.097994163987667
-2.4410343917203923,-2.017280049138638,1.0929040541757689,-0.5039598083289151,-2.0566604410698184
-2.3278225979977103,-2.1386131694780697,1.08173466624474,-0.20025788258831329,-2.029253255938369
-2.3685125449860536,-1.9893557838449865,1.0950813531291002,-0.2825650258022101,-2.039579716007863
-2.5572147897854305,-1.5403549707654767,1.1147488408776682,-0.9055674868389063,-2.0432530215897122
-2.292987056002462,-2.09850253497059,1.1518006187071974,-0.29566749610976223,-1.988928004916601
-1.9990584387014791,-2.465976806456132,1.2028221170307611,0.34251344169010733,-1.9432290133334433
-2.0190804584485527,-2.281663481692291,1.1937877602060862,0.2971134781021304,-1.9422449546286367
-1.8983197492036081,-2.3934213554183748,1.199341380853273,0.6319752213078045,-1.8981429016731852
-2.181965988379181,-1.8374271450345734,1.1981041065085187,-0.09526661753637222,-1.9236172950448276
-2.2917204183849047,-1.7833490918868262,1.1651265395387265,-0.24481884603210793,-1.9485786715268127
-2.5202165167886177,-1.5631490390060692,1.1510221258124544,-0.689919896934461,-2.016872052210933
-2.686789099827987,-1.4347009838002418,1.1336735863604777,-1.0852323359446217,-2.080261793451204
-2.347123171042183,-2.1379482850356357,1.1773245216741781,-0.32907048864054134,-1.9801700070212673
-2.5421845149611597,-1.7154133500517672,1.161738824575149,-0.8647160164005762,-2.0401757481590166
-2.480276177589319,-1.9051794874566774,1.1267026841592618,-0.6989169400773613,-2.0258922347858657
-2.308303844653366,-2.1738395867997986,1.111755535670901,-0.22948042003762573,-1.9995804990881407
-2.4914762181571155,-1.7754423361240605,1.121599095640658,-0.7564064243481464,-2.036021467316215
-2.6520511485657705,-1.5285114397353712,1.084683468433223,-1.1593705479727905,-2.07993059276174
-2.775463976296741,-1.3860649385112351,1.0638168658589293,-1.5129869702595682,-2.115016895686379
-2.9004775889121905,-1.2756391893462222,1.0348590768798143,-1.8495577113636013,-2.1379267476192525
-2.996046691919589,-1.1657628910353788,0.9980931810708554,-2.1652021772426573,-2.15678298676024
-2.7585015077006636,-1.804521591988732,1.0653005685654988,-1.525656906449597,-2.113851131093692
-2.5164208599135938,-2.148070803221975,1.0685895319419687,-0.9197707652595558,-2.092992965192208
-2.195548003381467,-2.466022088604803,1.089321878516057,-0.19047950660610793,-2.0617757789416142
-2.291264195836981,-2.0225050052829907,1.0816818133453105,-0.5655788696840091,-2.0467113101524723
-2.2448051027276077,-2.0827486066175576,1.0541407252615071,-0.3538581818602374,-2.0096498984664204
-2.3452191802122857,-1.8738886414379,1.0774916387862719,-0.5926112385927964,-2.018817670270646
-2.471644398099721,-1.6135762831144125,1.0681389347198447,-0.9998870401988891,-2.03964420083171
-2.3390640581911133,-1.9856493246336808,1.0827267602696011,-0.5315796049886923,-1.9984587871171287
-2.56052059836189,-1.5482682583000367,1.0975283855236657,-1.1350960051607564,-2.030580742738417
-2.614076902619356,-1.6176941686305053,1.083835308798492,-1.1391666525630548,-2.0744564331170845
-2.740372348910646,-1.3934753361811703,1.0646643417356412,-1.5115084233113565,-2.0982357648111023
-2.6932591180682994,-1.6360880311399628,1.0489467427640693,-1.3279537283396905,-2.1172798623271203
-2.836513107434161,-1.4089425123495982,1.0410825759950233,-1.687909983533373,-2.1266445982015445
-2.733691180408028,-1.6856064671891093,1.0364241463637975,-1.4336857273784336,-2.1422219463302974
-2.786431726417082,-1.520273560567405,1.0385579835199925,-1.6406703613400975,-2.1603270804879435
-2.6496424935107616,-1.8470716630439126,1.0557680758969132,-1.2255973861539435,-2.132564383017591
-2.2736391807453575,-2.3495870586366867,1.1074135261770737,-0.37555275378858766,-2.075428886708772
-2.3557191611553425,-1.9892261891989609,1.0991256079481557,-0.673673582003832,-2.078656279417722
-2.114477444562546,-2.3188004619139035,1.1134064793440075,-0.09554003337652724,-2.0182467797511143
-2.3579282247328957,-1.76388073401785,1.104221399896219,-0.7248474269909034,-1.9953774939010547
-2.4162503938288737,-1.762966673907302,1.0776528012452065,-0.7754604898482373,-2.00787436086647
-2.3345617928658724,-1.945399524237596,1.0616118431361397,-0.49010263185954484,-1.9919557043523817
-2.4746700994134216,-1.6951444042054244,1.0662702635007164,-0.852729300140675,-2.0056984198502654
-2.655231836872279,-1.3894481256816453,1.0332552796769225,-1.3540549871049083,-2.0598664956752333
-2.563907030451138,-1.7366270133091368,1.0427424287111415,-1.0619449505056915,-2.037471532239386
-2.63143459276089,-1.6661927400944467,1.05851583014606,-1.2052599136276567,-2.0792599357765096
-2.546582451633335,-1.844528677170787,1.0557133770464464,-0.9400973195977842,-2.068464206287141
-2.2931793866021786,-2.2335390637048977,1.0867661631634176,-0.29208385614105115,-2.0206948981391193
-2.1047521059548076,-2.3963752272690457,1.0948197505806292,0.1870533527945448,-1.972667083720203
-2.311712768141626,-1.8957974624105305,1.1082909386660398,-0.38381197921601734,-1.980232863302534
-2.306747670770224,-1.9284491349295794,1.1043651027934496,-0.30269315017398496,-1.9897672860397335
-2.226420693944389,-2.056592667742737,1.0904510874435633,-0.10107384270097221,-1.9605992180058585
-2.1475253533193746,-2.1547159873596438,1.1149293982726256,0.14365482475219563,-1.9484791660784624
-2.1150238147814227,-2.1997338825634647,1.1410526938062664,0.2958308845183472,-1.9438788353548637
-2.055760232838719,-2.268013921651361,1.1521605835695963,0.4889440033875139,-1.9349027940823695
-2.2595907592711826,-1.8598059146581511,1.179221978951035,-0.04611288504510786,-1.9691997595283088
-2.411468802444689,-1.6849304307534059,1.191516955867055,-0.3844863472055744,-2.017268882676794
-2.491490237129186,-1.6942895124265611,1.1610319927530857,-0.5266540199125826,-2.031349218137934
-2.6359562206224063,-1.5246442052794862,1.154246597219734,-0.9067578112155045,-2.078349246351049
-2.3783100834616535,-2.1049103484571843,1.181855381535318,-0.28121903852628993,-2.014781958345026
-2.5497176421833565,-1.7340019843163625,1.1815170599076827,-0.7619193946629051,-2.0635713465665693
-2.3848252615394867,-2.065374336404822,1.1811514737289108,-0.33424386727421346,-2.0177465888186727
-2.147066195751757,-2.380812693906916,1.1900201471790217,0.18333593776590767,-1.9810576744587498
-2.1814651773636524,-2.167808712848023,1.1926581165099313,0.10041949427773614,-1.9651213758927348
-2.1360135187893463,-2.174776923454317,1.2039076919265697,0.23282708230641802,-1.9269651868671929
-2.2881995274817135,-1.8933810916986924,1.2143866053783732,-0.13984360166792778,-1.9611095115682449
-2.440603028138541,-1.6726457278596472,1.1806842382440699,-0.5391305947939138,-2.017026217184074
-2.640436916843004,-1.4659591664569827,1.172400926758028,-1.0073486985241715,-2.0481479736806487
-2.4313929694161223,-2.0056656670079094,1.1797471255305507,-0.47440607916484717,-2.0207333669044147
-2.5024993684719754,-1.8455002123270172,1.1677391065800293,-0.6489770398857813,-2.024931493544441
-2.4173272204743443,-2.0321103258466344,1.1431104021360357,-0.3736456571993342,-2.0368352122889557
-2.4851889351142993,-1.8367394975671743,1.1578288151578962,-0.6086064516446134,-2.047010745701971
-2.56913082703188,-1.6969789158478186,1.1621346042901015,-0.8822256975905293,-2.076582858026819
-2.690841118531224,-1.5161253325823878,1.1372387958929717,-1.2339544467048074,-2.104878381765232
-2.6193000666694752,-1.7948579569398273,1.1094358133552749,-0.9978007920258837,-2.0947313708244604
-2.585303680817033,-1.8704337056941194,1.0727419306436445,-0.8463010161042294,-2.0873190906530072
-2.58891634598592,-1.8538280204906754,1.0842163891388141,-0.8298901295861697,-2.0983784917418267
-2.567228256134252,-1.8576942684421123,1.1059889803007623,-0.7596248746427016,-2.090535786638966
-2.6892836326924674,-1.6011713896901203,1.1160835192826863,-1.097528284554673,-2.124081300343758
-2.5509499083189113,-1.9126986483953685,1.128949697649706,-0.7345351423967773,-2.1065953544011005
-2.6819103152483104,-1.5930151046977965,1.1196225951582157,-1.1254765325052196,-2.124839971114327
-2.416323003276269,-2.106546248123594,1.1692400546905284,-0.5245370821882557,-2.0850483107636113
-2.5118999279367906,-1.8321350044662446,1.1599265248042632,-0.7931647190159266,-2.1238068039066436
-2.6113046419050296,-1.6744992742309053,1.133311873162009,-1.0366214491740717,-2.1408890693894738
-2.6218095806631556,-1.7018894636026012,1.1045212491320797,-1.025953209820401,-2.1427655367259484
-2.428392691652038,-2.0487376183768626,1.101547031216408,-0.5595090228329329,-2.0745478185410344
-2.4856094423736694,-1.8918003360715776,1.1038584276291399,-0.6292812280741973,-2.098787861286252
-2.301738848896291,-2.1584580981500663,1.1353631270330258,-0.1750328396420845,-2.0535798201605795
-2.0245254838699975,-2.4616690249645234,1.1536238311900346,0.40444515742936815,-2.0118590566568666
-2.2113166557283543,-1.9973130051881338,1.1680461432455747,-0.0927611159990898,-2.0102831400132732
-2.2103063621475365,-2.0440993312014055,1.1544598824227945,-0.011463383340933844,-2.0054749553751052
-2.104319186928572,-2.2056817209289235,1.1768489891936322,0.30253285581146905,-1.9505116402662266
-2.2765054003627725,-1.8821541457561493,1.2062153266777351,-0.11242582957923151,-1.9919223607798882
-2.2494957865735636,-2.020258840235796,1.1868313846641323,0.03572327275793947,-1.986281339944504
-2.3287443708149795,-1.8937593773333892,1.1875471728905027,-0.11057733458835628,-1.9988034830826626
-2.2680288525107124,-2.076195517868288,1.1847967026302204,0.12318777971689703,-1.9840397591800905
-2.0993067764093336,-2.3532034298413302,1.2179209918511777,0.5498135440438519,-1.9408291442108507
-1.9958047941345205,-2.4249407158470864,1.2287440562176903,0.7887167479106802,-1.9158577001749908
-1.9455582574044128,-2.4066645218740685,1.2512467706645158,0.8882143973446764,-1.894109544220381
-2.0559287262741504,-2.190837379659275,1.2651940449028176,0.7050116829386932,-1.9002946761248105
-2.220799224008683,-1.9329453622527741,1.279665384419641,0.3116826581739176,-1.9445733828866187
-2.477954989936091,-1.514571839612729,1.2701070086551773,-0.43206036662813946,-2.0081627211219493
-2.5585150933861622,-1.6165392624607218,1.199174050359967,-0.5706171485917185,-2.045602869315809
-2.7744605008658545,-1.3356589289811491,1.17786143241111,-1.1655825510613556,-2.092961578102324
-2.529153083670318,-1.9696128024188984,1.194396248796497,-0.582866245668933,-2.0492466397315545
-2.2458020832981203,-2.3853778349796335,1.2061945026178094,0.03196753512775007,-1.9960663654383992
-2.008190587458964,-2.5841567409142296,1.2133985305421502,0.5083204820525485,-1.9540602093374952
-1.9962728887047057,-2.4166348519571206,1.2196440359838316,0.5020169670931172,-1.9239730519872837
-1.9942718041374077,-2.3356602194685387,1.2259092272252694,0.5520746515831196,-1.917979985474599
-2.2363849156725366,-1.918920823939955,1.2281004187703808,-0.01656648685813669,-1.948253083183761
-1.9908375017041193,-2.362149050238779,1.2773815466251273,0.5090417372249082,-1.9010053816343975
-2.135698429471184,-2.1053628399386493,1.2723463982035208,0.22030548113462803,-1.9681088334780124
-2.418406677874532,-1.6203689964922414,1.2416665595497605,-0.5263366874542772,-2.0217552789621727
-2.358542361719308,-1.9160459305994948,1.208272418124047,-0.3189829836927341,-2.000039121297745
-2.4050963762162954,-1.9006613745371244,1.1876081260525126,-0.35068270285820274,-2.009853428330766
-2.497878418748053,-1.8148436153744423,1.181453291764137,-0.5238392568752919,-2.0388493069333036
-2.552574948158028,-1.7722078547368922,1.1631883379532766,-0.6573277284173203,-2.077370688498408
-2.596342195905692,-1.8109790735902944,1.1536386941904604,-0.6515415352228292,-2.0681578476377154
-2.5240098793374828,-1.9424748205723759,1.140171187131005,-0.46396195037338117,-2.0640908056731853
-2.4421405020656657,-2.0499688397140257,1.1314127911007632,-0.29125078424363143,-2.057845648793148
-2.218697708045649,-2.3560659138812903,1.1581142389455523,0.21492972825644455,-1.974766082952088
-2.3862086907587896,-1.9065129609679192,1.1745165216874716,-0.27522218683193533,-2.0081244330592023
-2.582948071774233,-1.5469167593216224,1.1557062433389096,-0.8436303102362632,-2.0599483025415823
-2.3678832800430683,-2.0345550935821066,1.1986727888498345,-0.33474022655831703,-1.9924294519682968
-2.164794500449875,-2.3163522332963695,1.2026676535636114,0.138704127043858,-1.9560322760057676
-2.437135554305073,-1.713876271073096,1.201079305465758,-0.596997907323006,-1.9875846706170972
-2.1049523473608454,-2.2807560415641777,1.253602981734179,0.061633158952901626,-1.9251568879194656
-2.3167239584441743,-1.8457404042912475,1.23315661870023,-0.5304274397918635,-1.9610428005566685
-2.5540080496535293,-1.4700821919379239,1.18302989622329,-1.1358290447661197,-1.9840876086547121
-2.664192598523975,-1.4421985407898978,1.1275725637550273,-1.3332557118745987,-2.02484502205482
-2.4907768176382703,-1.9161663228887225,1.1313592915842086,-0.8242375320203821,-1.9825475744158523
-2.595996916621573,-1.6691915966758306,1.0979056464800414,-1.1319817252774274,-2.029589282074543
-2.61298125230063,-1.6923747777759433,1.0765944630101636,-1.136213662159627,-2.0430706210419025
-2.6922293506606265,-1.6018502904850203,1.071865087425266,-1.3006777200638915,-2.06647075040331
-2.6240292804458836,-1.7716348936527173,1.0478541184507892,-1.0908610771142226,-2.091920066521233
-2.4679083480084762,-2.0395137975510482,1.0627920298165088,-0.6580092149550137,-2.0498274497375353
-2.6346179479618472,-1.5861227781798521,1.0518950095777435,-1.167845460677589,-2.0485446047243165
-2.626102553274854,-1.695339537615511,1.044583856241027,-1.0991532068165542,-2.0882820823225723
-2.4861636391709157,-1.9517945754526704,1.053554162338314,-0.7249202732858632,-2.0735372355016866
-2.2611736526183286,-2.2398196923387808,1.095367468855383,-0.20974773005204914,-2.0393350058230286
-2.346566563296665,-1.9583968419144078,1.1055812501584088,-0.4629507549820897,-2.0647208292262413
-2.1113886858647457,-2.3118442914970982,1.126303455640332,0.10847217689173382,-2.0165760843230025
-2.194093269832599,-2.0686795821912205,1.1371270303651015,-0.08135264729375985,-2.0037307389234758
-2.247813937261359,-1.9604771872547937,1.1250103511438831,-0.14775142106393183,-2.0090820190688152
-2.490882294268621,-1.530379021208671,1.1190180240405943,-0.8140025467489521,-2.0232656077862874
-2.6622626524515955,-1.3930124467443188,1.0900258713966604,-1.1868137101892897,-2.08197512603138
-2.545719412618654,-1.7864153647872705,1.100675496530092,-0.824660590541789,-2.0573164982942047
-2.510233426602252,-1.892677708495383,1.079811965735403,-0.6785308461962887,-2.0571203958948274
-2.6960977022731614,-1.476780036519437,1.0725891743605356,-1.2456308417244544,-2.067039621894873
-2.8035247642803314,-1.3872702367751375,1.0558440283106183,-1.5577153856514363,-2.124408919914252
-2.4621637341751095,-2.063670733648625,1.1298717314398736,-0.7999096509075971,-2.031440340003478
-2.541909598048039,-1.8206666077390583,1.1170377111185146,-1.0326092136157725,-2.066722060320606
-2.634267964716492,-1.6149054817798303,1.0782600042793264,-1.3025577936523212,-2.0881659427588803
-2.8033162318816762,-1.3026384683146701,1.0234737934395712,-1.7847083899024607,-2.09675159786706
-2.8811496815386883,-1.2796154156716475,1.0192888260083912,-1.9423325088934504,-2.1226111891582753
-2.982609617991675,-1.1790037109510352,0.9657861553371336,-2.240236072893222,-2.1373571893559107
-3.0535155441174266,-1.0855769252931442,0.9419809160723124,-2.4807462809070224,-2.15118710190397
-2.6923084097241183,-1.873892913033062,1.043276683885221,-1.6186886586441733,-2.123176017635481
-2.7950164831241717,-1.5246586163592402,1.0223191372573952,-1.9266032356181029,-2.1273467386462515
-2.387776638089138,-2.1742251294688653,1.0831682087370016,-0.9970362918659399,-2.0709586775713045
-2.413821474782855,-1.9052291500432081,1.0318932465663337,-1.1224453563070749,-2.080828832586429
-2.560868088609298,-1.615061089123513,1.009808241364922,-1.4639113614710757,-2.0812779232929675
-2.455033211474951,-1.8471643133046423,0.994825954195064,-1.1153028667957023,-2.0706451749161543
-2.5951587547272057,-1.5487751370827414,0.9757193422902807,-1.4410013022236154,-2.074800332895322
-2.647803022574186,-1.5842056477177082,0.9682953286440906,-1.4929230621852165,-2.1038817140653783
-2.687842276717271,-1.6028896897685865,0.9567883712617355,-1.479169307110213,-2.1238113699369667
-2.685085254047352,-1.6767205862860017,0.9700793086621182,-1.3956035539089569,-2.146696198695164
-2.4161745746750345,-2.1037020012616394,1.0124575257672537,-0.6773294231135853,-2.0751930263349574
-2.5852703060659143,-1.6037073069129164,1.0087972773125284,-1.242707537846635,-2.0713818244778657
-2.636819732921375,-1.5650216420962266,1.0081416918794008,-1.3491061572902385,-2.067000039878049
-2.741245764509179,-1.390425041489243,0.9940682756321204,-1.6495862273186657,-2.1042455363342807
-2.5973950451217958,-1.7920612843776347,1.003882280798509,-1.1625378523014727,-2.0892949143150066
-2.352877694934266,-2.193933451803457,1.044693742090947,-0.5194058172023142,-2.0542232521311417
-2.414468378158451,-1.9028399198252817,1.0781338302456596,-0.722264122812897,-2.0587794877648173
-2.2453164415791638,-2.1768483093334945,1.073509277152822,-0.2298360385310011,-2.0219209765509425
-2.3869798076021858,-1.8442359646287516,1.0752236144405225,-0.6079114832854341,-2.0433365124392067
-2.447480309368783,-1.7738030746781195,1.0610120264440563,-0.7176667668825977,-2.0414368798174714
-2.642414130724441,-1.4731739096648981,1.0590219614800056,-1.210627830508111,-2.080654176327533
-2.7675388920048207,-1.3229219833027408,1.0439633812531008,-1.563775637899473,-2.103391085321158
-2.6429724806808106,-1.7732696533491188,1.0599764381078474,-1.131697180210095,-2.0792568481241185
-2.438084300768864,-2.100093196200435,1.056572835890983,-0.6343799246819649,-2.02753675598335
-2.1257730512080117,-2.4533584701157594,1.108863654659676,0.07926418771450305,-1.9848498835790176
-2.163969109109654,-2.2009732905155217,1.103891371932413,-0.026645110344340757,-1.9702752558963041
-1.8853355493870625,-2.4874311341558033,1.151226572814322,0.5646198953919983,-1.927926837838846
-1.9610023652067259,-2.238742816003683,1.1357981473774086,0.41577791474692527,-1.9115599767934386
-1.9520127213534828,-2.215997388211868,1.1162286522490101,0.5189327692112814,-1.8803959958591006
-1.941763312210857,-2.2301766778523784,1.132703597435372,0.6200192726462223,-1.8586920940853633
-2.2288649201092605,-1.7442633944973196,1.1500285531440833,-0.02592448298708809,-1.9150490549549148
-2.430310355140554,-1.5684838771910699,1.1523884624420773,-0.44366191339104866,-1.971733982258203
-2.5572988823673173,-1.5700951504242662,1.1196010630712163,-0.6631275729306978,-2.0137889124622625
-2.5316027672905634,-1.793393502347163,1.0723522915460824,-0.5292660413074903,-2.0002834460322667
-2.5894982584032102,-1.7885160459351879,1.0816439559542304,-0.562983483000452,-2.046078064446592
-2.6184396709634035,-1.7581492004172472,1.0963532949557042,-0.6575406064451446,-2.0737785529534336
-2.478874711819802,-2.0198192846403997,1.1099409046560067,-0.3090826272245781,-2.0414488415274548
-2.5998510888878967,-1.702284806656581,1.1448416047285976,-0.7531065592764092,-2.0559516525590724
-2.3237076558138203,-2.183865316583915,1.17491597453471,-0.13060055158433043,-1.998704554582235
-2.0629946295973673,-2.4710601525648284,1.2014722162684985,0.3812054438714489,-1.9843480902741304
-1.8554243752353219,-2.6352442488284042,1.2257728709429017,0.888677422536667,-1.927201943515458
-2.158376623329874,-1.9857324694768572,1.2412361647785726,0.10417318657007851,-1.9133108274055124
-2.071016047925885,-2.1264214226277147,1.2110198108092316,0.29738954838672466,-1.8812305992684952
-1.8907721145112093,-2.431449242541518,1.2329720637143358,0.7351488604028971,-1.8601552248288276
-2.056703114089257,-2.093097722774786,1.2293912912576974,0.36954625111642214,-1.876702664897547
-2.2162131596081123,-1.8858369862041893,1.2224029834427868,0.03392970762206392,-1.9129712315168312
-2.0975627864526376,-2.177806061038523,1.2164564537746898,0.325650708216388,-1.9120148774750088
-2.3743617050541426,-1.6615061645510436,1.1817560813828862,-0.4169012945488562,-1.9480282826494468
-2.255552118881375,-2.04754501919671,1.1900738448736043,-0.071811061891241,-1.9233749668906228
-2.271054075766116,-2.081465088950514,1.169692909741306,-0.009925828854695338,-1.9294995572115272
-2.3472954961725034,-1.9438838989823786,1.1813180232421217,-0.1645557019081223,-1.9708485553033843
-2.4604830422274007,-1.7749628700672146,1.1703458333824286,-0.4355517406104254,-2.0020347877513056
-2.4237268700901105,-1.9595408819039424,1.1531033647044897,-0.2950444454100789,-2.0002439363914037
-2.2496463887141362,-2.2559233901596194,1.169748950244858,0.12367736924404227,-1.9599112635737823
-2.241813698374108,-2.1679670580370334,1.164263842262441,0.1823160806473256,-1.9479706213126988
-2.252481319748678,-2.1280800186052287,1.1695037796688383,0.17792099004187548,-1.973838847259466
-2.389371288552598,-1.877033338814972,1.1701449819490093,-0.15225448767452263,-2.0144545517668653
-2.6017521627355715,-1.4960632463849304,1.1775616191338676,-0.7776391793843862,-2.0655943698577715
-2.792683246271097,-1.265603862820653,1.134310410826184,-1.3210274375934798,-2.0953777384811527
-2.940035002792545,-1.135860923789433,1.106920966901305,-1.7593837806633863,-2.134139594821778
-2.8491764609255052,-1.565872833966689,1.100857410305861,-1.4894543067616566,-2.1274737650677538
-2.591709875912096,-2.056139194653957,1.1143920111436931,-0.8704806046810366,-2.095798327597668
-2.5589093639435516,-1.9941785050831626,1.1125155228458077,-0.8138674974909569,-2.0818247200752
-2.415826562037087,-2.1477422337964147,1.0973387031952007,-0.4570094789801999,-2.046180755461561
-2.3613517076043156,-2.083569121852939,1.10687706443476,-0.38074329758465353,-2.0611048842510815
-2.3995649263536123,-1.9393507202632805,1.1145135782527553,-0.46945407567565484,-2.0479495684661058
-2.5258157753328527,-1.7147245347744346,1.0994616180575856,-0.7646627405187367,-2.0720936737478794
-2.5524483213071325,-1.728934322301602,1.1022219656422398,-0.7997484663739218,-2.075753436739872
-2.4148696045824978,-2.0001993474062365,1.110608483449479,-0.4554173544443705,-2.0344148484031837
-2.605052898304161,-1.4955225420918037,1.1260791546624835,-1.0731787654293292,-2.05975228043119
-2.4898700226647152,-1.8390319946838047,1.1106424104724664,-0.7758990693127529,-2.0420664690040686
-2.6646445296257726,-1.4438249254358393,1.1224428465314438,-1.335884301136929,-2.0835036227397747
-2.471045705399484,-1.940846058552689,1.1369968867167393,-0.8132195949137101,-2.052019582784852
-2.2853903642501607,-2.2017244663960365,1.1247889929053265,-0.3524219823396266,-2.0081628273400116
-2.44500510608073,-1.8185807566305645,1.1434114458502433,-0.7610961096544755,-2.051292436979078
-2.333122014392286,-2.037446425264827,1.1200234763847352,-0.43149923880582425,-2.0273052591059852
-2.0483682943956283,-2.423429985778757,1.1435531594303308,0.23218238648215883,-1.9914714202729995
-2.0313290551142344,-2.316865130074204,1.1642540544717204,0.29793115132861897,-1.9765805926850868
-2.320642473185252,-1.7336227334319039,1.1503872531260249,-0.45087984636870126,-1.9859652390375047
-2.0520089291717527,-2.257722674027952,1.180983374767691,0.15260990721076118,-1.9250821470147519
-2.0377531525548322,-2.236979418637504,1.1798244608486779,0.2504606580294833,-1.9153867352576242
-2.134806341675409,-2.067458861295395,1.1781141945816105,0.12349274885928443,-1.9377951115112164
-2.26994838187084,-1.9083977200238205,1.1579896789016637,-0.12136266487724365,-1.9871749707515898
-2.193500300855256,-2.116477508040755,1.1355594578945247,0.17088908653290896,-1.948030158991318
-2.366217631415316,-1.7893404867330585,1.161877964694603,-0.2502855492763456,-1.985645279446276
-2.4921907633192957,-1.6851922624399462,1.1380236236902534,-0.5070367897943526,-2.0335457480913175
-2.675798397840968,-1.4222048528255347,1.1187261560436534,-0.9966960985892213,-2.05602133861562
-2.8523644164964095,-1.2343481946833132,1.0830942633221126,-1.5133583544366507,-2.1127374589722754
-2.7619307185091384,-1.639144130169321,1.0669594766891808,-1.2183802591313488,-2.0937066359897254
-2.4510194623596537,-2.170722399730805,1.1063607665330915,-0.5140836989205785,-2.0396434500474956
-2.2374921110863566,-2.3934802050053876,1.103868503942153,-0.018742271021960875,-2.0112962703062607
-2.3500684473138493,-2.0089968996761147,1.111445568652168,-0.3428092284231422,-2.0186888312157207
-2.321103564649567,-2.0284053093500987,1.1077643123405954,-0.26801905020301936,-1.996169301004599
-2.360533532364187,-1.9281932575752956,1.0962309958807277,-0.3386995186838318,-2.007976280089452
-2.5781378942766833,-1.4695701676720136,1.0949800161655148,-0.9968490417325928,-2.030183848247681
-2.7033211184467776,-1.4239007176738727,1.1060595921859722,-1.2710483076154957,-2.084689990698001
-2.5352879730388374,-1.8981756691091183,1.1177011213565053,-0.7996269609198002,-2.0700873761265917
-2.7000056830800014,-1.481842655503788,1.100343279169532,-1.3535792304333778,-2.0719786169633463
-2.547580211274614,-1.8641115116599338,1.1043484645024746,-0.954055492017256,-2.0427291429278216
-2.629845212710037,-1.6778733254429314,1.107468920758105,-1.2082041405875854,-2.0801704966421934
-2.5175719435479604,-1.9325181521269297,1.0898527658997519,-0.8502136627478177,-2.0724048860478224
-2.6029511234817257,-1.7053124660215089,1.0890422387044885,-1.037584403722442,-2.1057083831247283
-2.5515224412982844,-1.8217422857955647,1.0697711571462782,-0.8530373278626429,-2.0987592626022766
-2.5285944843520274,-1.889836745374863,1.0553244194520757,-0.7065623200875611,-2.0859841930003946
-2.408680605933252,-2.026826523777171,1.0555970786811546,-0.42818973042091535,-2.0613147873853697
-2.39668983099179,-1.9698379016441152,1.0854721885783989,-0.4366430956648547,-2.069816823345589
-2.572015212272996,-1.5051048273969758,1.1134064278749414,-1.0326013952758257,-2.081010951031614
-2.383612900496084,-1.9996566815592918,1.1323271556758248,-0.47988908829939997,-2.024735702683939
-2.5513280102799527,-1.6482535749428344,1.1464220011528268,-0.9699950167779567,-2.056563270032731
-2.2055743526654403,-2.223746589014126,1.2075120614321062,-0.22187710719452938,-1.9827960096005912
-2.027714796892983,-2.3877329041644892,1.2012297688246156,0.20492772329749992,-1.9709936990147283
-2.279002078942583,-1.8315339486906637,1.1723659633320043,-0.43266590261341803,-1.9758287964161148
-2.5098405953237015,-1.4826505298184127,1.135584294421659,-0.9826729668890947,-1.9998635888338652
-2.406954251253949,-1.845028230958618,1.1171491907700837,-0.6830120904702366,-1.9884829218272668
-2.244254858796531,-2.140349576395511,1.1182547418067459,-0.21243672809390332,-1.9619515501956375
-2.374023922891076,-1.8424981690216198,1.1335010770547453,-0.5119099647731938,-1.9913296241578533
-2.546424902625382,-1.6101975434842897,1.1170830907055747,-0.9112845931016849,-2.0425299389802243
-2.2808487742782595,-2.1369291939625668,1.1393570114900902,-0.28997287016765994,-1.9942913655964494
-2.3283098813252234,-2.0256217273338892,1.137070087959508,-0.36988812836449436,-2.014590235981911
-2.1488769114296384,-2.2665264264539093,1.124151197917495,0.09809767349724209,-1.945113834248133
-2.230040174204896,-2.0546079921487825,1.1298225600953098,-0.07702941820849273,-1.9599497624159028
-2.3866557610711534,-1.7651787341076806,1.1314752902379905,-0.4614856589557175,-1.998928286137086
-2.2987963439840904,-1.996490045805298,1.1178965938655099,-0.15474783472943632,-1.964640096370125
-2.5155656688605963,-1.633202921832322,1.1272971829070633,-0.6746924410155433,-2.0078264130639507
-2.28436464068732,-2.125770087935207,1.1741636238228421,-0.09514602000161981,-1.960480349857476
-2.1219183397654846,-2.315838180142546,1.1661367150385797,0.2865627086483104,-1.9304200222433059
-1.8838072129046823,-2.5767768969610936,1.212687185988535,0.8127859102741495,-1.9200652073669457
-2.2024904592550847,-1.88593115065844,1.2125732957200912,-0.011528658774971886,-1.9403479345241728
-2.287256991842427,-1.8663647429168484,1.1880146617961482,-0.12969783279524486,-1.9423080652586786
-2.483084605974997,-1.6105725882670556,1.1697373946781089,-0.5922326306603664,-1.9729644067624592
-2.649472452918262,-1.463802241986362,1.1429774924551501,-1.0008434922809875,-2.047773014431006
-2.715500227105638,-1.514584701996291,1.1092640644624423,-1.132165275324863,-2.0836491559277426
-2.8117607137807994,-1.4264180184800863,1.0999656426866822,-1.4140792796379105,-2.1062307131352194
-2.6934262241088183,-1.7965472838471035,1.0851546554590226,-1.0616914164234377,-2.1085341747588435
-2.527173922731401,-2.0602472562238994,1.0637900776130986,-0.6550841211602556,-2.078987417716854
-2.639178278208251,-1.7476174559405908,1.0719322263573743,-0.9796024183519493,-2.0971087796088086
-2.5226387561332437,-1.9913867114663968,1.067000571703756,-0.6528772684432834,-2.0866408070178974
-2.3709975894409223,-2.176364242002655,1.083127984129699,-0.2970756746470804,-2.072283277466181
-2.4586784492457996,-1.8643543185337195,1.1089641373052883,-0.6068005197937085,-2.072714697530362
-2.3252910595986664,-2.103162200198177,1.1062824334560708,-0.27118597256990545,-2.0286348376796455
-2.4630962005616133,-1.753831588636161,1.1109458587674688,-0.6813730325979656,-2.0629529081641036
-2.6569343609399576,-1.3957556455299698,1.1031549786650046,-1.2358331135564642,-2.0720018764014454
-2.436763430374557,-1.9328100452466555,1.1344601780320915,-0.6980092625900828,-2.053392770516111
-2.25037046620296,-2.2308136017613958,1.136039753428624,-0.2316920575920093,-2.01498261201159
-2.1809647808897084,-2.2383934663546228,1.1345011697014362,-0.020107113448607265,-1.9864326252385889
-1.9185806665363765,-2.5350742394561028,1.155483935243463,0.5616778999664133,-1.9385997108301731
-1.7661161055466432,-2.615108304769762,1.1839123717927127,0.9299180924922109,-1.9029991800750057
-1.7635423747608634,-2.4849917382144224,1.2085821135678354,0.9750260423549393,-1.8843161215735689
-1.9766387227229456,-2.106431368949556,1.2324915826210492,0.5345423756954343,-1.9121803411717901
-2.236735323682872,-1.7744223870502385,1.2096955730009926,-0.033367801895595954,-1.9307034313240798
-2.401327169259402,-1.6899608926744043,1.1701938562416008,-0.2889721714459069,-1.9694732551746608
-2.507150540457487,-1.6578127861783711,1.1459236995576219,-0.5038104860754233,-2.0143866016234395
-2.66829299759983,-1.5238823609899947,1.1058179510393724,-0.8644796739077104,-2.053987781120266
-2.5552937380200196,-1.8822336832918654,1.0958922568715965,-0.5282799366235743,-2.0388174673587005
-2.602098529751041,-1.801952565125971,1.1062820413151482,-0.6425060596130845,-2.042713251445613
-2.741944838824077,-1.520350096620458,1.1288210566200467,-1.0682469452753438,-2.0884234196456295
-2.462402816944608,-2.099486058136856,1.1632275638593035,-0.43498154687428026,-2.0113740277901804
-2.5056230050814436,-1.9050628752742298,1.1431784445182838,-0.6318561663840156,-2.058393582516685
-2.448151630569349,-1.9567428888836735,1.1326179859972019,-0.5014539551416441,-2.0296081538730455
-2.4301667813077668,-1.9958283063021427,1.121009071403218,-0.3919447696890552,-2.0302912910302617
-2.4193576843365494,-1.9989945372077922,1.1287551157860296,-0.3352382354499118,-2.027309234597438
-2.372446661620985,-2.0452859378270243,1.1362469657868024,-0.22090346650457654,-2.0097926115004086
-2.487104623831009,-1.7776134611126413,1.1619831473782158,-0.5373839423272476,-2.041343105959739
-2.3836496534291447,-2.0080461710391155,1.1561209596874755,-0.25790727460252094,-2.0307778846135847
-2.2182323049972217,-2.225619505288331,1.167949746050304,0.10384178430964001,-2.000262056655322
-2.2519880187442003,-2.0946928028348406,1.178477961922736,0.014141441928529645,-2.0013034599427564
-2.433574871280714,-1.758307112533401,1.2216196179239052,-0.45762262622772815,-2.0359410676808127
-2.584541567777086,-1.5267353873627387,1.1884321765600405,-0.9282461370051556,-2.0654850402389457
-2.4215998606727704,-1.9693095867405208,1.211461780047125,-0.4466923414879737,-2.019290943767346
-2.3513117538854424,-2.07942998742213,1.1989002295765356,-0.27486443471379346,-2.0220116607666543
-2.22863628344446,-2.268424596377237,1.1848819814748486,0.08049373340626051,-1.9942214712182518
-1.946481138252503,-2.5680502916394103,1.2172320561354713,0.6726913878699711,-1.9523463275730366
-1.8840938525646231,-2.4508926523439287,1.2300643391644521,0.7785277125656354,-1.9135853647284942
-1.8390106351065154,-2.413600194062528,1.2455639695327665,0.9319474175123925,-1.8755291380416295
-2.129550289036204,-1.8763354769376506,1.2643396829016869,0.206506157763923,-1.9333469203356142
-2.050813794358077,-2.151670838423051,1.2538964782541686,0.4234960629281295,-1.897151871340393
-2.368492578529118,-1.5980539953824466,1.2374778640181245,-0.36462065300638474,-1.9628046445889882
-2.1584290651826508,-2.1479598493189838,1.2489271454179138,0.14965998061351357,-1.9022128287569204
-1.9014451982252634,-2.5333947887169717,1.2929351370790667,0.7060900398067449,-1.884654405045619
-2.1720313229814487,-2.0363088338092554,1.2912111570292448,0.12065560109087384,-1.9482349098382925
-2.069246431180847,-2.222826302079682,1.2678327802311689,0.37028261557274283,-1.8993977562887991
-1.9445060521568396,-2.383898776290948,1.2528764993162256,0.686760020528037,-1.8674268015088904
-2.269823287545005,-1.8053526140248104,1.2284458728883683,-0.11340374641141464,-1.9385247401971488
-2.517271528560729,-1.4951102136292467,1.197985593817871,-0.718874036070073,-1.9889392472376386
-2.4319737939938966,-1.8667660977872786,1.1839749407012663,-0.41804009366740147,-1.9679057179909865
-2.4301210474490507,-1.9404982680646878,1.1400542924149288,-0.32691260096148456,-1.9828288896168609
-2.259419632549686,-2.2375726250599124,1.1516672718240395,0.12762333430831393,-1.9468234101547794
-2.3619008795031986,-1.9507371418864268,1.1703981243074495,-0.17059090315640252,-1.9597129643833127
-2.598388954418428,-1.502886147197534,1.1619423893596652,-0.8727333440767816,-1.9935139634801469
-2.3024913920659853,-2.1038913996456556,1.2328557921223582,-0.23223948089039875,-1.9331349411069765
-2.007540831863237,-2.476540071589451,1.2589311447254163,0.3897079636772569,-1.9023057520494893
-1.7599635187941205,-2.667760178190878,1.2875959782661084,0.857216809928905,-1.894693947587111
-1.9813780643034629,-2.2279496213042917,1.2762293202822543,0.4236384170302088,-1.9050149358068056
-1.9884057866664784,-2.2342347590244023,1.2373193072417246,0.492787990074557,-1.874446729426107
-2.3013018213792984,-1.702387713906502,1.2182663271868501,-0.302307575071483,-1.9100486987933105
-2.5495368943751093,-1.449326975508068,1.1898004893483305,-0.8830213219223253,-1.9676977684673063
-2.3163945595358704,-1.9993295338639465,1.1771084342106781,-0.3376110113004567,-1.8952653781578244
-2.558757668282476,-1.5627314184178447,1.1580213566174478,-0.9940208946974075,-1.960698235242222
-2.7418459654778378,-1.3892446243244216,1.1107381527825322,-1.4318899719989346,-2.0306401532934766
-2.671639599041821,-1.7229743539348843,1.076643774964112,-1.1577049642057002,-2.0451082160209553
-2.720679685806768,-1.7164847593581407,1.074008143250492,-1.2129736954178192,-2.079840592632887
-2.710623358569972,-1.731346737966802,1.0476872244721267,-1.1442633072736739,-2.107860728836171
-2.6766039429387525,-1.7904178007783158,1.0644186109309923,-1.0667173797410439,-2.1173900959035468
-2.4264076578179234,-2.1911416439964966,1.0822014739782755,-0.46091549624803,-2.081730203825563
-2.5377647120222897,-1.7503721703883495,1.1070359131242629,-0.9337542825331253,-2.088495707812603
-2.2440661071153523,-2.2338032542721105,1.1408195277049178,-0.23435345013686046,-2.0182461467478663
-2.420593415282631,-1.7812514234899233,1.142190066197342,-0.7626615333321863,-2.043569988499544
-2.1346261453305684,-2.30263704110202,1.1921564538656684,-0.06909482268295439,-2.003823131021679
-2.283894397771655,-1.9286258807231138,1.1805052750432359,-0.4804441774874287,-2.0250649214288403
-2.4960022470310173,-1.5825456678777883,1.1622486418956306,-1.0012211738769226,-2.046895153751522
-2.6656332889066108,-1.3649918167474253,1.1102523382132905,-1.4582436209214704,-2.0778116356377425
-2.7235950313776827,-1.5006396690587278,1.0820265664962123,-1.4634524659243238,-2.131376784307194
-2.461039147182996,-2.0637681746112793,1.1057111677710698,-0.7294861959190984,-2.069080289617477
-2.4218252777844653,-2.059044181375382,1.110942294010971,-0.6157342496656442,-2.070418848742956
-2.30152954334411,-2.184614541590659,1.10049598950667,-0.28525037805802794,-2.0288900308467106
-2.522850094433849,-1.6188602327562434,1.0836347801884239,-0.9415975250558222,-2.0184845604990715
-2.188052531920342,-2.197467872991438,1.1399796472996253,-0.2371301805926575,-1.9659140854400847
-2.277477431360467,-1.9880455341900873,1.1517986263630697,-0.3633323777141005,-1.988954915531331
-2.173465980719359,-2.1427072111950527,1.1406028625372882,-0.07680361616799203,-1.942743509591341
-2.0939922704426217,-2.250025706223899,1.1492303945884468,0.24731189433407186,-1.9181074471119979
-1.9078305433413805,-2.43893173131825,1.1917148979624985,0.6971716314400328,-1.8998202903552706
-1.788676845842429,-2.4985450632667376,1.2216980645290811,1.004538681230925,-1.8523803315445186
-2.0388647009050715,-2.046706930691534,1.2380431003782304,0.41437323692414135,-1.8849865040458957
-2.1853909893883143,-1.879254045919873,1.213575527405903,0.16401423643903418,-1.9196043793238404
-2.1728462738055803,-2.0037813839593563,1.1841426564275768,0.2559286310603621,-1.92120134668353
-2.3633570628564717,-1.7580144585396333,1.1993928886500131,-0.19841358754983363,-1.969210475292156
-2.2488863911080084,-2.065506666566667,1.1748986009907585,0.11639037758959428,-1.9380180644513785
-2.319635759709119,-1.9655846561115906,1.176864850632307,-0.0097994266292152,-1.9661889736740246
-2.4411301123281826,-1.841086901393334,1.1523482433867336,-0.2122442447121616,-2.014391634043545
-2.238081845875714,-2.2421223254171223,1.1439704732877243,0.28588467470625695,-1.966410880553542
-2.4667296914084416,-1.7239766792766813,1.165096356657975,-0.4199100648261248,-1.9971151305557995
-2.394421042601005,-1.970747801645538,1.1372799370949267,-0.1927866408494993,-1.9693648281467802
-2.1637787060896074,-2.31704701426209,1.1606053272075871,0.3361168625401554,-1.9259631051987762
-2.019918990207778,-2.4355430283046036,1.1735749174638013,0.6568661078207131,-1.8921005075197714
-2.1446284432703804,-2.16607286800592,1.2126985614132728,0.36079046703140843,-1.9258802379445927
-2.3241587386291087,-1.8836943656144096,1.2046143241634057,-0.08983214840760968,-1.9583613280237155
-2.3369910858270457,-1.952429970263962,1.199078912825598,-0.030319781242111928,-1.9787697119568792
-2.1696619631549594,-2.2628304247865767,1.2264103818868557,0.38140035424188334,-1.9215520945505327
-2.3366644270684964,-1.908915651329396,1.2362272426874967,-0.06155256922453807,-1.9707078807139105
-2.4974277038804367,-1.6600376810418227,1.232948434062983,-0.48052730444919106,-2.008045389885286
-2.524481052758116,-1.7436896272379219,1.1884301836194715,-0.495698429507869,-2.009060736150903
-2.4434856440974144,-1.965542725664854,1.1586804156354247,-0.26970565760136794,-2.003712543138968
-2.563630343218278,-1.7675278859516936,1.159781020380446,-0.5743534405293755,-2.047464709740457
-2.371733903242363,-2.113577309497476,1.1889017751350184,-0.12367739575665083,-1.998879511528468
-2.135044748384562,-2.4149630905833477,1.197379405329693,0.386097041373117,-1.9814479494768082
-2.1391691395955794,-2.2972628004958118,1.2059658346403748,0.418634073742486,-1.9556385566553671
-2.3627391215625324,-1.7450063849061896,1.2236715159109677,-0.329452116599075,-1.9836460333058619
-2.215889246875896,-2.098469168968258,1.2062409045906928,0.023073158914413985,-1.9506630188893446
-2.0983635061281367,-2.2910252936852973,1.2268831462384648,0.36810989239836317,-1.9219081344053206
-1.9815206965449454,-2.398474055492891,1.2436165586280874,0.6617109833422459,-1.8891554179371006
-2.229542710186923,-1.9042007932737814,1.2627777929688055,0.020007987602165003,-1.9458429564059612
-2.292156814437012,-1.9004638260557463,1.227942376952117,-0.08050829898528383,-1.9549155449979756
-2.5065587346530065,-1.5742093994420463,1.2121265514667874,-0.637535795153553,-2.0083283827958622
-2.658571630369576,-1.4986577759610513,1.1751702260337038,-0.9877837116546606,-2.0807828765631466
-2.625095601535628,-1.7571302380276277,1.1435882994183224,-0.8007423182555036,-2.0823729340591015
-2.7481309360550665,-1.614241959538059,1.1150303400693788,-1.1028524689287644,-2.1328111317410294
-2.803682456726849,-1.4975495433589325,1.110132367320473,-1.3574831254575346,-2.1589398222260088
-2.9196933598894113,-1.3454331368327224,1.0923384109945065,-1.6507446958785805,-2.164303456355039
-2.8797529520011285,-1.5791609001527227,1.085072743891921,-1.493721282996626,-2.1705365414180173
-2.93034320434554,-1.4561345484629842,1.067279457134811,-1.7120705074107265,-2.1913348101487653
-2.865794491590473,-1.6589034482613212,1.075015216392265,-1.5287942665871317,-2.2092397556148207
-2.696946303375215,-1.9475006216730408,1.063675313119515,-1.1004219739493264,-2.1523906273724656
-2.7529384165147577,-1.6442665365262572,1.0792448681026598,-1.3811707402628015,-2.173232809708643
-2.550811718328848,-2.006998390100927,1.0817437528567166,-0.8860213416432156,-2.1025400162331547
-2.2119313380289873,-2.3838941573342365,1.1196671368971036,-0.1631919815878408,-2.071276207668693
-2.1702628349031845,-2.2262865762025528,1.0995301752737552,-0.11895008665348564,-2.0581767344504813
-2.2147825898981415,-2.037129424011903,1.1058667299017901,-0.22346274442583472,-2.0555656746261235
-2.0613204004500134,-2.2643948530795517,1.115384590840515,0.18450183324527006,-2.004570706584194
-2.2807772953259096,-1.7861733981190586,1.10743815937629,-0.40397155377114347,-2.004175561144973
-2.252884132802708,-1.9571615032335534,1.1291256330904993,-0.19033371065383156,-1.9823026082437103
-2.1981677298860944,-2.10931667434215,1.116907526908629,0.056402648911567786,-1.9680464637057007
-2.445513276323446,-1.6420923468032511,1.1208946993005124,-0.5890349196560561,-1.999736644899058
-2.2893287297696348,-2.051605328094686,1.152110388206791,-0.1481925132012648,-1.982305209970071
-2.15944049279179,-2.2590260015026997,1.1698009126848097,0.21305484938963398,-1.941069929213695
-2.102731864587068,-2.286092808128234,1.1627259855666,0.3841401827553546,-1.9326142994329885
-2.332571744584152,-1.8070217928516257,1.172741056677965,-0.23403957771492714,-1.9739263941045846
-2.5055079347268574,-1.6370768015988943,1.1665026241901075,-0.5774986302221898,-2.0208963683523176
-2.6629122605963964,-1.4345399264015193,1.1550618884563864,-1.0430270391620158,-2.090218557349881
-2.625117756142578,-1.7459263296953293,1.1351095460594085,-0.8099216731259953,-2.0848463082251696
-2.7065981277896576,-1.6192173665329306,1.1235175007908644,-1.0344252039256305,-2.1045750212290364
-2.641995016165445,-1.8560298198441507,1.10802084644271,-0.8212809283249977,-2.0983399377511116
-2.4429624009631423,-2.1520859475965426,1.135757284394807,-0.3829079791441646,-2.073113776232463
-2.237532178432812,-2.380123366089649,1.1530145934889886,0.12922383312103825,-2.0257427260769263
-2.4541412609270816,-1.7934748460939327,1.1358921109201057,-0.5458111487720023,-2.0286491793530104
-2.5315397835492095,-1.7113890297966843,1.1445590591476347,-0.7332319093291741,-2.0571677868209983
-2.4512882831449647,-1.9108317232716683,1.1248863319878952,-0.5193001043153783,-2.0234249848355996
-2.1872178167059415,-2.308853100995756,1.1600715428963257,0.061214452567967814,-1.9889360544781844
-2.363605071984356,-1.9144842282882344,1.1996461917086887,-0.37158186537739735,-2.0434477728553944
-2.2033057161271143,-2.197391469095299,1.1920294857311735,0.0028910343075137,-1.987546577066364
-2.3016891994444766,-2.0023329500375664,1.181492006802972,-0.1973102823160569,-2.016102480214414
-2.3750720643242205,-1.90345625378532,1.1638947254295378,-0.286812552676671,-2.0441588936874617
-2.570535453523575,-1.5207191836117,1.1579802604282867,-0.8681434581474093,-2.065621992855532
-2.725030052932347,-1.3424907752957016,1.1297277031201864,-1.3266537561503566,-2.107622231900005
-2.884393552852532,-1.165827468467435,1.0805958374480311,-1.7760240820624866,-2.114482430065027
-2.8627326462783524,-1.4610338387743151,1.062476991340067,-1.650201325163134,-2.1410236078636573
-2.8828541231910974,-1.5216681156422667,1.0396742901456608,-1.6694875211268352,-2.176982463981987
-2.5873764241643227,-2.0951784756119105,1.0670239434996718,-0.9199591349294248,-2.119583216017008
-2.593628334691183,-1.873567622879951,1.074869096108685,-1.0559907449260895,-2.121467186416037
-2.7172261001855116,-1.5570383337674365,1.0706314712731229,-1.4287037765655282,-2.1285788634067115
-2.3315863390747125,-2.1853619014906105,1.1440065279646157,-0.5837711004781012,-2.0714266006877358
-2.427513333330374,-1.9340155952553832,1.1302010455975644,-0.8115835529842171,-2.101503972221129
-2.452166567834829,-1.8342747908424275,1.1062679963372475,-0.8809119260125414,-2.0916360353266263
-2.5975953168617587,-1.5355926683403371,1.0534866270287304,-1.3088767727265507,-2.0770998738377755
-2.7306963307288803,-1.3792233694911422,1.0513019756521813,-1.6109681058128327,-2.0976375694047533
-2.7144965525710836,-1.6132622923532354,1.0242852324544107,-1.3981912347227752,-2.0998199022553576
-2.564061464049765,-1.9219539032144592,1.0072846875730197,-0.998026239483099,-2.0728713563251753
-2.5466879702606366,-1.8630312477039794,1.0351361720549563,-0.9576734903821824,-2.098883775405868
-2.625497108339781,-1.6853989702835996,1.0414160625224547,-1.1571334187157991,-2.141830258708559
-2.5863316959358937,-1.7758602905457859,1.0598130154088703,-1.0427624300966671,-2.124356330835328
-2.6892787773226865,-1.5175605142640685,1.0606529965125704,-1.3574994203032276,-2.128242876237367
-2.5718995479051645,-1.8303333395139088,1.0694380494553573,-0.9765430645966048,-2.099625213303431
-2.6749072676086025,-1.6026293204233824,1.0692808645729617,-1.234130283830344,-2.104087169676113
-2.603742211207819,-1.7762535661153038,1.0425019125965325,-1.0200153328262431,-2.10578063186675
-2.4706930287870157,-1.960316904923366,1.0734771968862082,-0.6641904741841154,-2.0728831932566134
-2.4584698442226363,-1.9127782769483936,1.0709873438505315,-0.6274916083531514,-2.0613072380277804
-2.5830609933832793,-1.5920591732592755,1.0970499513757845,-1.0316793149991277,-2.109423627175155
-2.685221517027108,-1.4920302190540202,1.0923875619857224,-1.2337669596911125,-2.1375142892421466
-2.657795647472197,-1.6531078832196229,1.1015619361695497,-1.1304086038533225,-2.1305884724715005
-2.6655944827922053,-1.6644346413269506,1.0960434348120867,-1.1613727697784497,-2.1508843731580556
-2.3571148717277657,-2.183995695650292,1.1237723966951603,-0.43206514841432925,-2.082685953751205
-2.486127221925523,-1.7857694606244936,1.1392769962700715,-0.8431278072581042,-2.0823055948298688
-2.6573838374678886,-1.4154077358505546,1.1010589440736422,-1.3585343821436988,-2.0846079979363816
-2.783042027515382,-1.2990895981564834,1.08260672506762,-1.6792981978204626,-2.1403808754210427
-2.896473252705844,-1.2209168961923764,1.0322456381853766,-1.9852076000614176,-2.160286562639889
-2.640496314773565,-1.847752236754253,1.076598768574839,-1.3427979780792338,-2.114843397576402
-2.5805922392799863,-1.8781827356906293,1.0363684568164557,-1.1850261755186495,-2.1310176057417993
-2.5690401570958943,-1.8145569441185276,1.0329968536037315,-1.1323180772508343,-2.1254183851911175
-2.6444454122996093,-1.625839019624273,1.023197727375834,-1.3355230463361056,-2.1304408144602744
-2.800715863105177,-1.3288472294358296,1.0114011423281255,-1.7801110357762318,-2.1403567687818055
-2.771876383524159,-1.5462866139526676,0.9936621144021043,-1.6078124408787908,-2.147450774422177
-2.570382200749813,-1.949041649407141,1.0402707773535296,-1.031980542222862,-2.1286804668777926
-2.715314891943832,-1.5329334093535436,1.0290309396741737,-1.5124040458095387,-2.095065143204673
-2.532542541211123,-1.9186824192678702,1.0297336109086022,-1.004527972383706,-2.0746843176530945
-2.530892824717594,-1.8214510300132076,1.0122632421055124,-1.0358454990147008,-2.079998571546167
-2.553530442064447,-1.730967486320622,1.0279601285580928,-1.1258553808906484,-2.093783910690428
-2.2962141760955666,-2.1650287791512297,1.0599293535352965,-0.4568749832412752,-2.039892160915799
-2.495355967900271,-1.6411697772147247,1.0471683291297484,-1.0533872938698543,-2.047849892969057
-2.417022631631263,-1.8686206333488997,1.0740644938728627,-0.7679345140177798,-2.049428456595083
-2.3838312113437308,-1.9300771347542631,1.0783966454445721,-0.6034314764795241,-2.029069455822526
-2.117652348279661,-2.2947169443101485,1.1103368466463375,0.023964274815014622,-1.9933298896870966
-1.8768851828637743,-2.540195381909051,1.1467247180705062,0.5776143207793404,-1.96649153023998
-1.8994202104316915,-2.376009042987056,1.1349349474712183,0.6152666608809203,-1.9379987786053503
-2.207731066926457,-1.7694478539039487,1.1170546290706602,-0.17541552642514188,-1.9379061472938433
-2.4729012762640745,-1.4255311549174783,1.0906729270263829,-0.8285449261755358,-1.9973905840066426
-2.4555094098182355,-1.7302585173854366,1.062540284679765,-0.6500483805942273,-1.9661518647291265
-2.6480054264795476,-1.4437094229250707,1.0635463543211305,-1.1535338234014512,-2.0175748045618427
-2.713433009172239,-1.5508239431670343,1.0696630782556398,-1.1778932108767226,-2.0542276894457374
-2.7571049932547194,-1.5783623243348612,1.0657195242168767,-1.2271519907777906,-2.1002047927658105
-2.6219099891209297,-1.8840771816833946,1.0584383530583663,-0.8731870557982327,-2.087052369964544
-2.7512918031439035,-1.5127179126883235,1.0548067734625206,-1.310992732362446,-2.0920444862730494
-2.492732831427486,-2.0492976076679623,1.0864330249527179,-0.6869814833248038,-2.044306512208423
-2.291837838949933,-2.2667371952551973,1.0683533889679173,-0.22869595559770384,-2.013762385721728
-2.261690166610921,-2.182041533397511,1.081694371308735,-0.13144430055672435,-1.9903136490244748
-2.096379238382014,-2.314450362699782,1.0839916767002957,0.2625352183589954,-1.9658822973106744
-2.0884401211368533,-2.210229151918628,1.1161072384822726,0.3368904331816338,-1.9271124561197817
-1.907349188172308,-2.4041910939411015,1.1511586160691691,0.734049481801701,-1.895117489356494
-1.8135035267703714,-2.451685465640621,1.1882263549294234,0.9616948581285576,-1.8629211006421986
-1.8979663007786207,-2.246868471719903,1.1995287950795228,0.814385046449315,-1.869312449222848
-1.9521274093876726,-2.1745870915172,1.1998544149062789,0.7503988480104954,-1.868451233884761
-2.1107917599710615,-1.9957458289185779,1.216826712468498,0.4904037020105485,-1.9013498042038388
-2.343779953426216,-1.6912901383753325,1.213673786992304,-0.04310595456684203,-1.973571543145745
-2.361228347239336,-1.8339844018826474,1.1640168030112188,-0.014750749007986962,-1.9818289964603957
-2.563354619285091,-1.5286340165694152,1.1793762241033374,-0.5912465044139755,-2.027521608538909
-2.4823532582855803,-1.8935361660649612,1.143441395138149,-0.302282235242032,-2.025853787797542
-2.610475670840001,-1.7367257394208762,1.156717299323204,-0.6168333045025474,-2.0614890956466643
-2.5226842267868053,-2.002171643801023,1.1267036533281993,-0.30239112609206537,-2.028432543172806
-2.5539059085211626,-1.8972368886463737,1.1501150589960678,-0.4099804746189982,-2.0695184410303047
-2.4603207977985972,-2.065528415018435,1.1510795645770378,-0.19121761376503885,-2.065299724193179
-2.643945206292713,-1.5744832645015496,1.1563336758620049,-0.879378384388108,-2.0690250034868884
-2.30325857105446,-2.1933992046204085,1.240224749802907,-0.19224415329986425,-2.001637232875331
-2.2523484466644197,-2.200821073684921,1.231231040779323,-0.05650508192962375,-1.9992581264429068
-2.2366391510068833,-2.152269263684404,1.2133399051998806,-0.012108124710690019,-1.9721896186782863
-2.3545327749109344,-1.8647991217353195,1.1961275522854569,-0.3297775948796507,-2.0227906417219303
-2.5537001452886985,-1.5429852416747585,1.1780535192019579,-0.8561116156270513,-2.0553968477149422
-2.7624459793365843,-1.2659213987540034,1.137412437012281,-1.4164194045547236,-2.1036067585483704
-2.7581016481321012,-1.5111627160972618,1.1088938859062698,-1.3105558932552424,-2.1166136842036867
-2.700899908308346,-1.7290328574246299,1.08325732625248,-1.1396883184513136,-2.127332297058493
-2.8339988487101935,-1.4363654699296795,1.0717969938774348,-1.5132476179885392,-2.1359085754944394
-2.834647847802167,-1.5310229731033451,1.0622921785413504,-1.5440338315331694,-2.171900333123285
-2.590608954634953,-1.9733578665919382,1.0753277013975757,-0.9659538732333698,-2.126243155227761
-2.722994484465083,-1.558956149180167,1.0425235700739937,-1.4523646547554299,-2.118063149666071
-2.5782988275420027,-1.8808556044741311,1.04563894264096,-1.0825015965416505,-2.1014316574460974
-2.4882996664591985,-2.0013426612410368,1.0385440885972261,-0.7908438261778457,-2.0993205759959084
-2.6049662358454637,-1.6649456740455468,1.03831509944638,-1.1408698145855343,-2.1028898447627546
-2.3123475753785656,-2.1747009227700507,1.0937663469286523,-0.42935199287047954,-2.0518247620935073
-2.5094559608785483,-1.6314336168390757,1.0738489138122882,-1.0823247216335943,-2.025408718066242
-2.547202505563114,-1.6399322138572705,1.0804278928333315,-1.157148065876269,-2.0686495501071267
-2.6420164366691736,-1.5763368633906778,1.047083993665047,-1.3075799184621604,-2.1003671785071836
-2.729074758491798,-1.4640758761918191,1.03243646104578,-1.5247826191487441,-2.1173312374266553
-2.7378988788326692,-1.5990210122642203,1.041139378139667,-1.4181180367717674,-2.15413963955215
-2.8040267796561764,-1.445352261633778,1.037078805455144,-1.6534259925638048,-2.1725988054089953
-2.8863617335795055,-1.2942311424433324,1.015619805318302,-1.9432956871548008,-2.1632482050581645
-2.9663054765911006,-1.2133651285151628,0.9969991299827716,-2.1604785465228407,-2.1754502042582207
-2.9408111709266724,-1.4285904798233233,1.0086743775706155,-2.023924544299832,-2.2019558830970682
-2.551513023490834,-2.078558956614896,1.066020596756357,-1.1349358652723076,-2.1395470941646666
-2.4611540663624254,-2.056968617404725,1.0402676154243533,-0.8983498835427745,-2.1218585370146874
-2.3463816038361114,-2.0827664133375703,1.0424667684095106,-0.6749752621645748,-2.102572962020469
-2.2396225657722484,-2.1400453486724738,1.0294591652730571,-0.38544807491205996,-2.0684242815247313
-2.366749901752616,-1.8356384617129353,1.0160396868912331,-0.6372326312440868,-2.052254742435625
-2.237738558432932,-2.0405097669234653,1.0237787979922393,-0.2593204174399831,-1.9993284183114695
-2.296849105499116,-1.9162416050434368,1.054507505720111,-0.3555567418868105,-2.0175706549783907
-2.47930681681054,-1.5407026410586049,1.0614149446957655,-0.8577957284493288,-2.0232481711342047
-2.5428742541089373,-1.6074586449454067,1.0487409600674442,-0.9333851602303982,-2.0696688368029705
-2.647288032836955,-1.497224147675269,1.0564812948017053,-1.1910862977981962,-2.1096471105346377
-2.6038684155575473,-1.7351374118676142,1.0566527074593115,-0.9494634637743309,-2.070078942756864
-2.352194736195389,-2.157399982231217,1.088299479463972,-0.3468107720773796,-2.017697937995671
-2.441469937763598,-1.862659176857594,1.0797231448448958,-0.6370212048323923,-2.063878294966003
-2.561078024725266,-1.612981769629399,1.0898138743749288,-0.9848055182660058,-2.0821256216017194
-2.7221865270981547,-1.371354358430162,1.0798450887975657,-1.422154257365764,-2.112203758510714
-2.709556989082422,-1.5443660207246324,1.058025485608429,-1.3697674365744559,-2.1280875407781648
-2.6022199932522376,-1.8367336503367397,1.081248992084472,-1.0250303667758502,-2.1122252342370875
-2.711931943240861,-1.5400959935770953,1.0623105561678097,-1.4200746352218132,-2.0955517243284687
-2.803339509682254,-1.3575786326303543,1.0607914603117383,-1.7484127204397257,-2.1047088071864253
-2.6315974257911754,-1.819275157468038,1.0675003203655287,-1.2387429000427321,-2.0663545057841914
-2.7386970461393934,-1.5576901822214035,1.0701515787636813,-1.5336763344390256,-2.094854856651667
-2.4825982529002295,-2.0385150156040024,1.1053214712672743,-0.8703565627489285,-2.0591755351038503
-2.4881512281446825,-1.9134765993794238,1.0964920136630834,-0.8950892533893644,-2.067685697470928
-2.2554085097689507,-2.229561593658912,1.1145087247795773,-0.31208326904434963,-2.0153172211317383
-2.12239246582726,-2.2871724415433463,1.101866569351731,-0.009396849602600222,-1.9930841405434478
-1.9498162790649423,-2.3963612706005244,1.1261160680322773,0.4038443902447829,-1.9591012948205933
-2.04867268966096,-2.129458990383702,1.1620546708914574,0.2083942885232735,-1.9603115107132327
-2.1556893996598396,-1.9460095721670196,1.1477665216481254,-0.023859316573290063,-1.9588132423869018
-2.444176255328577,-1.4850685475868908,1.1436200348457286,-0.7224067707589936,-1.9833305659078093
-2.288108204372855,-1.938288527868046,1.1432560078290217,-0.2980172162675398,-1.9443668902420064
-2.440638782161259,-1.767539712251648,1.1366056931636666,-0.5843574704242536,-2.0100606432594943
-2.589717447325589,-1.5429214012047874,1.109256101330888,-1.0070656871913242,-2.0559309710508717
-2.7456594844427804,-1.3950863304232672,1.086703213778121,-1.3967771901693324,-2.112646835801815
-2.3984391422142193,-2.100298503414471,1.1684276282991481,-0.62646837457836,-2.0229419367239583
-2.2294168201070796,-2.323467662194356,1.1560505477117196,-0.14243155356902876,-2.0029694704921845
-2.1668856425105454,-2.3125482209586656,1.1477824496737377,0.08421427285464105,-1.979013462627176
-2.2199979951017066,-2.1255080411184117,1.1450063795107048,-0.027510855526722736,-1.9703650632775331
-2.204283490660866,-2.1356274681170664,1.1591885456276734,0.1166561402112261,-1.9450257948053404
-2.427857405709947,-1.6316593636434393,1.1648328853739176,-0.5800698584887222,-1.9941516910001722
-2.547028405172796,-1.5959038218909727,1.1489495884998466,-0.8132795442110278,-2.044332575176716
-2.409749352577651,-1.9701139810639152,1.1531558651060347,-0.43395369302507414,-2.017950372022956
-2.601913818165709,-1.5184025226453726,1.1352582810130356,-1.0689202891908216,-2.026611146993258
-2.7343107593089035,-1.4183089530884965,1.1438151453230887,-1.3843200475248656,-2.082277098998262
-2.809411169487936,-1.3958065812245042,1.1117283354191574,-1.594245677464849,-2.1119685366141328
-2.686233719509179,-1.7916102576690571,1.0868582077328646,-1.1651833752960965,-2.081098662382635
-2.7971765547871237,-1.5023748386649747,1.0707278197033463,-1.5328509136427497,-2.118197565840658
-2.8351242662173566,-1.4936306048196764,1.084249353509071,-1.647873034150658,-2.1386437072339306
-2.478292394397722,-2.1253809432291564,1.1300032285955346,-0.8307239450978607,-2.08129448034996
-2.5867718603848906,-1.779296688686812,1.1062647504468544,-1.1449167075421598,-2.097406645650613
-2.7529541354985825,-1.4323820293163947,1.0459951390859117,-1.622540342073476,-2.0965537484404617
-2.8140496482804074,-1.439829238577413,1.044774217700091,-1.6855904443783851,-2.1200232420240352
-2.7496206092921733,-1.629667480528975,1.042031911410324,-1.481942855273738,-2.151419488586015
-2.8466244776728544,-1.383404474661029,1.0268201504937986,-1.8424465904796576,-2.139939178398325
-2.75711633609476,-1.6483790462420127,1.0398429524323272,-1.5528145016179842,-2.148429243364383
-2.739681336726698,-1.607230125455597,1.0361778707854201,-1.5951909064544458,-2.1603520921646515
-2.83785525168058,-1.3408671993059125,0.9943693353937773,-1.92235192628537,-2.161877789449861
-2.646137596013448,-1.8013082063503758,1.0287393316807876,-1.3665475457679246,-2.130172915093228
-2.743150373642655,-1.4964962555078687,1.0167750506159223,-1.7005745546831479,-2.1174622269409222
-2.590123552657747,-1.819708112326136,1.04434419556868,-1.262952345410781,-2.100111017295575
-2.596022395871624,-1.7586884763431327,1.0336197333019908,-1.2544793544096289,-2.0990784966804465
-2.6605478407003083,-1.5906882361556018,1.0360445288729672,-1.4396714530777504,-2.1245642074537803
-2.664363087073349,-1.630978592958381,1.0278609775340053,-1.4143220060440276,-2.136960839461184
-2.6847437524999203,-1.558267556023613,1.0065322758218143,-1.4719988204000196,-2.143701932624555
-2.556864088614066,-1.8233895160188385,1.0209863745560621,-1.0935887585027102,-2.1281330588474354
-2.5031406113035,-1.860822408844859,1.0048698806955374,-0.9009594197354124,-2.104597788378957
-2.6117439595353398,-1.5844495432349632,1.0221258266949824,-1.2230073697902015,-2.116611525444034
-2.733594697985051,-1.31721530533007,0.9939280883929809,-1.6473570022888326,-2.1384578530614733
-2.363071489762631,-2.0608267875342925,1.0829556289952944,-0.757815974681513,-2.0552160899665997
-2.364320743337265,-1.965588529052585,1.062580625923474,-0.7218114475497246,-2.0700879034055757
-2.2258419965014737,-2.145170865457538,1.0690845138257814,-0.33059004976796963,-2.0319852931725046
-2.3170750294466704,-1.9244126912923387,1.059794944594993,-0.5130780192340193,-2.0238116645477864
-2.1308176248008075,-2.1948796915835955,1.0725729680051475,-0.0822781879698975,-1.9861973227284657
-1.903555294115502,-2.4623006667184946,1.1126609861166017,0.49629844567151293,-1.9537421586295245
-1.753473140260556,-2.5496730174464113,1.1438422385090787,0.8490343191601301,-1.9139401470126411
-2.0566713897328768,-1.9531615321007971,1.1402195631870604,0.1223849622001004,-1.8960805972152752
-2.0234756774440084,-2.11269682634685,1.1303378157397157,0.29551052552659385,-1.8726849954917024
-2.057044511117387,-2.085391064467297,1.1326597142259103,0.30261964618165227,-1.8822670779197406
-1.8477931921181279,-2.434656283650699,1.1863995149355318,0.7991827254781743,-1.847166084616234
-2.079854569509845,-2.023653276588289,1.213220291623753,0.29948031247049073,-1.9215329910303245
-2.147239977270459,-2.021620558026067,1.176713979486657,0.24317517751201723,-1.9199491795628605
-2.397320251371053,-1.614216541269609,1.171891195209222,-0.4077431679016662,-1.9746984057568084
-2.309557728729179,-1.9698774134086146,1.1314509163283626,-0.10150002200862776,-1.9224465864776346
-2.1099322343359748,-2.349378834328576,1.1718076574831717,0.41850201036937834,-1.8968246331661667
-2.267686263161124,-2.007295760118213,1.1661801845814146,0.03383660452240478,-1.9317015866003429
-2.3361097012794674,-1.9310359880771457,1.1828882130536533,-0.0741935518833064,-1.9407983439572487
-2.179538390596828,-2.234373424324253,1.1892979917895659,0.32560336138630985,-1.8949653608343133
-1.990397697074065,-2.4710001935452106,1.2196755373027544,0.736115226709719,-1.8864945533095279
-2.2652847690141265,-1.9055458486884223,1.2308070675239025,0.0115906814618286,-1.9379883004939853
-2.2945086549938747,-1.949539154585913,1.209610841873391,-0.029939230629710087,-1.9357556195355567
-2.0648511866352193,-2.3525145677239867,1.252273264991938,0.4509215631654832,-1.901354910422609
-1.8194243449400913,-2.641294468640307,1.2935005969080013,0.9521981551603802,-1.8790279277185855
-2.1703794904858253,-1.9404984053158671,1.2627433362302094,0.05353169343042995,-1.9145372787484043
-2.3204020599628077,-1.8016087350316914,1.2151281458966727,-0.239502767330618,-1.9453961985472101
-2.197084904485047,-2.1064364891401848,1.2041249452786296,0.0987693605877978,-1.9094779405628175
-2.423751705039036,-1.756805199867827,1.1929263461054687,-0.43200953600613823,-1.9615136185966673
-2.66180414025106,-1.4289723146226387,1.151290099106272,-1.0224320197949344,-2.021807246734361
-2.7139466100898795,-1.5247178302593964,1.1071072330852239,-1.1245643799784169,-2.053009275633843
-2.4431826575703823,-2.105945239319799,1.1415901148290106,-0.4574021134540294,-2.0121593601099543
-2.5875403697024573,-1.7401619384311746,1.1253756637672485,-0.9048185047769054,-2.0344957905092165
-2.776392640887189,-1.39765523038758,1.097641749838079,-1.446618050401988,-2.068096515789112
-2.684104263663173,-1.740208106890541,1.1003670146417355,-1.1686153622104087,-2.0795379186496237
-2.766914413394145,-1.6005897240785378,1.0813356531373242,-1.3804381639464223,-2.10780836781311
-2.7273352660607095,-1.7142808693144558,1.0803328087170028,-1.3111107513971973,-2.1381596560133938
-2.7769325831838154,-1.641516122867943,1.072516092072553,-1.3999929229347883,-2.1609439183558035
-2.78743838994677,-1.5926963724675574,1.0638011851219462,-1.5107498911747463,-2.191885428479996
-2.8331070794974127,-1.516404965531988,1.0558151229882664,-1.6558732542361154,-2.211280595537993
-2.6077401974306995,-1.9772609556231007,1.0833493161261223,-1.0382113838910731,-2.1399742506344204
-2.588490683586107,-1.8591004964637674,1.080108649930223,-1.04492661343267,-2.1600451309978945
-2.473751620038715,-2.0102221736519468,1.0625103798786257,-0.7234985460766098,-2.1201044937149534
-2.2423404828487388,-2.26148117209426,1.0834868518734562,-0.19386102006309194,-2.062177055652315
-2.4359070662837916,-1.7423346188480118,1.1094324960642135,-0.7427010683197072,-2.0739415801013683
-2.6307203742629315,-1.378386964740399,1.102728425976821,-1.3335978638993522,-2.0826834761435915
-2.410651088120967,-1.936236186917742,1.110034645971572,-0.770146513566777,-2.030487140631851
-2.124816349018247,-2.346927254161665,1.1517907161953447,-0.07964279252311761,-1.9896742988954925
-2.3488503256023603,-1.7837123889542548,1.1298771698886116,-0.7418565441085557,-1.985961448223331
-2.210628786474784,-2.034784359587596,1.0946086417767962,-0.374169989755534,-1.9255264951331836
-2.3698615767635847,-1.7580782379929432,1.0994071202936744,-0.7014547814411909,-1.979132155945947
-2.2506589033672615,-2.008015759660545,1.100292186679935,-0.3394869977427164,-1.9609748052409028
-2.3209128733822855,-1.8750285227397452,1.0885030067628652,-0.4706193562941624,-1.9737485762186164
-2.3961945375184914,-1.7620159647649851,1.0886001303418003,-0.6343203940484399,-2.010080564027572
-2.461709225867109,-1.7673716578288947,1.0918703599526858,-0.6515897422816898,-2.0390527583555986
-2.6382829524026445,-1.4614774865361104,1.0967419659893989,-1.1364760230406532,-2.0527266793279932
-2.4058191988714945,-2.0252471895192707,1.1306877649972251,-0.5319260089955307,-1.995609995933779
-2.2700924112274805,-2.177905885580066,1.1111848172373913,-0.19211210074206425,-1.9698244396673392
-2.164359904742392,-2.266537468025913,1.1079620211174233,0.13796190407312367,-1.9367145835897084
-1.9636865957010623,-2.4787446970247675,1.1418949016452573,0.6054215266481592,-1.8977951189722329
-2.125418192933066,-2.1229917112100223,1.181247707818917,0.2427157193002406,-1.9101258513076458
-1.911998341477091,-2.414786994014514,1.2062216651292592,0.6569766818742916,-1.874889765986407
-2.1548039251407762,-1.949606992304342,1.2415921142715804,0.07406046920993638,-1.9281412237073388
-1.9366512761144279,-2.372076907858659,1.2585988780809327,0.6190706197382835,-1.889591336578898
-1.9000858795120386,-2.3606536201048924,1.2520536148964494,0.7266604248608561,-1.8619382015770725
-1.7127893894922734,-2.5695913297440844,1.281545996700747,1.1493227299456472,-1.8390828638363106
-1.6113444809171504,-2.655874676022167,1.33567188048381,1.4336650565122602,-1.80940609932931
-1.739731020462982,-2.3686067240941675,1.3474151523288993,1.2080819897857553,-1.8137905668111127
-2.0103440289524026,-2.02555880987692,1.3253927876528233,0.6993136920653812,-1.87884992611476
-2.3156754940005673,-1.5940638904986881,1.2718697478602528,-0.08979727185438628,-1.916857031652766
-2.1721956880478164,-2.0845463521854053,1.255035028941725,0.30447674872676334,-1.8700102941722454
-2.4107593762617654,-1.7004232599101492,1.2355348718096317,-0.3052034396517428,-1.9460828447336627
-2.513102211676763,-1.7250890309374016,1.1716194226667211,-0.4574545741877654,-1.9832310491300185
-2.301377999924766,-2.1635949289174663,1.1591735728973267,0.033995739255346,-1.9598470342301693
-2.3915786149087044,-1.9779094942983322,1.169765179949191,-0.16161078912303753,-2.006476831550965
-2.471742759098343,-1.878335167567356,1.164278774461112,-0.33055267531589944,-2.033414372676872
-2.529449345542485,-1.8292696498187135,1.157539035801686,-0.47776622116286377,-2.0752513193005218
-2.2422338454566213,-2.3067697750028175,1.1980862397697187,0.15868685442521177,-2.009486384225189
-2.13147489336774,-2.382560127055608,1.1916468876677873,0.3797678464602519,-1.9741254583321994
-2.213828438417056,-2.130910591210929,1.2092417921127319,0.19217353994796835,-1.9997568719941146
-2.413416576910621,-1.743068931399473,1.2080360971374369,-0.3551910698139359,-2.0418942770064987
-2.585291605052035,-1.6013265404333863,1.1797488459905754,-0.7439194403985042,-2.058121725860599
-2.490280845595345,-1.8985631375985246,1.1572318469668512,-0.4624665733218449,-2.013260860635102
-2.679546745791943,-1.4584917461203522,1.1480207937805575,-1.104072369988579,-2.0430250876865985
-2.3814527053694112,-2.072799205364847,1.2113573825585195,-0.4481760562909786,-1.990131509176958
-2.345114994998033,-2.0954544058531424,1.1853626238894153,-0.33700958004625853,-1.996279495259885
-2.3480625080382467,-2.0746483992077316,1.1895849601354018,-0.2862671848529444,-2.019001319860214
-2.248848661004185,-2.1739239318759416,1.176177032412755,-0.011422522619159558,-1.9880118807364455
-2.305431748404305,-2.0003891620704186,1.198385542074735,-0.12265411652901219,-1.9799774986239638
-2.5109794189372927,-1.5796331972647766,1.1793269467114618,-0.6995175946346782,-2.0429016967610223
-2.4015838076985583,-1.9111391290426996,1.1719776194967635,-0.4274092861078658,-2.001955661211627
-2.537183106005669,-1.7067905893579551,1.186447640625435,-0.7196547865233892,-2.068245954188989
-2.610801608826221,-1.6808455641791882,1.1659813771670862,-0.8174170126564049,-2.1023872499094693
-2.3662331101953176,-2.1525512354518463,1.1979646404733681,-0.2297925091791286,-2.030817807311403
-2.121250585093241,-2.449463106637858,1.2189180761755336,0.30711783451246977,-1.992507294568199
-2.1589482938547127,-2.202432262628269,1.2038714096789465,0.16267741426859475,-1.9737075021007202
-2.3383942580995,-1.8228916578410008,1.226921853025978,-0.32878127943293317,-2.0090660486273384
-2.561761091073426,-1.4805590585408412,1.1946316482914923,-0.9082181881691185,-2.057314584292592
-2.556462602567171,-1.6942001345982907,1.1754426489524439,-0.8394309621238087,-2.0767487564055362
-2.732914962156045,-1.4441475655378915,1.14201482071128,-1.2941163789959174,-2.1026483438672887
-2.5296849034986097,-1.957365883434466,1.149673493058305,-0.7654250385915302,-2.0503753665280207
-2.4352046463716315,-2.0956539106739935,1.1372081758427417,-0.475649469809683,-2.0422679064227753
-2.3098129766064863,-2.1947915086484953,1.1061336037374838,-0.18343211102070253,-2.0317868326029003
-2.475632505204989,-1.83138929797196,1.1162711734729962,-0.5844098394968401,-2.0607980701128183
-2.3733095723791817,-2.029315226393561,1.1214597149371393,-0.308913370471874,-2.0419838610414884
-2.5332981176414493,-1.670996068586034,1.1557729482648729,-0.7849248573395312,-2.065766240598439
-2.3073521948350546,-2.1334976641020216,1.1756148525112882,-0.20160032466654768,-2.0122232084023315
-2.1819859756733573,-2.2547108488794727,1.144029748826966,0.07003937405353669,-1.9914817445451012
-2.3832366054237957,-1.794448572369728,1.1588934790783176,-0.4854780603940503,-2.016344102755879
-2.1851076654429216,-2.187483888058884,1.1803016221133817,0.013804979771376125,-1.9716675117365108
-2.339171367750455,-1.8500584055096807,1.1777130040208241,-0.3667652495211138,-2.0113811993172597
-2.305495345688217,-1.9677453104659361,1.1512238058769075,-0.21207812806386542,-1.9977918858553025
-2.0681115365019482,-2.367240155237291,1.1952925615651682,0.35470820835331796,-1.931606628954842
-2.2499772620390623,-1.9054691513657576,1.1817885800590822,-0.17356285938850088,-1.9584109011088433
-2.4505896970877434,-1.633048691500172,1.1611580095295435,-0.625724189122606,-2.0083979893546684
-2.307187685494499,-1.9934115803947388,1.15339415591915,-0.23827585057984527,-1.9523859186021393
-2.1802789918183474,-2.2315881274333997,1.160869258572592,0.17428464170332883,-1.9297823494580693
-1.9389548746915968,-2.5294882451468825,1.1978814794000694,0.7300192807194396,-1.89574614260044
-2.216499779470689,-1.9422242042439446,1.215666038550548,-0.011256056350227767,-1.9279337352988093
-2.101951301457058,-2.187900852922219,1.18197761421402,0.30032593978634475,-1.8669767465017473
-2.2035788751173366,-2.002800171086434,1.1996934426629036,0.11613018880412036,-1.8894633728950105
-2.052403546177503,-2.3081188905086,1.1977346337778154,0.5026487733498388,-1.8526536848172734
-2.334799104167659,-1.7405457712432322,1.2079679653687487,-0.26089014991503073,-1.9030049835804084
-2.416961168308501,-1.7544740610720566,1.1786715891189696,-0.3895933818882525,-1.9508256098442116
-2.627173235151917,-1.480201513094496,1.167128450598029,-0.903513891228594,-2.01253504808878
-2.6436146042065705,-1.6750030156502238,1.1369096231015363,-0.8226496894535594,-2.04432865985626
-2.748624084280631,-1.5672427640406839,1.1302454442311043,-1.0877309616655322,-2.086805225553015
-2.842407289957379,-1.5116197493191705,1.1115423414148673,-1.3274982262346173,-2.130475374863735
-2.7360882037379106,-1.795888745917543,1.0986680831094096,-1.0539474227490269,-2.1391875875286708
-2.8665070831754274,-1.4541633371342768,1.0847596143027531,-1.5149706116972426,-2.1439724850985975
-2.732263464005687,-1.7913566361552453,1.080230071453595,-1.1818748273384745,-2.133829712425208
-2.5951093522226567,-1.982556861940551,1.0841445715614437,-0.8605533724872069,-2.1332508036915083
-2.634571935142647,-1.7875842358688538,1.0835501751393497,-1.066477982076508,-2.1302374819980967
-2.431380202857625,-2.1107563502618327,1.0995437181435832,-0.5661416135265578,-2.0924546846912557
-2.5231735262845705,-1.8105600305464828,1.1145628215312011,-0.8651094163540746,-2.1037010651541874
-2.2628193401153127,-2.2348448172789186,1.150075366974936,-0.23298367577449847,-2.0215748493902557
-1.9926489602546593,-2.505230444266674,1.1850667489580051,0.3376136730406276,-1.9756263116458415
-2.11660625348194,-2.14997387308095,1.2040052855493824,0.0495883078287894,-1.9611321588280777
-1.9861926380837098,-2.3226221862849363,1.1973717151781524,0.3757229021627982,-1.921359350758205
-1.8046162991194807,-2.514072439572638,1.2267262999512476,0.777324905001401,-1.8991732257497205
-1.8271496136795249,-2.4248136596048386,1.2476032885661943,0.8171889776010924,-1.883689693403732
-2.006375391506495,-2.073807382970439,1.2350487291197016,0.42699577746333367,-1.9006666677385324
-1.9563112983378177,-2.219059183310319,1.2242283127580498,0.6176884461133724,-1.841171368097581
-2.093006371570303,-2.0529178282395018,1.2517825714473254,0.4243137745496321,-1.8775576153760625
-1.9086844384828288,-2.4097489749523597,1.2866086935362424,0.855542335636845,-1.8536211186574545
-2.1194116458999184,-2.0687250106800823,1.2938820927259203,0.41010603758800057,-1.9151345585348596
-1.988404513018397,-2.329745939746289,1.2930270884922346,0.710086228364887,-1.868210044579243
-1.855966884377162,-2.5138671746503425,1.306032841712819,1.0050537019385988,-1.8483547736190746
-2.0838215556661575,-2.133915459859213,1.3225716684161073,0.5652274492983264,-1.8846886833965615
-2.184650280397993,-2.0168035015091004,1.3007643123082295,0.36688844554416505,-1.9240586316961956
-2.2315355311843836,-2.0512958537142714,1.2544805840914839,0.3818632572177857,-1.9104840377784746
-2.336083087527551,-1.9414543362193748,1.236166464258818,0.1817583480624796,-1.9512082889059885
-2.4684529872130976,-1.772958202045012,1.2336534489213615,-0.12543734403799106,-1.9977612299037248
-2.3282646416428974,-2.112440667587714,1.235535245232626,0.23501480926437002,-1.9644701706552417
-2.3777515350809724,-1.999832835781502,1.2334405961043498,0.07909432518095104,-1.9936197491582723
-2.172210037061275,-2.345535608077949,1.2422051174113864,0.5375622655573452,-1.9446033805869405
-2.0662557329319444,-2.4288835654341283,1.2553314726195646,0.7587976291553495,-1.9102140781723425
-2.2618088813665422,-1.993710947362551,1.2892245577501527,0.22688047343183057,-1.9534994438552833
-2.0152827597541796,-2.389179446898465,1.3148936642570226,0.6938968783170962,-1.9031508805718376
-2.0975997477080948,-2.145628305748055,1.3013487911015855,0.4573339585908421,-1.9023265796062756
-2.364118102858533,-1.7319177574911189,1.302938286442811,-0.1795558767352616,-1.9638507958573443
-2.43790026741294,-1.7487888658795236,1.2237005917824944,-0.29307531470410747,-1.98567691087147
-2.29659651298683,-2.1475044227555697,1.2143010873162745,0.1411093967276438,-1.9726191742847872
-2.2418149584686993,-2.182752761762498,1.2029677264238803,0.2391481832905111,-1.9798526565774905
-2.2110152867730686,-2.169344381552769,1.2131522860841404,0.2814068572157109,-2.0018148467905754
-2.186017980206227,-2.177430193897362,1.1764011066988835,0.3687419874791762,-1.9788315295698662
-2.118084333738442,-2.272557979628225,1.1983088890519384,0.5948473687040488,-1.9627562976121204
-2.2777738553678564,-1.9472249968691673,1.2315184507212715,0.14323466121882225,-1.9991725574690087
-2.499151277436981,-1.617111146038387,1.2398654330099967,-0.42781901243392817,-2.032131363710197
-2.584128771450354,-1.6015789725605405,1.2234403389908208,-0.6515503557501225,-2.0694168412029827
-2.7598169907146146,-1.3764019096546218,1.1962639113961187,-1.1295832499731082,-2.12809758183495
-2.7974160278162623,-1.5534773350708209,1.1624877995416565,-1.1312252844213757,-2.1425923423023114
-2.5363901275184744,-2.091921289675746,1.171322152849394,-0.546303448768672,-2.0897748238908544
-2.707507792177982,-1.629286550045136,1.149895320526338,-1.1430728829628691,-2.098573724314372
-2.4080351338516603,-2.1259438756747375,1.1832140250483147,-0.502217622347063,-2.0346358896615646
-2.3563749056189986,-2.1270974496110497,1.1681263856174633,-0.36106953237563205,-2.0209196771286093
-2.296149042346258,-2.1152473340559212,1.148947172954438,-0.21609248570397,-2.0217897082508687
-2.2461877613468553,-2.132788091883755,1.1376267005412184,-0.05499762625858968,-1.9875207455616
-2.277292779432602,-2.0286061402670357,1.152954378085453,-0.11383299759145434,-2.005660052162656
-2.120062180473178,-2.2818842713425718,1.175878451459973,0.28609980413105873,-1.9808059859815839
-1.9620702167325341,-2.445080050959828,1.1927664309493724,0.6539021753223314,-1.9532166840198406
-2.135565346694005,-2.0644437329976806,1.2101219302318804,0.26081959656021436,-1.9505542133540517
-2.0240622452622814,-2.2830274262553147,1.2341193507041774,0.5411251000123538,-1.929749593358313
-2.257456399664705,-1.9117410527687262,1.2525289485539932,0.004935282633555131,-1.9683563881924329
-2.0883865394582646,-2.2404731020327486,1.2556783710622466,0.4018528384408726,-1.9149043849657
-2.2898797305380003,-1.9155313027541507,1.2478043028244805,0.015802849278142555,-1.9771884885558657
-2.2270584290376787,-2.113032615428857,1.226341267188513,0.23819294031419733,-1.9270054702781259
-2.3086775433400057,-1.9760022471539462,1.2400237499570514,0.07261714463949653,-1.979689571088252
-2.5220488455016645,-1.5919701622100433,1.226990303624339,-0.5599443930044238,-2.0168232722597264
-2.745128126995491,-1.3408670125928728,1.1868051540273277,-1.1098785115817238,-2.0724055296974924
-2.7126561333057064,-1.6710705179713272,1.16008576212091,-0.9389113630643267,-2.0831587270609777
-2.820071947022439,-1.5300670551079283,1.1506320221662012,-1.2666211816588098,-2.1200671812184457
-2.7545738880989856,-1.724215113813487,1.119461385564205,-1.0531351510669247,-2.1290668286758394
-2.733041130209999,-1.7449847030152594,1.102611104068988,-1.0296190983705518,-2.1413102233865198
-2.462957675551642,-2.195934630766407,1.1399354943411322,-0.40972207566888835,-2.106918412475645
-2.239759776798635,-2.393537931730469,1.132337579906711,0.08923898132043072,-2.048627506722836
-2.0820190770803206,-2.4478860165323004,1.151696231065681,0.4115787832421282,-1.973446288814204
-2.238559627568794,-1.9905192596573342,1.1667773223488382,-0.029635134724213762,-1.989488918910021
-2.23657997828203,-1.9903770472303635,1.1575193302881095,-0.007780047310074449,-1.9953103325782269
-2.063612583556244,-2.2490546153580957,1.1821667390603172,0.38908405799132817,-1.9595541588581102
-2.3096168471671135,-1.743280775849104,1.191347579627916,-0.31326656413663984,-1.9733827409966966
-2.2112920826854885,-2.053751714432085,1.163581069029005,-0.0011167585944462498,-1.9564378633508983
-2.2259112438266992,-2.022450689273663,1.165317260940853,-0.02253506374507461,-1.9603658702636964
-2.1392987360591094,-2.2018594910933813,1.162622342705079,0.2770042559848829,-1.9337479278936487
-2.0759767888770693,-2.2538776518547774,1.1904314782369845,0.45424919386410023,-1.9262625259870698
-2.00554653651589,-2.331244295439697,1.2252099903994595,0.6890175353370601,-1.9082742171791482
-2.1766998319423148,-2.0103549087953376,1.2518557917045383,0.28506283327358667,-1.9459163959280315
-2.180306517187939,-2.072006538749483,1.2295890105555116,0.354792423883943,-1.9211106448079003
-2.2493786906748667,-1.9847961555255436,1.2291465344187182,0.24473886312916945,-1.9515205785944933
-2.2420019277406533,-2.0487195882098095,1.211594577406211,0.29685791688340685,-1.9559945789680606
-2.2615112652520697,-2.076372977523471,1.2189889512134113,0.3339562209963421,-1.9548319448265592
-2.404466067435721,-1.8845666484930164,1.2258768473310995,0.015825561024794446,-1.9978780115500874
-2.6054102610032683,-1.485653869157705,1.2048874166768586,-0.6657961360097471,-2.035594513787555
-2.5750967817468453,-1.769347058604007,1.1861228171235336,-0.5336575585874026,-2.0583885125289076
-2.429606737109719,-2.0707716003333103,1.1794775221427871,-0.16741065410815925,-2.0161886859438405
-2.244089291872749,-2.3070289293726147,1.2088267807597115,0.23106288059517102,-1.9661476286741253
-2.2702433001807587,-2.1724646687952283,1.2183669331026608,0.16977838838376477,-1.9860740020879646
-2.4176356042044795,-1.8263089401387202,1.2241358155984898,-0.2997635665877633,-2.0339815644311106
-2.576914346044138,-1.5424134823939908,1.2161842185448695,-0.790268014869407,-2.0721635330413952
-2.5598585461019634,-1.7570540388999187,1.1836187221241934,-0.7063983040909446,-2.0580927385466117
-2.35177847419027,-2.1671706615594233,1.190518496316283,-0.1957441806275922,-2.0294920330393706
-2.454621983337372,-1.8636803614127622,1.1992425482774507,-0.5390979357292321,-2.0624189893698768
-2.3223184772369443,-2.1202887202777796,1.199988390608859,-0.1701966177105332,-2.0107269121725535
-2.082301644290565,-2.4043272102653575,1.2133414593322673,0.33566755037423673,-1.9621288539239077
-1.9587631935007848,-2.4614400628970445,1.2272803140505253,0.6358916106185444,-1.9217278211742288
-2.0909745789466245,-2.1567544436874635,1.2487516557459535,0.34851866522238534,-1.9467646027948577
-2.10245560689009,-2.118896410567285,1.2446523403048873,0.3838698125564005,-1.9358683063976136
-2.3300012048442125,-1.7907053932222696,1.2379577309244283,-0.1381755372589033,-1.9911275919071623
-2.3989769414144706,-1.7659461259306397,1.1979173903989675,-0.2734183157252401,-2.014542833247753
-2.361178651461545,-1.9578470917650292,1.1747696131467906,-0.09320555054341473,-1.9912608221887615
-2.214710317119096,-2.2242645758484265,1.177992318600151,0.27781996591621916,-1.946203250344595
-2.41814067306641,-1.799327938206502,1.1997580062799245,-0.2980316666122359,-2.001537383401484
-2.233977593255418,-2.1763944123507355,1.2236973106781848,0.11032337146116397,-1.9417940638557347
-2.467179903345144,-1.6441369293731847,1.2168527304878918,-0.6070476094863876,-1.9803859948338645
-2.465963874047598,-1.7807812360116013,1.1916701038424742,-0.5672581242958393,-1.997980342613177
-2.5315858571511702,-1.7518313679737865,1.1651594679017885,-0.688199097433347,-2.034818663162376
-2.720563938444411,-1.4215412205167732,1.1755341763187561,-1.2371637885622426,-2.0789614389152598
-2.862548422541907,-1.2818421735851893,1.1648141227504945,-1.632602360970388,-2.130881673808616
-2.7455626745440846,-1.694925585011884,1.1601371240341658,-1.2932859141634794,-2.1371182013546512
-2.861541019455459,-1.4446111981861298,1.1458125485225035,-1.6775386011359925,-2.175064654971817
-2.720446623564767,-1.7744386402355674,1.1244846301245954,-1.321718224866782,-2.163118272074354
-2.40961960663384,-2.225202404356144,1.137295153662734,-0.6142910039718277,-2.1103317609160075
-2.1074583010285974,-2.467601492726596,1.1476909946476144,0.027039818131731928,-2.055507791923758
-2.2117682892367676,-2.0593768658697735,1.1632280366968812,-0.31843188407965584,-2.049672790624807
-2.240021570635795,-1.9854833429865772,1.1450082273530566,-0.33930291381709454,-2.017024605664871
-2.450853041398983,-1.5931378456162044,1.1503494963301806,-0.8951476605195807,-2.045699382753113
-2.4968183835927054,-1.6960316601521013,1.1041702943484155,-0.8577999180308948,-2.049497328012078
-2.621832065537282,-1.5293316173498952,1.0871686945252519,-1.1678070317260532,-2.0699911170047973
-2.7826408615275926,-1.2666748889372803,1.054370298354616,-1.6406400273132842,-2.1071162999443533
-2.914440378489348,-1.1117964418397726,1.0306238112386414,-2.071080013213235,-2.111375990124491
-2.540387322547175,-1.9453943044763136,1.1244644638153094,-1.2117623659282686,-2.0704808529212086
-2.7183266710728238,-1.5184500150248619,1.0659732876857364,-1.689051899555364,-2.0688301342069013
-2.654952001342755,-1.7096375855427723,1.050043884785291,-1.497882445667979,-2.095894935674956
-2.5431627842848177,-1.9270922420218064,1.0319935400503728,-1.1332320903207636,-2.1106141549867052
-2.644219981066237,-1.640370904535722,0.9967949192443831,-1.4228978555691423,-2.114540330885257
-2.7359564998346557,-1.4980275447330245,0.9944660971152671,-1.6100951468031328,-2.150182585098275
-2.818280453022173,-1.3796546825187495,0.9813046045722027,-1.8525640162403658,-2.161924983979718
-2.826587687609141,-1.539591481120319,0.9849827692255899,-1.7241430194556866,-2.173925967961596
-2.8104699220452547,-1.6012495485584974,0.9528758992142204,-1.672034702113024,-2.2034547845843533
-2.787997226561018,-1.6417244738067238,0.9635347672158662,-1.5865152206696107,-2.2124574278116995
-2.8747536762008807,-1.4145502723210404,0.9476582534457559,-1.8364932657731383,-2.183404520053206
-2.818711902350769,-1.6159454612083393,0.9776414330423794,-1.6118724900310726,-2.19569280222769
-2.4242160345918955,-2.205624249894752,1.0533458031231029,-0.7008191891606625,-2.1159408871513845
-2.0780260649700324,-2.4937002727331454,1.079920010100943,0.019883906983552725,-2.0615541712546785
-1.995919136066635,-2.370685540106525,1.0854803496940553,0.23063838206068288,-2.0056204187221187
-1.7439484630481752,-2.578229909154061,1.1172595287039657,0.7511246670831306,-1.9576724895253805
-1.5474403448679572,-2.6793075208685315,1.1451624143474126,1.1772753915801062,-1.911156627341192
-1.4832220793979212,-2.624103277008802,1.1689633640726462,1.309149521317249,-1.8561177137463238
-1.3631070184780814,-2.7272644276385107,1.2224429875872862,1.6060821006632622,-1.8141025850713657
-1.5880076348234664,-2.34377694404716,1.2590723359983096,1.227309138763913,-1.8184803511734478
-1.926001047115908,-1.915316110920074,1.2373117900241544,0.49307328758658003,-1.841000985681191
-2.29900119071549,-1.5033046189178694,1.164338136744443,-0.30713431658670837,-1.898289724185182
-2.5089687642867484,-1.4685577520571416,1.0865033262448758,-0.6606608860486649,-1.9469391475146018
-2.588511340016527,-1.6242059816743875,1.047069069924796,-0.6754528207163232,-1.9737637414419327
-2.6794033592414666,-1.6620439866879777,1.027146142886891,-0.792123495122887,-2.034011909601537
-2.680811147115492,-1.8075825836703703,1.0294404765644793,-0.7133022695379773,-2.0634434228204266
-2.6960871651471163,-1.8345042633380082,1.038461503201002,-0.7567734499603351,-2.1020703750583043
-2.592871657024361,-2.0226496901832873,1.0489037408816646,-0.47039383137391594,-2.102920311668187
-2.292483676805073,-2.4274787805537876,1.1000223269675447,0.1650259789926766,-2.0360082228611507
-2.159442814209723,-2.437891940652754,1.1190327945605978,0.40605334731802245,-2.000863274359868
-1.9637953911890955,-2.5572651561521953,1.1569648800338102,0.7644981757828945,-1.95916516912692
-1.9220492467068644,-2.465036175106968,1.1923289771517893,0.8717798798351487,-1.9356608593969622
-2.0560666382105732,-2.1582196764282493,1.2554412489476763,0.5257342685322535,-1.9505242529654407
-2.127601917973469,-2.0535527495331083,1.2618938819975973,0.429798601025286,-1.9250594120786229
-2.3115188403979223,-1.749497228799596,1.2676028483900394,-0.08795326875596295,-1.9655918984010816
-2.571599823038673,-1.417090198126931,1.222339029227117,-0.7586920869735068,-2.026979803960402
-2.4695706193577545,-1.8584704605346831,1.2067355184391713,-0.44592804393993724,-2.0231319749656325
-2.6282938988466764,-1.6373067686604093,1.217122104233305,-0.8512337462358434,-2.0713003802476146
-2.736322378097401,-1.5722972598250906,1.20403647588768,-1.0847796995153092,-2.116097529964076
-2.8408335578527937,-1.4501779262500092,1.16933119682438,-1.366009553124341,-2.1266263829596963
-2.929423418906758,-1.3269985358639833,1.136648025354711,-1.7082943366886696,-2.174992843049257
-2.9433101521497287,-1.4180598483154543,1.1060234504757074,-1.7663248811113543,-2.207015753753573
-2.963940530465323,-1.450027230663011,1.0998336250982783,-1.8314293044210805,-2.2317950346424333
-2.6020181041241024,-2.0882897211584344,1.1450334362353165,-1.0270445898661662,-2.155441745245639
-2.569186799900901,-1.9867442083692999,1.1136308057858986,-0.9631299642730917,-2.146069243178984
-2.4602311530730234,-2.03194025285717,1.0862354361249011,-0.767512435753419,-2.124904443071082
-2.1551751027401354,-2.4021911453926035,1.1335317505629052,-0.04656170853891308,-2.0434519222803513
-2.1434527483769474,-2.208099032241185,1.1379900656287611,-0.05243589766797218,-2.026103423077616
-2.3419588983985133,-1.7363148257010743,1.125335421417207,-0.629065388508024,-2.00220783238401
-2.4303965211290035,-1.6538502033955378,1.1094191388097336,-0.7994080681265835,-2.0372158450477054
-2.23501626061812,-2.105533146859775,1.1391167350407996,-0.24877737931490848,-2.0026799610375745
-2.355514476043934,-1.84872595277597,1.137235915591609,-0.5263490063120431,-2.0273733709994253
-2.3895193425712105,-1.8736884853177835,1.1097241367361597,-0.5266354883137061,-2.0423652420543887
-2.142464845410813,-2.3018442393485725,1.1619357011378744,0.08617828351425161,-1.983634726553354
-1.8671404855388753,-2.5935452980251217,1.190058036040094,0.6853335059441734,-1.957404121843755
-1.9138439425383253,-2.372204882367421,1.192576501375854,0.6323394610123949,-1.9299800722030038
-2.0780025519377636,-2.062055460226456,1.1772335326054342,0.2961774427095401,-1.9350504746790906
-2.325703145617545,-1.663678085994563,1.1765726390921034,-0.3212246529545483,-1.972038479976057
-2.159804272025358,-2.1325154318653006,1.1757792234316893,0.14876620446209107,-1.9346404752642503
-2.3812364652273015,-1.7720540003388205,1.1891920771932503,-0.39724218860707755,-1.9731082865132932
-2.25391137556239,-2.1338861964134215,1.1666388170865047,0.006466328956261461,-1.9302141338262542
-2.185671137183319,-2.180514411893324,1.1651839528337105,0.18823137630492112,-1.9130623456261442
-1.994094134104156,-2.4665749939172743,1.1938021342040408,0.6502427231978141,-1.9135668802547638
-2.0239452814440124,-2.3244139671530144,1.223918434497384,0.6196086269241118,-1.902535061952644
-1.920833880341022,-2.4251309625740465,1.250250484451416,0.8681149018589519,-1.8731187228556363
-2.1574849957709827,-2.0143822049830713,1.2631095954492062,0.35649876960346466,-1.9131281853428341
-2.3734755228292514,-1.717349620656163,1.2609638792727966,-0.17583747111718528,-1.9651064492215815
-2.474910785179106,-1.7044243039016536,1.2250275418086982,-0.367459644616134,-2.0031080922456037
-2.538322362203327,-1.738154295197511,1.1928472469715012,-0.4394200493676385,-2.0185441818458867
-2.3425036065160603,-2.1638204998167434,1.197385251177132,0.02738310551578067,-1.9815646734347105
-2.536231104819317,-1.696169342506311,1.2060102331154083,-0.6003690251228732,-2.009332397664131
-2.7375599470925884,-1.3490958191464313,1.1747099247346233,-1.2256479676499337,-2.051951424090079
-2.7041909197874747,-1.663160244145855,1.1309194686971238,-1.0684616027468303,-2.08869070850131
-2.8727927619232063,-1.3626461899915605,1.1177701085810496,-1.5497369871387616,-2.117376286411434
-2.624383931985362,-1.9378378162760546,1.1092503814651729,-0.9715780441100857,-2.070311854049259
-2.2700558627311826,-2.397339553155011,1.147734691031097,-0.20634468746061094,-2.026077875529732
-2.4878540913388116,-1.8210703510408899,1.144068257453965,-0.8018697471371685,-2.0397566000315166
-2.1739552846503014,-2.2976028177019066,1.2011076762497561,-0.1455328362793516,-1.9821615839111109
-1.9704762730710659,-2.4553448745755797,1.1931226100792853,0.2762763810047342,-1.9490347445517135
-1.7385589944396254,-2.647794978289041,1.2159074527562879,0.801723816636405,-1.9056064696277535
-1.9861185311035405,-2.1210789813588975,1.209818667448067,0.22711996997216666,-1.9201706642619238
-1.9039272476618234,-2.2709826686166603,1.201089799616865,0.47330628539765723,-1.8806737530292135
-1.872381244424296,-2.33023933188856,1.2007843090143666,0.6888013110681099,-1.8475192391774904
-1.7871792066163394,-2.439095973843509,1.211374854274166,0.9378849362482673,-1.8214258683865245
-1.6426329440279988,-2.6279479216671,1.2606141075894843,1.2871512142778254,-1.8244359526427114
-2.0040411643710083,-1.9905823469360568,1.2565325247314647,0.4820312826582402,-1.8563686095013032
-2.177750344336501,-1.868047858566883,1.2406087153592256,0.1974872166594999,-1.8706167429506793
-2.314902941111071,-1.850067472113116,1.1941787680239762,0.058080171187706656,-1.9097095062753482
-2.3412463714650857,-1.9155848627109953,1.1618332274920624,0.04592318194558384,-1.9341504026411287
-2.5673224030190243,-1.4720484709529638,1.1679170937660204,-0.6562345030870854,-1.9914560046618286
-2.388259927919307,-2.003271500487994,1.156608643296534,-0.2258055520204502,-1.9491268975632854
-2.1817009086377563,-2.3125024985477243,1.2021454870705874,0.2491148992158124,-1.8909967339763716
-2.30826348867383,-2.0137259779013,1.2122228572564555,-0.09926695063673621,-1.938698154289472
-2.140227667095179,-2.310589332415112,1.2149010938119247,0.34888126271842557,-1.8876716106323135
-2.019208625821642,-2.3802260937119732,1.2297278062332075,0.5966120432885584,-1.882501580351824
-2.130702089256542,-2.1457515786328902,1.2491877866234609,0.38290358492677024,-1.9165208093083315
-2.136694264572392,-2.1515373936339164,1.2319133039097294,0.39697903997300116,-1.910460581326648
-2.2309375655034493,-1.9914913178506786,1.2198941598279407,0.19576270815397867,-1.9334281097808053
-2.2240757981099386,-2.0666751714868523,1.2159818887801521,0.27357486395753894,-1.9405113154859004
-2.2431716993423656,-2.050071824610274,1.2233669751468965,0.27388079336124865,-1.942362670079501
-2.299806217314818,-1.9723602430759695,1.2359908162262914,0.15197486989009937,-1.9878527711810425
-2.319372554018052,-1.9827983260321014,1.2315371281521812,0.17351410568192957,-1.9865067897565512
-2.354224086305885,-1.967423167661668,1.2258388895695118,0.07966584377688221,-2.0101985125057142
-2.298549910598741,-2.1177776886643405,1.216099765606984,0.24960379127862198,-1.9737194363169648
-2.198105742168186,-2.2725368845531406,1.2260746828968334,0.48737956647017927,-1.948841871255919
-2.274412527793388,-2.100715982558307,1.218491423285271,0.30357758804067814,-1.971916884612631
-2.0187783731672932,-2.489920445246782,1.2613327868590545,0.8157685787550419,-1.91125222594054
-1.8644423774993415,-2.5771799150769796,1.2810359946533787,1.1069330933145227,-1.9017356469053897
-2.079077606835204,-2.1315801396900813,1.3310588033536035,0.5626319803904378,-1.9339367073927627
-1.9086096580880545,-2.462771202915344,1.3527011115215322,0.9746833789296475,-1.878863250639138
-2.1070722722472004,-2.095073895461569,1.3621209285310638,0.5000594039792128,-1.9214012076501967
-2.405961242017273,-1.6242508321910691,1.3135787245307438,-0.2739942924792971,-1.9650630876156043
-2.2696544738991986,-2.045573828265568,1.2996722896339787,0.08146621974693799,-1.9372516306452128
-2.2481000893614866,-2.144876756596854,1.2579803604034618,0.1845060736641923,-1.931932115470331
-2.367554209486886,-1.9427971564335833,1.2558269671016022,-0.07876766597346174,-1.966447420354728
-2.437494827179144,-1.864651235064586,1.236818342173354,-0.25750124572408883,-2.0034083163612233
-2.2947049626577654,-2.1965295590360303,1.2490291549164332,0.11393392468978754,-1.9697097063088829
-2.358616025464834,-2.0675038555502505,1.2536184931760215,-0.05773843774909657,-2.0097573233642794
-2.2714924906609877,-2.2035923343094566,1.2459660947738216,0.14758847752275012,-1.9845240113975111
-2.2618835494215475,-2.1772859000132434,1.2442030061461278,0.19640517500078364,-1.9804581265250352
-2.3703253617570748,-1.9689225544226063,1.2519397280991746,-0.08299568029215416,-2.03289609764636
-2.1251746111476564,-2.3793360043088314,1.273288645743376,0.4358396187548741,-1.963829622470751
-2.2365541083365295,-2.0863702935374073,1.2961735645821177,0.0953746065842327,-1.9899266655995957
-2.5074854281415373,-1.5972896404227355,1.2805600732922313,-0.6093797479564594,-2.049709322309379
-2.2053262388718395,-2.229394866326752,1.3213207580124304,0.035609405581799355,-1.9648627201085302
-2.034790289115085,-2.430640588756467,1.2817184157858226,0.4047862269616464,-1.9427982610170358
-2.21550771011909,-2.0536780254805316,1.2635940679056026,0.009048920902555617,-1.9671502244752719
-2.010871013825604,-2.3907956180091343,1.270373140282211,0.4664874395920752,-1.9455363981422564
-2.125676610963427,-2.180569758801956,1.2455275848249605,0.3140458737449266,-1.947330407151991
-2.18271802327484,-2.1049385561617737,1.250560094802096,0.21963523097226512,-1.9585000201879927
-2.251944400270025,-2.0168864305946315,1.2147103015951628,0.08127015082581608,-1.9638042014707637
-2.5083868504625237,-1.5644062915188761,1.1909145028726957,-0.6178650001029571,-2.019855937583323
-2.5816847834825176,-1.6391834561662226,1.1714060868484768,-0.7278849325648107,-2.0561266398932636
-2.410282738242591,-2.031604033171998,1.1491881490062965,-0.2985315594380944,-2.00454494301821
-2.150547719333084,-2.4343620411720135,1.1983284206601519,0.3067774338425406,-1.9668243592782542
-1.9905249538824068,-2.5592333495991735,1.2014465252856386,0.6988830279153989,-1.9246913187895656
-2.134251321900886,-2.16272819709645,1.2141510926849104,0.31001752983097125,-1.9401025107220962
-2.151958607590154,-2.1132960915715824,1.1942864218601363,0.30226897222578536,-1.9320222261059412
-2.2936989515960735,-1.8951527002132067,1.1833011429932958,-0.005079784151769521,-1.956343323725999
-2.470373033553469,-1.709317270685707,1.1577612092097609,-0.37021761029389194,-2.0004469340305495
-2.6657191113315046,-1.440037343635748,1.1517720082014573,-0.9392444319604721,-2.073525283672442
-2.748063321311507,-1.5173308745271448,1.1108099595878735,-1.0772520008850737,-2.1084519305467615
-2.6267467850466795,-1.8770561534416437,1.0851392325296256,-0.7606162630208174,-2.087971341716333
-2.56523051324648,-1.9733242003425762,1.0875485642364313,-0.6054369306075112,-2.076686161665355
-2.632101555815356,-1.7652849180662693,1.1130584930454646,-0.8574514847459448,-2.0982167608825177
-2.323853039674391,-2.2589769370037267,1.1425417097247792,-0.18395247561404968,-2.0430178148830223
-2.496435461744512,-1.8192169939612235,1.1473603447500458,-0.6875951573672018,-2.0702103095958204
-2.4340931453171715,-1.985781523875886,1.122078553874839,-0.49927383106407736,-2.0506061203894967
-2.491459810148901,-1.8508916294546323,1.1351187063805328,-0.632467635752953,-2.0476415550354363
-2.4687586005102675,-1.9135744820135616,1.1173609729271436,-0.5473247325757997,-2.0646417307099827
-2.5472680936254766,-1.7798998337242535,1.112986373589117,-0.703867723291546,-2.078243203853128
-2.2342077744239854,-2.282833993091531,1.164436871371461,-0.003300744245033148,-2.0150449495230993
-2.229526833064273,-2.1514385450816964,1.1764859618445462,-0.03227658187559033,-2.019548321410071
-2.4692808559732073,-1.612196344114734,1.1597077329103986,-0.7129662597359265,-2.0314577493375445
-2.192997289096011,-2.1538170252211373,1.210545424800182,-0.10597878097291748,-1.9682481369396478
-2.4408733076588085,-1.7170723753152743,1.1894096194531474,-0.7190551182049685,-2.0048508990712985
-2.593066478979456,-1.530107468235576,1.1503415313755325,-1.1011051964276009,-2.060085974224747
-2.2908689324000306,-2.182509905639277,1.2032348536208304,-0.36171322622944047,-1.9875904422275952
-2.3720397054494957,-1.925587276924189,1.1704404621869704,-0.6012025433735851,-2.0048740877760958
-2.434104810559101,-1.857988434806983,1.1281033041465112,-0.6242908622389848,-2.020359216430243
-2.5751095285698655,-1.630651088536775,1.1001636431038744,-0.9638266550447623,-2.0597452033990056
-2.564840612843093,-1.743251834858305,1.0915417375208767,-0.8627332022800324,-2.069157927425613
-2.2860033438696985,-2.220713851084515,1.1181167131539629,-0.19469209910580274,-2.024435513665681
-2.039047963187462,-2.460812856821437,1.1487498158410814,0.3289359231771422,-1.9807286794097159
-2.052588255922011,-2.2971320475276373,1.157291970446481,0.3303025147723774,-1.9512146449053478
-2.0493303882082383,-2.2793358608302015,1.1393868055169354,0.4703805727759311,-1.9359577024014085
-2.2703954964102917,-1.8190908193536903,1.1770167740556663,-0.13025661575811198,-1.9607731292614805
-2.349674767792353,-1.82193222548854,1.1677850445025326,-0.23051780286154455,-1.9859714050512756
-2.4885703832524784,-1.6804703475340101,1.1490638830668094,-0.526904400214383,-2.0128893779468884
-2.2639743780513344,-2.155005412721827,1.1678668280120186,0.021507781104217992,-1.9443760726385688
-2.2944503203168436,-2.0218935716673156,1.1607678575783902,-0.03678109571814013,-1.9637872562474583
-2.372271061408869,-1.899988895852481,1.1578812488459655,-0.17807806077061775,-1.9758239454524593
-2.4628724584239015,-1.783932968409035,1.1652141965846698,-0.41390728267541477,-2.0301633229899223
-2.168509607099393,-2.2878752789165646,1.218247259962085,0.22874854115724436,-1.972282917232196
-1.9334296081398705,-2.5528643046636685,1.2476151498895383,0.713796747459527,-1.9336992664572716
-2.1708089263937778,-2.0517365197680437,1.24237523001095,0.13687164365812451,-1.9586575537107531
-1.9905026623055615,-2.3525488727563455,1.2403397477299631,0.5565471918224625,-1.8969071794773609
-2.1510650522799173,-2.076344566151886,1.2450002236722042,0.25922301395639435,-1.9262894010735732
-2.375664140531419,-1.7001041256828728,1.2111604104452127,-0.3532955978540479,-1.98478478005376
-2.6348536774573104,-1.3734763468210274,1.1808078828455209,-1.0153498237737473,-2.030728090259633
-2.7266037291854257,-1.4151253571583997,1.1276848533036865,-1.250818799974209,-2.0806712851320066
-2.682192589552253,-1.7267620027341926,1.1014701549365784,-0.9989004201574867,-2.090306412615292
-2.5393548735173024,-2.0187118035228173,1.0894448396229441,-0.6177623768172729,-2.084093779998826
-2.515159973261763,-2.0221999698688533,1.0869008649704048,-0.5200759184465127,-2.0856405152632864
-2.2412517211481013,-2.3756821337997294,1.1228371235845993,0.07207456933940277,-2.0222705569215202
-2.4109102645812257,-1.8602942516765772,1.1270128440878235,-0.4802901377506244,-2.0242797124926057
-2.6189974366628377,-1.4868684130684722,1.1216735919135414,-1.065629812833106,-2.0546062417602484
-2.576544157771179,-1.7345042699256563,1.1209520506595583,-0.9299220007953192,-2.0568125366169863
-2.6413466803258836,-1.7103684364171177,1.1054420061001429,-1.033547822967922,-2.1076747899023185
-2.573564581107477,-1.9152305341420626,1.1116127822273096,-0.812726897039019,-2.079995590392584
-2.3194260123994495,-2.2827538522007074,1.126448664283711,-0.21058917129381377,-2.0348117381359696
-2.4082618955207526,-1.9819611643074062,1.1231616881807331,-0.4882408317681027,-2.037074035539672
-2.608543099251933,-1.518565711293028,1.1293177814513737,-1.1220941306863563,-2.0448002978108026
-2.3661427519472986,-2.051192089669551,1.1378103939250663,-0.5426692415222385,-1.9984813744973717
-2.501427543852837,-1.777766093649333,1.142871655743211,-0.884317603384209,-2.060553511625721
-2.4201471617904833,-1.9773825308301853,1.126007679459639,-0.6406359006149251,-2.0647988520132308
-2.2625862006750688,-2.1994255480852973,1.1190195012289021,-0.20675884217279597,-2.0142542616295893
-2.109582857858157,-2.338320262410974,1.139055093474583,0.19704411461510626,-1.9703460152522856
-2.1245739547655447,-2.1940218816775854,1.131314189303396,0.19472917751907026,-1.964450071216636
-2.24097168567861,-1.9440283952789803,1.1400099457382498,-0.06978967135316612,-1.9704163651811992
-2.4817653926507113,-1.526321571893814,1.1553524425809074,-0.6981261097795781,-2.0242508448519057
-2.668792544298971,-1.3284704697731957,1.1253211642210978,-1.1963693945381806,-2.0708832227671925
-2.750945844990108,-1.4327596675223369,1.0892121120580043,-1.3529293270895424,-2.1180794951687796
-2.6004693976902957,-1.877736481911869,1.104777462111301,-0.9158803986598104,-2.1003002872628267
-2.2983485312924334,-2.311118383485025,1.1217464528788075,-0.2349034875011006,-2.0334138228965353
-2.454757600581263,-1.8307179701257386,1.1026498340976703,-0.7361614971418986,-2.0351612889055937
-2.1647060263523477,-2.307472302057019,1.1442481096122896,-0.0718586909989247,-1.953909353909489
-2.027603696339905,-2.400416811255568,1.136765996614667,0.2861785948810726,-1.9388643288954943
-2.165215423392462,-2.0538083705919012,1.1585597721744372,-0.037084545188267155,-1.9655658801200795
-2.046406553098865,-2.2293534648084643,1.1597353435378328,0.2849061290196445,-1.9186805750919265
-2.315602614807115,-1.7092395126406568,1.154082038452052,-0.43585650293020517,-1.9587284732223293
-2.3247675245741997,-1.8682465870071063,1.135721240366529,-0.309757011939003,-1.9694798856941749
-2.409931937134926,-1.8195545860112565,1.123586230434581,-0.4516289628839445,-2.0099990508273153
-2.2430830326850573,-2.183280823952168,1.1493667449705878,0.001322686415343985,-1.957988252266005
-2.421462419080224,-1.781806860642281,1.1492918061475224,-0.49404459673377554,-1.9916204181594528
-2.5939474292277582,-1.5597306966929065,1.1393176315056466,-0.8744743570667161,-2.0346317822956905
-2.6669051224448728,-1.5508428745046896,1.11099698797195,-1.041941427183418,-2.0797040596890195
-2.6737067804099066,-1.6509735383446467,1.076209524012191,-1.0024361170144374,-2.1049294391457747
-2.414529936049687,-2.1331588140864746,1.1174818787952951,-0.3821503275975858,-2.0518112783663307
-2.490039954516243,-1.8532844664708594,1.127435071525066,-0.6751890954658879,-2.067275346356173
-2.6110259216927942,-1.6028057044433979,1.123770869025103,-1.055632099181824,-2.09727062548478
-2.4715017427251564,-1.9685674345839004,1.130913021577673,-0.6152728956061796,-2.0547378412952124
-2.5029920534022168,-1.8365417629698015,1.1131788915890244,-0.7364065469178355,-2.0694164219245588
-2.296566298484808,-2.184217728657536,1.1376547481871426,-0.21183150174922122,-2.0334859479690643
-2.0106011538400246,-2.516890312903485,1.161205249541026,0.3937313769851336,-1.9917032894529074
-2.0369324284829164,-2.2839656802138113,1.165912834154574,0.31355227962224197,-1.9768547280076545
-2.266867900474652,-1.8239109516125782,1.194341604831708,-0.29056051940435973,-1.9891379530816473
-2.012046422476502,-2.270303541698138,1.2074533418852031,0.2511873029287581,-1.9149384394741802
-2.269926107732614,-1.7921298625506414,1.2052668040475514,-0.40163795878380243,-1.938666272074682
-2.1267110386130654,-2.1549347852563048,1.217811124367868,0.03915529444846276,-1.897219776528932
-2.403555227741524,-1.664899354310285,1.1759632271053104,-0.6774490098785311,-1.9525777011955836
-2.281081953833832,-2.0437153576879985,1.1777658230523447,-0.26424462246329294,-1.9280126062442429
-2.238456453675341,-2.1163966188434062,1.139325196340131,-0.1094147206251265,-1.915962341844784
-2.120107975975789,-2.2750696229121212,1.1523215340923765,0.2401038913363396,-1.8934892465291044
-2.306182700753095,-1.909689643743969,1.1910315251700263,-0.17688722189769812,-1.935313389141768
-2.1428201366168973,-2.211817103279461,1.2012891507686616,0.25526728540475174,-1.904728543533271
-2.394113965421623,-1.7134523029566653,1.2127062189448126,-0.4341986821881651,-1.9679310555816125
-2.227701096483905,-2.113010330216261,1.2217990774049776,-0.0005530015963992037,-1.9343214669931152
-1.9552484614019134,-2.4836194218330174,1.2512832894444041,0.5617667017734315,-1.8790563321570963
-2.24414851093254,-1.8631259350430625,1.248661630549242,-0.21445125928105288,-1.9122161315231552
-2.4388735825637147,-1.6820295153421827,1.2196647901126199,-0.5935749652786454,-1.9682699633869343
-2.35021061386339,-1.9803672298335895,1.1725373431284232,-0.29013772728997544,-1.9400023280012968
-2.351161661563362,-2.0016796585294454,1.1593060886377118,-0.25016009124547595,-1.942694932033978
-2.35409243278785,-1.9987533171453253,1.146683374646659,-0.18837245036483927,-1.9585375853505098
-2.5539496047581918,-1.6050450453880198,1.1458753896336349,-0.7485573919765658,-1.9994151921435759
-2.572839457639886,-1.7027863318938086,1.1377377783104494,-0.7640395032443392,-2.038914290873581
-2.339818651778919,-2.143418995160879,1.1537128139030834,-0.17422440899171784,-1.9882947385859162
-2.4428199529749275,-1.9167601968296375,1.1629694381615492,-0.4492786712170025,-2.012787370472161
-2.333573283070607,-2.0711399304474534,1.1769394641499773,-0.22473497356129682,-1.9726753836973958
-2.4373791873444475,-1.841995783274166,1.1901489909704763,-0.5018838850495912,-2.01768430389132
-2.3769437579183776,-2.01450049723862,1.1699650244899802,-0.23488935425562193,-1.9903633488728156
-2.3576462351725844,-2.011307255714708,1.172580299743064,-0.1806559541130826,-1.995214492690492
-2.203253941820751,-2.243183162594771,1.175115824679288,0.21669152970130928,-1.9722097664740321
-2.0080031992055005,-2.4558598885957266,1.1907317780451951,0.658387063754924,-1.9429973679422907
-1.9851949399115285,-2.359042147663262,1.2199099129762254,0.7341347189646436,-1.9132023566429668
-2.139810340226685,-2.0408304756805067,1.2472371890879834,0.3781337815597416,-1.9538877119905445
-2.1157519863966208,-2.1486039409005424,1.253263240943164,0.5037535700723462,-1.9354117366819115
-2.0281189997850237,-2.2953363585735063,1.2681533281870678,0.700081665357603,-1.9227658685039757
-2.268885798949001,-1.8728536181790738,1.2513951975206006,0.11281285141696162,-1.9797432081745223
-2.185234594637096,-2.107350892205177,1.2727747308182842,0.3613791461403737,-1.9472270639200953
-2.4429466001251914,-1.5939568494679015,1.2481675103451892,-0.39045371592470746,-1.9947591940540665
-2.5423117461311295,-1.6667805524356245,1.2354761881866767,-0.5098576281167626,-2.0289812178410287
-2.643974826742602,-1.5961302825890045,1.2139962738563221,-0.7936604862094826,-2.0871439033028727
-2.784068752092578,-1.415057897913321,1.1836155957041834,-1.1745188689586468,-2.0971920219338447
-2.729865486428772,-1.7211895084747735,1.153559259281354,-0.9682272876452515,-2.1122570485744583
-2.805150570407219,-1.593944232816401,1.1555935950092753,-1.2102688897155598,-2.151532511952511
-2.6723783838133777,-1.8858904356952153,1.128834631650837,-0.8889819411720491,-2.1183884538866486
-2.7902890130122677,-1.5529224802302286,1.1369371969673399,-1.299513085264279,-2.126619472657331
-2.915165016095269,-1.2588731787192506,1.1031921516440695,-1.7708101577389477,-2.146430436201732
-2.8693648443567765,-1.5062876400646004,1.086789387387447,-1.6354952445445612,-2.1843789445290045
-2.5448716567621834,-2.087970003598241,1.126679068147044,-0.8496325689017861,-2.1140149968210333
-2.6209630616368433,-1.8034493587137836,1.1313926184281207,-1.1076777581203519,-2.1264060367094086
-2.64774009234823,-1.67210978142724,1.099145842462504,-1.2783763126582377,-2.1538915305704442
-2.493771010938486,-1.9738348594506454,1.0861379563631457,-0.8509856018829799,-2.1222430824486027
-2.339143421522055,-2.160563165443308,1.0842709784092466,-0.42768572048138004,-2.066229167866066
-2.4834447585066086,-1.7216443203683787,1.1016445008956959,-0.9199204236216167,-2.0515320216109116
-2.2382068423290553,-2.140958864182695,1.143205328166105,-0.31641585689937374,-2.0050007918253256
-2.47098640753678,-1.6185367576240117,1.110583963996371,-0.9574848503287584,-2.014907767452362
-2.655765817834753,-1.366486726354862,1.0627820233970073,-1.4372430342538625,-2.0594966131108086
-2.668036565036778,-1.574388726598379,1.0562843727212936,-1.338774271334592,-2.09461463109951
-2.337576847091673,-2.1556679436810935,1.1257433423012368,-0.5400908030336692,-2.054273551572129
-2.061258819075247,-2.4885731640735367,1.160815926536604,0.14478818800788498,-2.01742203509334
-1.9541715028263948,-2.4265750795533476,1.1335679644840115,0.39905723861054165,-1.9813739302331042
-1.9044318251165095,-2.3506345325176907,1.1148116690258785,0.532735662964731,-1.9153777911650443
-2.1279386543552037,-1.910953623751839,1.1255913847806478,0.00455973034697961,-1.913970482434763
-2.3903364310593775,-1.5038190440582078,1.1082881236845186,-0.695113980999877,-1.9540007358507239
-2.486039971725764,-1.569153712698495,1.073474141029652,-0.8530056784388068,-1.9893574844495143
-2.616123127497147,-1.52305433227076,1.0602828423115769,-1.0645267016810025,-2.050834627992279
-2.783049434396245,-1.3141549138206505,1.0403119430248817,-1.505352905062498,-2.0734267652379135
-2.731023951147358,-1.6590303637117019,1.0352459284391853,-1.2674966028851078,-2.0870258216932354
-2.7745315301694893,-1.5364768438869087,1.0448675176009896,-1.459377567804771,-2.110407551831566
-2.580439619561004,-1.97767726847632,1.06636874529511,-0.9055751608024575,-2.081976670018153
-2.332695851189082,-2.2474667583713157,1.1011702061657642,-0.35318261305180626,-2.0337327650172403
-2.328914959478812,-2.074039207004162,1.0994238414375148,-0.3897249319024293,-2.043119247478929
-2.435938500903853,-1.8479580782084983,1.1077114360146183,-0.6408755902358263,-2.057332203648886
-2.577397193201066,-1.528185208463263,1.1012666118266037,-1.11823058325146,-2.04869584718341
-2.6792450952565834,-1.4745653432586496,1.076634564261115,-1.3116933026635926,-2.098979081855766
-2.7244056163382506,-1.4927852565872979,1.0541119473054048,-1.3777686830974103,-2.1116712427132134
-2.474323597936617,-2.0134325292834743,1.0807203752883237,-0.7334086519028035,-2.067618840140571
-2.2190759037091947,-2.363820899616949,1.1296675337626867,-0.10131976256489847,-2.030855559787066
-1.9837840228836865,-2.526963986534945,1.1497257463263604,0.4253672798004629,-1.9947491543898883
-2.1657665531665007,-2.045497265752474,1.1538889576406268,-0.037483534422379214,-1.9963020287827828
-2.20810394857387,-1.95047012456599,1.1220772436123974,-0.11548059583332021,-1.9988755963417186
-2.285196763102015,-1.8715466253090578,1.1101909616885703,-0.2433027659629918,-2.008629449768451
-2.511104677292435,-1.477256411013563,1.1068130576292845,-0.8823804936480127,-2.017041420205941
-2.2963729888568287,-2.035149619811487,1.139354041383501,-0.29966782301132167,-1.9623400721575133
-2.0172205160091936,-2.417176755476111,1.1790140381738128,0.3128529847103186,-1.9259429126944074
-2.1803143397218725,-2.063312926395172,1.1975662341526192,-0.04594634464163206,-1.9589715698874348
-2.4383395541533806,-1.5947694696140908,1.153405032663478,-0.7374439732375233,-1.9839314390915077
-2.387987191570409,-1.8505948473378937,1.1282805393112803,-0.5170127396646138,-1.9788118659146035
-2.535881475542395,-1.6614220275411895,1.1183625072507044,-0.8495850641901181,-2.023494606924121
-2.6882702723415854,-1.4086628886058326,1.0932483316309625,-1.320125839223884,-2.0439501985724564
-2.5822352845176897,-1.792464754153935,1.0877986032879727,-0.9799860419562111,-2.046010453948976
-2.258182185791584,-2.319948515334162,1.161552429073405,-0.20634092358471534,-1.9948920689431233
-2.2185369422284684,-2.215724507050429,1.137596254862401,-0.14320737050887153,-1.9864542330825523
-2.0553562182313785,-2.3535717063855466,1.1444752204824922,0.2675500374852419,-1.9282533928549257
-1.9841398154553855,-2.350198549106651,1.1537596264786985,0.4654497084839221,-1.8877403283591607
-2.2584103366467745,-1.844461091518737,1.1701682437830072,-0.2030887524670709,-1.936186437602189
-2.412913442191835,-1.6959541535524363,1.1459698558632596,-0.4952798025299377,-1.972140819096906
-2.173616939677593,-2.2202128509987133,1.1903808900741857,0.08418071948881613,-1.9237346094534908
-2.106835088285654,-2.2869984649137307,1.1807739667275732,0.30576129760410287,-1.912026447980847
-1.9877297006631727,-2.430767079799112,1.2018448227715819,0.6266897257247287,-1.8874305188041183
-2.1522183084457067,-2.0507712247973076,1.2294211056008975,0.23692976374675048,-1.9142490938316663
-2.2318368750454285,-1.9970853155587152,1.2004263097685643,0.15059978684318137,-1.924852902562182
-2.3000341134981124,-1.928542369191864,1.192429563076865,0.006793563024000778,-1.969130675311157
-2.186845256314699,-2.155633299890776,1.173252685867126,0.28790645142810073,-1.9307788150630696
-2.1735606559141822,-2.1846245068813563,1.1950993022288041,0.40571023203912043,-1.9384798058924588
-1.9937064615084448,-2.4153737486498645,1.21872972784647,0.7762588544105475,-1.912220367114369
-1.947979139289587,-2.414998715187704,1.2238418138363272,0.9077526051242413,-1.8800764325549169
-1.955159122395469,-2.3299001182467416,1.255912239268798,0.9075600694003715,-1.8654363435927412
-1.8048810304449954,-2.5265103405293377,1.2907948446257478,1.2108567180943517,-1.8389143193789301
-2.0718636249125377,-2.049230398702509,1.3335920781172037,0.6018987153862102,-1.8894347017539563
-2.3000834764160354,-1.765268543455306,1.292617264309163,0.06693737782773924,-1.948315627112291
-2.354581877215234,-1.882485437033659,1.239122575857174,0.04759526265492895,-1.932857685578654
-2.5846423647385777,-1.53373261435022,1.194046224887457,-0.5617005715151641,-2.0078227115199816
-2.7854466870154893,-1.3415507107436322,1.1775151082105928,-1.0902018168845118,-2.0595832164102807
-2.7876817709875383,-1.6040512550555506,1.1481786056717285,-1.0021399980450274,-2.0982236278309023
-2.427035170729531,-2.2349800161952427,1.196510368842279,-0.2401636511759036,-2.0517384406716133
-2.5821873700967752,-1.8239679932188924,1.1817815296918865,-0.7582412535678734,-2.058438191847077
-2.5919216947983674,-1.8519051004084615,1.122053355219709,-0.7284742677412199,-2.0867351414170368
-2.486062825217372,-2.0151970245766635,1.1151722139162432,-0.47018063878597627,-2.0617119469794716
-2.2372474444895034,-2.3334585803468144,1.1292793919570536,0.07705263438175161,-2.015644692968692
-2.4113695627309015,-1.8951103662702153,1.137276095792008,-0.37970859941845186,-2.0296715510576373
-2.4306658799406073,-1.8747783430540437,1.1328116739146858,-0.41073941178339884,-2.03799704937699
-2.6231415466932515,-1.4923162474759277,1.1134396142774876,-0.9792480699357394,-2.0693332137806624
-2.5007453636908066,-1.860669834671343,1.1129263673894532,-0.6259222412929478,-2.044726322241834
-2.4070374701060264,-2.0192882550801845,1.1192585946276898,-0.38885202600597896,-2.033051920149549
-2.4573639848003648,-1.8851323347065023,1.1201223228476591,-0.4972910313277253,-2.042145391013231
-2.3111256121586,-2.1317722423261682,1.1267000390788129,-0.1369465813079782,-2.0078193896578536
-2.099091143893172,-2.378229792421237,1.148725925084887,0.3332020057243823,-1.9692315068842434
-2.308593767082357,-1.922382173339875,1.1642171635562772,-0.17016560252733137,-1.997141598299794
-2.4021885525417015,-1.8041705971751132,1.1669265000638158,-0.35029429576031357,-2.0099550059134166
-2.424372287214738,-1.8754458166285437,1.1260003860439145,-0.3590814909784539,-2.033419921003424
-2.144849294157855,-2.331833295248848,1.1783174761725168,0.24134358281548934,-1.9765388179145498
-2.120125537781068,-2.2588794977752062,1.1806961367192197,0.35529946902040943,-1.960993089180461
-2.3662954445267204,-1.7248878082327204,1.190259903953133,-0.34301768418617407,-2.0002491456223477
-2.5862931587483167,-1.4122569743840265,1.1863474921205783,-0.9448097447480673,-2.046652343526437
-2.379702190402148,-1.9794583444931242,1.180544495175594,-0.44963764943761564,-1.967251161579639
-2.1340326249659487,-2.3598964086495378,1.2027154523414274,0.11738218302424666,-1.9481571133932827
-2.3190364964497054,-1.9534796197135507,1.2123994487819418,-0.32574262764085804,-1.9968377980410406
-2.5218342576305126,-1.5977253486874887,1.1784937680234078,-0.85953988864824,-2.0320829743506383
-2.5181078610556042,-1.7732635996526238,1.133898999698062,-0.7716280507851307,-2.028147982049827
-2.4023044091654273,-2.0616465579945373,1.1272075037787155,-0.39351483071891735,-2.006684351719499
-2.374233040297864,-2.0383644037657795,1.1168498961816342,-0.32684692075179533,-2.001253696252433
-2.1413243070102332,-2.358557944008172,1.1674517904490866,0.23602874897875606,-1.9703407771156027
-2.2693677168152067,-2.010361105211846,1.1711661067283348,-0.10490172753111647,-2.0026021405954078
-1.9666640353764564,-2.461656282415932,1.2226413823198559,0.4739176540444123,-1.9535106859929765
-2.2054799549238013,-1.9743851496193177,1.2321631805786801,-0.07871453846957686,-1.9843781592363703
-2.4805265633304,-1.5087786641888807,1.1936365112926801,-0.7930358417711557,-2.0326202198232886
-2.1780163228281157,-2.180274756777511,1.2482418005015987,-0.12287655287367057,-1.9695419999611201
-2.0502058216213426,-2.320337213929654,1.2211144070010653,0.2213116273422124,-1.9336228716764325
-1.844873984857898,-2.5484078112849473,1.2422913825159794,0.6748754227399378,-1.9071307685994738
-1.8345417341899053,-2.4712175216876324,1.255626904885351,0.8226832453010287,-1.881125366059722
-2.118539116292575,-1.9311493032035898,1.2578932584051807,0.138149299739503,-1.9108522175953775
-1.9597358375480314,-2.2797649850008814,1.271026900106436,0.5134295136744677,-1.857565622883725
-2.1090673363534718,-2.034564565658546,1.2542246954569096,0.2488415778104256,-1.8838305045952515
-2.3508747997553527,-1.6989582646733725,1.2417805390107433,-0.2773327507596613,-1.9380553089627315
-2.2740282501210167,-1.9791610972710822,1.2137625101609582,-0.00886236521044595,-1.9138127336643778
-2.0627371579826757,-2.3609985393887873,1.249339538497269,0.508974222402604,-1.8882291357313454
-2.2754161907510295,-1.9328129799469034,1.2449886759373598,-0.009118526874109308,-1.9422204495955848
-2.382800594612357,-1.7999956018537355,1.2002042210575723,-0.2809053057785273,-1.9608459733164523
-2.1611487592317964,-2.2224900159656706,1.212584261797534,0.2275324707144538,-1.8990542458594173
-2.130237920075087,-2.24393072321001,1.2170213172055573,0.36112237066391495,-1.9182488776270643
-2.3237769225028977,-1.9037126120294592,1.206566771749017,-0.08638797105801944,-1.9732136625533172
-2.4197882350201096,-1.8449049056780773,1.2007235720684915,-0.2550419488996741,-2.0051013509852553
-2.6424915599905527,-1.49563381319206,1.1758702554153604,-0.867092952502685,-2.0457060128584548
-2.427359614994874,-2.003010194359165,1.179055057694205,-0.371332072581998,-1.9791432233297357
-2.2436207512175903,-2.265666315981697,1.1833378711706786,0.011199053375461827,-1.9556558174045975
-2.0215275614746893,-2.529945268601052,1.1978449856161515,0.5040324232707881,-1.92432793377218
-2.1671031074784075,-2.1443029497775754,1.2192419746017373,0.1410656378594417,-1.9454451874262846
-2.3324708142572006,-1.849037336935995,1.2150209436605937,-0.23755865911939875,-1.9936875837416246
-2.3037573505925315,-1.9938620239715765,1.1826034998350532,-0.09270334384614849,-1.9710530051601165
-2.503516095309157,-1.6243012629544018,1.1951467542544465,-0.6526755213078176,-2.0105938374743637
-2.6521012348956896,-1.532041356730467,1.160889632990388,-0.962167612086303,-2.0623237877494853
-2.644898389880115,-1.7122001635114381,1.137602306922962,-0.8771338001321208,-2.0915463004341723
-2.6964572406726393,-1.6799101352763675,1.118265785074146,-0.9926063877055856,-2.129053324678689
-2.5682911856111943,-1.9585477305364838,1.1174759451926688,-0.6588160437773048,-2.1008333477369714
-2.645466221738295,-1.6901139788749528,1.1108627044726875,-0.9850061980519378,-2.10850569230039
-2.3810588067651706,-2.1835879122882473,1.1341877549370483,-0.3646746173479244,-2.058189674283909
-2.2013507942848918,-2.353462204083812,1.148490784970495,0.06342851703166907,-2.0124893774337376
-2.4018471793379024,-1.8407080420252908,1.1659053468892355,-0.5111924109094736,-2.0280273601597645
-2.574046546763154,-1.5429162805192882,1.1434006303659878,-0.9879328530973629,-2.0649117745847647
-2.266487187419854,-2.142595911469408,1.1745034173754134,-0.30808879910889525,-1.9965503269291298
-2.3060107123942237,-2.0337747760078653,1.1714875183640785,-0.35924912111431956,-2.015145854466289
-2.394973904061158,-1.8853355840993944,1.1568093852025003,-0.5282947669352002,-2.0558519561645516
-2.3243908916180884,-2.0570127867972836,1.128992285810396,-0.3021516929178116,-2.0136141922639736
-2.3882819187762876,-1.9128612095234383,1.1293365667878168,-0.4360474810391142,-2.0460266852891325
-2.5465969226034946,-1.624186815507146,1.1221678554985446,-0.8645056407692207,-2.075266857658151
-2.6763871314822727,-1.4906796941070992,1.1163417013997445,-1.1937969078437216,-2.1115768156272674
-2.7429068532020207,-1.5133626884769258,1.100743788826165,-1.3258161685477556,-2.1657364648214465
-2.8657524666950698,-1.2816107576280105,1.074960893033466,-1.7630127977912011,-2.1730563243642624
-2.5794291306332333,-1.9480937357600658,1.1335646190002455,-1.0411111556732062,-2.100914972066557
-2.623812311425917,-1.783955061455954,1.1090645673254977,-1.1598724865652972,-2.140550369079968
-2.3322593364523256,-2.22669658113977,1.134851375759263,-0.45547788904788417,-2.079834699128334
-2.1157463513577692,-2.3872970913813587,1.134909301174544,0.0465944015618469,-2.015912302915457
-2.0390088620528437,-2.332036523595047,1.1149420338770757,0.2313471771907217,-1.9890739008926315
-1.9404895910454099,-2.3490722995353583,1.1293403305624543,0.4529018619049173,-1.9537725883594297
-2.0391118427742776,-2.1039792137271918,1.1545290461611444,0.2468599247475844,-1.929416949272883
-2.1227995335557424,-2.02522482263038,1.1294066619060819,0.15492758286455083,-1.9324513302527684
-2.21062003093822,-1.9233580047566987,1.1388195323253238,0.033250439072042476,-1.9524560541110838
-2.4022764015120672,-1.6344332465369082,1.1542956895765313,-0.4563622632313191,-1.997928554676285
-2.2927127732166106,-1.992753422493567,1.1669137727836008,-0.09505851622283831,-1.9631702027673024
-2.276463174267492,-2.085019034895689,1.1517980867288056,0.04223685932917729,-1.966243338548202
-2.381600134903021,-1.9092727887099061,1.1664762551345416,-0.17740648064565367,-2.0147697950359076
-2.4257405315201592,-1.9101722026145123,1.1644762536754474,-0.23950983024413142,-2.016067776149616
-2.1356523414765896,-2.4000409289685005,1.217246538975445,0.3869212962007533,-1.9667638871276465
-2.2653489018416875,-2.111436870525317,1.2131595930563357,0.11828099340631197,-1.9988309727198712
-2.472657458464698,-1.6992715698295728,1.2109243174831226,-0.45065783225935996,-2.0363007699902527
-2.6425100907730115,-1.4578296825195949,1.1667140819143051,-0.9377222077341566,-2.089666146651302
-2.8180013470164518,-1.2630547507089378,1.112998419309981,-1.4384239797901013,-2.101712824173613
-2.7040872012935044,-1.7306665221176603,1.0886711710398957,-1.1026568541615274,-2.09468150069864
-2.8376195732444627,-1.4248117599625547,1.095477061063514,-1.5322764655069554,-2.096525413730271
-2.728443764835417,-1.761213451126849,1.0798115804216883,-1.228285679710131,-2.096676211115037
-2.4057773661254367,-2.2471787089761244,1.0988847403425854,-0.4673197720622719,-2.0432865570788445
-2.5144402168960664,-1.8494164667091757,1.1109252679102504,-0.8294898024452365,-2.058991172734212
-2.6520307893885424,-1.5315001406387145,1.0924380455161284,-1.2707313269020204,-2.0755141604441265
-2.6586906255847524,-1.6004945706333928,1.0606631375716309,-1.2506953224114132,-2.0731364495160722
-2.3141246429229922,-2.184208829962096,1.138424241064071,-0.4632306367652185,-2.026569590151417
-2.02017716436388,-2.4899448982697314,1.1555243953037952,0.18345815044789376,-1.9962307170318712
-1.947121295526324,-2.3592174258356624,1.1371463710372582,0.32946983662331325,-1.9502648985286526
-2.0331934552071527,-2.1508486660027963,1.1467623432693066,0.21677954562382848,-1.9264357108182821
-2.1447236120957514,-1.970105668972245,1.1440695220750556,0.036838185016290444,-1.9403391045036933
-2.389703334834244,-1.5955254351689145,1.1242583246582214,-0.5356526853480168,-1.9846517244765536
-2.1333667023498903,-2.14974364324405,1.1914121025763131,0.04118846271946878,-1.9208590408132804
-2.333901186801309,-1.8390176776090192,1.1947447282955077,-0.38190748570307764,-1.98039956704613
-2.3490558957987044,-1.9008909563262795,1.1552662160461982,-0.3339338134078794,-1.977424287278188
-2.4138374884290656,-1.876115258021964,1.14044437517997,-0.41005473408192317,-2.008439119607398
-2.268302597927792,-2.1537192739609856,1.135897813499842,-0.010746839730599705,-1.9728632555228838
-2.127933363024037,-2.335549279043953,1.1471538989357568,0.3626321219436348,-1.9391651337866094
-2.114484746560236,-2.2427664703759893,1.1642369879983774,0.38041090699703267,-1.945793579204001
-2.383317994088063,-1.684276061913565,1.1839503179013064,-0.37310446876821557,-1.9770831322231834
-2.5024045336101723,-1.6460864439718597,1.1819028347891325,-0.584114749208834,-2.0255651631422977
-2.602533850721511,-1.5819943406476815,1.1649955618022272,-0.8521416166882166,-2.062018768764735
-2.6419728896055115,-1.6714162874385006,1.1584486968137448,-0.884190162871997,-2.095947655480819
-2.3799911567867285,-2.197249012686684,1.1778639426523554,-0.2462011795698506,-2.0393973416947495
-2.353352234482385,-2.129277875515119,1.1720374726779834,-0.22146003450020801,-2.0262688310794097
-2.3146142147038473,-2.1446840006025725,1.1530229441365885,-0.0740657745185818,-2.020300675666781
-2.486608344200308,-1.7211791193738004,1.180147950586448,-0.5777457853027895,-2.050260519279152
-2.5760669398415152,-1.583441310158741,1.1760507096097275,-0.8061238490506589,-2.089610804330294
-2.594248372807014,-1.650640189605209,1.144511377361853,-0.8445704260240939,-2.0995863445893646
-2.639025462367906,-1.6191149553615267,1.1398990582491075,-0.9489637605933836,-2.111394513400544
-2.4026742803886547,-2.0834329033897325,1.1508178822467945,-0.377558648215557,-2.054895254041579
-2.351757553111422,-2.0851388027480433,1.146014634107775,-0.24624035067613237,-2.052320873622509
-2.0906119372652467,-2.4457236194791303,1.1873391187520008,0.33921642395586465,-1.9898910187467793
-2.307940454578195,-1.8779002090931913,1.1853327432481222,-0.3168202802485672,-2.0326493286348115
-2.1339563526395535,-2.183457237764225,1.1858597077296227,0.0983574964128204,-1.9683487649039855
-2.2553792967106117,-1.9703068000025472,1.1694241563390093,-0.16127372300828285,-1.9999969739519607
-2.388516045053667,-1.7934180272222153,1.1582305951031764,-0.4244990028029024,-2.0066025258827636
-2.212605460319888,-2.1564647706073123,1.155991105760849,0.04850185538890107,-1.9534303594133426
-2.270894995586102,-1.9988335106463189,1.14955183206253,-0.11608825440949316,-1.979252183512769
-2.4594634011098995,-1.7015756451491186,1.1428180697603474,-0.5689263878951628,-2.0285579288886173
-2.6360270985207293,-1.4123544717965684,1.1448677800252491,-1.043057070054885,-2.062705792684778
-2.7487804694548097,-1.4071430350454788,1.1190865046845297,-1.283236562590941,-2.1156593038437514
-2.87227222654614,-1.3058022467365593,1.0864919709174317,-1.6072831895162847,-2.1528065189021763
-2.980286742860672,-1.2611730443831022,1.0769885594759578,-1.8772361123985066,-2.183040653965676
-2.8944050371181023,-1.5870694130860512,1.0742958984396462,-1.611071776544227,-2.1955197324156246
-2.706343024261795,-1.9212219854231787,1.0705975845024986,-1.1590527480568247,-2.152256572527055
-2.73519573009032,-1.6977097782741202,1.0569308155531787,-1.377250538859457,-2.153638241982465
-2.7467973218027346,-1.674368654709371,1.053127409202158,-1.3699818372186892,-2.157019371248591
-2.75278297139326,-1.5940452232109,1.0625933445669402,-1.4758234511102426,-2.1624429346880216
-2.772558131049498,-1.5518182601261394,1.0388803223696406,-1.5665523384567823,-2.190006139249135
-2.835084909337099,-1.4600807668432392,1.0501513701037657,-1.6992844374281288,-2.214424353207036
-2.8468159571668448,-1.4638543626713756,1.0647280544848914,-1.7514318368393036,-2.2306683149293796
-2.7230723740532152,-1.7769702196519481,1.0534994920913159,-1.3718310727940644,-2.2072363805904014
-2.7484189057977026,-1.5725408465997426,1.0547488748369334,-1.5628757150735033,-2.202241664316169
-2.5957660156658573,-1.881423148623037,1.0368263198539194,-1.1360691568822774,-2.1575109456209183
-2.7192629069078738,-1.4851578298142685,1.0350683693300269,-1.5694669138666544,-2.1479991825561653
-2.7670428064550165,-1.4644693021372697,1.0240198096243984,-1.6893035936005556,-2.168839030212142
-2.4346194183771512,-2.044498458724752,1.0713273954681695,-0.9252965697036433,-2.096390195707563
-2.4079091557036905,-1.9648653698054057,1.0734230130000006,-0.8416795804237234,-2.072473969582164
-2.1449449188302157,-2.297550845972776,1.0865938676948097,-0.1856222892277703,-2.0347307227477267
-2.2899728640510033,-1.920280303362659,1.0743842870678386,-0.532600601057615,-2.043349631344662
-2.2562623263409503,-2.0069601600016855,1.0550711896976321,-0.3002285382254062,-2.002588294812826
-2.4701098849545593,-1.5974972313705345,1.0593764081525414,-0.8430595831152458,-2.0131849266644983
-2.2635135344330983,-2.0429551430257096,1.0944732615831252,-0.3129124689620596,-1.9647899172181782
-1.9842230287916522,-2.4015650658470133,1.1383166786961092,0.28818338236285185,-1.9181863268005668
-1.9885164861316034,-2.3023061778231533,1.137769959569826,0.3192602036294342,-1.9102823345127962
-1.9261343454243027,-2.317216845000356,1.1522207243727396,0.5330788990689133,-1.8811540568927667
-2.1271559267644893,-1.9757771884076465,1.1548377183746263,0.10716624742592892,-1.8982676517507542
-2.3971946615309982,-1.527014165545053,1.13923438484417,-0.5803576923744482,-1.9370247104137446
-2.565636930037993,-1.4793609957392344,1.1118920107466703,-0.8671607986398718,-1.9911639116635278
-2.610944144831929,-1.6186078645366937,1.080107483743803,-0.8921881065806798,-2.0378906340781553
-2.3806656438577636,-2.1221961464764045,1.115871773500303,-0.2668474341317861,-1.9917340217758621
-2.582704006566646,-1.6128995599399694,1.1109691190654223,-0.9160982713789997,-1.989508229819147
-2.5240266931862005,-1.8223509583983344,1.1032102344576054,-0.7352077012249358,-1.9923776909167656
-2.6444624521424416,-1.5892231071922227,1.0918271663546946,-1.0848057576735723,-2.034938052078408
-2.3877510205068933,-2.07068448419896,1.1114451321645773,-0.5022796310383274,-1.9908572934854576
-2.496243062389381,-1.8098183833321577,1.1282803026042552,-0.7981224997986159,-2.0328843348735015
-2.6779566096331218,-1.4361865257963888,1.09865432304767,-1.3539834548155898,-2.0623072473725217
-2.730875058450464,-1.503317670100966,1.0988822762870334,-1.4337190727373936,-2.0938414902641305
-2.8293972683589916,-1.4407832136383134,1.0785859355200806,-1.637300338716815,-2.132529169506593
-2.6144020857122174,-1.930587139281299,1.0992447653602218,-1.0880598492733309,-2.1060926659537182
-2.3668259234047633,-2.259252122427141,1.1065602236524716,-0.47444464318395324,-2.0698503913325492
-2.454132101928526,-1.932616427653503,1.0978711254332507,-0.7196437638782056,-2.064376518757792
-2.6397581087478668,-1.4809886830550092,1.0652834326195624,-1.2814350252552764,-2.069399309477645
-2.683813829146156,-1.5232799261139363,1.0594460959836585,-1.3954588044687433,-2.1034900414720186
-2.4731641941688296,-1.9861631338669938,1.0891186988738637,-0.8478564267201419,-2.0618840994225325
-2.3112237397564037,-2.196317875071833,1.0869070957455176,-0.39045442908194405,-2.0206830365734367
-2.241804846580428,-2.180068291885072,1.0684260076657806,-0.22813930820488257,-2.0041492704466806
-2.279313110086485,-1.959187103281749,1.0773771969048989,-0.3806076219962813,-2.019437381214684
-2.022108556875991,-2.3760495530413,1.1125437426608427,0.2708047823384489,-1.9672300082100243
-2.110972685899016,-2.099179263035463,1.1286635144823618,0.07773762084403799,-1.9584167886144237
-2.1310984263238604,-2.0742529332798942,1.1324972176202146,0.11626607396651335,-1.9635658805920615
-1.9735825363202484,-2.3310432437900683,1.1561587580205699,0.49506074236468667,-1.9153918570919708
-2.246153706455539,-1.793089737549738,1.174498819823525,-0.22045424303450545,-1.9414240966558185
-2.1708085471406764,-2.0439451006046623,1.157870505450976,0.06005488820584736,-1.9184073193895534
-2.3360459083709664,-1.8257171364082458,1.1724905123310767,-0.29878207525979383,-1.9795800272009623
-2.3480007351066785,-1.898879879526228,1.185692251533639,-0.2557487515641342,-1.971259081686966
-2.385909963070652,-1.907698362629918,1.1556845507950737,-0.25762762869404393,-1.9746069323451922
-2.610468835151886,-1.4957405767454621,1.1450243943796126,-0.9027668795877963,-2.0289164848222017
-2.4614104040519855,-1.9187487213218726,1.157657906532558,-0.4905024922229993,-1.9931695737029578
-2.5977045824915095,-1.6753961145116325,1.1281738333944542,-0.8635329037738048,-2.0456938934258813
-2.32244553183483,-2.170332270090595,1.171550712142015,-0.24660515484476747,-1.9708939524539786
-2.306778361062544,-2.111586996281119,1.148997598320258,-0.2242397600982673,-1.973593585005177
-2.2975171744158303,-2.089755010792828,1.1505796219014996,-0.1601886089826551,-1.9746044750941159
-2.02901724368437,-2.4570564262215244,1.1831356217890545,0.4233410162169293,-1.9230414930132957
-2.1511114064058896,-2.120549870857014,1.2040663206370281,0.09417271145189174,-1.9466768563757908
-2.2345438730743887,-2.0104072893562455,1.1874228036293362,-0.01964086692398462,-1.9425118655831515
-2.227142833988369,-2.05270601309904,1.1791443235952916,0.04275169949665161,-1.968899245665051
-2.250779575111987,-2.0286857756272574,1.1638526170991492,0.02531441382574148,-1.9664802707428588
-2.3689126576394695,-1.8676151796947442,1.17529981414595,-0.21069980727950044,-2.0126988054718913
-2.561234343131552,-1.5893271072140502,1.1721884879949995,-0.6807409089268495,-2.0490860893761265
-2.4386130884115134,-1.9746379446646882,1.1740298873461357,-0.2970283607697609,-2.0085796124111464
-2.2646088083841174,-2.24546152355932,1.163886209692722,0.148239927447089,-1.9789999026606069
-2.360534395446881,-1.974455216948592,1.2088202298140402,-0.15693511079574887,-1.997636565458142
-2.4563802878932806,-1.783162550364107,1.2120149428772602,-0.4373917186981031,-2.038547224831371
-2.2684298025273164,-2.1703348361070707,1.2156869614560235,0.00859388617296529,-1.9791605441946745
-2.314142252572693,-2.0349805458358,1.224522635209294,-0.09908039590953949,-2.0003468559060344
-2.531500440840801,-1.587457348912121,1.2312791892649604,-0.7318371282402899,-2.022798428958802
-2.7290884138968328,-1.2943837149137802,1.2121503145863919,-1.3006090156466552,-2.0630320623542553
-2.785783529583307,-1.4099877669744134,1.165274864586761,-1.3914519466314723,-2.10338779971001
-2.8921514777770345,-1.3285269238547948,1.1340393886964888,-1.701779798605284,-2.160164103434854
-2.8284549081665027,-1.643346607509773,1.1169962994047145,-1.4586037631617572,-2.1726305509605504
-2.7076345531736403,-1.8659571785578217,1.11653706961158,-1.1271645280539553,-2.1581376413068765
-2.664059446711119,-1.9015068845662304,1.0787949878344671,-0.9946138332228329,-2.160760444374551
-2.32512033562519,-2.326398080880617,1.1254621221925591,-0.2507622307047274,-2.1014797604407347
-2.3781825950707773,-1.9926047881277955,1.1375695710320635,-0.4951389491538956,-2.0911534872293456
-2.478671959796464,-1.7577007523766126,1.1243000434086075,-0.815416111448392,-2.084203781305375
-2.3793478472266503,-1.985013461997764,1.135870221449111,-0.46746569789857856,-2.0566884818594167
-2.356907555600719,-1.9669215577936396,1.1373481300568375,-0.38888051697202997,-2.0287928630505405
-2.2366371623997736,-2.165255642066135,1.1375079329162516,-0.03978473267094569,-1.9932836061853951
-2.078430286387537,-2.3302286476612863,1.1711647008227433,0.3200649758073368,-1.9604595221243186
-2.282448017328311,-1.8650492801538854,1.1734891875952955,-0.20816743738583593,-1.9812706630343182
-2.1252886948150698,-2.198461080037993,1.2019771280627023,0.21693641957211698,-1.9283878714671163
-2.3772916964148374,-1.6820820136217935,1.195497776391865,-0.48613353430283507,-1.9789606207367747
-2.4896118152334403,-1.6644414397607619,1.16032454214169,-0.6690527464979826,-2.0367748943902306
-2.3178729013639887,-2.0407567632157284,1.175486256679856,-0.2589327452983918,-1.9747755582634028
-2.5615985688504983,-1.561316646482639,1.134904808415345,-0.9345056980983608,-2.0081808471918046
-2.70141478883362,-1.4345137018578025,1.1290283190512833,-1.2597611708827374,-2.0628212051340284
-2.4329843456130096,-2.0271111014989396,1.1396470748663174,-0.6005386711603209,-2.0156105851558026
-2.3042083183472983,-2.1803283227490957,1.1422183076889532,-0.2758118289041561,-1.997950896137212
-2.3969130548468205,-1.9250642658203998,1.1384331285469877,-0.4863344628341098,-2.027211043347179
-2.4424467966887473,-1.8130364566145982,1.107497863463378,-0.6098206444077954,-2.0390141654918406
-2.352880333458856,-2.031535996868911,1.101342506421755,-0.31854148315713676,-1.9998291939646162
-2.4925217016072208,-1.7289865520196355,1.1218611689140727,-0.673260850952404,-2.039222700911687
-2.2272153639048984,-2.23499756460309,1.1649739352689659,-0.039223412721361935,-1.9890325455777136
-2.3398784598773634,-1.9408898725307158,1.1767377069024327,-0.37452884236985057,-2.0239385349250165
-2.1014209420895096,-2.313707660162111,1.2010388671435632,0.19517465251521707,-1.9560036577209619
-2.2816573583025215,-1.9575604771430726,1.1939945118941202,-0.2303925631399799,-2.0088863413370333
-2.4995171443738298,-1.5806807638166076,1.1487364627862109,-0.8201949524772268,-2.044966953614664
-2.5103433752313618,-1.721753938309172,1.123568497463304,-0.7561317198916067,-2.028887179521768
-2.3411070496053505,-2.063819690096756,1.1327825916284562,-0.34665827246541503,-1.9957531245021871
-2.19599680016956,-2.2884384815776677,1.1511163398841076,0.07016277236723911,-1.9491758839158064
-2.1309934857216493,-2.2923795423400732,1.1547221650846686,0.2358775356255304,-1.9398639110365543
-2.026912878220789,-2.3827413213678814,1.1714647887151777,0.5085670493606257,-1.891335745939698
-2.276310188967795,-1.8555632506186204,1.1880365726453648,-0.1553074539185066,-1.9436727597287178
-2.0490573015469415,-2.2787130170773495,1.2114430001263294,0.3329074306455435,-1.8932179376726523
-1.976444310170614,-2.395061086815296,1.213651932684933,0.6128135757257889,-1.8772740949903437
-2.220179263560007,-1.9422542304693515,1.2468261498411288,0.02916514909243652,-1.9259560931909776
-2.478194590576386,-1.4923126497503065,1.2145500465353798,-0.6747979141990232,-1.9867373926009995
-2.4808511593752707,-1.7430194758710031,1.1761670479651734,-0.5416471566071274,-2.0043262561905943
-2.2837949102293678,-2.1410728426701753,1.1838141177449888,-0.05660262153204721,-1.9455670983504483
-2.251948751281149,-2.155674403412013,1.1607593463821442,0.06066594394564575,-1.9420957095514857
-2.394917905472795,-1.8381205167543633,1.1720025433805576,-0.33806404837593,-1.9857601077968354
-2.564367889479906,-1.5751860264050779,1.1312730542012595,-0.7791175639958361,-2.0359099891441907
-2.569300952431546,-1.7415367116781635,1.1246449301768213,-0.7160385286342084,-2.062959488361989
-2.671011863591716,-1.6434546246067443,1.1167710550502032,-0.9294095553865002,-2.086585270351696
-2.7740389288011458,-1.507893957003159,1.1228242476490002,-1.2228793335052512,-2.1311847435368763
-2.8988597547946546,-1.2825262484793767,1.0718213226873015,-1.6659429781900432,-2.153363311428821
-2.5866041403408175,-1.9721916652997595,1.1226590115390633,-0.9391152677133925,-2.069339440773
-2.643674537338057,-1.7701691831163007,1.1076547779947707,-1.1415680773679093,-2.0991321757228154
-2.6384796410600315,-1.7643621084871508,1.0976869707648573,-1.0918178421914675,-2.122752965729441
-2.503941734471865,-1.9651776292178493,1.0872772674010003,-0.7593417340268906,-2.1087667389419797
-2.6412474160123245,-1.6481830185687296,1.0992955781098779,-1.1414624329305145,-2.1243259499674885
-2.3402325015719607,-2.149757683226838,1.130878820251,-0.4489416286881121,-2.0677342376355234
-2.369799643106975,-1.9296745273877374,1.1313323818354353,-0.6066032467869097,-2.0598203696285826
-2.204597357761309,-2.217424998460767,1.1496047169887025,-0.11241777136589759,-2.0215130836877657
-1.9420378901173823,-2.4647361564623536,1.1756919887364676,0.4413905059218789,-1.973004728197515
-1.7849562272815693,-2.555818509121704,1.2108527771701871,0.8201909290050351,-1.9267268232719386
-1.9200796699272908,-2.216050471859069,1.2155675207676397,0.5248993691671845,-1.9049107317273966
-1.8389309396052422,-2.3613902270209626,1.2141470027945254,0.7736472533923859,-1.8700597880264214
-2.1189948450560157,-1.8695099027543738,1.2100371307568163,0.07196732099657309,-1.9059137961279518
-2.208884637735389,-1.8859479389302902,1.1909652478613344,-0.012787175634831602,-1.929098746902017
-2.39547577292253,-1.6976989517941363,1.1765417107211724,-0.3996712159485337,-1.9677538592783146
-2.6105444601600563,-1.425163759104988,1.1461554567100294,-0.9318725004800452,-2.0293324437099987
-2.7849413108229206,-1.246105383141047,1.1190292851337629,-1.4295837151397737,-2.055137250971938
-2.91186416826701,-1.1964337862695344,1.0899723095838147,-1.7609344431568112,-2.1141824706026813
-2.719764690764927,-1.8041585018150295,1.1146678705747746,-1.2353647920366626,-2.083396931456463
-2.8372636574520738,-1.4722456549380347,1.0846703771139752,-1.6990108153463712,-2.097744329727842
-2.4221372926322005,-2.1910402940014424,1.1253208504352985,-0.8056212531016257,-2.044669464463835
-2.5247451170998105,-1.8773544856716486,1.1246821604623805,-1.0809908561294956,-2.0687683511075363
-2.3980374073963646,-2.0559876608210073,1.0832483820773862,-0.721340822568767,-2.0513260249256873
-2.30328144783442,-2.1381792931170946,1.063223723051331,-0.4140151305061268,-2.020559639842217
-2.113132787332948,-2.3282630623715534,1.0798137924642919,0.07852831197404733,-1.9896022211533584
-2.131731557343562,-2.162623016380414,1.0877113852863336,0.043657225367495514,-1.9525103158113049
-2.330344264706465,-1.7413042718922627,1.1146155999182672,-0.5087337649310597,-1.9984928870298075
-2.4833039167981927,-1.612021373236458,1.1140698513891774,-0.8084759463651312,-2.0381814867206005
-2.6391766922300177,-1.4296316740666346,1.1067616453690654,-1.2295062024227896,-2.0603973810069487
-2.7953559300434194,-1.2734048749111475,1.0550383310778078,-1.6473202656975456,-2.0864351690678578
-2.9375011236161312,-1.1621809805118433,1.0205364642319679,-1.998819014196215,-2.137774034853034
-2.8886981547292203,-1.499866107096742,1.0192194304737658,-1.7758279276444071,-2.14715780979031
-2.7285570593700665,-1.8748487677733174,1.0215743253134222,-1.3055071341588063,-2.1318930992645178
-2.6265518183133043,-1.9611398841856953,0.9976680096035542,-1.0947471168707665,-2.1323384320752323
-2.451405359548008,-2.1614380790532897,1.014775773755615,-0.6096780595744622,-2.0912267098452357
-2.4284063777224882,-2.018593606035336,1.0239556021470348,-0.5810480103233998,-2.073933603927015
-2.1467199472779677,-2.355550385430259,1.0849190495752774,0.04238867432174221,-2.0265603836102377
-2.125741769230254,-2.1859186732948834,1.0638163057118804,0.08203640913374667,-1.9911608811071777
-2.21623032535069,-1.9681102786646236,1.0890325456345613,-0.12307568503369092,-2.0043860092236563
-2.1467772228083732,-2.1005606199789812,1.0868850912453716,0.06628455764063576,-1.9527821722193053
-2.351334737062687,-1.6999898183082305,1.1235954839035907,-0.4384665046521596,-1.981082380026854
-2.5822309371965546,-1.3706579219838901,1.0958822665869405,-1.0578604041531066,-2.0402099427657836
-2.5556544115000515,-1.6654038840936165,1.0762531721292405,-0.9060952130061454,-2.0267403053625217
-2.5789290509679796,-1.6711846345850017,1.081011057326557,-0.9833866512040237,-2.0657469807841844
-2.6915407107117377,-1.546478748748947,1.0688799699607596,-1.2257957795455243,-2.093713864729704
-2.7748471140701225,-1.5078069165336296,1.0556543823607536,-1.388378349488229,-2.133311172683645
-2.604089815580523,-1.9121490776962302,1.0712376379671245,-0.9437712131868069,-2.119831544598102
-2.5271488287476953,-1.9869964328575473,1.0605980234136991,-0.6997663019178475,-2.094108264089885
-2.6421574819439604,-1.6471760721247404,1.086048209879299,-1.0558065912367136,-2.081292856328921
-2.4213246051814297,-2.0337002603079033,1.1122497684037411,-0.5334142741856723,-2.0366036766510875
-2.181670019771408,-2.309415995001727,1.129330815058526,-0.009044644692131806,-2.003802054382215
-2.41002776427722,-1.757735620580263,1.1401901740209073,-0.625069282786675,-2.0418642764007604
-2.536242410508994,-1.5968520618696551,1.1185638120557355,-0.943216515223921,-2.0838450450099737
-2.58710502092675,-1.6161107560255397,1.0951266290607404,-1.032274322244346,-2.090919570858246
-2.7598389607890907,-1.3128912085162163,1.0721821602840458,-1.5244834523619166,-2.1126161941275137
-2.420542765942306,-2.0071565828897246,1.136745284971581,-0.7313897411933783,-2.0428755163856454
-2.540219406285688,-1.7320576028393204,1.1147762212171228,-1.0456661628385238,-2.070386015700054
-2.2264533118488905,-2.246499060366662,1.1614800728624246,-0.3192864441589873,-2.010210945901623
-2.4097805778096197,-1.8220054082449348,1.1400270279716596,-0.7289140887740544,-2.023800265899317
-2.179960115223881,-2.2097592393755776,1.1397047183066125,-0.1415087716179174,-1.9882685642532059
-2.0824390826333032,-2.2401790792819574,1.139684622301613,0.10496544110598593,-1.9464027076331831
-1.9942562005802975,-2.3132465914872666,1.134008688376847,0.39780357988147885,-1.9244868847787078
-1.762319706411289,-2.543235976182103,1.1787400271988746,0.8743587820801617,-1.896402649409164
-2.0833867247678324,-1.9184071862309195,1.177680194470744,0.0823840829538613,-1.9026377754632713
-2.3248819570558172,-1.6022749252987398,1.1387585737030668,-0.44351522326582105,-1.9345917541480675
-2.5751676700507202,-1.3145926164021113,1.0866828182980561,-1.0523561783710107,-1.9695692372374458
-2.596536658243889,-1.5833692014146878,1.035143162359427,-0.9757466353471043,-1.99148827762382
-2.690111456646693,-1.5832610616305027,1.041511079086482,-1.146064871784086,-2.053152464918379
-2.601696220212937,-1.8242898658116984,1.0254675770282928,-0.8890717545880387,-2.0517400238110013
-2.4822101433567294,-2.0361131488025492,1.0272942424280584,-0.5460726768923511,-2.02730708410513
-2.612333024612732,-1.7077183958647388,1.0675560840856686,-0.9591691308833468,-2.0698331806203125
-2.267902620597775,-2.281366668490292,1.1405587956891874,-0.19641953110500243,-2.017878720598517
-2.288260804700838,-2.1316293723440425,1.1344376195945598,-0.22987155363586154,-2.0304398047151673
-2.272840094873895,-2.0759501761983494,1.1424022247197247,-0.19182094533161118,-2.0113632134854895
-2.0660322726460625,-2.3455302890641097,1.15387622966278,0.29581157230649036,-1.9667084932652061
-1.8676134944299005,-2.5220968638333856,1.1858633002937915,0.7270245159102977,-1.9163211859762648
-1.9024268713807,-2.3382391931403075,1.2071925693342855,0.6594890124742752,-1.9055946993459283
-2.229978359473658,-1.7605383989707075,1.1986873098179476,-0.1409343566416313,-1.932175318141466
-2.174864347397143,-1.9951276916345897,1.1920480865251932,0.03782526156449289,-1.8938280625757364
-2.1584643011661453,-2.108931836353149,1.1877599890174468,0.16376282325756739,-1.9222508367044462
-2.372654612675737,-1.7996925750723625,1.196900932086831,-0.2770961704154889,-1.9929962800006091
-2.1721767934088785,-2.2233326083360447,1.2203549549854982,0.2384017001378894,-1.9417483615287428
-2.4095772773147,-1.7937552204663285,1.1977607834379802,-0.3348059824611435,-2.007610736166575
-2.4110129743872464,-1.9366446097680237,1.1621240693450123,-0.24216412298909445,-2.0125388191665525
-2.607921159174753,-1.5903950329930174,1.1500494356425086,-0.7979795524704857,-2.0653057077654746
-2.5250749656937796,-1.8623365511253054,1.1349636998938013,-0.5195373900948829,-2.0583726904365522
-2.59870508540812,-1.7274477023534363,1.1348306124036431,-0.739706520430468,-2.0900499776112578
-2.2917683318262965,-2.251080776164851,1.172455990799344,-0.06825293342058997,-2.0219120758790075
-2.4894151651695124,-1.7539058295210868,1.168488512712542,-0.6771514996266406,-2.024797057730604
-2.255255275400225,-2.1897222317611043,1.1997973587134305,-0.12625353147035684,-1.975146545233686
-2.128278718805131,-2.3217896383754657,1.177347494846866,0.1966500244264518,-1.9614164919396049
-2.1373301868979393,-2.1874933091370066,1.1872929974775375,0.18938317998922682,-1.963245227335356
-2.296750177177615,-1.8643653183130153,1.1981783891812658,-0.16969972681659312,-1.961401277268927
-2.447484813468243,-1.6714941671471795,1.183971009941973,-0.5278678917080961,-2.0038262640998754
-2.3708803534359606,-1.932579913543207,1.161248484698315,-0.27424569756218686,-2.0014158748573436
-2.561632035003188,-1.6032938034989463,1.1611554507986839,-0.7941900664026907,-2.0520542396407984
-2.228353890375978,-2.231489264728041,1.229968603293741,-0.10150464892773448,-1.9725474887642818
-2.396948216285581,-1.876009267030079,1.2333692213217262,-0.5354613061689625,-2.011925789653929
-2.4709216372866707,-1.8336671914137048,1.18452111396172,-0.629203607768585,-2.0339949240564796
-2.678358208747851,-1.490126706125369,1.151149824196898,-1.127208217777358,-2.0740847276640504
-2.3659545293219066,-2.104298562145321,1.1974580348611121,-0.44872162840217145,-2.020560003562698
-2.5574775748518617,-1.692479934967676,1.190553892474719,-1.0137050268403467,-2.0512318766230733
-2.669427677751361,-1.606563436216813,1.1526493734864214,-1.2153963589328232,-2.0989777680103523
-2.7235340395440755,-1.5494426392668863,1.1147769660788742,-1.3783204899770949,-2.1174058349841713
-2.4329704832417907,-2.1215735383926653,1.1525217159870162,-0.6791021339050763,-2.0748921771688487
-2.377224924095433,-2.097404450246519,1.115497755693797,-0.533297148269605,-2.069951126321153
-2.333452327688658,-2.0999606439667495,1.087669139900317,-0.34545772132237007,-2.058222085047042
-2.256792194232963,-2.139605381302449,1.0789701186335827,-0.1151299098176306,-1.9956149188862755
-2.2215046628539032,-2.1252151731018083,1.0790100834730276,0.0031446722250411136,-2.003676496338765
-2.35031761011951,-1.8407429686829513,1.1059607536277802,-0.3345327895248875,-2.007443785921863
-2.4701247760161644,-1.6246103801309772,1.1055154383355346,-0.6570089784624054,-2.041774387204325
-2.6469815810139625,-1.3735172715613684,1.103599701553015,-1.1588719882018534,-2.0702769660457943
-2.5155515067046483,-1.8301602335403382,1.1123730674813934,-0.7467846155282278,-2.0356690607551666
-2.231329202522797,-2.3185267261943134,1.1546026815177632,-0.045481149677603847,-2.000802683320154
-2.3214972709067894,-2.0271475066578524,1.1549148935845972,-0.31295090465355996,-2.0096147651333642
-2.3956154199792876,-1.8128040912079482,1.1603726976173423,-0.5150606102181762,-2.0209401875053064
-2.6092312992275883,-1.423709967830422,1.132411803795407,-1.1388370303477418,-2.04468958480203
-2.765021976078627,-1.2792754322545041,1.1105904579116752,-1.521486076852623,-2.0868532941377675
-2.5261427069308575,-1.9066121718827074,1.1582451955405129,-0.8797491575899637,-2.035971386326166
-2.462455431556581,-1.9786066802685993,1.1231067549381122,-0.6756025348254712,-2.032901276202085
-2.2796428873087615,-2.2281779699791713,1.1212564090522879,-0.19542838171733307,-1.9925969143675597
-2.4367829106891685,-1.7965529924987005,1.1282241595583533,-0.6894328027908218,-2.0188816702308854
-2.4834936893829647,-1.7271445888177315,1.111761804182671,-0.8287464387266633,-2.02290406147804
-2.3815990728044047,-2.0130759423229025,1.0961052763648602,-0.44831809198098116,-2.0082171530982196
-2.348269629449363,-2.02426173182216,1.1067188965512533,-0.347280020827939,-2.0241584033396665
-2.5626647759344174,-1.5631389516337888,1.1084823153053167,-0.9705150234691853,-2.046290376246418
-2.716543251348609,-1.3867390405705788,1.0840374537323028,-1.3667824568475728,-2.0743803765112507
-2.6486769196438837,-1.7075405482203192,1.0885066959865675,-1.114573499401195,-2.0756378985039894
-2.7148649159905287,-1.5851585657937217,1.0914041458784496,-1.3197111319670312,-2.108170646942341
-2.61307804487139,-1.8605567946078398,1.0579932650873125,-0.9706252845691283,-2.111648409743981
-2.424787306348085,-2.1383797984579305,1.0895143227228736,-0.4551238630664942,-2.0567902142343897
-2.543277339032295,-1.7269575016402967,1.0724432228933194,-0.8901765129764335,-2.049806008421038
-2.5152864956404652,-1.8026732163278385,1.0667490071186938,-0.7923938392895025,-2.077827104980167
-2.5233772714813183,-1.8414472722226891,1.0545947333003145,-0.7322568173015804,-2.075735621039251
-2.5558983103916177,-1.7463458401280003,1.0682198857418048,-0.8361182812090259,-2.0957091610040206
-2.47683853211221,-1.9201830522318162,1.0822701260870942,-0.5600235433737533,-2.081878830894334
-2.5986108434781574,-1.639001130292376,1.0885707339055672,-0.935855443196941,-2.0793033454740337
-2.713979369424425,-1.4208435016498149,1.0800131152892534,-1.3238939057832002,-2.1040317279589917
-2.7118846150682265,-1.5509120027431926,1.065792969499253,-1.312054602518243,-2.1364518751283033
-2.7950318065349355,-1.4445517726838142,1.050065132318058,-1.5309327840909674,-2.159633161574579
-2.830837384038237,-1.4539298516637489,1.040207467926813,-1.5947893044336374,-2.1497396117614973
-2.8919565118233996,-1.4105071422463793,1.0293444041181588,-1.724642117629819,-2.190998937663755
-2.9527363932004964,-1.3060099299325836,1.031102702450433,-1.974771266132334,-2.1790687277740965
-2.902516250211036,-1.5080564514198769,1.0220583465667703,-1.8112984108726085,-2.201998798266935
-2.538192322012824,-2.1049800841688318,1.0763530412661626,-0.9983237214137344,-2.1452960645763555
-2.5934710882177447,-1.8250323103561181,1.0739873188269238,-1.2099350637849233,-2.148532453265637
-2.507133903333666,-1.913833282318492,1.0576730191575079,-0.9582059764211537,-2.1077691252859703
-2.376572356741519,-2.0457078453663384,1.0686462373203593,-0.6061879257917121,-2.0778573469169475
-2.466814731919693,-1.7848323170965492,1.0848872357860517,-0.8405649947579195,-2.0799834189158912
-2.566837580501183,-1.5708336557952454,1.079132917506372,-1.1529797991515929,-2.104348258238991
-2.4861832364783294,-1.8392613086743592,1.074238174000197,-0.853207502106074,-2.0956991179932043
-2.199155487351444,-2.280245269559714,1.141000006770177,-0.13822550367655434,-2.059507927611017
-2.0659363130246526,-2.3473965135938757,1.1495085755513361,0.17121534459641438,-2.027193068372688
-2.196554776259575,-1.9903070362934612,1.1526547951618569,-0.16836260912186776,-2.025875735402706
-2.4299147564848766,-1.5843779839471515,1.1478816947317463,-0.7768347023592362,-2.0250097724755314
-2.3223155768932244,-1.9312375836982718,1.1433815824528566,-0.4390682948198548,-1.9977784705240877
-2.056465057247523,-2.340252781091959,1.168583038673245,0.20910983371010589,-1.9493649935920638
-2.2703310610640024,-1.85709331335254,1.1696616986612463,-0.37030225103832837,-1.9861267921572014
-2.1005222467820905,-2.2059380234408903,1.1613431354181334,0.1153678342637744,-1.9327106618423417
-2.1148687977859315,-2.1444586840941886,1.1540357097298963,0.15125129953338678,-1.9353015454329463
-2.249973404029697,-1.8951086763258058,1.1564604833531102,-0.1745034668042212,-1.9491742673788006
-2.2917269835555314,-1.9079834159458884,1.13532709646128,-0.1517570244995042,-1.9491765269309977
-2.31600036555637,-1.9291076432047956,1.1231601122566435,-0.13832776302161373,-1.9773160659047557
-2.5352306325769463,-1.5203699153729007,1.1256670349621327,-0.7557133816852829,-2.0040943341312034
-2.354896699674496,-1.9848419693736723,1.1247033854004127,-0.2842610138869471,-1.9762573391877887
-2.386027464621272,-1.9331497275263878,1.1196278294086914,-0.33918897829323874,-1.9770817892658363
-2.378901307213808,-1.9360578493724545,1.124827946900283,-0.28421099450359627,-1.980728157941785
-2.2153983170110343,-2.2079589888293993,1.1438011578610392,0.13243155771377857,-1.9562741467494662
-2.079622186692385,-2.380301150569624,1.14986321500608,0.5146893866960991,-1.9411092549383078
-2.140280895615627,-2.1818646113739684,1.1586469481964963,0.37704974602610847,-1.9518436795355043
-2.3874484596995362,-1.6400292372076197,1.19453624796993,-0.39616795246814696,-1.981544726017096
-2.568812516840746,-1.4811455839010739,1.16574438435118,-0.7886954536445961,-2.0315082484934495
-2.392508773345371,-1.952238409614634,1.167225472119181,-0.3404483699685089,-1.9810986881016879
-2.214531527016464,-2.232979596343395,1.1782773034977123,0.12518145235303124,-1.933486838355556
-2.453521496559105,-1.6997333023674384,1.188574606005589,-0.6056689369207455,-1.9724775382536233
-2.4792790907775624,-1.7839592190060913,1.1526686104628965,-0.5802132169756262,-1.9962890169490015
-2.3554631141302877,-2.026258259361814,1.1327697934081413,-0.27568105441377316,-1.9627429054971188
-2.1258113775955403,-2.3468795075672313,1.160216837634247,0.25390729460133993,-1.9133461311371427
-1.9719033484536517,-2.477058168973989,1.1797420566035972,0.6344400357108356,-1.9119014667751468
-2.187996846849797,-1.979642911558468,1.1961498902010657,0.04216930978461748,-1.9417268497978546
-2.102373995077357,-2.1735045679167153,1.1802679513696517,0.23755005182080285,-1.9175747707791768
-2.0447806263704855,-2.2382422967649043,1.1808900917652618,0.4291060697099807,-1.9111298201575304
-1.9901959162720546,-2.309119924479663,1.1939005482877303,0.6502563206722258,-1.897678069190605
-2.01717316637825,-2.253593536236307,1.1927204280125354,0.6549273887450949,-1.8776449414534429
-1.8362413263715098,-2.4744794740846725,1.238003883982817,1.0102873667152479,-1.8580652251829262
-1.8580224980226399,-2.400842878308734,1.2447272820513744,1.0701396100044032,-1.8458564858359152
-2.2134319210487314,-1.76868664327528,1.251141810750783,0.12596756615619123,-1.8913435927646154
-2.042244903969245,-2.23071323774279,1.2852701163201465,0.5398222138428459,-1.8607136988092141
-2.3281668709325696,-1.7064280754350374,1.2485457018798107,-0.26923941464358264,-1.9050347523030613
-2.4816221013670514,-1.648775115321156,1.2187104717776862,-0.549876433655379,-1.9607537870024867
-2.5768971034810266,-1.707342437332614,1.1692258553140105,-0.6247780087759477,-2.0081761272101617
-2.6081747117905656,-1.7519382493331705,1.162616946520604,-0.6603408085297974,-2.0482520905855486
-2.3752393997971395,-2.2006422683078597,1.1641888042846191,-0.11235724892860618,-2.0174638581286337
-2.586780220538033,-1.674988135130665,1.1631907115658784,-0.7944753160809954,-2.038111198305834
-2.25097132074454,-2.256537963787794,1.1855528432434908,-0.11839823415570846,-1.9751805645033702
-1.998883727613519,-2.543816713709424,1.2444344408361934,0.45142799473202744,-1.9465677273528081
-1.9068259237280882,-2.506433789092508,1.219210458743781,0.6283331201327562,-1.9192875740156219
-2.004221948486061,-2.279404372947158,1.2088832012953123,0.45516324472536257,-1.9122052797222078
-1.8835004570136753,-2.4191011906144717,1.2199356068314002,0.7536161548929355,-1.8518662121098708
-2.0045103660320946,-2.2103721083644703,1.235020726695143,0.5372053993237528,-1.8642981936283962
-2.3205709001311514,-1.6408796816922067,1.221478153493798,-0.27826014530059967,-1.923884874330141
-2.455406870326133,-1.6223650827269736,1.1952684761299455,-0.5458470373902654,-1.978997063657903
-2.656303190328299,-1.436173364059168,1.160964530184938,-1.0052808371096567,-2.035752134969526
-2.4964734881501234,-1.9431018774649866,1.1651181045538999,-0.5657090635636128,-2.008197255153355
-2.441758110254555,-2.0211125603686817,1.1572084920140973,-0.4083556402752589,-2.0050586843097338
-2.5870419705453758,-1.6591882193641232,1.1703209313363592,-0.8767457129386513,-2.0456199089024674
-2.3087240036550702,-2.1771057335726844,1.2191053517582016,-0.23643350360885051,-1.996226314294603
-2.4827831667412883,-1.7899375622606262,1.2036855923332428,-0.7165467265025202,-2.027291870844072
-2.5325423602937835,-1.7971542657140296,1.1461312728773838,-0.799115281005366,-2.0545984227803893
-2.281375389841173,-2.2023512050735716,1.1620374107459857,-0.2296886948435145,-1.9964465933554678
-2.4840785446069513,-1.7680728756661332,1.1396194900678267,-0.7321460337579656,-2.03812459278356
-2.3186701437624997,-2.078625256563981,1.146520099348731,-0.31101208116137147,-1.984456192353179
-2.4532208936730546,-1.8172703011569116,1.13782980931075,-0.6517597791491423,-2.018833169541962
-2.5989481100819645,-1.5520467254069221,1.1181081853960624,-1.0608994728100123,-2.0371934873958084
-2.462564778626891,-1.9134263596949654,1.1165989923108885,-0.6647286579191822,-2.0096739406569486
-2.610510069275917,-1.5565989794615578,1.1034800105970948,-1.13390736734732,-2.0391921015231675
-2.7549420368696755,-1.3215998865900078,1.0904756166815737,-1.5912755761823603,-2.081817591682362
-2.607226627372609,-1.775454494179804,1.1080842763431151,-1.1223893357813755,-2.0681846865220215
-2.4822079258534244,-1.9778954094035994,1.0872239564328392,-0.8010579900959808,-2.0637917705890167
-2.485035352013083,-1.8815437530827586,1.0936929191023386,-0.8055348978445784,-2.0795276811719616
-2.606204570670774,-1.6151925384898873,1.098350808040332,-1.1045191122273226,-2.1166719931503377
-2.4339769123655137,-1.9750794035534713,1.1011579299444703,-0.6612236997275573,-2.0893821082389934
-2.300318077400375,-2.128046318159527,1.1057721089418115,-0.33179991127464176,-2.0549873371963443
-2.0671770520059645,-2.4009027914772454,1.1309508852198435,0.23067486258362424,-1.9952632587823114
-1.8446662727163892,-2.5604129055806437,1.1678313613471314,0.6889148569076928,-1.9549555511434449
-1.6872456249657863,-2.6366825855104516,1.2085862620135028,1.044931886859053,-1.9181718748796879
-1.5329228289529155,-2.6920433424685473,1.2534287679695242,1.3826039205176426,-1.8948939987895022
-1.952220294970721,-1.950522062709665,1.259408814253776,0.4018946837093272,-1.8868731598877246
-2.231013421530614,-1.652992026934214,1.2224996909485857,-0.18574519341454054,-1.9014527522661508
-2.5272386067900414,-1.3213019998550313,1.146351614115513,-0.900773987527037,-1.9680050082489104
-2.671123728391708,-1.3715950333737337,1.1126633198258495,-1.1214254351384416,-2.0436597484303385
-2.6832999634128565,-1.6146258574972487,1.0816343872136016,-0.998363126516444,-2.0599980379608294
-2.8070062894382684,-1.4907132480571184,1.0494858510457796,-1.2953939691607914,-2.0985492595399604
-2.5748733012314298,-1.9787245000312088,1.0773964633417645,-0.7616253742556928,-2.0671337357240684
-2.3207097739780824,-2.320482602092649,1.087465781132214,-0.13834794825454044,-2.0249783065707496
-2.441497655031965,-1.9896014639752775,1.1056575720073591,-0.46892234977319597,-2.0518542665567305
-2.581652302906387,-1.7195809592704783,1.1102753997873502,-0.8846829649521847,-2.103388637609677
-2.469477316215064,-1.9901761383019443,1.1195424012514945,-0.5359325589567036,-2.0591406315545755
-2.5086887546791883,-1.859897704155202,1.1138614977824919,-0.6660565537409568,-2.0814113676387938
-2.2751785292390574,-2.2544230746687473,1.1221164089697084,-0.12163106387857703,-2.0310094255272007
-2.391152010611035,-1.906987083668396,1.1267941106925468,-0.46521148766342396,-2.0745664136953033
-2.4500736029952708,-1.826725872527061,1.121304575330546,-0.5957296193021298,-2.0655217912216775
-2.615934753302522,-1.4814922138202105,1.1297770209419715,-1.083520686001605,-2.09185885816349
-2.379772952228131,-2.0347340495716097,1.1438733833904497,-0.49795636046527236,-2.019390202741177
-2.5807250393089016,-1.6073419466972065,1.1322078098748452,-1.0566094759922608,-2.0371403646776933
-2.589619719933259,-1.719140792965668,1.1166338499852142,-1.0087090210192131,-2.0789821636463097
-2.748290018946637,-1.4218549584709554,1.0983056825782327,-1.4544733694653693,-2.0812110126235144
-2.6511142584587017,-1.7374270381239687,1.0896516185641714,-1.187260945436157,-2.0931409705138004
-2.632072764632987,-1.7794670992981978,1.0957585702951955,-1.1271574675646918,-2.122885696258377
-2.755366281386147,-1.5122760891004787,1.0808271470887278,-1.5090253042953594,-2.144912504602824
-2.3852384457289473,-2.1692790476542627,1.1342715090092188,-0.6395372327355889,-2.0598347182064307
-2.558828340973608,-1.6539485900478446,1.1037967340732644,-1.231076994258812,-2.0669540642176445
-2.670517308951564,-1.5098092163862842,1.0633503159721116,-1.4863745597156408,-2.086230761965686
-2.7993145615679307,-1.2591569989246496,1.0158638459346359,-1.90951456389801,-2.1038416380089986
-2.5811768712267935,-1.840837123186409,1.0525663897313589,-1.2571150523521937,-2.0527501032253497
-2.3172586300408518,-2.2208975042503023,1.0694023526087604,-0.588456406523436,-2.0213449804702135
-2.304594527453513,-2.128611986572275,1.0572293755741042,-0.49014311560128737,-2.043607385999026
-2.328276296713649,-1.977638799681558,1.0543552075198066,-0.505390291147098,-2.0276468222191855
-2.3484628715226483,-1.9280273634512912,1.0471009424196132,-0.5058241894751768,-2.0053105082417355
-2.4248297281447786,-1.785975701056639,1.0594594981477257,-0.6331271224961238,-2.030843036389345
-2.2720043201772837,-2.090638967640971,1.0639714819698363,-0.22171056938267494,-1.9928024318823212
-2.371257183021695,-1.8885919638494888,1.075392045436427,-0.45450868642970654,-2.0101188501919154
-2.246631617749453,-2.138337399819082,1.0917535410360633,-0.062367973238419035,-1.9914792680126656
-2.1831487716011475,-2.1726416031569005,1.1019325800697308,0.13081168023100684,-1.9772397347104784
-2.344633228951769,-1.8131809967907888,1.1044709428000175,-0.31083386157986465,-1.9965021963151512
-2.1296353633823903,-2.249701846653597,1.1613819739410676,0.18101604530361362,-1.9445567756143365
-1.9142512236837577,-2.4782163748478037,1.197833406378714,0.658687881345548,-1.9106431099699772
-2.1045280004607134,-2.0519460360229917,1.2158030084111524,0.22278275282446444,-1.933176921685812
-1.8936812558753948,-2.4151760558518083,1.2345089190002316,0.7070598638041498,-1.8897176575632604
-1.719076220470931,-2.610106051573476,1.2731185687649924,1.0937318414575161,-1.8741535568602365
-2.056501274279816,-2.0246350923757603,1.2728509646160746,0.3484969305071652,-1.8910978519557657
-2.3614522882325364,-1.6041627822905464,1.2067022467677848,-0.3765594952374537,-1.9454366251336384
-2.3654375207404525,-1.812234825806986,1.1560560905083912,-0.29721050426698725,-1.9454354703478045
-2.2278431555974914,-2.147409894974814,1.1421925179353847,0.08374008666105168,-1.9140294630917858
-1.9986651075913857,-2.4950682502369785,1.1812435014939058,0.6271305172962479,-1.894486757371441
-2.2650450258071255,-1.9261401003548793,1.1716113256797018,-0.08890320790004252,-1.9120588444547562
-2.2601855433541287,-2.012820057001299,1.1577940525476351,0.0040677700703765085,-1.9211300923275254
-2.4359933533773934,-1.7629448705898605,1.1518463562552776,-0.4098388101906483,-1.9623027673384061
-2.641241059555074,-1.470976540068751,1.1403863313262677,-0.947475773767353,-2.0155541976144824
-2.8017215632049535,-1.377155406222416,1.1034499958083248,-1.3257467418753492,-2.0576208109466823
-2.7699467452578395,-1.5927355495058508,1.1073088050209015,-1.2361123467888002,-2.0763972131799755
-2.5102675299927677,-2.10383851955048,1.134949309238598,-0.5896165835892136,-2.023608226595324
-2.5267819354126186,-1.9586712132461133,1.1398552224530947,-0.7016282269996452,-2.053743792741618
-2.6804943638257317,-1.563793897653948,1.109040266153233,-1.199187733405679,-2.0577479669253966
-2.8300472186458956,-1.3068752445466483,1.0723961536375575,-1.660254434082803,-2.0825882994507237
-2.689578026409745,-1.746468326539733,1.0801571066823885,-1.2380830598124146,-2.08215142011779
-2.327400148385057,-2.27763669130696,1.1426935566616707,-0.4376677117034814,-2.025149821830468
-2.537955415958037,-1.711390927039329,1.1262681601899862,-1.0438388947609545,-2.033466514315397
-2.554998749495806,-1.7222324767426123,1.0965495432886772,-1.1276849593046354,-2.0632172889073166
-2.4571577767830854,-1.935641331828728,1.0958925002218685,-0.828227791340425,-2.0630479263510213
-2.625398538280461,-1.5780318388681307,1.072392383485632,-1.2835491297684023,-2.0609761483173843
-2.6465973259759283,-1.6166518604906015,1.0539849061772026,-1.290618615755629,-2.0859054590846333
-2.432094381582658,-2.042772160109255,1.0713727093947496,-0.7512812343050085,-2.038074370626976
-2.555889248341141,-1.6494140356983142,1.059184406573559,-1.171865318799188,-2.037310996035322
-2.4269682552946104,-1.941962297454818,1.0685116432646016,-0.8136049159380642,-2.0336085300162248
-2.578414370343425,-1.5595129265030876,1.0594070028935516,-1.249437769675888,-2.0614269186058456
-2.301104100304472,-2.098115262561243,1.1142787380198653,-0.5677354964473079,-1.9888326354657198
-2.5134399609032534,-1.59826858196738,1.085754505273581,-1.145069399749122,-2.0250350006401856
-2.702833125743391,-1.3280433363955044,1.0413479448926324,-1.6477486817452598,-2.0594036652947034
-2.703010162732925,-1.5447451869745197,1.0316332856004933,-1.5702744049916837,-2.091263764650258
-2.7747634838363733,-1.508233707152807,1.0095518419980076,-1.6820009078201972,-2.121296913874179
-2.8914102904808967,-1.2812532907893794,0.964259847807952,-2.082912712886,-2.1158882382968436
-2.5119293464794232,-2.057950921290504,1.0781460499091327,-1.1649104769782423,-2.040273807108607
-2.140163673148961,-2.4483535668942404,1.1146664705356668,-0.3212144674711598,-1.988377469193802
-2.0404087494441896,-2.4109956509887605,1.0967919982452616,-0.024562968802053536,-1.9732768655991557
-1.7690528363283753,-2.61194904767322,1.1267408185258732,0.5843369101592981,-1.9372642843100123
-2.071631814859013,-1.9423373703038191,1.1099600913515038,-0.13282661725042985,-1.9223716306501726
-2.0316032393468095,-2.0913736070836917,1.0777490968853547,0.07289158883564997,-1.8808322627624408
-2.165762814186827,-1.8755077347966191,1.085799209415432,-0.1911553201552642,-1.9088880046427978
-2.0117394579839494,-2.2275283164359108,1.1127422696306715,0.2819834983813716,-1.865397813115854
-2.006259804074181,-2.2225904183314387,1.1249619264443909,0.38451500794630306,-1.8721597892357111
-1.838542699409344,-2.449558444864547,1.1692229503253255,0.8033771614253477,-1.8374284219202734
-1.8294447788298454,-2.397884449320852,1.199216122092909,0.896420181393094,-1.8338412888872755
-2.1856244436921552,-1.7823121301173543,1.2008518238699728,0.04190926856007991,-1.8838972624166754
-2.36861459714907,-1.643273600684682,1.1607115336309455,-0.3258727106132225,-1.9284163365570592
-2.536252174842228,-1.5603206678599897,1.130212653264089,-0.7006367195506725,-1.9710946340274005
-2.4123335620956268,-1.9673851753350846,1.1326467545710512,-0.2962174859986674,-1.9287346188614836
-2.5176358733195445,-1.791408869959734,1.1263535288672184,-0.5404846420903363,-1.9827175283293172
-2.4277334117483353,-1.9789599668980233,1.1206064161528304,-0.3048131674885423,-1.9896481101639667
-2.4128470218102525,-2.0138955360259643,1.1198027447901102,-0.21301177035581997,-2.0045658312464485
-2.543999116666386,-1.7302016802170845,1.1546601750032104,-0.6179678644006817,-2.0369736488207417
-2.454035000241669,-1.9524416274883447,1.1376494639468693,-0.3401930448407278,-2.0202784981619923
-2.4256304282873824,-1.984316074063971,1.1395594975208752,-0.25642648977169097,-2.022007768420118
-2.6224180633868355,-1.5810391335152685,1.171776029732549,-0.8311392735830168,-2.07662869222046
-2.764799821351323,-1.3705480204085634,1.1481522822869246,-1.3003194172594326,-2.1308605907318565
-2.8562589866002406,-1.3274792708849128,1.1325161255500773,-1.5913999583511267,-2.1674653361085565
-2.479718382324863,-2.063524722798687,1.2005674873524776,-0.7370592515674982,-2.057928916936226
-2.3470654106886766,-2.1776961622948203,1.1649780293735437,-0.42664522183825637,-2.0595738875888463
-2.472948822386124,-1.7793380552171008,1.1560926940435698,-0.8797578273511734,-2.0586879073908975
-2.6479266339440026,-1.4986883836403404,1.1147313512402237,-1.3091293929984882,-2.080780564879195
-2.4087331610270293,-2.0110991217683463,1.1129806775880664,-0.707635076041231,-2.0163412893521815
-2.5457612563629723,-1.6731596004227807,1.110492034981387,-1.1001262424301443,-2.0423893725210607
-2.4487716860459408,-1.9149927239628157,1.1083421378633025,-0.7692796659980776,-2.046418341659094
-2.2537098502051087,-2.2462997455037317,1.1078672435410415,-0.23156446148283447,-1.9816956656834346
-2.3329662016154717,-1.9522123709464443,1.1156524213501058,-0.4737004185675893,-2.0022595381004775
-2.1120425698038208,-2.307529703992708,1.146295497844533,0.06875099522232812,-1.9580198830946927
-2.051437968470802,-2.2750218065856536,1.1513145593587417,0.24798792043330356,-1.9440426040146157
-1.8557024265569557,-2.4633761730669144,1.1712572279097822,0.6870473693190235,-1.9017887979508286
-2.042308441992911,-2.0594130186033106,1.1912356067947685,0.2625359080056159,-1.9210289070708249
-1.8521929462590665,-2.417739591783186,1.238431211035309,0.731219670946228,-1.8689039494378707
-2.1160934953861754,-1.955615269499329,1.2315035933194143,0.12051875714509648,-1.9279030099942498
-2.32058626391193,-1.7073294426170853,1.2223591558580387,-0.3025559643798148,-1.9614561426654766
-2.4336613781867187,-1.692811891134759,1.1664051651631984,-0.49044769261937327,-1.9949839974013994
-2.3012891797033017,-2.073297916956084,1.1806487288492964,-0.07584417831744925,-1.9669323793223683
-2.3414072801340455,-1.9979968098954066,1.151358117812806,-0.16113843852203105,-1.9765110104485748
-2.408640280034377,-1.9133277175995747,1.1357473066629988,-0.23906918191003196,-1.9807728298332663
-2.1977055035015574,-2.2853537709457665,1.1858772658527275,0.2546582645944786,-1.9486990489423026
-2.3730712450911553,-1.8905203068665482,1.1906882542287882,-0.21089455088808015,-1.9963620514345333
-2.5784119622019683,-1.522243339613288,1.1935692987181417,-0.7863794512616431,-2.0393768159280605
-2.2516480048726524,-2.197607146414626,1.2435165710416074,-0.09070874621984355,-1.978072722668503
-2.01720364075828,-2.4774425743405755,1.250343758378277,0.3951640782561587,-1.925701089707747
-2.1462647984571386,-2.155775730082985,1.2386280774306482,0.10993821135415859,-1.9381378890831955
-2.084897384707887,-2.228812420847268,1.2187121272342991,0.303718144275361,-1.9235198428432168
-2.326896820474011,-1.7396813616318099,1.2094611583667234,-0.34186396353513376,-1.967585621404027
-2.463265171450732,-1.6409206775773402,1.1867468236920207,-0.6217349726086702,-2.0007197104527195
-2.6375500382064523,-1.4594706431749236,1.1397809321072776,-1.0527080227799863,-2.049243152578156
-2.811469145944449,-1.2518752074137063,1.1126280105575306,-1.5082321881621805,-2.0881716648111506
-2.5427286378182137,-1.920781889119226,1.1401917005111608,-0.8758560038519714,-2.033782812983873
-2.2790502263484496,-2.3260746042162777,1.1515980079323622,-0.2444047603767753,-1.9929071197582073
-2.1372533553048942,-2.3948818614628418,1.153345129854653,0.11795483737556181,-1.9574502482034533
-2.218632284978113,-2.121875493897098,1.149886409809643,-0.050818731900746775,-1.9648971825894244
-2.328263190206338,-1.901882877622969,1.1621006347494292,-0.3348881184391801,-2.0056100976753077
-2.5236926406190565,-1.6033214402186855,1.1355031429536515,-0.8360757764990729,-2.0468484787026275
-2.551089209587659,-1.743114502679339,1.112237485975503,-0.7861229635854227,-2.0657994647724527
-2.5728833659859154,-1.7831433618021109,1.0960634737226083,-0.8174781303974757,-2.090014562499132
-2.478833149088355,-1.957516302008707,1.0736279158202267,-0.5653410139904987,-2.0509682935130713
-2.31274512112248,-2.2043175068675045,1.1078922496615928,-0.08895618535549457,-2.0117104977154967
-2.3636930913337304,-2.00541626246324,1.1287093533587256,-0.25046203723250837,-2.0287376189257187
-2.1206148012704573,-2.359316748699228,1.1562625223076628,0.2871981481591235,-1.9708149748850492
-2.1625804809522258,-2.1677661590989086,1.167894037040807,0.2036521552016853,-1.9767130917745919
-2.1342552214396915,-2.1589858179802413,1.1604508002948248,0.3026599340399484,-1.9869594982384278
-1.9152142430429056,-2.464841777414758,1.2081463537313395,0.7614776764676602,-1.934776600891376
-1.700234012306498,-2.6702583890004883,1.2534378235382118,1.2113523529113637,-1.8923335712953353
-1.785704925660452,-2.418333531626376,1.245231240258272,1.0051449078950954,-1.8951881369095993
-1.98763579153694,-2.0938700422932057,1.2517936050000968,0.6435500838815816,-1.8888324345459007
-1.845792549153853,-2.4019604108161654,1.2750324006683613,0.9988461653662359,-1.86067528883535
-2.0460307763986547,-2.0475366439004086,1.2760874493671308,0.5475213113155701,-1.8990468801973226
-2.2410053916550003,-1.85586692522622,1.2587216902108607,0.17822899072953383,-1.9501113632250107
-2.391264868778931,-1.7865197090028162,1.2284382553413857,-0.11696853540470399,-1.9867526669821787
-2.332862673939351,-2.045953388557106,1.1973909546330506,0.11868693459048936,-1.9698263810032688
-2.3018322275127607,-2.166451908844654,1.1850810595190115,0.25083170405562294,-1.9891983314534583
-2.145997992355813,-2.3692813565695388,1.183307447774438,0.5778764597797827,-1.940693064855061
-1.9249714327067005,-2.6329992399402733,1.236052109511579,1.0160108873746203,-1.9212351861121095
-1.8180243137732273,-2.6555310630449775,1.2547617623608356,1.242601449835167,-1.8871142141611474
-2.175375760537476,-1.9674004943075871,1.2765672899979938,0.35673381696521655,-1.9295749277918806
-2.0123351014698616,-2.3181082884914126,1.3130701518022112,0.7162922182918418,-1.8760778405410732
-2.192591484032164,-2.0103446784274968,1.2931593352562722,0.33830493884123347,-1.9237117049680172
-1.987086823142372,-2.390539487026708,1.3116226636910124,0.7694926952320854,-1.88191523566328
-2.1997473336114033,-2.014117860351027,1.2937924601036994,0.2925677644744704,-1.93817751583213
-2.0121997189989895,-2.363712855831439,1.2904724856640448,0.7136111614882361,-1.875886179386674
-1.7957412233460326,-2.6278941201667316,1.29642912114276,1.1530513809686789,-1.8471276370651333
-1.8941981268739976,-2.38520285071164,1.3043598911024297,0.9640203379039443,-1.863539499882676
-1.9354466684085752,-2.3015523393107586,1.3040781109629371,0.9145222777163351,-1.8495760625067061
-2.183222394618415,-1.9306320008505573,1.29893717851354,0.3492287923072387,-1.911541899651339
-2.4214661580729713,-1.6479214029312046,1.2721548077746736,-0.20904348464662328,-1.9782205874844918
-2.655013209428111,-1.3558191433668438,1.2327390222987304,-0.8302256879505017,-2.0243866538568445
-2.7308165631007713,-1.5307063488664603,1.1840398036137385,-0.9385796198293866,-2.095729676525207
-2.839114346873438,-1.521014929048293,1.139692651360528,-1.198416931265122,-2.146106713669864
-2.8546583696334795,-1.654261980438546,1.1129381195917663,-1.1554949939038177,-2.152292401958318
-2.8049975311544917,-1.7902399923391406,1.094578704742157,-1.0539880085287703,-2.1525821889281493
-2.670773103430779,-1.940255319930972,1.091820077322606,-0.8043033783895724,-2.127000135878914
-2.5720739926552842,-2.0326612629052105,1.1024940946926336,-0.5837986169895267,-2.10949176208032
-2.5743613271439743,-1.8910842867307893,1.1223016229462943,-0.6673716516437597,-2.099374038627695
-2.556772954707667,-1.9178478329981588,1.1273070625722192,-0.6265489659694454,-2.114869925017104
-2.6106844394435713,-1.7632667965005098,1.1434867519057323,-0.8284891588971968,-2.1338266777676753
-2.6815501285241288,-1.6336700727063391,1.150477906555964,-1.0655064632221853,-2.1450349200690186
-2.5859858891682728,-1.8550971663608073,1.1473474241900676,-0.8192831405054586,-2.1385561374460136
-2.5815821850906397,-1.8587791589334834,1.1430259977171897,-0.7948552288250329,-2.1547004733444077
-2.288672323511962,-2.291966240251023,1.1908090464589136,-0.1404247796396474,-2.088024394416887
-2.043695461026781,-2.516472177736461,1.2143043300013818,0.3524395535638433,-2.025161223364036
-1.8581987862517761,-2.570386683371398,1.2101767977354156,0.7238502267227326,-1.9826061888664905
-1.6493347966340852,-2.703168579557564,1.2420135032223225,1.1289892932068106,-1.9481165687714475
-1.5431223848118623,-2.723812889497874,1.280795651305837,1.3938159421041358,-1.9040337514239876
-1.7283772257783072,-2.3228616412084473,1.2731383914078498,1.0146402941290373,-1.874638938420326
-1.8687270719525513,-2.158573269284344,1.2696119497559415,0.7940988829420428,-1.8770222478518945
-2.0199905584280953,-1.9845085184314593,1.241475204522362,0.512077364617787,-1.8898472251557572
-2.1989657573601282,-1.8840814602124982,1.223785459054748,0.23969338051349012,-1.9062742861543873
-2.241494196281292,-1.9916665839358947,1.192899027359273,0.29199658878605284,-1.9316838709016195
-2.191574374147142,-2.175934801578531,1.2019655622875893,0.47274397685728387,-1.9191804543570494
-2.162298649479593,-2.2665530393877424,1.22549410918148,0.647057016596561,-1.922740424838336
-2.0667244348069427,-2.3513654458966067,1.232995957428187,0.853348866195424,-1.9082147103909424
-2.182315696797393,-2.1479881318010356,1.2423021964018501,0.5863443298939862,-1.9424026060893134
-2.181000292683716,-2.1929963448550174,1.2555635825637028,0.6480761724190115,-1.927823229222063
-1.9942480381031917,-2.463872628480555,1.2859091069795296,1.0025271335486665,-1.8987574679676524
-1.9283229376697184,-2.46130304410782,1.3185066774151144,1.094046897889129,-1.8612050324283913
-2.02279316640229,-2.2239239862942664,1.352608804312584,0.8612915847436992,-1.8891469936496739
-2.063292424051794,-2.1891306988879693,1.3224586496495396,0.7933428765115647,-1.8741776594738564
-2.2319672752918267,-1.9624117793509772,1.3160510483354406,0.39248485379887343,-1.93249030298731
-2.397928197880467,-1.7642533097967266,1.3038421616197664,-0.037392011058305405,-1.9802409069351254
-2.6142129170450463,-1.5514048187550862,1.2792862282967603,-0.5319284968980613,-2.064175953212952
-2.4757515593526715,-1.9797310160974493,1.2655246835308518,-0.20114515787990042,-2.019806511724788
-2.495770105541198,-1.9336086935184378,1.248851698290178,-0.27011380022575765,-2.0326133747492094
-2.5868406096224414,-1.811069086499108,1.2254486763284425,-0.4904702551684431,-2.062653161909909
-2.2902447121247267,-2.320436366734777,1.2560730508885065,0.14530318822697766,-2.009268947167905
-2.2471825880388794,-2.2451303873639636,1.224496163988253,0.1851727453544249,-1.9900250603307088
-1.9875364883501572,-2.5671306184172797,1.2609529901063308,0.708939295893687,-1.9506168314863606
-1.881987824796846,-2.5831497547629287,1.2998527120837076,0.9318964447873392,-1.9329806469603803
-2.117949984790839,-2.112656005267783,1.3043746239649627,0.3791215319000897,-1.9612551258032946
-2.296746170204965,-1.8805102336726696,1.2998414709702757,0.027331092444033384,-1.9833494218238839
-2.55473456797272,-1.478596871895163,1.246832635725982,-0.6862479112673416,-2.0312593911602974
-2.7365467669201484,-1.4292097467133682,1.208146428834223,-1.0743042936024465,-2.1020119197603457
-2.9149880831445665,-1.2379664902274685,1.145832025607673,-1.5648855661787213,-2.1428497493539993
-3.0389592017173697,-1.143619115089438,1.0975530209433035,-1.951621477522595,-2.1668767514584806
-2.96595290859532,-1.488088037346323,1.0652108054653546,-1.7593599464645384,-2.1678748644891166
-2.562165155053657,-2.1811202212170944,1.1366127064194311,-0.8965973919966295,-2.1023793646853615
-2.3296560789499203,-2.38152786663377,1.1106108499650824,-0.3560443788875235,-2.071192846415437
-2.0514342000633317,-2.5749750423886324,1.101594270562625,0.2193210993486492,-2.030160228489081
-1.9291462848162533,-2.5060122174042125,1.1091111034719099,0.4696982597226169,-1.9849623456500294
-2.2245035427128594,-1.8531085832197518,1.074557406855126,-0.2926896173436574,-1.9574612296493656
-2.1963076837772775,-1.9775735659667164,1.078454204020533,-0.17466938108358884,-1.9269139420822423
-2.269185694232445,-1.9096017522346593,1.0846162368197025,-0.2761637046243627,-1.936611130259254
-2.1076653828816045,-2.2207116909902207,1.0906372074265414,0.15179567979743885,-1.9094301328597838
-2.340420575142561,-1.7517902132548495,1.1072668653280284,-0.47495722458692463,-1.943169000677668
-2.396164329191796,-1.78889648562057,1.096040355990067,-0.5443408154971333,-1.9649353801328522
-2.4458563084584948,-1.8063701236233414,1.0731197164801118,-0.5837471306073464,-1.9881702961620427
-2.534498544988851,-1.7337861853692536,1.0717009669475468,-0.7454231844802374,-2.031411716245989
-2.5696409841826005,-1.7336692746321338,1.0801069320856374,-0.7739971536395504,-2.063330602383778
-2.7453526913897357,-1.420905124515614,1.1024205860330847,-1.255592544371232,-2.094604949746397
-2.8250171266063115,-1.4014181793819585,1.0997102998846964,-1.4754989621405994,-2.1365974759906927
-2.71635334695015,-1.7743639927238648,1.1080015726476555,-1.151311852426732,-2.1320546061557186
-2.416495844411916,-2.241118628553246,1.1331442446826445,-0.4767306420263411,-2.100791973791285
-2.1651087061433363,-2.471818665190097,1.1550037244795641,0.08681949070407137,-2.033631701711642
-2.1214355583467306,-2.3462711580619504,1.1629742409938482,0.1708732473706865,-1.9897916546431762
-2.175800689342528,-2.1342845221805122,1.1760343231552821,0.019779785995161704,-1.9892144443108044
-2.16787319210912,-2.106162521081338,1.1575225121923618,0.11221029229192757,-1.9538118792859012
-1.9409282254294373,-2.437230180858349,1.1979921453542082,0.596576799656243,-1.9121832049129504
-1.7791541736350964,-2.5491597211713057,1.2233191389850075,0.9319951991690238,-1.87855604045375
-2.055345590292282,-2.007280064720124,1.242749532238071,0.2562273323806985,-1.8937968556118334
-2.110889390108506,-2.014159268883402,1.2124048020163978,0.24522897549918732,-1.9114505025182351
-1.9213119342623437,-2.3738811292491144,1.2361600376409398,0.7112993179510129,-1.8729878779075229
-2.1338166881525114,-1.9974997537925565,1.2450938571683785,0.21158876772948426,-1.9141463508446857
-2.0786720217101062,-2.178404074317725,1.235503885033456,0.4038775918442708,-1.8824281973718333
-2.373967728172837,-1.6483499150775964,1.2170629349747994,-0.35504524628076284,-1.931462460168769
-2.4601794399485994,-1.7209508285451396,1.1834399379980935,-0.49295963873559956,-1.9815195343820962
-2.6085575787797053,-1.6034792576653378,1.165450923330675,-0.7823554995324051,-2.0359773106874712
-2.524664913159541,-1.9034610788989959,1.1543232394714422,-0.47118891430028964,-1.994619155616856
-2.482952496840791,-1.988917881712885,1.1319869327112804,-0.3320085886238272,-2.0032093921742806
-2.6332299902404315,-1.6592287758462727,1.1481939147401723,-0.8092410523086984,-2.058049839177774
-2.6080122209421255,-1.7707174722377552,1.1262388390202442,-0.7209755663056737,-2.0765517595945107
-2.778143386370142,-1.4257810695475772,1.1200350185963412,-1.2493027676896222,-2.1031148061804474
-2.849676273363383,-1.4242804049961661,1.11593223301869,-1.4264761201364442,-2.149993717794507
-2.7043707683698526,-1.799228538150361,1.1214773711318267,-1.0426506775178617,-2.1344740536114326
-2.3323826952449487,-2.337074805876315,1.156783432913012,-0.27509796259631,-2.083191871230276
-2.019824619256014,-2.609279469201625,1.1777016546062982,0.39157590512446977,-2.03017162425151
-1.822293149638822,-2.6597719505557973,1.2026698263435174,0.8243504820057977,-1.9883940333987138
-1.6397000841434177,-2.6977953630925877,1.226429668109623,1.1708579533195085,-1.9088693473126768
-1.4803509943367756,-2.744494000859616,1.2584175616069069,1.473404045905639,-1.8834828063518247
-1.847290664076858,-2.085423047856831,1.2395007551060648,0.6369445293341701,-1.912170873264724
-2.061437294142647,-1.8609682735374586,1.207216885150952,0.23267629341127932,-1.9202874149363367
-2.2298652376129287,-1.7890590500060848,1.1604158000641833,-0.03155100656337309,-1.9240242564121282
-2.4122859967049792,-1.6698247151896422,1.137164774438679,-0.41520494422941073,-1.9954601267529655
-2.463132024387574,-1.7969867033168243,1.0894393915595446,-0.4001327306060147,-2.0122560213654426
-2.3220726554958504,-2.1478743256635022,1.0964746263251537,0.007666479345884928,-1.984485655367825
-2.3750949004705193,-2.049777240112674,1.1076618683418722,-0.07822694073271408,-2.0077892588019317
-2.4612064795710467,-1.9142159898995477,1.1237301918642153,-0.2753786051149002,-2.038792879139141
-2.6004236563106606,-1.6400382454833042,1.1540166504321885,-0.6930099350473502,-2.0791548063339396
-2.6519801897643127,-1.685512280721038,1.1440484846108432,-0.799965279666587,-2.1075073103909374
-2.5517746805508237,-1.9338871206713095,1.137318235285603,-0.5397567451651754,-2.082877454348296
-2.246468786012699,-2.3962299966549345,1.182263906325967,0.12376528230580729,-2.0009592752557186
-2.2167261825600675,-2.2978481583252854,1.179784945188375,0.16895142982873276,-1.9906643846087166
-2.0026063493169737,-2.505981859979008,1.192139722248675,0.6190010328389642,-1.9503400137588025
-1.8167054797585895,-2.6230490099157544,1.2138145418859705,1.0015776856710263,-1.9130214568194666
-1.6677394561155312,-2.6656467109372612,1.2580111506389222,1.2858367868252947,-1.8872491270413887
-1.8792855991277546,-2.233023286619335,1.2961101757844324,0.8166607230379925,-1.889157495284448
-2.005593090646619,-2.076050583259774,1.2910178305040032,0.6100530105640187,-1.8915719657921577
-2.019160322914834,-2.1571106088334546,1.2561755622740507,0.6742038046131167,-1.8728912950348442
-2.2834261997921117,-1.7421388772308677,1.2380610824040146,0.0332236829031502,-1.9336319681598935
-2.405622313811073,-1.7271404420141416,1.2010676434416137,-0.16259130373443245,-1.9805017066471584
-2.198806277435669,-2.2532448752572023,1.2019489437229358,0.36367178956995905,-1.9021877492724957
-2.179726745584271,-2.252209252806769,1.2187076614805643,0.47472833592719516,-1.9086393453089094
-2.277879445926246,-2.080692100668605,1.2075307010031566,0.2629929368686238,-1.9403093654713301
-2.45462923322081,-1.7989190405695312,1.2233821213683387,-0.17431340174907559,-1.9871171764092448
-2.5991832331166442,-1.5953879832166222,1.19549181319309,-0.5997697905164545,-2.057157091870326
-2.7619284789877128,-1.4473884270103003,1.1617031747708153,-0.9770388909355123,-2.0998032909746485
-2.692969920043163,-1.74353134638445,1.139043744948644,-0.8237330317969331,-2.0876219666280744
-2.8547252280777706,-1.4046935117393904,1.1305392378928438,-1.3863307194586583,-2.1197027015621477
-2.7635810222905093,-1.7363618209806246,1.1317454408457426,-1.148935365446395,-2.1035104840139525
-2.6277927045859246,-1.9186867857935062,1.142647022119049,-0.8727899100104046,-2.0917714570285413
-2.620493390081263,-1.8241616512813685,1.118799279137451,-0.8804990705332046,-2.09913178660216
-2.4477713966551655,-2.1042296531915405,1.1361088899368073,-0.42957526036509497,-2.081972669886788
-2.6049389591889645,-1.6648541899322522,1.155046606299636,-0.9791639451961338,-2.090051096534989
-2.746745130151867,-1.3840431225970842,1.1240841513043185,-1.4759583656714907,-2.122324371756795
-2.5364431092519877,-1.9030294090034223,1.1614221372927673,-0.9609266088841236,-2.0973044558725302
-2.4814332616213157,-1.943347786427458,1.1481047602298686,-0.7977861345423081,-2.1015231123129645
-2.217368704991152,-2.3316348930512794,1.1837588328881428,-0.18223426820893857,-2.053464725425427
-1.9645665448943002,-2.547767685996218,1.1971328265092245,0.35279342028815763,-1.9919963551841673
-2.23363269164169,-1.9177027050488549,1.1989427540206328,-0.3846877517957418,-1.9904487535162096
-2.2520791208828617,-1.950546704167672,1.1812673875189894,-0.3396138248100469,-1.9793784799720313
-2.443835571646369,-1.652560425131656,1.1491326658384202,-0.7945202414005628,-2.0226401464771135
-2.6049879979168344,-1.5017555157682376,1.120752115082742,-1.1684868552523244,-2.05566233259916
-2.314257253587394,-2.1088295882245576,1.167770367270372,-0.45337217053112044,-1.9839134888616385
-2.301004638252268,-2.087604767935277,1.129275707908846,-0.2955725604385074,-2.0143537929556037
-2.297027342071532,-2.070431459363709,1.1049341371994812,-0.22496792385262598,-2.007441925000054
-2.3446780246587346,-1.9653019425655023,1.1031491409153271,-0.3041598761419181,-2.0086054974237397
-2.551425339246959,-1.5489514007795897,1.0910165969127836,-0.897049245510663,-2.044155027516673
-2.5558932270876045,-1.7054872023521475,1.0838716926446474,-0.8170491266343426,-2.0463718533371096
-2.288233607430533,-2.216444825559118,1.1280879977283074,-0.17705367097589256,-1.9870373500311058
-2.457843974472539,-1.769778425534895,1.1250810696955091,-0.7287696402473833,-2.0188311919984923
-2.217381278389258,-2.2328885911906196,1.1505551709637352,-0.15343865835245135,-1.9819050214610856
-2.3943729108982343,-1.818925443953455,1.1417062855235376,-0.5998137321461039,-2.0284304926473475
-2.571543345407888,-1.5862155041913693,1.149334282672294,-0.9767703342690968,-2.051981802863783
-2.586942207251758,-1.6682436799319094,1.101711196886843,-0.9954938547368352,-2.0734026596749864
-2.3635681368126833,-2.1205971058583106,1.1198545372625233,-0.3788025929618523,-2.03377767601984
-2.4319295378563246,-1.926915197721318,1.1220630825318403,-0.5498717240007064,-2.052105356742235
-2.2096470533730432,-2.263119071992908,1.1331380585260005,-0.033944731612838286,-1.9918050786588122
-2.275238497547431,-2.0515656721340227,1.1295482304468016,-0.1561752529552488,-1.972893187096241
-1.9981656861323298,-2.418541282318929,1.1846780612247716,0.4655147207604481,-1.9107599142628868
-2.201078828731871,-1.9720856566137905,1.1860469420106556,-0.04998171484412578,-1.9368717270386406
-2.4127863566280316,-1.6083191449033276,1.1651298274374375,-0.615201241545684,-1.9809337424075155
-2.281334913172673,-2.018342290433153,1.1559643165489024,-0.24606318563956806,-1.9296296867659903
-2.407949731260899,-1.7841527827739816,1.1489678940280497,-0.5411258481551517,-1.9643039688455934
-2.3744036735590077,-1.9093929872289341,1.1294087954941394,-0.40501803521576873,-1.971047519058876
-2.104043338994481,-2.3635269734433177,1.1861798256206757,0.26186921346632486,-1.908259215443739
-2.2888559197041163,-1.9521027380579083,1.1849969941594252,-0.2071272726582017,-1.9647482447357467
-2.034087062934474,-2.3582591611377377,1.2267549548068752,0.34548005867085896,-1.9018217775618174
-2.257974084079929,-1.967379341900924,1.218053014878694,-0.11103443348570233,-1.9612146544350795
-2.3980283420091295,-1.7517091587975118,1.1878628413691334,-0.456186135452018,-1.9899154862542205
-2.3550340966931027,-1.8988127024572774,1.152262624966068,-0.3169086337748809,-1.9558975746016352
-2.2599038194073975,-2.1313579785848926,1.1328556994321548,-0.01036537371723871,-1.9281204339017362
-2.379469952759762,-1.9114319198580025,1.1402497133633165,-0.27144996073904515,-1.9733630779175484
-2.5339367629992777,-1.6414805761452016,1.1459213545779758,-0.6997790446593882,-2.0262401355861894
-2.719998908952534,-1.3210259264825017,1.11391515191901,-1.2621554148399161,-2.074910906401874
-2.8829854904865346,-1.1678712726882705,1.0769605769266855,-1.7401694426702066,-2.119515388199971
-2.780094644541457,-1.6502721542777148,1.0844657613623665,-1.373602430441693,-2.1084222883515684
-2.624113791454028,-1.9292022176748196,1.072992662700618,-0.9962804543561347,-2.114235071707408
-2.569091176014181,-1.9367245811239095,1.07000147355944,-0.8583996802792029,-2.1137534559646536
-2.310000243367997,-2.2560933924616484,1.099179566469533,-0.271147837773179,-2.051433493946399
-2.4880739452283023,-1.7799769838531934,1.1137349278094282,-0.8037359394411127,-2.0625885407875315
-2.6693354413236072,-1.4084817497562765,1.0934979347366311,-1.3567547754661977,-2.088709954317263
-2.7656772853139984,-1.376852368337868,1.0801842954535854,-1.5640058006823603,-2.1275885024797088
-2.7674571160494263,-1.521354983702689,1.072074301038875,-1.4913910652942814,-2.1497798996900257
-2.880095212530739,-1.301176164133316,1.0386342454883222,-1.8471034613204782,-2.1586548804199444
-2.858053790642496,-1.4597481465776996,1.0264853776698322,-1.8095240482635304,-2.160578985648945
-2.8515253201280237,-1.5042160960300355,1.0180380660172703,-1.8021354091691655,-2.171919258013378
-2.4771262858366825,-2.1548800838463658,1.0864184590037238,-0.9098487407915049,-2.1139786514383667
-2.5088415553838215,-1.9038486733185163,1.0609401404389738,-1.041182435017704,-2.1081289803494756
-2.2298037107744437,-2.2581199520320823,1.091330823154522,-0.38260422906782987,-2.0635963873648877
-2.429606840759835,-1.7018619089219649,1.076792190061117,-1.010431187057488,-2.0559272509094044
-2.489371073323386,-1.6400403576265976,1.068067142065624,-1.1114396545094627,-2.0710553740580777
-2.188754012659337,-2.183425259779586,1.107914159160731,-0.40687580963412556,-2.0248402359406237
-2.1041057565784893,-2.2200801208903536,1.0975360781527363,-0.11916331617644244,-1.976269041124808
-1.9178394610766138,-2.447743639615394,1.1183805083106328,0.3837735627701355,-1.9491887059032225
-2.0925062661010503,-2.0494441249135136,1.1160942672392669,-0.023919992046541858,-1.9506640134065443
-1.9494976349871527,-2.2988159076303893,1.1335764398721684,0.3866275606602266,-1.9042873108616367
-1.8479611318635394,-2.409160266112386,1.143486336822028,0.6920502569345204,-1.855359917090646
-1.798783599408276,-2.4023344304299337,1.1684074042321588,0.8869197341694172,-1.8244249953677276
-2.1140749026808208,-1.8613647933462767,1.1913090783047917,0.14100253710830069,-1.8936268540748031
-1.9890212842197073,-2.2064297902970202,1.1931665563306353,0.5346499984104791,-1.831539456815753
-2.283642022150921,-1.7639983588536416,1.1965253488155136,-0.10269135311436782,-1.9020709837226921
-2.4980125732862493,-1.497264430539014,1.1567996667209912,-0.6530355275200602,-1.958179721331171
-2.2553897946505876,-2.0824231401951643,1.19450968809555,-0.050902387632989904,-1.8902780679685607
-2.4046077785950617,-1.8585207645052217,1.1872253492875278,-0.3689554761138218,-1.9584731778669948
-2.1983938646015964,-2.2422684297435587,1.184743306342411,0.13783193882807737,-1.9032747776569223
-2.3235349341495706,-1.9701169324488026,1.1802302105066913,-0.14126236270241016,-1.9572746037951523
-2.4717582561831684,-1.7796462915361655,1.1653263803140699,-0.42748852870318466,-1.9890591421955144
-2.3893720339958553,-1.9902754451058684,1.1480411612367565,-0.22825224468958571,-1.9703931851581402
-2.2391362042837075,-2.231370161148246,1.1559949717310074,0.16234567177697382,-1.9212398619349935
-2.13700636832535,-2.3009348454857306,1.1714693445547757,0.39223078574616466,-1.9062943356455393
-2.406390105455244,-1.7014022726644171,1.1827372303906072,-0.36778757188623457,-1.9383730976372044
-2.221669673183946,-2.126463632938362,1.2072272104182131,0.05833792142328017,-1.8776412521348762
-2.4832978728141626,-1.5807385000366587,1.1889427222484144,-0.6931773898232984,-1.9411479477593176
-2.554834609819494,-1.6182623868227524,1.171085707505941,-0.8410919241413413,-1.990268841792883
-2.2836044630619874,-2.1367682886206363,1.1862495460100753,-0.24662222521112795,-1.958570585756647
-2.395104346001969,-1.905252101079545,1.1893160603196749,-0.5167754790498278,-2.0071762462259097
-2.503636445948495,-1.7767029110323391,1.1487065089309556,-0.7378077520646995,-2.054647572045293
-2.2109893218409704,-2.2522343624116514,1.1754863447870065,-0.08237315855599314,-1.9853333540063436
-2.3159374478615087,-1.9932095226414657,1.1828930689309336,-0.2787797998971881,-2.00630880333581
-2.2582725172436953,-2.0596093313446437,1.1602528854962946,-0.12599068675419722,-2.0011642539445758
-2.0224795379211655,-2.3985805514327767,1.1907501330917127,0.4167154557525162,-1.952366208316945
-1.8687947912474467,-2.5079127679619124,1.2186330075987204,0.7444021669725532,-1.9193941589500831
-2.01511235088376,-2.206447524741655,1.2382273566067252,0.4659628066868635,-1.9279285043142116
-2.33445086735072,-1.653364247085943,1.219640491950542,-0.34346561276073057,-1.951072393102365
-2.336905271493884,-1.8555147709319764,1.1700209950856282,-0.21779960268751264,-1.9552973069316495
-2.276635881760834,-2.0581554606713843,1.177821704985978,-0.008901920816574519,-1.9224612593053945
-2.4363278112019966,-1.7770624690377275,1.1928151662141344,-0.39803928012536804,-1.967212300430764
-2.175375293485488,-2.248786963332561,1.2085569918146846,0.19415000438386068,-1.9148378943332005
-2.414736114589635,-1.7616141627307391,1.201295035246986,-0.470155986163708,-1.9577642286444135
-2.176001359857379,-2.241543623349337,1.2320331584147273,0.07829277660648276,-1.9284438600994085
-2.2799587655851155,-2.004736417789072,1.2064766312699202,-0.15988154186302958,-1.9570286453745627
-2.371323580729365,-1.8496060146609712,1.2150232379564065,-0.33061373205271,-1.970982940000799
-2.344657155296559,-1.9765149290694686,1.1771040869424012,-0.2002205915298161,-1.9823748247163704
-2.100428083777257,-2.35925103823123,1.2131680073335647,0.37364829655651466,-1.9369377744181895
-1.8981170108911078,-2.5862753071198608,1.2463310897069924,0.8328271967372034,-1.893007965444362
-2.0445648960674037,-2.2112668952721566,1.2733580785251346,0.4755721770814176,-1.9265316099077368
-1.9794086507219468,-2.2848638297497903,1.280110346709555,0.6306288338337764,-1.8989097608923664
-2.172376037312645,-1.9549802999973553,1.2789426993378714,0.2180657628779338,-1.9318811763799784
-2.45906654930544,-1.4891115672327075,1.2213869690869505,-0.5420110140291927,-1.963947880347839
-2.6259348759472982,-1.4827662971996576,1.200465576396935,-0.8097815649103512,-2.031920152504408
-2.426101017779541,-2.0323995215033492,1.2092927208434785,-0.2933146208366138,-1.9844774539472605
-2.366441112695786,-2.110366115840675,1.1976888549519848,-0.1648338323581424,-1.9803375848786078
-2.539423530379645,-1.7751391057977874,1.1831274030230738,-0.6355794063109041,-2.0125555910873834
-2.72264098005514,-1.4724204886040857,1.1728598046519183,-1.1438566789359599,-2.0615310508900455
-2.8792481799947907,-1.309270730334343,1.1425852044476383,-1.5650663024520426,-2.115683102802224
-2.9852666475831104,-1.2479032597124051,1.1047365681681125,-1.8647534973990485,-2.141299472471766
-2.8577897359069335,-1.67173095788892,1.095065149360819,-1.505459130984037,-2.162459824317457
-2.9512386049207113,-1.4147263206278289,1.0579440495766537,-1.8909625937403882,-2.1524754508095647
-2.8054928889072905,-1.7559885031518958,1.0802097404947366,-1.507203566078951,-2.1533646448817194
-2.749545683854312,-1.8257867718855596,1.0591581708596214,-1.378527938964648,-2.1763565131498495
-2.399885424838245,-2.293368099408812,1.0929820448866114,-0.5834290398580873,-2.126676557837769
-2.569391233055744,-1.7172003483647378,1.064461169934602,-1.1664117266233822,-2.0862931154859545
-2.441618155448439,-1.9039370992251932,1.07636897000753,-0.867192224760276,-2.0754500929102537
-2.2348402109142365,-2.1816570479027684,1.095049202114116,-0.34322324024424716,-2.0353694526553334
-2.223177531895353,-2.0806353594720743,1.1188776915870757,-0.3025280541346941,-2.035537961991287
-2.241555299474405,-1.980815728072887,1.1147228250923953,-0.2940235141808469,-1.9987331795788734
-2.0595813385616166,-2.270365945018473,1.1424729692635824,0.21481682707347316,-1.9640520088771727
-2.213192193194405,-1.912726413935365,1.1599495195920557,-0.20060934406632583,-1.9717227302618772
-2.1187522000586783,-2.1249937376471912,1.153567315564679,0.11280850855902146,-1.938983820800898
-2.1651524587131945,-2.0602073828009377,1.142495826972526,0.09247416309421196,-1.948923109032597
-2.4004917460480764,-1.6232893137391864,1.156679717169968,-0.5638580609809389,-1.9911020503680221
-2.494780033920499,-1.6668741369768159,1.1323698664921549,-0.6326746887224433,-2.018482697870857
-2.624315359901416,-1.564297088483112,1.117797299028815,-0.93570366752972,-2.0693711034762563
-2.649026268224476,-1.692821259045919,1.0992999692442016,-0.8973001012924263,-2.1027305146836177
-2.7286436934250053,-1.6335822585562818,1.0889898045803814,-1.0745309984227174,-2.1348073555202176
-2.837716913667285,-1.3944874346229386,1.0575370082903535,-1.4545379520175,-2.1428706071235766
-2.9607850135439215,-1.2044861597091372,1.0413122643261097,-1.8432126553290948,-2.167532218993684
-2.5687114825678825,-2.0022977825321964,1.1301581054625627,-0.9826827927467251,-2.1114119830210094
-2.303276880382864,-2.317359660903541,1.1418757741298917,-0.34902948089148195,-2.0657363112654994
-1.980921647873128,-2.5942297882931706,1.1527340347585264,0.30364971820551295,-2.003007884073224
-1.9656642639131257,-2.3750230278635938,1.1373392899205201,0.3298380361791646,-1.9508756648190841
-2.1004492911330384,-2.036261796928735,1.1369114728197582,-0.010355707788288723,-1.9519029727301203
-2.2420746656672295,-1.8753397783040484,1.1221050824533205,-0.23118647111055748,-1.9587505239291954
-2.398298536811712,-1.6505560269845336,1.1185021855562747,-0.6178329905496934,-1.9926631238053476
-2.6319361380731134,-1.3363484727304473,1.0754226853555737,-1.1706793868617515,-2.030512383394248
-2.3646965456576265,-2.028457438390171,1.150100625517442,-0.49171843365061146,-1.9660393823434217
-2.49720302750415,-1.7360137572248502,1.1245744956352244,-0.8775893688917157,-2.0141605063690946
-2.429017514431961,-1.9861198358030225,1.1002900068297743,-0.5588128001308653,-2.0095346643849563
-2.2798545037013374,-2.2105357720876615,1.1023629286331775,-0.1333916476296058,-1.9771487411479969
-2.176949547687764,-2.276119516911339,1.1084402955864348,0.14393768928605957,-1.9577069275613532
-2.1759394785063795,-2.163325453737071,1.1250782713565044,0.14814435142887525,-1.9506510480864807
-2.270600767654948,-1.9601312419444847,1.1358679493804136,-0.045523975959371854,-1.9934367394416015
-2.3365775389773917,-1.9000936215394353,1.122109526605161,-0.15591545794550946,-1.999151203354287
-2.190164443566458,-2.156676941117599,1.128475136296432,0.18699476227393252,-1.9425941442396644
-2.0154790098644515,-2.4036645792236513,1.1868720154335703,0.6454870949359459,-1.915496892120068
-1.8684372477509477,-2.5051934763674293,1.2087248076498958,0.9382421259284325,-1.8872442009703405
-1.987923936987471,-2.188559835438424,1.2335407017144824,0.6249031255745023,-1.8913078802568977
-1.800724867430114,-2.4616091979311903,1.2795953165827398,1.031726559145637,-1.8624910506104526
-1.7627944718379975,-2.4709195982647514,1.301059666039303,1.1695151995441582,-1.8516507858104234
-1.8438349368135856,-2.3332018083761286,1.3002008908034934,1.0776599007770065,-1.846070957675072
-1.9311363099139125,-2.244874854402201,1.3072536680423494,1.0075278400169683,-1.846618773976921
-2.172319181151044,-1.8907258961668938,1.3077366757735438,0.4377655237453506,-1.91165782963261
-2.0842075544917513,-2.1978661311067853,1.2795406197092725,0.7001437225267553,-1.8746317336590694
-2.2608353718398377,-1.9643616997840019,1.272259642554863,0.31089091098994515,-1.9155188609564975
-2.3882256358457252,-1.8481775715307562,1.2760475269266633,0.0037107436736672954,-1.9846866846844893
-2.241272918925163,-2.174535299812567,1.2387397253437065,0.31932457289448546,-1.94215483664802
-2.0024219115566146,-2.5449584626448076,1.2669952770836703,0.8453181823002148,-1.912406507968492
-2.2826277734976514,-1.937961682164727,1.2836946539713519,0.06897232919850776,-1.9345940687581862
-2.2325058474003012,-2.109330828626008,1.267980163848771,0.2254781298950459,-1.9076905806678515
-2.250858719982351,-2.066039068417379,1.2355321418972358,0.17043329760148837,-1.9198517894042053
-2.411801981197491,-1.8414970557507275,1.2561893377875875,-0.199657598345535,-1.9860422183043487
-2.63247783437995,-1.4368532056403858,1.2309545227792258,-0.874912066086547,-2.0067093900686612
-2.603702804010954,-1.7600815826900902,1.2035046233178406,-0.7012313433191592,-2.0211989227475646
-2.649952547147285,-1.7318960382344173,1.2026615516804948,-0.8365132552625667,-2.0638240730234236
-2.3869220521333268,-2.19722061129624,1.205137824553108,-0.24577915543674153,-2.0066020709049344
-2.4373741955168167,-2.038226310870337,1.1912739739075284,-0.36983021303654284,-2.05785177031365
-2.389981758847077,-2.0550910019071598,1.2016152357216856,-0.24901196626581804,-2.0580045030513077
-2.2494616896825295,-2.254612597524331,1.1985363736056232,0.11058437887914495,-2.006289744156306
-2.2761097812832993,-2.094240947363811,1.2021146457038836,0.010105976198832172,-2.0180228860316745
-2.0771121801319437,-2.396472825535372,1.2349172386491551,0.4623575384266507,-1.9724323987112555
-1.9809290776838224,-2.4449228923187696,1.2255238494282132,0.7234684622024453,-1.9324229869077696
-2.1876789969645354,-1.9913656623914924,1.2655836096194157,0.16350645877525977,-1.9564661784697996
-2.063331798771987,-2.231176076421405,1.2697259606920974,0.4740381507014027,-1.914261520093107
-1.933798829868749,-2.4047292556433586,1.2753026318725993,0.7767906921644777,-1.902276370346595
-2.190768062643374,-1.9062624263145973,1.2940335230133915,0.12247938181001608,-1.9366660688977122
-2.047051494088092,-2.26712418041407,1.288009157798793,0.5164663516234154,-1.8896019148324934
-2.153938539790874,-2.071649926184852,1.2678678447436629,0.2876479469899699,-1.9085349500818523
-2.214269160774142,-2.029122531249045,1.2455714190960399,0.24909301891227253,-1.9219507357664303
-2.4386866450552662,-1.676730805290069,1.2255563511332,-0.33087848124879726,-1.9926362802442368
-2.299887264393585,-2.0581349209719857,1.2230792618145125,0.020878537480338074,-1.980358002209065
-2.518961061029696,-1.6528534754200543,1.2044472882917205,-0.593568886470066,-2.030477571041875
-2.6631505367261554,-1.554977068492806,1.1853163269382314,-0.894094454394483,-2.0758826387448717
-2.7873509911241583,-1.4527808713721742,1.1322648732585103,-1.2312201607856068,-2.1147280256032133
-2.7785620859223776,-1.6643462741124937,1.1191260498297126,-1.1093012139139213,-2.1163434129086833
-2.613311582476465,-2.0229286180424975,1.1183854671147322,-0.6659129426766691,-2.0864751155930725
-2.548026628996563,-2.029274186971446,1.1270518345661766,-0.5419974216445422,-2.0748575115401744
-2.612909173357813,-1.7575332610982197,1.1530216852212596,-0.8165576483950147,-2.0966271274692203
-2.616116500018057,-1.750704585523265,1.1473931412975176,-0.8109019239889603,-2.114236296845869
-2.397150818129976,-2.133884857628429,1.1701904077739247,-0.2829517745354387,-2.049847733268201
-2.171410418255347,-2.3653674447598725,1.18340955580869,0.2148843300694493,-2.008456259951712
-2.3097937741790764,-1.9360268399119451,1.2128071520265917,-0.26304052848511666,-2.0124249089810915
-2.2984502018939006,-1.9692389256136782,1.192561479049164,-0.22280683141786886,-2.0146492862773577
-2.5132088186011767,-1.5755377775070074,1.1740519249391266,-0.7829182434361722,-2.038892991414964
-2.6859428966825503,-1.3263351621050787,1.172482033367378,-1.2622507151524376,-2.0870586676788863
-2.750045166341022,-1.4708043721021535,1.1416324986461202,-1.3203477885885255,-2.132377864440899
-2.8527022555704704,-1.340082471608121,1.0941595501679302,-1.6710282998836514,-2.1533770840726087
-2.4720630192666997,-2.08443187142128,1.174297132924077,-0.825133454943787,-2.079334078685467
-2.6327691542446043,-1.6464805536961467,1.1500776692233639,-1.3394143002276324,-2.0918627379578365
-2.40900143287587,-2.0553707200846474,1.1522835502525135,-0.7735176010240125,-2.045311087179407
-2.580885129615616,-1.6272753958342314,1.1099860119415792,-1.2660907511630852,-2.051721390509798
-2.612698820909383,-1.6758432393976088,1.092403836130294,-1.2339439444850415,-2.0855981356439726
-2.567020467358866,-1.7758361183580404,1.059366722315471,-1.085103157808537,-2.0874451776596716
-2.4556929099504834,-1.974950420693911,1.043992527413185,-0.7450861864965809,-2.0546022114002893
-2.161388117742316,-2.345227901579392,1.0982322006833214,-0.031556898276796634,-2.005907045504265
-2.141176355117428,-2.227871387594822,1.1084701789964218,0.026958963285893162,-1.981353723077933
-2.184119491872451,-2.075430350688899,1.0829254370058372,-0.013003421072312059,-1.9757805602096836
-2.2105595374419607,-2.0086289246188977,1.112787562419619,-0.044403377568078314,-1.9747980063789683
-2.1910927055588534,-2.0839547229314044,1.1087631194152279,0.11203548492399364,-1.9733267031756567
-1.9399313329957595,-2.450323367853894,1.1524978130682861,0.6617987821269035,-1.938349690316436
-2.139576795427267,-1.9924985565690705,1.1783460667394055,0.11840350517795899,-1.9616713977542213
-2.345509724432737,-1.7273716828192098,1.1596431244376917,-0.3276362838980174,-1.9972508294565972
-2.2503000136814144,-2.0199080320800515,1.1471007032117075,-0.005267728951725767,-1.9615818333117339
-2.3654122187658086,-1.8589029411248923,1.1481411622867492,-0.21744970090926316,-1.9834367662330816
-2.483077940522181,-1.7288179623462194,1.1535610982653826,-0.4610627182655637,-2.0264890059158613
-2.1809635416894495,-2.292321645567912,1.2054795349742522,0.2064313569732705,-1.975417823362693
-2.1985814341422203,-2.201952485672358,1.1887183196630466,0.2398158559942378,-1.9796214376730563
-2.1844135384763526,-2.1485735607205014,1.1646241256908498,0.25344100379875073,-1.9576260474618683
-2.014992860487215,-2.3888339628805815,1.1884695991810719,0.6546926986946267,-1.941938173756911
-2.0371102876514917,-2.303213929365829,1.1953580008459352,0.7124881567111303,-1.9303986533907789
-2.1341408152439207,-2.0875421562759726,1.2178355243330539,0.4655800366696074,-1.9447846290063517
-2.1171971524954665,-2.1713382193045896,1.2245370315560813,0.5894893838654263,-1.8938973550977944
-2.300017163261163,-1.8423709375312265,1.236660916765354,0.11557382209216954,-1.9644806861277178
-2.0681296192831273,-2.2935012021614067,1.2770341067994189,0.5826748243727932,-1.9159987655621151
-2.239292062612141,-2.015670976120126,1.2736087188658687,0.2360941596986,-1.9609670344161159
-2.3272338928399408,-1.9200119525903114,1.2415096506076297,0.06753733223426486,-1.9849997472740826
-2.51831438724674,-1.6495148963569706,1.2230794522584758,-0.39575505051454907,-2.027647564319705
-2.533426547951006,-1.7873035961133854,1.1924871242229873,-0.35600123327697253,-2.03367585436409
-2.309118574106405,-2.2138080735374284,1.222873941330815,0.1644762384976268,-1.9908062461507712
-2.201065302932538,-2.3062427854284078,1.2288964813206682,0.41889443365820567,-1.9522517067433578
-2.3476702897092934,-1.970371370321374,1.2542128692280348,-0.01680657493776256,-1.9813853292206047
-2.486316394156807,-1.7382265210250734,1.2395057493039179,-0.37296195766607915,-2.052392667796803
-2.2430319487498975,-2.2436794843845944,1.266551208577881,0.14459842276885979,-1.986974171769443
-2.027271383939203,-2.4941937761403667,1.272614785388176,0.5967469422665092,-1.935453695165741
-2.1237567643179815,-2.222884452056516,1.2766506678086769,0.4046421562083024,-1.9489958633349147
-2.3650394667008094,-1.7470643915632729,1.2554810427941963,-0.2682952004824391,-2.0008176968442477
-2.4357287802260075,-1.7810389116153262,1.2253363760175,-0.35261201978541945,-1.9941867887819948
-2.3118385364286134,-2.1073810572889116,1.2148855326191634,-0.0014702520035728894,-1.974340696676526
-2.543131001807525,-1.576693176117676,1.1989128798595576,-0.6817793868931351,-1.9809835826073907
-2.2578154410640017,-2.152648581426687,1.2419569261381391,-0.11266125551006088,-1.9331279727379955
-2.2367227833802694,-2.1552085454090695,1.2128257487926917,-0.0023009658795927366,-1.9500818874751673
-2.435243267862436,-1.751173391975404,1.2026802932831018,-0.5508360791764888,-1.9907026397903067
-2.334594616825629,-1.9885164895073404,1.2011709586869868,-0.2744928402945089,-1.9505336815777656
-2.5055599151069967,-1.72812372922155,1.1794321132014076,-0.6612280924828539,-2.0037532690285746
-2.611882161483195,-1.665126697093246,1.155490213817498,-0.8329679788857276,-2.0679900640127715
-2.597719740645997,-1.7900963394894502,1.1210894415318506,-0.7809972761904508,-2.087843336339919
-2.663186385448258,-1.6730483802048088,1.1287764258428916,-0.9727328289937297,-2.1024884861120343
-2.555627878459639,-1.9614707939324054,1.117472544976544,-0.5991060604415647,-2.0834885774164196
-2.6810650363705997,-1.666141620133207,1.1413768905918826,-0.9824761695471133,-2.128235724354602
-2.373422297405592,-2.172148010799077,1.1831852165262837,-0.3565906476267627,-2.071564900755381
-2.118864483320334,-2.477756004392058,1.2091206005736845,0.2566563120964117,-2.0145487581009687
-2.025357527611358,-2.4535235545828398,1.201481334039561,0.4638866596565646,-1.9841187513226959
-2.0181018229936094,-2.27972391313941,1.1950525920327002,0.4751585620544394,-1.9530772416798845
-1.9941933010854294,-2.2456480588350756,1.192770225219506,0.569693387522941,-1.9026236102757719
-2.1714002271827213,-1.9254317655858841,1.2289659309578487,0.18846730522014907,-1.9393893594948228
-2.177964285587625,-2.027524009849708,1.202436162130284,0.26799719663557003,-1.9394511011898967
-2.111104147535452,-2.1642245328379492,1.1902125928654812,0.4756935920175203,-1.9139903225397497
-1.9043270633046059,-2.490665341757932,1.2418441874032307,0.9259944710661561,-1.9019763482298564
-1.7307596161218064,-2.6411724451297656,1.2913847593775936,1.2827583784083922,-1.8855843162889403
-1.8855094230061091,-2.3155793616730542,1.3123724419975937,0.9808177282310012,-1.9010681805845917
-1.762769983986321,-2.487944813135648,1.3254606889378306,1.2127697301691043,-1.8552731420600181
-1.6619951809918245,-2.607875374111745,1.3615831176629167,1.461565218535744,-1.8372673373680113
-1.833932728752297,-2.3094096855647357,1.3729598676472274,1.1569285230306403,-1.8466203114662505
-2.154896506016306,-1.8266098057875613,1.3359511532213486,0.37260641057524874,-1.9111702263651786
-2.3074862474183724,-1.7918279550339051,1.289219068269504,0.11031677504805429,-1.9433302037572866
-2.5274933206884214,-1.5975024649148506,1.2544025912514345,-0.360134962940117,-1.9924530246997545
-2.7028120409669607,-1.4515804482463703,1.203906781819297,-0.7583362984522451,-2.0570728444793436
-2.769825985600575,-1.5343230623384259,1.1605102661453366,-0.9107388905007764,-2.107051850070103
-2.7851501590699503,-1.6806764224876134,1.1455795705731857,-0.8891101794346226,-2.123967601589365
-2.8118857531664188,-1.636304733767197,1.1126063497690524,-1.0817280948872785,-2.140751104384613
-2.953894979458724,-1.3222129351575762,1.1036396065202885,-1.5620061994383032,-2.162123166039024
-2.716705257176602,-1.8924026526800073,1.1497709942532708,-1.000639397346902,-2.1230202431265317
-2.3341343992118513,-2.38766314776006,1.182207770740644,-0.22399617141303926,-2.053771273739195
-2.4871739696925355,-1.8646291201856504,1.1679363003718213,-0.7477869167261473,-2.0822638346033893
-2.434974815255344,-1.9456787182237678,1.141508286052799,-0.6279778181541208,-2.0683820663900847
-2.3209450087931325,-2.1134879470230032,1.1415026360808675,-0.33364663970358516,-2.050730180693229
-2.135731076711458,-2.315690208683774,1.151250984493701,0.0825389672364264,-1.993062565665037
-2.266578483584149,-1.935440624721804,1.1666595516964655,-0.27831137420113883,-1.9934271482001067
-2.1839206187026146,-2.095142187342729,1.151585237629248,-0.019639362215898643,-1.959659103577921
-1.9501267264726672,-2.436446667953957,1.196290159812075,0.5441587150144951,-1.9348807019330596
-1.7829230101992302,-2.5918493823474553,1.2349961557621925,0.9422245056753623,-1.9142507548645915
-1.7278841959744633,-2.5379019336423583,1.2780432444605423,1.085423709342154,-1.8938529858939044
-2.023744221545815,-2.022282814886115,1.2691897824761176,0.4461625320935821,-1.9138945263527027
-1.8755734663344086,-2.3372218155496736,1.2860833902350286,0.8000475738972671,-1.8346383164842948
-1.874432002578302,-2.3531110717603143,1.3031273085597048,0.8749705641105648,-1.8297390934743045
-2.22597629459908,-1.7698733743230077,1.2742059148053715,-0.009688421446533316,-1.8798221124558578
-2.502614464629999,-1.4596089736969713,1.216311613365402,-0.6588621476116657,-1.9439788928308581
-2.536047023689762,-1.704365136083193,1.1746837947622375,-0.5939129895942936,-1.951907000574146
-2.265379903344299,-2.233804395377748,1.1927637208884716,0.019641935902124222,-1.9003217793921265
-2.5196152495166273,-1.7072431672700041,1.1775873107290822,-0.6742982051862737,-1.948680906992487
-2.6482838594184837,-1.5676773048597585,1.1359210815929774,-0.9817066384331975,-2.0346107860861755
-2.7904877140772273,-1.415617746863643,1.0983075572448822,-1.380870718936988,-2.089997182585535
-2.8122013546110116,-1.5534049695121377,1.06103567718043,-1.3784784184174563,-2.118279770262113
-2.5846574921553223,-2.024869371484221,1.1101293531890524,-0.8044624130119913,-2.052360198890922
-2.74190805472056,-1.5395680323267,1.0993951222921416,-1.3779065364139438,-2.059840168450417
-2.408287143083046,-2.132345926056,1.1388697571286859,-0.6515934186317156,-2.000713575846917
-2.498216607849995,-1.8182454883081764,1.1284333880594555,-0.9902024884157498,-2.060104826209785
-2.628925182085524,-1.5365895625168056,1.1060489190133078,-1.3842946928346473,-2.072566841065564
-2.729528934674708,-1.4410998010859117,1.0681235543756638,-1.5920658268011731,-2.106506585952252
-2.4821665244753612,-1.9764997546428145,1.10578064777617,-0.9412599369761395,-2.077369506662642
-2.6050453180003985,-1.6545707711541224,1.0781421031388283,-1.3186523507360732,-2.0892674278558236
-2.510866182431065,-1.8978575511164348,1.071456568862258,-0.9771249552786172,-2.0582628606312454
-2.2569175415940235,-2.2624312903560706,1.0900430241685022,-0.3321548662744818,-2.0343600662092833
-2.145626282178845,-2.286738076493754,1.0958761934265535,-0.054517775366468416,-2.0061435237734906
-2.0911410327492277,-2.2918135830463093,1.0990410239348307,0.15421713304954643,-1.9658863870239733
-1.8698809465983823,-2.5194845699827186,1.1459754426975635,0.6832995414856233,-1.934471041689044
-1.6754971881554936,-2.6763774036284853,1.1871948691974785,1.1059301443008616,-1.9079601609263437
-1.7518697351359624,-2.398119733761982,1.2282565074483731,0.9663706182902486,-1.8651521674264147
-1.7411707290534468,-2.405804441118771,1.2137668838683657,1.0651358698041915,-1.837241300118591
-1.768348023453447,-2.3504274032966306,1.2397228698871443,1.0637593546062574,-1.833348581284043
-2.094242904610809,-1.82638649559086,1.2203367656394173,0.29565719901281323,-1.867450106071914
-2.170758887085255,-1.9099259478715533,1.2090039541292417,0.25268144693143746,-1.8832966524330612
-2.2104894950958434,-2.0081965229001684,1.172792032520182,0.2664246167357627,-1.8939128436688248
-2.4427785742404673,-1.6675325171283295,1.1758620719279633,-0.31388760403443877,-1.9634042602380974
-2.234705363053946,-2.199851058326312,1.2137351766561089,0.2176550456137687,-1.9142121270112313
-2.0043569440555835,-2.5231001510782542,1.2426210083062719,0.7311836297562018,-1.88999828807266
-1.8771918813617523,-2.5999019109621346,1.2631559982393865,1.0103392618395077,-1.8532976152003904
-2.0885486063489287,-2.143648529043369,1.2966353261021548,0.4840878265776773,-1.8982771409790287
-1.9995403417796542,-2.320654870860859,1.2821459404780156,0.6982370932019433,-1.8720854863474228
-2.320108440303343,-1.7333887964880825,1.2821722123375137,-0.15227273421907223,-1.9044641865329381
-2.428647603775501,-1.7564339997297167,1.24141731380862,-0.29973189152397267,-1.9574101355525375
-2.153974884573403,-2.300133322354048,1.282536226515054,0.3012414552124071,-1.8895021490370012
-1.910259485280758,-2.567687218121596,1.3064331784028638,0.7835430296911998,-1.8731694224067785
-2.233162289219327,-1.8941543599238964,1.2841931523863186,-0.09829580773566779,-1.920288597584826
-1.9912770397499804,-2.3575440125342126,1.287813984131476,0.43000708245005675,-1.8458742156302728
-2.2314419924377216,-1.9515241807620252,1.2916349928448188,-0.09723998819162201,-1.9103316751604957
-2.4268244617929065,-1.7127464747758823,1.2456347340331595,-0.5172100944230924,-1.9687939627258686
-2.4057280506899525,-1.9103607692592792,1.1840136294132997,-0.3643712956181748,-1.9591564674098805
-2.6139178061510577,-1.583392761109609,1.15487796209718,-0.8782551027541874,-2.0101076129561903
-2.552966648730443,-1.8329696836313443,1.1215264034900507,-0.6801361348922366,-2.0280088180529523
-2.629528408193289,-1.7252586892389414,1.1166909468155481,-0.8669001413709949,-2.067611223195473
-2.5674294073775825,-1.9040963805021818,1.1117459989070897,-0.6737323027345772,-2.083626532084957
-2.3305857360508773,-2.2626627984202248,1.109946232258847,-0.13228115490400472,-2.0279487826935774
-2.3221445793151263,-2.0989089449087603,1.1235093086842165,-0.1807493414460686,-2.016262902569599
-2.520058793168351,-1.627329037137562,1.1264943049256733,-0.8265527546375473,-2.0309183970215323
-2.645709658802847,-1.5490760531975312,1.135958071178242,-1.0574536552095573,-2.0912322134367125
-2.7871436052258445,-1.3258038066760596,1.1220743308017165,-1.4977829694742537,-2.1084326240241906
-2.5865311091299144,-1.8551950219114774,1.1202936211984256,-0.9839612727282159,-2.0712606632237773
-2.6484723289879106,-1.7229406252512083,1.11408803648787,-1.1284837297306562,-2.103457141297572
-2.5153710121641866,-1.9856702120652945,1.1042258745563849,-0.7736834722187392,-2.0732002553832505
-2.64600018593764,-1.5990105321359172,1.1096367117397548,-1.206457115335606,-2.0998933407087366
-2.80333852528074,-1.2911061413167317,1.0575756204181845,-1.6909115949526698,-2.1177941374231426
-2.4406066337447694,-2.0384535859633046,1.1380577525391586,-0.8530884744409751,-2.0258079939366307
-2.248986197170195,-2.2226976858759104,1.1214351356558852,-0.4110270431687758,-2.005493002491305
-2.2597611363267407,-2.079658556665873,1.1120148426708631,-0.4047995496075631,-1.996343359559431
-2.3889557784118702,-1.806574787202592,1.0948789361937519,-0.7264157197218288,-2.0228669769421455
-2.1444457969933457,-2.2559363306684723,1.1422137973048385,-0.07425802629414177,-1.9794463514209366
-2.247602583381454,-2.020049742790772,1.1396771417171754,-0.2796952269690145,-2.011030886425569
-2.360699925502401,-1.8238906337555125,1.141635637717648,-0.5092121558101627,-2.04186126139142
-2.4852961796727744,-1.6758070258830011,1.113164375743439,-0.7836233571889134,-2.07287031630008
-2.4638550363625513,-1.8460963636662417,1.1065335030892949,-0.5843058846508549,-2.0882598555735568
-2.184158893220995,-2.3166520473649284,1.1550430421092293,0.06353398313759705,-2.0175386196201726
-2.214609673474472,-2.151640459766226,1.1447078486759745,0.009762655134854747,-2.005693965165114
-2.207189410726103,-2.1204672392518296,1.1213494332614717,0.07048702817817401,-1.9954738386331667
-2.020904743186762,-2.384640035864805,1.157142065009028,0.4870663208766941,-1.939473059627578
-2.150693227037992,-2.103005688892396,1.1692368453683293,0.24183970610845118,-1.9526925704851967
-2.0627388039076773,-2.2362358333959107,1.181426033177554,0.48573873901312437,-1.898181241108905
-2.372647335663579,-1.7178593748744813,1.1869743066382559,-0.23661039550467045,-1.935620018585213
-2.359999404398567,-1.873580715268273,1.1714212435028277,-0.14175984368708244,-1.9263605532021468
-2.5795130346010695,-1.5064978042606103,1.1929169939523898,-0.7224680631350494,-1.9801768693968207
-2.74434597380571,-1.2947897580826444,1.1571204099969725,-1.2234631744501923,-2.0331142457061904
-2.7637794235826827,-1.5177587937790809,1.1092775403344346,-1.219936917663075,-2.0898652959874546
-2.8887117203781907,-1.317941816666431,1.0884312697151102,-1.6513412158230718,-2.115345841947907
-2.890917216740598,-1.4896579963736043,1.0722017943320727,-1.6061793235607875,-2.1629498066429527
-2.829415392488927,-1.6655163229300876,1.0487458968756747,-1.4370783472837574,-2.173583524050931
-2.8630058938390635,-1.5454306640378919,1.0303333516185935,-1.6066450104735828,-2.2025037448733182
-2.4812717858422833,-2.1792145008124097,1.087394819050386,-0.7557032541836054,-2.1193639276696867
-2.1465945391695462,-2.5204635261929043,1.1091161983792546,-0.004675657182292063,-2.0814534235279023
-2.31765795196833,-1.9931012603537925,1.0916877106259109,-0.5081173557988053,-2.0597490142371924
-2.2295745812662062,-2.0982254467619126,1.08930398593012,-0.2904153878224465,-2.0156845393933636
-2.386628667214475,-1.7912647905311934,1.0963663881086232,-0.6485399231880542,-2.017443662376512
-2.3570413023375716,-1.9058642549075304,1.0849737311754353,-0.49176833199005987,-1.976973700869453
-2.409395190378751,-1.861983203861253,1.096231881442868,-0.5122001214175693,-2.006315233361977
-2.3212672730463635,-2.0431199110961713,1.0977569168051498,-0.21985315586556975,-1.992672477245687
-2.508611349649391,-1.619929099630698,1.1114476806028388,-0.7742771824335049,-2.027315181828503
-2.6571389146558215,-1.421181173274689,1.0982979260283983,-1.1921238797338445,-2.0695864758932716
-2.379179199714382,-2.03705169551739,1.158445463498541,-0.5144538947172637,-2.021934740434049
-2.339406267386303,-2.048775075787719,1.124205459506373,-0.37988057998810243,-2.0150102385424185
-2.397889531744837,-1.9034525916202094,1.1352683245027204,-0.526121915031315,-2.023228440380184
-2.130448542412421,-2.3238274709002478,1.1552457091240538,0.12633118780273422,-1.9651029794373607
-2.1813350357557,-2.1206000751298126,1.1527429019298376,0.0457883238337514,-1.9745716595736953
-2.4187254767751942,-1.6614998890172057,1.1522864648157862,-0.5821064583309608,-2.0058549504875325
-2.4784224284704868,-1.7106198027640012,1.1360855423646814,-0.6516440126807548,-2.028567522259246
-2.672504561257592,-1.433224860954435,1.1256116828110316,-1.1461528820017424,-2.0768421310371203
-2.365937177926799,-2.0825849212853016,1.1676008042525146,-0.440938431641809,-2.0000895188233194
-2.499625333476996,-1.8091063914636127,1.1532380637275916,-0.8086404921730298,-2.0464165347718946
-2.256615792789607,-2.2457698191772444,1.1506368401978158,-0.20544319888233667,-2.0002400339052855
-2.361822158246227,-1.9580443855216192,1.1213835894283648,-0.4800580326607309,-2.0300414890547733
-2.566486756658832,-1.5697790880968432,1.0873892661677922,-1.035728865104144,-2.0533224188255965
-2.2819358835002217,-2.1478181810566213,1.136460734751778,-0.3765290793082351,-1.994042146399676
-2.362207222200874,-1.9798571117726413,1.1172918483862824,-0.5138007630798358,-2.0102849098685733
-2.5688691308913376,-1.6073254747823507,1.0962592136042286,-1.006830850682538,-2.04598040411103
-2.757078917295448,-1.342202534819404,1.045114871570598,-1.4953617991854173,-2.1081380134271397
-2.837544380341874,-1.3366860353280805,1.0320304498480188,-1.7007065716739822,-2.1298500364422916
-2.6421727568829527,-1.8739185538319798,1.0619242633102648,-1.1261274203952878,-2.0787787476656763
-2.724419286024797,-1.6523791467060434,1.0532420273829801,-1.3823041366958781,-2.1011368971011666
-2.8027198516819283,-1.50955320739947,1.045785846895578,-1.590108156613095,-2.1481621350652063
-2.907739621779849,-1.2989486751779824,1.0068297685638543,-1.9467001356348745,-2.1441461074336168
-2.5172701321816047,-2.020742889155275,1.088496526382415,-1.0799958519476944,-2.0824740080371646
-2.6135379284025713,-1.7107564217554136,1.0872370307663952,-1.391851157954456,-2.1044497431505835
-2.446369977739594,-2.0094246811713448,1.083263144367788,-0.9124700639363872,-2.0906054670217156
-2.2947504946810984,-2.175167490949309,1.0844119277977413,-0.4735849240531183,-2.0426025171206525
-2.1574750176039474,-2.2659040087883264,1.0734921141475404,-0.1287329980494125,-2.0047265501882614
-2.3872869102187892,-1.6791612550976567,1.059966694279695,-0.7911037400180596,-1.9969318745646476
-2.2914231225404444,-1.9678708149388913,1.0703985785557053,-0.4588879278274845,-1.9654063133093183
-2.193361136221874,-2.130605028511632,1.071308358344571,-0.14476058252626145,-1.9429397209675892
-2.240371380081626,-1.9864219240134373,1.0972124523426154,-0.2259927426479319,-1.9565675825104027
-2.4164976892308725,-1.6657751056006942,1.1242208095017123,-0.6819600439415787,-2.005224912862484
-2.5555681225239733,-1.535411501203463,1.119513434346214,-0.9988685693559415,-2.0366042077833653
-2.708096559538663,-1.396847093670965,1.0773477011433366,-1.3445970915444603,-2.0834139004716206
-2.8518910884885726,-1.2725816133755625,1.0661322685644208,-1.676229493768978,-2.1365121421215076
-2.633408847726675,-1.869386457052072,1.0861892733535188,-1.0757008015163405,-2.083417484837519
-2.776053527863052,-1.4653865582792516,1.0597347222723537,-1.530507941813641,-2.107921303345623
-2.493037906497754,-2.0290899936194435,1.0834122408692044,-0.8644143402194512,-2.054571951780743
-2.3705177087081077,-2.122556518592637,1.0669290165030219,-0.5978523269406978,-2.044029890219521
-2.314081638063876,-2.0763300234251525,1.043174634173315,-0.46041903543818774,-2.021894098540684
-2.207760602388201,-2.206259227504159,1.0626156625276129,-0.10387833287209426,-1.986293339594489
-2.43134929370174,-1.6553627469925976,1.0820680264127527,-0.7380931110456234,-1.979119156903889
-2.5425363726370196,-1.5851080165057603,1.05217895430515,-0.9290106836368784,-2.0264905791578554
-2.6316166619818624,-1.508315803728827,1.0602327186087441,-1.199196502586623,-2.076209742389567
-2.607244703301232,-1.6828000578777351,1.0346566138484532,-1.0453848357903288,-2.0860616646460297
-2.2812764033502453,-2.2413547933482816,1.1118095531950425,-0.29020836519906373,-2.0284769583878894
-2.4659994991085394,-1.7089164833563502,1.1013174090083648,-0.9152263853661924,-2.0418424883239625
-2.4560402796799767,-1.8417910181509685,1.0757011143230764,-0.7466376859429417,-2.06018925435741
-2.391715123960782,-1.959270613612909,1.0764836622121223,-0.5265313216188475,-2.0246848200785075
-2.386786598236753,-1.9475667343705574,1.0606451339446228,-0.4542175122137337,-2.01661557104291
-2.4408114425605403,-1.8275630489097496,1.0803288649138478,-0.5915947090774923,-2.0319156909740377
-2.5183000121028005,-1.6995793796176872,1.082194572478903,-0.7882264883220372,-2.044522479704185
-2.6847125574447466,-1.4180925481431372,1.0852189152063985,-1.2473313904493175,-2.074336405675957
-2.4266790989714777,-1.9913459033798424,1.139167089310664,-0.594098046199396,-2.008129623286276
-2.3767845503409215,-2.0360177394668644,1.1309901752931495,-0.4326760986194504,-2.032784467714459
-2.3829074343031187,-1.9417275905350118,1.126760676068305,-0.4833480933101169,-2.0659068579062807
-2.487827824294342,-1.77262937232629,1.1249726085875222,-0.7265446980883401,-2.098387837883434
-2.556127443857994,-1.6857686343442824,1.101591897656943,-0.8763556147079152,-2.100030424919182
-2.688491638866829,-1.542192051871787,1.0862490880844735,-1.1335360008113473,-2.123608565466622
-2.3872211495670985,-2.155612586523489,1.157662050043606,-0.39172321646905733,-2.038906276097935
-2.080873454550677,-2.4697595464865767,1.178057864229179,0.23181388270884665,-1.9930834439562566
-2.2470731284305643,-2.0327051082824616,1.172281661303484,-0.21933475788706516,-2.0066345532606293
-2.3282658109821064,-1.8595645754570862,1.1434131307429287,-0.42605430023397856,-2.0244945517059025
-2.233204909410891,-2.1066090638889174,1.1491461285189475,-0.08186326027626095,-1.9648269836777619
-2.4540640764300456,-1.6393450399320475,1.1496864893632375,-0.7259738306460305,-1.9858176510338843
-2.6217103305582845,-1.380082276724135,1.1226801692597943,-1.1855279822714269,-2.0287045055745616
-2.7955149142873306,-1.2227753243883503,1.0870920302299594,-1.6481081646694138,-2.0448045761668965
-2.6191447852039214,-1.7935111633407939,1.104863801846502,-1.1472467858693438,-2.0331461941016187
-2.7350523205328585,-1.572753862250847,1.0819088832441843,-1.4582866437462403,-2.0914529636661348
-2.4856999665808144,-2.063670894616187,1.0928871648131797,-0.8132685534072641,-2.0578389953045524
-2.2143353132118455,-2.3972151714325354,1.1216181292440008,-0.12806612659284095,-2.0167498756551754
-2.257744972564476,-2.1089971650023793,1.1169133281206458,-0.315602453970266,-2.0376236136779378
-2.258046982428916,-2.073487445716745,1.0900892166769935,-0.24795310645073457,-2.028000561992174
-2.492428954941765,-1.6169816483237804,1.0871721727101937,-0.8528619304561292,-2.0432448693135963
-2.2364606902644217,-2.1484918676613423,1.1529199604799705,-0.23816320737539726,-1.9895720355196362
-2.204119867664265,-2.154322841093374,1.1435404342001814,-0.08013887934004667,-1.966080056343975
-2.135999152401431,-2.1701239523970917,1.128968080913077,0.0876594177406472,-1.9316652786924668
-2.37940298964324,-1.7103713624437935,1.1576662513759652,-0.5269736663793007,-1.974791905523259
-2.3522378809341578,-1.9101797920757515,1.1477067847247235,-0.3558538487747209,-1.9849378343564172
-2.53724075582265,-1.5616822978544964,1.150906833079325,-0.8887351345757126,-2.0341942700476747
-2.3381611738700587,-2.0154374398457624,1.1411233160641618,-0.3634479173584886,-1.9898416427368968
-2.0957322336147732,-2.4012043905227016,1.1895339442812007,0.2611008659036208,-1.9386093263048974
-1.9855165411978686,-2.455805602518806,1.1907222665995632,0.504983772659515,-1.9168431336711924
-1.7653695698479415,-2.6738954687143734,1.233398749115609,0.9915444321337973,-1.88883408291565
-1.6443970426462962,-2.682658164656631,1.257897309409165,1.2554370020286798,-1.8723705059194824
-1.8001048107849709,-2.3374159163974197,1.2472677790018187,0.9288094067797592,-1.8568274026613536
-1.6357906197707752,-2.6106916464020515,1.2844106930526358,1.3119736634628496,-1.8325886805618923
-1.781228824278046,-2.3408616151618644,1.3215158485339202,1.0651760019765057,-1.8228193099425563
-2.129169443633449,-1.7582352924035647,1.279919285957006,0.21690065691216243,-1.8637733916351387
-2.4083336266073916,-1.529508778575962,1.2357140284066668,-0.36392696816344455,-1.9385932875314558
-2.244670615022764,-2.0521060765399453,1.2276469972864883,0.05980164135892531,-1.8790552378083751
-2.347271427291106,-1.9781914291705753,1.1638869785182875,-0.05468580636179887,-1.9337533956903836
-2.140715196985534,-2.336959254865132,1.1853002685096623,0.4385465783398648,-1.9023267864805864
-2.4327263177811003,-1.766627096198725,1.1866900029634682,-0.3313873367241324,-1.936878165467836
-2.609658565998717,-1.582372503974403,1.1554441110234652,-0.8006296526222413,-2.0018359304404045
-2.6514273934260055,-1.6336254075532988,1.1482929744525872,-0.900977708362628,-2.0409600583024
-2.69768800439355,-1.6772372656655565,1.1347690187931483,-0.9809966029582828,-2.0781043011998026
-2.6426478513181513,-1.8358815799589827,1.1308392882044227,-0.8222172570453035,-2.087827814095314
-2.6306177109032203,-1.8265915891412228,1.093889817162261,-0.8315235888520821,-2.1063059784649125
-2.3248793890344137,-2.3029757505365964,1.1572491260072544,-0.11983673136698057,-2.0486417267768293
-2.5420859423686513,-1.7131244655194937,1.127991070744374,-0.8263804865060176,-2.0810630602939546
-2.3332330132066046,-2.1127156722162788,1.140834590466072,-0.33402145625532825,-2.0167559563341606
-2.2210363910945183,-2.205649808645189,1.1422684008113004,-0.07571535860852319,-2.001621199856426
-2.0700426424208493,-2.3189711594364577,1.160250572791085,0.21825669398877162,-1.968122824829641
-2.342697876292135,-1.7454250779821363,1.1555351428960117,-0.459528104030914,-1.9865347913504614
-2.5015839327243343,-1.616589669279264,1.1589174821108899,-0.8181033842208965,-2.0483061652212236
-2.6377746790249286,-1.5059906360987811,1.1376726779671238,-1.1164341792809054,-2.0829647221592693
-2.724578222224383,-1.5144181250047049,1.1083126782701929,-1.2536043067829346,-2.1298497711813966
-2.827377947343594,-1.417966609843248,1.088359828597633,-1.5213167316440126,-2.157047970089162
-2.6900759677842454,-1.7955144535314167,1.0755679546674362,-1.1594158752350399,-2.1200404283678376
-2.535218046179647,-2.0518995731786114,1.0728598941851772,-0.7528612029626103,-2.1003674265102803
-2.5290505872013482,-1.925835611127706,1.079498658136595,-0.8137132133662413,-2.0846387070915466
-2.7186954354761395,-1.4744348066487256,1.0866048351952005,-1.3870626448810244,-2.101072223458228
-2.6792383819833208,-1.6226574207984323,1.075317509893563,-1.3181759426546849,-2.1192339860194016
-2.483734474498742,-1.9980368164155524,1.0988199188259735,-0.8295347534941852,-2.078108993661628
-2.2448634367956104,-2.295511937647502,1.120524539155497,-0.25007455010217566,-2.055103711805954
-2.0326118618679625,-2.4755040684467997,1.1365038726005503,0.25557658891337204,-2.012855134051389
-2.028467895155242,-2.2905126395042994,1.1463995940432372,0.2835354769497558,-1.9894659785213775
-2.1727076377298404,-2.007385146187311,1.1525030447911728,0.011941300935770938,-2.0069375965165723
-2.1551320691688693,-2.0881884957993146,1.1317185221427106,0.1802871116221284,-1.9761643852083541
-2.1974869850880436,-2.0140435212282193,1.1495033359060178,0.09529655568164579,-1.964563793905621
-2.149920341803934,-2.0805081853642986,1.1443537266736687,0.2116632070664425,-1.9446587990552033
-2.300061833771922,-1.8356389481627864,1.1501353277571746,-0.15217049625578424,-1.9554353011406815
-2.230382927927928,-2.049856122488016,1.157926810188349,0.07337255884624963,-1.941107895896626
-2.4205543177916913,-1.7197052175150815,1.1622918701486993,-0.432112376665115,-1.9990556941277307
-2.501786831128154,-1.7249329026746074,1.1524839222298149,-0.5618369015503615,-2.033501978019758
-2.4853365265363085,-1.8522198866521473,1.126586804759977,-0.4776482135040133,-2.0509287195616572
-2.1945059077287405,-2.346410613888571,1.193929583825885,0.2046943868499541,-1.9785457995917266
-2.242550004129847,-2.1617777404344696,1.2039841457073677,0.11993620873581898,-2.000610904538455
-2.4593280909086803,-1.677026624717974,1.2017649991824986,-0.534365189319734,-2.0420238419586374
-2.5438642051858844,-1.6609717727864253,1.186797866156817,-0.7170107558034255,-2.0654186026725334
-2.7417999862050793,-1.3483996520259809,1.1640405565490664,-1.26204859962823,-2.069659118492649
-2.5955500363758164,-1.818361716778606,1.1482256924409369,-0.878420749054404,-2.0627830498571753
-2.473261312266866,-2.0474620222053264,1.1190112412085358,-0.574373612653589,-2.043828871931768
-2.489552143113587,-1.956229070536065,1.1321550192035001,-0.6272067270416911,-2.0579563157836573
-2.6049790771062655,-1.696362490144942,1.150423562247834,-0.9678781182876974,-2.0867910179304903
-2.2643133883640094,-2.28397518536634,1.1876143227063483,-0.20323805532832556,-2.0286340778452265
-2.3524659669403185,-2.021061565822249,1.1916151412192848,-0.45382530839564933,-2.042213143128462
-2.447101053505387,-1.8119384608737463,1.1594375085003101,-0.7398339677914787,-2.079517792699506
-2.394842989453759,-1.9509612121742692,1.1456943436509095,-0.5072463734558602,-2.056315972673331
-2.440858526233739,-1.874507037459566,1.1356855460702937,-0.5636456896280819,-2.052018540510726
-2.2827858338681732,-2.157921450979811,1.144609061604931,-0.130470913658443,-2.0128744753000287
-2.2179396848549437,-2.1657867459208595,1.1427967444125164,0.09923334926730629,-1.984206814061975
-2.327705240382755,-1.9006006772952801,1.1717150613632508,-0.21778499833677006,-2.0148060787816573
-2.408533652903338,-1.826845475482222,1.1645162157809295,-0.37422168936388395,-2.035083238237301
-2.3664544010818798,-1.9454893791086458,1.151455301952862,-0.26766480101437506,-2.019719941472783
-2.3181538863151654,-2.031407989092456,1.1187132923998004,-0.09988561040476705,-2.0138760233045447
-2.4759939336904098,-1.722832717960051,1.1596822354804668,-0.48721582374280586,-2.0428959234503385
-2.4535363047384324,-1.815251563768866,1.1405917963046324,-0.46557998217905283,-2.061395657766709
-2.4944495327771246,-1.8018370372588999,1.1302957248199705,-0.526445292029484,-2.055269352460656
-2.4809466027346407,-1.860273799527055,1.1247807394770861,-0.43666006068327434,-2.056842196985652
-2.644252015570217,-1.5370611582388305,1.1393451679024307,-0.9220513681923789,-2.0863289781454952
-2.7712877036726855,-1.3705415469304414,1.118941400553732,-1.3214939506566679,-2.103898323008375
-2.7823714921210643,-1.4844840708779563,1.1008013657737377,-1.3621498357298985,-2.1292653568118056
-2.6153893191852604,-1.9063247894134618,1.0913716716855977,-0.8755245629355922,-2.115956393824374
-2.7027978511358417,-1.5827216730339804,1.0908088694239868,-1.2713731294027213,-2.1334576346462533
-2.5051377675431468,-1.9904150531552245,1.1233396927194361,-0.7330883402912703,-2.0937932919628337
-2.5776001965431696,-1.7522098624905715,1.1293157617924543,-1.0171767973761958,-2.118477337059405
-2.7010203634432295,-1.5104331396206099,1.1126918234980638,-1.3477509714013767,-2.1238199376705635
-2.360751762051261,-2.119375042826602,1.1478832078270127,-0.5997095366062252,-2.055269016970878
-2.4194224098665678,-1.9363850715128792,1.1173841266744582,-0.7200865647630844,-2.081319865769911
-2.5586515735524746,-1.6747719914511336,1.0848833785512557,-1.0447712541965946,-2.0950098493247733
-2.619667031238791,-1.6020409401727804,1.0661510473598264,-1.1892798111472236,-2.110188470919829
-2.757866998778081,-1.4054020499593616,1.0530596973374569,-1.509905992666113,-2.1332598545880086
-2.8408359710205837,-1.3193225544510137,1.0345017783429198,-1.7791537419715895,-2.148207880261
-2.949652133576315,-1.1946712375156758,1.0159471825822,-2.102277353375591,-2.177723094150274
-3.0496922959223935,-1.0863721353237012,0.9780258654182178,-2.399333002175914,-2.188174465469803
-2.924687943929676,-1.520010871904692,1.0121759241561274,-2.056897192461603,-2.190518115344691
-2.8262095637637024,-1.6881087532511887,1.0040498194651086,-1.7892220140829185,-2.2037689040025854
-2.829446344955107,-1.5483999325584572,0.9800347665035729,-1.8745420852458097,-2.200291080357715
-2.5316710947856373,-2.0612155863726236,1.0359158747307593,-1.0905937165275743,-2.1481022466249664
-2.1789686449448356,-2.422795686533628,1.079319642538315,-0.28730683724534556,-2.11705551684637
-2.0114396478738943,-2.4319179192764593,1.065590804101387,0.084213159528408,-2.0739782550333627
-2.19105830805487,-1.9477184904772211,1.056291269146048,-0.37888583306921736,-2.0408354904691786
-2.324313126393075,-1.7665273531743308,1.0433624893082005,-0.6286190953663633,-2.050563150810039
-2.3362495875788825,-1.8195783702388,1.04441806567625,-0.5642857335597363,-2.0274046045688316
-2.208756686444277,-2.0683567497971818,1.0660397667680277,-0.1988785117222177,-1.9986002533205385
-2.1643583165774896,-2.1285413567326135,1.0666499283305608,0.022816993145005716,-1.9630541837808646
-1.9944778191314911,-2.3298590889558803,1.1109990576497968,0.42206812778375163,-1.9322610599441448
-2.1808869526432066,-1.9251396457680379,1.1399709278037595,-0.024915793972160906,-1.961173424085039
-2.1496125111041477,-2.0705798412922394,1.1055616549777452,0.13261726501991955,-1.9577508983940786
-2.2581482260575854,-1.9273863226385524,1.1269008065522221,-0.01572181771649326,-1.9877468893097143
-2.2429324718025345,-2.055808184120112,1.1272441317990305,0.13386458386606542,-1.9663746195831053
-2.289204753097618,-1.965962563260179,1.1432143297033581,0.06540326666767746,-1.9855832127730193
-2.4782684916989686,-1.6939914944236718,1.1583461627125202,-0.35932988154849704,-2.031900645416313
-2.42951893498421,-1.9147030672298087,1.1387963110524144,-0.1895088645276282,-2.0118225329299544
-2.496474191422291,-1.8287568282116622,1.1655831305199853,-0.36331846399474743,-2.041506336071707
-2.6112277788900355,-1.6350736938987738,1.1560766542651113,-0.6990595019453086,-2.0935595981499633
-2.5114452240667045,-1.9513526303844662,1.1597139391104851,-0.3606319874218331,-2.0641053238287292
-2.259009695856321,-2.3152720083037863,1.185094028150547,0.18564079205817416,-2.0112876580966983
-2.486031977808523,-1.7320639127336763,1.191970023353825,-0.5444997046245089,-2.0475643714766676
-2.3007893258691414,-2.124251325487142,1.214175970400978,-0.11158506858501208,-1.9882228387524674
-2.483194743530988,-1.7133012201617248,1.203105989498985,-0.6770351458323136,-2.0436570452661655
-2.548289747870931,-1.7353185530581454,1.149763689450106,-0.7535919385755364,-2.0592387116633915
-2.506208311097003,-1.844553125068431,1.1316689068615138,-0.6028577252500841,-2.0458057587360816
-2.1916073084023178,-2.3118545187078547,1.189355082455481,0.08379971593211231,-1.9922082036083213
-1.9958653359075798,-2.473893551298165,1.1925983588993072,0.5001535308635205,-1.9524429951401112
-2.103164995418143,-2.164102945377542,1.1945841008128537,0.28004912503057383,-1.9627716924416663
-2.0844894755203676,-2.158247373502744,1.180617890451631,0.37089976774157285,-1.941858690376731
-2.228724478850882,-1.9528447314873718,1.1927230590941496,0.09708647139647157,-1.971399512523616
-1.99064704319004,-2.3585096952150084,1.2326360652413382,0.6132521644958886,-1.9328803747930359
-2.027710536819138,-2.2489789818892443,1.2312239270465206,0.5918516060617643,-1.9140286923033445
-1.8242702181179393,-2.5277239654913233,1.2732996953524987,1.0206091902255534,-1.8777948407739466
-1.7935975135014735,-2.4633411356630353,1.279676227495699,1.0860063395142472,-1.8577958792851177
-2.0027878930050287,-2.092741334663936,1.2962130626250352,0.6363996470658776,-1.8935389839220267
-1.917215599061996,-2.3037244785037005,1.2937713727620141,0.8755498218182511,-1.8571520620009145
-1.9498700346621345,-2.2899277118302126,1.2679943122548285,0.8887676155394857,-1.8843307688076825
-2.2576013295307087,-1.7977589177473423,1.284418742710446,0.12394148689926857,-1.9303772192338595
-2.364472076043243,-1.8057971051558892,1.2314377400326435,-0.051108210181833966,-1.9611496747049137
-2.2648258792447287,-2.115947400715506,1.2249022428737992,0.2544247225211593,-1.910061881404936
-2.073890015807493,-2.414521052774308,1.2457783390294033,0.6760293155954357,-1.8891192396202616
-2.054781379562942,-2.3526735393985283,1.2477161987622694,0.7562848292732226,-1.880235917770939
-1.864461629378644,-2.5579311913287808,1.289803999826545,1.13115539766619,-1.8574291110998382
-1.9452836437305792,-2.35126545901093,1.319902850857594,0.9550408975819733,-1.8747770317833867
-1.820866571658444,-2.5058558762393783,1.3385622466037477,1.2141220842778468,-1.8241995538808653
-2.1692909170579378,-1.8834366679416414,1.3193330638817728,0.31879008635678785,-1.9036675986969978
-2.287597664586614,-1.831691274694718,1.297612307870665,0.08068990008524111,-1.932429825425167
-2.449297926586691,-1.7350775592161034,1.2595917879062013,-0.22918393956835792,-1.9911907682720635
-2.561207291060634,-1.688212799214226,1.2085007806361245,-0.4249123656623308,-2.023594274085493
-2.2307985029898325,-2.2804473183170315,1.2371670249344369,0.2265294515908409,-1.9540060734311435
-2.4139308367896364,-1.8928079092678438,1.2459362615409577,-0.2673372640144353,-2.0053079868222734
-2.4381428970918586,-1.9126637848168615,1.1964227806361776,-0.2910403807810848,-2.017052037480213
-2.484072790801115,-1.856122557556321,1.1761606239050708,-0.394185060813191,-2.0262051737343874
-2.5997109436144363,-1.694204050805544,1.1672461091151953,-0.6828943078669905,-2.060489249028695
-2.2973860848213263,-2.2740809392081442,1.225145257997516,0.013146048550877658,-1.9879316475515338
-2.294142308497714,-2.1440671959982107,1.2117887242067944,-0.004348948654906947,-1.9884690053254672
-2.350422978102984,-1.9912706386307175,1.213245739229354,-0.14623306343838308,-2.003795113401059
-2.157451911613944,-2.281106443995542,1.2382716530500963,0.27117840682124345,-1.9523402464370314
-2.403952092865558,-1.7114875988720541,1.2067988113123156,-0.44023026727147846,-2.0039701159078405
-2.338070111634977,-1.9321533379919107,1.1979243743588492,-0.268094385131359,-1.980516797032585
-2.3468666763072363,-1.9756939754043454,1.1880836662209426,-0.24021539620267152,-1.9854378749675619
-2.3534551176743097,-1.9673336465063755,1.1634637808956452,-0.23440892517352288,-1.993287935948786
-2.3237957010190575,-2.0267170622091584,1.1392361677594725,-0.1468964901778399,-1.9969107883546156
-2.118176814525166,-2.3414902084345552,1.1704293366972494,0.33581752440577806,-1.9476111466139765
-2.18682723985483,-2.147187059780488,1.2182389907874185,0.173834697836326,-1.97590928708808
-2.3759087148294795,-1.78431326489133,1.2400551729074247,-0.3407027415170597,-2.0047046202750756
-2.4405979772296265,-1.8120670553854727,1.2060609875479615,-0.41817823324973685,-2.038246563687439
-2.370980398901066,-2.0276171181031457,1.1906627308388658,-0.20023091164351528,-2.0316729191766
-2.37488416884159,-2.0194626763453165,1.1712027372090523,-0.16115812702051618,-2.054701495433128
-2.173258183201571,-2.3228843602311957,1.1955009700710029,0.29693732308043547,-1.9775852468245967
-2.184697224997991,-2.2331904739982567,1.2008044571428762,0.30535053681143853,-1.9783296349402655
-2.1799490163637483,-2.187120742769813,1.2072442885280494,0.3730035134168455,-1.9678084304256298
-2.000008761695956,-2.390816045469823,1.2336560021889895,0.7356680863674155,-1.9231700631184914
-2.1183515356927702,-2.1063252906404357,1.2554426265227376,0.41080146495589265,-1.9249312964115917
-2.2010568463793714,-1.9944173000353584,1.2574504640516386,0.2298624887956783,-1.954323490751917
-2.0750944098120936,-2.2385875674153413,1.2808455817130877,0.5463797738012047,-1.9120664386404196
-1.9245795669345038,-2.4535932289988422,1.3074249577146067,0.8811217143950746,-1.8685673471175144
-2.2422650639768547,-1.8305860617647982,1.2747815278451873,0.04647066910018121,-1.9181537191047995
-2.26247301001442,-1.950919685547275,1.2423351877536393,0.08805152838825327,-1.9323747931899935
-2.4880820192640596,-1.6283656471429167,1.2400093987120602,-0.45552692023108476,-1.9874980939611793
-2.3821125843922335,-2.0039902315971756,1.2219531056292001,-0.16636023441343603,-1.974838826859284
-2.5309056670433683,-1.7305544610874184,1.2298681866285168,-0.5604202119717032,-2.0251208921250736
-2.5634937199380436,-1.812476285266954,1.2083921781916922,-0.545145794324271,-2.0461283372202215
-2.552256790595231,-1.8522696650273862,1.1783276852731988,-0.5133718427120743,-2.0576134900676726
-2.341846094639878,-2.234929425199746,1.1721964125093793,-0.0259141243569009,-2.020866250162839
-2.420891473471598,-1.9627643498605831,1.2082845257929378,-0.2814073901623724,-2.032270403523229
-2.5259379768547494,-1.745843699152652,1.1924731817422567,-0.5981699443733093,-2.0647767711325375
-2.6850386528698524,-1.5244834853850604,1.1754051154448175,-0.9999076506642897,-2.114378673825688
-2.5826275355389243,-1.851629510748934,1.177231939013566,-0.6866207746409378,-2.0642514424025684
-2.5504877101677406,-1.8923527909536275,1.165104480770994,-0.5711710262532212,-2.0779965506055937
-2.3876793541342476,-2.1528988630284136,1.1723088519186504,-0.22049391267539745,-2.052989207082555
-2.5631618914326193,-1.6704434387044302,1.1907112897285825,-0.7928729924533404,-2.079079020925466
-2.720771151014033,-1.3516548822414138,1.1585927134408227,-1.3476281217491435,-2.124371140125678
-2.872201932398322,-1.184832972630333,1.1275642833174069,-1.806907869699293,-2.1343701771043873
-2.524931461576557,-1.9676683453156896,1.192392309049698,-0.9716777217479006,-2.063566853798387
-2.598974203794603,-1.7790286561558033,1.1591839991463806,-1.1737900265480479,-2.0957759170925674
-2.718518162194448,-1.5264161383626393,1.12892668990905,-1.5169775470817575,-2.1263083754406327
-2.830268799829071,-1.3682179468642939,1.0722702428308861,-1.7917301960210579,-2.1345354527487403
-2.9395461305544135,-1.2064903038349672,1.0207047528503155,-2.123042403415007,-2.1458409213257683
-2.575198667499839,-1.9548391911763672,1.101219029166758,-1.2802961369991324,-2.096395338119537
-2.2269787339190943,-2.3801244242998085,1.1182578961919045,-0.4832213102414811,-2.05145970695715
-1.9910827810052893,-2.5232329745256488,1.1307180851985643,0.08113696456879148,-2.0040500425746703
-1.9649151433836638,-2.3530233568274794,1.0967655829910914,0.15868693505039033,-1.9514528493965284
-1.7673797268189912,-2.5203721966320147,1.1246168027316086,0.6230305519693413,-1.9022649369407345
-1.8989964793596887,-2.2282168762635184,1.1134041720188632,0.4007682402477529,-1.8889969440602639
-2.116233666813186,-1.9061298002994582,1.100212019704292,0.023571409195189914,-1.9228665101817584
-2.203861882339668,-1.8861729772551141,1.106069518026641,-0.10864569815071556,-1.93359848133674
-2.302736441374122,-1.857534297679866,1.1088711897495347,-0.1690671894364409,-1.9616934158468453
-2.1319372488763175,-2.2109353934445535,1.1469145884476064,0.2837742034805418,-1.9049753146974282
-1.9079817988545922,-2.529356339998841,1.2037945673464912,0.8060762862499226,-1.8921413114142591
-2.0422228479181954,-2.170631694781513,1.2226709598810488,0.4664014099017267,-1.8970160031816106
-2.32617045125439,-1.6571400081049146,1.2173213818929864,-0.30074899867294014,-1.9317554283169174
-2.509998113013443,-1.5372735644941629,1.187106306967024,-0.7106152232786745,-1.9955290659890466
-2.653217012410325,-1.4934090709271048,1.1604857835028406,-0.9958562129913242,-2.0545634751319155
-2.3866739594662847,-2.085670530410086,1.1574566302035576,-0.38000368940025736,-1.9899636949286665
-2.5184735528148385,-1.8034589937890988,1.14037285221786,-0.7409458906287382,-2.042459792499333
-2.583244419652709,-1.7882629233063783,1.1135526260217894,-0.8170095778782416,-2.085886664149825
-2.527480855847277,-1.8877709365612814,1.0800083471780497,-0.6605977145296027,-2.082488194684325
-2.7006244977990557,-1.4897093880901293,1.0853025284619475,-1.205761346969319,-2.0741470974181118
-2.8494184772425495,-1.2796311414534427,1.0634343668954735,-1.6421002401444094,-2.108107080473012
-2.8791164742475113,-1.378024789247736,1.0573205792969047,-1.707450476895862,-2.146253271602938
-2.98908710345525,-1.2476325637413341,1.0321134401809793,-1.988531797735918,-2.1782893342982628
-2.834127008242871,-1.6745957977665327,1.0453921920555675,-1.5880652197218688,-2.189525953854104
-2.848414012336964,-1.610020326906825,1.0287145741244046,-1.683239294114221,-2.191688232471979
-2.584329920018028,-2.0411987180907376,1.053855802508866,-1.0384657110042534,-2.145498028045912
-2.513025558777516,-2.0038808543967828,1.0491782918571932,-0.8939376758454565,-2.1350905026274827
-2.6592666610345193,-1.5497420797591162,1.0341370353654777,-1.3860728428288764,-2.118763083845946
-2.661079161286719,-1.5761814313061542,1.0133140829586529,-1.4115882072353754,-2.1245353355285097
-2.616045260481469,-1.7377189771020365,1.0175939058583248,-1.240850097866737,-2.13133122338151
-2.552457601577311,-1.824180851830756,1.0194110814778374,-1.055624477665699,-2.10785854764854
-2.53542547274918,-1.8538144327858028,1.0138630550766292,-0.9519790345114478,-2.1155097437272556
-2.4613349558540554,-1.9517386047025718,1.0208320902331676,-0.713293497202486,-2.0909439120293962
-2.6361330492103217,-1.5160814057447334,1.0356020789862388,-1.2019624066792267,-2.1019302621415488
-2.707022446925681,-1.4831040903396109,1.029717785518203,-1.3559937928467114,-2.0984205013551445
-2.6917440092927696,-1.6157024381496725,1.0521665727581158,-1.2887244406832732,-2.124302818964641
-2.7611563140635833,-1.50267560096091,1.045526935693941,-1.4997748492132434,-2.1555978398338014
-2.6856619994420954,-1.7373680047272124,1.0499151583070891,-1.2310069219342645,-2.1415189844327838
-2.5017823444056058,-2.0121985704586423,1.054305699331676,-0.7205822082036455,-2.1064889773197826
-2.482477490063341,-1.920083992550907,1.051610914465851,-0.718514217512164,-2.0999793973301077
-2.381511058930568,-2.0515037738910027,1.0484300620520135,-0.40650575230028335,-2.0843394968027837
-2.2560975851623306,-2.186580713613275,1.0456236811321291,-0.08579908122752083,-2.0515975755881715
-2.103556178884898,-2.2974485167893954,1.0640308706224135,0.27034394589937344,-2.0079242716324734
-1.9793553956419911,-2.372425721619317,1.0996087683690714,0.563268192984294,-1.9477416983535132
-2.204891589182243,-1.8862749159962808,1.147526134971722,-0.039383695612417606,-1.9699236127026232
-1.9655682861179455,-2.3225265494328213,1.1842440197780348,0.49872605590201663,-1.9127348171815959
-2.0862693515648054,-2.092216467043966,1.180566935152581,0.25708737339092486,-1.9160244610309134
-1.984329316685662,-2.281879557156793,1.1702287903029975,0.5657962795218058,-1.8806021256727499
-2.2364677949606167,-1.8123020087393473,1.1857810611695883,-0.07036989796570116,-1.917491010299746
-2.0138185696328836,-2.2742476700179837,1.219376198708669,0.44173591670236884,-1.864214331228961
-1.8611315944929903,-2.494982386913808,1.235022047781366,0.8350967228416691,-1.853995787663981
-2.1862104993766054,-1.832082158789093,1.221200585845188,-0.06669428645644349,-1.8751910791053783
-2.4029171909196916,-1.624854033358474,1.1983078341784108,-0.5205584245578144,-1.9291145517215385
-2.5929373802364832,-1.4924814664158714,1.1542868350263593,-0.9044937141170935,-2.0172235393850126
-2.6460999984279057,-1.6320427047409094,1.1235364378320183,-0.9079846450283414,-2.050414300875981
-2.3205253839667472,-2.245464373539098,1.1607711055050494,-0.15336205261333297,-2.0022730851662556
-2.109862456855194,-2.435415391658387,1.1627422752378558,0.2746734474310028,-1.9674487415317914
-2.259725891652089,-2.0705671429458152,1.1617084444326056,-0.10146523525226195,-1.9845195181250355
-2.472309634831407,-1.6714514532335474,1.1297681254200318,-0.682244480727059,-2.0075529210626524
-2.1552368932199606,-2.258789783602221,1.1820708081829125,0.016227276833779034,-1.9366866899950363
-2.1925559597253437,-2.1356791459550974,1.1647791392400428,-0.015429361742998944,-1.9475318403170576
-2.0665166358656046,-2.320124247773398,1.1721731865866425,0.351774130429869,-1.9010544555526883
-1.8372225850276052,-2.600004238274164,1.210981782706437,0.8643881806667245,-1.8820899287716377
-1.978309658650606,-2.2391955463578492,1.226019987497496,0.5531850909641025,-1.904671532921978
-2.18303040766862,-1.913448640974029,1.2088220353340962,0.09286669928102582,-1.9369984489870649
-2.348089181720837,-1.7953631631593991,1.1986186581698817,-0.18675446741722476,-2.012547194571677
-2.450064893593109,-1.7771166090258366,1.1809150484209048,-0.3647109637042867,-2.024776864831738
-2.4669920925636664,-1.8641058212953727,1.1634598553337123,-0.3342750499898868,-2.022379493590099
-2.3277853043764973,-2.140833898531785,1.1584128331145152,0.06098840571101737,-1.990408300759051
-2.1338557978908628,-2.4067116773475123,1.1941563058619187,0.5067554861523097,-1.9564783756590678
-2.362770120513355,-1.8834462201461448,1.2092967868172588,-0.1571628315723174,-2.0023478675495077
-2.416463224944092,-1.8554533157399014,1.1913742020691467,-0.25257700509141806,-2.0092087741263662
-2.6502232681606173,-1.4576755423134309,1.176046525430328,-0.8836123312397278,-2.037612028146086
-2.8130982819123402,-1.2515012046480498,1.1560515210759814,-1.374232829013802,-2.092948958352881
-2.581731741834104,-1.8838799928686225,1.182199392349454,-0.8172892324546376,-2.026448232860949
-2.432467398356309,-2.0914100452328452,1.16946253981344,-0.498409216253225,-2.0116218823065064
-2.514082035869962,-1.8854711413436502,1.1580535446115698,-0.6697153373049236,-2.04975843392844
-2.477803534919097,-1.913822946889191,1.1556246314387633,-0.6258798470651465,-2.062283537044849
-2.1790707166243686,-2.336826637295503,1.1888115538030888,0.03828664622876709,-1.9959279770520835
-2.087949226775304,-2.328581449507577,1.1796867029444524,0.23737914485620312,-1.9642962759208442
-2.2630257508533056,-1.9377441052022637,1.1811552213021834,-0.20070866955975,-1.9620198910131565
-2.1612998859048798,-2.1550006660547694,1.1728693513861832,0.11532095091806559,-1.9537840633861425
-2.222671700605954,-2.0565815770001827,1.1776301804109577,0.02304030836179666,-1.9574027440621091
-2.3769930126181062,-1.7788215018631324,1.1851143049194202,-0.3574421473177004,-1.9997288064194638
-2.5472232772792656,-1.560277021708753,1.1664834397078392,-0.7398952793972544,-2.0436556245503
-2.3220631836388153,-2.066160846572238,1.1846593255156055,-0.21959357042045016,-1.98973117060512
-2.26372843753488,-2.11611369459272,1.1739832727315787,-0.043419983520251934,-1.9788652036938763
-2.0812350374238497,-2.377890331003931,1.1901592624356814,0.4121035394511262,-1.9352332712009739
-2.158388250518683,-2.122046683579137,1.2066654581874063,0.23753578832454864,-1.954834403006872
-2.315870095709583,-1.8815577504649448,1.2098913625781118,-0.11111926570953179,-2.005674376657782
-2.2333953730590355,-2.138623961786332,1.2036909771941873,0.18734977005567627,-1.9573293178401119
-1.9887691931315148,-2.4605065874000043,1.2475957592579514,0.6936666978213798,-1.9266215603535262
-1.9214455269438375,-2.479913069606757,1.245077737386808,0.8677170504646704,-1.9035372889375584
-2.129921723537803,-2.089105330146269,1.2478542151933645,0.4356064780375454,-1.9561429472606768
-2.3804730236872684,-1.6650143657869176,1.2523727734828198,-0.2438254332689022,-2.0205297513591574
-2.5512835261737825,-1.5391032194729817,1.1948544591183772,-0.6371197182975646,-2.066769143152901
-2.4108360459401528,-1.9674095668162113,1.1913221446392472,-0.26471129119838993,-2.0221689323916276
-2.135241133977956,-2.424571691320172,1.2327905938735144,0.3405950635738666,-1.9432967679060806
-2.085725684694825,-2.36900138347061,1.2344439702284988,0.48303740504356346,-1.929168215231476
-2.2755023042298808,-1.9741690243109242,1.2284860166744729,0.021833361704002685,-1.9612046221830455
-2.361941327592554,-1.8701142140012912,1.2161109048643985,-0.18096106692139158,-1.996418248901189
-2.3636455435579125,-1.9772918493410512,1.1800143871400628,-0.06235455494693697,-1.9943180729974015
-2.563912908544869,-1.613642144106291,1.1891845272639763,-0.6199858274090218,-2.0256603620377014
-2.371595310824608,-2.0593620765458662,1.1822148206631042,-0.16386278395812676,-1.9749233059930387
-2.4522394102142773,-1.894119855055554,1.1770060277298282,-0.3711426671797749,-2.0183234348875567
-2.5093297296691244,-1.848774374882664,1.1769782218987703,-0.4885654788795417,-2.059989707154355
-2.3820180260626103,-2.068227123977921,1.1652619126845378,-0.2071370591887297,-2.0103476420506388
-2.4528159123162316,-1.9426201171248114,1.1754641723209192,-0.33388876819717406,-2.04897438823485
-2.3615768497429297,-2.0827048757402475,1.1629673178362354,-0.10342379084369163,-2.0122847299044113
-2.565625749758976,-1.6462849573661769,1.2003284876073443,-0.7036314597181,-2.0611464787028004
-2.7044850115859846,-1.4850640729030684,1.1624620000082178,-1.0890587946892814,-2.088363065294127
-2.45315785466498,-2.0536704579316294,1.1948689212025594,-0.5019222002031821,-2.0295190785819166
-2.4830949958126043,-1.9326072410917188,1.1780171757351552,-0.5819403539766674,-2.0575052610296565
-2.4070621193056794,-2.0185642835376107,1.1674243580281423,-0.3830624445808049,-2.042602168684609
-2.4633983113079423,-1.8369018612840078,1.1625601653449218,-0.5761626292814556,-2.068022743643656
-2.4743769179858988,-1.8725067882918274,1.1389160317060416,-0.5477969738104291,-2.060591772640802
-2.254429163338969,-2.2319804465430453,1.1619579696989935,-0.03478219081463402,-1.9983571769226742
-1.9728931957541582,-2.55117582557191,1.2150509513909042,0.565628631184863,-1.970308399359221
-1.9857394642375057,-2.393897886780133,1.2255194225602963,0.572704762117093,-1.9643551286184142
-2.262558267316706,-1.8145273050922577,1.2225970997899318,-0.1731707633618602,-1.9881233206957714
-2.0537206911823525,-2.2512216574235504,1.2404274464317224,0.3316648009451523,-1.9126071704439132
-2.0379919022391206,-2.2065065228393665,1.2193312534725431,0.3773414059103098,-1.896385405202904
-2.0966281300965455,-2.15918186404358,1.2168422422390657,0.39766811531198126,-1.9087284460328975
-1.9179967905292383,-2.4466481739008024,1.2347012939246338,0.8365115992966772,-1.8855016905095747
-2.204107108238665,-1.913705566335529,1.2557028069248144,0.10325694797840669,-1.9288478143388228
-2.3826057125625835,-1.743995372081248,1.2240512996499877,-0.22354415906799277,-1.999341536318384
-2.5114523381090463,-1.687541189727959,1.2009708492927549,-0.5081756524244649,-2.0342844802308786
-2.206467579190305,-2.273870267521381,1.2490040354902365,0.1460905551306816,-1.9628380064995967
-2.387410886894596,-1.8615473776427593,1.2277257604697878,-0.3352024414885434,-1.9808391985966938
-2.5033380875595856,-1.727190521987666,1.1833783615845606,-0.6179047390002432,-2.0169509901435205
-2.580592774552362,-1.6498505706437234,1.1444200361251178,-0.8371805901080794,-2.053528158974268
-2.519164381466398,-1.8951837411931627,1.1297989149970247,-0.6185977045127664,-2.0608721417476707
-2.4602712709559684,-2.0371145267246695,1.1457574765894232,-0.3684210764238841,-2.0628074459235712
-2.3328788079750504,-2.1964134097303054,1.1438143402027061,-0.08159528446506809,-2.042678257019403
-2.1765907997103264,-2.3686779594179828,1.1518094622283066,0.3076371808227604,-2.0140606538636
-2.379893878713427,-1.838987722685771,1.190134222476637,-0.31758241013911204,-2.0372101175790247
-2.2944283369899536,-2.0695858948674877,1.1847963019462486,-0.0241991896418839,-1.9996468014354762
-2.3306226346334,-2.004524765411272,1.1831627411513295,-0.07959939849608001,-1.9903547544381746
-2.2154617490187243,-2.155354739903098,1.1763501550057838,0.17492483884145854,-1.972587197885852
-2.4818426689785107,-1.633016584807706,1.199337270638687,-0.5341055235084264,-2.0179506981112567
-2.4643743917963796,-1.8056482321402836,1.1908912388232538,-0.45179493579701824,-2.0368017152968556
-2.338827667175555,-2.104865629375919,1.1858469250149428,-0.09340155280798113,-2.0029499865109623
-2.1419533060478693,-2.3628983093134805,1.2260920857348792,0.3445507565821052,-1.9609807877498877
-2.176254573412034,-2.1736527625252666,1.2079666943876102,0.24147305152829468,-1.9555011393754365
-2.1455528744947667,-2.1888834921397584,1.2127395469833107,0.3146813500645341,-1.9361479765973646
-2.3171412135440748,-1.8750247686172767,1.2296696891555143,-0.09357442847919382,-2.0012370287347205
-2.2380266027010767,-2.0848887751354015,1.2066843328488015,0.1101386238094084,-1.9554208582872874
-2.3122910775262313,-1.95287426334038,1.1894356308981853,-0.037914726593738284,-1.9775854924055896
-2.36917587804935,-1.9131481630665812,1.1968241064161416,-0.16584026126808335,-2.010468036239388
-2.161891586586024,-2.2820062051808607,1.210311892549415,0.288294271860784,-1.9650012976653786
-2.2506043899759196,-2.109320790123192,1.2102820070631746,0.14192841521717436,-2.007919682462178
-2.5097203216407196,-1.5834253022634235,1.198559517322427,-0.564506392018224,-2.04755176659124
-2.6504268548804313,-1.4860404263095304,1.1682807516559923,-0.9066703187875388,-2.0897456432021992
-2.765278147941754,-1.4157116074642384,1.1321356910031959,-1.2100607289504068,-2.120592829119476
-2.8495628538101077,-1.407889329902875,1.1285943833174463,-1.4266479968510755,-2.1548060417211943
-2.590550399770129,-1.965094321860815,1.1320102179217288,-0.8315829779173444,-2.096065686433875
-2.705754103747418,-1.6036266789411726,1.1190954229769894,-1.261970344570546,-2.101724054069806
-2.5939467274751586,-1.8777832815705675,1.0844530410127409,-0.9598425033640099,-2.0835548012085274
-2.60344528350226,-1.8195642988661302,1.100792958497835,-0.9678963082493587,-2.114875363629268
-2.5852037349569628,-1.8169201624501083,1.096352596036511,-0.97702367135782,-2.1151775745999237
-2.5846202010211665,-1.7594627675680352,1.0896144512198447,-0.9801934731407447,-2.126810336904049
-2.4003565429134093,-2.059826849980946,1.0889883217430119,-0.5038135037059668,-2.0777491844736162
-2.2489342929893055,-2.259236065793334,1.1020096609241228,-0.08123696054101759,-2.0278359595400466
-1.9806229622114284,-2.528526349262447,1.1534864519876638,0.4827878161221923,-1.9895583271601884
-1.9834374470214513,-2.347959766627572,1.1471026219719314,0.4997564985664488,-1.9673586590060095
-2.262779295911076,-1.7222562116349687,1.165020033563135,-0.3085027333553738,-1.9627240497205913
-2.395270227348696,-1.6426856006344304,1.1547233466863864,-0.5619083875586683,-1.9952888882664055
-2.3629503638424496,-1.9077729688975749,1.1392153057785614,-0.3120060297946256,-1.9753244778868115
-2.2306888588338034,-2.1314880092193764,1.1469029633612196,-0.015133258518217767,-1.962699515975423
-2.0292929887572506,-2.429354560045281,1.1724876002446345,0.4905979608980407,-1.9284297213904247
-2.109517812860791,-2.1621957758309454,1.1888564208577614,0.3367576111498035,-1.934580743642369
-1.909294107704328,-2.467144988064777,1.225020224396961,0.7919464815113668,-1.9050003568189113
-2.1962984835615655,-1.8878137249319105,1.2423253604076887,0.01194986512925764,-1.9473694316917227
-1.9897005605921423,-2.3342441581799873,1.270103323855692,0.48780373639435753,-1.8868891547822468
-1.9847775712710922,-2.2937540209071563,1.251690463331422,0.5401721771729345,-1.8935445314650428
-1.8828762975995401,-2.426713286212665,1.26444816604493,0.853195666325982,-1.8519264175065953
-1.706216360485792,-2.6219412331056113,1.2860983239218742,1.2110434252405835,-1.8264846179287442
-1.9416870653980416,-2.2014380500846182,1.321382201163913,0.7549480131074073,-1.8376208065432331
-2.259535943873491,-1.7022812719639948,1.2921322876603505,-0.03854918177589367,-1.8782269373651266
-2.4097835528541,-1.6731018408366156,1.2457657674153066,-0.297703410356102,-1.937443506646264
-2.5168280005445705,-1.6726190396299707,1.1990523157175137,-0.508786248635465,-1.9940312376740679
-2.6992418599553827,-1.485529446528151,1.1891825841116297,-0.9529958350847202,-2.047266594406143
-2.642802628317446,-1.7820820632819911,1.1591752370782327,-0.7312564243152555,-2.067932462406593
-2.5221902354275554,-2.0374944151530987,1.1442967276220062,-0.40979504979171527,-2.059437654033732
-2.4973817990511527,-2.002618961006639,1.1421205978701718,-0.38959132906682775,-2.066475467094779
-2.306241779516044,-2.2462139603843942,1.16798240488026,0.022948585570717737,-2.0101259902629294
-2.1156775719319487,-2.427304335260353,1.1779860073958723,0.4562206811628917,-1.9784057495734284
-2.046050462512973,-2.3579733864683656,1.2001948329034253,0.590558693020689,-1.9511323291459746
-2.256373492550364,-1.8917499080479419,1.219857048048934,0.009121519781983741,-1.9714062820690934
-2.3390116714341063,-1.8293716416995234,1.20913545470514,-0.15370695775963494,-1.9925883473514572
-2.503133653414837,-1.6806730513919514,1.208065522961883,-0.529203401363093,-2.0268239762775178
-2.2416536893035923,-2.2087566659958386,1.2344960003063803,0.057539774873152864,-1.9472418830435265
-2.1253164813849157,-2.3172136234976617,1.2409889871607778,0.3177502922553186,-1.9203774734351295
-2.141388966348101,-2.192677906107919,1.2350256552452326,0.33801368904907764,-1.9360585162075883
-2.247549751387913,-2.0015073671687023,1.2459851466035647,0.0747364801193194,-1.9689867102901277
-2.3044446427034617,-1.9726827461531367,1.2354013651503186,-0.009301922561867315,-1.9863696648274856
-2.5338366311263454,-1.5154766743540635,1.2117138274678152,-0.7009224037124463,-2.0182608982221097
-2.2835090802369136,-2.1036327210216195,1.2506339976293699,-0.12286395308946518,-1.957603426841543
-2.2377789646038995,-2.1518145914263043,1.2338710734057183,0.008266076588183518,-1.96441605245607
-2.4871199619105098,-1.6248828713155712,1.2142393709195607,-0.6933147108818976,-1.9952593451237826
-2.3999606136888567,-1.9231037441760386,1.1935416523545679,-0.407807617754671,-1.9956760511188927
-2.4163657370144844,-1.9651645019756034,1.1839019656890057,-0.3970504004179196,-1.9948253504755415
-2.222881879769497,-2.257605294553958,1.1994255819483293,0.06078262328828633,-1.9613827318238928
-2.3141202273849513,-2.027805907708662,1.2207180957400103,-0.19887673180212173,-1.994635329487802
-2.134585234611835,-2.279263839753076,1.22013524285049,0.1924849450329595,-1.9734368634752495
-2.0147642958664393,-2.4229235619220186,1.2170132036990096,0.5147098014014637,-1.9524913243107982
-2.078670370204344,-2.2010934252816763,1.2324918848737823,0.36857954405430887,-1.9665105668390948
-2.0338468184226235,-2.247005286752309,1.233125719968465,0.4936834992075344,-1.9445197878682168
-2.18316664153109,-2.023817226654685,1.213381270902875,0.19619126855307706,-1.9597026052034179
-2.3733294891573005,-1.7846078570160384,1.213011196685453,-0.20878934769483465,-1.9993418726033656
-2.201199741029385,-2.1901486010894726,1.2235922749762564,0.2069057805481474,-1.9303163139197799
-1.9658690219435702,-2.5040956288643423,1.2384584537034309,0.700224144699123,-1.9074011919558256
-2.0471550986025657,-2.25563936673182,1.2420448559323036,0.5080483624621295,-1.9154111556133369
-1.9103334379471972,-2.465620924268931,1.2625847260774816,0.8733779684642663,-1.8930758633242373
-2.2301120025919414,-1.8369818307857135,1.2351117866914663,-0.029673004038275243,-1.929646060100598
-2.434459523107915,-1.6645242586116218,1.2184064198684679,-0.43262170544006434,-1.9901556894903545
-2.4680369608085724,-1.8316664215549727,1.1688891304012423,-0.4164137766027043,-1.9924940976298025
-2.4024797083901666,-2.002621953086902,1.1443016603302743,-0.20362071799413925,-1.9725186756308164
-2.1312256511019347,-2.4170887131266676,1.2100585025394006,0.37387218710271813,-1.9314656081608526
-2.283254455737432,-2.0427893392575673,1.2088260841000111,-0.035903903844360194,-1.95724260292773
-2.0354532764682998,-2.4054663533387144,1.236974395878088,0.47422791094633204,-1.8944627695841054
-1.870643952255993,-2.5637614992685807,1.24110633345313,0.8403766383132312,-1.896287700330132
-2.1773833668964535,-1.9657977224059244,1.2286288853935219,0.08700697811059648,-1.9291705650800974
-2.0961969432535907,-2.1874402234011416,1.219787756036495,0.31978936924580903,-1.8902527269460767
-2.342048019699586,-1.7197982082925949,1.1946130967018485,-0.3432929542624164,-1.9498660248282729
-2.5921305119890707,-1.42756768441443,1.1642786984718894,-0.9511314330204135,-2.003733881366896
-2.7040214496231028,-1.4851475079223186,1.1475905977915681,-1.122099750121552,-2.080207418046877
-2.639228586150137,-1.7735635717023024,1.111481925502559,-0.9224715760436748,-2.0858117525515687
-2.575467783589681,-1.9503405637567712,1.1080573177440654,-0.7271186266297466,-2.0852229490820027
-2.7054457277927293,-1.5848463147842746,1.1064229871508051,-1.1748214518830118,-2.097857534322626
-2.3374195581818626,-2.22166732903533,1.1779777949135046,-0.3949083281191378,-2.015918029257129
-2.334812978427222,-2.0964324662809437,1.1712536243978597,-0.3805884511314909,-2.0371550303425967
-2.5393448492297814,-1.6274439578259874,1.1642901067172766,-0.969572620519913,-2.035733375073882
-2.590870941539146,-1.6536225603111154,1.1535881496771665,-1.0665999979345413,-2.088274840659501
-2.580634833559217,-1.7742831096242808,1.126799374893423,-0.9300063710297732,-2.088247877451485
-2.4706859035927557,-1.9506535049483797,1.1054270319441097,-0.6652422959461493,-2.0758977882379073
