h0,h1,h2,h3,h4
-0.3082852546963143,-3.6496005304254093,1.9194099230267685,3.5197691618051405,-2.133742774671376
-0.08309422716060914,-3.7628066817507095,1.9420463908458174,3.6750284211782827,-2.23708855228149
0.16314292890025114,-3.865383896673614,1.9961406870897545,3.828546304667746,-2.348401915047454
0.4197860008952706,-3.9692925006983826,2.024348231640687,3.961634821419886,-2.460168065714558
0.708666003179042,-4.087360792272449,2.025051352374304,4.06936912870989,-2.5719604025050318
1.0596554474024886,-4.219622339559342,2.047996095264112,4.12662699291134,-2.6179275152462247
1.435929517477517,-4.365837342319388,2.0694592438468162,4.110756203911772,-2.618469476097994
1.833650189197413,-4.502923721657246,2.1074587894785686,4.061928452288817,-2.5462468823209563
2.2396476995009422,-4.654679395825505,2.181140647517001,3.961199909169272,-2.3889924878813287
2.666960838503128,-4.8178392266379,2.266236223739596,3.848913691803856,-2.174785429181287
3.072434090953818,-4.94631940030434,2.3471691330307727,3.7152189100094724,-1.922382929733112
3.447795094002228,-5.097036947101587,2.445238001249923,3.584375400032947,-1.6352286150447275
3.7829516057869954,-5.230966812160588,2.538902117582266,3.4505983791502963,-1.3228077515314776
4.068548450908602,-5.37569785899807,2.627750315981347,3.344455648807764,-0.9748965477457691
4.320651402976722,-5.487313330214537,2.6782792523292973,3.2592014437984553,-0.6137833895322942
4.519102915508927,-5.555557611595249,2.714454739778544,3.189609893642785,-0.26817967109502594
4.673465905621431,-5.606196409592975,2.727044895691801,3.1393376039282184,0.06670095036339155
4.765836455853007,-5.630397127477335,2.7280920189675943,3.10975049252714,0.40395527031775924
4.832799855271826,-5.647211207350037,2.721648041170228,3.0773869611403337,0.7358455619015459
4.885470900620172,-5.647059299705537,2.7019703578212466,3.0862797828409096,1.031494735098211
4.889128026512987,-5.627571666615665,2.668025871166172,3.074161625319797,1.3140240917993775
4.871096821149621,-5.595081757398045,2.6271425061655216,3.0957247272782045,1.5752945226352377
4.851255376215128,-5.569397789437594,2.5996089644522025,3.115921992205163,1.7953742379948494
4.825517370387241,-5.5487728532463345,2.5658573382304612,3.1543816746452076,2.008889916853447
4.807670889996006,-5.543857709445042,2.548435620498736,3.215408980958282,2.175986750778001
4.777328912175319,-5.526892414961679,2.52179681081078,3.2530064719634693,2.3312260239628797
4.756763659504648,-5.52515735548974,2.5101601838157714,3.2834774675258873,2.4614746598478723
4.726998735020328,-5.516437828578583,2.5121196143115774,3.3470802282719907,2.565690984794769
4.697843027866361,-5.525220960942431,2.521500069955909,3.398166312156107,2.658002798838907
4.68204533105587,-5.52396836792442,2.523158698625471,3.4686741331868256,2.7243380232811476
4.652440871516102,-5.546964214870739,2.5483167785049368,3.524485770230408,2.7720332298078865
4.64010070397828,-5.551981769091405,2.5799670706948583,3.575920550418458,2.8143237783277675
4.62583262779085,-5.573097289330825,2.5973939331186813,3.6251994160206964,2.82960233671335
4.613461517968153,-5.575548830262339,2.6325468542179773,3.6652477098802323,2.85898022752693
4.611504265443816,-5.585098335350689,2.63212738504114,3.6728603001767843,2.844182906642948
4.616118691698172,-5.595002013925025,2.629050218299835,3.659663265852735,2.8535528882509174
4.615744580192938,-5.576157703668833,2.5851374134470277,3.6189037468339196,2.8430822684033004
4.642064975252295,-5.570912776725855,2.572501405558551,3.5678332508878845,2.820721165536018
4.666317863868948,-5.545244045869727,2.529076330470582,3.510854510088499,2.7803764083799796
4.699974784531131,-5.518557844215132,2.5003704753751177,3.4235442176747792,2.7145183254334877
4.73786736500064,-5.5013064551602815,2.481243287875734,3.3338329013045676,2.6120769520403875
4.81468640011769,-5.466421210963678,2.467705106454426,3.2331792071587944,2.455474318923142
4.912317874755574,-5.39403827827551,2.4424442803693647,3.143981876064094,2.201476089801638
4.987837746986071,-5.235856643082581,2.3792571044768223,3.107603156423477,1.7642515255495463
4.908317408210394,-4.799304203266776,2.178052114276622,3.173732130722624,1.004900645082262
4.617231532490899,-3.84519062613699,1.6782591908392268,3.357789660477251,0.1004629202116775
4.023562484036563,-2.5357625792828884,0.7754303081552714,3.3239578781841668,-0.40059364158109695
2.942219108176373,-1.3129515283308355,-0.11415449262937417,2.6905284142157657,-0.30870249320362525
1.4624497332516126,-0.5233763388667373,-0.4802947259539123,1.2642617201133703,-0.20149030348755664
-0.06611890627341206,0.19498758742564848,-0.5669503547212216,-0.37875306819099075,-0.33718656415710446
-1.319075003909476,0.8116663100329088,-0.7201429131028922,-1.7876259433009762,-0.5799535157904361
-2.267078127263046,1.3563115050564398,-0.9901203356691052,-2.790613028275106,-0.8500713298123496
-2.9833042967683476,1.8697758450201794,-1.2758222434222815,-3.4590408926555476,-1.1000453644741635
-3.4668226893459533,2.336231273168179,-1.53167296711888,-3.885727117402292,-1.3522072422399143
-3.824765827329739,2.7431639494554547,-1.773765407228259,-4.115962207646168,-1.5812531915109935
-4.0504338006308815,3.0990272683894973,-1.968295042976875,-4.273603506948961,-1.7943155466164438
-4.210084319809928,3.3817341267388077,-2.1298498047450294,-4.336814988740559,-1.9862146832782501
-4.323629237671086,3.610119638507112,-2.2382867676953504,-4.370935047565566,-2.149528657962716
-4.390982562405988,3.811545143639631,-2.345997197955525,-4.392654823400371,-2.3029485222323856
-4.445608142561928,3.9682330502181604,-2.431005075833612,-4.376840062639215,-2.4271666301515387
-4.482732320828029,4.090013857188974,-2.4862986925055424,-4.363670187501836,-2.5238015864748498
-4.513609446937068,4.217255160887161,-2.533661023461107,-4.3646214012794475,-2.6175460601801026
-4.516774864266325,4.299108704818854,-2.5754696918451034,-4.351694681469291,-2.687277048739905
-4.527825459945632,4.362808436993121,-2.6082925693154504,-4.339435742969319,-2.7352701928553125
-4.539221935568574,4.400395764446677,-2.627883762016923,-4.332946400801364,-2.7831325153922832
-4.550779101705617,4.443852194791293,-2.6450637140217386,-4.310965242297541,-2.8215587586015185
-4.546481814464305,4.472259749914678,-2.662689665975018,-4.293952941415903,-2.8509307167437044
-4.546169460022374,4.497766875933122,-2.6723164402688493,-4.301902087007937,-2.878682365974262
-4.558844598334513,4.514821605804544,-2.680936111196271,-4.301180849407556,-2.884021712031962
-4.555688198199774,4.510488191015641,-2.6885294591466784,-4.311629428013385,-2.889295823053475
-4.56338808269035,4.526480645934507,-2.6905120060493437,-4.304216631789119,-2.898221520343872
-4.558352643316411,4.51402832207415,-2.6922142708608963,-4.305870982701232,-2.916448554286616
-4.574518484067959,4.507980062919482,-2.690566537985067,-4.297953702455588,-2.9132329193221884
-4.5641372817485975,4.496220645623768,-2.676098161407907,-4.301231533340909,-2.9146316214901375
-4.567816041011497,4.493082614282007,-2.684188461784073,-4.296870411694865,-2.9034102757770666
-4.573728716030364,4.472372927035828,-2.674413632640399,-4.302911697618433,-2.8861091832515497
-4.553783734656725,4.453590900545137,-2.674641226254841,-4.30609661071251,-2.8990318088331115
-4.561436573887,4.447989475693506,-2.67095386679461,-4.3185206400580896,-2.8831612755962928
-4.569607713609957,4.426149727693054,-2.6655812058809953,-4.311159254651156,-2.8738822725667164
-4.558177422768267,4.40077814188303,-2.6531397514971973,-4.314673832441966,-2.8646419700412022
-4.563254732143177,4.371216798410372,-2.642665310846595,-4.306487319438694,-2.857570870673595
-4.561903909597385,4.355682586141274,-2.634934780143638,-4.306251348046297,-2.8488513795772334
-4.554795585327123,4.337368328917483,-2.6287168175350732,-4.312989964890497,-2.830845371172542
-4.5509114216712705,4.317674371208321,-2.6110513665007535,-4.320159860111879,-2.826499458304983
-4.560237793480179,4.304570028456373,-2.6246835504303636,-4.324042170130607,-2.8243505540296843
-4.562616910788516,4.284056514402185,-2.6190208180284857,-4.314931866084601,-2.8109514673861473
-4.550897999689662,4.272907467328802,-2.602214809142889,-4.337355297547244,-2.7933449958704464
-4.55348689568441,4.272263411528231,-2.6143540507135703,-4.32178740931977,-2.797438205227488
-4.542453391852707,4.268653742111862,-2.6060868550200387,-4.315818811808775,-2.7886958323649442
-4.545971217026909,4.268756402075709,-2.6176866940955263,-4.329441604206014,-2.791049245551224
-4.544196435317089,4.2698074279058575,-2.6060506473630665,-4.316130753885645,-2.786000106821649
-4.542780523554886,4.26877209414333,-2.6245260550647367,-4.320805846094269,-2.7913480501800465
-4.551984634742393,4.274761747993468,-2.6210933234618263,-4.327058067143803,-2.796061077299154
-4.546547980662407,4.28360456154246,-2.6168766560427144,-4.329657358664787,-2.7969522986929096
-4.545982314036872,4.2918965427249764,-2.6135340221487993,-4.32129859912128,-2.801614322103889
-4.546610651260422,4.305670358700992,-2.614137078558819,-4.318355726591239,-2.805246928562083
-4.549468293439424,4.333928760587008,-2.6282246283600093,-4.322660588099309,-2.811360067169909
-4.5517896278865155,4.351899038503858,-2.6424532072432854,-4.3174306760384935,-2.8183773785365824
-4.549496127268695,4.392373254842546,-2.654921777195735,-4.307610929240661,-2.8297624497102816
-4.558768834671267,4.402080377779958,-2.656654745299561,-4.315344621345276,-2.845725972868686
-4.549621342291607,4.425128508816551,-2.66492624142824,-4.305890082801473,-2.8638466092492223
-4.553917760601077,4.461981764555733,-2.664085661835282,-4.3064443276473225,-2.877394602480766
-4.541580046464764,4.489348614651486,-2.6764204340202555,-4.297834985793786,-2.891670500933576
-4.544373846079362,4.5125507281513455,-2.692492371697232,-4.307431076210737,-2.9053630656922262
-4.551386540701248,4.54252015491907,-2.6967475480108853,-4.301578383003789,-2.90858988315349
-4.558926047015049,4.576338401842261,-2.718590749475936,-4.28919953025698,-2.9337196183145213
-4.554197387596995,4.60979148806321,-2.7212896395674053,-4.280032111445006,-2.951069670936681
-4.558317992184859,4.631463172793128,-2.730223864647448,-4.295325315610425,-2.9642523376202883
-4.553057020698901,4.6573826954998845,-2.75073132689409,-4.278905045052131,-2.9725455994468093
-4.560290313185582,4.685963175523176,-2.7532907654650476,-4.276890785395263,-3.000467902034308
-4.555195555669836,4.712247565154245,-2.7552690941641877,-4.283414879661306,-3.0132751841647187
-4.554578513225669,4.742983107981766,-2.7837682617107284,-4.284519227603143,-3.0190535823027043
-4.565692366029989,4.7664959800055176,-2.790134299563012,-4.277230832536947,-3.027216393814979
-4.551288822398575,4.776125607670942,-2.7882476190420977,-4.275648744173083,-3.0439324205820926
-4.553189775328252,4.815784554836706,-2.799088284466442,-4.283780287759011,-3.044453747969492
-4.559005747568874,4.827193075925221,-2.804723535299382,-4.267252434492332,-3.0474341538590983
-4.557766425139419,4.843396741887292,-2.8022273235783044,-4.267115633454943,-3.066705070799741
-4.556508252032795,4.857628737172195,-2.815075590266941,-4.270323968618466,-3.0638074071778134
-4.556897155481784,4.8666377631237765,-2.8198329638026114,-4.2733667357830925,-3.070873526629159
-4.545866187354489,4.870108852833603,-2.828449645831332,-4.271818648406284,-3.0757409193651006
-4.558196430786909,4.875061742799368,-2.8323461645549606,-4.276623779565047,-3.088415146334661
-4.554019976206391,4.8908505045803725,-2.839273812451207,-4.277147427480629,-3.087867008553548
-4.5495244716932435,4.885833470985549,-2.827359248180605,-4.277509847590484,-3.0783008452121066
-4.557561962467164,4.87748979365125,-2.8219658618937333,-4.2743059229324185,-3.0903921471252858
-4.561434449151285,4.8723610798247785,-2.8218111677949977,-4.277823127653245,-3.082920673291833
-4.564278393369007,4.851816741976028,-2.8220950514232275,-4.277331278989177,-3.0893938363397404
-4.567016514481034,4.852201021258579,-2.818441154131895,-4.28278325626909,-3.080385898680492
-4.561826451344595,4.833396568064555,-2.79680107520716,-4.265728903709907,-3.077980484237592
-4.563700321337533,4.811372016062045,-2.808577535880535,-4.280031360699529,-3.0767307255558816
-4.571171349376812,4.798486133258078,-2.7959950028859137,-4.28405708627825,-3.062136463097078
-4.566754730393777,4.770437241093319,-2.7877205434296304,-4.278415276175255,-3.04981033137078
-4.570509730129958,4.736373370078723,-2.7740268299950475,-4.277268490609392,-3.0440802906745557
-4.576323285564671,4.706047567957349,-2.7620657565550704,-4.284666964294464,-3.0375564613603263
-4.587010552794557,4.68168250212234,-2.758205430947818,-4.289049575423684,-3.021615232565491
-4.575324191065325,4.6435640350228065,-2.734948017085051,-4.290767177405038,-3.0038209025228118
-4.5748312379598,4.618742184118013,-2.7214187093927107,-4.289491708188453,-2.9872172080737083
-4.576411039721753,4.564813411943594,-2.7107285996318375,-4.301404488657278,-2.9590116334099323
-4.57409217153337,4.525948021031455,-2.695671445127693,-4.29353482986258,-2.938953594393161
-4.58450519139502,4.483797440770356,-2.6806471231838693,-4.302711025663465,-2.915668269214563
-4.587435450644146,4.452659476138959,-2.6658244655365886,-4.30247615224617,-2.9204605982702447
-4.5695183643356,4.401720505882335,-2.6587437190164604,-4.311694055322567,-2.895541066710622
-4.579871082511577,4.356338291962981,-2.647735213986753,-4.328552525520234,-2.8622949357803367
-4.563858182407338,4.3186703134038495,-2.6362652569317184,-4.313858482183913,-2.836142676653396
-4.561889015939042,4.272619397965513,-2.6065152714633606,-4.33765067443246,-2.815755380773292
-4.5698742646615855,4.237624394111287,-2.603630988881823,-4.337542775090895,-2.7887767791452975
-4.554164298654359,4.2114304211867655,-2.5901164243258155,-4.338600039219772,-2.7787906389311017
-4.549121133367392,4.174295759851644,-2.5846051377220163,-4.350847795898927,-2.76338665604515
-4.550089252845344,4.16021163330902,-2.570370728368531,-4.348423603940907,-2.7417024831300454
-4.54082191475386,4.133658618496616,-2.5669549080758816,-4.345642994339763,-2.7239853496182063
-4.5397673192586385,4.1235841326197065,-2.569591963804371,-4.353168086800264,-2.7212816403307856
-4.523801071289359,4.100384844210635,-2.5645617269364758,-4.34472942085448,-2.706177492517885
-4.527579277800577,4.092068934495562,-2.550482690510364,-4.360710248757364,-2.695782026146956
-4.51895760577484,4.09664341384667,-2.5644883433416212,-4.355166028200752,-2.6867156347198966
-4.518551193845873,4.095554684964644,-2.555274212465106,-4.343263109499768,-2.6921187051847664
-4.512551966381375,4.109292639755043,-2.5658814038576336,-4.343183813871051,-2.6889896155543216
-4.5147840051275985,4.112366979935162,-2.569243073062651,-4.341514598104982,-2.685963376815897
-4.523036393453972,4.127780107026517,-2.5772366469417785,-4.350508859545448,-2.702839731340477
-4.524389200230488,4.153656174137754,-2.5865541601414694,-4.352818639713656,-2.7190009468845573
-4.52666680438035,4.187499267596071,-2.5914821246079653,-4.339063905767013,-2.7170887747766175
-4.53621921243077,4.216748440547126,-2.5985726042442194,-4.338399669607095,-2.7415018066121664
-4.523036592305917,4.2512338917928485,-2.613952323513419,-4.326150558699521,-2.7635850397913075
-4.532538631968599,4.284716921130204,-2.6172898536016342,-4.317876845555364,-2.7859243772054754
-4.534358997032333,4.3242540139859535,-2.6256901739806784,-4.314293555570983,-2.8081255245596504
-4.531310055753182,4.376264961237502,-2.656850757866697,-4.324322115272315,-2.809288631862956
-4.5409116431961305,4.4084819015911805,-2.6661751741695756,-4.31673016036681,-2.8477774120513493
-4.5405657398522585,4.446231529683833,-2.673145942479334,-4.3014748028476415,-2.8698510471466014
-4.543496046367326,4.498113924227015,-2.682747356933905,-4.294704006581762,-2.886810169283578
-4.546590081480372,4.543948618962025,-2.6983653744878926,-4.28648133345693,-2.905078917244178
-4.548285091893514,4.578799268503885,-2.7109307001005094,-4.280983492634729,-2.9288467725890985
-4.548282997485002,4.625398227049876,-2.732134316059452,-4.2821997187727945,-2.9515858521848113
-4.551778595923394,4.667288356048836,-2.7379052741592607,-4.278676454709999,-2.974831182922879
-4.541111635970431,4.711484668433808,-2.7592721137203875,-4.275785963516589,-2.9818296018157486
-4.552589883208885,4.746097628131044,-2.773701869638208,-4.272487991357553,-3.0078861664187375
-4.537981320096513,4.7795518653691875,-2.78561130141929,-4.277730823745676,-3.033094912259167
-4.546690006644027,4.8117924817410955,-2.8047842351398713,-4.274195418296555,-3.0443162791843
-4.5425481083780745,4.850716162973775,-2.816506027593252,-4.267253742124699,-3.0562419474548688
-4.544604705645966,4.885691230339568,-2.8246162682980254,-4.281748566975745,-3.072032839939328
-4.55042631900126,4.910420597559458,-2.8472161469403443,-4.269466892525109,-3.0838133508601637
-4.54217788303238,4.924044277437344,-2.8461300083491006,-4.289059110574905,-3.0899060322576264
-4.540262202237438,4.9468438671396955,-2.8662231444251898,-4.27490277594364,-3.1000174296261926
-4.543008681458205,4.95695745644963,-2.861422422203413,-4.277796746871407,-3.105366374180836
-4.545554410944141,4.969528735241896,-2.868890581201555,-4.283776691939089,-3.1171224679598066
-4.542330827377688,4.985691545064661,-2.8725284317732083,-4.278785777810125,-3.117752087338537
-4.555753125139578,4.994027600071898,-2.8754421662723635,-4.2714427791768195,-3.1342264536415656
-4.548034286903968,4.9899400861419965,-2.8764466406993767,-4.2839061137278645,-3.1270196868831865
-4.550439110772321,4.99111862339729,-2.881150466984496,-4.283877666268355,-3.1345924112931747
-4.562959580734918,4.976080890512754,-2.8811251955542003,-4.2852930930052295,-3.127277770802163
-4.559306386942972,4.968504487833091,-2.872511136704668,-4.278110542145532,-3.1277568934507793
-4.55967077412197,4.955752080232573,-2.8529866735291303,-4.2732298076012025,-3.130359325388644
-4.558089521767273,4.930697792012394,-2.8496631585122603,-4.2815126522896,-3.119334108327013
-4.560247853937511,4.896683172743761,-2.8419925080651898,-4.2765468396910835,-3.1084361167975123
-4.560951776484305,4.871793057097839,-2.819415256662171,-4.279314671157951,-3.097067364191209
-4.571988395797802,4.845351409191734,-2.812790872174034,-4.2762297740928155,-3.0873678034311407
-4.573848931847491,4.812109845682346,-2.7950722276449245,-4.279894873959086,-3.074211072658799
-4.5896391418975515,4.7622792328081855,-2.777595699107905,-4.286797771626127,-3.0676629652730045
-4.585955916968592,4.714166232050699,-2.7561019081296902,-4.288982161971764,-3.0465934016980847
-4.591981556458743,4.664385955315597,-2.738197534359793,-4.286779149500005,-3.0236584833617286
-4.582276349314018,4.594524693106882,-2.7135818681437454,-4.293740447057701,-2.99533582374394
-4.578991288612404,4.5427211553038465,-2.704114591458233,-4.285568732315478,-2.9739624671021687
-4.587036428413769,4.480258728588412,-2.6808604584629396,-4.304062427809556,-2.9375855601938445
-4.588338451101009,4.413845183837175,-2.669621895148531,-4.320108759222233,-2.906982309393772
-4.583858330731785,4.346316658126706,-2.633901434093632,-4.321714818604303,-2.87741271988989
-4.565182300146863,4.289951175944653,-2.62065024673876,-4.324602769126246,-2.84068047832927
-4.560025610559235,4.224297274362514,-2.5931760232657646,-4.322913134251693,-2.8103676208980306
-4.560951107002874,4.15717720968823,-2.5781031133428933,-4.350228334756577,-2.7681443128297776
-4.548551038351353,4.095791828153358,-2.5525968195515376,-4.358993130673349,-2.7433379931683883
-4.5460029428409,4.030707784535776,-2.547757810458846,-4.366095271286517,-2.700777386991334
-4.526125116442564,3.977676486788913,-2.5326629546387007,-4.380886704047294,-2.6618840560803823
-4.523365040600576,3.929561231335678,-2.5191802003952217,-4.381152662044175,-2.6321699041870743
-4.505958269256326,3.884654565632566,-2.509204872672454,-4.408625927010607,-2.6052766154735014
-4.501450215445158,3.8418216387517,-2.4902688141385716,-4.402183558709092,-2.5774661683953233
-4.486154207157196,3.811771815530272,-2.474603067106087,-4.411219737575124,-2.5612387881029948
-4.485903090997426,3.80005322729361,-2.4745458793964987,-4.404775003675277,-2.5426739199247437
-4.484302797263826,3.791942852781617,-2.4755807544465585,-4.411502972575857,-2.51807474252454
-4.469180991969694,3.7761852552109,-2.4743311409722524,-4.41151735646461,-2.513530215205683
-4.459624965891982,3.7878836131528395,-2.4761054123007886,-4.409319857871705,-2.5020948008214727
-4.467461661753108,3.802223952447302,-2.4735835438187777,-4.40515348439881,-2.510854476492631
-4.474308723932281,3.813002587594753,-2.4884194646844664,-4.4035207964894845,-2.52246344053997
-4.472028600890462,3.8446731066028006,-2.499543317314875,-4.402760012776013,-2.5137655317996614
-4.482774388149027,3.8613995559688945,-2.504413713257147,-4.401359931368919,-2.5423011850048316
-4.4839568932427225,3.906810949339834,-2.5118934606315477,-4.401132093600812,-2.564197769758371
-4.489053888197046,3.9527721169813352,-2.5302920153993607,-4.379155157841676,-2.5957495153465624
-4.4954504480143616,4.01308499102461,-2.5388888247502686,-4.376077152048882,-2.6187000367811755
-4.495492806475298,4.05742981687081,-2.5474990467014553,-4.361199947870864,-2.646891037636032
-4.504244514999654,4.130739205816531,-2.5768897933411177,-4.3532381756097225,-2.66583204100382
-4.504917756546752,4.186375379635149,-2.5941181246591887,-4.335756781258304,-2.7032324700921238
-4.52527697546064,4.255242363566373,-2.604595972052847,-4.332673722310927,-2.7404533737563743
-4.517392201664744,4.311612337451057,-2.626637793647465,-4.313329445596308,-2.769310206819818
-4.5247460174919185,4.382742158495646,-2.651547070812751,-4.314909018472982,-2.8024151503944608
-4.540378278070261,4.461751739916082,-2.6703476555500965,-4.304226813180199,-2.844778801465083
-4.532671418684225,4.515720619578101,-2.6942094193394315,-4.299461055649675,-2.8795446525719517
-4.532061454315425,4.58350062618537,-2.7167067197998054,-4.294456469828304,-2.908399535855212
-4.5350401632962285,4.6406756286386,-2.7410582870893543,-4.288070572276339,-2.9434545918010966
-4.538980147759941,4.704063100113675,-2.7602104488972277,-4.285766510572811,-2.967285531361449
-4.5346061300331915,4.750122305367938,-2.788871909625185,-4.283262377760228,-3.0016549887751833
-4.532582576536528,4.814299709152558,-2.8005447333630666,-4.275678071914723,-3.025465384740339
-4.533236142729778,4.848024339616275,-2.8174115674680538,-4.289894269132046,-3.0486756659557948
-4.533345801242053,4.901628867525062,-2.835045017464043,-4.278181445188679,-3.06436190121289
-4.529235769947259,4.940822251873677,-2.8458976162457863,-4.271843276006843,-3.083382491691533
-4.535624986630621,4.9785363804288245,-2.867132813203836,-4.270619438641387,-3.1025395259359883
-4.526639905628467,5.006831822952425,-2.88484104611182,-4.279585148849237,-3.11836650274488
-4.536356505333145,5.045341634429663,-2.8897314569218553,-4.289375465724525,-3.1267564428296697
-4.534060601176502,5.062769053939187,-2.9046036022517296,-4.281514553347161,-3.1403300171084036
-4.524268225032951,5.075727316219066,-2.9230215594248357,-4.286325800674122,-3.150127451143646
-4.529328584544748,5.103540604932343,-2.921799939728904,-4.2918387096747255,-3.157222072660341
-4.530122958650993,5.1038508788059085,-2.927311405844704,-4.297537140949265,-3.1664846418872328
-4.52593875096589,5.11841691077996,-2.9321176367504647,-4.285910417068038,-3.1566338983149804
-4.529112813171005,5.1231973188828865,-2.942137617158065,-4.291616092707373,-3.1800433421816114
-4.53429926531387,5.10970781598647,-2.9342511126298745,-4.283504246088729,-3.168998434486288
-4.532703724437756,5.089427275848352,-2.935569804498463,-4.29040757446643,-3.173165095094254
-4.533294645972143,5.081674125150157,-2.9312400955254714,-4.290907372031717,-3.166123878049299
-4.542572920050838,5.062028193351548,-2.9120811839455882,-4.291713484515956,-3.166907418821403
-4.548225539927661,5.03330885172186,-2.9036870866569844,-4.2839011050207185,-3.154594606428398
-4.555751749979695,5.001500862000287,-2.891574166911368,-4.286582629132219,-3.136858429902853
-4.566063073102123,4.958557256192206,-2.8626120792415546,-4.2943194269358225,-3.1220502514696538
-4.5665507325719386,4.901847762862083,-2.8433297730411935,-4.286209455714015,-3.1182444145431405
-4.575453830353355,4.846970912000214,-2.8247245193576647,-4.2806363503416796,-3.097563311971917
-4.583365525084851,4.794804193694478,-2.7922775025210624,-4.27726421424073,-3.067967357612672
-4.592304155479067,4.714856234556727,-2.770183589985548,-4.288154930718261,-3.046346970354228
-4.590858499930595,4.634962564306629,-2.73082414660862,-4.291867071632756,-3.003133623992765
-4.599338805239831,4.547137927787901,-2.70773098002453,-4.306851618414053,-2.9765880479103566
-4.597541552432817,4.451474916413937,-2.6694999690681662,-4.30686976323388,-2.932083605172366
-4.595681310083989,4.341550981326877,-2.6349233423391314,-4.324936224808155,-2.8860877055981335
-4.585861795782393,4.2370829561102115,-2.5927947344739124,-4.3399121951426505,-2.8180473156429335
-4.5664065748100215,4.1213367847727715,-2.5667618591017933,-4.359809957985329,-2.7621030678286917
-4.544058224239351,4.02255369531696,-2.5367917348187548,-4.367216060680519,-2.7034987291172348
-4.5392823332564225,3.909451407793391,-2.499957085692428,-4.396124382906568,-2.6425556851837175
-4.5046137318016894,3.808108995584392,-2.481095905623807,-4.417712292982356,-2.569472881725597
-4.489232510290793,3.707811526423423,-2.4509548136617374,-4.437136700205207,-2.5095745283035553
-4.473023604665815,3.594458327664027,-2.416038170796311,-4.459800129950729,-2.4589822975035243
-4.443439345377791,3.4991826207560175,-2.3930009463409627,-4.478842739912563,-2.400340505354749
-4.424397353642808,3.424352354120432,-2.3683352141701444,-4.484036307946606,-2.3503730639518885
-4.4044847742419835,3.34446556158554,-2.3430787752387006,-4.489638410078591,-2.299140885616357
-4.378381881021345,3.2877261162700986,-2.329305939562545,-4.502312494345219,-2.239402263958173
-4.361979710149681,3.2397651899071596,-2.323452129293577,-4.513446694962687,-2.2044034501549317
-4.339528090832348,3.2098882424130215,-2.3252505183958845,-4.527254529613235,-2.1686328121785268
-4.333699651607169,3.1991146823407544,-2.3203184573565907,-4.521218026179375,-2.1309806946091308
-4.323266405933849,3.190017689981466,-2.3311503526764135,-4.52341813780008,-2.1298143316292037
-4.322017654607339,3.188511524518195,-2.3254148684580387,-4.532472155553439,-2.123916740598909
-4.325334712033639,3.220437583338897,-2.332249854928066,-4.530758227841172,-2.124052631222641
-4.32783571326373,3.2563840626451457,-2.349225557773108,-4.531945073131201,-2.1376073811371405
-4.330038981426701,3.303290142413714,-2.3601698043901105,-4.5310210790082435,-2.160482736858266
-4.331766622251024,3.362094041178204,-2.3739151820991413,-4.509069045295015,-2.177487156179977
-4.351193891378152,3.4493858594763185,-2.3945735961862256,-4.488009590193045,-2.211354507835127
-4.363588702154229,3.5039952435097876,-2.408271438667578,-4.482708096415256,-2.2539711696420777
-4.388128987964975,3.589990954215031,-2.430426062248361,-4.4780106657711745,-2.3073605841744342
-4.401192733453245,3.6777842620838466,-2.455962758776284,-4.447507938542766,-2.3574983480014664
-4.420785743712398,3.7748286554615023,-2.4867320940958044,-4.435012792568986,-2.414149432303329
-4.444236715813148,3.8664892656055883,-2.494331423163345,-4.414675125579738,-2.4753450047099035
-4.461563577176848,3.9673348081637525,-2.5357514791434106,-4.401806317083026,-2.5320896786488554
-4.472137692619134,4.065956058542907,-2.554554397515358,-4.376009373151448,-2.599076401552644
-4.489018079071494,4.169944444883721,-2.5925443430747617,-4.355746327657896,-2.6686832393244995
-4.498299523262623,4.268153976532859,-2.62351896296056,-4.33804255277872,-2.716670989776459
-4.5032001890387585,4.370536332984623,-2.6479272066440918,-4.326564633408368,-2.784506435424423
-4.511592380362284,4.465147322550673,-2.685495412577992,-4.31557473505066,-2.831659724445151
-4.526680911316355,4.558521779823928,-2.7161397542454995,-4.2990865243806775,-2.874216607451249
-4.532951064057502,4.650837821864225,-2.7411587155311796,-4.293952498439038,-2.9276645110818103
-4.526554844697902,4.729175109658924,-2.7729180362894943,-4.287128008538592,-2.971745327088956
-4.527479381484657,4.820163194718731,-2.8100609710909277,-4.28146012629268,-3.0034077071706733
-4.517757367328349,4.881167505652344,-2.8356803326896984,-4.28054313399551,-3.042018145136626
-4.519104480726992,4.9431231786709935,-2.8604482280459314,-4.28017988791248,-3.0659642179498605
-4.511798860572195,5.0143542615422545,-2.8814204135840225,-4.282002692923894,-3.092180762316807
-4.518535165773001,5.063030269893352,-2.9152695950642245,-4.291369794782433,-3.1214378075604188
-4.515150460345581,5.103177618446152,-2.9320486471507783,-4.295639567396072,-3.14538884176042
-4.503011983931243,5.159920495757249,-2.95160768720391,-4.298201200759966,-3.151642575604009
-4.51170500655333,5.182749758472595,-2.9706489154845213,-4.302560264540159,-3.16757967697309
-4.497514864547765,5.207687786574869,-2.9953520500872943,-4.311172413228915,-3.1864977165948876
-4.496944051832545,5.222129665205548,-3.006793946964953,-4.317883608187893,-3.189715858305162
-4.499048754686151,5.2568058370144435,-3.011964600349177,-4.315989022104707,-3.203596602158858
-4.49757336301462,5.271200144306903,-3.014424765921956,-4.322440212910193,-3.1944308672596513
-4.493142886629595,5.2679581448315345,-3.024446852059529,-4.326825949319153,-3.2010530549123386
-4.495537914769925,5.272197261871781,-3.0195148606517948,-4.318386157425575,-3.209743894823405
-4.509988756791657,5.2654459493290435,-3.012448265051129,-4.310788026227577,-3.19429205043486
-4.512156405185065,5.247184654926162,-3.005827828920735,-4.30419553480927,-3.215321172380318
-4.51900642541209,5.226318649964988,-2.9962965924743474,-4.310998683321632,-3.210823190244848
-4.515980839628782,5.185537445380795,-2.98851614348117,-4.304833400850461,-3.2066186037176436
-4.533815997618299,5.159180231156381,-2.958862069140494,-4.305673820068284,-3.196805283275484
-4.553524033281771,5.102545204581271,-2.9357977666419277,-4.300654241190108,-3.1761574553483944
-4.548495080385401,5.038078277730206,-2.898807949356309,-4.2950603436034065,-3.165797183281816
-4.568115207633382,4.959449212512845,-2.869204104307506,-4.292761196182782,-3.1443897057534294
-4.578274407663837,4.860941077112995,-2.835743366727238,-4.298692240737968,-3.1064686864157482
-4.588627493947336,4.77087152550841,-2.7881120833103314,-4.308190354365365,-3.065568751567616
-4.599203667842351,4.651877328361038,-2.7603866852302636,-4.3116520681823385,-3.0354354316967194
-4.603130288389129,4.5131394624790415,-2.7039765846389643,-4.329660682947676,-2.962533244929897
-4.600045543502813,4.360813204265664,-2.652730128092041,-4.340285015516963,-2.899062447198958
-4.58745119133735,4.2021733717288,-2.5933284449603438,-4.366482040101014,-2.8215571928103054
-4.560734932096996,4.006321871442261,-2.5412746921852776,-4.4054773935808464,-2.7292628343354006
-4.530206277250605,3.8280406216650054,-2.494614825146717,-4.431612956806639,-2.626446437703267
-4.5030550360078285,3.6239260160160813,-2.4344925956149384,-4.4699308967077656,-2.514249112140279
-4.4527082571777505,3.4158589473883034,-2.355323806192206,-4.506886361132284,-2.3974755748143
-4.3922496145613765,3.218456489936833,-2.3007427150325443,-4.539116818917279,-2.2792349628233923
-4.339453680512847,3.0258269683370442,-2.253834907272906,-4.556541308064694,-2.1529743202448297
-4.276155660015356,2.845932571856416,-2.1938881103347336,-4.593744399876442,-2.0464784713808393
-4.218481498059352,2.675585498228456,-2.136194895070783,-4.615834812835969,-1.9382001271286935
-4.161180986043865,2.533678440976591,-2.1036803455546447,-4.650304977938475,-1.8391421397451746
-4.103944644456038,2.404894866212625,-2.0630642256595335,-4.66735331019341,-1.7499843345636164
-4.055842654452126,2.284543610608606,-2.0250564246017095,-4.69506987810472,-1.657785518067629
-4.002818195358347,2.2031638357779917,-2.0092252852176484,-4.716001873413358,-1.6016642287097975
-3.96042348004777,2.1405819065358362,-1.9893001877924232,-4.731927935360781,-1.5479395453668998
-3.9389626649159903,2.086580148996535,-1.9802828908289036,-4.748302599287624,-1.4975493580210841
-3.9208902939733554,2.0738701736364793,-1.9786162382121308,-4.7536231172302434,-1.454194510223729
-3.9044534782840543,2.072380906303582,-1.9701321026445053,-4.769340989605133,-1.4183063897565347
-3.8929030974045755,2.093477225977515,-1.9927328341237152,-4.784876549473785,-1.3986853842204634
-3.9023252633141907,2.1453761879396236,-2.0242683629577534,-4.77757830644283,-1.3999346746953516
-3.907647762988391,2.19868658747709,-2.0470823790550368,-4.798598628043179,-1.4038521223347087
-3.9400452021636845,2.2582766943725967,-2.0742285996762444,-4.787487821437775,-1.412537107733078
-3.9670428764992094,2.3269626374565746,-2.0885783786019325,-4.770616972129708,-1.4366596914212626
-3.98115893625868,2.4167000437276553,-2.1344786829027527,-4.751472137988476,-1.4774924396758191
-4.041473952529016,2.5248646962292765,-2.166171277917224,-4.7346864181668575,-1.537143218211316
-4.0729639369583985,2.6457347964226776,-2.1951675828234087,-4.717771258030916,-1.599340701447818
-4.114718874881773,2.7774909994997716,-2.2357862314351498,-4.684892707673865,-1.6586364553551054
-4.161865659832489,2.9109106453801212,-2.2819258864426493,-4.6479971221146545,-1.7465346635856052
-4.197221873559401,3.063303736589193,-2.3108219831204924,-4.613241325488581,-1.8507174963212827
-4.233149296778513,3.232056222320311,-2.349087641647951,-4.581434360007635,-1.9419145688364148
-4.28567992004444,3.37463659112084,-2.4003143048904305,-4.543355200470799,-2.046903349561971
-4.328741397392971,3.5480941165332203,-2.444362576389133,-4.514419304238675,-2.1579239364178022
-4.369842131828046,3.713439673531622,-2.4861588145535554,-4.480591052621639,-2.2679605642470024
-4.3963682812505365,3.883152553931916,-2.517181863070572,-4.439916763538719,-2.379275794115223
-4.436797494524061,4.033435003359948,-2.5745139999333344,-4.420234385638567,-2.4872028543748823
-4.4564105748801826,4.18621854791696,-2.609443286114344,-4.384020835577969,-2.600429931994635
-4.472841095468649,4.334770022571347,-2.642438622038914,-4.357237590822617,-2.692537866192909
-4.478485013679045,4.471451220988326,-2.68943924216079,-4.319375020792987,-2.769207269235027
-4.489454928767826,4.585665486545436,-2.722467187588425,-4.309421112021314,-2.8501446491467073
-4.500814140903583,4.707427214591457,-2.78057803498315,-4.294227158744056,-2.922012723188666
-4.507767391323976,4.825445239124507,-2.819271331968226,-4.293102523306273,-2.983352475215819
-4.492796133815081,4.9131234433035385,-2.8608743307060025,-4.293830592056515,-3.021076175397062
-4.499237181840632,5.008804359857989,-2.896594159627897,-4.293398529928711,-3.067379434762492
-4.491547737164346,5.0945600398404975,-2.9318103828729596,-4.301391779603683,-3.1045275993183234
-4.486363711255435,5.159074733508604,-2.97049557906427,-4.297693737653844,-3.1289424179335397
-4.486288251964628,5.2264474462687325,-3.0049611201056865,-4.317643729004643,-3.1604085302320697
-4.467530672352129,5.280565956558691,-3.0221421287979875,-4.321772710780724,-3.16864558567052
-4.471305519136802,5.328905869023889,-3.056435415816875,-4.340822789192213,-3.19119721729992
-4.4663626513448484,5.35602139759235,-3.078421344882033,-4.335829632242428,-3.2114890848719853
-4.465856845631389,5.392399454733646,-3.0864012407415617,-4.346251130689357,-3.2239352392518015
-4.448020134185173,5.420463189925026,-3.1084136974755716,-4.35725226871566,-3.229027187142606
-4.4611717470425285,5.420872583751641,-3.114320715192375,-4.359950639664932,-3.2377948825551477
-4.461095117968298,5.445148773003113,-3.1096705922328347,-4.3648899761696205,-3.2351033849585775
-4.460231145725164,5.435531742868811,-3.120026548018017,-4.366556411466467,-3.235187394643599
-4.466553896393934,5.43177934293029,-3.1147096557838734,-4.36423059893344,-3.2373973420900213
-4.461827796003504,5.418021634848917,-3.1104604954023998,-4.348646585750624,-3.231439281324504
-4.479990258798268,5.387309973004839,-3.0905659780575356,-4.342232215436391,-3.232999127934122
-4.500788104305588,5.356204829179727,-3.059287907934001,-4.336723166485148,-3.230589426803897
-4.507029310094548,5.289369959036952,-3.0401815744441976,-4.329062917419673,-3.2260086430060535
-4.524765888547789,5.229886336522504,-2.998865223810802,-4.335403489903513,-3.2183998936292197
-4.548511359165443,5.146102530821104,-2.9667727916591913,-4.333582268196401,-3.1886418271945236
-4.561057614838952,5.01917288661966,-2.9212957319807185,-4.3180196546581024,-3.169774324494719
-4.579241194035984,4.8827585265341185,-2.8517053997614834,-4.308839881750371,-3.1199041552416467
-4.60664438097508,4.717360364056652,-2.78670026921116,-4.316933373244533,-3.062419639065634
-4.603729410286661,4.49355881658926,-2.698109847408212,-4.347159938534669,-2.9722944806084226
-4.603676842626605,4.2456905391073105,-2.6217711488775466,-4.382634285570428,-2.8640248752932216
-4.578327476652907,3.9390687967075473,-2.520554647701623,-4.431855573363066,-2.7219609325369127
-4.531864014370669,3.6061639391240856,-2.4280967375006868,-4.481136282375486,-2.5638725844276844
-4.431534994441674,3.2422225746211604,-2.3112832977621096,-4.551067941207277,-2.3718364377623846
-4.331021400143845,2.856089423887313,-2.163121007429043,-4.605087158610226,-2.167830026097398
-4.199598296582018,2.4774595791809744,-2.019795581732576,-4.653436685639209,-1.9752241706734883
-4.055148942033708,2.100095371418113,-1.8605182918071155,-4.699405872575328,-1.7832565181323328
-3.9066556449009244,1.7656401223216833,-1.7234029457432423,-4.730268055390833,-1.6369413524020529
-3.760643806325237,1.4641775628312137,-1.5574800195968599,-4.757537270838816,-1.5190800210825213
-3.613130401435746,1.1984971818597334,-1.420090907425957,-4.797797481679367,-1.390613860952436
-3.4728531197553654,0.973198552640355,-1.300705104358193,-4.849283749213247,-1.301512024327227
-3.3507780520570276,0.8213561175917069,-1.1870202107476382,-4.920168668930991,-1.2348737724160046
-3.251554364636079,0.6828927111860805,-1.0894611911342493,-4.958204109828951,-1.210266005890406
-3.166535532292588,0.5841312647596121,-0.9983924131554072,-5.008370391253623,-1.212185914661356
-3.1159115815493093,0.5144813997358647,-0.9240924004077542,-5.034940758945781,-1.198699599968986
-3.069249127282392,0.4446232317198263,-0.839294119901621,-5.078084485396182,-1.2051740173032361
-3.0492271900974792,0.4048159767244586,-0.8122564597135403,-5.117854839050619,-1.2073099809829675
-3.0255545600712748,0.35704944053398024,-0.7572439968293176,-5.156398683193769,-1.1921943609881298
-3.0252425141611523,0.37450653967214953,-0.7198221803160442,-5.198147865295307,-1.1777573559072898
-3.0412389201833383,0.37984039946823583,-0.6655917424103284,-5.211325528882943,-1.174571398506569
-3.0488693594318454,0.37833639979126304,-0.6315913415242626,-5.2413127632980085,-1.1635790291961086
-3.0660450415222806,0.3871731728482692,-0.643867671490876,-5.280324913704219,-1.1530744602547993
-3.08713024736674,0.4064972734251219,-0.6490610700798782,-5.304143510952456,-1.1302510521643845
-3.1174770225282034,0.4471585179091351,-0.6469928023101205,-5.311893584819662,-1.1212434758617
-3.1460225297830027,0.500830426893193,-0.6752746504844326,-5.330803113783435,-1.0816255855217536
-3.1561924512258783,0.5457875915761011,-0.6971843134024899,-5.348266315675706,-1.040246245489837
-3.1681266787913818,0.6130306850562339,-0.7279135623034826,-5.367154201290708,-0.9998758881384847
-3.218992523369317,0.6653669502588047,-0.7832240636116672,-5.402120964058072,-0.9618541242619661
-3.279061003417431,0.7482213317675125,-0.8497769496622345,-5.415628432991929,-0.9235287174368296
-3.3074777083913394,0.8477614838101539,-0.927517687105699,-5.433215898366573,-0.9044463928622789
-3.3689615658255585,0.9222434457169554,-0.9986002315064805,-5.424302924042437,-0.8740607211144736
-3.3965383671675653,1.0264306036577313,-1.0745466456098236,-5.4183882848268095,-0.848076731897976
-3.4696134596385138,1.1258238531043776,-1.1578887898625971,-5.393813956724649,-0.8452426839214917
-3.529067500440569,1.2618155505409003,-1.2699851541475489,-5.360475152024575,-0.8379262645006376
-3.5885585327003247,1.4012755249780924,-1.3863443446255703,-5.3213432197032375,-0.8551769828562807
-3.6600430924205556,1.5457165025767268,-1.5014613412165712,-5.275438075597793,-0.87824906562237
-3.746105033010305,1.712568480540574,-1.6179386995607057,-5.198979759260996,-0.9186288351473484
-3.806173550265779,1.9044376312457327,-1.7457875622780799,-5.131041201925947,-0.9716332244330982
-3.8530673749744278,2.098845252317249,-1.862067349984143,-5.061316431896445,-1.0688768978677123
-3.9452193434353418,2.3141192184140453,-1.9678800927509026,-4.998008072452135,-1.175962068683079
-4.034348496216684,2.538452384805152,-2.0752682756081993,-4.923048267279703,-1.3127449463336849
-4.098538636817142,2.7798513537252685,-2.16360650244813,-4.835885039692918,-1.4813667386634974
-4.172649790253579,3.030224862158635,-2.250989383322144,-4.757459025592837,-1.6483300066876636
-4.243305154293043,3.283059370010478,-2.333515621392677,-4.6736218953175666,-1.8219947827479723
-4.303057562415114,3.5401205124788846,-2.4126485822474675,-4.597348425650814,-2.017843712591803
-4.364256978277782,3.786485476540929,-2.4817507032543045,-4.533636702454586,-2.201942344249161
-4.404778445187036,4.017762558334961,-2.548893967278988,-4.4719041784702185,-2.361251595240476
-4.429370010687114,4.235841874799191,-2.6261061289867027,-4.422919578678011,-2.5228876461288974
-4.44762688389272,4.426886022016398,-2.675890950201586,-4.381252174461524,-2.6610006297768467
-4.467778478089864,4.617332517837104,-2.7406123243090623,-4.365651324527228,-2.7894190676863286
-4.475952447358668,4.773654265681402,-2.800110301389603,-4.336838403493087,-2.877690142717189
-4.4731893820232385,4.9189747361152625,-2.857212636182492,-4.320538021181319,-2.9656330909053485
-4.471049812025309,5.043270885216798,-2.9183980351371672,-4.322230391194412,-3.036428532601515
-4.466424073696771,5.161283630010268,-2.9759375033819975,-4.340278251766886,-3.1022838842749927
-4.454077362001367,5.248540450184991,-3.022626811856581,-4.344803705797558,-3.129093644184787
-4.448777367605453,5.338611761850303,-3.0703766040773712,-4.362357542563952,-3.1709631105729934
-4.4334824240524116,5.415288496369714,-3.1078457097598635,-4.3836174919089705,-3.184889836751999
-4.428862738667474,5.469211736260431,-3.158219763647435,-4.392168245564537,-3.2072640639017735
-4.421295291829624,5.519938766921858,-3.191873193492401,-4.405334123868767,-3.219827500898483
-4.413855411478114,5.5639564643318975,-3.2118504204570906,-4.420088755764023,-3.236223325960323
-4.413181530032529,5.587173780144336,-3.2308281946798547,-4.437374026061198,-3.2467907349750393
-4.405837242308847,5.618105413700587,-3.2378830773058076,-4.435373642896429,-3.2600980734085288
-4.420920498464278,5.632972420605222,-3.264369731142551,-4.44935144899786,-3.2489602265848876
-4.410946151922479,5.625340703759133,-3.2544702207740754,-4.446226272459712,-3.252753499026819
-4.4010332477452545,5.6175922675791545,-3.2570357362279734,-4.44645010570313,-3.2597333909341453
-4.41496254855471,5.612354528497447,-3.2495864836647277,-4.435648531196818,-3.2594151051082387
-4.427580836527635,5.582671216732601,-3.224686306307618,-4.423350968071466,-3.263723646746438
-4.43362361680873,5.537339588461139,-3.186256517596792,-4.406282467757377,-3.2679404263297203
-4.468870808459225,5.469870584631543,-3.146085157843674,-4.397393805789692,-3.255351416408769
-4.50643854955367,5.373567991247365,-3.088654968541036,-4.361518184151613,-3.245954092196877
-4.535900368561933,5.22356545985022,-3.01732699511832,-4.3515883480793995,-3.2185559609784136
-4.570620987983841,5.02291068507047,-2.922552110737576,-4.34934030384366,-3.1667243435208463
-4.605948638310539,4.7269957886562235,-2.816227376156458,-4.372526388201294,-3.0694664731823322
-4.611818874772899,4.3002021700399595,-2.664728922699718,-4.430748061579728,-2.9135812567957844
-4.553768976032114,3.7130109273274208,-2.4504695061080755,-4.515429136981338,-2.670070796656617
-4.39779306990652,3.0034501753957796,-2.1504478832633764,-4.599840936263719,-2.3874715381986706
-4.170421158436073,2.222589496211729,-1.785169680790192,-4.6459788445782415,-2.101808894764387
-3.873823469791751,1.440026137625337,-1.3594323541099478,-4.706376354952768,-1.8781013751234943
-3.548542805985416,0.6629634449479709,-0.9254531805875799,-4.740658017908438,-1.7808983880655072
-3.3254284712627555,-0.08940734372655834,-0.4577856631059427,-4.692804797244893,-1.905476335383586
-3.1192262929330554,-0.8147605867865417,-0.020809865216915555,-4.458329545362145,-2.1963475210557237
-2.8662602196410307,-1.5200437460668108,0.35799957561402973,-3.9632059540780262,-2.552973956857856
-2.4802284147712577,-2.1250654080752978,0.645127118445961,-3.1552350440968175,-2.8672191640224036
-2.0247960259871687,-2.5674111021557438,0.8512846297062865,-2.049143643690661,-2.9562883122898733
-1.4791401329997125,-2.8722356497919455,0.9551871592749317,-0.7904874935093487,-2.953255639647418
-0.9142296762857055,-3.0890675154422005,0.9881689867637755,0.39486564121912354,-2.913801209200937
-0.3612834053966274,-3.2183842950790407,1.0133428952571029,1.396797527337225,-2.9108050565934227
0.16963834476252468,-3.3396464123619167,1.0660800944153987,2.147934165461654,-2.904067932293309
0.6453999057972353,-3.4660100663011293,1.144984981977772,2.7084561196889148,-2.8952719012093584
1.1405029886416524,-3.6197086933877367,1.2604404744789388,3.08409509766574,-2.843680576330784
1.5961268610624935,-3.7622779764899947,1.4036162080425507,3.308815316129221,-2.759904855371808
2.0135292137864886,-3.9281577551603357,1.5624706714260206,3.4201462346919054,-2.6376369216363593
2.4369172011599347,-4.08770267816846,1.718011979298477,3.4551185043021384,-2.441175842901475
2.80542985656068,-4.233101788089655,1.854999220693462,3.464658303879159,-2.266597793241945
3.139668659692338,-4.365569682481262,1.988116962825505,3.422576005453564,-2.0645720891273194
3.4310145067308646,-4.501200484958343,2.1018670663491315,3.4040758587211672,-1.862987588584564
3.679426954499041,-4.6503167863918895,2.1989447918793306,3.3422533425537533,-1.642261644865563
3.9039008897475997,-4.777867643982594,2.2988549693218525,3.2851324646154936,-1.4435550097863639
4.100364905253994,-4.901087676107463,2.3561711516184616,3.2428185251799224,-1.2211973489683652
4.261646319962516,-5.025077923524229,2.4200346959141874,3.2008536758473682,-1.019125164610134
4.397229525512207,-5.114066019422044,2.4660056222407762,3.16657380969876,-0.813744360360766
4.516016748640602,-5.21166166933762,2.5160830383897532,3.1250763390103717,-0.5992805505359996
4.634028828530862,-5.284242833599354,2.550112286914979,3.103103788153959,-0.4125584788903961
4.714593958409656,-5.367069385706597,2.5760900552601367,3.0838095203303038,-0.20387351601863338
4.796474186143608,-5.4291968265739285,2.5843850039630376,3.050538441829904,-0.00021564769723412408
4.859624423043483,-5.468606707751491,2.590303937607801,3.040417027341525,0.1891557166636175
4.920897931850219,-5.500340239596806,2.606473772013582,3.0252976911655725,0.388340315899287
4.956947532382286,-5.52049492560113,2.598219679100822,3.014303005009088,0.5738789666174624
4.991872672078498,-5.52094008502908,2.599587277030474,3.0085037533259085,0.7635835117759112
5.011654849289475,-5.522252738855948,2.593934048016029,3.00990473239946,0.9416899243304698
5.02245977205433,-5.524504369403982,2.5957646823394356,3.007594785529007,1.1213004281796972
5.017968451731089,-5.521058488752085,2.5740813703326855,3.0059750936302083,1.2889710738239453
4.996273331564384,-5.513555153939195,2.573442845476461,3.02035053222315,1.4542748262351668
4.976780536748034,-5.506438189121486,2.5434016114739886,3.0230223779209973,1.606197313919103
4.956387717882948,-5.494558652876189,2.533704375130819,3.030449621919589,1.7413608040057644
4.930330389361044,-5.491078359496821,2.51268168303845,3.0561848945275627,1.870838079997505
4.916150062036151,-5.468448889797747,2.50775814565826,3.0737868677832347,1.9937887077991696
4.880722409719188,-5.4731677779807075,2.482388174563126,3.0921450054793933,2.09095835678607
4.855626677958533,-5.473532264942621,2.4640245335653184,3.1116332713662924,2.2002235667753984
4.832007985537467,-5.478843692028433,2.472816142575563,3.1474607290205787,2.2861102425415734
4.813819460051254,-5.456379670721689,2.460887403656356,3.1610523593044344,2.368920766495358
4.800104694902142,-5.448507324173936,2.459199986126541,3.183034912814344,2.4451808409787175
4.787827521940082,-5.44424456023007,2.4370009637173724,3.213040832924283,2.481875181254002
4.774416028671294,-5.45328384520073,2.4372134750648806,3.221963636739153,2.544333040492412
4.7620167346054885,-5.456271950987735,2.4315135688603595,3.2373953799599064,2.5829619965537933
4.756731939381382,-5.455685592105606,2.4227304242509544,3.2554779357921615,2.6160549677303275
4.752411068486296,-5.448677390506182,2.423288503732962,3.2679650384063264,2.6370795446852804
4.746401568333381,-5.455391127093058,2.4253852590035847,3.2755065278305064,2.648022970564057
4.745662667709734,-5.450038707731861,2.42004093464475,3.273492820068041,2.666653889105871
4.7565052349037344,-5.454392383366986,2.4209434966745422,3.2730253450460554,2.66028587999648
4.744375428522829,-5.44482066947874,2.4153581701369724,3.2656424017854686,2.6549119148294533
4.749887983986498,-5.451927121005944,2.418758650756743,3.2515800936599817,2.6262114064741326
4.760891171673891,-5.440719474187735,2.4090080060705517,3.239641781209581,2.606068710282655
4.780654325216177,-5.439994374499623,2.403497462107081,3.2106920457835733,2.5630850606762197
4.795126927390929,-5.429086923832248,2.4157339576909043,3.1810271608448866,2.5187074893301125
4.828707426068074,-5.415449960691255,2.415632883457778,3.150652946885818,2.448539744273865
4.852137566266684,-5.397680160126318,2.4177256633241524,3.1107959991382335,2.360409121241897
4.8890146236079355,-5.388640230436383,2.412009471428328,3.078116878002966,2.2530227277449417
4.9427904532414635,-5.3638926940727085,2.4173488372445733,3.033010883259607,2.1076297367351535
4.983332270701452,-5.324915212568126,2.403903248977973,3.0130199700032323,1.9537472779370675
5.036531332675857,-5.296860726784727,2.3891995570117412,2.9764550408880712,1.758561305481505
5.047474782468299,-5.2454036642230015,2.360968389989304,2.982355183728607,1.5079363004036057
5.038709518833857,-5.178207881735552,2.320518827975146,2.985180291646766,1.2124324293379765
5.027219444503685,-5.070700260744826,2.2756697685642338,3.0008184839002308,0.8626347640747191
4.931554135352266,-4.944584218304621,2.221280806232365,3.0469202334283825,0.4698141582112102
4.811503047431823,-4.732394886561186,2.135936803087939,3.122093984033771,0.036114285570547
4.660648076589984,-4.461554532769398,2.0254126021478775,3.201306396956072,-0.3985784650395814
4.489848923940087,-4.142742561885839,1.8709860610013087,3.3288092625129435,-0.7940946449794354
4.264832418589859,-3.759554109187827,1.6599296886576576,3.4351092930587432,-1.1261199148065837
4.032495115217571,-3.396288256421307,1.43783882065724,3.5645945719381746,-1.3662946826260904
3.7954428916049263,-3.052904872915707,1.1731642179026238,3.705701814004221,-1.5429773528003334
3.55248702939348,-2.731402560974294,0.9101244939607581,3.8279203953278476,-1.6178527130007627
3.2967043899740833,-2.471521834039066,0.6717199860827923,3.8952724460911665,-1.6077491895206901
3.048517706522559,-2.247054859722878,0.44314722265614587,3.930654918797527,-1.5589296141518294
2.783821310816777,-2.040276545652562,0.23314073090736306,3.96173420123638,-1.477186979981269
2.511331159867024,-1.9002168497057033,0.0678426349958928,3.952792736848345,-1.4071665878633546
2.1864235960855445,-1.7813988323663297,-0.12287930184844684,3.9266836804035896,-1.3144347574512365
1.878391450595427,-1.6652767954606498,-0.23500804945516693,3.8867025069647694,-1.2306910297937612
1.5785112665348033,-1.5923220469778332,-0.3488068106272307,3.8392619867975064,-1.1248609843226671
1.2446941923035932,-1.5277413995390785,-0.4064934161364164,3.756867834778277,-1.0235187025741772
0.9234872325904228,-1.5014460075601077,-0.44106549120187144,3.7073115337263594,-0.9293412702323302
0.6250594608900215,-1.502478801239043,-0.41939044994398506,3.6090080195532925,-0.8759481259257725
0.3256748167690745,-1.5324754641083258,-0.3952469477987724,3.535482468640722,-0.8047055270182141
0.07527195303321314,-1.6050379127845251,-0.2952206592407018,3.4588123079953,-0.7789287956929613
-0.14765847227489967,-1.670027667898173,-0.20156763416019624,3.3470718080640114,-0.7544483553425985
-0.3703667780616394,-1.7587425600199604,-0.056707143632298444,3.2694127069609094,-0.7978726596150983
-0.5420165779705745,-1.8954002105554402,0.1018225579201733,3.1555345992433743,-0.8313538484609029
-0.6874016856062541,-2.0205318514314436,0.2663058076604504,3.04810260111718,-0.8951136997808661
-0.7994365489176583,-2.1508094877280417,0.43368446088374546,2.972151108958126,-0.9612369145343723
-0.8961160762005111,-2.3014004530719543,0.5718845210234698,2.8620818885668964,-1.0537473351440345
-0.9584570504909943,-2.4289356745680184,0.7233947281204981,2.7866512464543587,-1.1426376241839842
-0.9975465845372934,-2.541174454573555,0.8794909031846122,2.7469201827788132,-1.248040647400346
-1.038421642489347,-2.62643883247523,1.0027412862113803,2.6737345497701224,-1.3243705057732085
-1.0290695796129026,-2.7499026591731743,1.1212630708542293,2.673115161612872,-1.396479593721683
-1.0251167289254786,-2.843189914318673,1.2181155305762559,2.680800129709236,-1.4779252409833001
-1.0051384132316916,-2.930973398173516,1.3223000824480307,2.735674030463288,-1.5478038155232745
-0.97613678718339,-3.0177759247462186,1.4105145639572325,2.7675478638011213,-1.605736390890641
-0.9220935109281029,-3.1035170164200245,1.4816543349892384,2.8338527467476373,-1.6636290276053893
-0.8588892758222695,-3.195916121415984,1.5750679629952056,2.928959286362867,-1.7090308995485564
-0.7684941751082717,-3.2822544392607007,1.6352351050168166,3.0230541700460245,-1.7651729634720044
-0.6845831321633065,-3.3589648484316568,1.6753490567593696,3.1260764616140517,-1.8124526201426345
-0.5585522637837861,-3.4231364423926705,1.7466089469447,3.2538594856075203,-1.8830208859364284
-0.4322005707783482,-3.5139574974019525,1.8092686849044934,3.4123765883805146,-1.952478039410244
-0.28060124733590613,-3.5917858877512234,1.8540526245521016,3.546283909938024,-2.043474854099487
-0.07977968960411776,-3.6776863281894756,1.8915425017565082,3.682019930338675,-2.1347524422877813
0.10902375530909142,-3.747499609217536,1.9070998347532298,3.8076979991214146,-2.250567820013589
0.33028326236478517,-3.8330463784828224,1.9448705040753629,3.9051445894752552,-2.3522786201825587
0.57061858262333,-3.9261475199385703,1.9534400566858627,4.015192871609085,-2.45321171774388
0.8390731821821128,-4.016406962582393,1.9355568255567774,4.0900472426205985,-2.5228070725724057
1.1356630863478892,-4.130423043537102,1.9683261830759893,4.133319932289371,-2.569814509626067
1.4657577345725978,-4.235967953728452,1.9866812391414859,4.124372300271085,-2.591578546473918
1.8184568923555655,-4.366356483440145,2.03058990811553,4.083038861648836,-2.5281008039891524
2.1803268483345666,-4.487800325327946,2.0700815094344462,4.006453778893993,-2.4019674089665166
2.546851221319431,-4.639366648488866,2.1472050708979116,3.9011589123820927,-2.238583308589888
2.911897351108747,-4.748181291310528,2.2205880674751812,3.793050833480538,-2.0490434346138557
3.2749743437134216,-4.88512935732906,2.317191934488352,3.6497831274302537,-1.8082001062953192
3.6037559924732148,-5.022331433085455,2.4088999314049397,3.532066362098936,-1.5528611327101707
3.8898988123977256,-5.154420587893227,2.497501796339003,3.4225215640199083,-1.2540499458956225
4.153383224764031,-5.3003569816670675,2.57127797402398,3.32088529644336,-0.9324841475199211
4.362687875878178,-5.40136198104766,2.6304917283777733,3.246708944942841,-0.6300873664751788
4.538721707896907,-5.490660742609385,2.6631248117121924,3.1839506984597095,-0.301930527287822
4.6746210506536645,-5.5445566332461205,2.677168122140492,3.137265716025966,0.012981746960364129
4.7829293552038505,-5.58884679017734,2.6947876380433033,3.08993296534903,0.30731571834443056
4.852043075285298,-5.607958121575718,2.68959240366332,3.084956946343886,0.612364630053115
4.884264249598883,-5.610187311583275,2.6769305122289198,3.06588175942722,0.8938258187131934
4.90742806477067,-5.600892086008606,2.6650173151415038,3.0617514280022147,1.161813880541901
4.90978171666346,-5.593315799987644,2.642900350093563,3.069553650668244,1.4151346582095081
4.889886896602986,-5.571943448492152,2.607080689493067,3.0892622199609563,1.6520637951618553
4.862404689147081,-5.563913000524647,2.5762908614162257,3.1148952356708404,1.8623184414785472
4.838987117203665,-5.544695830816928,2.543152729635086,3.137697185489727,2.047681172070389
4.821548492012601,-5.517286823713372,2.5155359351357105,3.1820138083081098,2.2093048276529452
4.791259023255447,-5.510944042341214,2.500907135488507,3.2400184592421906,2.351177830735473
4.763872680620598,-5.5111795622627096,2.5072271486401334,3.2775399504702847,2.4660258235338395
4.739792776716704,-5.512279458035124,2.490937411362608,3.3191256277968235,2.565105964941684
4.710887395466839,-5.505275493702731,2.495436287708135,3.3793053253532626,2.643987644425819
4.69140219791065,-5.507187175298923,2.517272324827889,3.424357228946536,2.706578108984386
4.672949866997067,-5.523425075028905,2.5131324339336296,3.476422896933146,2.755525054599842
4.662330393793134,-5.527047829414822,2.5498089921619,3.5201879740208044,2.792777696537055
4.657833483167699,-5.53408416315409,2.5427542457523638,3.5478784692676584,2.824705128654628
4.646047968508402,-5.542569219510458,2.5658171608456914,3.5718697753677153,2.8439408779002524
4.6348259440949215,-5.552638404201327,2.5669248148184627,3.5769016378561855,2.847543388903608
4.647608523019045,-5.554129953933139,2.5579865016676164,3.5804239689880983,2.8417282383727707
4.651496529537609,-5.535851074541925,2.5354487310603795,3.540229462765379,2.841278083953752
4.666682664361769,-5.52647554398561,2.5182000999262892,3.498258035943848,2.813502720509137
4.686119410613997,-5.513166791581202,2.4851084324633748,3.4409825669033767,2.786949852826089
4.707498981088189,-5.499548843283729,2.473557689189561,3.3711919644175388,2.731767572504677
4.748341092179827,-5.4733191935403385,2.4578484327785817,3.302887964851107,2.62910195427631
4.810767410165037,-5.451329804520723,2.4476131951453914,3.221115621432122,2.4934320551172178
4.886360327463666,-5.404993366765181,2.429824787430179,3.1412603711960174,2.2619137440399997
4.976430461201171,-5.31267515931521,2.409528796928881,3.0824855984828585,1.936202909826166
4.98759339485067,-5.083752433850455,2.2989127009825814,3.0889582661644748,1.424070319397521
4.835789622238817,-4.590651741275175,2.081011409825881,3.1934044573055496,0.6289115514869936
4.528969068072627,-3.666887950406607,1.5764390574664724,3.3791781522957414,-0.15274693698694022
3.9906764959822834,-2.508483105110448,0.7510605101843932,3.3951283713013156,-0.6079573035675808
3.0896674129319477,-1.4062446060091087,-0.09758384420551203,2.9762467093488976,-0.5496679436243537
1.8439003308685102,-0.675825293674477,-0.5260006859253503,1.8736978587897024,-0.29851956006088454
0.43314143842378383,-0.12007729063090773,-0.5370852474122653,0.40729075166324086,-0.27718571810965503
-0.8773244967121852,0.36769996953503736,-0.5590136456148735,-1.0063810139482396,-0.4363687830414668
-1.9070832261349169,0.7715350601542516,-0.6835554943300937,-2.173994827177008,-0.6527784956973222
-2.691066738816308,1.16082987422374,-0.8952692137244458,-3.0284746112176593,-0.8362416740216285
-3.273332538504311,1.5122969000725144,-1.1376115198911871,-3.62778526562386,-1.0228593788923392
-3.6748068011988515,1.8750224888856306,-1.354567852783298,-4.018856377811234,-1.2013159967177023
-3.9467482915600787,2.1916116903688474,-1.5608637673548975,-4.251978645067931,-1.3639730620180637
-4.1356259481252735,2.484699412837341,-1.740014481362815,-4.397301994126665,-1.5256471493177892
-4.241046259604112,2.746681668422676,-1.8858776482326423,-4.470638201686801,-1.6779530216640488
-4.325017539280093,2.981460802950745,-2.0231267167367895,-4.499266120846778,-1.8263802040158192
-4.376137912029019,3.1850997268960524,-2.1283362927496023,-4.510769730868963,-1.9364732538416773
-4.407379930242744,3.368309800367088,-2.223394292091131,-4.490891653332242,-2.0730630572843824
-4.440606598009775,3.5356598527036054,-2.2950712988902073,-4.478539289988606,-2.1732723583774494
-4.45714346993027,3.6707439932359325,-2.358029948767577,-4.45751624647892,-2.2628679703001247
-4.473826244455071,3.788771702471008,-2.416317728477739,-4.43821895214462,-2.3521286675094486
-4.486330743696217,3.8915698903807177,-2.4562151196841358,-4.423482831027597,-2.43080956989405
-4.49586536859676,3.9850384113330346,-2.4998945121826286,-4.385100004847168,-2.497984501581669
-4.4909201284500915,4.074247730822768,-2.532159879371802,-4.385773101097402,-2.5677627220447627
-4.49928015904126,4.149514149091379,-2.558729833578815,-4.37000084704581,-2.634411564713561
-4.512370524707113,4.21672679119622,-2.5880117613406712,-4.344570036715191,-2.68446249063675
-4.510677360196878,4.292074514879921,-2.606687866547652,-4.324382833613979,-2.7268481958615065
-4.521552513272485,4.348509646437323,-2.621711995860416,-4.32626049828195,-2.765849387734328
-4.525912277305798,4.407984596297654,-2.6490305578607996,-4.316441011632349,-2.802772245997284
-4.5283549938215675,4.454470676305964,-2.673241696779586,-4.306194712662287,-2.8245807646366745
-4.540120384825476,4.516420787709865,-2.6887399300911206,-4.303501488821504,-2.864847517990811
-4.5399354067200735,4.540265176243136,-2.692070932565565,-4.29520970303679,-2.891034514327178
-4.542903573146732,4.587990290324325,-2.7208251201607014,-4.29070261593577,-2.9288857089143625
-4.552334707277957,4.641397168745597,-2.731286544846322,-4.279009549268609,-2.9450333222998495
-4.542447653589092,4.669737400146295,-2.752235987273783,-4.285481350886806,-2.9652948175420106
-4.540517790446073,4.713691825981994,-2.7510645605354784,-4.276393391723953,-2.9891190603622104
-4.5521993521201,4.735816944014971,-2.7785078430246997,-4.278622191717535,-3.003689393341668
-4.545196634322948,4.768251103374396,-2.789116227207345,-4.284857577009749,-3.012814067405662
-4.549071766954723,4.793919277437811,-2.7934388064956392,-4.291033014558811,-3.0219386754357402
-4.557103260005463,4.813987937991376,-2.8042934800980865,-4.2701099677130046,-3.04070595338107
-4.554897483221893,4.845647291077429,-2.823630229238736,-4.275498121744924,-3.0661353166439427
-4.552306743936395,4.856016081803708,-2.8309391461165156,-4.269760422514816,-3.0664763153803416
-4.546652538191306,4.88726576183883,-2.8256256990061286,-4.281596496808499,-3.0671175348215907
-4.55705360370939,4.880233813099752,-2.8374883571830356,-4.274791286098189,-3.081193626588409
-4.548086544385828,4.8953809339497925,-2.833243405821174,-4.26442576339475,-3.080087423897702
-4.55641107942843,4.905062854511963,-2.8372738247897575,-4.272561819993517,-3.0883991893033507
-4.557381145077415,4.890585595060741,-2.8332293495130156,-4.27105927313777,-3.085873128614091
-4.557242894421305,4.895709865547904,-2.834492077929652,-4.271782823503427,-3.09093757950219
-4.565291036500183,4.898625347936644,-2.8300465273260764,-4.269146661638679,-3.101887418308267
-4.564839778361893,4.898678600511644,-2.8277529491578823,-4.278642014198322,-3.0941837653399915
-4.556942920456284,4.887235076030811,-2.830275394223862,-4.283413809139191,-3.0830885212063137
-4.561692103199501,4.8633900104554995,-2.832231092227079,-4.278666732213473,-3.081391670810478
-4.569878683723665,4.858144994683114,-2.818043038372327,-4.298712645453317,-3.081733439223478
-4.566216924702012,4.82969257093431,-2.8126106341335775,-4.281685073170462,-3.064370993516959
-4.581050857661003,4.799065136897763,-2.799838828565354,-4.279778266368198,-3.067819916125461
-4.575955505857129,4.763786844857471,-2.7869978348219875,-4.274215728761205,-3.0480585782212746
-4.577801153916841,4.741592832726155,-2.777086726407359,-4.289859923858045,-3.047480808455143
-4.581756291195453,4.704834352216996,-2.763584586940142,-4.289288750654007,-3.031821343538364
-4.5966221481820835,4.66022812411636,-2.7558520878053683,-4.290304270195312,-3.0148346874451573
-4.585971061056165,4.63693538506702,-2.728971181995306,-4.287573206473136,-3.012411901691663
-4.578475731845185,4.590295594262776,-2.7124151821218656,-4.296467139332971,-2.9789523390391337
-4.585613675981446,4.543487293695802,-2.6988336907767847,-4.296713948762225,-2.9519389529008
-4.575327533875984,4.505194446644304,-2.6941783599430122,-4.304394585445386,-2.932449758459678
-4.574135992923368,4.461161504352031,-2.6774795979086052,-4.313409858064656,-2.907143266181311
-4.575563716245056,4.404102441593354,-2.655899910161356,-4.319534869008389,-2.892295631636827
-4.578050110514818,4.356617232623523,-2.6457652344530826,-4.328316986594791,-2.8599191575441694
-4.578482260073584,4.314693316061323,-2.630102929449388,-4.340117111532054,-2.846824340925023
-4.571324365670864,4.259741587804104,-2.6047074560275707,-4.33053283379695,-2.822720986806664
-4.569134267464002,4.2157044215956985,-2.596315807349682,-4.333487995067157,-2.7963590638042857
-4.5597426408770465,4.1870794289973965,-2.591360964061006,-4.333654715283161,-2.7653506718065954
-4.550780184206406,4.138939323362833,-2.5840453541433277,-4.3441857049054695,-2.748372425191958
-4.548139529635253,4.116478141257013,-2.566506042013683,-4.351001077133214,-2.723675240092417
-4.544026897860336,4.07763305871754,-2.5571872486725944,-4.349498564003991,-2.7120973761304787
-4.533645387593339,4.059247485073348,-2.558519194794062,-4.355803201806198,-2.676745805098244
-4.532365533782218,4.042547872367899,-2.5496548969340185,-4.368469502826555,-2.6714635009173118
-4.524993608837452,4.035607130748774,-2.5498915645441658,-4.366314998413728,-2.6626152775873164
-4.519842864402313,4.02385490032748,-2.5317986478674124,-4.36508947172707,-2.6435532480007673
-4.506629199972949,4.027216925135469,-2.5420809109898883,-4.364096724256998,-2.644883280171603
-4.512719788016911,4.031643649424563,-2.5421035679989994,-4.3707071763001375,-2.6472145758959664
-4.511661431581913,4.033043013474892,-2.5513686083056606,-4.372258222778422,-2.652309894249535
-4.521337168381665,4.045025378209461,-2.5464688597326344,-4.362106486968909,-2.6556038759552805
-4.50955037910562,4.070850226557446,-2.5408847741563636,-4.3506231942421465,-2.664736413098041
-4.512698228272666,4.11397891728171,-2.562311761325067,-4.338574440763406,-2.6742402280463313
-4.51363543090476,4.145167370539533,-2.565930149988947,-4.340097039136622,-2.6934850749980455
-4.521713232705276,4.174848703936293,-2.5869531670721804,-4.336853507760002,-2.7143467209130967
-4.5226458368518685,4.209810662947951,-2.592799759653977,-4.3369197820527114,-2.7393803303893387
-4.5263320329348105,4.261825072433049,-2.606804936643662,-4.326385524871464,-2.7640557182273597
-4.531305874560432,4.308232270494094,-2.6162634188987215,-4.299555164320664,-2.7871676600556823
-4.535137731658366,4.348891991189105,-2.6235546141106325,-4.306250948769763,-2.806543732125772
-4.535374364613292,4.398110534975616,-2.654915521268372,-4.297787763354424,-2.8381737194574126
-4.531474952359528,4.461636641581134,-2.672227246531305,-4.305952798203825,-2.8604284050820246
-4.537328998033125,4.5105540948225356,-2.692998253520768,-4.296991067383285,-2.877517468520213
-4.538958268460551,4.543136742755643,-2.713782776436555,-4.303245113568345,-2.909021744311178
-4.546002876818619,4.584252982323575,-2.721703980012575,-4.287023989101646,-2.938695134435372
-4.544657249176397,4.650624836346051,-2.735501341707231,-4.281143930867916,-2.96221556955115
-4.557265211115235,4.684117853180359,-2.7582324594304373,-4.277771735238115,-2.974625352833612
-4.543592742086502,4.734474279964112,-2.759324122496944,-4.276904622225281,-2.9989248719406576
-4.552433686198275,4.7681879154113656,-2.7763881983317344,-4.2655290406521615,-3.0138342299513305
-4.550072659512697,4.808920576582184,-2.7966338860488253,-4.263929823925342,-3.0322626862506183
-4.547171234362457,4.837778952822355,-2.815892657038346,-4.273184883492476,-3.05918644789206
-4.542186100559189,4.874396435052361,-2.825327597225457,-4.276560942628801,-3.0658390545471783
-4.536179527142406,4.9082450823332815,-2.843199968489475,-4.272350938981217,-3.082977699187306
-4.555005770265374,4.929134102740595,-2.8535434444628134,-4.273029015020961,-3.089371395554454
-4.538475918679943,4.955604377426331,-2.8593388880487165,-4.273127095383811,-3.1113601880292006
-4.531027474259745,4.9809565464427,-2.8636728644071345,-4.271132105207505,-3.105603630635161
-4.538459432809148,4.988372590178766,-2.873182423018574,-4.27464142774363,-3.116899053420298
-4.54003650339585,5.002935612205369,-2.880680204946724,-4.2832296900091835,-3.1322586636928826
-4.542034979883701,5.01138240977778,-2.891471503696225,-4.281389593294064,-3.1356480461754135
-4.53725510701999,5.017362837835375,-2.8890043275931907,-4.274573717174446,-3.134758863675577
-4.54159845748872,5.013786078584775,-2.8778787119235325,-4.283431220761162,-3.1384642666642617
-4.539660445942784,5.016242121719987,-2.8875496329352233,-4.276920129328111,-3.134407529178087
-4.544591090730114,5.004945223104906,-2.8811099844311,-4.277326395286083,-3.1380700913924566
-4.549535334374498,4.98965877705556,-2.868871018100807,-4.282748476667046,-3.1387944416757367
-4.5524254769358725,4.962880805007277,-2.866360823152078,-4.285410282318101,-3.1335445971244735
-4.558710379020956,4.955521081614283,-2.8568543841991563,-4.278639961077326,-3.12627822155223
-4.5593800285700565,4.927358432236264,-2.849051862862999,-4.28269921237478,-3.1104165422369308
-4.565855380528225,4.891514118010739,-2.8521103695101426,-4.289006869568901,-3.109421655564238
-4.568086367572708,4.844405698528136,-2.821695407554017,-4.27738547219653,-3.095177044736874
-4.581779216045966,4.812506516585804,-2.79399359560611,-4.279410741919092,-3.0731525174671597
-4.590584495263223,4.753186562880657,-2.7772657814635475,-4.288659229415351,-3.0636963056632713
-4.5931573265089245,4.705718928761489,-2.7598197941092293,-4.289810289669128,-3.0318071356570786
-4.583885592620129,4.647134683627693,-2.7425106734208113,-4.287081728006826,-3.0020454225293443
-4.5868063461826125,4.580170646189613,-2.718072418756699,-4.290861874615452,-2.9749079262090388
-4.588266163477715,4.524433440810405,-2.699241744987345,-4.309374018644366,-2.954568552384715
-4.586307655267744,4.457660917654304,-2.6731994138011794,-4.315758948235347,-2.912378161302327
-4.589424046389339,4.381742016420652,-2.652758749821429,-4.330629260114048,-2.880022289635923
-4.584461253467446,4.301425119346718,-2.6264683844639816,-4.334701479419235,-2.845210120091628
-4.574433866404375,4.214358235271723,-2.600066423893803,-4.341930593121119,-2.815380430855741
-4.5589053773089825,4.150017082774892,-2.5801571016848444,-4.349916751101673,-2.769707984978188
-4.547836543289826,4.074631120058069,-2.568374747922126,-4.35999117328274,-2.719513784832962
-4.537080266818352,3.9994020136461867,-2.5344439944473707,-4.365376827460445,-2.679078852820803
-4.529234814231877,3.9377617757072088,-2.515159193031789,-4.375861190108352,-2.643272844788745
-4.51304865362943,3.8663144198498047,-2.500803953506114,-4.396923277240063,-2.585152596833606
-4.48723454622791,3.8013623948045447,-2.4829707704319612,-4.400108038633628,-2.551559664499173
-4.483818695600855,3.7499364299496207,-2.453410658066398,-4.413351248944556,-2.5265818928132853
-4.458913268593555,3.7164662250125655,-2.45168262690896,-4.40591795426173,-2.4952537245617954
-4.457885959802586,3.680425636677608,-2.440934114958398,-4.424323731290003,-2.470571422895857
-4.452145783696841,3.6704469867997433,-2.4357554781044395,-4.437940953879518,-2.4460101363949383
-4.451257836776522,3.6492683640896484,-2.435994724763359,-4.437820454355045,-2.4309172380298407
-4.441975997481686,3.650967007361485,-2.4343669422042105,-4.439750462836845,-2.433431644469653
-4.430824533695714,3.6551768821065425,-2.4443956727910527,-4.436421775475351,-2.4301257767693323
-4.438244710543618,3.666369327362623,-2.4541162921902786,-4.445122539156011,-2.422442028873262
-4.4403004789736675,3.696622840101872,-2.4513788830400745,-4.4243275029655615,-2.44136616518428
-4.4523569759007415,3.7194435781880966,-2.459203165658907,-4.427637573249658,-2.449835977424328
-4.461128473403593,3.7655920161374015,-2.4746539617035963,-4.41955753311266,-2.4654372677072507
-4.441860171592696,3.8246007896423415,-2.5056624925723123,-4.407381094176703,-2.4882880917843284
-4.461751837260681,3.87604136692847,-2.509336852428562,-4.401087695700011,-2.516263898615846
-4.467407545782158,3.923624321620518,-2.5094708766829945,-4.387167499553872,-2.552101753941902
-4.476685688188395,3.9907790540633616,-2.5341257644268107,-4.37551671985542,-2.5843090322936577
-4.487946853249919,4.056257048409828,-2.551625143684731,-4.360179629575564,-2.6250744678944935
-4.493402422415849,4.139038350239239,-2.578403141123294,-4.349706469371427,-2.6629231618823805
-4.501927685681789,4.212477356048274,-2.595583800984043,-4.341278968765252,-2.7027151693421647
-4.5092480721171375,4.2834213260503935,-2.6074170640840832,-4.328280670755699,-2.7335067349320377
-4.520641408255331,4.3614771505155865,-2.6372908094125953,-4.322457432101116,-2.789795253233298
-4.525828737492683,4.438122692970607,-2.660756977216142,-4.304953581690915,-2.8269701556959888
-4.534032540971239,4.50406473586913,-2.680517927825826,-4.285511847844499,-2.8657482716192555
-4.525835338493713,4.57524237440118,-2.7128409331600105,-4.289775188244719,-2.9079326310013736
-4.538657086022097,4.646170197470547,-2.7391890359320357,-4.289203216212262,-2.9421891845454615
-4.5295512844777965,4.707365389579536,-2.7597669063464934,-4.278756870583351,-2.959142985414666
-4.525841553268308,4.775538990666546,-2.7753105253401147,-4.273391386757806,-3.000517507848962
-4.529298281329794,4.820462077175461,-2.8019293324251504,-4.267301869251944,-3.033306972693632
-4.5285689428663005,4.881129414444764,-2.8361883538186152,-4.273899205649194,-3.054446030397566
-4.5346072278213025,4.92992390863181,-2.8508371818010905,-4.277096039097043,-3.0789170654392115
-4.531127646389152,4.962561942635183,-2.862263344235321,-4.284604050181065,-3.100942526224632
-4.525491718308283,5.012977339371005,-2.8860227702159715,-4.282681789373253,-3.113855677397234
-4.529887579494528,5.039969195423742,-2.8976087502269303,-4.281537191823385,-3.134455710948058
-4.529547179519964,5.069294021715969,-2.9193129674444083,-4.285980570424132,-3.1482157389586436
-4.517744409484063,5.094608639722632,-2.920101468849695,-4.286828183624979,-3.1530717582677736
-4.517825001184083,5.117156316161078,-2.9375520133232684,-4.288306856731182,-3.1619523253588313
-4.514970976614545,5.137298767267272,-2.946333646170741,-4.292246996560845,-3.1626433764355797
-4.51145939852323,5.144102550425391,-2.9569529907239764,-4.304995010258579,-3.1724256912119126
-4.513240249715195,5.15876876298678,-2.9503244141179272,-4.297441401216774,-3.169329116862334
-4.533803644994705,5.158824341895525,-2.9574332656743803,-4.284095503603123,-3.1718200801668006
-4.523526894758345,5.162081335025523,-2.9569764679125403,-4.301653131485635,-3.1820926490370476
-4.537335695320341,5.138021591992256,-2.947532611539686,-4.29605633921938,-3.1775674621383225
-4.535709292602962,5.122092634696321,-2.9427028274184877,-4.282743415088138,-3.168020185072907
-4.538978684975576,5.096567054552385,-2.917432751074283,-4.284573705127321,-3.1765231047272438
-4.547023640027304,5.05939181701849,-2.916284352443852,-4.285620431395372,-3.1522761524380956
-4.5686522074837566,5.015490429120438,-2.889305401553437,-4.285860742421422,-3.154419761008534
-4.569811334080303,4.979241973797262,-2.8648197278168737,-4.2867284863142325,-3.1362966985810625
-4.573401468266457,4.926094938948996,-2.859055971037953,-4.289223339735627,-3.1309084941349954
-4.577799008388964,4.84917028143906,-2.825467774137062,-4.2793177634183515,-3.0997454258933366
-4.589001308049233,4.788129638578743,-2.7979473095403224,-4.29628146929281,-3.0760219221153804
-4.587048615832114,4.705420106149843,-2.7718852507115797,-4.304490094272308,-3.033382563714645
-4.597096954270192,4.606634211381895,-2.721572211981645,-4.2989497636453535,-2.99588689304669
-4.59190870166289,4.506533574330869,-2.678817504876591,-4.311900793535666,-2.958336822333847
-4.579253607293555,4.4032156639753826,-2.649147964772118,-4.329655922341634,-2.9225830691669517
-4.592818863904216,4.287879455868271,-2.6232797636606695,-4.3319540744995715,-2.856966371748642
-4.57205334376005,4.165016168766692,-2.5720139357512344,-4.357011392789455,-2.7910634146293365
-4.5666766387939735,4.038974512824491,-2.539331295787414,-4.381060983994321,-2.7214099450256293
-4.536411494136314,3.900895205062586,-2.5002797491463364,-4.405640947800317,-2.6329413670168607
-4.5195149407000885,3.7686813008483866,-2.4580012138036413,-4.418796660297075,-2.5831667392201845
-4.489514216240796,3.643380619360247,-2.4221806755803033,-4.447554267074445,-2.4960279545942985
-4.454699380602758,3.522911396190788,-2.3828943725281064,-4.463512445330227,-2.415996797151431
-4.421309247876506,3.3974301127730464,-2.3540166142712318,-4.484307677060216,-2.3386855761815384
-4.4031698972768645,3.291661045470481,-2.3234960055252922,-4.511371277735051,-2.2829072022853945
-4.365164932102776,3.216198187875604,-2.3046080195220076,-4.512610736397572,-2.222974167118464
-4.348020801248825,3.129128069668875,-2.2893028890227933,-4.547475613721385,-2.160564982868894
-4.305663721868286,3.0653427022918045,-2.2716514038446722,-4.565514450114625,-2.0968687216970547
-4.29407621938594,3.006687126927978,-2.260310148378512,-4.5718719819375915,-2.0709535718131877
-4.262115960127325,2.9715241306735383,-2.2499075912259685,-4.579503738751286,-2.0290521847086445
-4.24845669864228,2.9665193184225958,-2.2471933239489457,-4.5811870756021635,-1.9813979165554665
-4.234757816064109,2.9559821330270077,-2.25025600199682,-4.59204492416126,-1.9691460997377255
-4.245771770121528,2.977912191397465,-2.2716508823682227,-4.596583552952023,-1.9696471185371016
-4.247687095529025,2.9899011592228772,-2.2772070249665277,-4.583433348872412,-1.9628647028697177
-4.263171911861572,3.0215941087161897,-2.2985910095269815,-4.577463371520933,-1.9787272915088898
-4.266051079924978,3.090403795264853,-2.3036336539963616,-4.570157353357311,-2.005165679346764
-4.283177024082043,3.1417026111428257,-2.324851724225794,-4.552630356192947,-2.028942354120768
-4.290635627312856,3.230600227025295,-2.3383296137218665,-4.539366814364824,-2.0680213298782895
-4.317497518578768,3.3082197498604224,-2.355287319275772,-4.528109140685953,-2.117723482767144
-4.33208912015566,3.4080790736777207,-2.391302420393363,-4.505678135182381,-2.166810882432909
-4.345306484779133,3.5043059607226192,-2.418294224298854,-4.48680958494928,-2.230342392772847
-4.361749711414668,3.6157773429453743,-2.452826584838513,-4.461696467487999,-2.288924908187676
-4.3905137328866335,3.721663595352535,-2.4801678020725877,-4.453142712543705,-2.3637876678406737
-4.425882353190459,3.8357526984482555,-2.49918877587175,-4.43079920893066,-2.429596575748791
-4.432879786370322,3.9485921138900646,-2.5363631202194283,-4.397718359786309,-2.5020514490501222
-4.463150241651035,4.071740826866553,-2.554314943691021,-4.364979657122961,-2.576497897437246
-4.483532658159299,4.172113580898893,-2.5988194777191014,-4.357918525024504,-2.656733193306393
-4.489386621369218,4.297918239690372,-2.6199676610085603,-4.337931474125498,-2.716957242891864
-4.5046137013773055,4.4028472206663265,-2.6636780869437904,-4.3131042358711085,-2.783748892231623
-4.516488248901877,4.507478790675518,-2.7004973672514843,-4.30443486151027,-2.8411291506412035
-4.525945991317747,4.60438059978594,-2.7383292265100003,-4.302829009618593,-2.8933324289678772
-4.518681304242247,4.705936066755152,-2.7652044253853725,-4.291430812882177,-2.9499607571541016
-4.525850752811269,4.780906879899803,-2.7982369963181934,-4.280134997114344,-2.98387523364136
-4.519424011646078,4.866343011839061,-2.8343704018135987,-4.287109328442058,-3.0241883215627547
-4.519266845600086,4.945834155169864,-2.863099074176658,-4.28907745136725,-3.0636443779302445
-4.510080050920389,4.994711661841513,-2.8909006207732704,-4.286763233392189,-3.096266311123821
-4.511165789047653,5.06953196517409,-2.912628765303302,-4.275702520052779,-3.123603799422267
-4.502714241579595,5.112936054536785,-2.938874316561088,-4.294719461913382,-3.1501378670528855
-4.509658055780887,5.164303943260632,-2.962708082274816,-4.29565941831121,-3.159754657458464
-4.500306495890789,5.2075792876814955,-2.9851822574025624,-4.3078355908984465,-3.177518607977145
-4.487473999527804,5.248987527986409,-3.010183073550053,-4.311864680336127,-3.1849965101771915
-4.497547677519368,5.271588581310179,-3.0208469828203044,-4.312677955849692,-3.1906762130954567
-4.486262120774576,5.290663268064916,-3.0248644486886715,-4.306357343218481,-3.196851609058414
-4.476054303293799,5.300024491836838,-3.0393058142931375,-4.323014416789418,-3.2010105165699807
-4.484014857704956,5.30938072106571,-3.0391364828491017,-4.314411802027112,-3.21769512107653
-4.487354054983634,5.31713298144023,-3.0463393577123803,-4.320585452715059,-3.212813163929615
-4.483874596269619,5.312581403118917,-3.03411611391211,-4.3211041662547816,-3.2243397588196037
-4.50261846889638,5.289490407713836,-3.0233229593383717,-4.3139408845454925,-3.2208387794088207
-4.511041406900071,5.28625327474954,-3.01824961390439,-4.319099927154181,-3.216490782637197
-4.520458119647275,5.2501628688519455,-3.0096981252416746,-4.307043649478487,-3.2051481020382657
-4.514195290818461,5.20484589671421,-2.973851327650016,-4.3017946247334296,-3.205111392881356
-4.536120052243331,5.156711053429341,-2.946226462127794,-4.298750913593365,-3.191786859205772
-4.552409903667432,5.091624020753278,-2.9273563440495542,-4.300891618670207,-3.1670454469417035
-4.557223688552271,5.005779797288964,-2.897401453412321,-4.295709408191807,-3.158735771497837
-4.583301586024814,4.906387940228732,-2.8484309288708554,-4.297664981629678,-3.130487256340017
-4.591222028713274,4.79788376464233,-2.8105021422920893,-4.3051947209304195,-3.090609732620247
-4.606064477188236,4.6655074408705595,-2.765881611725821,-4.313788445009972,-3.044143692690128
-4.608530362738526,4.5211288345036245,-2.70484244848423,-4.319379799205015,-2.9765277790051283
-4.607753509586504,4.346880612713536,-2.640701879351457,-4.342656714235585,-2.8970586455703087
-4.586461303954195,4.148212355568018,-2.5746498256081676,-4.377978356528053,-2.811079940329646
-4.5576602622345455,3.9395438474138613,-2.517816331080762,-4.395177787370987,-2.703895659971397
-4.526997645765917,3.7166612643262757,-2.4376022471471805,-4.449040902485477,-2.590528841415625
-4.467422022628688,3.485930016930344,-2.3861678467924436,-4.50356380128156,-2.4631479072686284
-4.415602771363544,3.2354494649016092,-2.3143900062308482,-4.530167132253065,-2.317962082709442
-4.349342639790479,3.0048453191684326,-2.2294569408681717,-4.572319498328395,-2.18684471712531
-4.271557007202142,2.7870569775991494,-2.1741576261403397,-4.6152948620029655,-2.038453563934467
-4.194554542751505,2.5501781157527526,-2.098926095143159,-4.649411783668815,-1.899064163609171
-4.117215677185478,2.3616836442517974,-2.0279751985449597,-4.677402904376961,-1.7883190674881395
-4.0320614064698805,2.1847539673946454,-1.9878589624756886,-4.710074355238131,-1.674218536883038
-3.9519489755106085,2.0378957175876944,-1.915088076506357,-4.721339071498956,-1.5890752957840535
-3.8884123458805484,1.9120900849064781,-1.8760234424614497,-4.746162662095621,-1.4935239013568258
-3.845080328286278,1.8172222960870479,-1.8512653962269636,-4.791835812103151,-1.4168722389391433
-3.80473565756358,1.7304027545352254,-1.8175038113766762,-4.82997453078625,-1.3394902359767926
-3.75547008529068,1.69523167718875,-1.8192925243649258,-4.8476235367892535,-1.2899745320974332
-3.7226614021162234,1.6629626773336346,-1.8033494724815393,-4.867362697266733,-1.2462634092144775
-3.720911470974246,1.6622058191489106,-1.8169752602298332,-4.878856799821021,-1.2098428615067358
-3.7135852004716035,1.671198316085907,-1.8164665032558163,-4.8791810058916925,-1.1754687920304627
-3.7044578908181336,1.708616267080576,-1.819640301125637,-4.892710259280444,-1.1717521173380456
-3.711429768270998,1.755080422897034,-1.8578606846162011,-4.899863443616229,-1.1567787995990506
-3.7359090765610596,1.7954138563993365,-1.873836482081597,-4.904007143842499,-1.1600080696246706
-3.7626585069328122,1.8754134694616034,-1.9135048858610715,-4.9149894657341076,-1.1648272404107851
-3.7921980613401822,1.942450856470008,-1.955616489359497,-4.906535523186704,-1.1839219526898204
-3.8341108204787187,2.0671604638252608,-2.002652474449828,-4.888891965268002,-1.2176622449716488
-3.8756367066533555,2.1700002489239107,-2.046996851295357,-4.858413705780481,-1.25217636722149
-3.9267290518871003,2.3073734490781233,-2.094302336015681,-4.824843433900953,-1.3205193514625915
-3.971796522658304,2.444866517101996,-2.1468646647463583,-4.802108837460271,-1.3950981739914097
-4.019558426865786,2.589612266348356,-2.1920549055261613,-4.769524740887291,-1.4791477815484937
-4.078964483734597,2.7547267225683703,-2.2309452999057897,-4.725299405195396,-1.5776906627285288
-4.138974168524031,2.923309437610734,-2.276833529942675,-4.686746570331149,-1.697046894760268
-4.197220217799501,3.0902499185872903,-2.318869568601125,-4.646407649451515,-1.8059074475224732
-4.238644089644639,3.2866104427895606,-2.3778388129123837,-4.594621413204684,-1.929698841232577
-4.2998742459823465,3.470427999037192,-2.4173657117628857,-4.54672138269537,-2.0720974503216922
-4.3487558422901476,3.642006516616583,-2.4629743110421143,-4.499801203890258,-2.195532946606126
-4.387383289346631,3.8394485887172394,-2.5147868069653976,-4.454483747106366,-2.326604669464904
-4.417177988451345,4.00559242089505,-2.561231262933202,-4.4198690490535,-2.4506222362489676
-4.45453455914437,4.184650952811839,-2.605254375071338,-4.381492811233161,-2.562205259619713
-4.464642859793411,4.335309540213749,-2.6506989430065486,-4.351554434125614,-2.6650897939789555
-4.486745663907469,4.492874777196411,-2.7002401060612855,-4.325401419539601,-2.7680528061761507
-4.487301433819779,4.61959915277753,-2.7344855490870605,-4.308343048464069,-2.8594288879115473
-4.500776847722258,4.7418001461710855,-2.7719177536769224,-4.310431599881571,-2.920478867363519
-4.496384941122113,4.862094656859524,-2.8265888866921283,-4.29823429826581,-2.9907897694174035
-4.498355937533764,4.966423614691807,-2.880260107530147,-4.296690449324358,-3.046663571158564
-4.494270178198751,5.053543327064253,-2.9177067675973962,-4.307392065817196,-3.074564589709627
-4.483308325694128,5.142386311766263,-2.9673817303291137,-4.300958385737804,-3.115650232283886
-4.471504172357414,5.220210237763156,-2.9987566443684472,-4.3171347172110695,-3.1520602220411007
-4.462679500543249,5.2818315314734985,-3.0328054654651537,-4.3269038567429625,-3.1712115719213796
-4.466344441638305,5.334581491378022,-3.062914371635536,-4.339917191402753,-3.1905021118367203
-4.454602638919117,5.372988653231116,-3.0833461519052596,-4.347285253876253,-3.212172338999725
-4.44719786845254,5.414089909882899,-3.0980244870299414,-4.368378476362146,-3.2229905004885713
-4.453480889480177,5.448920819792124,-3.134215681484275,-4.36734672775427,-3.2264511059286063
-4.4431112548253,5.469244549528807,-3.140796919158244,-4.367944485053116,-3.2400651297426903
-4.449972031898412,5.48425062087007,-3.1433871703631464,-4.377288950545592,-3.2562030967711215
-4.450620801253617,5.484073576172483,-3.1502834229888412,-4.37955740708548,-3.243380446592551
-4.448914881772711,5.488061427619152,-3.1438424870441506,-4.380849913797803,-3.2520493596225757
-4.4518891398149165,5.4751489940084,-3.141844060883607,-4.368803731407362,-3.2548324811977634
-4.4655506592378424,5.4519763455011985,-3.129808565911228,-4.362984887862448,-3.253210074010506
-4.4631404139912245,5.429411159162198,-3.1129332221909345,-4.356476811754537,-3.245868407574811
-4.4863918037996235,5.377047858429505,-3.0766411252049606,-4.3551645298664265,-3.2440530455719783
-4.508978101209348,5.317666217626994,-3.0490149689631005,-4.336780631231017,-3.232723903325027
-4.520524407105276,5.224617060057041,-3.0003661746439367,-4.3186651881562,-3.2243348106369796
-4.567675189983341,5.119589651332414,-2.953697346099983,-4.324225626833975,-3.198639238454322
-4.57627055071677,4.975417744514091,-2.8875940631433425,-4.313419558612418,-3.1535367009962556
-4.59986233605851,4.790785344187915,-2.81716114724131,-4.331610510394772,-3.097595720445023
-4.612641841255482,4.56939927362632,-2.7426636303937757,-4.342621135141161,-3.0187356870780584
-4.60468710528982,4.276351592625177,-2.6308633759966797,-4.3906240432036405,-2.8989490112560485
-4.567561190630766,3.939750581607878,-2.523783266157802,-4.444403824846103,-2.7336215052930712
-4.508644519152445,3.544191937876942,-2.3902913783022774,-4.50861213992562,-2.5437330338760074
-4.404869750856863,3.09124185118588,-2.2315616678801216,-4.572847529372539,-2.3120216860949387
-4.282002244029857,2.6369954969882294,-2.044863161675495,-4.624680260160858,-2.0979799704466653
-4.115306405384181,2.183413339795112,-1.8608639648753913,-4.659479928582553,-1.891317144098146
-3.928443834392117,1.7484647865966525,-1.6706924186872136,-4.69949958741417,-1.714432467628622
-3.74184238123195,1.3511635182118271,-1.4675112655752578,-4.759046810543311,-1.5525239367547747
-3.5496670524939997,1.0081845725192875,-1.281368815371499,-4.818289988102831,-1.4365957556270355
-3.370530636408567,0.7307263638079956,-1.0867155062902338,-4.867958861976426,-1.3888387140685698
-3.215785280072918,0.493831337066033,-0.922215782500235,-4.899675104562076,-1.3843173929776287
-3.1030544955830055,0.2781068128796681,-0.7650999115837512,-4.9429836778991785,-1.4007673724029293
-3.0136352520477794,0.08378989510801003,-0.6192639492304676,-4.9681704374247575,-1.4648681260026994
-2.9928476350301914,-0.06734210118530959,-0.4700681471014766,-4.960576013189331,-1.5414300413006554
-2.9585830826704664,-0.20549270157834118,-0.3318740099539866,-4.938125587944413,-1.641083384842832
-2.9555789037926115,-0.34148434281677903,-0.23672899871217856,-4.878133685910478,-1.7344396995924494
-2.954202844313221,-0.432550840385167,-0.1694443967438793,-4.820624783620879,-1.816021500520905
-2.953993042592081,-0.5359822766361132,-0.07202003712039261,-4.744089855180956,-1.8782091815478619
-2.9513149395119536,-0.6014262309787457,-0.02418704181307934,-4.655461070099786,-1.9094382209285878
-2.9671840391578748,-0.6536848349943176,0.03543173794207194,-4.570305181136014,-1.9394465435568857
-2.9919292060299605,-0.6927105029381545,0.07058836467699164,-4.463534125065932,-1.938188262704519
-2.9948172610030763,-0.732818293133017,0.11868221299680642,-4.35583437920596,-1.9436334342862371
-3.0031863868510804,-0.749050527068762,0.1461789390043554,-4.253987636161906,-1.9512388407010361
-3.001575276691521,-0.7756009253335315,0.21684368799962123,-4.178091954472991,-1.941626615128871
-3.024265432682747,-0.7673486973882641,0.23852253220316547,-4.1074753340547945,-1.9309185404233933
-3.0340734394876594,-0.7568751603366772,0.26838109973118934,-4.056512282382478,-1.910077361008207
-3.0621434537479493,-0.7328231044857971,0.32009044894265576,-4.044860902664166,-1.8918757915779638
-3.094179627809977,-0.7021520712621501,0.3264128202314142,-4.042675603884019,-1.8825092248868032
-3.1232989928787163,-0.6853098844707394,0.35054753647435216,-4.044507681296844,-1.8787633853029195
-3.13668379799641,-0.6400862108583523,0.3412949420192818,-4.090197075763737,-1.8564088937043681
-3.1739734175300094,-0.5806586536361952,0.35505331884492675,-4.133934955465168,-1.8513413742574287
-3.2059612708230216,-0.5397497277422567,0.32964984585418006,-4.174864975856612,-1.8186011717490504
-3.2107473686217034,-0.4716828811043502,0.3222703007651174,-4.26259326371879,-1.7756389366245877
-3.243828987873195,-0.42757251343728814,0.2824339889073344,-4.334849304237328,-1.7503301025357394
-3.2705731467810453,-0.3457922371266604,0.26419857798798,-4.447657999969091,-1.7075360541268187
-3.308498542108648,-0.2988159885950637,0.2223934469620766,-4.541941563183,-1.6728160501317613
-3.3560322430243827,-0.20272903515488744,0.14741561535700737,-4.653180596421322,-1.6209703883276043
-3.380727126262635,-0.12252107524243844,0.08069812381498674,-4.7707373914911875,-1.563739272259946
-3.4053322650485063,-0.03151003233494451,0.008834362745474238,-4.869443326165255,-1.5057054863969999
-3.406869492327993,0.0624556471446298,-0.07712463067605585,-4.974768568985636,-1.4422391191479094
-3.4410484503368184,0.17708954985374376,-0.18591485306461433,-5.079977556879859,-1.3797334780889365
-3.4656381895945274,0.31542255779672507,-0.30386117554193726,-5.169558408972924,-1.3030640513510006
-3.48955131441077,0.4395926825892606,-0.44425679549467084,-5.233321347553417,-1.2377574600503674
-3.5251936571358624,0.5527634085649449,-0.570002237408388,-5.287366635386702,-1.1569267043064628
-3.555078851073509,0.705804246649568,-0.710790224677988,-5.325789708941474,-1.1000064870834245
-3.5805404415579547,0.8659295699389322,-0.8753200451161465,-5.347302997141605,-1.0526627355110425
-3.625593519166035,1.0329808189976657,-1.0295168664777314,-5.329812811470125,-1.0191702232451714
-3.688370988077859,1.1957766608843476,-1.1673012758719596,-5.310926167427461,-1.0040819591073524
-3.7354227559278295,1.4131615329478453,-1.34342632262701,-5.27909190952145,-0.9984208688645557
-3.797326850995637,1.6198680704481696,-1.510346612738056,-5.202339708135864,-1.0395408098040597
-3.8864296474851097,1.8594661187292687,-1.662814528298718,-5.12747859790382,-1.0931901242606807
-3.967883494374391,2.130495878999713,-1.8073459335287658,-5.045463165473624,-1.1899757830924056
-4.054887739256217,2.400029794992314,-1.948390612239422,-4.952318865796749,-1.3292264008614094
-4.114362522896271,2.692452740011442,-2.089150532290102,-4.859260307156239,-1.488760108211672
-4.192614315898484,2.9982673408296123,-2.2029876607302934,-4.762876033957465,-1.6478642844101552
-4.2587264558882545,3.2857274615517698,-2.2898743068737075,-4.6671323214751395,-1.8414946957122886
-4.3137873889515275,3.5817996271467742,-2.380887262724727,-4.5697043155412524,-2.043040223966348
-4.373161579632085,3.8631633186327416,-2.475849214480447,-4.518380592881984,-2.245582376371871
-4.406168540943834,4.117705997895682,-2.5673833452039476,-4.459288654902146,-2.4184634596545096
-4.433847993398883,4.355078055211874,-2.6374082550208584,-4.408473889306587,-2.589556312732062
-4.445698799180794,4.5803446053296115,-2.7236026790348733,-4.374665219102789,-2.729552864506143
-4.460671645112341,4.759904253292557,-2.793278018325438,-4.344818941248638,-2.8448890681761587
-4.45575130198986,4.937411365506057,-2.8770306207957397,-4.331983051021044,-2.947470791011527
-4.4433319150204875,5.076831601598854,-2.9407369698200947,-4.3481398160573885,-3.0198160657213338
-4.445479653154416,5.20457511487495,-3.0027363978980954,-4.3525904672968085,-3.0785484120952535
-4.42991126801732,5.306683091761742,-3.0598286756461874,-4.372369649238578,-3.1273399584390904
-4.420428340510205,5.405196809356264,-3.116157336247055,-4.393578997782228,-3.165190422827092
-4.412919791513268,5.4747164952023,-3.1722333026929657,-4.413826354695541,-3.200537182617697
-4.40375394525022,5.545137927750337,-3.206487595251315,-4.428511335078293,-3.215571157952524
-4.407303880922482,5.580559380862892,-3.2397053494292405,-4.4523541442099,-3.225450407932753
-4.396254570999625,5.6309673266185225,-3.267667677463571,-4.468082328472837,-3.2482079670483994
-4.397670565619607,5.654943916988302,-3.2983518135656844,-4.479425001696027,-3.2448142777103417
-4.397667669816643,5.679617232194939,-3.296580923264606,-4.495554714692767,-3.2577351983883895
-4.394048609292598,5.6954329338397445,-3.2990026942813384,-4.491606862342514,-3.2658747019810774
-4.397545254820368,5.696889174739438,-3.31495949096247,-4.490554619427797,-3.266055040674937
-4.398454901840747,5.695213557406835,-3.307979897323342,-4.488527580677376,-3.268553069200545
-4.399659900213503,5.678482286222172,-3.2865126032195695,-4.479473224204011,-3.260824346023234
-4.410194031071874,5.64541162191273,-3.2673665131458853,-4.457632670047087,-3.26809441381009
-4.434038417481196,5.576819858676924,-3.2213380220223007,-4.4321814532066,-3.2657678555055867
-4.462076491975686,5.487409513722239,-3.1698382799423936,-4.40176411715618,-3.2548193154132963
-4.509719791736147,5.347193094336581,-3.087283335946196,-4.376514550733266,-3.2416739705532125
-4.554579448994623,5.124835857935792,-2.9755701841391184,-4.355210514932195,-3.196569112701734
-4.6080646630549245,4.7652084720203645,-2.836685045791408,-4.393013543940303,-3.0915210280189416
-4.603119750459802,4.20251315570024,-2.6492519191231385,-4.479974583367069,-2.886424267030597
-4.501726893590361,3.408424361594628,-2.305730821755622,-4.574891313263151,-2.569347775861063
-4.2380739605549556,2.3952373351084106,-1.8181309181552836,-4.62610234973177,-2.2318287269446397
-3.856911204302403,1.3424097803051047,-1.2148221143092761,-4.673662023053623,-1.992551897750977
-3.5394274786798947,0.1748190006960028,-0.5514854702331503,-4.639213580610572,-2.0497429663534277
-3.185360536135858,-1.026392174154219,0.12233195459643671,-4.2350086809732925,-2.389290916452018
-2.5901559861544525,-2.1088991833435426,0.7501529499447924,-3.2608263148237775,-2.7647937716574584
-1.7882192661593848,-2.8322312399940284,1.187096840216488,-1.7635253567864657,-2.892019574206548
-0.8999995753080312,-3.2105013796232718,1.3266881043405243,-0.13753628572070542,-2.930634865414693
-0.012722421399949727,-3.4261709754119885,1.3321514995721246,1.1641602435328482,-2.941372815117528
0.8245004914774339,-3.6675824530430092,1.3723945772813968,2.0913794745964758,-2.856423874391021
1.6192903801035228,-3.94343670425877,1.5180910100328668,2.6770930508204946,-2.660364764835877
2.3383871194899184,-4.23420330070572,1.706727638664442,3.012120681222952,-2.3544660428114055
2.9197487732312166,-4.49598069057253,1.9086839820319146,3.172308060805458,-1.9961823283755296
3.411070675026984,-4.73584754676046,2.083232652106074,3.242888034685707,-1.6209164335733979
3.803895798726466,-4.938481095782328,2.2520565312705743,3.2618927444798236,-1.2391802230600455
4.112749772159737,-5.114232490637989,2.3696484720312023,3.2280093125632714,-0.9017517725698864
4.360735447301303,-5.243570388672586,2.459377242687868,3.1855517469429144,-0.5893642966103332
4.541215766518886,-5.3295418073902425,2.521477526259163,3.1466188264538943,-0.3104176239371755
4.684229776358024,-5.393155885668355,2.5556213511308554,3.1141682378405755,-0.05012063040247502
4.785013307220073,-5.452641985933745,2.5809684500802286,3.0859083099747244,0.15642716722306138
4.865925297825662,-5.48328030551252,2.5894500066750537,3.0609406058378097,0.35272517899736955
4.913461120666629,-5.506429442596532,2.58000588545614,3.0356352404707763,0.5382769513981442
4.957761015104565,-5.503767223705644,2.588099044365976,3.0177976711259875,0.6771361464770524
5.0030083152000655,-5.513364875629015,2.5951498246388756,3.0174945298207057,0.8167712205180238
5.011893974399613,-5.512460047847037,2.5743420893215507,2.994912893767369,0.9489858251603877
5.029211631270979,-5.497694501791866,2.565955677738852,2.9999709556265084,1.059583427171695
5.037642883178388,-5.493884749553275,2.5642239231968356,2.986661042299017,1.1803986666174235
5.03913165137736,-5.491623821182185,2.540988848841898,2.9893609129944445,1.2905281403218871
5.036823200651454,-5.48042080484468,2.531886769037867,2.9843787625101807,1.3760137740139795
5.031242897199701,-5.468438906872141,2.526009263881921,2.991271932452509,1.470657028809678
5.028538442847413,-5.464345269431605,2.513267055523091,3.0039137425995537,1.5693998326313163
5.0115036410792655,-5.462371663237206,2.5110221694315067,2.991709723593325,1.657915070914932
4.996881077304697,-5.443833990276285,2.5025016018128783,3.0067675821741653,1.7393690100474408
4.981616092044166,-5.446919454916229,2.495197323312993,3.01527704505239,1.803174683747115
4.970830773709748,-5.442570151332852,2.4931402933230835,3.024658761357527,1.8668172287091973
4.947514141749492,-5.4303808246629846,2.465827852876571,3.030650218268743,1.9372526690754424
4.9456603140545585,-5.4365240819719025,2.469693354381698,3.0272175602488733,1.992352840161064
4.925637724460785,-5.435858441548826,2.4648571970790307,3.040305232221671,2.0553468040807656
4.909678755108716,-5.439181873600827,2.454483876717212,3.0542220983214015,2.1050814916822698
4.915396324939465,-5.427562155245755,2.4488955596765374,3.06192889210784,2.152473876582602
4.89048581072655,-5.427865237583524,2.4489024410733484,3.0699589963224128,2.1880994052436984
4.87956568388112,-5.422661991980691,2.444934452098431,3.0834216546631206,2.2358862440828022
4.861227849862731,-5.431279362879479,2.4374783045407753,3.097317904683183,2.2550648939821656
4.860475960228632,-5.428937061429217,2.433283948601656,3.0964424784272855,2.2871369933885113
4.855684740943752,-5.42452502455704,2.4275335662654425,3.1089347083357164,2.3038942940884315
4.845598671606668,-5.429770748045405,2.4205506059265876,3.1163891269677735,2.334968358496701
4.846108055901376,-5.412297640505596,2.419376837861523,3.1201081775522255,2.3573406213158714
4.850764466112768,-5.420330923641556,2.415032918447523,3.10492593689962,2.361176312836334
4.845976809219043,-5.418090037494858,2.4165544173621147,3.1131910435297927,2.3649053384182874
4.83845759302996,-5.411833972393558,2.4137824474193548,3.1139702972945846,2.355323034203322
4.844917831073018,-5.415940790477556,2.421284911880321,3.1026241911360737,2.3453281010609617
4.853828138430803,-5.4211977950540975,2.420526334996004,3.098016570303202,2.336056045828096
4.858434442035069,-5.415177519297187,2.4228460852506677,3.089450652291449,2.319876838115707
4.866157160324437,-5.409768018387454,2.4221715770845442,3.088798727904506,2.293904290698178
4.888953122609609,-5.399118087174089,2.421395701407885,3.0709841839816545,2.267499639092719
4.8836161328153205,-5.397792947438476,2.4247407548990765,3.0600267056376915,2.23184768383587
4.900939051489378,-5.400773378205039,2.41887142069455,3.041456145406933,2.1810263156604233
4.917617528207343,-5.384376853921096,2.423178169254023,3.0388509800970422,2.1356334368109335
4.935981329560118,-5.377525449202513,2.4121417082034133,3.0213920087726343,2.083181041191187
4.966016008283648,-5.362280571442104,2.4186768145389577,3.0053283621895,2.024130232473275
4.979273634221472,-5.3607429643815365,2.4123589549926185,3.0003468093509986,1.963429152461854
4.992853567973156,-5.33636725542053,2.4133922283613525,2.994000945571227,1.890318649953526
5.028261467116146,-5.34695123706976,2.41195820476651,2.972145790505962,1.8049579944917915
5.035211420425706,-5.332065071169641,2.405307492847756,2.966632206084959,1.7049717835333227
5.0553727211299195,-5.3197970385673345,2.4077269299373834,2.9543680257097056,1.6189369830814793
5.071954815492272,-5.316474192942869,2.399271121618835,2.9605961171171336,1.5194593877801343
5.078612421442689,-5.313388119011315,2.392884718617035,2.9487978118823523,1.410791493068062
5.093274006009296,-5.306824717388957,2.4169385521443263,2.9470558617714344,1.3043161573069177
5.103171832452064,-5.302350215521111,2.4132744197715956,2.9525405742742663,1.1987081409228066
5.084541979333953,-5.301837400007637,2.416597813327071,2.9487050233712346,1.0950066640706924
5.0917004307719544,-5.2871170264420835,2.405548186947902,2.9499123489991423,0.991209785286313
5.081185388026623,-5.305760367494174,2.4036171796309143,2.953020037496093,0.9019401264220573
5.079494115446294,-5.303902784201862,2.4179644153572983,2.9560381037511596,0.8186246319111944
5.060249685378176,-5.311237418490201,2.424364106627076,2.954544829677892,0.7435491208939522
5.043746599214429,-5.3049595013684225,2.4148138256729395,2.9557044497080516,0.6638927200960235
5.0212383420695925,-5.3168748496497695,2.4192444530636394,2.957015635931179,0.6048505788819717
5.01815615533829,-5.319322402150044,2.4217191866771124,2.954320697569501,0.5622331725513752
5.001138886575311,-5.334741536421767,2.441177691359385,2.9682259820238195,0.5077770499359561
5.002582316573436,-5.345722791090455,2.450494589571954,2.97303334076183,0.5085633764101942
4.999004440301011,-5.345237225482278,2.4624677889731488,2.967254040324925,0.49851552890171136
5.002985872006442,-5.3618354711818546,2.4664564758350713,2.975147857714105,0.49217703840029053
5.001570690464894,-5.377984093477805,2.4681121815139133,2.9757656033084374,0.5031652548221699
5.018810494761612,-5.389891517060661,2.476014629421466,2.9715088224172765,0.5288773237047488
5.026139845841831,-5.41356327715953,2.495773130593693,2.9677619930782555,0.5672304203667222
5.032126506988623,-5.433288146273801,2.5004165050695377,2.974017438459511,0.6136220414542987
5.04278396010107,-5.450663933656063,2.5143589312321906,2.9702147979713738,0.681234944066961
5.042233260067117,-5.456742497033744,2.5305150624823827,2.977264016694339,0.7530571983876067
5.057028280411322,-5.467387963367527,2.5331424365680855,2.95965085507026,0.8362775486925316
5.058360515246203,-5.484212068456309,2.5325449777705695,2.965940951310583,0.9171003748917135
5.0576962770625205,-5.468937416835546,2.542019496667707,2.95943962176854,1.012969061766374
5.066520752707295,-5.480540608482904,2.5374937139137987,2.9680666231425343,1.100726448868714
5.067601666526884,-5.465355431774542,2.545443758405052,2.9559010079391603,1.1926833360637348
5.053764809321082,-5.462275463881707,2.529538609245745,2.9726232753403816,1.2999392085533295
5.0436102790727375,-5.465345840560767,2.522265847191739,2.974766970006318,1.4046991243413944
5.029933296153439,-5.469854329463553,2.5126588988777256,2.990160026278655,1.4959419967614342
5.017970742931086,-5.466165930528301,2.5120057398489926,2.987029679974956,1.597881545277626
5.004252436800336,-5.462332536633082,2.508284505006815,2.9992630339177953,1.6937567757476102
4.9781703459598665,-5.441135710979051,2.5006072818247707,3.0089138886667093,1.7762793466272933
4.963202723883719,-5.462025924368283,2.4922099056120532,3.0226175376843347,1.8646991709243321
4.945374964755255,-5.458768166049513,2.4741512797858496,3.0307747621125967,1.9619772083548104
4.925239614517392,-5.458644095495363,2.472013475660535,3.0472744543867476,2.0190952165341627
4.913565965075926,-5.447095005370964,2.4685343042135077,3.0656899177637404,2.1018926015283093
4.895970601700759,-5.441276914325391,2.456143903925154,3.076375999843531,2.1616467301624325
4.869100808171366,-5.435079811994951,2.44706591580632,3.0962805287317714,2.229101110915489
4.861306642570104,-5.441299024854174,2.4391019176173763,3.1173743473144886,2.2810017552074004
4.846604674682421,-5.443933487740465,2.4461118075767447,3.111749483383324,2.331463582184441
4.831656869930261,-5.434218464762698,2.4426509699863255,3.1441178281364657,2.3756410584780494
4.822111169201442,-5.435594711209155,2.4373210105723317,3.1568643659173024,2.4163065627702127
4.808114875264784,-5.4472565400755535,2.4334071638053394,3.157845324627961,2.436436493979424
4.808969958636173,-5.444852895307372,2.4264325886313745,3.158709743759586,2.464826362191625
4.804269194465174,-5.442015951668667,2.4181766525482593,3.1688470181025195,2.4855585771295403
4.790398961662939,-5.440515597101332,2.4185051329376734,3.1860789617153684,2.4959050851039892
4.794138892267605,-5.426592203914854,2.415954099363177,3.180924625299633,2.5011292763977604
4.791404037541517,-5.439935410312048,2.424239109214023,3.183785422091046,2.505387804612982
4.805895789997479,-5.434618518380147,2.402462337418634,3.162185996273026,2.501706465004328
4.816423112663732,-5.428830845499161,2.41333746714076,3.159699219883725,2.477921631118942
4.810563036824243,-5.428903134115718,2.4161489943331986,3.1407388669058927,2.4627094175396564
4.819107532801812,-5.431036187026375,2.4107937573954126,3.1382316925568117,2.424086605093034
4.833949347200217,-5.4116415114403456,2.408939775647227,3.1259340110158,2.3870915534747934
4.860866284780674,-5.410618058137166,2.409336793938043,3.0959593489756942,2.343962017204851
4.874698533840292,-5.404923933017644,2.418081702922572,3.0898669189148475,2.2926823400240384
4.894783282302931,-5.393270847584157,2.4181226336653423,3.062369531721546,2.211872519717851
4.936679724726088,-5.375844754206694,2.4205345251538097,3.0349273218522534,2.136806355510265
4.957759411007157,-5.367182928547337,2.4155099723594766,3.0087108813210106,2.0422988574186154
4.986283912810719,-5.347870060179393,2.409104501319663,2.9852265696026272,1.941305489535004
5.026824727601325,-5.324215056515318,2.3972263376306113,2.971394410419625,1.8236660803870584
5.054157472494079,-5.304111419765986,2.397429744255427,2.971486619196338,1.6713222364850355
5.072610246765821,-5.286211081943517,2.3861893664098526,2.952108984156015,1.520874064024623
5.0803568860335195,-5.270175181768238,2.377813802610779,2.9454998278438627,1.3673765541464522
5.091507499850261,-5.256548893360148,2.373258241232804,2.9487629303820215,1.1896547892320561
5.074346276265958,-5.220411656682633,2.3495565515016397,2.9399919674232726,0.9792251931968086
5.051029275371458,-5.18463253107251,2.339387701113265,2.9702893452929215,0.7703304279383696
5.000490469497386,-5.152732344432609,2.32595076743693,2.984165110435848,0.5704714054563639
4.963218677921169,-5.098655645715628,2.3112354986799923,3.0038895535179555,0.35856903065719736
4.900231970590017,-5.057007732432513,2.2984922696748655,3.0217645233389976,0.14514265996915676
4.850090109846867,-5.00135540615286,2.284988902823542,3.0569888923130897,-0.03721660986614226
4.778862507293218,-4.9617584008144515,2.278430154787422,3.0906643700665546,-0.20731489395957137
4.7115597684565635,-4.9175068221526645,2.2515391850240496,3.123218434948705,-0.3649898442372965
4.671649281052707,-4.875080261363752,2.240002387983846,3.1489850224520013,-0.5034028208719435
4.6262319291548994,-4.834652047126929,2.2355010531342807,3.163997783981125,-0.6035883368921203
4.581236341625587,-4.805055782425781,2.234289422989326,3.1903094909252268,-0.7027377601229189
4.546162879755655,-4.787633697188805,2.2258512333999034,3.228367587576183,-0.7745901201404443
4.522328086019893,-4.774373710264246,2.2125976825450735,3.260558639818661,-0.8214558123045853
4.510509343606577,-4.780501970651017,2.2285286812950673,3.274290021665065,-0.8578601017599311
4.506590603265815,-4.82429783284924,2.2325299756730637,3.299319308628307,-0.8881072490127307
4.53031135641435,-4.852491115398752,2.2631107309710363,3.2940800984401934,-0.8728764777631652
4.545305099491494,-4.89827405396212,2.30005098167552,3.284467942689719,-0.8468012949903201
4.566966861258641,-4.9483487818136895,2.3205119229301423,3.2715365908924787,-0.8176390103602758
4.59565335429617,-5.014032099875112,2.3559100845806134,3.267564092448063,-0.7494662467284153
4.626380809501351,-5.064043881492309,2.3766654191593974,3.232909905086025,-0.68351421492352
4.6543687655383295,-5.141254708390724,2.4089328683854734,3.1978167664166577,-0.590548271561588
4.703016529136741,-5.199101859900125,2.4411376197113674,3.168622849661448,-0.4839813409012067
4.756053387120209,-5.27910164411875,2.4892554789465313,3.149040106270706,-0.37404719313667095
4.795171381236365,-5.3435843275190855,2.5164753935916324,3.12182600278483,-0.25009610524771214
4.840223963567708,-5.397805454456167,2.541448125024199,3.107481690931414,-0.11286800413043573
4.889418875709925,-5.45638053320293,2.553577381558358,3.0937577227687787,0.029511614172015702
4.933725504032173,-5.4928068182292105,2.5960250321891287,3.072671825050807,0.1959515784167491
4.961849228634168,-5.513062915479431,2.581579698558922,3.0493867810563664,0.350184951791538
4.998047714383048,-5.529422374703065,2.6081086683379926,3.0271670734283256,0.512681549554563
5.014382356773123,-5.5400454773777925,2.5903292721649964,3.0182428927904343,0.68838632849972
5.03173660168563,-5.54052749007783,2.5870852033072884,3.008423534748627,0.8288834296336518
5.034084101090011,-5.540185188499891,2.609266831885,3.000580171773344,1.0006009868068737
5.02388449797394,-5.535557954625036,2.593581038649602,2.9950204676712646,1.1715494377974003
5.010610211473658,-5.541689565813172,2.585960846371589,2.9996379419148123,1.3091405329143868
5.001826150410222,-5.5226854750692205,2.568401687205058,3.003181839999685,1.4736830260835696
4.9838225139165635,-5.519690889841554,2.5497927244078697,3.0137922572368834,1.6237266976447553
4.956642623460328,-5.504390905744905,2.5431642487060278,3.0325471656987775,1.766103059294697
4.934565703493772,-5.493055734852574,2.5203957923931872,3.0610371597580026,1.8997691908864174
4.911781770600818,-5.486374920927778,2.4996306287190024,3.0758049341847404,2.01318537582229
4.885317912827256,-5.4789496241968365,2.482833999826639,3.1006870479637763,2.11212383935277
4.868224555904594,-5.4710955604504115,2.4711410455197034,3.1124579601844364,2.213906647243256
4.831114054408972,-5.467027155905439,2.4681127754456,3.1438985160078343,2.2940209080655953
4.814656033009519,-5.458992376933731,2.44817976560432,3.158425192946882,2.377823578909654
4.8006046140831975,-5.455579099603033,2.4549155659483684,3.1857278928654704,2.44463949507092
4.781531625660642,-5.446952895623387,2.447280534111663,3.214164325102952,2.510508352666692
4.767832009718522,-5.454597109243605,2.4355152682462324,3.2245431387980936,2.5520289440565955
4.756378093924976,-5.458401029168066,2.4329475551733513,3.2563334161168167,2.5959380111016057
4.753133594309185,-5.460445372669309,2.4322638715108544,3.264254935023274,2.621448969637752
4.734847507920051,-5.451378628441537,2.425612715725445,3.2721646312308423,2.6487681802800225
4.740897810133083,-5.455468244838438,2.426597166246676,3.2870615327648176,2.6645046883237558
4.73762657314218,-5.4533690077315295,2.4190984416079417,3.2882736449005083,2.6696447892546207
4.740896793762612,-5.445031304371425,2.4182544949689477,3.2843705208264695,2.675591944160473
4.737431294599253,-5.443622329180235,2.413008638547059,3.2699914441787548,2.677537909935193
4.754525469818036,-5.4427627452693415,2.421490217710429,3.253648924061954,2.636967570846222
4.75446061325961,-5.441561153396672,2.40706264092064,3.2392141445836478,2.616018463696531
4.7738074333720695,-5.429079359910853,2.40375919489334,3.2098024566519534,2.5742865603386864
4.798141758071489,-5.423621930021424,2.422677287016605,3.1734314909616814,2.508717690955027
4.816746335763472,-5.428030268181581,2.4256815499154976,3.1524421757205623,2.4419635944183398
4.846682990043668,-5.402656706763839,2.413009109074799,3.1103269832378104,2.3473675062659134
4.893024999446295,-5.391020476857314,2.4098939565399204,3.0730184809485506,2.2305683423119307
4.948645532014733,-5.360057447690333,2.414713036396645,3.0336154682553356,2.094119102653959
4.976937090822706,-5.330860095345358,2.396086415745073,3.0086580021010176,1.9269331190114127
5.022303913620836,-5.288854645080073,2.3813661139983804,2.977634441122,1.7306082603538508
5.048155068885371,-5.22749475733944,2.3562738178736935,2.9766657505016783,1.4619241375797383
5.03835651211201,-5.166423153625104,2.335266943517608,2.9859352906595396,1.1588679158745305
5.007646762597946,-5.056371984452852,2.276040565826922,3.0049110149258524,0.7846768613380601
4.919417518233123,-4.9004956294645785,2.2101669295084907,3.067073180327625,0.38905564767424256
4.785964137830142,-4.680001208144464,2.1273321749245326,3.1364182120924595,-0.05991965458992928
4.63379444773651,-4.397951655369374,1.9958456924280341,3.216127419498974,-0.4936417628122762
4.431919594485806,-4.055616940471155,1.8222604522435568,3.358378086008439,-0.8834788618450367
4.206002811399658,-3.668279811681438,1.6066665705210388,3.475890099850548,-1.1953190037330654
3.9781791296837072,-3.295703556619606,1.3543008538622001,3.6242891249614706,-1.4193383027860484
3.7214882817887123,-2.957312541977275,1.1015990403506204,3.736478046289293,-1.5801513946742445
3.461775859138298,-2.663021351449883,0.8342082827433402,3.8365195821046907,-1.6217183948471758
3.213027556005595,-2.389752438916786,0.5788422551495533,3.91359234836992,-1.5928639523172547
2.929025217098657,-2.1863793243697183,0.35248312847152363,3.9502766105821427,-1.5407297957115593
2.643440109948791,-1.97972531832693,0.12938661874464633,3.966564259701303,-1.4656389517180537
2.346303609088079,-1.8252604810722906,-0.06136459284662646,3.949540907670831,-1.351102933319628
2.0316984634768915,-1.6890110444087856,-0.2046915040879349,3.9090943817492203,-1.245675923555188
1.7206959128088732,-1.6038355105818758,-0.3242792219553565,3.838318481997378,-1.1385890781919585
1.3797322565577952,-1.520033411138304,-0.40606258927676475,3.7434238334038126,-1.0387255090193124
1.036604181832016,-1.4570468397904925,-0.4718315537469796,3.6454332633357174,-0.9280476789806319
0.6984675577117947,-1.4447714128983937,-0.5097096332473345,3.569332476078305,-0.8028728959015715
0.3750145406134548,-1.4627267291263,-0.47147808431730626,3.475751531699074,-0.7345749055435961
0.10631099373210018,-1.49898394650128,-0.3990732650718456,3.3899884791147485,-0.6701477649025968
-0.1780793420035645,-1.562016286664309,-0.2993645269937368,3.2497447504289445,-0.6687555744943304
-0.3979237886342519,-1.6594166099536032,-0.1569866143095741,3.1371018125815633,-0.6600004153531314
-0.6003581227972032,-1.7332276626178658,-0.03729543389186263,3.007673987870986,-0.6997083629623619
-0.7922976912801709,-1.84288254730983,0.14866984172954675,2.870202438773975,-0.7635685205025774
-0.9391785920835198,-1.975031542673672,0.3008384419384809,2.7311345991495277,-0.8517812338628052
-1.0618192598882537,-2.101458251790185,0.4784461268968818,2.6027124205994885,-0.9234535106206412
-1.1637009474255886,-2.211487232329068,0.6342592592935758,2.4819660968711927,-1.0243776532337936
-1.242822127644349,-2.320977458555075,0.7665814907543262,2.384566037243813,-1.1203209034618984
-1.3101458469561558,-2.4075415833625,0.8858434628264199,2.3069714112032558,-1.209346972417565
-1.3340303059167626,-2.4942742619634766,1.000974455321367,2.2571730810965964,-1.2817211059094635
-1.3607382185308121,-2.5789816202533626,1.0884784301568409,2.2124238107898044,-1.3853979654325064
-1.3746835374912458,-2.65411947035746,1.1931213648003491,2.2001145812192724,-1.4615774455776949
-1.375555633381735,-2.716868583757186,1.2743240364103663,2.212102221100833,-1.5079564550621989
-1.3497834484601023,-2.7866888470758138,1.3497070447573771,2.230813852448298,-1.58791997915916
-1.314600168517642,-2.833645042797961,1.3957127728330214,2.3100198050286216,-1.6365064350725864
-1.2599596707206355,-2.9121457568191995,1.4469138422820234,2.3717884264708244,-1.6967014197423493
-1.2041603283675022,-2.9889334272418746,1.5106482586442227,2.4547458428833577,-1.7125948667418995
-1.143167180017799,-3.050988356972732,1.5580913284336004,2.5617057229419142,-1.7562995286672527
-1.0617192344330584,-3.1248827296165107,1.6260219723799043,2.6937219664834995,-1.7883724733279804
-0.9644285508439713,-3.2068747984336015,1.672174642345236,2.848962251604873,-1.8309554254695455
-0.8508687817979227,-3.290420569432951,1.7387381039735208,3.006107962787295,-1.8627791088949184
-0.6939981273581798,-3.3968634407765492,1.7975444205804458,3.165528799328207,-1.9244949955391433
-0.5488862134786527,-3.485028285813184,1.8443723599149624,3.3072887579164907,-1.9922897377451108
-0.37388205359674315,-3.5695896089828834,1.8787568790534674,3.4515525505163254,-2.066522120648038
-0.2013820918878124,-3.6568279712098475,1.9291648443820881,3.6180705664044552,-2.1521056085693275
-0.004940472804450882,-3.7338005357779007,1.9645212389998405,3.767110356451862,-2.2425149298762825
0.20248506467912364,-3.848706156984293,1.98753272271416,3.899639894205372,-2.366832825285884
0.47042635464283755,-3.9276161895815567,1.9868660552152362,4.021504011282854,-2.4827197002561245
0.7529694633414117,-4.032489649072969,1.9972565613248539,4.099572319361061,-2.5589052861009853
1.0575580024367255,-4.140084218860083,2.0024436106308903,4.134695673526695,-2.6106455069442953
1.3926693021913275,-4.270853638440614,2.0252592024311276,4.130652494461016,-2.605666642353272
1.765450115694932,-4.4084087422085805,2.0651599474868,4.090346788734892,-2.548399085631511
2.1344913593797585,-4.548368131426333,2.1145643529172484,3.997775941400803,-2.4458017184311727
2.5380094127536603,-4.67465415408097,2.1852084825504594,3.8868856966248924,-2.272980862920782
2.9218236254153784,-4.813424865230698,2.2831436338143862,3.7638247414859918,-2.0559732108012185
3.279428100347438,-4.950190690598637,2.3586055749224117,3.6476511118197346,-1.7967891248517953
3.609205189879615,-5.088043751544294,2.4530463399881537,3.522822876664304,-1.5087131945900358
3.926646812398087,-5.232821490612678,2.5313958816306004,3.4143176596716,-1.20381713562475
4.1793834187549175,-5.347613727234551,2.603970569374959,3.3063994053893646,-0.8821488357690017
4.400420603733155,-5.453718409913984,2.664939215372051,3.2342323992148843,-0.5645099307902026
4.572667188755033,-5.538077036860058,2.710378487603242,3.1632670889205152,-0.23597705410537817
4.712566705530538,-5.58455921672258,2.7116854898142315,3.122297923846798,0.08862495388368791
4.8044351274640595,-5.609533469008333,2.7104174106253627,3.0965066338798266,0.39994560203524904
4.860600572441871,-5.626588661949076,2.711428232689667,3.0747020634108515,0.7092837992863964
4.901920141823789,-5.622549500717103,2.6780427433711784,3.0683673160324227,1.0022806985332664
4.915708965937973,-5.600455069107551,2.6570088896356086,3.064891600805711,1.263243482547385
4.899160957364722,-5.591067346234622,2.622414873823308,3.0792186348052697,1.5143208816536373
4.880183279424094,-5.574099298685083,2.6029459926268794,3.1078743483841538,1.7327784697498934
4.84899562727728,-5.55546001802049,2.5616231494198582,3.1383419636091605,1.9390849145393825
4.842668339439374,-5.539127040036787,2.5433395018354195,3.1718001157010813,2.1142951766403213
4.8020716293290935,-5.511445819668609,2.519787561043535,3.2086420117965204,2.266717500111593
4.781535420234305,-5.515501730325204,2.4988136072371616,3.265322874104424,2.4102468396012267
4.74763675291061,-5.512929459428914,2.493800270125796,3.2875654220405153,2.52639976164056
4.711059440666919,-5.493500313333224,2.4916786464908975,3.3482181996416016,2.607694960668455
4.6990286872271465,-5.5087382039809425,2.4993702419929136,3.405303122524855,2.679117896325796
4.6810442355656585,-5.511291828305669,2.520920487536128,3.449112101432314,2.743233637442725
4.655582527779166,-5.519221849399018,2.539404318424823,3.517700204835467,2.7825802887019324
4.657191205008073,-5.537952559502017,2.547610051997237,3.5541174744144453,2.812567876620698
4.644008837411534,-5.546866758723016,2.5711926105147227,3.5872047032236436,2.8411487253890897
4.624062856359992,-5.551624475582891,2.5780283876077226,3.6004011402336245,2.8448743249345303
4.629982736024414,-5.553023729917942,2.5849276304878437,3.5972483328494507,2.8416074282355326
4.640980125427318,-5.551403051785598,2.5485950220749443,3.5813071704741573,2.8450556078700853
4.644799013373631,-5.544672279442168,2.541973925389331,3.54075195935645,2.835962940530374
4.6647568061866975,-5.519704582048529,2.5097997903133358,3.493991398546272,2.80281505736056
4.689723208450082,-5.511385313814534,2.494227306302308,3.4222595041847637,2.7551788909801402
4.72157361233882,-5.500413748347422,2.46932373060909,3.350267970765579,2.672890132420028
4.775222710127178,-5.472646281615088,2.4646055105017353,3.271313329007833,2.5511480934495308
4.846885647498448,-5.427350910717662,2.4414364389414542,3.1817297488683867,2.373133870122476
4.9303039107795055,-5.361025531916518,2.4244227303591814,3.1104218416601346,2.104993765465358
4.979875864903116,-5.210189918609059,2.350863181607748,3.089503228220494,1.666553665966387
4.9226032650782745,-4.7950620652601454,2.1715184365394045,3.1563093858105726,0.9586675074241735
4.640657041967663,-3.9769517777577548,1.7680500130582468,3.333958361462953,0.09981815849203281
4.1674550313229055,-2.8030683011488793,0.9690091013136282,3.4214735635162885,-0.477626746533382
3.327325583820458,-1.6065545788732583,0.10004768674086502,3.0925073855735383,-0.5630145295574414
2.1055624872282555,-0.8096029588511687,-0.4469393731724549,2.071654359520873,-0.3123044474792358
0.6472072617758339,-0.18720474231610315,-0.5257144646471171,0.5853104147102112,-0.27774741035814743
-0.6903808926724851,0.35004836714261883,-0.5582272830116487,-0.8829601167308481,-0.4572452954666102
-1.7734443466410803,0.7965840521337683,-0.7121717143583937,-2.102640040594957,-0.6442775074878727
-2.6051755483169994,1.2284972502706892,-0.9305120502690103,-2.988387932161058,-0.8603425994614022
-3.192898202251636,1.6190434232394335,-1.1838995033470063,-3.5992887977274717,-1.0462664980495295
-3.624203707458265,1.9983203371198492,-1.4067448731708039,-3.994609284575043,-1.2238846950285889
-3.9242073812513816,2.342337137119244,-1.6313874794489256,-4.254493592221797,-1.4043044273243734
-4.119375265900202,2.642891855447626,-1.8050320419683703,-4.369991590198658,-1.597540967776842
-4.243653894232663,2.9053603875657004,-1.9422705673877398,-4.434351107516842,-1.7614077028699944
-4.337788558142353,3.1542258314319143,-2.0784812521850538,-4.459911804575561,-1.9219895656857466
-4.394642950496408,3.361282870520737,-2.1881740466585917,-4.476958964667358,-2.0404897313940773
-4.428632600669026,3.5290270755675897,-2.2750521525075027,-4.459310464129305,-2.1628547888144594
-4.451013580305445,3.6783688914539994,-2.3372119438821963,-4.440865815128514,-2.271646563978195
-4.473325511876386,3.811098316697879,-2.3928590755945724,-4.422837363307834,-2.363022195340473
-4.489979414550752,3.928479237230162,-2.458237380823284,-4.399451614397986,-2.4447394416890886
-4.501494914595903,4.021466887697719,-2.49522315310599,-4.394285694367273,-2.5174113512968277
-4.505209206912661,4.1000568768162715,-2.533539571323619,-4.375371918077302,-2.5796891722852013
-4.50944174440167,4.180232200979126,-2.569937392474047,-4.358585038920184,-2.641135626446467
-4.5174703933299,4.226355878080642,-2.581070099461822,-4.346938301244815,-2.6833483718490903
-4.523793295077288,4.285617544857138,-2.5972488747669433,-4.331103806206858,-2.7286041849620966
-4.527115702984874,4.343822451182355,-2.6198957983409925,-4.311102709207833,-2.7647834767641335
-4.532525408778496,4.406771194427119,-2.645085319468219,-4.316011386782855,-2.797492470229596
-4.534452274662319,4.443028934052765,-2.658561054241471,-4.320887824273263,-2.8381895683115204
-4.538145081425828,4.480784332435829,-2.684320172836001,-4.316702026010901,-2.867326566792943
-4.538463374632106,4.510914581462329,-2.6819830571827095,-4.299580977129324,-2.886725653050905
-4.553829607153577,4.5537012953298275,-2.6975597133278,-4.294196922933042,-2.90840559197366
-4.5552034174154805,4.57813076096141,-2.7149293614731893,-4.298707447296203,-2.929896192081451
-4.547994369586919,4.603613353216119,-2.725006936558902,-4.292168404061963,-2.9510580523246546
-4.5479490082827,4.64442037587517,-2.732776328615748,-4.295632478223478,-2.956940245812984
-4.560232562719326,4.659480920767563,-2.734327455534819,-4.284473842132005,-2.9749767171646173
-4.565111920891326,4.678377553476605,-2.750638465860417,-4.285679350104167,-2.9791445215818753
-4.558471406197451,4.703583358569466,-2.7578867457283787,-4.296196279951057,-2.991147701800545
-4.544312576548918,4.717745252365904,-2.7659616253914927,-4.2830899760618415,-3.0111263951650433
-4.556316490459438,4.731494881626061,-2.783327457939928,-4.276142922527665,-3.015186306032739
-4.559735044059818,4.748257810946382,-2.786267285370276,-4.278514543674026,-3.0320781443981883
-4.564003970285261,4.76244434501778,-2.7838403029461305,-4.279692466650497,-3.0343781072224
-4.560971756525189,4.779377454853925,-2.781078741713101,-4.276262580644553,-3.0387034212282398
-4.559556332695693,4.772678176775023,-2.7898928360452278,-4.283690384170691,-3.0446450445015953
-4.564176318171548,4.76967287443326,-2.7905204438408306,-4.284743048822523,-3.037949601417716
-4.561076205854033,4.791653433336643,-2.7903715812827734,-4.279992351675073,-3.0472805956771474
-4.562062477096955,4.7926330115908335,-2.79410993721365,-4.282562615506638,-3.0511565474636413
-4.562491485100187,4.789081380565003,-2.7938969356483394,-4.286562809824288,-3.0475744825111186
-4.56250132714625,4.782925893830454,-2.790537418385803,-4.273692676887109,-3.048075517004233
-4.574925334787613,4.776033545895482,-2.7837029488100047,-4.281577247586638,-3.034394461376326
-4.575401984137675,4.771350431030771,-2.7797126647294887,-4.284637336301194,-3.044033039948312
-4.570492065104043,4.747244297879087,-2.780813158574872,-4.278745590651887,-3.0335900066366257
-4.57382393151191,4.742493223800685,-2.764633029243911,-4.286203408800015,-3.0335283928549606
-4.576757255221971,4.7301312780950235,-2.769415480817713,-4.273664999289048,-3.0297964077973703
-4.572297393258998,4.713925722607532,-2.7598418628262813,-4.277434963210266,-3.0175356361000256
-4.572735182326189,4.688312609401225,-2.7474591745753165,-4.281717067277059,-3.015336637627194
-4.577347161839765,4.672494000341292,-2.7444539802573376,-4.2842710677797635,-3.0098573354227516
-4.568418739382712,4.649508366993842,-2.732622763593601,-4.2834561759160685,-2.9967090273406174
-4.580574432382757,4.622911828645508,-2.7236505593824147,-4.2945115057708065,-2.986695095389393
-4.573138633160853,4.602588214841647,-2.715952172737322,-4.287404727480697,-2.9740855201931855
-4.5823085635702325,4.587751488194569,-2.7286366404009934,-4.2891345849677585,-2.9617640197266426
-4.5732339570784175,4.567821484558885,-2.7170386033366625,-4.293083649598917,-2.957722357315391
-4.573348738154403,4.541192215651073,-2.700627031423695,-4.295347040387475,-2.9568428034959195
-4.585478674681311,4.510139355341929,-2.705658113717059,-4.316593639165654,-2.93555634252855
-4.578827705177172,4.484762662772911,-2.6822541291802926,-4.324647158201142,-2.916033922180386
-4.577125406874824,4.456266969220048,-2.6631535951711465,-4.314032306167456,-2.910355548749993
-4.574568056002304,4.429773432055212,-2.6633065553133535,-4.3140139604822485,-2.8909208616476962
-4.572962268535849,4.414306126585252,-2.656262666113123,-4.315460773288428,-2.8821740844250776
-4.567877622277728,4.392412512307018,-2.645760470022247,-4.316726244996845,-2.862975488771362
-4.559038515889586,4.362363008718745,-2.640893773710733,-4.302836571493669,-2.857073196180843
-4.5588098092684906,4.357627146359436,-2.6411392891876657,-4.308188579017899,-2.8445924938244636
-4.554640100197912,4.338052242425408,-2.6289743421576355,-4.3112715666778225,-2.8346794555152193
-4.561221653790657,4.321318485998122,-2.6218923797277673,-4.314132067384069,-2.831429770436781
-4.551857160939331,4.311455443195747,-2.6166133532264917,-4.3191920761850335,-2.822025146230514
-4.553833678522825,4.306561075041669,-2.6189945741621115,-4.323575314391272,-2.8097365233349403
-4.552422582904194,4.29264353232374,-2.6291278331056858,-4.321405375361143,-2.8171005402253324
-4.543651840542037,4.299356029580988,-2.633545224732555,-4.332930424257941,-2.812825473261939
-4.5530445449674,4.298658742808028,-2.623005757634384,-4.320236696053449,-2.8005695516735587
-4.554429265314606,4.29834305160501,-2.622854672587098,-4.313486128666923,-2.802646077506452
-4.5466318468762275,4.303656139227344,-2.624543325677066,-4.315528087169309,-2.804501341469546
-4.549390966279196,4.32158629524842,-2.627336446085099,-4.321024883283975,-2.8073126139500766
-4.557992303724623,4.3329864253314625,-2.620445646286417,-4.319179655190958,-2.8198407467961646
-4.554660959797717,4.340734120291783,-2.6328599043057386,-4.30838153673556,-2.8233480294965387
-4.556090586533304,4.35602688234717,-2.635382329255374,-4.307155360660673,-2.8358980229942095
-4.542568921977426,4.3881667411919985,-2.6413201562735558,-4.303519089375428,-2.838888373551021
-4.547848131768466,4.4101507173685865,-2.6550395441037495,-4.305575352831728,-2.863000282187542
-4.557142957305699,4.436182897645812,-2.6674542527612957,-4.304934011382683,-2.8714775486851276
-4.551974919854693,4.463441092100051,-2.6816326112142748,-4.298277916719138,-2.8875251542532903
-4.5626180817913005,4.482275106472407,-2.6857562131268864,-4.301574769437645,-2.9033252547891037
-4.567597582161922,4.519773916633276,-2.683715451146971,-4.298241980679195,-2.919470106907733
-4.554170773875204,4.5477916922101915,-2.7055888448529597,-4.297440328859166,-2.9210424144201745
-4.559260207551347,4.567001210362472,-2.7054342270649276,-4.294125482716947,-2.9321275011639845
-4.5573602674142135,4.60371412261736,-2.7176093772628005,-4.292583068027178,-2.9469774817217504
-4.555670940774251,4.629752740719669,-2.7243973315885164,-4.2780489012913065,-2.9561767657405067
-4.551691322818747,4.662304770592867,-2.7488543413225788,-4.298934354663889,-2.9788381175473866
-4.552662794275363,4.683527554341554,-2.7477612254038113,-4.276399559859606,-2.983542188349898
-4.547756470366271,4.710573460819863,-2.7552122493834967,-4.271903065299397,-2.9934170334314865
-4.543480531676144,4.723675404113815,-2.7642460678742857,-4.272646312074937,-3.0076995555440433
-4.554340494181795,4.753653348363848,-2.774409048978027,-4.282504664725445,-3.024060343708987
-4.559386022484473,4.766167764647219,-2.772817913826042,-4.268351326612126,-3.030330888183005
-4.552061580719233,4.7883742499913176,-2.795177755359366,-4.268901003082281,-3.0349385349139353
-4.551201849610204,4.809298684832873,-2.797515175327772,-4.271226370986135,-3.052911712786921
-4.550989650719642,4.82489335835581,-2.8114310796460815,-4.27408070935133,-3.0572908637165424
-4.553103805649318,4.845337156427699,-2.81527975513243,-4.288286302261059,-3.060456051475416
-4.554439674462609,4.858806676837964,-2.822771191841603,-4.289417548141309,-3.069945090856928
-4.557644235574665,4.858430758536384,-2.8236803953661096,-4.2748507511433,-3.073388095430428
-4.55363756459608,4.8691162901603,-2.8097206681903724,-4.274358494777159,-3.0811734831965656
-4.558154678465415,4.87183745143077,-2.8214869355855354,-4.271592445695627,-3.0832718240977166
-4.545962256336179,4.864377050223362,-2.825948099642614,-4.282142916080188,-3.0852135702776824
-4.564506105298718,4.8600710570894785,-2.8256502253794595,-4.278751071408927,-3.0821714166367062
-4.568377701282629,4.8731880494583155,-2.82549552942983,-4.279210444347511,-3.0832895241701115
-4.560208819300145,4.851975752054246,-2.818182199134411,-4.272423795329225,-3.079465432885815
-4.56251642470161,4.842053181938858,-2.8093916487874764,-4.268503506787679,-3.0819087388245325
-4.566775127039787,4.83460039377656,-2.811472654499877,-4.277879031349105,-3.072363765076839
-4.568363698608691,4.815990559629272,-2.8123606001432826,-4.2967997276792556,-3.066951675075886
-4.564053928851737,4.794256881970941,-2.803952106467523,-4.270315547767025,-3.0543816809071416
-4.565936471143179,4.771663599774017,-2.792226324268392,-4.290242364521353,-3.0467860913761697
-4.583952366486799,4.741320906164292,-2.7710450254366195,-4.2837719181874165,-3.0399097928124443
-4.583435919173227,4.710341895537756,-2.76313975721044,-4.28853089077752,-3.0258524979692814
-4.577292141509382,4.681257165357963,-2.7334689680628768,-4.2810572302967955,-3.026993841886011
-4.576737398453317,4.649342202615296,-2.7400742869121935,-4.289219920951556,-3.0115607745474815
-4.581193908102588,4.609083040403269,-2.712214404493752,-4.291802503095566,-2.9975383272860276
-4.583339024213621,4.578141927318681,-2.7156915727436575,-4.280455828277849,-2.9649302522975445
-4.564872119746573,4.544604091045244,-2.7009337606083665,-4.298582039780381,-2.9505128213594274
-4.5719483520043775,4.501423241636036,-2.698857218660629,-4.296559957743123,-2.9330464925262354
-4.574230590510305,4.4702014516335185,-2.6719506127637094,-4.306220253577662,-2.915549814768617
-4.572323807494983,4.4227585985149025,-2.6572883828624962,-4.30974002939187,-2.890152323911558
-4.567499421595439,4.383258059659153,-2.6541673467228155,-4.324511739536733,-2.868677462792014
-4.558483816384568,4.342988759020064,-2.6325999300683995,-4.319870295190895,-2.860366131290581
-4.573053996362936,4.311223870675014,-2.6315678978116916,-4.331500097218868,-2.833427858385742
-4.564391909015205,4.2663732566636385,-2.6041698266962046,-4.330949187379744,-2.8107179894897283
-4.562022360527614,4.237608412499198,-2.6007428190540627,-4.343707323713208,-2.788748622179187
-4.560672610543767,4.2162855100843215,-2.5942368584106457,-4.339997335095468,-2.781891971374416
-4.542495596528541,4.18798573338812,-2.588464230298971,-4.344518258251243,-2.7590273564579157
-4.55133585475324,4.177184664602804,-2.5905267925769384,-4.342392639577276,-2.744864790147576
-4.54262647920407,4.14640068626061,-2.5706282255787114,-4.34248053286597,-2.729892309592882
-4.546785434741764,4.130118916949696,-2.57047711414848,-4.357699656658222,-2.7186051318317106
-4.530000417658561,4.136875243055701,-2.5776523597390746,-4.361122911886296,-2.7275631694987164
-4.528101092295659,4.130529529983399,-2.575416068257346,-4.360455629556596,-2.721689898999271
-4.536859872438194,4.123023283215337,-2.5740136705373513,-4.351472342305484,-2.71403928802895
-4.525300605649764,4.136861505281294,-2.5580513048262215,-4.35273900810471,-2.7184420880719764
-4.529801698123815,4.140380466806528,-2.566037065166595,-4.3478920272294115,-2.716668965340728
-4.536226121827405,4.16822678987723,-2.584777579070444,-4.350735692071807,-2.7270270058921757
-4.512445566663676,4.181708942002688,-2.584323809294118,-4.340461834300997,-2.731503162258574
-4.525235882955435,4.19973443045026,-2.5908005658919624,-4.333891822303778,-2.7359254054020092
-4.525203124006178,4.23406132504201,-2.5986357244540352,-4.325577117907188,-2.762124746419227
-4.523290213744635,4.257050787455238,-2.6040814266058465,-4.317050407735984,-2.7754680277416726
-4.539882088875769,4.301662320055655,-2.611031655620646,-4.308845863820041,-2.7972891181225896
-4.54486578979629,4.327797262794664,-2.6333973886661135,-4.312154202936428,-2.8127745063354035
-4.539460298672855,4.370556667977631,-2.6323339328318878,-4.306844638642692,-2.8238883116405336
-4.545434737121177,4.409044516164413,-2.651573064136429,-4.303002583154724,-2.8421528362048822
-4.547812432313927,4.453644444675112,-2.667998699648765,-4.289158157755077,-2.868296709409157
-4.5450628195238965,4.505369387897608,-2.683040249915923,-4.291121196612406,-2.897244858539112
-4.551151536298845,4.536286614844264,-2.6993649305889775,-4.280691617454168,-2.909084402443096
-4.556834952153588,4.591399741925866,-2.713844587487554,-4.287414382335181,-2.9215125280364167
-4.543354111998204,4.624224870190401,-2.7287382434746683,-4.287193503208985,-2.9534075427262785
-4.547877928511032,4.661419571655183,-2.7453262966935554,-4.281210575873833,-2.9696155097477823
-4.5510581484636345,4.702669034668616,-2.7614243341050466,-4.287137312517847,-2.98597265114196
-4.548111260512121,4.746631527751663,-2.763380472235152,-4.279190235953087,-3.0065913005112854
-4.556755759685961,4.774019269744517,-2.7812118530814143,-4.285031535966941,-3.025342112631016
-4.552334235695277,4.80522776060516,-2.7990264968458316,-4.271660725005092,-3.0353107875737275
-4.5460421227170364,4.836666869465394,-2.8045053575016095,-4.274970870441963,-3.0495663318389092
-4.553958577357803,4.85768254562744,-2.811113825435024,-4.267474821248087,-3.060146114744922
-4.546497124257298,4.889192258295929,-2.8324681580276314,-4.277011419294688,-3.0743093565646484
-4.540725717691511,4.905447702220307,-2.847275041968487,-4.280049523621395,-3.079002330862509
-4.544410770597269,4.929225290554806,-2.8564799389549864,-4.2742051248183905,-3.096148960890862
-4.54841939982843,4.949508398860502,-2.8612301190920437,-4.280100424850166,-3.1029333059659367
-4.542927850569643,4.956384618982652,-2.8541180051479587,-4.278346714056229,-3.106968129165919
-4.539970357958707,4.960459340846927,-2.873024424217824,-4.280912897526963,-3.1156484862682294
-4.550688243958641,4.973887811345761,-2.871366059498101,-4.273071428962157,-3.1167701827874774
-4.546874841309167,4.9750594824761745,-2.861139856976784,-4.280953811289488,-3.1128758675269728
-4.546633235763289,4.978400580428126,-2.869370605353058,-4.295414178500537,-3.1215346958818584
-4.564334043450015,4.962590740497494,-2.8620722840379433,-4.285270529680059,-3.1124380358942543
-4.554211073141777,4.942892908606374,-2.8741050242092867,-4.293742585232875,-3.1167292925590586
-4.562085465573079,4.938451972828665,-2.8489578882158155,-4.271519849514175,-3.102388278629577
-4.558779762185533,4.914783675708767,-2.8558695448870943,-4.278160108037224,-3.11063542609407
-4.564905582466744,4.896000979590705,-2.8352443131426086,-4.280680644735878,-3.101606564991037
-4.5666925925925606,4.873351559482176,-2.8305691612756863,-4.282813983144855,-3.0910476687731467
-4.567428571976332,4.833284232033559,-2.8165576725491115,-4.276134136828772,-3.0864856071466797
-4.5660952484043085,4.80820920837563,-2.8018407992119996,-4.2761040847331095,-3.0680283584595083
-4.570386881264215,4.770652720851643,-2.7796686404189956,-4.278280676542934,-3.049903331616678
-4.579860864698714,4.720738004858617,-2.765016552693345,-4.286610708525313,-3.0361813669049136
-4.578318387510087,4.665126499254221,-2.7449645315733533,-4.290741750121598,-3.0154048011019747
-4.585643112952537,4.616457234929803,-2.7354696792660813,-4.304415429506668,-2.9940850098132
-4.58480585224554,4.563658477068632,-2.726534096281338,-4.316997797135416,-2.969010026254848
-4.582952739847387,4.507425042496582,-2.696718752801939,-4.31947416716044,-2.948694933127868
-4.58231370679145,4.439500122428165,-2.6696164148616313,-4.318143963357634,-2.915463952086758
-4.579400888668327,4.38353858411893,-2.6498148118166522,-4.322442103962353,-2.8879213663709917
-4.585508490255073,4.317988035796923,-2.625686393510741,-4.333390755325573,-2.855081498548515
-4.571148386425896,4.253828209239139,-2.612907669649289,-4.337320618353041,-2.8239791327570534
-4.563480748202602,4.196916340071978,-2.5908846966113943,-4.340915681435407,-2.7827791232938655
-4.559601593469325,4.127780810009509,-2.570357140656503,-4.348768510423795,-2.74954234018881
-4.5385769701339544,4.071191223000816,-2.5498642077232456,-4.357868685985865,-2.707158750642796
-4.534681438837043,4.016393395706634,-2.534812768163155,-4.368427736848537,-2.675446881265992
-4.530902652612156,3.964391163010326,-2.5243899312962936,-4.372481154848644,-2.6464774912631666
-4.5163986621406655,3.911512899010219,-2.50374451080166,-4.381640667710753,-2.6230230838653883
-4.507825254735678,3.9057634368945937,-2.506316815148272,-4.397226293699583,-2.5944313871573965
-4.499911660081076,3.86237103307565,-2.4943872925478896,-4.392050602025745,-2.5784504583757752
-4.4968536043228475,3.8417216079664858,-2.480021903875004,-4.399277844933327,-2.556985296218693
-4.488049569984131,3.832679459368926,-2.486817569785639,-4.413754819113125,-2.555867892750997
-4.480297114324126,3.8284121182380315,-2.484436257613986,-4.403787899707256,-2.5410784748875326
-4.488429669322416,3.834929645963507,-2.485361513465808,-4.3982004190178845,-2.551797524655548
-4.488748415691607,3.835030371966996,-2.5000939625622522,-4.399229093961802,-2.545049598173467
-4.486514699274581,3.8449748279591587,-2.488688261531029,-4.391526586234216,-2.544545033322207
-4.484325524075557,3.871121437138568,-2.499068751214441,-4.38616942581859,-2.5541474994657714
-4.4889962227268665,3.912585910710827,-2.5199329740781535,-4.390682814144722,-2.565598018202375
-4.4838050077439116,3.950354511408954,-2.5239146095256855,-4.378751866500008,-2.5874672912289522
-4.492091651334819,3.9913235850472817,-2.521438379023975,-4.356372869217169,-2.594582017029088
-4.507741524800891,4.036875757749092,-2.5463790249925466,-4.367255895338265,-2.642881674846942
-4.504313124639988,4.089987861152068,-2.5644842275312105,-4.350543877162029,-2.6638477065477915
-4.516488237736523,4.155841768412539,-2.5796164395032823,-4.340855292699112,-2.6837129117509053
-4.519253674173662,4.209523200756951,-2.592194287328315,-4.339926489776411,-2.7291093029109676
-4.52528513339156,4.268876979413773,-2.6191990784858787,-4.3370475139993,-2.7538517590240135
-4.527466702960883,4.331227176675634,-2.634751207051249,-4.329275349696969,-2.788296355836054
-4.544120860380715,4.393247138985972,-2.6449265045770836,-4.309847329667412,-2.8253049468130254
-4.547010603865029,4.461022537962584,-2.69449734573953,-4.310328906442537,-2.854774869152192
-4.546215649603548,4.519344642286632,-2.698224148868321,-4.303297070894626,-2.879823241501602
-4.547496850510634,4.578943694873833,-2.7103647488759544,-4.283721708885699,-2.9123428962060105
-4.540781203711833,4.627430986056936,-2.7305668544269515,-4.285341301950774,-2.9478685492032084
-4.542065731299746,4.690686480846404,-2.7583030578992935,-4.2847435515951755,-2.971812053890197
-4.542385209357429,4.74803665195347,-2.781390117451221,-4.2741716780811,-2.9933431117316447
-4.543083991762962,4.795383479337284,-2.796869275428046,-4.280690080252813,-3.026696310165813
-4.545388081439041,4.84604935262844,-2.814022495114982,-4.2771076834102235,-3.0463476653866084
-4.5432945160713265,4.884070074811943,-2.8280906269527954,-4.264596418410208,-3.064815470822788
-4.545360181446355,4.930215737584247,-2.8517968849385564,-4.278115739331489,-3.0803955490897446
-4.536726761995309,4.962233755956953,-2.862549352337769,-4.282132362181927,-3.087009518942315
-4.537157584412535,4.9899402337179675,-2.8777877062962416,-4.2811338342919445,-3.1101249750632904
-4.537926670837524,5.028754235179271,-2.8917785709509336,-4.287740883483366,-3.123167499212666
-4.521504888166722,5.054072944712948,-2.8965184880585193,-4.280008352112892,-3.133819625767356
-4.526876928855294,5.06579600919949,-2.909372364754953,-4.29022190218268,-3.1376103668497115
-4.528186093199542,5.0800012561999175,-2.924581033573647,-4.290988198060353,-3.1446283614610793
-4.528499212112464,5.090901076257056,-2.916619969615935,-4.2776536901355176,-3.1570226883412023
-4.527072167289616,5.096649858364548,-2.925827375979206,-4.288563309215886,-3.153856460345398
-4.533239230780376,5.093183190638951,-2.928696001664786,-4.290574038732329,-3.1616998015821567
-4.5436499546993225,5.095257338710859,-2.916803558860232,-4.288618808807982,-3.151823792273194
-4.535315912241051,5.078359211729546,-2.9270149576180513,-4.287380714706534,-3.1615577118027347
-4.543458319128438,5.074075034962972,-2.9183689008792055,-4.2842267000497145,-3.167684796170146
-4.553848283432653,5.049196269634105,-2.895816229959641,-4.283081740112329,-3.148324839505429
-4.5561332141855,5.015985374408117,-2.8952756251682326,-4.293484488140187,-3.1507486786987835
-4.5583202570129995,4.988674760664844,-2.8777986571299348,-4.28299690233648,-3.1455210840417904
-4.5702862115727925,4.94101615335134,-2.8462925420419496,-4.290555306540359,-3.13180971622905
-4.579328307046358,4.896392309702319,-2.831732508227584,-4.286209439616304,-3.111183233796675
-4.580462368564887,4.838706010627276,-2.8090724193306356,-4.277531295622773,-3.0941342363420996
-4.579621635443664,4.7863157932522356,-2.799073501965494,-4.282523648438067,-3.07728449928866
-4.596020262949519,4.712075503179706,-2.766670576429882,-4.277437948939538,-3.05160423914882
-4.595081833982121,4.641013721538382,-2.74441110417583,-4.30844625205393,-3.02025375072775
-4.59643343457089,4.5608922040824815,-2.710517748630511,-4.309688404685825,-2.989622374086071
-4.590709728495758,4.476133710828577,-2.687608515080433,-4.318723627531166,-2.945234988735957
-4.579623557096689,4.39195448084053,-2.646378012343721,-4.326778089324646,-2.9012913587716542
-4.582570933604136,4.288979095325762,-2.6273102945330256,-4.344666464140279,-2.8413261693661886
-4.564314921519496,4.186130783846975,-2.5768408222024908,-4.3416525208347005,-2.7901522242110706
-4.559066712698105,4.077776659668382,-2.5448277314326666,-4.365231897173757,-2.7332384112453108
-4.5532180896428995,3.9662991764170537,-2.5220617199158135,-4.378869537873484,-2.6731877264773978
-4.513842656049627,3.863828689721446,-2.4997215021874086,-4.3924916900983755,-2.621762485621769
-4.506736295654618,3.765114191592971,-2.454840930364,-4.420259744332369,-2.5619756902356627
-4.481125221574453,3.6655560355284273,-2.435252357122599,-4.434027691138049,-2.4950759015670236
-4.450491783762563,3.584762823130498,-2.407190253450564,-4.444143207845305,-2.442945511665882
-4.430941021748484,3.5128098416110474,-2.3981515994058924,-4.466330038071391,-2.385190880633178
-4.416736939462748,3.433088372709412,-2.3739403204068448,-4.478764191624059,-2.3382675736988894
-4.391647452829059,3.389852317666203,-2.3668571693492226,-4.500923410342915,-2.297844353553052
-4.394042826658412,3.33486862643943,-2.3521356564821057,-4.507888288715506,-2.2654671000743303
-4.380823774585256,3.313738630773963,-2.3547361498973185,-4.505106049161247,-2.240011779654841
-4.3536688373935775,3.3069721403040337,-2.3595267805549205,-4.509335281256441,-2.2085480444150396
-4.353185059827052,3.2873903192342766,-2.351063011508898,-4.5030192478687505,-2.1890083971689274
-4.350851932644677,3.2987132849911753,-2.3481142983120424,-4.496301797495187,-2.186073037236832
-4.342629549676033,3.3277749402521173,-2.3538812843625276,-4.502479781853024,-2.2069285104181864
-4.342117950256153,3.3524919746646806,-2.366169113432685,-4.491192063264599,-2.2098303377659487
-4.350113329986516,3.3850065732472565,-2.387810301024446,-4.484268007528503,-2.2263951853481467
-4.360960108556019,3.431531474535461,-2.396494558560914,-4.473747550246777,-2.254356886087207
-4.368933458465192,3.516559980438171,-2.4057899577168116,-4.469150751943859,-2.285359308051424
-4.3787544437239365,3.5788929401105696,-2.425565549374153,-4.4624569411556045,-2.321309637404546
-4.399288133439662,3.661806890995256,-2.440137599700731,-4.441675673626946,-2.354511325819565
-4.4042446942809725,3.7445711767378205,-2.4631523730949247,-4.420280181932976,-2.3989112396747974
-4.430145909199326,3.8383215932689136,-2.491726963487869,-4.419117503487571,-2.4608203885401188
-4.447811277962545,3.922815236100371,-2.528261516393433,-4.403282312453369,-2.52426768928897
-4.472714670873739,4.021288166172688,-2.5496376862786976,-4.378122413016386,-2.573567886359156
-4.477518211116394,4.121841446775138,-2.5682717101336747,-4.356877695243068,-2.6307821025888822
-4.495561022620526,4.203750199537485,-2.6046194462272965,-4.332007026839425,-2.6938552128083963
-4.49881961706547,4.31665560140238,-2.62372108471799,-4.31988031521555,-2.7405690541616443
-4.503599479665401,4.399009802197661,-2.6701126857951447,-4.311381923247265,-2.7974694436335747
-4.526639259765767,4.489087177848354,-2.68661032333241,-4.306948316661033,-2.851854866567378
-4.522449483243678,4.572399551988848,-2.726453077714577,-4.294880547466274,-2.8977554474295295
-4.520495422824441,4.663644093282131,-2.7530825990743133,-4.289713601067638,-2.9403338021741514
-4.528919640503116,4.734716114572462,-2.775023214367013,-4.280368398983129,-2.9835305988267184
-4.527270497001747,4.810123907457037,-2.802101791644347,-4.282407072561576,-3.0075903461162823
-4.525346292682816,4.876322584220461,-2.826358754221169,-4.291006972724616,-3.0458494252786594
-4.51949095371674,4.938966348561779,-2.8532727411798557,-4.286552100173877,-3.0727642531424912
-4.520175456248344,5.009926050108424,-2.88445117515127,-4.278903918853749,-3.0902653662075985
-4.512506182639538,5.046541895914617,-2.9047292175974313,-4.287720411056043,-3.1198497253246638
-4.506402859051072,5.095937457711826,-2.92579260467165,-4.2946401486950965,-3.1385200230110515
-4.510810177217245,5.128153909786381,-2.9589658762835964,-4.285389181685096,-3.143432177022105
-4.502290719178764,5.173034529918951,-2.9562671939337615,-4.2993599888209,-3.1687933886277606
-4.493826258682309,5.194088487706327,-2.974343566548615,-4.3135011587296,-3.1809835282536145
-4.504253655331633,5.2171786595199094,-2.9870017254451438,-4.304564216694752,-3.1798407526722636
-4.508505573690033,5.230517850735296,-2.9909903763685555,-4.308805621930815,-3.195767442320407
-4.5017879657501245,5.2449814046540135,-3.0009052364191064,-4.306272005339727,-3.2101154812044905
-4.499386605169443,5.248750435251673,-2.99701862800382,-4.307859016520461,-3.2003710412211115
-4.50463334330619,5.237536671409455,-2.99704149262175,-4.306474078541002,-3.199809257491394
-4.508263751211407,5.24391779267321,-2.9883821116799947,-4.299239169322885,-3.198581093966747
-4.507102694932692,5.22048777307921,-2.995940591355712,-4.301319793825068,-3.196285848317926
-4.519830173328262,5.1951271883471275,-2.9784596635792124,-4.303103393397285,-3.196828547897624
-4.530146785135935,5.171512351650816,-2.9545506501109298,-4.295418048281077,-3.1882805933642024
-4.534755893943805,5.121262571842548,-2.9388438575108804,-4.300334569194338,-3.1835076484110187
-4.544716325949159,5.07527664477357,-2.9131274076120364,-4.29178588200863,-3.1657865581077216
-4.561320308733309,5.012573323990155,-2.8882823210577815,-4.27960030227707,-3.1553721976613316
-4.566982649216759,4.934725867532906,-2.8620105080733214,-4.282055900084298,-3.1261724024037427
-4.573339625954497,4.864348247899127,-2.8185154958968357,-4.3017441600552875,-3.096359785535992
-4.588652530314736,4.76966844100148,-2.7863690874576474,-4.295882789289825,-3.075853735886693
-4.585891133084511,4.644632210702257,-2.7482255113935854,-4.3015168314356265,-3.0201970360605834
-4.5974793751734575,4.5195717380681755,-2.6968841968599295,-4.316024340999698,-2.962681164059113
-4.591783540425618,4.384984419983977,-2.645417142282143,-4.329996959277799,-2.899472973902623
-4.592727888323512,4.213608830920988,-2.6088553984674663,-4.361646494295537,-2.8319044065987797
-4.571678989447879,4.048565621138033,-2.5527926939211194,-4.394320925114107,-2.7377680667983966
-4.551829080024837,3.863972394812946,-2.498155527651763,-4.415128794738484,-2.6520365386120037
-4.501709474999417,3.6901271492970893,-2.4480998060671166,-4.435413016695688,-2.5438470171398264
-4.466402033614714,3.498715655523037,-2.3944839132244655,-4.479956871964618,-2.4395156601309376
-4.40955712474769,3.316075171658744,-2.345699181178981,-4.504765701103261,-2.319922638018574
-4.361777551129373,3.1400112593613665,-2.278258112220607,-4.541545611701405,-2.2070595318597586
-4.323150218555589,2.9729730776757304,-2.2424582283973984,-4.572125548998184,-2.106235387976315
-4.248285004677458,2.8288527090682556,-2.201024502126189,-4.595472170400748,-2.0003742192057765
-4.203157108419242,2.685706607678242,-2.15132349254128,-4.612898251039737,-1.9188397466114515
-4.150860277805854,2.5659475724424134,-2.1308854056145248,-4.652884163865137,-1.8382301913313492
-4.114538270224598,2.4604843191301664,-2.092623993835855,-4.665324486310732,-1.7598626019964234
-4.073298084297053,2.391412019244419,-2.082109830154216,-4.687513683208219,-1.6868406604877602
-4.047767831063438,2.334187437570967,-2.0624001391491587,-4.700795046503452,-1.6451061080549174
-4.0036922384785765,2.2872392066674894,-2.0578038013517626,-4.709398618390313,-1.596358736578679
-3.9981930188755315,2.273352244587275,-2.0546824344618546,-4.712653360321678,-1.558568640504586
-3.979891714915331,2.251797361592115,-2.051172956683348,-4.722280758137039,-1.5309922045785047
-3.9741908935819303,2.280374225474345,-2.0607243566923024,-4.727289084243415,-1.5104283493270836
-3.9796331107326437,2.307470854271633,-2.0840341787565118,-4.738951605733363,-1.5055379444097248
-3.9976898408939903,2.353357097203326,-2.0979635917924297,-4.730772595754009,-1.507290444274624
-4.015698735197215,2.441608117685598,-2.121969665564789,-4.7392156905431815,-1.5317387113630425
-4.046490404222773,2.5188374706398564,-2.1590285319692972,-4.720082754939368,-1.5673444791831035
-4.0743553576995435,2.6208120649105013,-2.189087618318854,-4.701074266737899,-1.6103810710025808
-4.090564101717528,2.726007790757677,-2.221122119067632,-4.68491161328185,-1.656017145735503
-4.137548107936922,2.8383429329442573,-2.258011224783483,-4.665457113045575,-1.7262280384487474
-4.174709425635783,2.9642837821730534,-2.292196173034727,-4.631414852099162,-1.7975790467143662
-4.215675824657422,3.113937093396994,-2.3391468299412277,-4.603871325487429,-1.8839163400565238
-4.26090410038597,3.2554812821723096,-2.3734033506702508,-4.567477906066349,-1.992894379477974
-4.3075976612505915,3.411232827688944,-2.402940218551426,-4.536882217042844,-2.080587874639609
-4.349019444847498,3.5423776307384918,-2.425646950292256,-4.487396061218095,-2.1911398173356194
-4.377068362589925,3.7129184301708356,-2.471139533398486,-4.457346169390952,-2.2950728676776135
-4.4119769030014595,3.863043513676388,-2.5081352743726253,-4.4244104310455405,-2.393477403095513
-4.427566676858912,4.01750962079308,-2.5525166724918136,-4.395197559671373,-2.4903546526621945
-4.461256312247517,4.164510900003922,-2.5777758538197153,-4.355530971503693,-2.587972929852292
-4.463761497134569,4.30019636810543,-2.635987116822567,-4.33772153754434,-2.6810585281033505
-4.482653195071987,4.422648753568223,-2.6660570352347768,-4.322593124798731,-2.76602366669541
-4.494695218649101,4.541067047493315,-2.716877285774044,-4.3109738991902455,-2.8340909778124637
-4.510637078555705,4.673503590782263,-2.750384710113121,-4.296305687687681,-2.912713689966994
-4.502626941041531,4.771634272743321,-2.7984938388081355,-4.288950754356203,-2.9692220789932384
-4.504833329576563,4.885464671181797,-2.82632268167445,-4.282721319352637,-3.0105671597966843
-4.504145536149551,4.969276765459965,-2.8760818012007836,-4.289701051089135,-3.0580554141483534
-4.496259317988663,5.054768928083665,-2.904361682907095,-4.296432709212654,-3.091722297576557
-4.503410265840741,5.114304305029676,-2.9452068678484298,-4.297589175916764,-3.119581955280428
-4.483931751659404,5.191634226959043,-2.9800370734694237,-4.305511540844128,-3.1413256329656707
-4.48873545391415,5.236724875115771,-3.007716700796463,-4.313431796976122,-3.173379513032392
-4.476121307828669,5.288830480810737,-3.0337026169061665,-4.328200703185882,-3.187769197287527
-4.463565168924611,5.325850932106935,-3.0556307773785405,-4.3336908255716144,-3.2017348828559866
-4.468655159977656,5.353180776622515,-3.0724948964119747,-4.341031562796788,-3.205109496499916
-4.458054405786332,5.391595411790079,-3.0791302495172714,-4.341182734254489,-3.2139267068620976
-4.461187063844926,5.402987230769406,-3.087626637456362,-4.354711394931166,-3.232488521995981
-4.4646900481303575,5.4164468638200285,-3.113121364854715,-4.365898081184428,-3.2306882416644016
-4.464873821557614,5.419750396891026,-3.1044213967019663,-4.355540747203586,-3.230903731081053
-4.453056626475955,5.4166737743690705,-3.102469132135856,-4.3637822556971075,-3.2362137057623164
-4.477930212559128,5.410971691077634,-3.097993394019653,-4.350949944092359,-3.2363061392811185
-4.476639539047815,5.387829163505662,-3.0834204098837867,-4.338413923213771,-3.2385824201611233
-4.4894536609999465,5.344266193678949,-3.058522826602939,-4.3205464899648325,-3.232273264394812
-4.499735512990179,5.301175062818235,-3.0319445379773136,-4.324041549943834,-3.215029627356816
-4.5161638055887545,5.239127147082139,-3.0032088292114008,-4.317756242498095,-3.2209192251572984
-4.531672047031729,5.172758475401245,-2.980708308298509,-4.31221053518606,-3.206842823099964
-4.561367691936132,5.062277769274886,-2.917870018515887,-4.321153989071863,-3.174929988074601
-4.571582049031863,4.9445820678510515,-2.8678248447766896,-4.306739659509686,-3.1421296494118605
-4.592197139473145,4.793565887452857,-2.811616405141883,-4.315828459856622,-3.103175112677074
-4.601304942695139,4.613580639389432,-2.747560137089303,-4.3342534919856135,-3.029097563553245
-4.607534841069315,4.390248902045607,-2.664422088629082,-4.354187832277363,-2.9324039488424583
-4.571319932323746,4.145645737846173,-2.5700911044311554,-4.393679909130463,-2.815946775872355
-4.543007924275775,3.8492287889416503,-2.499046109762083,-4.441263996708799,-2.670650021481428
-4.484758470076516,3.5317945421581385,-2.3993462654985014,-4.484573454798005,-2.5101491765767783
-4.401688727637181,3.197875352960319,-2.2856196502868333,-4.540561720936841,-2.3234928348884605
-4.308613611937331,2.8511296442989216,-2.1604524099224434,-4.602877037875504,-2.1483485542735936
-4.201637958130474,2.4909323744134646,-2.016138351113794,-4.643642998164421,-1.9549405680368888
-4.0579786816546815,2.1449015696317213,-1.8921960559568471,-4.682739746961989,-1.7765161570451375
-3.9172368143023664,1.8300572341892476,-1.7613200638941175,-4.715845367591234,-1.6304386730958063
-3.7848073221957654,1.572083957914058,-1.6379912109704364,-4.755456753554601,-1.498090980937274
-3.6603998788307743,1.3457290416636314,-1.5393507191599833,-4.783766121211523,-1.391804169387833
-3.532980676334191,1.1438642409327222,-1.4408220608438596,-4.835592169962006,-1.3001834192061816
-3.441549026477304,0.9901500756577167,-1.3570577946792872,-4.882231021404378,-1.227318142199417
-3.345981825630146,0.8726149471363612,-1.2809763010216053,-4.936662746271925,-1.1801627326594
-3.272239970837834,0.7889876369428864,-1.199670806176241,-4.992385296627196,-1.1619092999376002
-3.1921889681163726,0.7297165749179264,-1.1390086720606394,-5.036024006829201,-1.124047241567095
-3.1721201033304114,0.6930782742279396,-1.097053047626861,-5.09019483280416,-1.0842905219419205
-3.151228009531968,0.662553574448397,-1.0561981750904774,-5.110963306028097,-1.065939238606272
-3.121394438971934,0.6627991863531089,-1.0420338946148477,-5.148555103587709,-1.0441004112958052
-3.1250567869714567,0.6502911871891569,-1.0000028166747017,-5.189761020616486,-1.0118237844425746
-3.134587887536179,0.6746942252252387,-0.9751856888690342,-5.209359769824635,-0.9766556022986289
-3.1312226523540296,0.6957350624109238,-0.9774533372351104,-5.2522240936496445,-0.9660058530502329
-3.1355654661430514,0.7338062020733569,-0.9682680259713041,-5.277730488145745,-0.9382821266080239
-3.171997349049302,0.7898958510231552,-0.9919989068864845,-5.305860178022497,-0.9064988620953475
-3.1894905726398055,0.8255601116632971,-1.0324778669468373,-5.321501874483613,-0.8761680810862263
-3.2324049291510946,0.8751058572493783,-1.0366240807435396,-5.334729183278786,-0.8588713465960999
-3.2597030089114742,0.9597056310762105,-1.1057454292085918,-5.3657201947704145,-0.8440730854201274
-3.321001888080132,1.0506185523935099,-1.1644566564976868,-5.3418011981715114,-0.8244337417375713
-3.381344050475933,1.1281939505823217,-1.2384437474636487,-5.358292582172197,-0.7965125196267795
-3.4133470096201632,1.2233290038100946,-1.3176055692533626,-5.34670950535301,-0.7997230054880226
-3.4823112927656523,1.32231458846584,-1.3919363680941388,-5.316592683064071,-0.800068769134504
-3.549992129874299,1.4366654508960757,-1.4850692042059317,-5.286891180713146,-0.822921147469603
-3.612253950760616,1.5857834661715835,-1.5861572348022914,-5.240959039029518,-0.8614917028742731
-3.6795294858284278,1.7373309716932424,-1.6791302670687793,-5.185490416383821,-0.9051965078258362
-3.74797376796524,1.8962616286665404,-1.7798917546347066,-5.128964911472042,-0.9603061776802666
-3.8245779689080455,2.0655640294696505,-1.8816580884072387,-5.072013033530333,-1.0420555245402385
-3.9165457775452985,2.2638273587492446,-1.9770911931032584,-5.014669491779626,-1.1500304192147246
-3.982987379387985,2.4657243328370098,-2.0673501614535157,-4.942644878417326,-1.255059993571677
-4.063752561736636,2.693446090999469,-2.149369239033816,-4.865497006270697,-1.405671010440187
-4.134118729457269,2.9124242006082155,-2.230986940490329,-4.785261911257029,-1.558523021636747
-4.211508929419275,3.1534219915302493,-2.3016041666898555,-4.719954109152163,-1.7238414853248214
-4.263852236330851,3.3850779644652764,-2.374327984061597,-4.631809215846193,-1.911571943228002
-4.330968079617118,3.6097468301389277,-2.43042521894206,-4.559956269513443,-2.0809069733238568
-4.379506465857754,3.8353361786405253,-2.5085535710502382,-4.506013709153399,-2.254501660966904
-4.41227844883794,4.054310910978771,-2.548191493595261,-4.44951644007272,-2.4041876915439646
-4.4369797042088175,4.258477901932824,-2.6189811617185867,-4.39722764398242,-2.564467944997257
-4.467966001617946,4.449288044391282,-2.6778005729154892,-4.367096575900542,-2.6875925515467896
-4.469767756878548,4.620852644679177,-2.738712396658785,-4.342652718652031,-2.7867640389280828
-4.488782918336792,4.771923891317939,-2.800232484376628,-4.332089424236918,-2.8954484956376163
-4.481451896773669,4.907382993121467,-2.8548942159927257,-4.30872065878614,-2.977786283407218
-4.477106373595701,5.021786993323904,-2.911008557528639,-4.32541026139416,-3.0284990378084893
-4.467284105252596,5.145178890100944,-2.96525869118608,-4.322049202938635,-3.0871871426666804
-4.4614406359881125,5.224967919579992,-3.0127600170472886,-4.333347003892259,-3.1302280121916466
-4.4524840661272,5.30625432681349,-3.0599114438646953,-4.354406378402617,-3.1612042677434
-4.4399550041829805,5.386597520892952,-3.1008242322537667,-4.36589356973995,-3.1943440410817763
-4.433867656646033,5.447097355887162,-3.1335296625011018,-4.375220065007768,-3.2109419898291223
-4.427600127998496,5.504006973121989,-3.174481880755526,-4.402881940753106,-3.2226366268345825
-4.4215945330213975,5.542238553227617,-3.190123213892481,-4.417678432489698,-3.2396861205743184
-4.410119116835077,5.5674483699994495,-3.211452609332088,-4.42922895750916,-3.247728291934031
-4.41766880305704,5.583089004997984,-3.2320432309306146,-4.4311936140092945,-3.2539101906241115
-4.413342661316425,5.591030877161035,-3.2343092763199843,-4.429633177422059,-3.2583705926524944
-4.4081893377475705,5.600076946522564,-3.2322826649230882,-4.425799640112326,-3.266118283786264
-4.4161333045413835,5.601678696546269,-3.228717394575599,-4.43633038759679,-3.25781550057101
-4.429949612347824,5.5850540727088624,-3.223004905028201,-4.424748437474064,-3.250856439395779
-4.441691615028261,5.565845978763266,-3.2015174763794785,-4.415830806391799,-3.252202523633341
-4.440406248701177,5.519896768753797,-3.17495822562879,-4.403507786249262,-3.2508563445801437
-4.467084279845014,5.4573846756526505,-3.1423316947180395,-4.370273119036213,-3.250778044525231
-4.485759710066146,5.363280815940376,-3.074949883395383,-4.353543340082454,-3.241415499479528
-4.522123686527472,5.24237495453187,-3.0126700313922665,-4.342743004458021,-3.2204112585734133
-4.565730177844501,5.060474112080157,-2.9364966358017206,-4.330371130441703,-3.179037778643575
-4.607593312552328,4.8168417339388565,-2.8363732004584405,-4.351503035495813,-3.103124758629376
-4.621905753858999,4.452130076437778,-2.714680500490051,-4.387367360747653,-2.975868638208992
-4.584431270050689,3.986910685145571,-2.5388496187662897,-4.450699574653336,-2.7784184904920197
-4.4998699733867715,3.403792875429297,-2.335765077979857,-4.547334593406834,-2.5357513188400205
-4.334385947624131,2.73640880043338,-2.047976174006691,-4.6068404294509095,-2.2466916929280063
-4.084882808967257,2.013349351333513,-1.7046577211119422,-4.65292003590676,-1.982515814717048
-3.7919935788444956,1.3156593767948597,-1.3107906732964232,-4.68550153650295,-1.777635735020442
-3.501802406948589,0.6728371669088226,-0.9394453793297092,-4.741693947569857,-1.7112308514568508
-3.277424109286102,0.05655043069759462,-0.5650574897107971,-4.7309537637436625,-1.807388414147591
-3.1491518871683155,-0.5600664941731517,-0.19836455322089497,-4.609497987382973,-2.0702272064783873
-3.0058622730998232,-1.1320927022228633,0.1141560421045809,-4.28025827020203,-2.384839071536495
-2.779376841614166,-1.6593580831246857,0.38093905901191016,-3.7421173439877404,-2.6869167605640625
-2.463549759292613,-2.1277469242550326,0.5738616088781647,-3.0078520198039693,-2.8619057877273417
-2.081396025371086,-2.465656969664427,0.7012508691924636,-2.0593437944969364,-2.9195610667438254
-1.6756310457005086,-2.700279696920128,0.76608636103305,-1.005152228112089,-2.848132487858677
-1.2478730330173131,-2.876694544263431,0.8417722063244517,0.016018827026722898,-2.739826967474506
-0.7947820526098217,-3.014482626675611,0.8895094676671622,0.9296936028270083,-2.63902841197726
-0.3861843971114744,-3.13912560847401,0.9670233691820601,1.6940369217827702,-2.602673334631943
0.002783093076218354,-3.2558934702216944,1.0722016473792344,2.2868527911032657,-2.598343984219995
0.3634771576051462,-3.3602275433026363,1.1736256161208234,2.733362805454818,-2.6084274713562143
0.7136745421611859,-3.4832365739787834,1.304521674162245,3.0797201697948733,-2.622573912226535
1.0484327784560807,-3.6138956274739336,1.4287118672980537,3.3055868433679834,-2.593030577921874
1.3907237713277014,-3.72532610577271,1.5424523864443151,3.466323876765202,-2.5733409456448904
1.7391649155863524,-3.8543931758395162,1.6621298832119078,3.532445286604168,-2.509487553942426
2.0785264180988743,-3.97785820683973,1.7725698840775281,3.5583636383906754,-2.4180780302356504
2.410346265980918,-4.108036767621845,1.874118136002029,3.5585257790026272,-2.298927106651129
2.7232907081189826,-4.227877156093636,1.9784863574670473,3.540323317260348,-2.1652609947855663
3.0200413650811013,-4.323492574331616,2.057385468929936,3.49889453887547,-2.022130425544187
3.2941896273885964,-4.4396729555983185,2.147363956567021,3.473326046698989,-1.8733805706643727
3.5327584448780667,-4.560689495676655,2.212288420424163,3.416235634490553,-1.7073003907708297
3.752091862920963,-4.685279889182658,2.2679818868089927,3.3672725994603057,-1.5402077100135554
3.948136533577758,-4.782178213492738,2.3276108255998778,3.3133611604081605,-1.343239747366162
4.126014374384604,-4.922459453793721,2.391635542489369,3.266702476722954,-1.1640840252728153
4.276117464085024,-5.031893582536831,2.4381473123926116,3.217587396362976,-0.9501645259688619
4.419948472683256,-5.153044780339493,2.4928456674447914,3.176870974471818,-0.7466244672605233
4.539100797020581,-5.260497511051565,2.5312873430197316,3.1496018187862687,-0.5208358283445691
4.649889377600852,-5.335304200112114,2.5680780404380057,3.1069460874681476,-0.29620996679199885
4.744381889714838,-5.42202849631548,2.5955848917106232,3.0918764257363267,-0.08145985091061148
4.820085590780198,-5.476305383911556,2.6056472249112526,3.060403347288247,0.1285932069694955
4.883194812271465,-5.5083732453194125,2.615005502942837,3.037877223363698,0.347178240254223
4.935808353391092,-5.530783716344602,2.6105970154951814,3.0320438930339413,0.5582276991723656
4.974731281769243,-5.547330032754231,2.6097465218826437,3.0257871719856326,0.7763828715660003
4.980804521875713,-5.5606035119190516,2.6164749413855777,3.019523858115172,0.9725368558097672
4.986545075936234,-5.556104067000617,2.607164928858581,3.0160131506002763,1.1820441366610088
4.980474419810063,-5.545065588488146,2.5968113570178013,3.0389407866955573,1.3691445541417182
4.967557760364762,-5.529863664812911,2.5712849771781783,3.0349060368684695,1.5399057121554949
4.949549279380586,-5.522003986919069,2.557102732903444,3.0464738196149295,1.7036833486597203
4.928069076397667,-5.513618869860749,2.542617402410685,3.061424355177836,1.850658941899783
4.896846970175848,-5.501417870797564,2.5232480774986814,3.0930354397858935,1.9992556857323085
4.876890648685635,-5.486823250383478,2.4990922564156857,3.111361938561742,2.1130002073820564
4.841079252790626,-5.485475556789141,2.4809375157811697,3.13667275020039,2.2265128835269192
4.81984616762862,-5.484194820939641,2.4661102225556935,3.1680946845966407,2.334459885523522
4.803246386276706,-5.4750923651038885,2.4471698258534595,3.1985432280214807,2.421325619168478
4.786494341338397,-5.46108444990006,2.4514493039978276,3.2272170507092253,2.488067673792666
4.771840379229245,-5.459103174494267,2.4552353172879022,3.25210259221933,2.5636286065988543
4.749345031991257,-5.469311976503489,2.4445020375534248,3.277379264383267,2.6040469516539155
4.736328282922214,-5.476652623230361,2.440012256867535,3.2896931212877605,2.6500823735169043
4.725394499511265,-5.470033233662958,2.43311548251468,3.3261145724563166,2.6872587994060444
4.722993980347139,-5.463046206765237,2.4460709133158622,3.330271467500089,2.7025107108392237
4.719858139625609,-5.465121533387153,2.445135877453464,3.34858953356237,2.72272659372618
4.714788352196829,-5.470308729665403,2.436438224001099,3.3402932876596125,2.7288715597433852
4.716664212902329,-5.462743632979544,2.4324645346785907,3.332051844757728,2.729827441385726
4.717064044636975,-5.462503913957008,2.435982886202691,3.3282491868153983,2.710939013729449
4.733392236606244,-5.462324366644474,2.4257963131423685,3.306566279135943,2.6939838187375744
4.7442296324830995,-5.456094961913826,2.4238522732041847,3.2801148110274587,2.6653361546432137
4.764444606810685,-5.441773778987984,2.4336944942104135,3.2497601154426468,2.6169773647044523
4.789856791679373,-5.436759581017005,2.425219851331764,3.20903679236727,2.548768395371103
4.815558818216762,-5.423771233663515,2.4231456888506555,3.165340355862736,2.455956976691619
4.857874570385804,-5.409613486974779,2.4233355787384463,3.1168341924689766,2.3513903797628433
4.913618797403009,-5.384065962494751,2.420536796866792,3.071803309105971,2.207319972416197
4.973573656374328,-5.348651774526119,2.411002867836062,3.0320739778000156,2.0190901078679335
5.020632144955051,-5.288829605989656,2.398667213745513,3.001222099123536,1.7846478175830298
5.058030430351256,-5.219383778590986,2.349306362861144,2.987154954641666,1.4909030426903729
5.034181903032932,-5.099022968577655,2.3045589920481295,3.0114602575788445,1.1008816421369836
4.956746248619779,-4.906717245248215,2.215815374632589,3.055293068691581,0.620056074934215
4.807848551461743,-4.594539497259479,2.085547036381189,3.1593125361268175,0.0859669538464112
4.596508950191452,-4.169015872941652,1.8665833401150584,3.2935444674782897,-0.4518195615617385
4.323546010616788,-3.6387492352759114,1.57499542149386,3.4381350773446746,-0.9220704900545384
3.9998883996490084,-3.0748914505459113,1.1793976904032943,3.5949008886519427,-1.2519980566155482
3.645323483785164,-2.5274549530101615,0.7439719050737315,3.6571732136286728,-1.3992973649952098
3.253062076655128,-2.013691999763478,0.30675946173175095,3.6766008781078097,-1.3660323856892143
2.786328831955509,-1.560372961537107,-0.1250305559930444,3.5833324020676844,-1.201624052187952
2.2176604775415205,-1.1998365586021384,-0.4685924843539911,3.3777767435181545,-0.9293451449031955
1.6089479489469898,-0.8931484146334057,-0.7098313914971575,3.0672270577731284,-0.579558442409552
0.9073924234750367,-0.672952485538789,-0.7734619043844786,2.670653962070019,-0.2878615178130349
0.21137200088327837,-0.4848826984834545,-0.6959222035989883,2.192318709905139,-0.08608515603166295
-0.47569455549939443,-0.3544067528986805,-0.48401789200764106,1.6563463164726702,0.007289536568989487
-1.1366182128358178,-0.25823376657247865,-0.22255940473261987,1.0542733527623154,-0.06847438915076923
-1.7657422420744122,-0.19399930314674296,-0.024679464874637878,0.3865604303319564,-0.21026076546564818
-2.280184518585066,-0.18547072404969894,0.14666973759611815,-0.3154964759553012,-0.39316018751288495
-2.71729343639668,-0.1826610809259617,0.2464216124109338,-1.0108953075413647,-0.5729092667178436
-3.051842688269868,-0.20359563002514314,0.2678895587422514,-1.7057679384726105,-0.7258774571984361
-3.2906486610002323,-0.19750277563435298,0.2574774279377053,-2.333747296060246,-0.8497602460320017
-3.4501424139448624,-0.19004644307722382,0.21817562784808336,-2.9036184044290554,-0.9232020310649064
-3.5611527426988414,-0.14968259966757627,0.17263573677196106,-3.3606073394408247,-1.0012256839504414
-3.6134977753181907,-0.09661133743309816,0.07845269601165164,-3.7986609162849643,-1.0526946593206614
-3.634653402281176,-0.03421862552648028,-0.0161837514609278,-4.135352679394747,-1.069150812765159
-3.6545923615034557,0.05314880887018859,-0.1227077729333718,-4.429467254795317,-1.080002226157611
-3.655006153987285,0.1468749680595052,-0.2410943704979538,-4.665547435514375,-1.0912315528573284
-3.6450946066103604,0.24655636083635238,-0.35966993142060727,-4.866040971946292,-1.0480151808805183
-3.6200687796543356,0.3551685528357797,-0.4934686192167369,-5.006710525152332,-1.04750424772339
-3.6183917513728456,0.4886209842586707,-0.6273973625098636,-5.0953205418316685,-1.0183123303707984
-3.6141802576971833,0.6148898640374404,-0.7519054761206181,-5.194536106892978,-0.989551179446649
-3.6301788420500074,0.7529115212105212,-0.8898800817690784,-5.249954864698904,-0.9467520121098553
-3.6605362565220325,0.9057572909764591,-1.0276799193463761,-5.2855267651308875,-0.9256040839424357
-3.6612637286881107,1.0468664098264422,-1.1584136264299412,-5.271680344462204,-0.9457018300948372
-3.7210367721361344,1.2095941989760393,-1.2879369195562997,-5.253242653252395,-0.929704990847232
-3.7522768959371438,1.3802537357533406,-1.4290891367449832,-5.218654560196129,-0.9363567960421777
-3.815315806118277,1.5611315337302634,-1.5575666274643953,-5.180702397547731,-0.9686628069719821
-3.868620695735087,1.7764995108172275,-1.677182578721196,-5.111976085674967,-1.0399780084406702
-3.9147957664302404,2.001210774037477,-1.804431878227628,-5.040056434397152,-1.1128026396403985
-3.9859206976588277,2.23268843356681,-1.9357512986312997,-4.977629776175446,-1.234451919449985
-4.053352130956453,2.4860136747052914,-2.02757419825098,-4.899736828825894,-1.345294124819592
-4.120360119666188,2.7335130320542276,-2.133326948945162,-4.816786569795734,-1.496789026576547
-4.196666804673769,2.988514833354201,-2.2232211882904216,-4.738357941516011,-1.6763778010039618
-4.2622497656466845,3.249953204269513,-2.3050076988303787,-4.667514918592793,-1.8364576640950578
-4.3161174945020635,3.507632489349107,-2.408408377423123,-4.5990073620816085,-2.0129197408060118
-4.370452886926581,3.7659360736421896,-2.4721727217639393,-4.530938634459441,-2.192786803174845
-4.403219097864595,3.9937372117806182,-2.5417462655208687,-4.471306299360984,-2.3579802904095053
-4.431295886254844,4.212879987202804,-2.60596398589446,-4.429202061400843,-2.5299856983271973
-4.457517259877022,4.411946209192364,-2.6736862347756376,-4.383536535522456,-2.6592805064483507
-4.468975373827179,4.601456573761079,-2.7314264388006837,-4.348499287675612,-2.7837971100280856
-4.479963906126089,4.759834023428066,-2.7899012728627457,-4.3308272100311855,-2.881647826020916
-4.473213208593017,4.903697520858399,-2.8594377750773807,-4.3343756697146,-2.966209424768542
-4.460581914780797,5.045309120702119,-2.9172850865512014,-4.335926849653647,-3.0351702540108674
-4.465074161176522,5.15919715506039,-2.9716121184359454,-4.332125929533859,-3.092629328383057
-4.45076993098965,5.247878615394603,-3.026493886871924,-4.344168863669935,-3.133686407716251
-4.446238142122677,5.339908301036432,-3.075032119114699,-4.364916155536218,-3.1643198720914416
-4.435832858310856,5.407673920445901,-3.11622242999072,-4.375719391019252,-3.198974988840437
-4.4189253202500565,5.481220547807863,-3.1560279029796976,-4.407340615338387,-3.211240025290437
-4.421106532013675,5.522055632117082,-3.1940248490384233,-4.412677355970635,-3.2233775249342655
-4.4141795332771,5.568640498758613,-3.2172613913630412,-4.428789130986975,-3.2400888921958457
-4.416462078512536,5.603914098059478,-3.2399723310372965,-4.440089344286741,-3.2601468230292685
-4.39891949789053,5.612421315611327,-3.249435187782178,-4.448088198591758,-3.2498136705142335
-4.402523552479095,5.636545984277703,-3.256367706897399,-4.4559612814687135,-3.257669280479813
-4.410751530319286,5.637979358514278,-3.262281471095275,-4.452323292246151,-3.2527263778897293
-4.417863960447163,5.624426906202998,-3.267228551788299,-4.449529187435054,-3.2724921952918007
-4.423631698223858,5.614503742438861,-3.247854506609758,-4.443683566850927,-3.2654938448081463
-4.41197657179667,5.586207534116929,-3.221692688317504,-4.42392707146747,-3.2659851953437236
-4.448249649829837,5.538958134320829,-3.19881861246297,-4.407422264855515,-3.2654557957524823
-4.467910020769684,5.464953264257016,-3.1426299945792304,-4.388498545436195,-3.2479100363764952
-4.494039693730575,5.367386339631932,-3.0923910152297536,-4.369001274174876,-3.2411157980262364
-4.5437497139840355,5.2223440560344585,-3.01548732076731,-4.355028605068498,-3.219225767329748
-4.587621695791526,5.007946089151368,-2.9259700281712657,-4.35456767036479,-3.165568145508715
-4.607493632668384,4.699793470860794,-2.8119430223051376,-4.384807056554873,-3.070361158028926
-4.600629295821771,4.264761318677756,-2.6547839459477593,-4.4537105855323365,-2.894026411287455
-4.540102542231361,3.6598042749230713,-2.4327534069558254,-4.5271361350249135,-2.6430577924634293
-4.4002393183573885,2.9371547779631557,-2.1293700212232247,-4.614155566984976,-2.3620168694723134
-4.129357218289324,2.13509305384361,-1.7494563191210204,-4.6634698582098055,-2.0614307980892783
-3.824496665167325,1.3415406439322077,-1.2981511236949264,-4.695234699304456,-1.8710630491991544
-3.516649054210692,0.5645388365160556,-0.8528379168969785,-4.731190486276633,-1.8046468574160397
-3.294631745233566,-0.22138635955428787,-0.3925650552147815,-4.641849365780724,-1.9511763068494425
-3.082266551370628,-0.9869932779413552,0.048266217557412915,-4.367872614896143,-2.2675482382105363
-2.821185264647884,-1.6813178336549088,0.41134066718702905,-3.776460503994518,-2.647196193610965
-2.388961166388172,-2.2900813661666852,0.7016088508706598,-2.8428149459089984,-2.906516377029099
-1.8738188818731814,-2.698882342091237,0.8918667680106049,-1.6516241982397863,-2.9957997452864826
-1.2982535034982317,-2.9865169480368854,0.9819319185537745,-0.4153047657399468,-2.94917150603865
-0.7230230393435283,-3.1496521779466966,1.0154033856419435,0.754139444272332,-2.932150798710834
-0.16062106929711248,-3.2875797838436243,1.0292208313121989,1.6923766672536718,-2.949815467664047
0.36601228676489206,-3.392515652083744,1.0723907951227671,2.398393892866782,-2.955607147814513
0.8742445820494608,-3.532910699114647,1.1761465164792744,2.901498314880472,-2.9200023011770715
1.369650742271555,-3.6823203575455183,1.3102013698114285,3.2120749235834625,-2.8423977988803193
1.8364174969782319,-3.8619633340887862,1.4726296766346336,3.37120163823392,-2.7169570973847015
2.2806339581125568,-4.0130850559745195,1.6433408606656177,3.4414177384629663,-2.5565278420596833
2.681104953414401,-4.176949790019704,1.7887693359143588,3.4717502330601864,-2.354189097816687
3.0397369494336166,-4.342300044205515,1.9290755660899526,3.4350344204670766,-2.1445066231065426
3.3612990362355366,-4.47895009653059,2.055952777255005,3.40134849165366,-1.9185223452954094
3.6324371070764636,-4.627713189616217,2.17176198020866,3.365128978137928,-1.7193154854775663
3.8661217633063805,-4.750866534477794,2.270511690181561,3.3058441762950577,-1.5062583181999871
4.054262932656565,-4.871311766610957,2.3386436261375416,3.261137036812195,-1.2911210890890998
4.226436206731664,-4.994905739172702,2.411575080591502,3.213014771566101,-1.0763551987531277
4.372860010021034,-5.099182186069441,2.468132346945702,3.1811184295997745,-0.852665025300384
4.49665694499648,-5.1881414572556395,2.4979140518343983,3.146923033786613,-0.6495768825033134
4.6073732002809065,-5.274934750628469,2.5332313364020287,3.114853756631851,-0.44007122401272697
4.691612620354308,-5.352522260287465,2.5567148194252187,3.0846138145533315,-0.22572039040272412
4.771896208904885,-5.407979504480316,2.5802815286627343,3.0700433313817665,-0.037563525607030954
4.840702554641832,-5.442384598063252,2.597562686238806,3.040543956494066,0.1704045694463038
4.903506899884327,-5.490118129727238,2.6002662177218028,3.0313828316946805,0.35842085530513307
4.948878995153641,-5.517503971747201,2.6067947895629753,3.017696630964562,0.5473793617944216
4.984727524582376,-5.520644026023268,2.59995135055803,3.0066165483024836,0.7199325537998339
4.9920804880567085,-5.520294375536977,2.593369337848227,3.0189697120415904,0.9060791691637461
5.005707642057169,-5.53262510829489,2.5921817371900846,3.0104527092095013,1.071994036360433
5.010925748694032,-5.530525946729413,2.578172010336105,3.0100966042799597,1.2443813923483065
5.006152946649238,-5.511393844925789,2.573710240024722,3.0183576152434535,1.3994492566427459
4.990064446628526,-5.506646100144321,2.5684145663270628,3.021320299745864,1.5565344623024295
4.973035476324085,-5.505052851721962,2.547780376457224,3.0353351434467517,1.689556056253855
4.941969673000425,-5.504323788143212,2.5271605070315344,3.0390407694123054,1.827735773952252
4.915347277394583,-5.49173837075128,2.511160879455133,3.0609258809086013,1.9386416826674635
4.907167948744988,-5.492132240609787,2.499164969807674,3.076558205792062,2.0529765462638285
4.875935809844246,-5.479509952907353,2.480982955060402,3.111942568958644,2.164050077550965
4.857603207047815,-5.4620696141980885,2.4705596613388523,3.1178130795908325,2.2592982865403943
4.838235937962316,-5.462722999608478,2.4494989773998768,3.141457244294415,2.346496101300693
4.808243822726956,-5.462733366231119,2.4409998022790007,3.1693107600808497,2.396408744488722
4.80619831853495,-5.4397068451534745,2.4412568581637597,3.1837208633958176,2.4600617955170807
4.786248819097746,-5.456399677035575,2.4396108057259256,3.209930374662047,2.5124403356402856
4.772642861856458,-5.461510334082211,2.426622226643643,3.2243274340644255,2.552847791282208
4.757295214859671,-5.452085402646851,2.4272091062060186,3.246117902782183,2.583118348481351
4.7583999631350835,-5.448357803676377,2.4329554464639034,3.251455567766741,2.621424736160617
4.747297840827761,-5.439161433329601,2.4247738880196006,3.260131144084465,2.637407401525304
4.7370726669845835,-5.457316176410246,2.422795231036213,3.268347048035054,2.651473483218971
4.740507633357274,-5.436350848784902,2.4210256916857253,3.2762599544521174,2.668423567523546
4.745369066445722,-5.447234755311524,2.4082539707521424,3.2582029435292617,2.652125132655675
4.750326592787595,-5.440616844045746,2.4156171538976,3.245794598107438,2.6397246489956565
4.762962376712475,-5.437667364672344,2.4262533597924305,3.2444272232180835,2.6221553296910844
4.77511707188558,-5.43511432784685,2.4059870534093766,3.224935790140232,2.5902001266260304
4.7993283112117755,-5.4292651737624125,2.4192547128630455,3.187606292789153,2.5259013751318937
4.8187974682756645,-5.425230444673563,2.4148823585136623,3.169585762796272,2.4630437951850634
4.843083613414045,-5.419783144224147,2.415449406159318,3.1212134174230197,2.397737121378377
4.865475899597194,-5.3953928424149735,2.414923776535203,3.0969312898949615,2.3114053225903826
4.913405247224197,-5.378245456679818,2.4170860890782873,3.0566510316686273,2.174612291065138
4.965056586887585,-5.361737706798064,2.421234804052596,3.0306451122737466,2.045040260070288
5.003900633608968,-5.3180800940801864,2.399646878672178,2.999824768419006,1.864161183835989
5.045376978007013,-5.271641891740403,2.373126708522406,2.9708258313670126,1.6650400465220423
5.0694781038608,-5.228826111438997,2.3480738824085985,2.9689945782363405,1.404893068567264
5.053066685295402,-5.153543901588389,2.312777105334946,2.969136977606666,1.107375175166151
5.008308104575648,-5.062241335798985,2.2719482620126352,3.0021030229889383,0.7591481750882277
4.924002133506981,-4.898714890419385,2.2122177934807,3.0709779631922416,0.36403627933358174
4.80792597731697,-4.708939088024185,2.1392877428499517,3.1284029512662883,-0.03137478931474699
4.641163877479825,-4.454621521368347,2.0343687421148453,3.2182666255184396,-0.4495579638966629
4.477337435533701,-4.164784563361127,1.8896766508442493,3.3381284369261777,-0.8167558245461299
4.277062378560164,-3.817383815536021,1.6964440436444501,3.437269726867155,-1.1386860293424204
4.047997718252638,-3.480881231003838,1.4821764926021372,3.579135208326162,-1.382538339439633
3.836560895279833,-3.1782085429510274,1.2689219388109483,3.6932167111944363,-1.5310967300287102
3.6144803972912576,-2.8866066636117482,1.0237413800057404,3.7965153502320734,-1.6119751758398573
3.3829192320507127,-2.6364293030422155,0.8187021664598809,3.9080341202447486,-1.6506658484071688
3.17190470866767,-2.429566216186423,0.6066459532645982,3.9754878845903137,-1.6185715617263134
2.9368424814961824,-2.267678798836536,0.4220846031477747,4.006633444829574,-1.580708797006787
2.7141986535183986,-2.1429698330507962,0.2791898155075761,4.013174538593666,-1.5324348631452014
2.4718803794394626,-2.031124384752629,0.1411159699474201,4.012589773066463,-1.467144726307673
2.25334186389534,-1.96141318064591,0.04505400075756717,4.026227352177111,-1.403315799267899
2.0025392620434594,-1.9146312347861603,-0.04339498407867645,4.0185769463136625,-1.3580116116392689
1.7644651214004665,-1.8816663518582317,-0.1038693656201561,4.003193403035168,-1.3076965883044287
1.5162831912369383,-1.841874221903967,-0.14617369911988293,3.9453189398289803,-1.2528906771363437
1.2791775838202224,-1.8510090194482776,-0.1533809633540669,3.9378319487606785,-1.2489485882315037
1.0825628246659391,-1.874326130147745,-0.1265634962996763,3.9075032518038313,-1.2298804627041298
0.8994896891355134,-1.9282097541784011,-0.08316503039005867,3.86262858053127,-1.2252603282021974
0.7236033968986537,-1.9625827974638244,-0.0290328118325285,3.847360785918483,-1.2555794748976028
0.5747297350520573,-2.0494418344147842,0.05052903639079627,3.852572390716707,-1.2782222281255524
0.4546436229647885,-2.17626630825002,0.1449408205333016,3.828472698901396,-1.3105468621947607
0.37934102783072393,-2.2897589234715614,0.274439433582525,3.80738406568545,-1.3427515682708935
0.3186092340338742,-2.440121712786689,0.4061825866713025,3.78436763746019,-1.3710779234805743
0.2913245740285279,-2.6013157654946144,0.5520391319072218,3.7755032609377612,-1.454365147446888
0.2622788163426476,-2.7217918275968245,0.6892418191815443,3.7915137434444324,-1.5169060047848084
0.29790097803614785,-2.882848387657983,0.835169650254577,3.827345499440296,-1.6113459502077683
0.33070893856649275,-3.0163186901458348,0.9482563423446856,3.844194546228512,-1.6989235292352867
0.3990148123402861,-3.1417925753731986,1.057181247140801,3.89266239028301,-1.7824904139140278
0.478866591496608,-3.2744068204173944,1.1518192652150072,3.932062378813771,-1.8772489681097488
0.580613783410408,-3.368249311980455,1.252210967004479,3.993008123546621,-1.9568767256028312
0.7129996858990656,-3.4762146049142895,1.3629255468312487,4.0355750574927765,-2.062686587046565
0.8697457587654218,-3.5716646397391836,1.4314413505175898,4.080740088527318,-2.1606778945016547
1.0481586253323507,-3.675037160558124,1.50769114483865,4.101597083631238,-2.237256602864341
1.28121893209964,-3.7721028259120324,1.5712828842864242,4.140332782566048,-2.3071047693058104
1.5198336342023329,-3.87999741010054,1.634542054033736,4.144641021734455,-2.349227645161742
1.7827957048431315,-3.9898481853300893,1.6963537456765239,4.126146611234237,-2.350895111409821
2.052845541755041,-4.13083667516662,1.7755184728584426,4.073967152354166,-2.3137526706806093
2.351444317741255,-4.246750105779605,1.8732346529889008,4.004351943019174,-2.2279714485427258
2.6477692690011647,-4.346358483101896,1.9597222399445773,3.917644853170317,-2.1251610611782636
2.9373129790998336,-4.4654309782398105,2.0523481878608147,3.80354239473767,-2.004804386189767
3.2316040196626856,-4.597645735059247,2.1463717592529084,3.7186890892430093,-1.8539933227085326
3.526985542932203,-4.70800274226993,2.2383667926417483,3.6110585115314633,-1.6777142298362182
3.7804919242966153,-4.864716877919048,2.342175704265348,3.5238297891989325,-1.4575008537013703
4.016193912165197,-5.0053271998799485,2.42934445939773,3.4164592036852928,-1.2145113155790646
4.228691364230756,-5.150825408008638,2.5128376074751237,3.3325707710837293,-0.9416540199466417
4.396634275518069,-5.270300528653492,2.5769055297492014,3.252378042436819,-0.6733027651434337
4.553126296358561,-5.3931316144647,2.6075610794767887,3.195605803474585,-0.383461188027372
4.690078304523475,-5.47880848520357,2.6498151785083333,3.1495977447492325,-0.09319013155383264
4.788990540081408,-5.526268296492567,2.6750199274599598,3.1084748373865883,0.18876973753880696
4.862242686810141,-5.589017024342265,2.6796123203586726,3.0856279268398152,0.4532777041389222
4.9089811130945575,-5.586774483206747,2.674984645906799,3.0542243288387954,0.7429847177860949
4.928695602987653,-5.598689558766641,2.6569534169016267,3.048609971593796,0.9917872841623481
4.942573369700241,-5.585416622029578,2.6361686422786432,3.056975182854764,1.2432027113907775
4.9213424022970935,-5.556897477163552,2.60633758205022,3.0687852556998947,1.4814322307925514
4.902638072940144,-5.552759891261032,2.579313658408331,3.0814017845987833,1.6938584017676674
4.8824093666650565,-5.542304386603743,2.5555944344718236,3.111617193195201,1.8864559414866713
4.849889215476885,-5.530709747657099,2.5471936293286905,3.136424686893872,2.0613989405428392
4.82953387333895,-5.524582189389572,2.5200198808911316,3.173887709273388,2.2097984714141012
4.802547535177263,-5.513319203622473,2.4945920172092744,3.2225120948983674,2.3371437929532046
4.767534772297758,-5.499571312690511,2.490201513621436,3.2549532220594215,2.446891273384033
4.742798755626908,-5.495815380510611,2.488453362794745,3.3044902374379483,2.5532910014316386
4.723717399263557,-5.491531057486802,2.4822819178721236,3.3503356886573967,2.6256474952029847
4.712188813357665,-5.503186573119382,2.490506288460383,3.391991943377156,2.6860277627888536
4.6873082295187345,-5.503583079224521,2.5010459459403958,3.432422341006183,2.723916794255795
4.668784054830931,-5.515616680191218,2.5172325911077214,3.4829991174893036,2.7657454310284217
4.658261180193486,-5.52079518015727,2.524852965603014,3.508138425508154,2.798021813366575
4.657516651712458,-5.523269505191252,2.5254158571408096,3.519430129703868,2.8163501380664737
4.653526448819522,-5.52924184523159,2.5387044490778647,3.5291142556696657,2.8387051344561725
4.6556484016579125,-5.530615853913697,2.5174775696152394,3.5170764759147994,2.828979257967859
4.669931162173412,-5.524014631399263,2.5124206226214136,3.490913532742389,2.8167907139327157
4.673575029143278,-5.509339094296179,2.5022231841259797,3.460095036710996,2.8091347487760454
4.691412807749851,-5.512254615645181,2.472785069276023,3.4158600891490067,2.764157610148559
4.72197748270051,-5.481584490120792,2.464772349637658,3.360248660538127,2.7118952363349993
4.762954879114901,-5.480502935595643,2.4541074269086782,3.2909998158071048,2.609037396663798
4.793159594606692,-5.450753918361672,2.4483976323545114,3.2199681308167527,2.4884484420756503
4.872175071778155,-5.4109705142267615,2.4383331435238977,3.1416249171363213,2.3102900958272063
4.950082585101577,-5.345645636001736,2.413245209967524,3.077211901272776,2.0371425705170543
5.005833349717611,-5.219013329220542,2.347711325833019,3.047539818836436,1.6464351696340187
4.951200414534849,-4.928985870850459,2.209558661421298,3.0937480529253976,1.041287323305575
4.753045849802957,-4.317255399832061,1.9373112227292009,3.2489695014454494,0.2544412432714477
4.388064990639353,-3.3891952013795694,1.3987854740215087,3.4270918716363634,-0.4751675761474395
3.8497296224060302,-2.346693250201774,0.6366224456806986,3.430524536919761,-0.7941505439853235
3.030130500454432,-1.380505502512221,-0.13504943186168886,3.060241560160943,-0.7050824729985368
1.9116117945489117,-0.7312614701092218,-0.5691431733149154,2.160889005079793,-0.40385123757042823
0.6544233222575271,-0.27914379896110236,-0.5851872308201027,0.8752794530341974,-0.2641412293267645
-0.5950804645822424,0.11329264557948013,-0.4966341712446982,-0.44311894744108027,-0.358917160759564
-1.6589625612747887,0.44298121320334455,-0.5028395193522124,-1.63538643992366,-0.5201270725505757
-2.485700260356355,0.727157826778365,-0.62476429666323,-2.5929443105793895,-0.6899860278860422
-3.0950196798092358,0.9903143505549691,-0.820756209013686,-3.326216664930277,-0.823767015258228
-3.5278398738778107,1.2654610305433596,-1.0194354930084026,-3.8258461249334013,-0.9584524417690858
-3.826180810477922,1.5282362584566374,-1.21109626928541,-4.184423569830073,-1.069271454329903
-4.010220162468974,1.7995891547789957,-1.3953238813116549,-4.392735839568714,-1.182559155711278
-4.141272514379355,2.0600768212248273,-1.5753875006896019,-4.515638282299619,-1.3080693964076577
-4.2237166015376015,2.302008444924762,-1.7311668948696421,-4.58338054794478,-1.4085784084162276
-4.273522498395262,2.533244651853544,-1.8671325188944259,-4.617101840467605,-1.5315645847220545
-4.305266505528051,2.731135699794153,-1.9836865063889135,-4.61963255879772,-1.6400627451177816
-4.33073275996069,2.9093793988955468,-2.0765551189345817,-4.603098428619278,-1.7475379698065836
-4.3453321823726005,3.084277735666335,-2.1700897648039454,-4.586212150841733,-1.8740672714480762
-4.364095889326693,3.2408984740711126,-2.2453993353276807,-4.559114025824179,-1.9603958871284084
-4.385470140468465,3.383091755566361,-2.2966322385547664,-4.531132183885699,-2.055220726248949
-4.404770734183187,3.509668315800597,-2.356272907211695,-4.503125294546108,-2.158112368249657
-4.406846656841231,3.639434993627059,-2.403990773719077,-4.469734828742886,-2.2511327505902163
-4.433043530396184,3.7578547216453106,-2.438717086233485,-4.442961148936861,-2.3345362104788805
-4.456447421262681,3.8692971718644773,-2.4866161457925866,-4.42928027558215,-2.410734711422507
-4.476830570066172,3.9725644682361994,-2.525091046298709,-4.392165956541717,-2.486306674976254
-4.491859597778914,4.090576864439461,-2.5524378754992245,-4.383944713669555,-2.5776270541365953
-4.492436235664141,4.18664845424113,-2.5801864128770107,-4.368344510287233,-2.6350678517086483
-4.510216152582647,4.279686470097716,-2.615935937787484,-4.336323385277561,-2.7000601349238336
-4.50982173749792,4.364595117374755,-2.644383873649027,-4.3289527541334145,-2.7687264882531095
-4.521298591096632,4.456696498526453,-2.680367474704664,-4.316979583655491,-2.8233022141113766
-4.5284377278577415,4.5301370217542045,-2.6952550950649456,-4.308510788554941,-2.8699738821504823
-4.531903689264304,4.610753271929251,-2.733271632891858,-4.299620058206916,-2.9091137405165903
-4.53765897556515,4.68359447924867,-2.7591874724212566,-4.281282797083785,-2.9539482295299453
-4.524831019743482,4.753944945623909,-2.7769648223710237,-4.283881806024442,-2.9892795783109647
-4.535560450424407,4.813602733519602,-2.80571125185044,-4.2830421367683345,-3.01256550907909
-4.533318368591208,4.875538509515598,-2.8399290779737005,-4.283830798188776,-3.049340163776526
-4.523984047073712,4.933445222364306,-2.847255674212584,-4.279517051087491,-3.0705064854903266
-4.524569533326962,4.974344540739047,-2.859355180071536,-4.283880032095849,-3.091781606719034
-4.535418695562391,5.013300665361214,-2.8888867924656,-4.281667696972435,-3.112433171643371
-4.517182250747065,5.056680820777742,-2.9059203581517234,-4.2801150071812035,-3.1235794171311966
-4.523626413437682,5.072914522979053,-2.9189700038072885,-4.281035722273664,-3.142866981386038
-4.524914983729726,5.107209788745988,-2.9384448870503928,-4.2843553054365655,-3.151588731299923
-4.524498191556546,5.133729399290386,-2.9351431465130986,-4.285482554109489,-3.1574542811028117
-4.51951754420891,5.14187021157941,-2.958827721242031,-4.285326169565368,-3.169417656485105
-4.51904820454725,5.156946008246218,-2.965860890348563,-4.288086034085149,-3.1673977792013193
-4.519894215398314,5.163842325844278,-2.9647935761048405,-4.292198516206417,-3.1826296633013422
-4.517899274657194,5.1599586474479135,-2.9674649654457284,-4.297135738857155,-3.1755604678068603
-4.525771552862686,5.1602226543171605,-2.9546365272754573,-4.293895374878398,-3.169016697416827
-4.529919599716348,5.146279418860127,-2.9543100727741547,-4.292622754377293,-3.1743053325020116
-4.54517560687825,5.131983645167006,-2.9451197029823613,-4.289899608002889,-3.1705366426604558
-4.5433909078114905,5.095410363713221,-2.9258408538962364,-4.299285023783005,-3.171241526673849
-4.546755974694707,5.06615276735399,-2.9251309829334873,-4.29939597432998,-3.1787883924103055
-4.553472232076092,5.02065423855941,-2.897114420290941,-4.2884580834858745,-3.1544152962989376
-4.56754506394474,4.979068177542533,-2.8746697261620233,-4.291130278312155,-3.1444469801799895
-4.574948629942358,4.91786986330776,-2.846789623523527,-4.283901667061132,-3.1208426406011904
-4.580130043498088,4.854757385251642,-2.819391608758981,-4.291625360539386,-3.099126847157341
-4.5833324066173855,4.7790936935267,-2.797168410037972,-4.292697711260634,-3.084373957441645
-4.59224578670128,4.689569482188371,-2.7707826199815653,-4.2986568203672775,-3.0366229685539654
-4.599441308212779,4.613481382523403,-2.723936621057091,-4.307074029920724,-3.005807481118041
-4.597898270210858,4.507374049160445,-2.702767301623335,-4.32049190204195,-2.959377455445346
-4.5873307007282325,4.390817511515485,-2.6610556257163522,-4.335710337331895,-2.9039194289768937
-4.5808576032391946,4.263818084919975,-2.6189667096476645,-4.35075555123148,-2.837066528797544
-4.57221729737216,4.133228065550771,-2.5677741787443145,-4.357108925895743,-2.7748370534202955
-4.557706880786152,4.005522958308588,-2.538582220566229,-4.382671694011444,-2.717675174122625
-4.534754722748484,3.877862839673939,-2.4839772817972228,-4.403041145772529,-2.633619836206716
-4.501054093139339,3.744655205151183,-2.4519112687770006,-4.4236142057885415,-2.5494006947156165
-4.468137218493779,3.6144312096725177,-2.4147975080605537,-4.447807913768309,-2.4732715912559513
-4.442621141780804,3.494934290176108,-2.3805106497311033,-4.459827729820265,-2.395841076457453
-4.412510806373363,3.37220720355968,-2.3457023337601544,-4.490912207486994,-2.3271632686401307
-4.3852371298350015,3.254468397763195,-2.3170786387514624,-4.513521045973299,-2.235614567993835
-4.353654349443263,3.1688951215286503,-2.294186564587781,-4.527492181086258,-2.1908803215515693
-4.319811811339789,3.069781675408287,-2.276745493010724,-4.54481154821691,-2.1295512992922503
-4.302724908867841,3.017123168930779,-2.256510371814515,-4.562131458737874,-2.0758473570412566
-4.272447278578447,2.957574284801227,-2.236528909140589,-4.568666656889859,-2.0282287928024276
-4.250121168808061,2.917279333674613,-2.2379996449015485,-4.585938762951791,-1.9874431179265244
-4.241140240391755,2.911814538547338,-2.238257899556586,-4.604723892973513,-1.971472211233246
-4.232986828148391,2.905073603768234,-2.2428465475745174,-4.592404032394344,-1.9445016160177855
-4.226063183090495,2.924851904165649,-2.2603848171693643,-4.5978017733130345,-1.931111246415523
-4.229894227624821,2.942973403230644,-2.2635531313385067,-4.600171590829678,-1.9445567073988428
-4.244774322010319,2.9817022356815737,-2.2890582032325466,-4.590715327472948,-1.938887625531704
-4.2400999116041245,3.0355808129152475,-2.2846430786869822,-4.5730076281085745,-1.9694516184099118
-4.265388297944468,3.100547754468196,-2.314232178487006,-4.573366775249527,-1.9943279818212019
-4.273829597534624,3.179611633602658,-2.3260231440963848,-4.545086404062706,-2.0399590575159907
-4.291986248651202,3.2827201523770184,-2.355902368569774,-4.544951117265038,-2.0869598610974354
-4.309240533307411,3.36700218546045,-2.3902337231601445,-4.506799165177635,-2.140702193205724
-4.3426366173719,3.467522309356481,-2.4130188819435303,-4.501330501682168,-2.210105696803966
-4.369657230873932,3.5817364415597415,-2.440250863193175,-4.478547391489704,-2.272180326746038
-4.388402336480782,3.6842232930473093,-2.4690207108663857,-4.43810782053025,-2.3426341193946163
-4.409333676538132,3.796336350339262,-2.5032242753067075,-4.416982844179817,-2.4114160401459563
-4.439246693488522,3.9270193435836953,-2.52469687089463,-4.403127830676969,-2.4919694689365954
-4.460928451211415,4.050018876510001,-2.560344714137306,-4.377290204428183,-2.55592007568041
-4.470115182119461,4.171030042263059,-2.5846991026638997,-4.350797117175406,-2.638871325359552
-4.499886251653588,4.273341285105443,-2.6146028018009817,-4.332809850525159,-2.7067193494211836
-4.494707507085087,4.389072352135938,-2.6574482529325976,-4.326145002862484,-2.7691867528550578
-4.507648721559089,4.500499693405024,-2.683114117235205,-4.305732019751715,-2.828031867155665
-4.505010841911599,4.608499872177014,-2.728088389849079,-4.304769579233748,-2.8792537605889614
-4.525091729963592,4.706484793469954,-2.74850998169566,-4.289773361311649,-2.9287486293276768
-4.515109591939218,4.7867769756411676,-2.794169581204533,-4.278385425595449,-2.978970798882912
-4.514722131397713,4.860872023789694,-2.821886648074435,-4.277747572942644,-3.014690331574056
-4.5146145985331945,4.938062357497271,-2.8573460358205516,-4.278169966884963,-3.051432375216408
-4.516775753089827,5.019560316594118,-2.89037261252962,-4.282040209406845,-3.090214989455208
-4.513990186121243,5.069356817942383,-2.909663282133636,-4.283593668442937,-3.122668275556384
-4.501973606547049,5.126987380349247,-2.946258970015943,-4.2859456260122535,-3.139056732387692
-4.4877863374817775,5.168353205788973,-2.9632101262371333,-4.300259905623211,-3.1481320834030844
-4.5000009628308515,5.2157378265583345,-2.9924344347340677,-4.310353414178201,-3.1675556851586975
-4.499158600783488,5.247658002513982,-3.016129157324626,-4.312693247779269,-3.189701012072964
-4.489308024667689,5.276193415472682,-3.0263372770656365,-4.322152039303577,-3.1946231049431004
-4.489102374001323,5.289535157995517,-3.0302546221642928,-4.311106421005217,-3.1898803073480146
-4.48189119637936,5.3116102201284345,-3.041167370065841,-4.323999670724924,-3.209648376346293
-4.48275256046199,5.331125326248098,-3.0483682697198944,-4.323450973751014,-3.216956305189895
-4.4813337055109095,5.3269182879678345,-3.0623521291059816,-4.3140884811009,-3.2119827938476266
-4.487555220658911,5.318084251758945,-3.050475265467231,-4.329911940068189,-3.22076791502848
-4.485415140300204,5.301106471128489,-3.046793376314301,-4.322863341404082,-3.2175878958390514
-4.505758041806539,5.289153542675292,-3.0328979365086752,-4.329835255055701,-3.2202176381727545
-4.512664625705645,5.258379548039672,-3.0106420844117014,-4.325735107421759,-3.212876145010057
-4.532978611950346,5.216704960708007,-2.993012720174014,-4.318731639066845,-3.208619194303625
-4.540968776565326,5.161406583748205,-2.9769497903275366,-4.307582510734542,-3.197247310094481
-4.554562721539244,5.103189321968362,-2.9381869216529233,-4.305685542846926,-3.1800363151802626
-4.559524783054788,5.019293931553909,-2.902207916900515,-4.298813704432908,-3.1686754826409955
-4.58859955978449,4.925611538189735,-2.8574605342134802,-4.302375114957718,-3.132366053867072
-4.594868354080957,4.802915774845149,-2.81576537994271,-4.305129985383394,-3.0938653993238425
-4.598753382682134,4.672961844622939,-2.7662139027990142,-4.311995904934036,-3.0395088116251303
-4.6008461441647945,4.518402358501265,-2.705219101627093,-4.333821473043195,-2.971136461099648
-4.5935798411666635,4.342582420718694,-2.63881745075953,-4.350237890294414,-2.903106061928018
-4.5800059002532265,4.148776383740903,-2.5852947652182547,-4.387218895761826,-2.807385052774389
-4.551949499092881,3.933623246920955,-2.53443265539111,-4.403630307359136,-2.7007423488524798
-4.509031728504016,3.6919508601947353,-2.4476902864683527,-4.446474885193937,-2.5715065014466036
-4.467424781088881,3.4422079761514333,-2.3652005805954066,-4.496836059140413,-2.428852951350233
-4.392757460218818,3.1888421863745866,-2.2921331508405074,-4.541126090572977,-2.298951138914586
-4.328587463111615,2.955519180027147,-2.2243950216747796,-4.56609023470097,-2.1476239497883443
-4.2557833425808616,2.7240600007571536,-2.1346429690179067,-4.615023376324223,-2.013164457132916
-4.167603999672869,2.4931849214531683,-2.082544134144639,-4.6362828841058175,-1.876675626242877
-4.076408253483984,2.2968950486676456,-2.016221589171433,-4.65725088522249,-1.7492924158905856
-3.9850459178083337,2.1272421320751254,-1.947425727981328,-4.697497229580624,-1.6223388618341148
-3.9244328754136646,1.960201410548664,-1.8955746218153091,-4.742505877346636,-1.5434226868684708
-3.849922047716685,1.8452358365186807,-1.8573039076374331,-4.774442275485689,-1.4429631344479483
-3.786240623117328,1.7345810284708387,-1.816911714522375,-4.803069599915209,-1.3719920441087812
-3.748736317462525,1.6617392555609596,-1.7895865052627085,-4.835839867517401,-1.3025913605928958
-3.7282924577619245,1.6061685194695126,-1.7749062100732835,-4.868622974603454,-1.2515893202564312
-3.695194182246552,1.5772608199861595,-1.7737184954181053,-4.8807200604149985,-1.2230089061044913
-3.672732914636492,1.5688604872744236,-1.767625622405553,-4.905683710173088,-1.1741382816779895
-3.6640333387141104,1.5759857308179583,-1.762323208306557,-4.913928197547711,-1.1523359288182204
-3.6583009705999197,1.6149804330310311,-1.7904312619113676,-4.920173697285532,-1.115347785406568
-3.674100811894484,1.6668416884638504,-1.802486225802408,-4.9428394102462425,-1.1098443305842383
-3.683690844943087,1.7146320300855953,-1.8305307786268135,-4.911835099944914,-1.0964458087457933
-3.712442345821662,1.7927109485535702,-1.8545104383130033,-4.927360205485591,-1.1045200201171463
-3.7525497485703805,1.8798080541980249,-1.909099969677515,-4.912460563709078,-1.115412733861227
-3.77494029022366,1.9679306185575067,-1.941839838171622,-4.910279143162779,-1.1493188301377308
-3.825600070792057,2.080360126080094,-1.9962111768066375,-4.898639297271708,-1.1912103501806937
-3.8814332856409175,2.207250823791137,-2.051597787729639,-4.881938297612061,-1.2532211009130465
-3.9266934469135717,2.3392688104913684,-2.1054382746602243,-4.842485514284566,-1.3221722808417666
-3.9837808298031114,2.4893958413790678,-2.149821139770737,-4.812424508613646,-1.3910930831592512
-4.044504971890051,2.6340090973598524,-2.196705192853994,-4.7745174432206205,-1.492864413386861
-4.109564095067371,2.8029770171826924,-2.242114032224583,-4.716659516595832,-1.5976077028198385
-4.150217961349841,2.988033488426347,-2.3030563117818366,-4.680282829802404,-1.718292139978096
-4.212801851658302,3.1761098781228365,-2.352733308764017,-4.624728838819077,-1.854491709864669
-4.259829832359123,3.361180698038018,-2.395230843903125,-4.574556682881849,-1.981234188106599
-4.310959313680662,3.563511700463818,-2.452108316073346,-4.5221215880842935,-2.1177742589617514
-4.3548703614463165,3.740386888521341,-2.4911522122442613,-4.489554619761999,-2.2481901482539395
-4.401039129080905,3.9215679041948714,-2.5379777441153952,-4.441834226626642,-2.370089937820719
-4.436657440330332,4.102407945473627,-2.5945216009905865,-4.403212588344284,-2.490481134803378
-4.458876284744439,4.270095416169536,-2.634669980705032,-4.377011617984786,-2.6137966929881893
-4.471323523291303,4.417273322554669,-2.6849355877712178,-4.345603561096972,-2.724587862666767
-4.481987164463756,4.572740509655191,-2.7234966070223345,-4.327986844501283,-2.814033940608865
-4.488476501061195,4.702942493056566,-2.7640454813946844,-4.30800910703918,-2.888121769298696
-4.4934896150557915,4.811056059398487,-2.8192919945324135,-4.299670135330829,-2.956142407651887
-4.495453528829638,4.92378735706813,-2.8746574196948966,-4.304938450163216,-3.0225539320040933
-4.484433105742859,5.0187095932810335,-2.9134511057908288,-4.308834629179435,-3.065973134745744
-4.496586914693553,5.128776565886195,-2.9348112146240335,-4.309658460185846,-3.110896127661818
-4.486307756403226,5.185401259276221,-2.9845551303928017,-4.306798786610666,-3.1385585420863054
-4.471703825548673,5.269643703061398,-3.013112151585854,-4.325193877934468,-3.1690653058736475
-4.457468315012607,5.323269548152061,-3.0479518669854517,-4.340041907181607,-3.1839624751886713
-4.453209403451493,5.372578526344217,-3.0846366710385253,-4.353263939249336,-3.2039220034186635
-4.44487777237746,5.416859891347206,-3.106089863823315,-4.362279646049859,-3.2168699987120886
-4.450314633240289,5.451526570812934,-3.122066343581044,-4.373350483700897,-3.2198447203763982
-4.446122303047797,5.475346203102764,-3.1494533643799425,-4.3671261889319934,-3.233080691714743
-4.436093179186705,5.484884758777777,-3.151152904141039,-4.386104894322205,-3.230144270554268
-4.442958810482393,5.496855485020459,-3.1589995949300795,-4.3871936528724,-3.2498154906925336
-4.450022810212997,5.497794585573364,-3.1604741141843458,-4.394657381982533,-3.2533063125689607
-4.4523688234972685,5.490314118157335,-3.1500272268262104,-4.387801735937562,-3.2488611235865834
-4.460842723002892,5.4820573159061405,-3.138877785665716,-4.374880208745606,-3.252023850393451
-4.466205688824232,5.44198635885141,-3.1306697482002703,-4.362901285677313,-3.251575792823894
-4.4753742393233615,5.404974751593037,-3.1023268609362273,-4.3556106223558135,-3.2486527716762974
-4.49422157713324,5.344977863936528,-3.0617688714631663,-4.3426149350737395,-3.2369676412228117
-4.52541792252018,5.270553973364846,-3.022376558139573,-4.335694434490315,-3.222567604832774
-4.543749908551214,5.1645797790384815,-2.9826140487613553,-4.321051546832878,-3.206136179602292
-4.562937464336815,5.038797871104163,-2.925282169700032,-4.31783423843662,-3.1752967778287955
-4.592593831227172,4.870400843675671,-2.856780997762907,-4.328089917671501,-3.1275756775433026
-4.6131828712656,4.647966386742266,-2.7688056757927635,-4.342183060164973,-3.04444916358421
-4.612044410084874,4.362763640451893,-2.667181784323209,-4.397943576717975,-2.927943879419059
-4.592818788647654,4.007699959320217,-2.5441224244010456,-4.422045513707635,-2.7822437331505934
-4.538906022078539,3.6200976854035476,-2.4153963354404255,-4.497370192126578,-2.5858900968948935
-4.448085685547823,3.1813274060540997,-2.264120942214873,-4.548447154680213,-2.3730933833787535
-4.314806997097431,2.699806689557565,-2.090228368458166,-4.598953927504714,-2.141762329651245
-4.133466000076424,2.2237860218505134,-1.879419729550503,-4.6635691697351245,-1.918863842985055
-3.9376787211331643,1.7672799845030638,-1.6729472485396202,-4.697045809917874,-1.7355447719706225
-3.727442021056727,1.3401227030048255,-1.4509584878598834,-4.754169951313374,-1.5833965656442839
-3.5481709957523098,0.9911248471534642,-1.2493255803713024,-4.7988479726683915,-1.4806259666911925
-3.36397415122301,0.6972923637731242,-1.0715587443787402,-4.828255592004665,-1.4360493353230905
-3.215423860077885,0.4478695262799565,-0.9020841326171092,-4.886504991974864,-1.431878072804971
-3.098438207569665,0.19602355364314128,-0.7220074310156461,-4.906975283505537,-1.478157485633715
-3.0509857845235797,0.011717679002045008,-0.5599334978009791,-4.906666754172052,-1.5479405907706147
-2.994152531075972,-0.1875380488035589,-0.4039464308738599,-4.88479876955666,-1.6583491212175132
-2.980102093645357,-0.35399570397889957,-0.26203535294004116,-4.86190060372926,-1.7589371776533669
-2.9609963301986277,-0.48350924450726207,-0.14339688182897317,-4.784418478825023,-1.8558504665161624
-2.9398494357533527,-0.6058466896289231,-0.05253387327697657,-4.676800192784163,-1.9385231701237422
-2.9376001901517927,-0.7390155706443172,0.030349829716649235,-4.5499508011686975,-2.0011764147987288
-2.906425163830168,-0.8417036938371663,0.10375763459348405,-4.398257990170317,-2.061715579423376
-2.9005394798210005,-0.9161609149022915,0.15844348187204882,-4.230846717609471,-2.073016773966272
-2.916251929493618,-0.9739598886440353,0.2057548723872329,-4.061430963824753,-2.1070020312904507
-2.901678888162392,-1.0040213380321759,0.22848365589593356,-3.901571572596685,-2.099017428737786
-2.8749501126669297,-1.0450615219713835,0.26744548408283286,-3.7546579835590004,-2.1010676023213954
-2.8619205144179514,-1.0757018283680524,0.2973457175500512,-3.6126824999018643,-2.08349129451988
-2.8448744719194825,-1.0939617978125469,0.3547916961505392,-3.485844954544415,-2.0724716874634765
-2.862524635943104,-1.0821503756537092,0.4021230625696237,-3.3892332397071536,-2.063805186633445
-2.8513944066308605,-1.0991132954206253,0.42896402721761795,-3.3146539644150335,-2.0314076588004206
-2.847602452659812,-1.0921776601677529,0.48252503155022197,-3.288232958844846,-2.024321594190613
-2.862342488265961,-1.08223845146906,0.5175633521960775,-3.247659907844834,-1.9993228869562512
-2.881360557531027,-1.063134619025663,0.550801832456249,-3.241970605425631,-2.00322853731341
-2.9274357264836675,-1.0345118265370696,0.5774199948074388,-3.2467509748746584,-2.0030935917215125
-2.926348935819031,-1.0014254403882905,0.5900764478384427,-3.2744717106494288,-2.0098746767342557
-2.9609949483483318,-0.97220380566885,0.6035893784656197,-3.320286885810053,-2.007242738750032
-2.998360659050459,-0.918888531068864,0.6025752307051377,-3.363535793940496,-1.997915549623049
-3.034922428864628,-0.8849068129585816,0.5981981072049458,-3.4329557036608045,-1.9734307637032003
-3.094108669346875,-0.8426703301844927,0.595482620754944,-3.5502119576527353,-1.9783004019584638
-3.13912307270536,-0.8035987588612039,0.5858170717229195,-3.634024794037884,-1.9727917587119985
-3.1799059567525823,-0.7280472170557878,0.5583167876840299,-3.7531258475466984,-1.9650759316052204
-3.2162661900735365,-0.6571404080683516,0.5137906319141092,-3.89797110009217,-1.9230780790349982
-3.27929885265455,-0.5822635004852441,0.46756835239112193,-4.027852227241121,-1.8975541136368896
-3.314669797386092,-0.5009174905682761,0.4226279411820563,-4.171461615103177,-1.8501653704291159
-3.3399167269593995,-0.40863526175965975,0.3727252023592533,-4.30119888755242,-1.7943507278244295
-3.3702031111948987,-0.3085100008097752,0.2945788576955191,-4.438238560200355,-1.7214444260530959
-3.424971994009158,-0.18939597308568573,0.19943040835017936,-4.591163227130022,-1.6667480839751414
-3.4349126783063384,-0.09985482588768688,0.09053113809033282,-4.726594634996604,-1.5997315467411808
-3.4577635962619047,0.013061253655815008,0.015348540552085725,-4.855871470873853,-1.5161823701048094
-3.477495753122269,0.14385450419588777,-0.11761362836976408,-4.9746327552771845,-1.4300532710836504
-3.496860276820014,0.27169270736559586,-0.255903163685486,-5.075610242182602,-1.356584825265891
-3.52579456202425,0.4137416619819636,-0.397994287343815,-5.192042428442911,-1.2705791412125051
-3.5609059054027807,0.5459474262095431,-0.5509267472034804,-5.2736423086162905,-1.1944975023309803
-3.5966701445895057,0.7064634295170532,-0.7099945258629908,-5.325403514714824,-1.1260662786503077
-3.6381144463959854,0.871402545040438,-0.890277979711524,-5.33967568824665,-1.0668611078799506
-3.6896783665745905,1.0592353565541357,-1.0474036371420192,-5.332007340820346,-1.0282099525115986
-3.733410173226888,1.254108745850971,-1.220346651454443,-5.2789655684582035,-1.0256177270671107
-3.811168543007992,1.4912151150004727,-1.3850763684048881,-5.235451295810382,-1.0524702639474972
-3.8889882931741098,1.7415978689696108,-1.5509706615085448,-5.165445467112093,-1.0978224053545114
-3.9695651138535055,1.9985459550279159,-1.7159334861124436,-5.092997945038448,-1.1857792020300966
-4.0499537670524886,2.287154358373904,-1.8638440212435687,-4.994276561342286,-1.296244092089549
-4.122350861884603,2.578619369316609,-2.005599931579177,-4.893577241301114,-1.4519602327976946
-4.195878661152659,2.8943922168959957,-2.139939533949374,-4.809735906632736,-1.622658066918823
-4.270842299343121,3.1973087377553546,-2.243681290244782,-4.700584339371804,-1.8257241720074542
-4.326919439533549,3.513299865838125,-2.352488471003558,-4.615390589641312,-2.016021298289739
-4.373620866571404,3.8015782989361675,-2.449383111949393,-4.5346493774717525,-2.209544587266336
-4.410709369497773,4.0804550385381315,-2.540895922727476,-4.465070559362721,-2.414514957802044
-4.443505068463209,4.332432806992737,-2.623265913722207,-4.410787253012395,-2.565046962114392
-4.455076180364831,4.552645597134161,-2.712558128897919,-4.38038753123612,-2.7216791854117917
-4.467005936290737,4.75514091232272,-2.788432806730516,-4.344314592953557,-2.8509838582734175
-4.46202381463025,4.935631893251561,-2.8654313464053223,-4.342256346578762,-2.933440108927615
-4.454627060372857,5.082970109429052,-2.9463566155710046,-4.350225582600793,-3.0198535896962957
-4.4429305940991854,5.2137751415165745,-3.0082862850875935,-4.369797243373618,-3.082320810442323
-4.441093860962279,5.315259962650172,-3.063052716665431,-4.366829021677756,-3.1244341189472142
-4.430924679008646,5.415636975779512,-3.1318078208613414,-4.403892820418517,-3.1694232848985835
-4.4120233437030105,5.49372074308675,-3.1816355519196597,-4.421480957273969,-3.20453928884111
-4.4111212639314195,5.553822088011248,-3.221391790332917,-4.441928768482983,-3.221197572777456
-4.4087245114728715,5.614940906256919,-3.256622279851835,-4.461688145559147,-3.2413010021097737
-4.392414146721811,5.64542996455202,-3.277019100836124,-4.4783533207493305,-3.254119944140448
-4.397799672058289,5.6767516270255864,-3.297561525440195,-4.498336011796818,-3.261246640829781
-4.3805412552874765,5.699079327299704,-3.3087078757061232,-4.506905000119635,-3.2701345107845183
-4.389765268653449,5.712309419311511,-3.325535890988381,-4.506419691541243,-3.2584447298010404
-4.3916308272330715,5.716151755896376,-3.321451285540127,-4.512948199787812,-3.269394180053979
-4.3897890797371595,5.713232732051551,-3.3164244985131197,-4.491579023816808,-3.2705590012617867
-4.400314177235162,5.703282780239275,-3.3043612700130565,-4.477829356312705,-3.26989876771354
-4.406025356433568,5.6560709308128185,-3.2743549285417113,-4.460597214849543,-3.2660403609851794
-4.427407313681067,5.594198941467367,-3.2288229584217185,-4.441271198786557,-3.2613876555421837
-4.456849764935893,5.495592295048751,-3.167026475176893,-4.407135548793785,-3.253980137937308
-4.512623742360404,5.347942004041439,-3.090169223177345,-4.380643941783014,-3.2387224409685844
-4.579994983053831,5.078203703763297,-2.9742721806442156,-4.383571786352029,-3.192486288259502
-4.615626977600226,4.654951102654957,-2.8073779508700865,-4.434400523434464,-3.055700538589743
-4.586699535966901,3.9568471569594963,-2.553595558113801,-4.546974021875807,-2.8045115781764327
-4.428068751775332,3.000162579184183,-2.1187333314833423,-4.632269337421669,-2.45000278104172
-4.080089919602371,1.8623926476382742,-1.5069458134224774,-4.671701553651309,-2.1236308596622187
-3.6916978109852487,0.6406544734049296,-0.815408655475216,-4.656571540568933,-2.0242149380822316
-3.344867185514776,-0.7091634615506887,-0.045102266112681054,-4.352750830313823,-2.3120334238025473
-2.7269611877974054,-1.9534226413991278,0.6765530117275115,-3.4156736866346757,-2.6991044408858347
-1.8149078915242693,-2.805963640807133,1.2152997011695852,-1.8666768449006974,-2.830402991313678
-0.8386001676668234,-3.2342997790923222,1.3801866983033726,-0.1885603589999315,-2.8329765395459683
0.14458146343220765,-3.524568073153439,1.4417231598080025,1.1444234317475677,-2.7859059378474162
1.0835308204158598,-3.8333150392020126,1.5539643430257553,2.0615678013245953,-2.6084604582496667
1.9237520496417162,-4.169856685669093,1.7372979656020584,2.6043662284577245,-2.3131791431687003
2.666153307407179,-4.492723599852584,1.9499471304954827,2.921449720219594,-1.928532688986694
3.2440169196372346,-4.768831000606307,2.143009553993365,3.076573532493557,-1.4947029989213991
3.7317405821101013,-5.00813755102711,2.3161732129575663,3.1291794698647104,-1.081165682029683
4.084720143523732,-5.184651292101849,2.435055912661727,3.131165294866001,-0.6998643191538704
4.3554625334577,-5.320131282832025,2.511292882695099,3.115653937603629,-0.3682583121927554
4.544677196065776,-5.399534445254647,2.5559281070050144,3.0993955448383006,-0.07147479983436404
4.702882487958744,-5.459357380388185,2.5893460330652185,3.0777745555710516,0.1997781258053962
4.803496222737459,-5.484576745137923,2.6104445938082574,3.0565045662094086,0.41755009083696676
4.878141389522968,-5.515922020938086,2.5973230881840528,3.045484450184993,0.6159507105536084
4.949044789368592,-5.514950114025896,2.5979952270088154,3.0204727957391118,0.7878001021257057
4.972180834198825,-5.5173560305101255,2.5807796814625794,3.015237749107782,0.9057730377453668
5.011297182551061,-5.494809406585411,2.5680071553953536,3.008869507391551,1.0497508380987128
5.024795158556292,-5.491867240440851,2.5614540837654394,2.9962396139476004,1.1628760939589031
5.035997233313439,-5.488364432594544,2.5545314646931394,2.986081758322301,1.2619758392687022
5.036959076719565,-5.484583160285059,2.534672858590805,2.9816959150962457,1.3480363868853498
5.035413711913345,-5.464464519390129,2.5098740967450777,2.9796412393436746,1.436707637420714
5.027293938218629,-5.45050210569697,2.508258214076833,2.983742265034079,1.5087287084011185
5.017056441683261,-5.45027981106736,2.4974647204494036,2.9922207813770263,1.578534276127615
5.006086563380258,-5.439774179182268,2.5021033086045623,2.987976538211689,1.6420804730840706
5.001630825503564,-5.4419135594445,2.4949138928813097,2.975036491021853,1.6964763640038405
5.007815399593949,-5.448165158688301,2.4870004946122797,2.9861844187791537,1.7457440259145722
4.989071816401448,-5.433896256234827,2.4837068296038414,2.9877020535599668,1.8091378907081723
4.978947214940237,-5.42562542035204,2.4740986928038255,3.0023823760743076,1.8411970559898256
4.975508037559727,-5.417695434290084,2.472501300897556,3.016877190759361,1.8926348297127515
4.965607468484717,-5.416656460006849,2.464666043612458,3.0183178749531785,1.9427109821856492
4.947355247934861,-5.417970793919729,2.4564774962750735,3.0332963541627604,1.9736477832551764
4.940143604529821,-5.414608612902051,2.4574279546445155,3.0335033078521896,2.0218322251317775
4.925655147852673,-5.412338390080894,2.466504945207901,3.0344923656479525,2.0594931024041507
4.932088154490496,-5.415383338576234,2.4584378192076275,3.0398749991142444,2.0797801355650507
4.916183867033365,-5.422991189197647,2.4438947941648848,3.0378764409875663,2.109878400923591
4.9214877023477746,-5.421657556470107,2.4428950403004634,3.0497988943094843,2.1278485089416734
4.909128463979361,-5.40764934283481,2.437566447916005,3.0493544013280225,2.1562327192860153
4.898948603648976,-5.4089553537573405,2.434722176690557,3.0509455526232125,2.174103048730371
4.8946727069153155,-5.417102730685399,2.4379726691997528,3.0585065314219366,2.185368618897994
4.885232709855014,-5.416968377352337,2.436666062317467,3.056715989777802,2.188651084123158
4.904639369405876,-5.419875816903603,2.4462766286469497,3.0634792106770807,2.190507697161479
4.893459504966979,-5.404166753426455,2.432906015031762,3.0658688828851592,2.196610913953421
4.890444231319343,-5.406287303172697,2.425090563797757,3.0608984683367657,2.2037033146354896
4.895163899172588,-5.411639065968463,2.4211893447827584,3.0488857642474665,2.196998669253224
4.899691557206469,-5.4056679499144495,2.423952550008629,3.0615569576784725,2.186256586790555
4.906357212110162,-5.415927395890272,2.4300302689608895,3.052978089164505,2.1831599979220355
4.899918245496316,-5.397557828040566,2.439095734758538,3.04089333338695,2.165726303915829
4.920994930943302,-5.383433249439704,2.4139765561454243,3.0529094745790584,2.1641841513196036
4.926634172235746,-5.386286327523538,2.42275951200483,3.0394311411929547,2.125588361496245
4.9383469094937045,-5.387070903228576,2.426305442802117,3.031032774510577,2.1015022741922778
4.939452835498049,-5.380057594798606,2.4191717912572677,3.02395998174951,2.0772773021799185
4.94534229780213,-5.379836173915331,2.4229551607062536,3.011531669666705,2.035029432586305
4.966694146432806,-5.371514811798555,2.4261589256373983,3.0116234019621477,2.008275785323337
4.967782867374095,-5.368068271953867,2.4270312684193214,3.0027267484235476,1.9675077858473768
4.989303396789942,-5.361066625960831,2.4153727195666788,2.990951013708317,1.922608283449819
5.004563645367666,-5.356506811899899,2.438335881241473,2.9752644967553095,1.8851392259912727
5.017644158880606,-5.364578079947458,2.4300444800266225,2.9749606155269,1.8357897951472217
5.023853471962747,-5.345990676390666,2.4276055220790034,2.957980016488262,1.7853398396336406
5.037840538342727,-5.350546314561745,2.4238894690111596,2.9574155790882655,1.7443098795547132
5.044423424671696,-5.358401333237919,2.432560925481531,2.9545374844666155,1.6790863803665246
5.054931595099463,-5.348156973555931,2.4229801151375847,2.9423565682527975,1.6319560427413244
5.062507004036321,-5.359269127379151,2.4240239063617834,2.941745595980024,1.5666927385710212
5.066639072009131,-5.347546105065667,2.4318313900254904,2.9413807226066213,1.518377516567443
5.075877400742642,-5.35400657993389,2.4370440733723018,2.942433887525883,1.4763705095268356
5.083168596769866,-5.344886480520002,2.433513028849603,2.945274894488112,1.4326506980486022
5.081876230993924,-5.332688487991792,2.4237247403505773,2.941042176097637,1.3933375793323968
5.080626790145775,-5.337609415466,2.424497597725114,2.9350672514514504,1.3540222130436586
5.089394608191817,-5.34773068441901,2.442942125493542,2.9285910923980505,1.3125159392289714
5.08792819440468,-5.354545088452762,2.438477955241427,2.9385219346460887,1.2815172654088087
5.086600309951895,-5.360742103677739,2.4412527885815214,2.938122104572339,1.2600346935345967
5.077357017004112,-5.362630721612541,2.4507257662122597,2.936991008797045,1.2458812751911508
5.081163684507293,-5.368194940933497,2.4583614647557757,2.942280213114333,1.2237378857640886
5.0817116667706195,-5.36257655338869,2.4519582897473446,2.941296453954064,1.237308937385532
5.086148239054222,-5.375905795478954,2.462595082931259,2.941427766754803,1.2373205233138356
5.092338979659215,-5.37914312199619,2.46575938061732,2.9397775532324255,1.2377980755440037
5.079452792334948,-5.380619695901825,2.4628975915929407,2.9490048964965765,1.2504935125486938
5.082968029322309,-5.398773582163006,2.4770436259822044,2.9456028829790855,1.2691965154391867
5.0763993832372645,-5.399568051818754,2.465833503933508,2.943009170102857,1.2979803680208923
5.071131215827548,-5.4038537907737085,2.4689083127614904,2.9500376656147465,1.3238548660260723
5.064825167593551,-5.412120590084869,2.4742371266390975,2.9566422580011267,1.3656037549614037
5.052610783090592,-5.400950472131911,2.4852420862421374,2.946903251586524,1.3897472389638246
5.055107040928318,-5.41382593030002,2.4784016016610555,2.954394771216969,1.4373052565266236
5.051824830802846,-5.409735296492363,2.4840803112371286,2.949965217291918,1.4908438852736738
5.04051851668618,-5.423291066174452,2.4793636183146894,2.9550953194529948,1.5279877915426197
5.042245837288809,-5.423591494790714,2.487662962692306,2.9688312415808564,1.5797811510018227
5.03582670200016,-5.431364970698161,2.4838388192472403,2.971083396472087,1.6351712327327048
5.024530880910703,-5.431533075954383,2.494005726052413,2.980875505876763,1.6975184559040697
5.0072330000012615,-5.425652864480606,2.4851804175160424,2.9792985478812692,1.7518828459923275
4.99731262912332,-5.42845161379533,2.476787110730784,2.991923079967004,1.7999683422113635
4.985169030200827,-5.43732790909859,2.478134051952405,2.996785463625758,1.8557743556634754
4.966783603906893,-5.432662424471566,2.4709094060999046,3.016396753936629,1.9002420916464031
4.954074943486996,-5.418014168285899,2.4694699533208464,3.022281251732704,1.9671542963283184
4.939243233018297,-5.423199111992421,2.4544525167581273,3.0328844142902365,2.007782737790736
4.925896875154122,-5.434842339767912,2.451438884449394,3.0437104894268896,2.057800820096246
4.91353562316363,-5.426604202100429,2.4494913555105167,3.0424220627667737,2.090174019551755
4.909862586855544,-5.434320771745536,2.4475421803243465,3.053077556985213,2.1253458337506244
4.901752112287598,-5.430731232283532,2.4532412966194137,3.051740946001892,2.1596719437332847
4.886405536278213,-5.422411489682051,2.4404389418992563,3.063021585109238,2.20419628725603
4.889829533843228,-5.429713427463286,2.432946483479516,3.078461495657344,2.234398322276846
4.883070952566644,-5.423341352346396,2.4514510300001517,3.0828609096475565,2.243276914745188
4.8728302795981016,-5.417541991091314,2.4252113644722124,3.0954318168722876,2.2772893937490375
4.864010005155418,-5.407511188909029,2.436288193673077,3.1018338490035906,2.3013190933555556
4.862600055944762,-5.414607908612681,2.422722829244644,3.1099644463024996,2.3168190653138225
4.8654300154818895,-5.419332622319924,2.4241307992544603,3.113754131577944,2.3099628304986566
4.848062812858274,-5.42137566387831,2.4258353150562435,3.1052666050041036,2.3169526528632605
4.856736685371534,-5.411626319620439,2.4272667252123274,3.099640403318509,2.318586875153616
4.858475361028085,-5.418680450877698,2.4204538083300093,3.093979763141173,2.3123685760062114
4.870253046360952,-5.410163328746263,2.4300518868076995,3.103156848332446,2.3096674505700134
4.873208782823648,-5.410988931527611,2.4210352857944653,3.0840834157646797,2.286002818812129
4.875633037269698,-5.404980139997839,2.414975307950844,3.0678542738946395,2.271777166140512
4.887992409599297,-5.403615920788679,2.425883237933805,3.0673866034314483,2.237005976208192
4.895562264253673,-5.40413412547728,2.414061802674766,3.059742882779733,2.203792491083851
4.899226286527976,-5.38620358918378,2.408940632361843,3.0454831966940206,2.151872481143604
4.927952489478318,-5.390117753482262,2.4227006450294315,3.0377719487397865,2.1216605400638175
4.940512423853201,-5.38448418658063,2.4232785900236977,3.0168580388950317,2.0795533937605946
4.958978776057487,-5.375677059942606,2.428346352222111,3.006790179420178,2.0210600376901504
4.974306148090836,-5.367372461730447,2.421507957668643,3.001059979196812,1.9634109123052819
4.999473590770799,-5.370980469654692,2.432266112230092,2.9914282179834655,1.8966645800397761
5.024015608449253,-5.351876329597538,2.438040720946867,2.9815277607262107,1.8334862586841507
5.031583654998088,-5.345092541177309,2.4176509680501024,2.967021893795315,1.7479229551288815
5.047590434652738,-5.329037249007855,2.407922047175981,2.9505328199426932,1.6617486637499896
5.071293846888616,-5.328645373673912,2.4141537474886166,2.9450463767188877,1.5801661843567054
5.072052194427787,-5.322834626829865,2.4096537949855206,2.948121429438385,1.503766087437691
5.086733195829093,-5.3050860365884995,2.416407242942755,2.944547163487167,1.4154479423543296
5.08691632048239,-5.3101218885331205,2.42463813586992,2.9425662532978696,1.3282312208270957
5.1025255516090935,-5.3118732516426075,2.4140819076272004,2.937483472823782,1.2494820924754193
5.093401333608341,-5.311361876751045,2.4162127077336173,2.929190563700583,1.161105857493553
5.0932758303306835,-5.314291278880204,2.421031789498219,2.9326875321543064,1.090022217769314
5.080669655882977,-5.324604650565195,2.4235881764621565,2.9292112630779403,1.0169338441320976
5.074147369913703,-5.315234428031452,2.4143130452144126,2.9373393554273717,0.9441725498564717
5.0644081905256675,-5.339747544641719,2.4328486051793177,2.939520894340922,0.8677106461754702
5.064617614104215,-5.340985333435576,2.429781039040315,2.951641492073717,0.8373429754580338
5.055026916877233,-5.345133455821935,2.4455380526455355,2.9332769410941206,0.7905924642884478
5.051436055641251,-5.350303566766352,2.4516050498277573,2.9483652041566413,0.7680098492485221
5.045341381700864,-5.354437564185998,2.4520522750599087,2.9475670451085256,0.7594611878300014
5.046855298269578,-5.368595242028991,2.4671460017679037,2.9555630516912705,0.7428963571659792
5.055620502625236,-5.386648934822896,2.4688416947693863,2.9569012975776263,0.7496750202228671
5.050253816040794,-5.39047742036401,2.471334189524248,2.9534885413525482,0.7694795410921219
5.053972656248576,-5.402255894283621,2.488599569779855,2.952982162779214,0.7853130506386973
5.052800423497944,-5.411588882916962,2.478089348556652,2.961172759690571,0.8202577587209884
5.06351786220549,-5.421075584224568,2.4968249008369656,2.9440095749954707,0.856179035533592
5.071005350304339,-5.4281919628299224,2.5111252778557502,2.963265861469185,0.9003003422150074
5.074265482041577,-5.446859339317619,2.511172127160031,2.967736257288422,0.9590965002386784
5.07154148883197,-5.452057807882583,2.509829659475881,2.9511577194428997,1.0204115947749444
5.072850627364353,-5.44508429483916,2.5113738475844984,2.975722669408823,1.096673695776633
5.061434385318747,-5.45369876109417,2.516862998266807,2.9653480507545127,1.1853730394664845
5.081832228897355,-5.455919237387297,2.5166660929024682,2.968767261403203,1.255525522101568
5.0751608598495626,-5.463567682708078,2.5095607987328923,2.9612684725717435,1.340808054948235
5.05384119231559,-5.45054465573754,2.5153118500480383,2.972474979239921,1.418391948163131
5.049071826177014,-5.460591692442477,2.5186467416242957,2.974045911634462,1.5213161749107695
5.030382598428411,-5.43354248368951,2.4915759461530196,2.993852258208995,1.6114876346864904
5.01788316138705,-5.452188288991314,2.502247501405161,2.9915868056761377,1.6798981020347734
4.9988293635210335,-5.459272001578969,2.4978406544763514,3.005259285161438,1.75509207543596
4.9705838485355205,-5.453903575215556,2.4950113706612993,3.013502715191576,1.843076937519052
4.96490041709624,-5.448510488717324,2.4821028507260054,3.031571711458174,1.9217686190702823
4.9456225134849,-5.4339228377950946,2.474369099710252,3.040732376590901,1.9853078169597347
4.921373544130347,-5.442251949028746,2.469154300955462,3.0558209970572645,2.0561629262415817
4.905261483391554,-5.436717688916698,2.461535667063242,3.062877735693103,2.11854111287072
4.884268605941305,-5.433613253486117,2.445431242568281,3.0804235248559904,2.18160573648435
4.871011561805425,-5.440599291794062,2.456672508146355,3.08647260521211,2.2251800806426503
4.863390869500818,-5.437112893200864,2.437571065410568,3.098719085108471,2.2855198113859685
4.852362771679958,-5.424636753417476,2.429002856380773,3.1199972884231912,2.329980092156669
4.838985169291167,-5.433943889433576,2.423883970131641,3.120363470497818,2.3531245389669677
4.82544137045888,-5.429429466725235,2.424323405219082,3.134442180661685,2.3974350208368453
4.81645081769556,-5.431098983844048,2.425329688877171,3.1354362340488517,2.4157903921241934
4.804278670705449,-5.430264222278817,2.4288428978896146,3.14343361497269,2.4416667242367014
4.816645365954596,-5.423722372087879,2.414790636901176,3.146527880175133,2.4579950995755713
4.81576959555752,-5.436482425446812,2.4264866477807256,3.15757532877574,2.444931335646585
4.820867799238039,-5.430121464688467,2.4276132531946777,3.1542988763358792,2.4479002628324795
4.809136054447011,-5.434511305090006,2.4197579789510764,3.159868783221044,2.4606929092365033
4.82111969964279,-5.42331464474537,2.4154175801277806,3.142505917962848,2.4519116185036265
4.818129377967149,-5.42036124808184,2.404325284866116,3.1380302246718332,2.4245453486679773
4.829590603938331,-5.425635014315227,2.4192431832115746,3.1320740628344144,2.413884679560692
4.845210539152541,-5.415009937766552,2.4169378980735745,3.1079865002633094,2.3736704138716367
4.852300811724388,-5.405979821096906,2.4202201274650967,3.1073610760729764,2.3487768855461097
4.881389186892358,-5.396755389262693,2.4127753230454037,3.079138517085092,2.2920179407027357
4.899830921195922,-5.3839988869426865,2.416211261208957,3.062936215764875,2.243760329019473
4.920317166127567,-5.380988408108614,2.4209829578646587,3.052775732163776,2.1643012855970567
4.929184368927156,-5.362703668302024,2.414008020690584,3.027165658803613,2.086461362779719
4.9659033472054945,-5.364677436429735,2.4251162654313547,3.013474330838259,2.0030333965152756
4.995276539354007,-5.339835169092726,2.410493976895075,2.9875736798737167,1.9176320251881083
5.02028300987342,-5.335748815527113,2.39848595684624,2.967736242191643,1.8073692960246066
5.043811569037716,-5.318333020412496,2.403686908456285,2.951838048631431,1.6759093593286791
5.072223843402216,-5.303809696305331,2.4059092046923327,2.9555182048602657,1.5399372962276618
5.084381276819815,-5.293012179628927,2.400786735602828,2.9419799702414005,1.4098942524617866
5.079087963318761,-5.266221753026232,2.389775725297296,2.9462477710429797,1.2722341670950768
5.079577899225138,-5.256160139243847,2.365309113164234,2.951662159889721,1.1005549826241257
5.066003015929477,-5.238328284336153,2.3712638000952153,2.958488108124484,0.9455316960698377
5.045557175999994,-5.217879944102988,2.368913882875161,2.964385786503953,0.7636780266180468
5.017333247100159,-5.21011512935922,2.3537683266444938,2.970013056118369,0.6225469509708598
4.977645656402894,-5.174779190708264,2.360277409497524,2.97846329181073,0.4624978562100816
4.949469304222123,-5.1653993293710165,2.353161868494283,3.009593180769509,0.31647788183623365
4.917067081634951,-5.16909854323943,2.357440976271305,3.002300990331288,0.16595436815229084
4.875358943305275,-5.143296017623477,2.3579179583273917,3.0131063426369558,0.05407757649626897
4.831396970337322,-5.132016242375329,2.3491240988995123,3.056418067115361,-0.05326235085300583
4.808074130053726,-5.112134913083727,2.347521917362783,3.0649605775989137,-0.15035301493535802
4.799025501883458,-5.112541737841653,2.358630311340236,3.071843509665157,-0.2039865490643312
4.772418254574648,-5.111182095402477,2.369067589199627,3.086205721719266,-0.2609257269162109
4.75485162498059,-5.114914503829763,2.3688020905212017,3.0948936361174395,-0.3100634249673501
4.7621638994087,-5.139051550641372,2.380717414045799,3.093581065814898,-0.31141732625048457
4.757156914106009,-5.159704747668882,2.3971944469203996,3.0960621624583644,-0.3110764030505673
4.750371864950332,-5.192311175783121,2.415214995739685,3.090917726630726,-0.29864509155586805
4.786405877109255,-5.225282312431114,2.4399407417253514,3.0909594028904315,-0.2618239847349263
4.811391856576862,-5.260803471841536,2.4698200225857,3.0787258235934214,-0.21389456024031372
4.810636440095675,-5.304050255603091,2.48049560378755,3.088924888902307,-0.13458019808377866
4.867145401970065,-5.331003547355377,2.4858836012627283,3.066494885086861,-0.06672130682442608
4.880015513626094,-5.373216263942798,2.5074627413628656,3.063053763604877,0.029880789675837235
4.915951190619785,-5.421721166229409,2.526954377274165,3.0462877263890404,0.12280421834903477
4.93780700551155,-5.456859815812496,2.5551358691295203,3.037601855753234,0.24866630610340332
4.975182033590424,-5.473113364899098,2.5601090514627716,3.0083347339393907,0.35668928471238653
5.0005498525970795,-5.508325435608267,2.5683334076649023,3.008539642341467,0.49278403308558044
5.019327252926795,-5.51406893088415,2.57672825827994,3.0045120850536544,0.6170847152152952
5.0370584975712225,-5.53752508163705,2.5870479933927544,2.9906722260808647,0.7552204963048688
5.034511048433074,-5.531096132628223,2.5836640913174627,2.9906620662021903,0.8939586206415181
5.035611425813137,-5.5203294745799445,2.5783009664741505,2.991659936356737,1.03153535106988
5.032703101187094,-5.512943035284367,2.5685960739714404,2.9896447946045055,1.1644874236294591
5.02604012377086,-5.508423522500107,2.5565175207301127,2.9853804518922327,1.3117970674985642
5.018238202624521,-5.506912096170459,2.556816715089967,2.9930153689961094,1.4415776068976809
5.002014484474283,-5.504813842402238,2.5309336307375037,3.003964907176917,1.5754184397488125
4.996408881644295,-5.480713582588374,2.5329633477735585,3.0089063062167734,1.688624558849003
4.950724066290001,-5.487417547939677,2.5163621265129223,3.0335236174235822,1.8159991589378761
4.936647325186198,-5.477781244695746,2.4970001678163296,3.046848830465029,1.932548799784012
4.910492894036831,-5.477561443231222,2.5024283226105752,3.0651242716154905,2.0259583932567
4.895204774897226,-5.468774915879906,2.4784742711005845,3.077792653028258,2.1174500092936634
4.860014051172008,-5.473506683633785,2.478090101654108,3.1050605819369466,2.216622452094594
4.851655404327293,-5.461209256120198,2.460802358340216,3.1339770346227236,2.277441380174467
4.824351482311588,-5.469163572095593,2.4542785308391863,3.145817633780667,2.3541169351457825
4.8143560241086,-5.458718162266267,2.444041128631854,3.171861812523367,2.4165296294971053
4.794507113690269,-5.462140784514886,2.4420512827414202,3.186085484741018,2.455971201533935
4.7791945744377085,-5.455415676611172,2.439255457326233,3.20240502132278,2.4978955746314453
4.775982051613882,-5.456577009456915,2.4332954981551924,3.2160206142340995,2.5491554349913215
4.763088566845754,-5.4532659557495595,2.4322838781275844,3.230688082466135,2.5675460041957097
4.7608390724340826,-5.448816623783827,2.416710147220964,3.2319290440042376,2.5856176491136478
4.752219072653813,-5.445527479182439,2.4216787739788814,3.23970936354053,2.604746752405939
4.759068700029637,-5.44538316747299,2.4236121879532067,3.238363951056189,2.6202894679996924
4.761434782092179,-5.448110423120156,2.4186212073502613,3.2362885451613037,2.6109456881370003
4.7693200418929536,-5.441838634858305,2.419320629504113,3.2332705137142157,2.598968626124811
4.775869109348655,-5.454427904056871,2.4298690866150108,3.218418129358958,2.5829523954235682
4.782773645843083,-5.441196932558219,2.4254306068318336,3.1991282962685017,2.553760039924197
4.80249201759141,-5.430736324456377,2.4228156649705745,3.18605167340584,2.5100178396267867
4.803864177294048,-5.420137618490185,2.411216232896556,3.159407132830536,2.4667474580393205
4.839343405578307,-5.425624633818954,2.423220601239596,3.133177804373621,2.3924706258128836
4.866717502940066,-5.410568363898792,2.4214510385678887,3.1029083163823903,2.3138114651487465
4.898035056604666,-5.389824336641888,2.4151880944357065,3.076246000342619,2.214302737390168
4.9300931705666144,-5.370014393835376,2.39981675535436,3.0444037673447086,2.1091633672630996
4.978297681658481,-5.338529506902838,2.395425304632288,3.0008975356118808,1.9727581950795092
5.028178416300096,-5.3185495103798575,2.3959056338543414,2.97880440759674,1.8087151071629268
5.042730802055361,-5.2792256659920564,2.374032615372321,2.964723512718928,1.6166478618088795
5.058613467144445,-5.234316427360598,2.3536685998021833,2.9634145405625167,1.3803692030609835
5.056479126745429,-5.17471665537113,2.3379083694216187,2.9713948254390097,1.1098497901615223
5.017698364040651,-5.107160557659183,2.292502344274232,2.9849753968814423,0.8038185469224686
4.948029357585698,-5.003239145166259,2.24718585681166,3.0279657713008294,0.46724802045374175
4.856475313000822,-4.868334485142145,2.198666544532375,3.0808171711154606,0.1098104328326726
4.7498149068679725,-4.709498822369376,2.13064614217582,3.14147232225065,-0.23929414739856247
4.628596520611294,-4.525189247089118,2.075899287012384,3.228975402219649,-0.5691831840982933
4.4832650873997935,-4.312217874631629,1.945968136689035,3.3402313462364948,-0.8634756639997775
4.321813354487621,-4.069563117423519,1.8377070723109123,3.422601350917461,-1.1147868253608169
4.166746095835906,-3.8290465881642395,1.6982847537849428,3.536212208226824,-1.3136631846685465
4.006423227274958,-3.6093003523294267,1.551272011706038,3.618472619570757,-1.4661835114716943
3.854990086903458,-3.4248426228422715,1.4381868314841526,3.7236677302230032,-1.5707813919457847
3.7035390284459284,-3.2495343953384555,1.307214868101975,3.8070630573507143,-1.6432910365607243
3.5708000722820716,-3.1159306048267568,1.1754517980132273,3.858712845981776,-1.6920940731691678
3.439668183536482,-3.0125413527852904,1.089241066673643,3.9444011872700937,-1.709378042808868
3.3229522169067764,-2.942534068934959,1.0026233636857425,4.01932646503879,-1.7318056678079905
3.2263887108547333,-2.901013683380264,0.9646320361110983,4.0597753267065775,-1.722229071926303
3.1558252014846735,-2.9000169208544637,0.9332455595412548,4.117405987595601,-1.723195939300171
3.080742538961012,-2.9025566289209017,0.9068482270725648,4.155530947601235,-1.744407470233154
3.0260940902590265,-2.9114130873684716,0.9241688236898332,4.17954434117127,-1.7518904996220885
3.007734757604643,-2.9517884431661066,0.9421257515517885,4.195598362995722,-1.7643459587930965
2.968007441212009,-3.006916354485849,0.9837033743983464,4.192708078591364,-1.7661863212919124
2.9576937111438406,-3.08776571636332,1.0358047561676345,4.215937308054933,-1.8067682677778294
2.9819673304049226,-3.153653205781782,1.1069130636252535,4.211102235387656,-1.8491017470293818
2.999521394791997,-3.264339274480612,1.1763603739728365,4.189683736520127,-1.8594673480647081
3.059008927132902,-3.3768079846789685,1.275547795020394,4.177381408963224,-1.8746271340919014
3.147041739336902,-3.4822358536310727,1.3793899035220436,4.137663471187184,-1.8738659000905578
3.2352276837157725,-3.6142171430458694,1.4896731666561214,4.090391081490217,-1.8596151564556096
3.3260167340587685,-3.735906324389099,1.5930201875760455,4.042449919595581,-1.8519157491038265
3.4320564656089805,-3.8745552950453748,1.697647873348418,3.9734006902086954,-1.837752755201527
3.5649416769836484,-4.004078774922097,1.820334731739208,3.901883671227068,-1.787064264520507
3.698429744564137,-4.148704359578902,1.9206720536303927,3.834919082879834,-1.7320582283560813
3.8360057722696785,-4.290718495569909,2.028131622385163,3.765338683706734,-1.667364801804253
3.9699863638030823,-4.46318501503532,2.1219968121420236,3.685273325068714,-1.5616895957696622
4.114129278113636,-4.628379323496096,2.22023522259251,3.59401247535576,-1.4381759190128887
4.2372247787011394,-4.794775986444626,2.320156334608573,3.509907504755316,-1.2910974551316348
4.357617700612032,-4.941426564882112,2.399069364669521,3.4231355803887342,-1.123590549455542
4.477952602571072,-5.078420750091789,2.4674464118126136,3.3576040099853026,-0.9395056003653045
4.5855192435494985,-5.211468923579461,2.5262069565927656,3.3007824703385205,-0.7192168581971223
4.6765041736647,-5.335626339005831,2.5811535218395707,3.2372071309194523,-0.49774431785157874
4.773667075580749,-5.415778829007098,2.6178226656755204,3.1991866459628824,-0.2594456309171104
4.852518537610165,-5.496129006963842,2.6333155689568697,3.1481789442365042,-0.02236874656371149
4.901793659576459,-5.535316024970109,2.657185180095073,3.1016928926097345,0.23203859064562696
4.952532653237218,-5.5759578816466515,2.653839041697123,3.08092782108523,0.44766429517504847
4.970934776575251,-5.595243592333574,2.6552366907676563,3.052285385789204,0.7079512091114373
4.979804485113567,-5.58325474023301,2.6460134062676066,3.0407528685916483,0.9471219382409485
4.975485563571665,-5.5927464457819145,2.6414981666422763,3.0454417617589593,1.1508226393195267
4.973860250848205,-5.572004693386416,2.6139199801424584,3.047150388124814,1.3700436105454827
4.948537786787034,-5.561839538371661,2.582880437130138,3.060791353404325,1.5832060926913725
4.924805894343679,-5.550153348780285,2.5724496705957125,3.0803515340170584,1.7569889448062532
4.90752107799603,-5.534046447346048,2.546366197614671,3.102289865892317,1.916590062120281
4.873421589733487,-5.514056845321311,2.528795483639944,3.1281366978070797,2.0694698529628335
4.843474521749297,-5.521908668777044,2.5031363916412985,3.1556125129287773,2.1976110966630107
4.814458323780368,-5.486150678885815,2.480659329825107,3.1834918738764517,2.31921990421915
4.792797866874001,-5.489540386151154,2.4675645406437465,3.2258157715997746,2.4362680381000157
4.772774842578958,-5.483530038306565,2.465366075284388,3.2435395336784336,2.511630688347232
4.742759959171191,-5.475938911625118,2.4638703706409504,3.293025901544702,2.5848852924528094
4.723884440744285,-5.477358315239587,2.456120050328564,3.3253509746910237,2.6542611022771823
4.716409548735106,-5.482843803459741,2.456283760066872,3.3578995483121714,2.699871086539733
4.698891243780238,-5.485942252061282,2.4542169248611416,3.3818839642602136,2.7368155088492254
4.693645864816052,-5.477390957328777,2.4690375626272054,3.4023344344232824,2.7558952613796572
4.688943128042053,-5.484053499283093,2.46559090838556,3.420797389301801,2.778737726992668
4.683413199750719,-5.485358589788037,2.4710693229550103,3.4264744648366503,2.792416080069746
4.695117913601939,-5.484664916529218,2.473926895249346,3.414484336223765,2.787170465162775
4.689538261420397,-5.481989761185437,2.464878223324478,3.406865080960837,2.7681312413960883
4.699588106364819,-5.4812216080458676,2.450475298517355,3.3784275739276044,2.7538119254880176
4.72350068717542,-5.465744706382169,2.440168610552708,3.333943656724865,2.733817378379801
4.727508308692855,-5.469691093889913,2.438578018808808,3.2959774813344773,2.6803954432847354
4.7662117661849495,-5.45898424205455,2.4217678234975617,3.2632383914373677,2.6096563207068906
4.81102571063327,-5.439857115189939,2.430433009354929,3.1998491512317746,2.5094288712050354
4.849443920440413,-5.411295039121964,2.4248158427761948,3.152677529457359,2.380697877320849
4.910104664562007,-5.3873718995763324,2.4206314511139797,3.0972055737657236,2.1857037333569904
4.992053780056151,-5.328645127966986,2.404399309085919,3.041370899343406,1.94018736786505
5.0287368835727895,-5.229037599493678,2.362090622741923,3.021875982288952,1.607082841055429
5.019820134182449,-5.050766832193483,2.280250212261511,3.026929606227619,1.1369231457763023
4.898679670903718,-4.7420466922821,2.1381594429577664,3.121814823007362,0.5420462003336044
4.684649062339435,-4.190174696294679,1.8976201355318003,3.263766965175382,-0.15584559053343924
4.356903243305965,-3.4662597174416567,1.4600850683651643,3.418667019486507,-0.7368232794863218
3.9378506138635023,-2.651665718027128,0.8842908651839992,3.5321559037829195,-1.0787097226381668
3.4247842355970706,-1.8641660798259323,0.24572952905083043,3.477654822429681,-1.1376555069995293
2.7171536563033,-1.1877978661075295,-0.3220239821915911,3.1864244924555027,-0.8827502978634717
1.8419750384879312,-0.6986444360589938,-0.7009650914245269,2.5900654023941247,-0.47494247432553915
0.8704719811334309,-0.391928656851986,-0.6983982609647994,1.766160088079382,-0.19806653235747398
-0.14461764316566314,-0.15797661144619046,-0.48748982757106857,0.8201180848529497,-0.15065195921601013
-1.1296317669131866,0.0074427949332649315,-0.2717770057257621,-0.15704978175990592,-0.25238957948471613
-1.960074220483506,0.14010750374105824,-0.1682061777788257,-1.1156482383328516,-0.39556870745980804
-2.644812550028122,0.22367613683926413,-0.17968846192233145,-2.0127020732347,-0.5352721424915323
-3.1258106107981165,0.292471422591498,-0.26338432164920156,-2.7803295935250483,-0.6485712946599433
-3.485268172921794,0.4027132868012386,-0.38584042886550596,-3.3945750295363637,-0.7437461666995506
-3.705441883714627,0.5289569383003335,-0.5439789243331854,-3.8830323323622493,-0.7911198549063027
-3.8478639731359046,0.6701834787701016,-0.7131132887024298,-4.261012160266605,-0.8155431289322863
-3.919787924788776,0.8266399154580342,-0.8649427786547021,-4.5337288546087064,-0.8421297818698386
-3.9767051547765115,0.9915282751005998,-1.0186017382308266,-4.7022284592873955,-0.872905825696756
-4.001005411890127,1.1745100489398403,-1.185078381730146,-4.811428144397588,-0.8860788720429088
-4.0050627061788475,1.3525352058393039,-1.3179344805898319,-4.896706463684493,-0.9305627408963997
-4.019977738327371,1.5301698171401032,-1.461248842855318,-4.92722505613201,-0.9944736134670352
-4.014903056423501,1.7243212540295723,-1.5876270817645557,-4.94258574416873,-1.043262200180104
-4.0321024929645715,1.8961957021965339,-1.7188840371844816,-4.929344749783618,-1.101302955936854
-4.056431800488237,2.0869153927386876,-1.8386696191427807,-4.9046448877257145,-1.1697161684815698
-4.076772482340909,2.2693277946782717,-1.945826702947842,-4.876234042597789,-1.2605531521631124
-4.1074938415419355,2.441677465073862,-2.0292329817237964,-4.834820204822944,-1.376596604811458
-4.150161301068668,2.6441673779114736,-2.1141296860120242,-4.794884750965349,-1.4763475379635282
-4.183787830570987,2.8256673711949505,-2.185838063268737,-4.734330099603008,-1.5959902666538588
-4.2270080784149275,3.014878390826431,-2.2590257423246918,-4.685663173897934,-1.7070319615770215
-4.276566586256971,3.2160810118657466,-2.3137203381288916,-4.634563367902616,-1.8565362244069747
-4.31497056845592,3.4084729726917633,-2.3815604804013657,-4.595949850962273,-1.9796205549972363
-4.349565585423474,3.5882018182497646,-2.4352714472991255,-4.546791973540907,-2.1247560918672597
-4.3956317525387725,3.7595400564332557,-2.476131118785322,-4.497362759917336,-2.260456350570081
-4.412607584456342,3.9477655561943648,-2.531596792977042,-4.455370445026471,-2.3900594502652717
-4.443001206258271,4.102939484612964,-2.5684944393136493,-4.402240861664709,-2.5093780639004817
-4.466473623812841,4.270364313591316,-2.6132424969393857,-4.3662302020453785,-2.6162317918409475
-4.4721801223499815,4.426486862078149,-2.6608288915364717,-4.355138529329361,-2.719267341080211
-4.490640128817965,4.565659379285988,-2.7180217174912973,-4.326959285658201,-2.809344349434293
-4.489226429080146,4.691391831695568,-2.760450055206024,-4.301427110221615,-2.888313158273026
-4.490612952077004,4.805222820772377,-2.8072561712686572,-4.313588226285646,-2.9446801361910695
-4.498509436419169,4.917443906353115,-2.848622071813399,-4.303739201791703,-3.008929461895177
-4.487100388686276,5.01346726032779,-2.888495505442041,-4.29796803890187,-3.0580840614070683
-4.499915455520888,5.106235021860566,-2.930205820053956,-4.305663201701691,-3.1023355403100896
-4.485936525776683,5.160965853848588,-2.966063833732452,-4.307755983639135,-3.1228992925363146
-4.476575854237163,5.234787450740535,-2.997713691145086,-4.3131400322433695,-3.154029497328273
-4.473706199371216,5.303587132436531,-3.0321757190376917,-4.330300998623822,-3.1774854580717675
-4.475637407993404,5.340378762616395,-3.0650172123705177,-4.339158221091625,-3.2094144641012456
-4.464031360567624,5.368732696466546,-3.087123672825216,-4.346541790462423,-3.20731071729168
-4.457811387866378,5.418118235638871,-3.109701928545196,-4.351494621261418,-3.227963431612969
-4.452683323789664,5.44074534754642,-3.121220091827212,-4.358846748439994,-3.231508609395314
-4.446420717630549,5.4612761763877735,-3.1273239157445176,-4.375932535841785,-3.239674632333088
-4.44710352372848,5.472236956437609,-3.1451561841181293,-4.3705912440231165,-3.244416183292301
-4.45222300419053,5.467634767422414,-3.139637737711257,-4.376127507756218,-3.2327352734393897
-4.45584927441259,5.459617748089029,-3.1388349411029903,-4.3700266341743434,-3.246134153051516
-4.462596993280975,5.454433849191848,-3.1286520192669025,-4.355952392504067,-3.238165493121398
-4.4681940396311814,5.4269820558619655,-3.11273767015906,-4.357971132552554,-3.257065454433711
-4.486910928312175,5.3742341883186215,-3.092366002055579,-4.3606686712303055,-3.234581236342792
-4.502849220895987,5.336260578223771,-3.061029067977435,-4.345836342085359,-3.2291859402343346
-4.52011953942705,5.259703398722076,-3.014995464201041,-4.332328682827995,-3.2245646092735654
-4.538323659798027,5.170057500222667,-2.9707646994055574,-4.328169956940307,-3.2027870322378194
-4.56660333867168,5.0371335695087165,-2.913002834915883,-4.325374478645362,-3.1811517182511135
-4.592785142194926,4.882392425316331,-2.850626729278215,-4.3220743297976325,-3.1299732682744694
-4.606253747309206,4.697561663248279,-2.7815784007157345,-4.333904147888641,-3.0596693364616088
-4.614563218349757,4.459582232135283,-2.6984915945438406,-4.370881783416859,-2.967950723998547
-4.604448284650644,4.165689051196185,-2.5989088715531015,-4.391895803643468,-2.832912461315264
-4.561964578752765,3.8203614041059613,-2.4805580658512594,-4.46122461370683,-2.6725336332625753
-4.473712732495985,3.4306812250368415,-2.353905297499492,-4.518031150329464,-2.4856808629811202
-4.390661729122565,3.0271342497017355,-2.220031392443853,-4.562557510671792,-2.271261255703883
-4.253534438587101,2.6040773097787233,-2.0510334300885846,-4.63037754743808,-2.0638105294014006
-4.102328511258423,2.1716212546881932,-1.87110335582766,-4.681428934290813,-1.8620166450659879
-3.933862530527492,1.7855748860367193,-1.6926519883227082,-4.72350395213859,-1.694037768065273
-3.7370355556622066,1.4262386662864484,-1.4996474620165068,-4.769732568178377,-1.5329323771830496
-3.5758224818452513,1.1154113268909265,-1.3385156423356153,-4.814109036243896,-1.4246454211702237
-3.412218797635876,0.8505228881426897,-1.188505076448349,-4.868728559951159,-1.353023432302461
-3.2800164420511604,0.6491198909717002,-1.0580864547551567,-4.912129388556754,-1.314044789363199
-3.1705552863573656,0.45931574024278204,-0.9203150760965781,-4.960171592144379,-1.3058643445617335
-3.0825344308838356,0.3122577155398596,-0.8046789761625909,-5.015142218982961,-1.3237416101825694
-3.0152594878826005,0.17772160132670684,-0.6749136810133487,-5.013790800458567,-1.3583984923808805
-2.9874210963610595,0.08180120498599579,-0.5687491655059285,-5.02902574295383,-1.4080398457422778
-2.956391971765369,0.015086068236789872,-0.4723299734864108,-5.0365378709754305,-1.4682506289265915
-2.9757482150910275,-0.05500625689788767,-0.4080594785459983,-5.039649046636259,-1.5096828087340342
-2.983430522967967,-0.0917802050241732,-0.3370631004371164,-5.0031681120681215,-1.561273615729968
-2.9898998441173745,-0.15906963028569737,-0.27080140586236034,-4.983811643338867,-1.6006369700040455
-3.0203663911806626,-0.1684979802516322,-0.21453012718259945,-4.976448178315601,-1.6045119057030588
-3.065262230167991,-0.18733616955118304,-0.17528696247751116,-4.946071549368872,-1.6091631052495787
-3.0728114831919626,-0.1965443409004614,-0.14595397507542146,-4.940767783727811,-1.6169859331889596
-3.106602519075216,-0.19712061175373616,-0.1293330914798439,-4.925272028672394,-1.6071669864890996
-3.1238039629033665,-0.19860976780591733,-0.09193064927807315,-4.923522144675383,-1.6074376965514203
-3.1561738174787957,-0.17784192958507591,-0.07805183528512881,-4.921752777092768,-1.57561802785566
-3.1927615334384405,-0.13019369374395795,-0.09097325472566081,-4.945917326687895,-1.5453118337859275
-3.2105126279621174,-0.08774204660267469,-0.09685180311072697,-4.950512887083823,-1.5045178311070677
-3.2411908410476094,-0.03867155307115714,-0.11077797949533681,-4.98287591118981,-1.4985246195623767
-3.2563640487367524,0.01763673194928301,-0.14075604846327744,-5.0247848891672735,-1.4292822889116636
-3.2776709928334244,0.07334553357434376,-0.1751692066808829,-5.074812661090876,-1.3931762366390767
-3.29427755297106,0.140740930373819,-0.21773148540880388,-5.13871470612259,-1.3491517979747323
-3.3178554809500262,0.20857694793748455,-0.2662098134163566,-5.175070843461409,-1.3165004970478484
-3.3479387791750392,0.28892154637704165,-0.3313528713849111,-5.226653827027605,-1.2571276434599192
-3.376642880788437,0.3923718430396618,-0.4239641094227745,-5.283277043988087,-1.2053850975347409
-3.391875969949414,0.4940174485331992,-0.5304185993102597,-5.3219998367874215,-1.1446062752824049
-3.4306788869557656,0.6071631299194274,-0.6297318029952759,-5.365855081847235,-1.0787157611039524
-3.4527801007649765,0.7163329076152735,-0.7052611553890882,-5.379592537455608,-1.029469590824352
-3.4915179165925108,0.8320345982503592,-0.8409160442776855,-5.400024370967506,-0.9717597662063817
-3.530980126242472,0.9711726903411205,-0.9655567859059605,-5.38899533199669,-0.9454424923913798
-3.5807680957850128,1.1091730200400935,-1.1067686701363473,-5.378061532759281,-0.9299962470015561
-3.628237480518302,1.287693450804326,-1.23881656004203,-5.345843579235407,-0.9191140493826883
-3.7056726185581086,1.4536313776772123,-1.3931242519516565,-5.295729195104249,-0.9447221157294092
-3.781190195608794,1.6402464223183864,-1.5376167413007253,-5.234337406193543,-0.9815125538068773
-3.862320640813836,1.8660213914575934,-1.670372548234225,-5.148424970987787,-1.0482471897034886
-3.9278676620142723,2.0837513809729824,-1.8024852777571678,-5.065001841148942,-1.1314233448591655
-4.009179325091915,2.3351295942207257,-1.937454162752006,-5.000283790191607,-1.2419389192203576
-4.077670303053679,2.6110020055362866,-2.067395903497406,-4.891917708150806,-1.3908869358586797
-4.144253424811783,2.88053290108897,-2.179778634100723,-4.8164524063134175,-1.5689658408690494
-4.224072671908783,3.1457789867335153,-2.2641284378232207,-4.731751065955722,-1.748197498126708
-4.299813302808329,3.4317442008300403,-2.358023019323038,-4.647164869705483,-1.9445972438638885
-4.350960468542634,3.696297483154331,-2.4515370884871914,-4.565477485536767,-2.142229634947776
-4.389355112747663,3.958645533083536,-2.5228723908713118,-4.494864867323281,-2.3099656454103528
-4.424100030389226,4.186096207874294,-2.5940460816222486,-4.442357457042296,-2.4877700569510677
-4.440399425341457,4.400494522394696,-2.668255934501641,-4.383172438142489,-2.623194377761997
-4.463509081720231,4.593548690393358,-2.721126516489541,-4.352903191681018,-2.767346268141963
-4.4703289764698,4.7790641875919135,-2.8097956756663303,-4.335341729119665,-2.8694687725318757
-4.468782277944115,4.926719906477903,-2.8729973054520497,-4.3307961277798785,-2.959370302323312
-4.459207717585076,5.077191144810771,-2.9323235882068412,-4.348000089773976,-3.038709270823582
-4.4535186643584375,5.188264506452115,-2.9912805061574246,-4.3476741527803915,-3.0914445617239776
-4.446905941374087,5.282476369704893,-3.039998907176254,-4.35755576143726,-3.1317285922138596
-4.437857938062942,5.376990863410774,-3.0970584885759407,-4.374981588108255,-3.163198579926534
-4.425336519113733,5.45706556895852,-3.1463290359086162,-4.38659931104429,-3.192313384584537
-4.414719558053387,5.514369568330318,-3.1851523811949036,-4.414333101762443,-3.210948270408102
-4.409953151941182,5.559652464914265,-3.2176440320670134,-4.434338213795741,-3.238944393114438
-4.403486979027981,5.597538228412919,-3.2382128610231864,-4.448944767896092,-3.246019752653813
-4.395453023393181,5.63582647794558,-3.2702207327214925,-4.461632823384638,-3.2523971435289454
-4.40752873980838,5.652297673129745,-3.277656596349989,-4.465872763612331,-3.2501325185855205
-4.404597542176864,5.660432301534394,-3.2932388145458424,-4.477167820456324,-3.266377987960756
-4.401945319910079,5.66195954442547,-3.290257451522891,-4.47852591028793,-3.2693166962246196
-4.413607128802939,5.658779714600063,-3.2840464848236115,-4.466648637093485,-3.272897051948326
-4.4088573992053774,5.648671423810337,-3.283156498052255,-4.453610807009723,-3.2603216029634154
-4.424169351451942,5.6098210188165485,-3.23638509984721,-4.445583845969505,-3.2707343098772914
-4.438423954874168,5.557163691643134,-3.2078082690194885,-4.420956933066586,-3.2586079880559877
-4.462304653139683,5.486683565190698,-3.1549297042535462,-4.389435416012402,-3.2532787995810564
-4.507500922965385,5.350233762173302,-3.090633784572489,-4.369684646519812,-3.235649318578628
-4.548595296007008,5.173273311799453,-2.989582813862496,-4.360131062097388,-3.206807249087076
-4.591125982337547,4.887909850066053,-2.881615371651271,-4.367670775583314,-3.123069599067753
-4.607303727038889,4.450076551659521,-2.71273745623023,-4.428941853000612,-2.9832402142302437
-4.561044109648378,3.8543027431128194,-2.4924152186057165,-4.516815868256744,-2.733736413758524
-4.401927493551802,3.0227558164308874,-2.1599988049494936,-4.603634104322777,-2.407355890236758
-4.133267751193548,2.1139016502980983,-1.697819109011549,-4.652969629646397,-2.1273953560117977
-3.768025992065102,1.1824766189855143,-1.1623030315762162,-4.696060679074025,-1.8959641178940725
-3.4822311761888973,0.21679612890933883,-0.6241616416839615,-4.685999702202639,-1.9202848949323974
-3.2161826083999645,-0.7594540081219777,-0.04022176741346674,-4.42055971670982,-2.22764079447255
-2.842719115906816,-1.6850057919870929,0.44840273370225014,-3.7438589573922694,-2.6441610102219033
-2.296421064832946,-2.456342175690607,0.8611402523709721,-2.6337810434539923,-2.924541676596829
-1.5884949889952202,-2.9433270562672282,1.1001968093343308,-1.206212829859498,-3.0070179414590883
-0.8356355310789527,-3.196620885368904,1.1731896533340165,0.22990912770509914,-3.0299060019238233
-0.1015135441427955,-3.340820101297267,1.162602244167427,1.3973314591656396,-3.046682809863858
0.6176256341588259,-3.5070258660859763,1.197305251136424,2.2643511778316445,-3.032608914319641
1.2912937763129722,-3.725366439623241,1.3163673970329826,2.7998951499653972,-2.919983846298373
1.9196473333200796,-3.9396633320813836,1.483264828704377,3.1302571901586655,-2.7232854094053907
2.4619459085225226,-4.163722489935564,1.645922134467586,3.301312342097424,-2.486156586636398
2.955877145730409,-4.3730420203659985,1.8483704670205074,3.346014199980285,-2.1965285540942188
3.3456810486116915,-4.580609621531625,2.0107782143676696,3.3503894305185153,-1.889028074142586
3.700449523222143,-4.751781591963443,2.1524623879551563,3.3271020818415056,-1.6007837940635918
3.967690372134113,-4.898984759452689,2.268162908376117,3.2773900205224593,-1.308212361726058
4.192178159038844,-5.049934469497406,2.3605741992690783,3.232857786926326,-1.0509408929128763
4.361779836552147,-5.15034542851267,2.436382210217929,3.1895015519825485,-0.7997620360439365
4.503013120894423,-5.254259837277536,2.4846713892173207,3.141932840169102,-0.5459876845593518
4.630136152721561,-5.33976725970842,2.5299102994961475,3.10677389642999,-0.33670564088911586
4.728206306563133,-5.396831971695926,2.556898566069833,3.077534374332779,-0.11568671908988296
4.810125930618719,-5.429621075763499,2.5636089072867776,3.0466319938350193,0.06480869839845634
4.868541379402268,-5.456547436787809,2.5666397857542558,3.0396827790374714,0.255082068446589
4.921648486655861,-5.488549965303469,2.5765646855024253,3.026061862030579,0.4557931100617743
4.961528836082209,-5.4947964074960005,2.5685315966808746,3.020750204102632,0.6060022191939171
4.995351736456237,-5.501138608110251,2.5700108614085355,2.998138012438835,0.7650956321614165
4.998812377598352,-5.502567670680345,2.5735460537715373,2.99174879828892,0.9111641249423966
5.024488790037364,-5.501577411150469,2.570691498651367,2.986976377963478,1.0371728361124377
5.025838333772915,-5.5085215332910185,2.569170863541691,2.99384231758999,1.1811259030430683
5.028168050014794,-5.48909180643494,2.5562247334595676,2.9947114413872944,1.3194670533224557
5.017803743077048,-5.486901074154964,2.5462270331859935,3.003915108169919,1.4385803962236123
5.0021309725056025,-5.479444998084575,2.5325305246286898,3.0089374854484294,1.5625576316685992
4.990109997186289,-5.472473453788888,2.5236619312973017,3.009227707393435,1.6677771100988972
4.973077838457966,-5.4673545319711385,2.5075038954588247,3.0288530549570174,1.7781385177482774
4.9485263245669,-5.476807350813067,2.500133030832687,3.0390083742394487,1.8769782990774695
4.936074918147213,-5.466681431076686,2.500463052880405,3.045626060167502,1.965015289225889
4.916248456001375,-5.457088444867743,2.4963591998293664,3.057922482187914,2.041562961858162
4.903859732473653,-5.4578466031282264,2.4796129594459138,3.0808971245167642,2.114941848655288
4.880847914349929,-5.450173721125268,2.465804126558811,3.0857611373831166,2.189538909616352
4.856440945661186,-5.458053517961534,2.47044720915204,3.112073684795527,2.2559588670574295
4.843956228649529,-5.443000314697476,2.4567212466876125,3.1228973973398473,2.3152951369637633
4.831215817931549,-5.4471281115930115,2.441730219576737,3.135771276283428,2.3642140706351062
4.820989019621103,-5.44003492835276,2.4343637653365846,3.1533207397087164,2.41692844182475
4.8133557064772665,-5.445608783974748,2.4274901043437267,3.1747314306766587,2.4434411414334027
4.79534354475548,-5.44506661338288,2.4357039759443584,3.173966374333436,2.479600202347159
4.800822721778047,-5.43899323410229,2.4233759743886996,3.1913698321991526,2.4950534497139087
4.796806602482928,-5.440966534944756,2.425414587887216,3.189649889601124,2.513348672634337
4.799821912736495,-5.431281016530038,2.413278658913306,3.186526561648132,2.5224732220003143
4.792930686697991,-5.440389649869092,2.4220257933127316,3.1892677199975643,2.5280107053345287
4.789594642030202,-5.442886466321298,2.415571688725772,3.183062166183027,2.530805979678351
4.797887129844746,-5.434855687978258,2.417217490982007,3.180233064128695,2.514889728851343
4.808846253175899,-5.432882595728687,2.4229516417406143,3.171974476331806,2.493629909656896
4.816778688089575,-5.435178884503687,2.4169585054607126,3.152565155126554,2.464021430834388
4.822853419671234,-5.422905066940132,2.4260162783851578,3.1441088853740884,2.4294364497966723
4.8270288178322485,-5.413010999842667,2.4218377400142286,3.1137350155948353,2.3850448201876886
4.86865372120244,-5.408763152566886,2.41402469211232,3.0919656846973704,2.347432422713291
4.894766343977328,-5.395385234008619,2.413767723317758,3.0753514891183134,2.265834454137895
4.9096447116699755,-5.372937392382151,2.4159374116325023,3.0535737688725333,2.196319368037115
4.941136560758299,-5.371956966158065,2.4251866824297372,3.0212912593341605,2.083646632811525
4.982502091262743,-5.358582107291702,2.4109295655765375,2.999563895708799,1.986952483181719
5.020492965089396,-5.332036168089217,2.4114170561174473,2.9802911558313663,1.864706325416472
5.047964246808287,-5.304051393416197,2.397784548546915,2.9589079207978353,1.7269420213425866
5.065690047389399,-5.288171009976346,2.3868405169509264,2.960490455185707,1.5736953038787234
5.068787834331459,-5.263214661400876,2.3778365469192315,2.947770968369558,1.374994539612808
5.0583589259497845,-5.233785726953161,2.348838262951156,2.9487827728430243,1.191284086799243
5.05042007819434,-5.201961712870329,2.333720640017922,2.9537065848402246,0.967169635786258
5.022151937077072,-5.145950714855159,2.3139757025190884,2.9757473102312026,0.7452249192502114
4.983583581423639,-5.1080383995890735,2.312696614520389,3.012824725614706,0.5286020755325432
4.927715582901354,-5.055212702977885,2.2978188524795753,3.032471988632865,0.2798367531527592
4.8596480984322765,-4.998076964482847,2.27206335069907,3.0680594681207567,0.05070701696626471
4.781973213850913,-4.92309002684401,2.242350683987694,3.106656793584239,-0.18464130976200555
4.715588420545967,-4.831337000392925,2.2201934347575647,3.142042037609088,-0.3807902179074467
4.658495541530447,-4.7671431315679875,2.186629946211702,3.1941591460407057,-0.5462489054373173
4.584811654025856,-4.68594090311945,2.1759452573128026,3.2325970545765657,-0.7177124273753072
4.520764593994386,-4.6441238135414,2.157018884102383,3.2758101583084525,-0.8405662581574169
4.4698467049684805,-4.584074936957364,2.1389592119634115,3.302998202165999,-0.9600831486224363
4.414533474199258,-4.547030692112202,2.11592810227322,3.3307010898281906,-1.0409478615457406
4.3753860164240255,-4.512398812198582,2.102957965445782,3.3403860681545394,-1.1030574387890084
4.353795025405695,-4.517392727945145,2.1058540885367236,3.3753858811134156,-1.1438638717988832
4.350471163003712,-4.539103135145923,2.1140156144443845,3.3955700873844057,-1.1641065957058188
4.341290107103729,-4.536608357353856,2.1266581550941828,3.413268197478842,-1.1849588357771683
4.354809346634403,-4.588405967533696,2.1531451349417265,3.4076824139865756,-1.1602563668524573
4.376161259077563,-4.639108524315579,2.1767315633455593,3.400253720890391,-1.1429757426696334
4.408259605006734,-4.704018248829094,2.2128578771419263,3.389661866121767,-1.0957624391709344
4.440088817704349,-4.780305627813956,2.2503167086549283,3.3762902105862045,-1.0482203186413879
4.4845232449704255,-4.860104392215429,2.2933441979412685,3.3530403610518618,-0.9719635175003101
4.527348595194247,-4.946643928730908,2.3208084024939475,3.323209790229441,-0.8730442261267971
4.5643733985826,-5.0381876199250115,2.3929039808266737,3.2733700277452695,-0.7848449684635928
4.630317685942465,-5.120118647752295,2.421043096520971,3.2439556173070767,-0.6773104631726157
4.682122009595542,-5.219071773496084,2.4565967487728853,3.2134140287559165,-0.5449382150349813
4.735034463501833,-5.3076534217161075,2.5001254472812664,3.189156697980736,-0.4036269382582179
4.782341357583973,-5.3707816413934975,2.535095526284135,3.140765833757203,-0.23588100485804542
4.8453854459421875,-5.418122019534414,2.5673485134460905,3.1199781315318376,-0.09212386811528803
4.881180951282458,-5.49091588076234,2.582848370070975,3.0838290718844537,0.08711106136941589
4.946188705157525,-5.5242766038240365,2.6003237000504567,3.0658295476707926,0.2573840708191032
4.9689125552157165,-5.550411954761874,2.6167625617744954,3.0476982572623363,0.42739620296452224
4.994440498985026,-5.56162516254843,2.6209611940775286,3.0287510086517653,0.605231046042324
5.022203405017871,-5.573737210333156,2.616817252652231,3.0226079433526207,0.7890807299791278
5.022727836720706,-5.5713410880454655,2.6025182512781435,3.0196036056556435,0.9823917952013191
5.020854167666489,-5.550811478355983,2.590860491993277,3.0138779888828053,1.165724401582009
5.0153490995654035,-5.542569638633967,2.589570185928289,3.020266402278537,1.3275039002979363
4.98165866721725,-5.523880937861039,2.5604571013513913,3.0300359770258694,1.4985097661337832
4.962131637331535,-5.528279352966417,2.555758247268485,3.0368780239904587,1.6358338548883091
4.949816127945175,-5.500817648577485,2.5389670898894114,3.041500405832151,1.7882082030772073
4.9240907234396,-5.4952619514090895,2.514854272190217,3.065502310070229,1.9325578542055153
4.8988411835322125,-5.48120025968448,2.5017729410922485,3.0916122720565635,2.0392836933909613
4.864980237840401,-5.479236395721886,2.49086878679553,3.1146506025537235,2.1648836052202687
4.850123872813603,-5.469690150018016,2.48601578824817,3.1330801863015485,2.262681132972908
4.8301786761351755,-5.470413730518352,2.4667457333967113,3.1662130149279757,2.356387008203274
4.799284218413805,-5.465018725778175,2.4433830225803774,3.177279329226073,2.4280626702682144
4.786130347627094,-5.472459408119997,2.4525375634069166,3.2084006467252055,2.4883547699518447
4.772739725536424,-5.464658885986334,2.4457461809889445,3.2299013596831703,2.54647959248639
4.7573992572614,-5.455124450953491,2.434983669245869,3.2592723078346935,2.5856963669360753
4.741833723915775,-5.457035320888344,2.434866790309624,3.2791266137766604,2.627908378018987
4.742212626850517,-5.454356083801248,2.4354640511227323,3.2864257358647326,2.6636916961517523
4.736234673572925,-5.453298862231725,2.443685513815101,3.307942934956652,2.6820143082774845
4.728962706936844,-5.463169406930862,2.4250869200034324,3.3200003584185915,2.6876887761033283
4.743269309496329,-5.461876553841767,2.4249404735178133,3.302186683647483,2.7057658538227867
4.734947292393978,-5.455120726379671,2.4232153888971815,3.2970462844174446,2.699675297997233
4.732572688151315,-5.453481867639534,2.4171486640065902,3.2836513877312754,2.6819392455588758
4.740942843578707,-5.439385151836389,2.4099762492092274,3.2672501882596134,2.650286145862533
4.765991145884814,-5.443149822039919,2.414113055246299,3.2423440490288504,2.616898189982728
4.780976939356658,-5.42991697458519,2.411132057893024,3.2059639344745654,2.5705732446652814
4.798622369524151,-5.434755363544437,2.4039289923503224,3.1641091559407406,2.5018918083702535
4.8263141331930886,-5.4203348645006,2.408774668202744,3.1349311945206066,2.4223926662545523
4.86501786535708,-5.40033107272045,2.4101320084615154,3.098948665791053,2.320103515234487
4.909210641176768,-5.3742484709599285,2.4233655410563366,3.0611220096959806,2.182164934572754
4.953550037523276,-5.336454442447124,2.3896592768379423,3.033869422909976,2.0130738687543572
5.017365202028016,-5.290361576412523,2.3839967670437523,3.0102981835460763,1.817423927249937
5.04128996052546,-5.230275184672428,2.3505848792300865,2.9888457152280044,1.5591641101686784
5.038544742314025,-5.150920988461537,2.3106726813527567,3.002883666238848,1.2306349003980588
5.000023827805519,-5.0079128542158795,2.2387416435237624,3.026319036443784,0.8295022162022965
4.883963251783368,-4.818552628146735,2.163027056057455,3.089704450451856,0.3760063518305554
4.737041338088542,-4.552147867444343,2.0548170317869587,3.1711338951822983,-0.13499717802457398
4.552155524088009,-4.201315569373573,1.8854935478711572,3.2850330059163815,-0.6015071464317701
4.3204029035029095,-3.778980242964022,1.6569997809235053,3.4328410507671845,-1.0153420759713199
4.054679625604817,-3.3124375599604456,1.3594808130232807,3.5801107013992866,-1.2947033410904047
3.7620317654763653,-2.8856206640474413,1.0203148734539822,3.714710116956767,-1.4736426189680485
3.45723571416734,-2.4777572105465513,0.6918453891869143,3.7862423089489625,-1.544120265615549
3.148715795956945,-2.115073608805076,0.36438770146064975,3.8157493236265556,-1.5000294741029527
2.7879851123011643,-1.8040060817464476,0.05741577788207494,3.807356195885748,-1.381344754982464
2.3777640725242075,-1.5457890549254336,-0.21856221113384677,3.7300449689413147,-1.1969550510154827
1.9521795039410772,-1.3303016266047794,-0.4771773639600087,3.5899837394829506,-0.9826240075570505
1.4684237103327789,-1.1368501356388243,-0.6598842297574534,3.4278972655375974,-0.7458294884577474
0.9795444657708449,-0.983012381817557,-0.7505416035547161,3.2156258705411056,-0.5136567247739043
0.4497618092803616,-0.8651320290712331,-0.7407149709007378,2.9758509766697174,-0.3270775654959175
-0.052087367342869895,-0.7774940296906451,-0.6679752263015433,2.7136525009522794,-0.1878064124151717
-0.4950113148534817,-0.7195966594856763,-0.5123678187408298,2.4250844495700004,-0.12138081806166076
-0.9659575381244644,-0.7104027385696786,-0.3339994654463932,2.045813828682128,-0.15091075909751295
-1.361875365833563,-0.717500732601877,-0.13053134402294062,1.6179190295775112,-0.23159268816653264
-1.7303240332860967,-0.748999493664306,0.07354607036225096,1.1920777962404816,-0.3640428128623917
-2.047928690153275,-0.7839974992422651,0.2651671329179454,0.6897673226781498,-0.5541422995768823
-2.316202927936283,-0.8048276633563864,0.43085228870378134,0.21046370337851172,-0.7267407296447014
-2.5180923733490945,-0.8631168512753841,0.546848572052572,-0.27016779287180687,-0.9224194301506404
-2.7036924863228595,-0.8986967109283452,0.6568332226907208,-0.7362929354714048,-1.1152210158689997
-2.8237515797776007,-0.9176849729642409,0.7397169639371518,-1.169268614853997,-1.281933717963196
-2.9353269784464313,-0.9331517685570507,0.7713831699033437,-1.5516022589140033,-1.3990002092149694
-3.0207727459186806,-0.9426539877735131,0.8058381680374347,-1.9266376178180742,-1.5009724938034619
-3.07242365709055,-0.9324286481579735,0.795672922243509,-2.282081734321463,-1.614153031083841
-3.147966035913833,-0.9168201779918506,0.7846163944810371,-2.590083053917616,-1.7077868977873165
-3.2102984660053377,-0.8800495488045307,0.752826730400145,-2.8574579377058282,-1.7709476860078948
-3.253416854834219,-0.8290879610730942,0.7110882162176357,-3.091988377525211,-1.8076825042786357
-3.283050276544547,-0.7693738372836822,0.6506636708663877,-3.3381361731088783,-1.8080025852195967
-3.341283267551053,-0.6950187268130703,0.5694524038590345,-3.5658910799606742,-1.8134246497820175
-3.3849947415838026,-0.6258700557258022,0.5319081560353695,-3.7632111139652196,-1.815306990206303
-3.416733115842715,-0.5550806190079669,0.4647853418024424,-3.958251519685219,-1.7788054621255789
-3.4350054580019838,-0.46477219615949755,0.41489697677920473,-4.1444953469460515,-1.7405616107990813
-3.4488766843248833,-0.3641041890978927,0.34213800217317164,-4.328211639763699,-1.7117745542858622
-3.47096718869396,-0.2517696714363271,0.24535151283363363,-4.490623104852965,-1.6552929691968605
-3.4803188446241373,-0.13782617610030415,0.16515090992311005,-4.65316276110274,-1.6037881713262936
-3.506640577449463,-0.03060537629710766,0.024544927998645574,-4.803237282014587,-1.5350583414457128
-3.5208362151229946,0.11452345217646215,-0.11489440765649973,-4.956323921784445,-1.4583999186442023
-3.526062895079423,0.22168407887322933,-0.23479135235071494,-5.05484430407339,-1.3879171707844327
-3.5550581975011393,0.3516567968719026,-0.3726872135145396,-5.158273881603781,-1.3188565323208266
-3.5850780767372465,0.4864285368848502,-0.5198178175587653,-5.231956777045444,-1.248112223726992
-3.605519608939455,0.6362581873589143,-0.6655102214281701,-5.283410904027655,-1.162316062215099
-3.639784565200385,0.81391939687134,-0.8358579781694581,-5.315697974203643,-1.0966987248394044
-3.672268462520619,0.98625351305546,-0.999882111297284,-5.306121385372635,-1.0627516994376205
-3.7282594064066674,1.1693798061235088,-1.1696563372081896,-5.297536369924982,-1.0293750924566518
-3.8025094435056683,1.3810166753585686,-1.3336378268398938,-5.260294370533824,-1.036824251920499
-3.8586907600733253,1.5945886953857065,-1.4957405831713655,-5.195863148477378,-1.065675392989377
-3.92903023918259,1.8598747715733603,-1.6516933844503645,-5.133938463098175,-1.131144562647107
-4.0142826636391105,2.1322417594016536,-1.8029761186382183,-5.049368903532341,-1.2164809669774772
-4.089791790453358,2.4199890942442908,-1.94107948141961,-4.953819427443311,-1.362725062040915
-4.158701104304883,2.722748962062184,-2.075486261272483,-4.845677771016819,-1.5129412284315136
-4.215414855860499,3.0268113101753897,-2.193010835425589,-4.75686533830749,-1.6909631529875857
-4.279859574012577,3.3405095277416548,-2.2980073389606765,-4.653629750520056,-1.8989172532264198
-4.349490386377039,3.6290542587463572,-2.3936308780806406,-4.563547167520648,-2.0991726163768267
-4.39358471125447,3.9060519243373863,-2.4853828226402754,-4.4904466441400475,-2.2977966559217298
-4.420533381146847,4.160268348147373,-2.5616402861452334,-4.425548247232323,-2.4744715559922974
-4.436893692965951,4.410345594747722,-2.645864049267086,-4.383812726397968,-2.628275489443329
-4.451096179220109,4.6242911622575305,-2.722592229341239,-4.352657314083077,-2.7622419718150804
-4.462263491688905,4.811543777303985,-2.80488816469703,-4.341628031536412,-2.878981754863067
-4.454652077986362,4.967240275294251,-2.894425956534289,-4.338771966606725,-2.9731928301646
-4.437809792661123,5.120123102412256,-2.9623750528576878,-4.347066597136172,-3.035895545543523
-4.431614572793769,5.244730265059285,-3.0207060370130665,-4.36707803133301,-3.104941173861066
-4.432805565010319,5.344253795001241,-3.0862211201987493,-4.378017413119361,-3.1366267443714535
-4.4208370048745875,5.425844477637602,-3.1391280495216556,-4.39918558030437,-3.185707836916897
-4.416851611241435,5.50752920992578,-3.183345824046635,-4.42612004695614,-3.2052380838975454
-4.39729016786661,5.570991762023849,-3.2188160526697938,-4.442369329012915,-3.223884059146413
-4.405720443676671,5.608248425206563,-3.2518618261654457,-4.455033860706098,-3.237664494816737
-4.396358367558983,5.654063453534257,-3.27555109139257,-4.472342449371934,-3.25017942476544
-4.3965650226233075,5.672187163892478,-3.303314895950892,-4.48473255547479,-3.2556051480593595
-4.399644657262095,5.702414957241935,-3.312021235946514,-4.4893527207816435,-3.260769718079137
-4.395650576647083,5.704871069858616,-3.319419663868621,-4.4897834069812825,-3.2647776560003146
-4.3965372280793495,5.713583979882704,-3.3220140960642,-4.496565114960944,-3.274232714346805
-4.392244361081412,5.69503843405434,-3.311579264993693,-4.488631625131551,-3.2756311952830166
-4.400953850814268,5.6737669860244235,-3.298187807502326,-4.475220059085161,-3.2723715112758147
-4.407110205076235,5.633790245081542,-3.25749596439971,-4.459377499097391,-3.27131444978886
-4.445503849226268,5.561520609095866,-3.215566326528854,-4.419156375243065,-3.267008225392322
-4.474263788567041,5.463059286441705,-3.149297736073152,-4.401375155700897,-3.2523333678872772
-4.528978023623697,5.2942780924775255,-3.0635618005634093,-4.385179926312569,-3.242890115122791
-4.5811686736887,5.005544865015257,-2.92753794174267,-4.3785555408947125,-3.1749176081181876
-4.607160412315273,4.549972666325142,-2.761912001686599,-4.437473415985374,-3.0191703656465414
-4.561281411980521,3.842590855268347,-2.4906157736823022,-4.530344338842488,-2.747188894028951
-4.369937602101429,2.887578214174256,-2.066654719584418,-4.627239412642821,-2.4128426873927977
-4.021340595953009,1.786674358812449,-1.4604648096626645,-4.6733871047079045,-2.0991477983209887
-3.639327410305216,0.5946859307928248,-0.7734673830894425,-4.668124703118508,-2.0093516059888366
-3.3212619536154557,-0.6514893655134287,-0.059098886673416694,-4.373266065834369,-2.298703144814775
-2.780954107756151,-1.8579790462185959,0.6278167661354666,-3.4934577574453574,-2.6880483717149097
-1.9468318671975129,-2.722183605259385,1.1568590491032156,-2.0304236467525247,-2.861798186810084
-1.0153596403771536,-3.1709471778028773,1.3380083806864105,-0.36524419931032087,-2.8863310230279016
-0.07277494018522133,-3.438832094856052,1.375900587794439,1.0039973610435184,-2.8828450449994896
0.8425455775834665,-3.7143463992263004,1.4349664769020785,1.9768462810289584,-2.76018793085877
1.6892572249924038,-4.014676945714677,1.60422992386784,2.5863489113840745,-2.5235095585818828
2.4255940813664063,-4.345847502836404,1.8201419660397897,2.9285783029285297,-2.1781492914382556
3.0345002582781184,-4.618395838454233,2.0176049808678727,3.111009194258989,-1.7810426159825743
3.5233721298624205,-4.868768511142782,2.1983371795162294,3.1861134589293694,-1.3926842539435313
3.9241507204762716,-5.053821504333494,2.331938743490517,3.1991977001809957,-1.0152129562645786
4.223741039234919,-5.199813976641725,2.434940748878089,3.1763979232350317,-0.6596272985382698
4.441427795983149,-5.318086805188386,2.5095270877342952,3.1460007420997638,-0.3399684961168093
4.6003328213895065,-5.391626456331375,2.5442552660969144,3.107776346707634,-0.07524511395285227
4.7383195963517775,-5.4541365182679895,2.572345889756912,3.0852126047483073,0.17163295987706306
4.834211110160047,-5.488963088734195,2.5804127798797536,3.047593604578658,0.3759272018319249
4.9043771370629425,-5.50052428363673,2.585792389183574,3.0194956111576596,0.5487718897829037
4.96006433265675,-5.503268838052921,2.5894593888811848,3.025772014089806,0.7348324510173594
5.003247584964371,-5.5063988553941146,2.5874489125395197,3.0049954453730345,0.8649744902404317
5.011158505562994,-5.511787073222115,2.5752377257165757,2.994327210160983,0.9811699183053781
5.0281541205730464,-5.503838603645196,2.5664803917371146,2.9843283199671866,1.1103247663512443
5.046145618900065,-5.481809407662235,2.553185317538763,2.9891206199400537,1.218686635352453
5.0380091335461605,-5.4743795682169285,2.547406360647584,2.9834365615622493,1.311366450784541
5.040419108142256,-5.474515685384568,2.544726413814286,2.9904619315529573,1.3889594014506583
5.0317644999785625,-5.4685755423398845,2.524596212322467,2.9750678043974776,1.4794295668410922
5.030633658732891,-5.458485601168105,2.515198064424152,2.9766640167560956,1.5623862461749518
5.018700031401058,-5.4650913052085555,2.514980016226161,2.9865605546117786,1.6367167944530236
5.015848913076366,-5.437036537880668,2.499376084603853,2.988584997483353,1.711141241131025
5.007164871883009,-5.437000906229506,2.4879008734844237,2.9979202702758116,1.785300438294696
4.987215485190615,-5.442630232253288,2.4901272289189436,2.9973184241199538,1.827898294551082
4.972524840163443,-5.434772197954814,2.4848396253740006,3.0082616012732384,1.8857175850385388
4.966257397168168,-5.436111013957725,2.4619924426284805,3.016981994169084,1.9363844345195855
4.954886401533184,-5.425768132291887,2.4664154182511826,3.024351967691621,1.987921520958663
4.935377613926711,-5.424046658740294,2.4553255218404617,3.0333057043776486,2.026648358955685
4.923662362691371,-5.415289067664284,2.4597070871174522,3.0365357987833255,2.069734396515752
4.90738453230958,-5.4210774417771335,2.4512644880341847,3.046509065046976,2.1155882336516063
4.8991960715895235,-5.431384172272343,2.4492815110471393,3.0591244219506324,2.1424690477779436
4.899770859804289,-5.43293081803492,2.448994246571363,3.054227003891573,2.1636383595887287
4.875843510426168,-5.424819529809095,2.451271268511155,3.0708121027045796,2.199666929199357
4.87770245810356,-5.421854720008592,2.4245105074190643,3.0730912509716357,2.2220229471755304
4.8797190901535,-5.41862777758224,2.4326461841724867,3.087213407172545,2.246532809671221
4.872268860625044,-5.426673355489327,2.425789005639822,3.082528579219605,2.2685551395900387
4.860638975068532,-5.405493088274833,2.4332015123838686,3.0810799708208383,2.275924729699548
4.858053949765375,-5.417732647507697,2.4364547083315586,3.0865290092294617,2.2789260627695183
4.86788420564558,-5.413885780567111,2.4362286943526295,3.087743885090856,2.2860274288725004
4.8736207889742875,-5.4162224535556085,2.4388946774578346,3.0911816917324386,2.2734626437198053
4.869930146502207,-5.4099086600897,2.4221657420958422,3.083059646080898,2.2735530570177227
4.888364210114397,-5.413878265325677,2.426481884479641,3.072087596057389,2.265826718255426
4.889580433749658,-5.413738622252245,2.436099078159347,3.074906406762155,2.245995791077322
4.891948057778939,-5.406159358300134,2.4230331196075148,3.0551532350145836,2.2144291417640343
4.895220349325124,-5.404677076232103,2.4281165088138708,3.050859230889761,2.191627327232318
4.912913478407216,-5.4018378282716375,2.4209263902153126,3.0396674974092943,2.170018662362679
4.919416064568159,-5.396402341759417,2.43049292868008,3.032095017388901,2.127885500129228
4.928382797064784,-5.3863450663854175,2.4262020288085893,3.0247994655602444,2.091816177332274
4.946761074493044,-5.38921398422553,2.4339486123019527,3.012327438349425,2.0454205311100178
4.963093103542146,-5.376983205380335,2.4286738427085277,3.003686615197014,2.003115233795039
4.983610178804462,-5.365795331864373,2.42548806715152,2.990880132500825,1.948266092329206
4.991852472298636,-5.36403933496947,2.422504364593693,2.984792605579799,1.8896440540394532
5.005281847073773,-5.348831133581559,2.4127768538557257,2.963282609716669,1.8203217234726008
5.035782499865275,-5.345015279116444,2.4221972750538443,2.9639189077093673,1.763627074655969
5.051454543088145,-5.350130290487853,2.4280588650429187,2.95195477446712,1.6844282839844709
5.059103176436071,-5.341905730557743,2.4160478211598284,2.9510304332433805,1.605122098539182
5.069113337261338,-5.326308805552586,2.4121002259265256,2.946938134325821,1.5569554354064785
5.091112997044535,-5.3274147499109885,2.4139711014815464,2.9325195374277415,1.4779390518182214
5.0918510195580415,-5.326177011198959,2.4106705781823496,2.947057232899267,1.411799135892993
5.097652614770507,-5.31876220306108,2.422636265779036,2.943883054565157,1.318864239590501
5.085677915971059,-5.316969553550313,2.416583331239291,2.936694785947047,1.2717894546700859
5.095898741054063,-5.326543533072754,2.4225554199077814,2.933365777746444,1.1867051878081123
5.098071242701279,-5.328812292247248,2.4412127628314684,2.922042266811542,1.1244937010703357
5.098030498755932,-5.338491059071622,2.4350672801219893,2.9289871188608196,1.0837011689936866
5.083690388784034,-5.3470923256642875,2.429800631814357,2.935017464333752,1.0262766685787
5.0860022628540005,-5.3446067986294175,2.437166627484242,2.945849982966319,0.9884243075819399
5.082775243947605,-5.35870058194731,2.4399818651692953,2.931115022493755,0.9493168699015222
5.07878747218177,-5.3700053154701175,2.4548432388744494,2.9414253829500554,0.9295314413285607
5.078066166481625,-5.377611282944975,2.448885442942754,2.940414931483845,0.9215528552816956
5.073548415559798,-5.39972636414571,2.4733720734224223,2.9500297903987023,0.9095581198998909
5.066199685786508,-5.407209905809804,2.4738256722581577,2.9435721303611744,0.9207200793056738
5.079467963465457,-5.407300573741583,2.4741928778567917,2.9346515655235756,0.927665446914945
5.087632707340687,-5.412054902416824,2.492946774095453,2.9309634239103324,0.9544095507091139
5.079412589618451,-5.426162392082197,2.49272897861698,2.9461407282726877,0.9841197302691217
5.070948515642637,-5.432504541136792,2.4952976802786853,2.943047488068539,1.0278181836435858
5.08504573792547,-5.439334076737556,2.4965977558750105,2.93959888846127,1.0618622350978817
5.064848205766995,-5.437501632678924,2.501012677653389,2.9490881223738015,1.129068315938214
5.077616516548097,-5.439194490394683,2.5013478340356565,2.946122629478878,1.1979698142843067
5.060910315106688,-5.441958390157833,2.50585008221703,2.9516114952069685,1.2556278581816565
5.065823174349411,-5.442389967994299,2.504588577494207,2.958659829238612,1.3283602574182654
5.057956643452983,-5.441698659519434,2.508671897025861,2.963348837569676,1.3964923665799662
5.052685678108596,-5.440307301412447,2.513690825291604,2.9672450324612725,1.466800028026612
5.031352463280238,-5.441950408514082,2.5022193304037605,2.977650939085404,1.5456861045797112
5.0257262386110435,-5.436752359184117,2.498659824360776,2.988723594807529,1.627395429703409
5.021465299622296,-5.445562419913036,2.4979894102123774,2.9910321946559315,1.7030471976956068
4.9971210722702395,-5.446725062152352,2.4906365376994613,2.993105288040885,1.7583833530517308
4.99368851517256,-5.43393374780756,2.4799964260031095,3.0081475971963685,1.8370007806454807
4.983577984921829,-5.444448920869183,2.4765710251945743,3.00936630227392,1.9030295866302982
4.952798793317563,-5.440603572656175,2.468654992697778,3.035224486529295,1.9697222306998254
4.93627883875934,-5.430636417523633,2.468019671455309,3.037332894874629,2.0286478335648055
4.92355497768098,-5.430640415574951,2.454206100195834,3.055029083004321,2.095890671161708
4.902518826456946,-5.422396714129004,2.4520238706287922,3.061280972455821,2.136816845521568
4.88860865021482,-5.435653299131623,2.4559245405398658,3.0764244699690195,2.184421503454312
4.8751419525824184,-5.434846232382206,2.4402959995142615,3.0832154456033494,2.2370839940608294
4.858213901389996,-5.425239953816688,2.444649426571165,3.0936966149037084,2.274252662374288
4.85106539979008,-5.425378156239681,2.429458455339725,3.1093994754621637,2.3101255761516746
4.847539192257478,-5.430674754765515,2.43992031330785,3.1017061113236477,2.3462360938616875
4.841674738963096,-5.424139575863395,2.4213360017591428,3.117894469517051,2.368819993461628
4.834822132651079,-5.4256455259886796,2.421807915640386,3.119467541190806,2.3774575659280868
4.826766006419548,-5.4261748921146244,2.4220225513564104,3.1364416564722166,2.4029541937470174
4.827776872537494,-5.422826393715607,2.4175303564815276,3.132687251033426,2.4230318057871356
4.8206888712425435,-5.427362257705443,2.415419955791501,3.1349362382582107,2.402513876048565
4.824054493241905,-5.417331040670106,2.4258207632261644,3.125658087902479,2.4036540117256484
4.831796850420395,-5.424939725054802,2.4100992874773293,3.1206541050955194,2.4072900400843262
4.835647044699753,-5.4230278631535285,2.41694723771397,3.120516088396757,2.392780783410556
4.834584151938735,-5.420546727445451,2.4268874284225213,3.1124862592151215,2.371329492446443
4.846427001896409,-5.404620938393972,2.429356642982389,3.11153222033655,2.3482920476493976
4.864958095544634,-5.407287058716669,2.4139813209201217,3.10494663537457,2.3154751354957495
4.879751645892414,-5.402983348046878,2.4108190796712394,3.0860014927661,2.2772621324510203
4.891665208359843,-5.385916605052335,2.421686278480484,3.066568835933602,2.2290232876962555
4.908615652455709,-5.384545693618778,2.412612461159254,3.043339451068833,2.166223970165972
4.9261715852821295,-5.373492844132125,2.4174603131370134,3.0379867204305175,2.108924887720616
4.959691093496847,-5.360409988521386,2.4123496484649434,3.0079402254724217,2.03010091582101
4.974618532700576,-5.3408442236909695,2.409390642612027,2.9991441234394745,1.9597250728414535
5.005179618461333,-5.347558025382814,2.4059254277595725,2.9728895893934943,1.8669485227604201
5.022729052417363,-5.326215084497409,2.4087709490205853,2.9623289680834066,1.7552735369459023
5.051752705985026,-5.30813527225567,2.3903280044123445,2.9523199059098824,1.656714413599288
5.067843425183809,-5.303508790158245,2.397616871414371,2.961154685562537,1.542303051759954
5.074729992862022,-5.285439956170235,2.3906152291219964,2.948954604706401,1.4205159285796862
5.079500831253454,-5.282399275789815,2.391059800802243,2.942354172582246,1.3031272816604724
5.088992196245711,-5.2818058550130305,2.385898790999451,2.9490390810932863,1.1705911165070582
5.0841694457536395,-5.265507191881047,2.372484016313522,2.944365402394516,1.0403893157197202
5.071106243170303,-5.259712742418575,2.3788492660719798,2.9443903232120614,0.9014637723184009
5.04909295103566,-5.251648417077872,2.3822615129639475,2.9492172669957655,0.7776928522087261
5.02576365812168,-5.240043288435952,2.380982164214629,2.958916764185387,0.6541978337578459
4.988897764028128,-5.244312001513517,2.3900089378779055,2.969015685780624,0.5372535860517202
4.974903506357841,-5.233091246332274,2.3827054662546336,2.983582195700359,0.42326302303524405
4.954779267462644,-5.23218512526583,2.395195752676937,3.000728152246115,0.3283500610129718
4.9417468522228765,-5.2383300677108355,2.3959332366971426,3.001112850588827,0.2606345649817398
4.920367057502823,-5.2395416998358355,2.397917928485632,3.01131942609668,0.18074056549060738
4.913071823226434,-5.243949419404698,2.4010133405955574,3.0218691380727556,0.1408964138588295
4.889792849810315,-5.254088095398957,2.4093360842299396,3.016847680843309,0.12349292693516406
4.895467922769946,-5.287576671185985,2.4300914495823043,3.0200952974492083,0.10469414209173125
4.89924786914973,-5.311789277842314,2.450517578981541,3.0246693677758825,0.10146707462828365
4.900617494831782,-5.319142673758503,2.4640152533820756,3.015943880415956,0.11276048145628888
4.89998684216588,-5.35279447778939,2.478878037050833,3.0051506351022175,0.15249419775372083
4.912201926500531,-5.373791682655729,2.4901252072602964,3.004411762655004,0.18829834193296185
4.930994828431511,-5.3990306815835245,2.498462086938575,3.004877988691375,0.251921833927973
4.953513759862201,-5.416088191175276,2.5032616395104736,2.992008337288546,0.31355837946601073
4.973456792761593,-5.445865975458688,2.5197914727658715,2.9888010463802117,0.3940860016510233
4.9973357493745505,-5.457514274341381,2.5428823359298165,2.9810073770994463,0.47200194699783
5.003504984389697,-5.465727215585707,2.5441762444534826,2.9721590807994462,0.5873119136986628
5.018358926067159,-5.477648113230876,2.555783220799797,2.984374834285701,0.6943453041919234
5.035965806561015,-5.488382202333909,2.552658359276684,2.9863605366558357,0.7942548866757959
5.04541901618042,-5.485855701680641,2.563783268026047,2.9696050748420384,0.9134252472895034
5.055925712616728,-5.514175728643939,2.5539448661242368,2.978851616128882,1.0285831166341375
5.056302935412872,-5.506337718641251,2.5571440163382184,2.9742428738546858,1.1511576290024814
5.043066621076373,-5.501592270861521,2.548858340828536,2.9767602257101844,1.267960672848948
5.031089393343345,-5.481601764585578,2.5361465728689017,2.9887479214214094,1.3912864556432396
5.019546117675601,-5.494100610596727,2.5345019607434804,2.989096274816529,1.49535064056961
4.994142971651974,-5.482795755857302,2.5233130719329115,3.0017996938900926,1.6192957384480837
4.978400341839556,-5.472371600363935,2.507286171791963,3.0238796654024824,1.7342818880713298
4.965267493883013,-5.469113774640358,2.498839786299198,3.0242047666864655,1.8366336726817205
4.940149860369974,-5.46490754442906,2.4981705659918316,3.0401504210656376,1.9270548562421146
4.92684796454306,-5.462395996432779,2.4872217227184747,3.0577986720648274,2.0108662419731553
4.889937563181957,-5.45551740511062,2.4851347297740727,3.0756338015272213,2.1122062717252605
4.876307532785644,-5.446849626820938,2.4618632709849613,3.085831684154465,2.1868030993397967
4.861774524695207,-5.456814005443969,2.4604130360792262,3.1157090869931205,2.242729516824851
4.851929853443599,-5.442939107906211,2.4460863891900493,3.127915106792038,2.3041606405438673
4.8275673773018815,-5.455237468179029,2.4317035010123678,3.1425132500014965,2.362034238840487
4.820836450182165,-5.449429785437689,2.4225291629892522,3.1557596787787023,2.418683848565965
4.807823421086411,-5.437883510531207,2.4257084375064686,3.169997992970526,2.455485973805668
4.783933701937503,-5.440573186686142,2.4218753934365393,3.1807109414217867,2.4958935326319494
4.785472873332036,-5.440245714602247,2.418318240973399,3.2057556951817223,2.5194266384956947
4.781735876129327,-5.44815340649859,2.4305495339649954,3.2096691944684284,2.5405496840932766
4.772033910713203,-5.444178642462345,2.4267242076221636,3.210015597188464,2.56702711860681
4.782130792608734,-5.441671898160363,2.4194566114610176,3.217082074120916,2.5631492411246395
4.775183826692515,-5.434604706986457,2.4115504184275,3.198183573141465,2.566140866578527
4.779762407370928,-5.436525839314199,2.424750491665452,3.1947142802803605,2.5450432214253595
4.787130010386863,-5.430447454886434,2.4205412579115317,3.1943823415093764,2.5356131181798975
4.797993562633421,-5.429510785580293,2.4080181591320433,3.176963972680998,2.5279471929238713
4.808229327830881,-5.423793613640565,2.4157758684897566,3.163191867690703,2.4849114160976766
4.8193475446645415,-5.418631152173886,2.397880254605259,3.1383702290543205,2.4471801711245527
4.840304083759153,-5.4045308150319125,2.4071604702660703,3.121862185715335,2.3903390646500258
4.874136169093457,-5.395724102416633,2.413177939613106,3.0930525235348547,2.323854881348313
4.888617043175329,-5.383063176557298,2.421017040937468,3.0628717513234753,2.2393526996600404
4.926565901884355,-5.37157143625662,2.4060034092263787,3.045887493886996,2.1499491573301084
4.957133034680302,-5.347580066132003,2.4112507108069736,3.0137077870856697,2.02410098836673
5.000435002358956,-5.330414321730574,2.405333858938694,3.00047090061579,1.898342773234891
5.0413683939795435,-5.315565464149684,2.4021561992571145,2.970749391553582,1.758579497626886
5.067729299560838,-5.286060341572291,2.391198641676055,2.9638955101833964,1.5824882875427937
5.090302475776066,-5.24995946016568,2.3827450180773573,2.9508680914498533,1.3824655175073992
5.068490002811913,-5.2160856906941815,2.3508907496284333,2.959951266257577,1.1662812752283638
5.051228042132589,-5.179416413579564,2.3337340204717534,2.9789284197764956,0.911690973768453
5.022846551908866,-5.116229849038057,2.313204184290545,2.987716359952736,0.6534881540968591
4.9486595337466746,-5.027064633621585,2.2672711490389754,3.0199256968140213,0.3661328808931617
4.875281952379015,-4.93623524728469,2.2399146765003777,3.0558128237656423,0.08196260181704013
4.782321251165259,-4.837700361293484,2.197657945591475,3.1121778958313264,-0.18619907332817073
4.686436446157992,-4.713960823998385,2.1526074406674134,3.166028501375008,-0.45010824637337515
4.588793729332447,-4.578741083737724,2.0951089660528095,3.2271710055947413,-0.6741241526696701
4.49238147712989,-4.439349090029373,2.0540828891442553,3.2857244253962,-0.8795218274143033
4.383325385748503,-4.329302223890816,1.993138014271473,3.3378827479225057,-1.0338616933607245
4.298029225050848,-4.212152584380499,1.9413745959686115,3.401233172848076,-1.2014094519411322
4.2196440011997005,-4.140202261654944,1.9029532729027305,3.466323253464604,-1.3055548629299394
4.135096095940844,-4.0641052307033565,1.8654897558003756,3.51761032255221,-1.386280216793315
4.084825245627537,-3.9955267942749906,1.826428378210696,3.5669125672798003,-1.4520415516808163
4.030155103362214,-3.9710999463219143,1.7909438665830641,3.6143141483824524,-1.4962901881629935
3.9836778211917485,-3.945306972341056,1.7841286402392333,3.651290530583635,-1.5238749821977462
3.9695612235114455,-3.943682478368313,1.7859338902494095,3.6671669079724682,-1.5470194807020274
3.9642097826928997,-3.996324154756258,1.7987730604893644,3.6784456564441945,-1.538033897165465
3.9926794577198206,-4.026958810738776,1.8241182170788963,3.6885013134468636,-1.5509089844675987
4.015846390746542,-4.099005347720198,1.8626083826512183,3.67496779468026,-1.5259209804672764
4.0405189742388385,-4.164827859631715,1.9161286258766088,3.6702598936420685,-1.505916279187714
4.099131864701847,-4.2675082729380955,1.9718342159368207,3.641871639467841,-1.4630192480756086
4.17861639974593,-4.374919768952791,2.0597362199872986,3.6214867523890417,-1.427943205254696
4.22095642867947,-4.49174899236965,2.119398919870256,3.5835010699885106,-1.3624015589903982
4.282722634813972,-4.609379393245506,2.1941211723709,3.5212924314991594,-1.2844232935603381
4.354343097184689,-4.732640626497463,2.2575225486012824,3.4862500157624132,-1.190117085930458
4.434026800847989,-4.868712213795322,2.319706331998396,3.434129154832004,-1.0800227870982275
4.539233751145981,-4.984742427862202,2.3743587380696605,3.3876472966685482,-0.9524757506542846
4.584828890806886,-5.100133269478935,2.435158847067851,3.326023163072894,-0.8249529502824574
4.661386168730014,-5.203411578179507,2.471503131005458,3.292542172496947,-0.6616387135089816
4.735248436434245,-5.310077373478007,2.5404971302192827,3.229251745046416,-0.4766134531693443
4.796119467603323,-5.4005565548986025,2.5800225021757375,3.200153708383766,-0.2997245283810307
4.855409455698548,-5.469615268803131,2.597607757487566,3.154039701181074,-0.10107627544294638
4.904729273529445,-5.507464894916939,2.6134293437068212,3.0991687477505936,0.08988772015963538
4.957995705992455,-5.553767240214194,2.630117577231996,3.07531415536357,0.3050380373682155
4.983598818247101,-5.569248947798522,2.638220804536587,3.0506402786590634,0.5151123851879285
5.003929221769003,-5.593952862740545,2.6415330803690447,3.031806984701351,0.709337105352746
5.011170322476488,-5.580814439991292,2.628443515536226,3.02336157899157,0.9235781270902403
5.01070225498685,-5.574194032865587,2.615184980523753,3.0236334253902934,1.1098512643794283
4.991128177659248,-5.551010213612727,2.6004063645807087,3.021476048527379,1.3019401156552282
4.982333388751678,-5.545835396205027,2.5861326952840096,3.033738143706107,1.4866758725439306
4.964215542853172,-5.534835309510854,2.5637793164148195,3.0380079117541023,1.6517828676507924
4.940413205806449,-5.526826018789438,2.549461871944517,3.057798951996305,1.8061739326264756
4.915780959850948,-5.511448942344856,2.535837238310765,3.080893046566537,1.9479108855114078
4.8865247661727365,-5.501714774309338,2.5174668486757166,3.1053758821533193,2.084209494358509
4.851788567842172,-5.4923632183315405,2.4890525804764025,3.142024432101466,2.194159224975419
4.825930322112193,-5.481228511586019,2.478800673502312,3.159206670701287,2.311350135750892
4.802824061702139,-5.475433970013795,2.470588352696231,3.1835769764537596,2.391129565487478
4.782409565717049,-5.476534303840873,2.4425201301158,3.2199995694921513,2.4741111049536944
4.7666308118331395,-5.464361144071053,2.4457439014986933,3.2597353067946737,2.5370344133045197
4.7554613016600245,-5.465262240549925,2.451340647766773,3.2735154931579578,2.5921779122014046
4.745168589523839,-5.470433632786398,2.441127631563638,3.2865397381226296,2.6406388757340045
4.73490963967712,-5.471277770519779,2.440491872896369,3.3130373539415836,2.673056770035118
4.717160438183971,-5.466069419091442,2.449341987579735,3.335702299462099,2.7018019128126123
4.715382875135966,-5.474258593801784,2.442810383071137,3.35578210776632,2.725899465379217
4.718356337587836,-5.46672088335747,2.4501105674542774,3.356019392956263,2.7284695049996475
4.715992087231918,-5.4732007093425095,2.444929272153352,3.343052260813277,2.7214262932514037
4.7225606961137725,-5.46502775981045,2.4355885000446964,3.339014150572199,2.725968619329209
4.7280817525493894,-5.459989960580366,2.4305741089677984,3.316341481025655,2.6958572542365156
4.734642646204454,-5.455319676726696,2.4134830012633626,3.279425574958617,2.6850453108630004
4.74879932066081,-5.446728081617967,2.4235091835844753,3.252286200989928,2.632432031465484
4.773134592948109,-5.456663007798548,2.4270134945385355,3.2243097565498697,2.568797800675073
4.804770001168911,-5.443686498338071,2.4372025631283445,3.181261577439555,2.4849866582398263
4.83825609311405,-5.421483642362491,2.413549916577436,3.13665679337563,2.3787418016135238
4.897153563474652,-5.393992283676723,2.4250262059675536,3.0851632738608057,2.2516069750858163
4.957273068252221,-5.37336685250141,2.410760263998987,3.031596654124345,2.0871543376646167
5.015174262372421,-5.30706490946659,2.392434417073101,3.0055205529649047,1.8648392437910872
5.055113514012125,-5.23779329402174,2.3585065540877848,2.985488087337935,1.5846677288408726
5.046643011757768,-5.1281973645322765,2.306682996277254,3.0001477886237513,1.2222906964973093
4.9747371136975245,-4.942401263393138,2.2212777964968957,3.050436917471574,0.7569379844691183
4.834657551082208,-4.659826496110171,2.0923579883159724,3.142922242851449,0.2164888742957491
4.6389586769773565,-4.269838838955331,1.9195422351566398,3.259621532754666,-0.3411624101540972
4.38757870153529,-3.743819346553425,1.6355656566136005,3.413276734700785,-0.8430713066682994
4.077850458311665,-3.1520755811652132,1.2427822976866936,3.561905125429812,-1.1954944006361312
3.723379804349003,-2.5731134148497667,0.8036241850796553,3.68105091021261,-1.3850936522013093
3.32313476371077,-2.0416916545249704,0.3536950496575217,3.680230786188614,-1.3906998321562867
2.8378142388129173,-1.588814712072177,-0.0701908232609899,3.6030760075516577,-1.2404675825287719
2.275721774467162,-1.2013862581314452,-0.4443117462051925,3.401805108274808,-0.9683905853090402
1.6257954074914713,-0.8756909317728928,-0.7138189801313353,3.0684003106289226,-0.638159031553043
0.9413900013247635,-0.6533798018381675,-0.7955172182531799,2.642491615388936,-0.3423487125053062
0.247283753159118,-0.4901900133051641,-0.7108663476438712,2.1745075079798446,-0.12125136430744526
-0.4611577751471815,-0.36891861217083033,-0.4993766716447197,1.6029537417440083,-0.0411590335427963
-1.1450527805951218,-0.2849162940572594,-0.23670747233461822,0.9865663700807391,-0.11683681775256662
-1.7697571831757921,-0.2026640675563925,-0.012897483011207255,0.29388115870539694,-0.23844874440570069
-2.3203129248637375,-0.16022348291464475,0.14101184129707425,-0.4389229704101635,-0.4017265006204161
-2.756152887551164,-0.15865854119066378,0.22045391701857373,-1.1643063103430988,-0.5753255420948824
-3.0850459881053074,-0.15775079129302438,0.2516451668948535,-1.836385365956778,-0.719786744996298
-3.314108390188655,-0.14891564051357128,0.23424593093084686,-2.4951122570383646,-0.8408418161451185
-3.4796706601019762,-0.14643469210331872,0.1953986842316565,-3.044635853962072,-0.9444596388905883
-3.5683008654462847,-0.10234898214487952,0.12396918751924717,-3.520651074107672,-0.9911318214452122
-3.6277777696070297,-0.05517682241548248,0.0406783272048674,-3.9250362702980053,-1.019987183433746
-3.6567078745839305,0.025936940533679398,-0.05724247860177582,-4.259160181143533,-1.048895195055186
-3.6764810444325664,0.12109257678764614,-0.19327842290223868,-4.533945503838816,-1.047506777309288
-3.6810666032097923,0.2016199846435534,-0.3113627650649294,-4.760044214005622,-1.040612417335329
-3.6628774104818382,0.3251040383774946,-0.4330926410444369,-4.944667724953449,-1.0215825266109018
-3.6439800449255286,0.4516141226824661,-0.5776516548508505,-5.080887191264545,-0.9959095502688043
-3.630438279509723,0.5859350272825566,-0.7219874367794303,-5.17538503190419,-0.9698537244615562
-3.639072104866329,0.6910585465152147,-0.8381008710375674,-5.222408221908044,-0.954098914392498
-3.647456626963364,0.842635354385396,-0.9748115175365549,-5.240015494263432,-0.9331694195499772
-3.6702644671806333,0.9897689104403293,-1.1018428991835774,-5.275273965415428,-0.9326530366825598
-3.6969157953068605,1.1539948475257247,-1.2241704293863245,-5.254387851405513,-0.9300162938994815
-3.7366732367362387,1.3173975719036533,-1.3652509260659043,-5.235028158594873,-0.9471263255407683
-3.7781605764538497,1.492200470546834,-1.5123334293829904,-5.183050172851766,-0.9576124714700514
-3.8281238087328884,1.700819917850503,-1.6414099708040937,-5.144197371051924,-1.0101255229143233
-3.8953342715274992,1.9067541366616523,-1.7685516365275578,-5.078923134155949,-1.0659809964676974
-3.9470101021596475,2.13886542298305,-1.9067910004340909,-5.022767962659063,-1.1658494957066798
-4.020013688631158,2.371899787297859,-1.9925475601649336,-4.939824421380618,-1.2770694793595887
-4.082700746376605,2.605504755999989,-2.1029998251677187,-4.863584922596586,-1.4099188925149824
-4.142352189998862,2.8663092633175355,-2.195176774349592,-4.786325406508049,-1.5790350330010825
-4.211089640781373,3.1240705989447846,-2.277686189956171,-4.720390252034001,-1.7296388228908817
-4.275002850508333,3.378874517330769,-2.3610572310786346,-4.634764256938613,-1.9115794153960304
-4.337374697052541,3.634945385962715,-2.4311381348058143,-4.5588717644956755,-2.092186613241499
-4.372208524670397,3.867917294420343,-2.4896829951771973,-4.499555348167288,-2.2813894050790906
-4.410935706076014,4.088128775937334,-2.56691068366031,-4.443470771375619,-2.4347454892026383
-4.452758193626392,4.29928691197163,-2.6319470574474257,-4.39026670526542,-2.576682906003519
-4.459489654574573,4.48314721652992,-2.698448116780704,-4.35473158380407,-2.7131323813995745
-4.4747309682857015,4.670842164229297,-2.7533544117038473,-4.337089101443781,-2.8283090046298702
-4.474411446992357,4.830344438638118,-2.823528335232282,-4.323591236362874,-2.918364263034875
-4.4644530057072425,4.962117664691933,-2.8790244962922547,-4.320879101303859,-2.9905597906024997
-4.474989652924706,5.091703174436308,-2.947515484348829,-4.329152679464932,-3.062587592846795
-4.458722107389975,5.197015973670145,-2.9918174520242253,-4.340970639889035,-3.1150663475131357
-4.4484048749711524,5.284872455247619,-3.0438605978424755,-4.352060186086004,-3.1380856450312935
-4.445848984052158,5.3746265668538085,-3.08902610357144,-4.364650667898682,-3.171811748921699
-4.434998788896765,5.432087737255218,-3.1322127019435024,-4.383513786290531,-3.1934638169936505
-4.428320424880647,5.493990625007093,-3.165214449999262,-4.3980661399109096,-3.2107363755833873
-4.419872735004166,5.536389094639116,-3.198156420989597,-4.409237307645146,-3.23076582043821
-4.41044858049351,5.57528428819075,-3.2213295048597197,-4.430874330857848,-3.246056024434884
-4.4037937346129,5.603320626948243,-3.2355650881881495,-4.438817296745519,-3.255799171396
-4.414551676121062,5.615250200841055,-3.246187599116632,-4.433378272478321,-3.253611647159649
-4.410706599319236,5.627592577151938,-3.2647881635830993,-4.451709195888529,-3.261084681151105
-4.406326041106426,5.633671672525299,-3.25184089322963,-4.445769950833451,-3.2559814365252238
-4.416925967588881,5.62102098573932,-3.2450759370121554,-4.444036021205809,-3.2516579215716686
-4.420729311025489,5.595698824601242,-3.2320706013480343,-4.424731153932904,-3.255621335800135
-4.425016602186985,5.559485565313513,-3.2121438149402497,-4.417766676752086,-3.26044602039433
-4.450642708760164,5.5055492831936075,-3.1621971392278154,-4.38513237565345,-3.2575025215307107
-4.489619251141085,5.431108689320277,-3.126371634858962,-4.385625951688971,-3.2472041059280032
-4.510632499037254,5.314433516877911,-3.050686794627211,-4.358116731433785,-3.234126838332472
-4.549175308743761,5.157387225804813,-2.9765573811761805,-4.3514637138560825,-3.1893613679026585
-4.586900796355738,4.921626424443171,-2.8715312477802386,-4.351425423691148,-3.139405060412568
-4.615199615693004,4.572604242445648,-2.7550714379800945,-4.393866929386964,-3.0136961283903765
-4.591966420054869,4.0874994711446195,-2.607533300130635,-4.4710129677457235,-2.820019361566478
-4.518854253682824,3.4748969057424848,-2.3783140083009267,-4.562000361902013,-2.567031750018058
-4.327428646970738,2.7254067225065675,-2.0543909497293646,-4.631224877167544,-2.268650362919539
-4.063049202697008,1.9487953495716825,-1.6573088741568287,-4.660750554751157,-1.9969135688545767
-3.75147778713565,1.175456678590976,-1.2351935818023168,-4.714738635841416,-1.8180814736869215
-3.4582262743453325,0.43009080957875734,-0.7936515121954252,-4.705554543698001,-1.8108020703440493
-3.2577357774956885,-0.3203499801189319,-0.3527501861899626,-4.639031436860369,-1.9911725312056907
-3.0646655245118826,-1.031056828604454,0.0713916050205042,-4.346505972519892,-2.3140771573828154
-2.7912524927876725,-1.7091968943489642,0.4115035239436091,-3.740157573668205,-2.6558393847860353
-2.4136168282658916,-2.26410118228463,0.6811010809364253,-2.8663191235452983,-2.90026933730524
-1.9261049500201473,-2.6783768711357383,0.8784100831782915,-1.7214485320619057,-2.9683966302831206
-1.3778013200458745,-2.9293544956636532,0.9580583593688236,-0.49820206405784306,-2.94267675866086
-0.816145804785993,-3.1180815043522796,0.9900893433840349,0.6282751701905207,-2.893011739862046
-0.29723637320113927,-3.2413692041160562,1.0111097777330142,1.5602262231064454,-2.8848563919826504
0.21865684990798184,-3.3695911571535033,1.073611661547936,2.275378203091918,-2.89962927078713
0.7134820677434576,-3.496641952241764,1.167712597445445,2.7842211166487933,-2.8777621674599883
1.1836670662254374,-3.6377111430178655,1.307949448959933,3.11461795728287,-2.810249135496995
1.6385367449081563,-3.7890694908015234,1.4498752916930226,3.3257669751039365,-2.7191086842174887
2.068691091846941,-3.9495531408751705,1.60494134355746,3.4114254704740046,-2.584278548354371
2.4526986153028068,-4.089525277241741,1.7543230156459964,3.4428723735571234,-2.4323865767629975
2.823043435103472,-4.255229454563601,1.8810366960091376,3.439895443135739,-2.2400684897252994
3.1482656664804574,-4.373128341223767,1.9949754100442854,3.4172736239049475,-2.0555608596206207
3.4225785068107477,-4.508237834565362,2.11516130191094,3.396524606144825,-1.861448874280671
3.6802097802817246,-4.64662169008326,2.2062707499040113,3.35029587016747,-1.6372327735648646
3.902593802446371,-4.770870521743753,2.2902576854862504,3.3086447791941684,-1.4344747528468753
4.105406938170309,-4.909340706543763,2.3518419473806556,3.2604982134600604,-1.2414883456557295
4.258305653361283,-5.01472209090702,2.4096412342211853,3.226131989863074,-1.0066268220614492
4.409602331936422,-5.109701385564791,2.463318100227552,3.187334505067544,-0.8115985842808972
4.518080596463449,-5.213407529549069,2.5014531817142798,3.147594419679511,-0.6077067983132143
4.633886236594724,-5.297708370096101,2.5392311577520554,3.115632630137049,-0.39993356085787135
4.71835476521514,-5.364174453896397,2.5730602377727405,3.095355905829753,-0.20355622475061144
4.79102059577708,-5.409689874894543,2.575903609750952,3.0705639256970048,-0.007882757852734072
4.858374762472692,-5.451711810118427,2.5863395203390622,3.0630554219765065,0.2006224317975428
4.902045362192797,-5.48787390586046,2.588795596243614,3.049102866414234,0.3833312610828867
4.9472704860659755,-5.520970868085023,2.5994272638306826,3.0304922386913513,0.5864952432835393
4.974982077006422,-5.535660062839038,2.615629139504455,3.010630349339941,0.7715489389989316
4.995713794056181,-5.536535444202139,2.5982411318859846,3.0074243293985763,0.9508139254519088
5.016352833637629,-5.536238053056716,2.5928471449765267,2.9963866652423,1.1235869930151923
4.99474391158344,-5.5202358040394115,2.5795909726569466,3.010830420117517,1.306200501681801
5.00062982696797,-5.51178118884862,2.5668417426857695,3.0185628546371017,1.4713638325653104
4.967001871132303,-5.509113937239012,2.5501968785720757,3.0224144483880755,1.61022407239851
4.945163197810243,-5.498570443484735,2.5340343164961947,3.033015691412764,1.756902811870103
4.9379035300105665,-5.48554713152307,2.5201221147242685,3.054879942481588,1.8943231809775072
4.904680956273359,-5.482717965797385,2.50823942590715,3.071645048828642,2.000420425500262
4.881050019332725,-5.470645461858889,2.489014136955856,3.0871672521276547,2.1166422196563612
4.863295430020148,-5.4669310979277865,2.472697017105517,3.119822200526222,2.2115019647015037
4.833487317152493,-5.466650066449762,2.4669090535922105,3.142957828072282,2.2981263188054224
4.821474599432085,-5.461447434599704,2.4482788689811965,3.171560704718047,2.372714816462876
4.806461441413616,-5.460748091364513,2.4447115750537374,3.1813896681847096,2.442196152654212
4.786921089888121,-5.458581564588563,2.443228837973435,3.214097715605885,2.501682506147165
4.772255962710418,-5.453348290685328,2.4289179472928155,3.2216426587152167,2.5685521713994546
4.76054752175028,-5.452173480739213,2.435998155663745,3.2487754430333835,2.5949088150837922
4.755272895070152,-5.462199090289199,2.4291925935972034,3.2646779157479906,2.6340677032262376
4.738503769051219,-5.448219918320976,2.4304519829276603,3.279343449461122,2.6449582762839126
4.735355692224005,-5.461467926923481,2.421226420060034,3.28746674328446,2.65985868311447
4.743906672806665,-5.4501112126499525,2.425877081486946,3.281566514652264,2.668816092611159
4.734913911552818,-5.440482875931806,2.42123523953269,3.2682802648415317,2.672495610182506
4.747505384610553,-5.4398406190284,2.4207722787140824,3.269975927831546,2.660889816029962
4.752134451343313,-5.447465214522489,2.418375265514919,3.2574526140683093,2.638797055201228
4.766732168987715,-5.453491053298138,2.4191779005780605,3.237403026783501,2.6174486811248987
4.777343708373497,-5.444387419929774,2.4243823741529433,3.200402309536112,2.574449493363295
4.79792156450522,-5.438108308184996,2.4075363385262665,3.17574697232306,2.516018914751024
4.821829096653773,-5.4219862455857,2.4172950079447495,3.148770815765807,2.4395714040957084
4.858350511978011,-5.399682593420699,2.418309086115259,3.1069992719482546,2.3469006086809276
4.908314662552329,-5.390686054423716,2.421698274523866,3.0676992849317237,2.2363436590904966
4.952185403615165,-5.361442415082191,2.4147082447035393,3.0302198652204475,2.100281165205234
4.995240450262181,-5.325873159364862,2.3984021850318173,2.996254659535807,1.9252033155774742
5.026287786704743,-5.271640011102334,2.3785199612474326,2.9757497343951393,1.7171816193409248
5.056305623196955,-5.225186528677751,2.3590379743785066,2.9578259735775023,1.4516694693430119
5.041289936570767,-5.142640783462893,2.310725751971027,2.9693028429418766,1.147786328256058
4.9962997366591795,-5.021081316709858,2.2645883227233203,3.0143088737537242,0.7651940127749264
4.895204880888439,-4.866075965711636,2.1901387765955422,3.09024935184452,0.34478610822318223
4.769640429875005,-4.639208076767238,2.104622821558256,3.1536241953044577,-0.0987909208622467
4.594400331564873,-4.352277458771586,1.9611274028413173,3.265331547336328,-0.5428646243634055
4.394109026718498,-4.025598703686983,1.788902469382132,3.369442136651157,-0.904975687826654
4.161420866535008,-3.623788050916794,1.566323289991315,3.5007383779064623,-1.223783118635759
3.9344388336976115,-3.241235248392762,1.3017709152959869,3.631555278499883,-1.434626235282204
3.6793510616318366,-2.878824740064644,1.0240910907644332,3.7486742394654757,-1.5470827505343172
3.4164467422516545,-2.5617410402094687,0.7647792020807569,3.850531188838983,-1.587012691332474
3.1524402266970912,-2.299731402029363,0.503161044814152,3.906371284830668,-1.5708911234823757
2.85816176746597,-2.0651818431301145,0.2661037792307234,3.9277403097746206,-1.5042883471991901
2.569988699254156,-1.872846470568252,0.05792002622502882,3.91806641660894,-1.4000931303265298
2.2450686061058107,-1.7221995247400228,-0.12133095585282082,3.8914597170150036,-1.2984493797368732
1.9157140683948586,-1.6071892487419752,-0.2694618219923055,3.8337400790940666,-1.1540735518514627
1.560568318164087,-1.493914384975,-0.41453057903010704,3.7503819069889714,-1.025546516403919
1.1891777320379482,-1.3995303310339295,-0.5038846776671598,3.6650695386398295,-0.9002647507092192
0.8088921179907498,-1.3365838475463374,-0.5401786075823776,3.551536894853267,-0.7811950493787816
0.46125481945896035,-1.3042518006792907,-0.5365189103246619,3.4550827575573946,-0.6672886104356318
0.13465553315613044,-1.3208400017349193,-0.49794326389021387,3.3421960145318805,-0.6045167110175321
-0.17317476197949214,-1.3491286809901453,-0.4348850414784071,3.1902262317573555,-0.5941117411862357
-0.4364751207457,-1.4472698170412108,-0.2961708415284366,3.0401257386632605,-0.5709465507022745
-0.6802707906134542,-1.5474393210960398,-0.14979834919014764,2.8797024930319526,-0.6053871637539046
-0.8959599097912342,-1.6776521625079368,0.010919952991899868,2.708773381106022,-0.6593617008896276
-1.0872297710163148,-1.767883348253757,0.1892729314512328,2.5338180492394677,-0.7258188347689908
-1.2299390495725029,-1.8640924273680286,0.36793719197706526,2.3606818418654596,-0.8303123827653438
-1.377633361285847,-1.9856253969725637,0.5338804645078394,2.1659418137201167,-0.944127024884939
-1.4683385657275188,-2.08551181228365,0.6822090250868472,2.0050527501575606,-1.0668316305549363
-1.5450697030199763,-2.167342630244387,0.8068518100982718,1.887396030714364,-1.1796616881219586
-1.589982059228482,-2.2501198454134967,0.9014180577820126,1.7540598042315327,-1.2796396892171211
-1.652000555213824,-2.3076724485402065,1.017714007168597,1.6801807490902936,-1.3724753411878323
-1.6804728566029035,-2.354702778140654,1.1088910647164758,1.6076106063772675,-1.4511372220072605
-1.7044427454034217,-2.4350776589849503,1.1528775381330458,1.5511622290477993,-1.5227538913757166
-1.7167480031773876,-2.4711769351474007,1.2265209782673936,1.5311663848745007,-1.5888373867241599
-1.7170979568220572,-2.5116691007023664,1.2586967138015868,1.5372518910418491,-1.6638776409756648
-1.721152223132719,-2.532524836593432,1.3184953253966072,1.550382364453444,-1.7059650215984778
-1.702064358651758,-2.5867140134100692,1.3548982977118753,1.600276764863625,-1.7151552065616806
-1.6735032392740352,-2.628108547051363,1.3879244831886897,1.6585525917369572,-1.7439391456920699
-1.6361431024877382,-2.6793300113530516,1.4193865836517285,1.739021455785328,-1.7744370239679332
-1.5961066806481492,-2.7507377036777045,1.4520231177205287,1.8459637025233657,-1.7676918460228863
-1.5331912474413354,-2.7818057048440563,1.4704418006292863,1.9613028708034281,-1.7686513913409565
-1.4742086898761255,-2.838210745169559,1.5171994767202794,2.085519108262898,-1.7802037034140463
-1.374621003144272,-2.8943001671188044,1.5393241389242809,2.2129746674584725,-1.7892536035595081
-1.2789349811995752,-2.979299961206456,1.5881880775986539,2.3663160057112793,-1.7905582277149779
-1.1851511717580585,-3.064605979487427,1.6335772381019613,2.528269798737939,-1.8152626578612334
-1.0572647650402127,-3.154033235221206,1.6865090570186176,2.675778847031539,-1.8455919539990402
-0.9338996905605311,-3.2654753055000065,1.7487661497060722,2.866846171596478,-1.8831990526905213
-0.7911023084906869,-3.3439884263922046,1.8120743291796713,3.0396464015074534,-1.9104199797707404
-0.6342878804811575,-3.4578371659035256,1.875592624136344,3.2303924325450906,-1.9865830990595945
-0.4371044727564065,-3.562495096809114,1.9140840150852836,3.3877774312442073,-2.0559221687783764
-0.2339345487115485,-3.6574158770023466,1.9490398033092082,3.5581745622104566,-2.1544752179521707
-0.04025459996190669,-3.7741765577585245,1.9790386291159268,3.733005299063261,-2.253700395420194
0.20755807917984886,-3.880814240413089,2.00211493477743,3.869512134214604,-2.37800385066455
0.4743952395306246,-3.9629756045633617,2.0219353717734587,3.986731455663215,-2.4924239171729696
0.7551621330934358,-4.080418636441847,2.0217761043066576,4.07405468952266,-2.5731899656962125
1.092283392265678,-4.201671986917752,2.0328133119869487,4.11776049821214,-2.6243008832895214
1.4471169589230772,-4.33311569376382,2.0657987431652054,4.130482478740497,-2.6245206384380357
1.8306948400143335,-4.461838403333309,2.0845896731265854,4.083130158022658,-2.5668818863871445
2.2224876943774903,-4.602114476133459,2.144784966737235,3.99040916997836,-2.420642788000227
2.618956117126202,-4.74678438338358,2.227721223651789,3.873552160620875,-2.230394817950534
3.013756537018954,-4.87376994220714,2.3098073934483128,3.7388665900308657,-1.9767647784634872
3.3881158961310835,-5.037487119770833,2.417804945467713,3.616097862782232,-1.7004071181397464
3.72332995415644,-5.1612847232746075,2.5035252261501597,3.483737859885169,-1.3943708490435984
4.004956535335379,-5.301485712696798,2.57986050284321,3.363027323307321,-1.0627731637999827
4.255569819289823,-5.421220626252753,2.6433805941357864,3.2792542005715024,-0.7358020500570508
4.457277538861004,-5.498514815779517,2.6830103720040133,3.206777376217066,-0.38342311695810705
4.62349327055552,-5.561433509542984,2.7169938271709766,3.1529869931363934,-0.06055719987739255
4.738244597878583,-5.608741542559205,2.709644813459291,3.106831530508877,0.25965395993038803
4.814058214461604,-5.624263497804593,2.7043656954799022,3.076753035339149,0.578207981392343
4.869841509947225,-5.627940663222024,2.6848200303681504,3.067222935247861,0.8786662013962646
4.894104751738086,-5.610459873070623,2.6648053009912864,3.0614022106830427,1.1609823441332106
4.889718537975317,-5.600393481671202,2.6541254871263646,3.0727996048809225,1.4201800377820757
4.882867891268066,-5.579750454789674,2.5975781237651625,3.0982981912420797,1.6692461178067615
4.857824553052341,-5.564414079168214,2.5747137088655054,3.142840566662022,1.8691902267713936
4.82176884610011,-5.5477569727554625,2.548529537395494,3.1648820089282896,2.0780712227451126
4.806683183975582,-5.52436686897866,2.5191192932850424,3.2007692524752684,2.2342498750870856
4.774150812920035,-5.514322109458469,2.5110403974671276,3.2525032557129534,2.3834432206919964
4.7475967956256016,-5.506282057527402,2.495029033235618,3.2947024515134395,2.4996337440352656
4.728676588784252,-5.512829732603115,2.5015703623250674,3.3535249437481105,2.590903006888073
4.699174872176146,-5.511816737408031,2.5134522983837733,3.40386157263837,2.671879452023983
4.683942295623081,-5.516577276745139,2.529826922683168,3.45519446367655,2.7345177210142513
4.657137699665748,-5.52406011245873,2.545720064695688,3.516866556790801,2.795550861992169
4.6400321176138535,-5.542997677459086,2.5633971708025687,3.562235946019123,2.816762951581364
4.631553790768058,-5.559467128941414,2.587856054822262,3.596354091133385,2.836253940699982
4.627672589676203,-5.564995396618476,2.5931007647774074,3.6195879971812213,2.8411428572902504
4.631663434745799,-5.5612537357658445,2.5921214401484427,3.6201584691056454,2.85205924669835
4.619500142919901,-5.563298144532782,2.581055151391281,3.619106572008436,2.8521512783141234
4.641816943743577,-5.558587459500489,2.5587803732874406,3.5873801327243555,2.8449399238087905
4.649030051930356,-5.54345127439999,2.529856389687885,3.5185804235955658,2.813297428758333
4.679929639999089,-5.527740491938096,2.5106578217059825,3.4663807562595137,2.7732625910722963
4.714183817946901,-5.5013048032649685,2.4878579892953243,3.3813422749868467,2.6945622247817083
4.757912190622558,-5.477022371027578,2.4692914365174117,3.296591868348085,2.5812822402023268
4.833109260053451,-5.449243282324206,2.4647466403957194,3.2050641548058247,2.408045346831348
4.9355971149951525,-5.383879018849515,2.4321414237520758,3.113339082046837,2.1379789597901673
4.990249917700988,-5.205995580263595,2.3558599770957254,3.0925860741602644,1.6957099584879238
4.904879833009827,-4.788578454318357,2.158385899567564,3.1597026450663193,0.9576819408566715
4.633779733371735,-3.872706591072372,1.693678986962873,3.3318328731131683,0.07097011821845499
4.086855398588382,-2.629869013747625,0.8412757861676152,3.40116916918055,-0.48095080718399624
3.1434660185699705,-1.4374689960796996,-0.017630798230764872,2.912353428448597,-0.4355957660558676
1.7793436142550048,-0.6599429484532305,-0.48865767016961226,1.6878318949112756,-0.23859130756786584
0.30478592429318574,-0.0003674219452873117,-0.5361561523928916,0.1079242939176612,-0.2915098608387378
-1.0108783321386596,0.5476151549711283,-0.6180331021734818,-1.3324237415464226,-0.5021985815332836
-2.045677196623115,1.0455834221870177,-0.8313238716401813,-2.4543516629947586,-0.7479255602943949
-2.808298295042285,1.5285819149163737,-1.094698532470514,-3.2457801391617265,-0.9767597041371464
-3.3545244433926653,1.954806885581084,-1.3435986612671347,-3.754664124064812,-1.1945872836228608
-3.7422278926963903,2.35418418849546,-1.5843507789509828,-4.082228787250443,-1.4040623750334396
-3.9997876484622488,2.702362747527093,-1.7934578666966663,-4.269293638940695,-1.6089794277912388
-4.172361253071185,2.9881009315171516,-1.9593556919025372,-4.3626608300110306,-1.7914984576734156
-4.28294555659582,3.271717730233834,-2.105825552053951,-4.400773801004537,-1.9626958698979158
-4.3702067256504415,3.488283609162028,-2.2109425461117556,-4.4246713848228865,-2.1013755441889614
-4.427458203784192,3.6718775140687083,-2.3109968054336907,-4.415998962181382,-2.230308944368721
-4.4528895759427,3.815630688798737,-2.374762818056663,-4.410466164305913,-2.3375726638316072
-4.473178659563477,3.9494891653240147,-2.4513724578594873,-4.401440079461101,-2.437572977856748
-4.494212380492945,4.0531255768778625,-2.4953260990805477,-4.373488143250068,-2.51448521533028
-4.506860223006869,4.150761213789812,-2.5417700171439614,-4.365648179752914,-2.5771615807855754
-4.518650796484327,4.21957526371123,-2.5845689491072523,-4.3555152604227505,-2.6468592555520223
-4.529420528881901,4.290674482072129,-2.600716918405201,-4.352636030515907,-2.7033612592106824
-4.534649943787374,4.337581187017929,-2.621565300296527,-4.338677536839197,-2.7500872283075726
-4.53515283555399,4.371140857181525,-2.6347797132214206,-4.331065907845172,-2.783832728821663
-4.536103412017086,4.418741392774605,-2.642559628939143,-4.315189045978299,-2.814144063741129
-4.555938675139068,4.447226650407296,-2.6519451607192193,-4.303269078533604,-2.843608387184046
-4.550193640414823,4.463983530895553,-2.6717366750114175,-4.30520743689938,-2.855071727239728
-4.554516023688762,4.485814666864772,-2.6810073403327492,-4.304740262897666,-2.881893350893204
-4.564790056665225,4.51132758154198,-2.689634191436793,-4.298535647977687,-2.8997631323031716
-4.576650262362205,4.522149267996155,-2.688015119525509,-4.300517822842399,-2.9075664288555045
-4.571565734779672,4.5447442532588225,-2.6938305178248814,-4.2959079431359495,-2.9173850121863865
-4.55572012596343,4.5570979655301995,-2.706513897970435,-4.295011948898192,-2.928509836603142
-4.555778982993933,4.555730072888181,-2.7057407745841524,-4.292458948677959,-2.9418618619324435
-4.572418782871651,4.564810649132947,-2.715207623899818,-4.300649351983054,-2.929625751634921
-4.566826926267583,4.575706259071076,-2.7159780522697687,-4.295305232219038,-2.9444121176164444
-4.559473573567365,4.579299200242102,-2.718743764837944,-4.291341941331847,-2.946708894457062
-4.561349555655205,4.577348414393486,-2.721334504041355,-4.297158597230411,-2.953874823120272
-4.566105993261444,4.57607579155699,-2.712841080329167,-4.295574122874719,-2.9555498649391576
-4.560785125042583,4.588398983436128,-2.7178066709934687,-4.278797124633907,-2.947536386263487
-4.562869264139442,4.596075402609005,-2.717921966195981,-4.280230725640957,-2.963541320180665
-4.565336760714138,4.5894194173639145,-2.7071289695453578,-4.288151784583387,-2.9595265868633223
-4.555222951909064,4.588828511191031,-2.705511100440567,-4.277558668843704,-2.9507687335503374
-4.564171173893791,4.5935246031486985,-2.732700980721501,-4.293593088193819,-2.962888237295871
-4.565776348400673,4.600147729527928,-2.7219252691876674,-4.288988452670404,-2.9639083091670297
-4.56802372937519,4.595621117645536,-2.7216437150651727,-4.286164662157821,-2.9637746601097628
-4.561743206697226,4.5917499525356815,-2.705534990569319,-4.2875552570779965,-2.961842993264087
-4.558706284901182,4.595538608638092,-2.713284548234091,-4.29591290939676,-2.954646368809555
-4.558329748275121,4.5860436586416276,-2.722036499331012,-4.281310626435238,-2.9533242299073903
-4.558057297583368,4.577446223186416,-2.7150447478278705,-4.295556128719533,-2.9647528644641827
-4.567491647127059,4.584360429593376,-2.716824888905146,-4.291756336903731,-2.9496688533892894
-4.570372986456991,4.579069617239239,-2.71650489574471,-4.286704964665107,-2.9502928668989292
-4.555307383651585,4.5717510543246345,-2.7235829922270307,-4.295114713348209,-2.953026545376944
-4.561427895774048,4.567083540777801,-2.719267543281379,-4.293940744403647,-2.9523326511350723
-4.5650031078860565,4.560090843188471,-2.7044715695875405,-4.287380435899303,-2.9576079184665622
-4.569554710550117,4.572341435932713,-2.7090931855784484,-4.298302243255429,-2.9597892540366284
-4.551679692746022,4.570304499200404,-2.716038903181872,-4.290272385094171,-2.9436202545804795
-4.575139834302141,4.560640357617051,-2.704434343921502,-4.3044503657797515,-2.947376219064278
-4.561060670029867,4.561771091849696,-2.7037849993410497,-4.298570505994918,-2.9397854774612155
-4.56482457725008,4.565117632935661,-2.70396887880248,-4.282559431782393,-2.950465134769078
-4.567643111724785,4.570094444619328,-2.7129748561574187,-4.303836147966209,-2.944605016090658
-4.569827897082215,4.557142645572634,-2.7060687134026957,-4.289958365674629,-2.947327719469953
-4.57093512563735,4.563885987423737,-2.7172526491643567,-4.301321359571496,-2.933225123987333
-4.565474286153338,4.559957762027038,-2.710498165888912,-4.301321539620758,-2.9476528587891826
-4.56746341393275,4.554595725687578,-2.7142771495283937,-4.288058184106646,-2.951140833443633
-4.56011547955113,4.573782384177136,-2.7102513269829682,-4.28694800595264,-2.9549912790110744
-4.566816937491924,4.576692265621648,-2.7184740854909304,-4.291585167899925,-2.9580081809673175
-4.562777943602426,4.577492301412257,-2.706347683885609,-4.29570391526602,-2.9524412789475365
-4.56560337602093,4.578931577407938,-2.721987266820789,-4.300027915477755,-2.947037158024234
-4.563930726014808,4.585668835233466,-2.7168277797370104,-4.295335675888821,-2.9619065085224467
-4.576449677824925,4.577761500564461,-2.71253741871971,-4.295817202391067,-2.9502667311496458
-4.561946525635093,4.57082701280092,-2.7080973871966822,-4.295355285139208,-2.960090124668705
-4.57536377956952,4.587416132300294,-2.71523233897607,-4.289457409988164,-2.960603201551055
-4.570569157101363,4.573807741162266,-2.7022926114014685,-4.28114381527024,-2.952797513207692
-4.560842487558283,4.579828167353201,-2.709823715615879,-4.284835392235825,-2.9547110130691205
-4.56385454365551,4.578067483603327,-2.709463215763441,-4.280001915849223,-2.963100442203596
-4.564009413129744,4.60503521090902,-2.706619054757822,-4.283561693177084,-2.955068367088589
-4.56620632125069,4.599172008598325,-2.7157388621783647,-4.2964376104029,-2.9672198841018247
-4.565281435455286,4.604542691081984,-2.7137339520437433,-4.27121788315178,-2.9639635436787883
-4.559130179189966,4.608393922801963,-2.7142946944074406,-4.278368700251179,-2.957848444539437
-4.559609253776503,4.600370315287441,-2.7130694681046497,-4.281555166513061,-2.9582942660156992
-4.555784659306658,4.61027272085219,-2.7230700917771076,-4.279079925783108,-2.9621909792576853
-4.564249689846391,4.614573753275148,-2.718868775049985,-4.276360734078542,-2.9724839489059502
-4.5633465699956615,4.61593559525892,-2.7262075553960656,-4.278206467339641,-2.9796417213844273
-4.5540654781351595,4.620071162197863,-2.721824541645902,-4.274047941983506,-2.971953914403911
-4.558952112964786,4.620358345585129,-2.733763307955338,-4.281974770687687,-2.9717542412977838
-4.561595107315801,4.632092825112678,-2.7347382744887216,-4.2817151556579764,-2.9840349120212895
-4.575909191271456,4.634729592557741,-2.731031401373551,-4.289311177212575,-2.987193147982111
-4.569094085510291,4.6342225483119615,-2.7372582283641753,-4.297522870821639,-2.9832597927178055
-4.561100368254137,4.636324204308907,-2.7341996595813547,-4.297688356447349,-2.978066660969499
-4.566660970492487,4.636200971770161,-2.7424871300470137,-4.29573627479998,-2.9802668478623446
-4.567483985869361,4.645203630929384,-2.7433437799781477,-4.298496513534727,-2.9848114692278185
-4.570816568699137,4.634506697855527,-2.744922467171819,-4.28709278751276,-2.9853857251131073
-4.57635528776789,4.636165569240275,-2.7394679412367013,-4.294947834865739,-2.9786664819502704
-4.563116525064797,4.63614856198919,-2.7431310302804697,-4.292895481136408,-2.9860866682266796
-4.563970918125927,4.637477801093614,-2.7303580595769956,-4.282656079900473,-2.978791609723946
-4.561934919934562,4.634666559904172,-2.7383939675387032,-4.293701603889536,-2.983537880107314
-4.568527797119914,4.629735253399143,-2.7358104215938814,-4.284077507252339,-2.9774786983106303
-4.57424079224942,4.632786394215603,-2.7304681359401695,-4.290448556537042,-2.9839957279260543
-4.572362527842902,4.625562376635299,-2.7339521591308418,-4.291275567324937,-2.9765635181449017
-4.568090120249354,4.611423010784944,-2.7246592027461767,-4.287174687961012,-2.9903378913473433
-4.579036610946178,4.6200108167571265,-2.7340523818910105,-4.296570758122261,-2.9757363705095203
-4.570037231775333,4.624591750626473,-2.729576978857122,-4.285361887504109,-2.96787810313722
-4.5677939150193545,4.615073470154487,-2.7224439159137,-4.29133527085245,-2.975865360094813
-4.573948145739558,4.611581461539076,-2.72202191408626,-4.287735636767744,-2.9652195795900163
-4.569092018395836,4.60107721854273,-2.7186174643634966,-4.291562403713902,-2.9696369207371123
-4.581411007586763,4.60598628178682,-2.7290512469246315,-4.294752231873359,-2.9736572304554585
-4.5750414095778025,4.600340905862333,-2.7185015520925657,-4.281659950212002,-2.9681315816444576
-4.580101712805156,4.593252725135603,-2.725578370438848,-4.294221591415593,-2.9652983961441817
-4.569125747594494,4.5973348098538995,-2.725985418047879,-4.291379508469004,-2.9619152120460113
-4.571850028721512,4.5900086293284055,-2.728208057237329,-4.296612232374169,-2.952313248486259
-4.572471965937284,4.5884641954610235,-2.723269644485344,-4.299228342110719,-2.967540803990797
-4.570338842839954,4.5826236718820414,-2.7139344719901066,-4.302955222469065,-2.9604978981305936
-4.568899879366263,4.572513650546901,-2.730351409052082,-4.294764582732843,-2.9659312471008694
-4.57577918131686,4.575682466572655,-2.7202151336359037,-4.30666143623295,-2.955242963342848
-4.574424285845896,4.565659478101701,-2.7146322617936294,-4.3014163565648325,-2.952018354298053
-4.567472577170861,4.553547260821911,-2.7091615671375022,-4.29267019367544,-2.952096733594185
-4.570038053733785,4.555189657925606,-2.7061667366028184,-4.300045232657878,-2.952573906249276
-4.572709824968111,4.547547367005306,-2.7038999485475865,-4.300420165207855,-2.940299587505388
-4.570372025631995,4.543946259917157,-2.7012287000599713,-4.292493700335302,-2.9420199095355057
-4.566524481668595,4.546030947325534,-2.7007672402604417,-4.2842866566525375,-2.949251611770422
-4.567916886058782,4.548007008134037,-2.7017027322767473,-4.295405320231347,-2.9455822553335174
-4.564748009064026,4.549057131217515,-2.69975720087305,-4.293477951615703,-2.9449540661571416
-4.567800622405792,4.551950432872785,-2.699564599130273,-4.28605568796122,-2.9351623824539685
-4.559299455792084,4.549672549464113,-2.7073247812065393,-4.279301847996483,-2.932504608361194
-4.555852260479154,4.546472800204147,-2.6952351402693617,-4.289129344738012,-2.9377407778963454
-4.568275405044366,4.557030727757762,-2.7034918844347917,-4.289866364899785,-2.9322124505208853
-4.56472554470832,4.546097937371963,-2.699346673991721,-4.2916242923948085,-2.9400314415426743
-4.567213851586469,4.544556929312931,-2.6939471444824603,-4.2916752292529505,-2.941957209977473
-4.573160399403161,4.557458427940341,-2.694934499702829,-4.2870696448409635,-2.943734971257122
-4.566338018750277,4.547116832354158,-2.70315740417896,-4.290214642735604,-2.9372560717612743
-4.567914777726367,4.558324000057368,-2.7180664386948945,-4.291565119222907,-2.950994954014207
-4.569849368271922,4.569890922953725,-2.7115203368698926,-4.289156304243684,-2.9522780963488287
-4.568145214403839,4.582617889474765,-2.703482019576208,-4.289491872449559,-2.951329748909702
-4.566774177197487,4.580493338580348,-2.7097164519495682,-4.289053943023156,-2.9509535278895065
-4.571016379033487,4.565850121365936,-2.7031562480441567,-4.281020588134348,-2.9520582581641936
-4.5681778327160725,4.57626659796415,-2.7200140721790187,-4.292315331389335,-2.9507065437025988
-4.565916661734113,4.577830896746174,-2.714226102612184,-4.282724972089067,-2.966381046199708
-4.569185090553315,4.599297158936749,-2.719709026413218,-4.2890797709873,-2.958607256454212
-4.559541543284835,4.603211086634334,-2.721780590439258,-4.2792376098737845,-2.9626774070588935
-4.568717272871941,4.605409284456776,-2.7181260184197122,-4.284947263258571,-2.9726072659558898
-4.561708610780881,4.604813764457786,-2.7265742368682813,-4.2843505651531855,-2.963131116015901
-4.561843444802533,4.610964936811558,-2.7124227250337647,-4.2702703744803,-2.9675064448607147
-4.5669914816028125,4.6167275940380605,-2.7190315423442875,-4.277707602230542,-2.978002496835771
-4.5609564224299275,4.622057744233502,-2.7285779199608826,-4.293060442777127,-2.978334214235464
-4.553602492114531,4.633144212842292,-2.7298436940949595,-4.280224044587345,-2.9807216817629643
-4.555048734911677,4.631074172342317,-2.7281172392103725,-4.285985556750406,-2.9677508369410557
-4.561761972386565,4.642329045479403,-2.728879936506374,-4.279856386578143,-2.977214643898087
-4.561207954431313,4.643487752115125,-2.732564815169972,-4.280006877621473,-2.977906837908739
-4.560760150885393,4.644721263111114,-2.733417727954452,-4.284359139963474,-2.9803140747497965
-4.570008998464537,4.645781980292374,-2.7455313516617723,-4.279248304981497,-2.979058110274054
-4.5729761461903555,4.645311803070369,-2.733670998116156,-4.2867512492048006,-2.986617586760848
-4.571216267346656,4.644427377314112,-2.7498944298043404,-4.285352321920306,-2.986183971375209
-4.574794819384177,4.650582270902612,-2.7418891855954364,-4.292639816512937,-2.9883903595139056
-4.572349107700338,4.645089902354336,-2.7350492930734247,-4.286963354391122,-2.9894636824431977
-4.573666576667373,4.650863821968614,-2.739802931027426,-4.285062779049274,-2.9893721205466566
-4.571885357953531,4.644093956379664,-2.738897857434864,-4.287334120669094,-2.993049967708129
-4.571091631457065,4.651809308665636,-2.7379384698197575,-4.293596474548294,-2.9992411579716918
-4.570131508764483,4.644454548166005,-2.7385343398859026,-4.285084495510571,-3.001821614404584
-4.565604535474324,4.64471462307411,-2.730275490598991,-4.284251934498859,-2.9949736072167097
-4.56593467107118,4.651518556861444,-2.739903042713207,-4.292128300342615,-2.9878205864154728
-4.568272512606617,4.642098665627251,-2.736020253686335,-4.2827914680885115,-2.985332639253238
-4.576272654819525,4.639841381697777,-2.7330895121430756,-4.277982403233248,-2.9896772651591963
-4.55536680611509,4.628645055007981,-2.7342829370500836,-4.284455651864967,-2.980825954543249
-4.5722251629525426,4.618464424732714,-2.7217955312356885,-4.2812099362698675,-2.9868643589335333
-4.571596682778289,4.616329926020504,-2.71577295000349,-4.277365168093428,-2.9765070160674667
-4.565204127692227,4.620352004522499,-2.710938327930218,-4.279088768176793,-2.9814538075421972
-4.565465645031642,4.613832952938197,-2.7069426738404245,-4.2739205262092845,-2.9768821493011646
-4.569295001160316,4.60362087463843,-2.698928067263611,-4.279970714294847,-2.9619208890963167
-4.572145018711391,4.596673359059248,-2.710250066193087,-4.269758882289697,-2.9572535019228265
-4.558985622058059,4.591344671409448,-2.710875228339284,-4.289608312750495,-2.966557056749139
-4.570702664662956,4.586776552706081,-2.709226786844576,-4.283820647949454,-2.9572237892038364
-4.570895241470585,4.576201865328392,-2.710415931054547,-4.290250437281165,-2.9576032130924848
-4.558613819403026,4.578487074680722,-2.7057986910540266,-4.291871913932576,-2.9553235276427743
-4.55992958469514,4.5649405921406805,-2.704145701852806,-4.282364770177921,-2.954629389092633
-4.572034810198852,4.551347312799528,-2.7069226316537245,-4.293456538462382,-2.934618946157875
-4.571259238038665,4.552621579405714,-2.7037099054932274,-4.285686197249137,-2.9403566815118833
-4.571218979809519,4.548435330441751,-2.6994174798512485,-4.296544155505918,-2.9392743751584467
-4.56452685633139,4.539998711149218,-2.7058540852634922,-4.2890305532430215,-2.938491376240337
-4.572047328590154,4.5287483350669735,-2.691300760189904,-4.293893945180732,-2.94226352670761
-4.561739174607289,4.52219924904287,-2.702228327199352,-4.304711266936596,-2.938046874294399
-4.568986432525934,4.521267212777185,-2.6966519757983716,-4.308925950538762,-2.940711886147927
-4.564295874252538,4.534246827604999,-2.6952825869466355,-4.291996368133381,-2.938190277681716
-4.555409355112231,4.522903494314991,-2.683958998298709,-4.278597111654133,-2.934255229758585
-4.5702182277732515,4.5252292907274,-2.687881614268794,-4.278248316560892,-2.9330786973949365
-4.56222337322368,4.527098531209303,-2.69572848258072,-4.298690477089616,-2.9234077854869627
-4.556885703558088,4.524256356901453,-2.696384570000364,-4.288884825789609,-2.925550723260725
-4.56565760407123,4.52434650656801,-2.6894805207225034,-4.293058577304513,-2.9250284518176746
-4.565387612252372,4.528812616628633,-2.6963862441758093,-4.310126947845902,-2.929208014719603
-4.570160362460066,4.525858018790166,-2.69791941616648,-4.2930847974155135,-2.9262922006505767
-4.5614284498029685,4.531646166196648,-2.703456863758733,-4.286136837558519,-2.923025987196432
-4.560392317357764,4.538933393157795,-2.6925619828283724,-4.2885400162809635,-2.928209800392034
-4.557576317667134,4.531522378887407,-2.6969843591909375,-4.29470882829381,-2.9274505984503256
-4.557674534149728,4.543431731430818,-2.695889689160579,-4.29727961990583,-2.9341664765667135
-4.561485473569383,4.555497917664452,-2.697332917335073,-4.296500733461047,-2.9365930814782
-4.563543419120527,4.559916091397244,-2.7067889010616977,-4.305779597172981,-2.941409222185802
-4.565592352571218,4.560097001291624,-2.7088786061734353,-4.2904117653668585,-2.94540097879363
-4.561687562837909,4.5743145657746584,-2.7042362579663455,-4.2894822999070765,-2.947704239845736
-4.5682555152451245,4.575188457751929,-2.705532266188461,-4.286736426625619,-2.954663218197751
-4.563924614019326,4.5843728550675955,-2.7089970042243814,-4.279694795720896,-2.954353165764616
-4.561618160927337,4.586764308536468,-2.7132334160561764,-4.286688026899816,-2.957791185309256
-4.554001979395877,4.599071465481904,-2.7136977825717996,-4.287937246792,-2.9632548550712117
-4.559008949699703,4.610251293491052,-2.7251406465846966,-4.2847536486253155,-2.9751436673203546
-4.561209614918596,4.6168632250772355,-2.722686869005074,-4.288628667563482,-2.9653736423298818
-4.566569947588386,4.621446916746407,-2.728292331842647,-4.289084084374416,-2.976409900102809
-4.562224770076711,4.627314877644639,-2.7418290040923528,-4.292664180608987,-2.980812786016019
-4.571961482878932,4.643610092203029,-2.741499310356254,-4.2967405435330495,-2.97449836375999
-4.567110740075211,4.635329651994366,-2.742099322217475,-4.286014108631799,-2.9946668397592906
-4.563269825174268,4.661630768084964,-2.734838528866817,-4.2837149159513,-2.9760360387302893
-4.572935077324042,4.651648300989608,-2.7402088381627525,-4.284510239452893,-2.9889455028379914
-4.574157003123488,4.657878151811658,-2.746178637230139,-4.279294039696798,-2.9995528837434433
-4.565668853531568,4.670033759247709,-2.7386639398875987,-4.2785171409668905,-2.99902923200899
-4.5666086536253685,4.673514908950143,-2.750963559493364,-4.287255858358477,-2.9964963719261672
-4.566109902842642,4.6770432434209415,-2.7515945770082744,-4.288096143271587,-2.997314691428243
-4.562782737916679,4.674772642580995,-2.7555227251149583,-4.281361591610675,-2.9943090089758244
-4.56710926093148,4.672858724316456,-2.7535678825357435,-4.275839754848751,-2.997195403381146
-4.566015044377964,4.688105892013258,-2.754804537487672,-4.281290767509709,-3.0015094995035594
-4.566024903900528,4.687954940321112,-2.7524281972250013,-4.2832510107453095,-3.001213328029927
-4.570988206492672,4.672545533775818,-2.7461860767260897,-4.284152919848864,-3.0032350026667616
-4.573697028830515,4.667870931668051,-2.7384260847335637,-4.282169569935704,-3.002687388206501
-4.57541753012687,4.665683843087769,-2.7414264023018973,-4.2954090613576446,-3.0010871699481743
-4.570401535451948,4.670876365395973,-2.743734154591777,-4.27820139340151,-3.0020702176343614
-4.564240368680741,4.6720614188785765,-2.740683519812955,-4.285390985685495,-3.0032587608481416
-4.576230909262354,4.660188557794148,-2.7462833140613405,-4.285125833664978,-2.990794333709927
-4.572952235049144,4.647927394364858,-2.72654168693691,-4.279666459866432,-2.985220118486509
-4.565082573638288,4.645497489102823,-2.7331704443386284,-4.283818632536424,-2.985917461666062
-4.5665656437536954,4.635225329020656,-2.7304032832906078,-4.27132082049982,-2.9846693661415786
-4.575598059810245,4.626968603694747,-2.7264746320372097,-4.279356990787958,-2.9785963024269435
-4.572788032015307,4.6145258373284666,-2.733286802764022,-4.286927045559931,-2.982667324798035
-4.567856935855905,4.620862881576731,-2.7332345014642985,-4.289447541933446,-2.974561462803673
-4.574902007295567,4.606477449209946,-2.7254911355374927,-4.28272649980623,-2.9736570901134947
-4.56601904273861,4.58721933100048,-2.723439675328742,-4.289606436075321,-2.97106473734703
-4.574964390279218,4.579108868347055,-2.7023599990219775,-4.277090590161459,-2.9612546826071897
-4.570359814964541,4.573833827850011,-2.7007474462125063,-4.287116338234475,-2.9485545677882756
-4.567250723188065,4.559836448853167,-2.7063763542408754,-4.289648136310284,-2.9486353975655226
-4.568688183896238,4.55127694239967,-2.7037751344197716,-4.291713342586433,-2.952121799021515
-4.57468715178412,4.53833688719353,-2.7065445389510523,-4.292399676994514,-2.9517458868634194
-4.572156818350548,4.54418102986059,-2.7022451937214202,-4.28586982090764,-2.924933216142719
-4.563580822704246,4.536231541060063,-2.6930432256062384,-4.288296980039343,-2.9380686298785257
-4.571349550034498,4.523598315637702,-2.6918078982604845,-4.297430930411519,-2.9248811357331688
-4.575408439292504,4.510780173208507,-2.6763994124735393,-4.300776040972393,-2.9224371649888883
-4.577010365703777,4.507321663966892,-2.698067710264262,-4.298255380693053,-2.933417104104678
-4.580435070504412,4.510171471729679,-2.6921347604939143,-4.298876531314477,-2.9152276066242715
-4.562929139299858,4.502291030016376,-2.700676367994977,-4.30069942209231,-2.9172661615071793
-4.561610858323575,4.490176282162641,-2.693909398713533,-4.29755935553276,-2.9222880452153124
-4.556612756127477,4.485346234441858,-2.687932097820689,-4.291405371967699,-2.9124124750101874
-4.561047838388752,4.496265707544839,-2.6809384046289746,-4.299723388187223,-2.91917417306179
-4.5608738236359025,4.4954590997612955,-2.674213920292721,-4.297067124778554,-2.9201362364501016
-4.565843203774388,4.507839655606264,-2.6803885691621194,-4.285688372853478,-2.9136097289779936
-4.569806525193947,4.501174691087485,-2.6744582445786196,-4.299382634024739,-2.9101536463707793
-4.565508475995459,4.4957968380919,-2.670782665566875,-4.283938042859143,-2.9125205255981412
-4.560834330638817,4.504539608033045,-2.6824406558291645,-4.282354144822681,-2.918839754488587
-4.566919819133325,4.494460457095064,-2.676120085883179,-4.285868878079754,-2.9179077312326074
-4.564314405060452,4.507512822060398,-2.680882350158808,-4.2955907852949915,-2.913158421077255
-4.552175738912168,4.51544362469019,-2.672658469282314,-4.293928075723238,-2.917997992572159
-4.551487572823686,4.522851304525246,-2.6872512611088832,-4.2892798960960725,-2.9258213636066537
-4.554147770774851,4.548182033324685,-2.6924337966122556,-4.29021706361789,-2.934020162230922
-4.564586799001322,4.5486595122276015,-2.7151176805187025,-4.296702370216197,-2.9190516548381535
-4.5587589314170005,4.562528446874141,-2.7004594921288265,-4.303001566383252,-2.9302301546561305
-4.562076596836901,4.572716523147291,-2.7085880968413387,-4.299632534809257,-2.941744128314152
-4.5592892939756,4.575575859688851,-2.7182520844768634,-4.289016167637125,-2.942125385638269
-4.5576088091164575,4.597278850472476,-2.7093171448673266,-4.278887749108289,-2.9493567615226715
-4.565496656672274,4.599504231847949,-2.7114735265662686,-4.290595011331372,-2.9554510510080254
-4.565448264919159,4.610559146093846,-2.726278882125572,-4.295562080034679,-2.9599358359861876
-4.549021550101786,4.627467419229296,-2.724905920667102,-4.2793726092497275,-2.953383741750539
-4.565990058681779,4.625976740658784,-2.737715980541964,-4.288086060908947,-2.9740972829526826
-4.571270956693238,4.635585169109204,-2.739969373326675,-4.28472081634858,-2.978929445082229
-4.564452554766038,4.643941254647256,-2.738320926266444,-4.283704241717307,-2.992251969900888
-4.564997172383922,4.660013956145782,-2.7407073334828245,-4.290385752142876,-2.992635401047832
-4.563803267288915,4.671748377687859,-2.755221887147332,-4.288450621621843,-2.9986324306139553
-4.570532183400665,4.683910626158457,-2.7517855967467852,-4.287426461181577,-2.985485784808203
-4.561972337825802,4.668023899536125,-2.7510999722497185,-4.289759599401398,-2.996685301350319
-4.561923467945442,4.6918272850752665,-2.763826526862325,-4.263478540263569,-3.0065524071119345
-4.57884510786653,4.68609029167746,-2.753193458767692,-4.28115712307503,-3.009581427617852
-4.565596436282837,4.697771066166142,-2.747355481265137,-4.288923356878389,-3.0129449461763462
-4.558058817860899,4.6958720431956165,-2.7610962221218043,-4.270508251789798,-3.0002425710609315
-4.577229428386346,4.702649173987383,-2.7569073867522995,-4.275694800972652,-3.014829198192915
-4.574975823799273,4.70463249396007,-2.760214750920951,-4.27923371693322,-3.009933540329202
-4.572714901812792,4.699717027009808,-2.754725054198539,-4.289316872355515,-3.007645537222962
-4.569781935869423,4.717081220002855,-2.7656523883860866,-4.290476221350537,-3.0185003206371386
-4.581054990222067,4.707133636723674,-2.767914984045308,-4.296054368879525,-3.019970049724683
-4.563309522706766,4.694452594660886,-2.753966499031072,-4.292568296747192,-3.0137822381528183
-4.572474180543814,4.693112691770951,-2.7601935194109415,-4.2880229155323475,-3.0173090340695343
-4.572025684659104,4.701282763009618,-2.7572260988460986,-4.2860222441538145,-3.0069174457757732
-4.566391720696838,4.696742415922447,-2.7569285024609647,-4.280815648659862,-3.006385985784472
-4.570642025317551,4.684448110085246,-2.7500180202117663,-4.274208214217674,-3.012470136278297
-4.566086126387064,4.675164928589486,-2.7338939838197356,-4.2893603502710045,-3.003951204467342
-4.566774960835472,4.661553667968356,-2.74402174178682,-4.282402393913585,-3.0035172530307923
-4.570076323418203,4.661561113779171,-2.7466580128409515,-4.289583122266469,-2.9863811041348813
-4.568144533727894,4.649370407028795,-2.7426099612755155,-4.276639621755523,-2.9822898048262263
-4.557932707335179,4.636257580116961,-2.7561732868569715,-4.288956682777753,-2.9937956896279503
-4.576686374023491,4.620391380997999,-2.7225023872900835,-4.292927819938926,-2.980897414303652
-4.57495648735081,4.601099867854303,-2.7221530864245307,-4.289981727975278,-2.973552776930678
-4.574542801945201,4.586600711377262,-2.7176065218591936,-4.295712422481407,-2.9668160658332345
-4.569915130963156,4.5789148008506535,-2.712946466500446,-4.293269300114967,-2.96941423337377
-4.585081076532026,4.573695337834784,-2.7191454541787037,-4.291723621419104,-2.957002183289337
-4.5706813230573395,4.548969327497983,-2.703605394130766,-4.305660777192299,-2.9497268984460434
-4.579253089155281,4.527122241107007,-2.69577163671008,-4.294932114500633,-2.9377716676688728
-4.575327309463198,4.518331640119916,-2.6907014415851247,-4.302526739270057,-2.9342582567089153
-4.577015425893761,4.511247554958015,-2.682534046234822,-4.296730356467284,-2.923729310900869
-4.566406219048316,4.4917102441651995,-2.668217233615665,-4.298504908855196,-2.9108504794010055
-4.561649600680047,4.4843560647688285,-2.6880369386748284,-4.303431128419427,-2.9141848646326496
-4.560497167047784,4.473767973237414,-2.6747367786827474,-4.307450721038459,-2.9035167801783364
-4.5608949216214825,4.465907870650545,-2.6731280495696055,-4.304519191286405,-2.9049346538272585
-4.5611597443646685,4.453581524137791,-2.6707384535342182,-4.2980303241427364,-2.882537819325947
-4.558721113115613,4.446989328156906,-2.6646374064366687,-4.297036523717738,-2.8919386781051712
-4.558002675895909,4.437756912600269,-2.659893985315325,-4.30515225374359,-2.887947561718232
-4.560765601943834,4.438419994137748,-2.662939195480112,-4.298197678952813,-2.883891161944581
-4.561533526971988,4.432200857027199,-2.664540501995155,-4.300675182143144,-2.881211420213698
-4.559542726410508,4.439242906631678,-2.6655127859259977,-4.3116134434185955,-2.878540469055677
-4.56184087840429,4.437921724896807,-2.658289434377519,-4.3062074091408435,-2.885038025000033
-4.552795828088568,4.4359030964947115,-2.6713148564671747,-4.303501365294475,-2.87859612852904
-4.563689495071643,4.427651160610399,-2.6649511444713316,-4.29803831326834,-2.890167243973737
-4.561555696342703,4.451786688412703,-2.6697962705109433,-4.3081797633911,-2.8989630513589244
-4.570753120971903,4.459700216322094,-2.668580449135873,-4.29787948176271,-2.8925822064608875
-4.551041946125397,4.473912850757622,-2.675831347158155,-4.300037611499034,-2.895888301330855
-4.567255230281176,4.478466261252763,-2.68195765458879,-4.307200226040354,-2.8942464611036156
-4.548457724171018,4.4826568164873635,-2.6821274890753704,-4.30126506525248,-2.9041784090732867
-4.555751509256929,4.507853915560698,-2.6894469660537235,-4.290951941570578,-2.909551652507409
-4.564022058888948,4.517493214877531,-2.6977029931779133,-4.297361320986314,-2.9227792377005772
-4.557497944514278,4.5347789633323305,-2.6983089316557454,-4.309850857951075,-2.92835429947957
-4.5640289872587925,4.541944793661519,-2.6992833088485266,-4.2934427916942735,-2.9283360020704348
-4.555588510776451,4.55673487680916,-2.6888948307965,-4.2883382933719405,-2.9482463575681384
-4.563956720568693,4.574673632174535,-2.7112022882251656,-4.28586205643399,-2.9493715273423664
-4.561130517848609,4.583010670790583,-2.7171520647028364,-4.289925222527565,-2.9441394789074145
-4.554016342001458,4.604531815120694,-2.727081315026741,-4.2833575705092395,-2.965966382293468
-4.568976478020783,4.613401818514539,-2.7327468413811493,-4.286753892326341,-2.9684763941310726
-4.562633399713092,4.6359119105351665,-2.7273302783827296,-4.2762561871386096,-2.97773004453101
-4.5559999889352545,4.662092922825402,-2.7453901214590233,-4.295181870460006,-2.9743516776557506
-4.560215164035789,4.660331641254126,-2.746601074323796,-4.279499912720222,-2.991476055803524
-4.554834507395864,4.684508818204365,-2.755077799429146,-4.27609892032085,-2.993864754498224
-4.5548909721095825,4.69294754596971,-2.7488801431504157,-4.2583259661062955,-3.0032101999407836
-4.559101155170862,4.709401243520747,-2.7515358631227698,-4.271165563121774,-3.010475211990628
-4.56491188635126,4.720938994015279,-2.761407590234376,-4.273588685745614,-3.0142143143227753
-4.56073507590922,4.728829518546306,-2.7741897732247565,-4.2864106366496415,-3.028310990893395
-4.5679230182091075,4.74476666879938,-2.772870409469054,-4.283165157643086,-3.019441528744441
-4.568254848484412,4.746151579866954,-2.772538045814855,-4.2828557706626285,-3.021789601879711
-4.563006043475087,4.745971233928635,-2.77644892412941,-4.282006652582031,-3.0342836794157066
-4.560280176956007,4.751983706789126,-2.783709250810501,-4.273865589254791,-3.032670119485687
-4.564261091095121,4.7626190050654165,-2.776628404472203,-4.275827384843628,-3.0383264414279654
-4.562894984411795,4.765543593435724,-2.7885540213487556,-4.2790607357316945,-3.0451758270135962
-4.560164117676533,4.750018720169402,-2.7739566557287905,-4.280163921315805,-3.0339605976031785
-4.562373457755002,4.758849477989886,-2.779417760803051,-4.269719383741878,-3.0413175530767074
-4.566085814712429,4.757256082976765,-2.7863455228868865,-4.279455130877285,-3.0377754228122695
-4.57599666363614,4.750847225153735,-2.7865214524378756,-4.275838555506288,-3.0299149110977575
-4.578483707221347,4.749817375339312,-2.768569554393967,-4.277275005650424,-3.0363778570970927
-4.568075862651198,4.7319478264461745,-2.7722182027265245,-4.282096183091752,-3.0237984161390368
-4.577413795438094,4.728002565209887,-2.7700453027209866,-4.279227877769451,-3.0272055869446706
-4.570015579057453,4.710272357835154,-2.765747918381411,-4.283625712317273,-3.0261028250626403
-4.574403372076895,4.695497580376217,-2.752451787396944,-4.2732349657435735,-3.0080748822709755
-4.56372763879984,4.685710983519655,-2.757099301333255,-4.286961412900625,-3.0072183879146874
-4.585352744447546,4.67225466447806,-2.736478679227106,-4.271784516764282,-3.010045177939657
-4.576228145432268,4.643505770893362,-2.7439828752758424,-4.284800486123364,-2.995959043505669
-4.5722574894062875,4.627254819794169,-2.743080673851331,-4.286983794420218,-2.984100125947871
-4.572558151440515,4.615737901595218,-2.7176299952735268,-4.300363417301237,-2.980494182631432
-4.572505628268434,4.595137201557428,-2.721885613179186,-4.296664172099463,-2.969498713595063
-4.570681561421015,4.564124760987752,-2.7137437451449387,-4.303768926103983,-2.965576285730172
-4.575060360952506,4.539411016066604,-2.7035864221611616,-4.304129485858951,-2.945914751553421
-4.570459811821026,4.518034710339942,-2.6925088788989795,-4.299266037855896,-2.935051172311855
-4.570527141900192,4.509493016433197,-2.6944899938332236,-4.300971684538613,-2.9337540262654285
-4.575718265568251,4.483664469337568,-2.6773606679548574,-4.3103553013088804,-2.9217179560946596
-4.558636881778381,4.466473059573506,-2.672030153861229,-4.298505450829825,-2.9158772968127895
-4.582629815346998,4.449411688018143,-2.669069984014481,-4.306534591742898,-2.902671668838049
-4.5687223581213345,4.438509883596423,-2.6759109161018877,-4.302070580826915,-2.896566752192425
-4.569706878266143,4.425957863077336,-2.6579565587468656,-4.309329898374083,-2.887712009127214
-4.562755603591284,4.396356390553168,-2.6523817259949674,-4.310464540254408,-2.8761042721778702
-4.567359244518914,4.393733520516743,-2.6587447188105022,-4.32840251958698,-2.864445126855376
-4.55896079955072,4.376102839549608,-2.6508268741187795,-4.311707857186642,-2.859333273464179
-4.564502768847587,4.375040930169889,-2.6438266803498762,-4.320669205207257,-2.859809532432359
-4.55468578568569,4.376050034812129,-2.659903077811301,-4.3216340963617235,-2.8463786019864687
-4.558093810027614,4.358408927018626,-2.643973068066307,-4.327625045492664,-2.8412661286335976
-4.5561884844876515,4.360154917615553,-2.648418970827042,-4.324354811539107,-2.8363371848067414
-4.553966659756173,4.353886777686729,-2.6447103889359322,-4.311157110268013,-2.8439435589560738
-4.545262812657565,4.366858609846308,-2.6416144274185087,-4.316962139292995,-2.8433706893922266
-4.541603840544275,4.377547546271501,-2.6397099420534427,-4.312793432595876,-2.841700448267003
-4.564545548688367,4.386802181211857,-2.6531992142131786,-4.313887318174172,-2.85032956951602
-4.554706631938197,4.398225854329501,-2.6444087193301917,-4.307092806809847,-2.8505723626440287
-4.555179252779275,4.403054554224114,-2.6504721393428974,-4.306642673836959,-2.858851720317557
-4.5587691534803225,4.422043587697183,-2.656248578152097,-4.299556609010966,-2.86071457197487
-4.5541431875571,4.446745544303651,-2.6580711643878603,-4.31192386371591,-2.8771126175697366
-4.546693496894813,4.458786672009426,-2.670391349586701,-4.307807267504688,-2.87958819103063
-4.553999747764995,4.4919122727155285,-2.6776559638646975,-4.298538494870597,-2.8949757940577707
-4.560508027491199,4.508299907262885,-2.6840301740075483,-4.291474376071413,-2.8998260505897813
-4.5558185199248875,4.513048256976902,-2.6918377544931373,-4.299427121234139,-2.9188810038041133
-4.566654469751708,4.542500131800733,-2.69188251892016,-4.293985495977252,-2.925476800729092
-4.558027918899736,4.566999744854575,-2.702963095436262,-4.28528346085256,-2.937372179406792
-4.568878447895477,4.588016045918509,-2.7246326759167787,-4.282085455473748,-2.9511282864952997
-4.552819257759598,4.61632014261013,-2.7308254147132462,-4.290056022289316,-2.952833139222094
-4.564471422889782,4.627092344494558,-2.7256788487375334,-4.289950316272057,-2.97852309514195
-4.5604464273904695,4.661449430652869,-2.7461657520644174,-4.284879621353615,-2.9785522649225955
-4.551502368963921,4.684656227480497,-2.753021403971514,-4.283461236443012,-2.9851924608074567
-4.561489777920779,4.710200937913816,-2.7659574424805897,-4.288839430208787,-3.0050664637146474
-4.5609013493863415,4.7199392185810725,-2.7562626655778106,-4.273834289870972,-3.0143040143712816
-4.562381949254577,4.733790223784227,-2.76870504697665,-4.281784275314498,-3.0196876309554197
-4.557814578677912,4.743237646572236,-2.7738486778841245,-4.269564001282031,-3.0279032016845844
-4.557688855828729,4.7682826591119305,-2.7825792321398417,-4.273574532688148,-3.0391186962613372
-4.571832166281012,4.783882207235226,-2.781180545045113,-4.267377524332759,-3.0456668499458703
-4.559607125376577,4.8011118850690515,-2.7913218150173393,-4.268600998387789,-3.0339998327884437
-4.558829552475068,4.8009927614019015,-2.800740748089593,-4.265320068784268,-3.0473763009219974
-4.563133310591934,4.818963047759417,-2.795905916758649,-4.263030550759505,-3.056453915614248
-4.550927212001358,4.822723015229878,-2.7994945159298785,-4.274688581131849,-3.0600872709469784
-4.55677326577612,4.828622146319117,-2.799343037623447,-4.276161509631258,-3.0646227194924855
-4.564252511806986,4.828181789510754,-2.8050829340126464,-4.274576851635531,-3.060388525679691
-4.569207770883539,4.821156570187183,-2.8162717220351823,-4.275954095187366,-3.0582207374065007
-4.555418247980667,4.836007172619023,-2.805123198925812,-4.278928412792055,-3.059105181249827
-4.5571019455426836,4.825546744208341,-2.801968056206208,-4.2805117310954515,-3.0634685040146428
-4.563852177718242,4.811195568046911,-2.7977295826299673,-4.290722561039328,-3.06120946283285
-4.570474553529139,4.800839601032948,-2.7880368556641453,-4.28088736015183,-3.0568947323603943
-4.565477849916601,4.775483798798906,-2.799685743780606,-4.2784453719700375,-3.054803410725452
-4.56957267810782,4.761737108018849,-2.7809912471370946,-4.27475616011185,-3.05968147939238
-4.5625635796109885,4.7411301460305975,-2.7794512260940913,-4.28602185460537,-3.0384427891874104
-4.571032419228222,4.734590444775243,-2.773053331625348,-4.275997331540555,-3.0415504145962005
-4.5728881180068734,4.708946815732683,-2.764770675142356,-4.275435626464831,-3.0229754157169735
-4.57145438888373,4.686107968270056,-2.7476840871802413,-4.273419756344054,-3.018223980660898
-4.578476790329516,4.653007672927633,-2.7396143573051086,-4.275343335179529,-2.9932189474295137
-4.576179898585357,4.6286210273273705,-2.7327622091110926,-4.286632701679565,-3.0003945023329934
-4.582049007825852,4.611356698477604,-2.719916719360317,-4.301500466574104,-2.977552321186665
-4.57690893454149,4.57411260599826,-2.7172562029087035,-4.298348802594942,-2.970652328456716
-4.589709507162648,4.534266614302122,-2.7038587401729006,-4.307667465020751,-2.950234115825749
-4.586054767912104,4.503338139232095,-2.6836614245129913,-4.2953808386497325,-2.935353351056714
-4.580866963739962,4.469256880713206,-2.6687498689076907,-4.305699408638996,-2.926781219257185
-4.572946099633434,4.446540730805904,-2.6705270327180815,-4.316368387298454,-2.8993539907548986
-4.576268159564915,4.4273872674281085,-2.6601958532338204,-4.3096237631414125,-2.8883700428376122
-4.56427976101579,4.390757162671634,-2.650106031739965,-4.311644622310408,-2.878483391985267
-4.568372331299322,4.361010846853873,-2.6329861133639145,-4.312324609996188,-2.8609209200237635
-4.565877076950523,4.336863903690054,-2.6151828079415758,-4.31563705895838,-2.832637054162679
-4.562030853009135,4.319636089293906,-2.6295577883126207,-4.321735042400754,-2.8211914787167935
-4.55583629518552,4.286212888923904,-2.617729549978212,-4.331660309206725,-2.8093510644588973
-4.552021013899748,4.266073040098341,-2.608933790782915,-4.326482669974363,-2.7978514940671424
-4.549613996580001,4.256936007578888,-2.609874580772419,-4.330112673454717,-2.8056733178018143
-4.544122574321816,4.253501086854096,-2.591502113994616,-4.325595824305565,-2.7820195793209304
-4.55320700485446,4.239305440425981,-2.6041771116756443,-4.335939138521363,-2.777406744356325
-4.553426386873469,4.23080031246698,-2.5955569659565985,-4.324632388943235,-2.7677891866416573
-4.544076811476734,4.228339892665288,-2.5970120672366517,-4.330915289504118,-2.7666700779564812
-4.541679722394519,4.237259707386387,-2.5939880741981067,-4.330188331379143,-2.769812938515864
-4.544330985995239,4.238785633669982,-2.604327596401858,-4.3311962451058506,-2.7654866002424474
-4.538868441909829,4.258005098106521,-2.596674032506059,-4.32487979610903,-2.777663134223642
-4.547118642180211,4.260771030216079,-2.6119442268652664,-4.332597279389341,-2.7723511395654925
-4.542824016680099,4.285857858112277,-2.6147107305241044,-4.329137663809411,-2.7880584634422343
-4.545292689884915,4.301298338173917,-2.618037248150302,-4.326207607005518,-2.7946962222736143
-4.55503453428452,4.3249237614353975,-2.6364647182769554,-4.3196068715767115,-2.8036998684613623
-4.548753134337905,4.344679893668531,-2.635028399981031,-4.321943703081027,-2.8174669483172816
-4.5541874005585115,4.368205518925978,-2.6421696271313846,-4.315936222956602,-2.833342787079816
-4.54629655875004,4.401634024281637,-2.6539503941530613,-4.299684054881255,-2.8466950368764907
-4.547517862867556,4.429105172402979,-2.6572474046385652,-4.297093935181345,-2.865389316233798
-4.545227905938935,4.469237389935337,-2.6697133696582442,-4.306132092282763,-2.8883595892369716
-4.545395611504061,4.504880387968422,-2.6909491534207035,-4.285714030490471,-2.8980106171158884
-4.558233927731937,4.543075577772771,-2.6917791611572617,-4.294336901683704,-2.9037633758772547
-4.550021090635091,4.581629900728294,-2.7034277060643737,-4.293180250981001,-2.9256960156737533
-4.54603401756371,4.600968161361364,-2.7236510221629557,-4.283631042227502,-2.9416840375006026
-4.547136882930353,4.641309576274096,-2.733663502395362,-4.291792950414341,-2.9589088942692565
-4.547682877610312,4.6810798353170275,-2.7531730679452817,-4.2877663437512314,-2.9927191850404173
-4.56140671671552,4.705417719786083,-2.7460417779679624,-4.274467192465046,-2.988363686337384
-4.551101929258618,4.731075477512891,-2.7646383500217713,-4.280129778620255,-3.011770382757141
-4.551826438099157,4.766211133529494,-2.7822689959249676,-4.276794034350746,-3.017347245393424
-4.557218680318171,4.7942218444096705,-2.7925466652329307,-4.275004562413438,-3.0399253233361723
-4.561852456496514,4.816622172187944,-2.7956728940490145,-4.267714856990684,-3.0510802365825813
-4.54436711853076,4.846080225100936,-2.81309862325536,-4.274997786452398,-3.0547212166102407
-4.547501335157455,4.85203161083086,-2.8102150338319687,-4.2873047977878675,-3.0623371427485617
-4.554595612164864,4.868607163655814,-2.817941516625095,-4.273222433924981,-3.0766346190457066
-4.551059920650126,4.874577039528161,-2.828990193740644,-4.26850191837826,-3.0817705421878308
-4.551303594922981,4.892505946113542,-2.818980089307628,-4.271386088218946,-3.0853341693761442
-4.555524995339192,4.896828283844283,-2.8352952819731554,-4.268862085552126,-3.0876558107620617
-4.550323075738694,4.909340455581116,-2.8336351056695,-4.278127296548578,-3.0961007467259796
-4.552217828398264,4.9049690382764854,-2.837908353745507,-4.266048650484951,-3.094963344270785
-4.551414088668147,4.919061227591861,-2.8400300352134673,-4.266608198297369,-3.095740907070399
-4.548432415429929,4.90099962201702,-2.8297188506037148,-4.266329376505535,-3.085849910026477
-4.558940139884602,4.897376919151217,-2.8427080167795893,-4.273014317734965,-3.0962513566842236
-4.565780335203744,4.883809826503114,-2.8242906713618305,-4.275829781898341,-3.0901327199300006
-4.570383762725282,4.876233236949762,-2.823195343405785,-4.273561177272561,-3.0885008601163064
-4.569256913417304,4.861447042705752,-2.820812615550455,-4.287275838418365,-3.0835683514240864
-4.574148163275624,4.839883787306913,-2.8070928113121987,-4.280354908737859,-3.079552907903182
-4.582974286831515,4.8102920330581105,-2.817574673479288,-4.282017441595799,-3.0706368270644986
-4.5781791447493445,4.7854068991209875,-2.777392345142633,-4.289148862601008,-3.065103974220555
-4.568959843073404,4.7550782527066024,-2.7677398190539666,-4.2807176607063395,-3.044707947761044
-4.571909821074762,4.717284517232258,-2.767888395915562,-4.288723763278959,-3.0298215738167893
-4.572743821299777,4.6831876884793875,-2.7365878301049222,-4.285141072002018,-3.018129539795274
-4.593137205719927,4.642388557687807,-2.7335088385715967,-4.285498718366155,-3.0063648352640686
-4.579666807512622,4.603406570511739,-2.7207227897082045,-4.28774536855077,-2.991694880036774
-4.580114621683094,4.5517719876504925,-2.704165806860581,-4.297579781724475,-2.9591828308281394
-4.5819351413464435,4.512862774561949,-2.6798670486246494,-4.297593756643762,-2.94638502265504
-4.572316712622075,4.470769129365788,-2.6799590998271605,-4.297171110262727,-2.92027229830367
-4.574694186313814,4.4212539451607205,-2.6614151213312107,-4.312119618581354,-2.890376022249821
-4.571782996732157,4.375145072985939,-2.63246125124487,-4.308085413318306,-2.8621241937173663
-4.5598325207635995,4.326235866524316,-2.6194462677003525,-4.308695615593081,-2.831717780034148
-4.571772626307351,4.273636680964696,-2.619786972927327,-4.330543009138304,-2.8166257688865985
-4.559005667782256,4.229442778320668,-2.6005509695114015,-4.3328788277744605,-2.7886005565168475
-4.557282983380464,4.182080956064695,-2.5762612662480633,-4.343170881811698,-2.777268181580931
-4.546703153671557,4.13940093424469,-2.5766502206417687,-4.355681251473854,-2.742990426575308
-4.548293350196897,4.112372917083789,-2.5716381016213745,-4.361333489701002,-2.726472103069752
-4.534420213186426,4.078168074785455,-2.548172998101853,-4.363279182301305,-2.708611679506023
-4.531373879633717,4.064314307249154,-2.5499933257108873,-4.357533499924086,-2.693597523085865
-4.527202984052795,4.047363591607448,-2.5402171826473525,-4.36699864361545,-2.680493278988773
-4.521044249864336,4.022542424576292,-2.534067582802279,-4.36527842196486,-2.6468781205633345
-4.506646426692587,4.0182023610083455,-2.5327460729215017,-4.369946094401719,-2.652799379038003
-4.52672260911724,4.007371379787868,-2.530336032881476,-4.374570980471134,-2.6579457511742195
-4.514006225282618,4.015437519693997,-2.5305691126093715,-4.365699885695761,-2.642596198561882
-4.515752969340404,4.022855320720286,-2.539648727768905,-4.369004323124753,-2.6423488731247637
-4.515292618771385,4.042474534312308,-2.542853758837025,-4.360918699286344,-2.648597111024133
-4.510503023212157,4.048175819198554,-2.5491638087607966,-4.35937281906692,-2.6556063350064125
-4.513103790563035,4.098979442235521,-2.5595823643438607,-4.356166056980057,-2.6737762637783447
-4.51607903369779,4.122029851034499,-2.5704104523292277,-4.350615114758894,-2.695307299321602
-4.5328766766939435,4.159244947076166,-2.5854603103395934,-4.341303709121767,-2.7088477951156635
-4.520201584990117,4.20659913889225,-2.596015743482475,-4.336676404511025,-2.7270146349138806
-4.510116912099731,4.247117369028345,-2.6013329973160286,-4.325034289115353,-2.742246594961966
-4.530755153981175,4.289500852962104,-2.617047514926264,-4.326610084366483,-2.778082004864048
-4.535242571115032,4.32703563925414,-2.63729336101831,-4.309402371789982,-2.7961182421450026
-4.538185843250423,4.368906772708377,-2.64291786579672,-4.3073864263671435,-2.8054684218813732
-4.541098144611655,4.4300937708985835,-2.671082415265648,-4.304567934100851,-2.8415751955542587
-4.539131384704795,4.477218121703394,-2.6923715203914016,-4.309987005783076,-2.874613838803355
-4.5318657888715395,4.534387701250505,-2.703296525086728,-4.302860142278444,-2.893892170561374
-4.555703228122477,4.578518887649899,-2.7098439838904134,-4.296824018698163,-2.9283148568362436
-4.543451990686347,4.636275580568043,-2.7364742129724604,-4.273835377998219,-2.947679857774073
-4.54642313732406,4.67064819866398,-2.7515750406464616,-4.291935374961406,-2.9642868237101236
-4.551996755223888,4.715981918274907,-2.771701395586414,-4.282816433287539,-2.996624236477854
-4.551047681627179,4.756710620481776,-2.784818278832531,-4.284277533486091,-3.0143524491712963
-4.5413989340980505,4.8060529231337945,-2.8055943822024245,-4.274774701383476,-3.0363174937547397
-4.538172296302004,4.831912555039429,-2.825025988876932,-4.272317792603,-3.0488607143955866
-4.546821743468539,4.8708316612983,-2.8367632301912713,-4.281297578069826,-3.0700546623167675
-4.540496175033725,4.894124577195763,-2.8324331275841654,-4.2768263182402135,-3.0844794452017825
-4.550822167489647,4.930524076401129,-2.8483678543998843,-4.284032119246997,-3.1011805488594337
-4.535427678415291,4.958834590915644,-2.866424122999607,-4.281042240156374,-3.1182113559551214
-4.534753222412402,4.9812197109965854,-2.8806396120003472,-4.2822953240432025,-3.1201323001953387
-4.545793893154747,4.992439260356619,-2.8811590683381003,-4.278721290041468,-3.126826963643177
-4.536712123957381,5.00866099310809,-2.887593426056517,-4.276680668328312,-3.117996189907921
-4.536061498172782,5.005475987211597,-2.897754683994469,-4.290143478947796,-3.1385871933159573
-4.53889887669409,5.020104950192543,-2.9022330526150877,-4.281371456334448,-3.133152198472667
-4.545095336569619,5.020561779171133,-2.8974976914509463,-4.288505142211681,-3.132971606727766
-4.547873947970679,5.0201639887767735,-2.8919886522881515,-4.2806588170861595,-3.1441862887833136
-4.548996876295848,5.009342291099757,-2.8823584375794082,-4.278784846176568,-3.1355897540342412
-4.545051146500167,5.002384778186812,-2.8847134705471844,-4.281652455831476,-3.1437660103149994
-4.559610189604383,4.979160277854778,-2.8728870234103523,-4.281954728178864,-3.1349535509310926
-4.5630484752711045,4.962188863205256,-2.8652303099265857,-4.282682620125079,-3.1284363576795986
-4.566499641893309,4.926074974127201,-2.849246925874329,-4.279601022188465,-3.119166910403753
-4.556708080369681,4.906070817047914,-2.8409913544706664,-4.28496829956023,-3.10973773783612
-4.576706425159426,4.871258364705491,-2.8384140814677257,-4.284088067818282,-3.100357600126886
-4.578547189541083,4.817240077298967,-2.8028542873467925,-4.284461568617324,-3.086666535629046
-4.583025906178447,4.772805679540533,-2.788275369216791,-4.295125848486612,-3.0700210823634544
-4.588869606358283,4.724003393581661,-2.778549596462956,-4.283573516393999,-3.03875121155448
-4.587316442652954,4.652796799705687,-2.74741053500446,-4.284507159987712,-3.015293863725144
-4.597246503835274,4.607626720735215,-2.7368447694664626,-4.2934219480091995,-2.9927034001487116
-4.58660328469687,4.533186270568488,-2.699018617202485,-4.297526305922061,-2.963968246587
-4.5841944504511325,4.4672958561297325,-2.6908260827369785,-4.3084277039782695,-2.925577981136557
-4.568709836299308,4.383901232319608,-2.654636143157582,-4.313426100315083,-2.8879790951918247
-4.571712102760116,4.315201636637393,-2.627118518603019,-4.3282678434625,-2.8496901905724297
-4.573920978311563,4.23797595634118,-2.6082942239506663,-4.348005484273496,-2.807847115954875
-4.5629247253550655,4.146688206944421,-2.5807304037834555,-4.351945243344977,-2.7735419657407197
-4.556896089818207,4.0797602862698845,-2.5615828885338416,-4.369595414847267,-2.730040144037977
-4.5494567434141695,4.0106745849494425,-2.5443605300309993,-4.377695147724747,-2.6884579423109956
-4.539993895203521,3.928631914534906,-2.5273999368592275,-4.394030401336218,-2.6385530505747856
-4.5166426669326265,3.8552690555429785,-2.4966611270613046,-4.399239035794582,-2.61055926825952
-4.507425660099981,3.8168563417595753,-2.483885336436773,-4.403605712443488,-2.558593680645489
-4.493989554903447,3.767797982964137,-2.474686064926409,-4.423924803408292,-2.5230170975558806
-4.470594369713784,3.7184227363740803,-2.4588130871262988,-4.424261380406965,-2.4917485548283143
-4.4547802354281,3.6873842009577267,-2.453990304696855,-4.433989178298767,-2.4792634707255887
-4.45508850948349,3.6682417718609526,-2.444564214245723,-4.439046066330751,-2.43906040111988
-4.445439461446871,3.632305152277067,-2.4308879448640712,-4.441017696241955,-2.427765812068834
-4.4404730708454885,3.6285918035111484,-2.436966678132114,-4.451879342255665,-2.4082283474199073
-4.4481903872948445,3.6355932897987078,-2.431907427908567,-4.441961886354106,-2.4196137761443857
-4.4406297567910045,3.6561910700263125,-2.4417305073030353,-4.440883856985972,-2.4128721976475616
-4.446025141696217,3.6790189107670015,-2.4411054079192236,-4.448878874323435,-2.4276872152177904
-4.445533648679967,3.7061914554210778,-2.4594579655507864,-4.4307835681901695,-2.4380600160076344
-4.449947182662937,3.7587939025618526,-2.4713868328504796,-4.41596769838347,-2.4640914439361
-4.449684372663453,3.788034407122708,-2.4759568897620303,-4.396725957244957,-2.4741871927255024
-4.465484882114885,3.837758586674815,-2.492528447468406,-4.399374789897053,-2.506237024819617
-4.473038214990514,3.898939288552772,-2.5129986123943975,-4.386528472197245,-2.5319092253339863
-4.474392462264976,3.951745122871124,-2.5156230024846673,-4.367942107770611,-2.5685984691724735
-4.486294475497602,4.033849894689643,-2.544303811543449,-4.3689093152403125,-2.6017970622141697
-4.492521585550423,4.106890265315506,-2.5625549810509964,-4.353558820129391,-2.643629273411267
-4.500419737651884,4.184869248694796,-2.592408950454559,-4.334870470628669,-2.684959092722789
-4.51613653921801,4.248708175591469,-2.599839260882113,-4.33036885726942,-2.7341794470575542
-4.525415128967228,4.332348607176036,-2.61908319421869,-4.314248757575689,-2.768517829693355
-4.523986482625658,4.405299001847701,-2.6507892380011118,-4.303135756779327,-2.815107602320753
-4.522211153535615,4.480171843488796,-2.6785301656083185,-4.301452615233322,-2.8496559065471727
-4.515561141684592,4.545134130742884,-2.7140172684669044,-4.283451824613879,-2.9026385803464745
-4.527489060334234,4.611654397507622,-2.730323131584643,-4.2898388723974605,-2.9317551398234025
-4.52503794035822,4.680232281285279,-2.7539224390023964,-4.2826128241861685,-2.9655914453204506
-4.525471248906116,4.752193701813045,-2.7728872542302363,-4.2845592451601195,-2.990636940069026
-4.528274395386756,4.81645968177556,-2.812996394440506,-4.273165413513767,-3.0237607716915744
-4.533911316042509,4.872275926736643,-2.8256492217800115,-4.281653097931157,-3.0566641221596127
-4.532876067894713,4.921267114080073,-2.853015395544933,-4.288029374090441,-3.0735170004324157
-4.528552508864925,4.957142244548569,-2.8645682326821644,-4.283669683104909,-3.094910200780847
-4.525176137520029,5.014663061667173,-2.888974381293061,-4.27205103246688,-3.1115358980295036
-4.518559230478786,5.042347346314868,-2.8932779522493215,-4.273607795960923,-3.1302484257998273
-4.534344649006015,5.073522539673415,-2.9141659770799184,-4.282074296849724,-3.1382125076854437
-4.529907706528411,5.101726249424137,-2.9316000235014177,-4.289261405027019,-3.154872140375466
-4.5257499897869,5.13439496970128,-2.9560503975066936,-4.306032044881197,-3.1591185278684737
-4.508737857401733,5.1471399494089045,-2.9575499640874416,-4.297755575936058,-3.171436666768576
-4.516846961240897,5.166528970661099,-2.9554918008129425,-4.305086021867528,-3.1653142845691877
-4.516678085630492,5.162141103682189,-2.964667803644695,-4.311689910319963,-3.173973711875247
-4.521867395733081,5.15797856892468,-2.970953770873907,-4.2961203183974765,-3.1821822252748375
-4.521293398359651,5.168239416839312,-2.972112022021574,-4.303107637522565,-3.1845435388651073
-4.537766749852857,5.1572933868942625,-2.957314146420371,-4.297622345451993,-3.182666158720147
-4.539009276984643,5.1382717392403885,-2.94859926853154,-4.298993675344257,-3.192536880253427
-4.541911135429691,5.1063426351089305,-2.9310298936461145,-4.29450108743167,-3.1843314458848506
-4.547486228898951,5.070042507021295,-2.9330907478879076,-4.2967663818653685,-3.17286436962542
-4.54813743639489,5.046990671197773,-2.9024051240439244,-4.297677511543184,-3.160576250702117
-4.5669128654959374,4.999715215330254,-2.8892865355204114,-4.294581065752103,-3.150824270432181
-4.574313960344139,4.948843386254446,-2.865853415379471,-4.284830075747384,-3.129639037055626
-4.579826829543635,4.884181575521788,-2.8515310775538425,-4.296189236177271,-3.1095260385900207
-4.580316715636212,4.811612557430774,-2.8117286700763247,-4.296117841121859,-3.086319065988679
-4.595788762125674,4.727592013800997,-2.781800465590829,-4.295547273820249,-3.055075469412943
-4.593060262383732,4.635266753288369,-2.7437253198075795,-4.302190636217349,-3.0282323997008924
-4.599241642784148,4.5412852174510006,-2.7098220235012787,-4.315871080833623,-2.975849466859783
-4.5801059931458274,4.4281132308747475,-2.670974106660599,-4.330213880192655,-2.9250880563956216
-4.583210196307862,4.320204586095067,-2.6289053431851857,-4.327919559809464,-2.867396035730013
-4.577597859725999,4.184245317553023,-2.5876143058955416,-4.364211892195577,-2.8030051713220723
-4.560359045321044,4.05326949513595,-2.548512504673091,-4.370823539538074,-2.741367182997
-4.545713620004613,3.9282857841010173,-2.5129096586766777,-4.396620454100387,-2.665702512232446
-4.53141399753566,3.7889852175597913,-2.4622006890020915,-4.425574736183472,-2.5961747758706277
-4.497059239998449,3.653719904192887,-2.4219582365506525,-4.4328820930983275,-2.5261831701980326
-4.468177323474337,3.535238238832787,-2.3969836894778824,-4.447347566658844,-2.4280316589109847
-4.431816303579802,3.4238587845064603,-2.361580758798206,-4.488045119162557,-2.3552526440564976
-4.390142472143427,3.2973287355638385,-2.340746090268578,-4.507110702722716,-2.2742515375705117
-4.363857543649725,3.2077814949067727,-2.310310752498062,-4.51057719035283,-2.216750568979308
-4.330655816507267,3.1191870932871004,-2.293765606225805,-4.5444973708764,-2.1458384330269973
-4.304010196499722,3.050822360711849,-2.273554535582352,-4.554110809866623,-2.094415092794897
-4.284586378093028,2.994611751229571,-2.252210987524747,-4.5717312429881805,-2.0489444250515962
-4.2547609501123755,2.949409247169006,-2.243011897238477,-4.586737173191358,-2.0073756467223625
-4.241322841191007,2.9318271525711834,-2.257757390098305,-4.591211793409695,-1.9815595002314954
-4.231453526609998,2.914799117219933,-2.2519286983560356,-4.585769349299245,-1.9443313626638252
-4.238512092241547,2.9219777862182035,-2.2516986232882914,-4.601045900208854,-1.9459275702426952
-4.240415630192894,2.9437360954973792,-2.267970790217669,-4.596816466726777,-1.9504996873857083
-4.230722189848189,2.9771330111916057,-2.2761096414749074,-4.586672342491129,-1.938017642109294
-4.228791210547343,3.0137828469663472,-2.287598662121839,-4.584731416204487,-1.958954710185662
-4.250992957054807,3.073336613891574,-2.2982222588022814,-4.563313985542073,-1.979407651829304
-4.272182159900535,3.1593069559354827,-2.3250217534492923,-4.563086110241245,-2.0247397732969397
-4.295799182733784,3.239875210221639,-2.338413832263982,-4.544478443263949,-2.070746474353461
-4.306745732757658,3.340040989365378,-2.366923973371651,-4.5172633643730995,-2.110563327120229
-4.339935652019573,3.4440826159782802,-2.4001810599770352,-4.5094795634014835,-2.1828298739015097
-4.359729045400776,3.547355540638421,-2.4198973141303357,-4.482056438560201,-2.2516814655809436
-4.385342453039483,3.65770530396146,-2.4567842178967174,-4.459713297772701,-2.3209773621936174
-4.409283316076187,3.768367816500478,-2.4854965174014576,-4.433662570036386,-2.390464710657867
-4.429466532275895,3.887212445758017,-2.5137993327226456,-4.406285906757173,-2.4697720761099604
-4.450301793122026,4.01620196030872,-2.551657999497818,-4.395469553936199,-2.535000560049386
-4.465474480733706,4.125876106721795,-2.5822814518615,-4.362551765803489,-2.615672721318769
-4.4884087281934315,4.244540979926981,-2.622341403887325,-4.351447860996571,-2.6822786651309434
-4.507134499860113,4.364911689344903,-2.6456620124775596,-4.332481606573148,-2.756408698604651
-4.50988714595021,4.45365821288829,-2.6799681713536363,-4.301349903064768,-2.815565223793731
-4.506556453872329,4.565875126333694,-2.7148281200474704,-4.287838187325005,-2.86656047779607
-4.513391555267868,4.6529836820408335,-2.745124068152606,-4.2960828668590185,-2.9237911002858783
-4.515708166673611,4.751972179796097,-2.7741852832852314,-4.291679440320831,-2.9695886376555585
-4.520918234824378,4.828080678595265,-2.815599207834456,-4.284669691222803,-3.0129382663508064
-4.522616497730946,4.91315846860072,-2.8478320778828756,-4.27650199103322,-3.0500499118734044
-4.512802039540253,4.988040109476726,-2.878152552557131,-4.282291409823796,-3.0819711737499396
-4.504579761855803,5.038030825174512,-2.9018913628761784,-4.283155450757228,-3.104307591554863
-4.501932044362332,5.1009069869308306,-2.9311096423998086,-4.290929071751554,-3.1297116834517897
-4.49406006335704,5.146831286866285,-2.9606564482749542,-4.299942771469025,-3.156785488705502
-4.49598846884777,5.19373092958583,-2.9785432327094252,-4.307447145674882,-3.1666894845258793
-4.493868307070703,5.235444656729118,-2.9879341343441252,-4.3048869025928544,-3.177610701922169
-4.487572774034614,5.269958289072714,-3.02028547942237,-4.316087748060095,-3.194298572149199
-4.4898190237449205,5.2917585104645255,-3.0233996498912106,-4.317243351631003,-3.197507288006455
-4.483951735898855,5.305716507753537,-3.050922836236263,-4.337449620326817,-3.20527573605131
-4.497653853633743,5.327205252189245,-3.051713367072849,-4.338171674509252,-3.213803675361576
-4.485984595922328,5.322315973343859,-3.0453067868288066,-4.335348323189715,-3.215680403471632
-4.48690726877303,5.327032674923154,-3.0385187527454574,-4.334585463600948,-3.222262694445627
-4.484037996014305,5.324635838890165,-3.0312819378766234,-4.322787704208961,-3.2210001351676527
-4.494627288368323,5.298260657765021,-3.0318856868573762,-4.315443941400446,-3.222859933013435
-4.505643917579977,5.270639108130753,-3.027603223021859,-4.326161797807321,-3.204179546571418
-4.518570772013587,5.235841788525939,-3.0080467402611983,-4.32067086854294,-3.206843225978234
-4.529105128164456,5.187659183931011,-2.9736671428892376,-4.316096529446587,-3.197565568180017
-4.550485623293721,5.131531147505788,-2.949764787131154,-4.317812174410497,-3.200143823195449
-4.569287219304968,5.049628695401432,-2.9224254057442467,-4.30674716200375,-3.1683857464472798
-4.577779330009544,4.954177445136507,-2.8795820639497314,-4.311025319400299,-3.13995844935188
-4.5867046302457055,4.852613427472949,-2.836832887140992,-4.3063878551637265,-3.110770475772008
-4.601882410831903,4.738692359329402,-2.791161566977689,-4.307135770962949,-3.064449428356113
-4.618295756971435,4.577936461793344,-2.7324629503798743,-4.320386538695198,-3.0059333434455873
-4.602126697066304,4.40470050313566,-2.6647265935045206,-4.337991038295944,-2.9277069377938565
-4.597236787440679,4.220796049387165,-2.600681155816706,-4.370391223143131,-2.8471436514870723
-4.566493550270214,4.01371869225079,-2.5499568053936557,-4.406801390754315,-2.7438914515617654
-4.54790530863367,3.7889282565794487,-2.473402573050599,-4.4364855997152866,-2.6211758878011437
-4.496715077321881,3.556094892350283,-2.4036593905076735,-4.471743411298769,-2.500158948499333
-4.43638164079741,3.3028562439922067,-2.327345143397029,-4.507901329406448,-2.360248076762205
-4.348320015055286,3.062457541877614,-2.254394009773761,-4.565975810189937,-2.2152197524163135
-4.278435720420327,2.826095401006433,-2.1828728306359055,-4.604956971202506,-2.069125619387583
-4.198846450383449,2.596153554730653,-2.101711314112436,-4.622813387944276,-1.9314416021885163
-4.121008635124517,2.3834810615027755,-2.0333103264042944,-4.660405061149838,-1.8173777897167813
-4.049681788016983,2.198359576482388,-1.9720293324466862,-4.696801940544076,-1.688685204925587
-3.979044132090717,2.0326962482940534,-1.9188578953085684,-4.732267797908328,-1.5898031486703241
-3.906860611012738,1.8943893941033894,-1.857659696808204,-4.76156466095164,-1.5009358196657636
-3.8506656005243625,1.7810018935690382,-1.8167236698142792,-4.78077473416554,-1.4050051650813467
-3.7859392333740014,1.7087997349865098,-1.7902996232075672,-4.799472569246529,-1.3373864900295964
-3.741409157198659,1.6603956588745836,-1.7678551702661511,-4.828807266369973,-1.2831955831492199
-3.7064145068294216,1.617040038442428,-1.7514810352905017,-4.840206446672513,-1.218172905979457
-3.689199272878767,1.5775608084039745,-1.7599623214389026,-4.879016536677844,-1.1870297196846367
-3.6627991045362736,1.5720267511071475,-1.7559578078419433,-4.881404313194626,-1.15037020180414
-3.6625616388060243,1.5982044580053223,-1.775082630975082,-4.896302424341678,-1.1393215817976634
-3.6769162927887638,1.633773877532555,-1.806575778415887,-4.911780157355159,-1.1194902311112638
-3.6916261483527557,1.6864235877319027,-1.8152134259917043,-4.930611312497134,-1.0954551985997307
-3.7115189941281406,1.7571308739207288,-1.849996317246839,-4.926255980161578,-1.1147323679201453
-3.749224625589462,1.8351494544283469,-1.8908204033322504,-4.922166304882984,-1.1143129983959819
-3.7879185350982922,1.932278140928682,-1.9333994204398781,-4.9053153424065385,-1.152853213669553
-3.8257510224185474,2.036915557765406,-1.9649076542226067,-4.891248093714339,-1.1813905798283
-3.875339390558596,2.1681455607852493,-2.016889905773104,-4.861639135645022,-1.2421028240874101
-3.916221684500902,2.308337017132019,-2.07087958650789,-4.852004730076931,-1.290530526454376
-3.9772323658949733,2.4374761752704863,-2.130363843224069,-4.825074718369105,-1.3804371495669943
-4.031608867703397,2.596166234393611,-2.1774332463373485,-4.771741215525967,-1.4667226814126475
-4.083385911703726,2.762700532570667,-2.2267922578775377,-4.734202029671705,-1.57008448049689
-4.14232752621931,2.9448219589155,-2.280866424761058,-4.6904369380603335,-1.6863435591485225
-4.205271911110729,3.130596437028951,-2.3256228385959794,-4.637980801923679,-1.8123004081923921
-4.258617427255809,3.305299970280221,-2.3706212513228007,-4.587944186768195,-1.9409857865107674
-4.308778166308484,3.5000312999471106,-2.412006761578527,-4.544816195052364,-2.079557941744285
-4.354999403068643,3.690870902595496,-2.476024527008117,-4.481447642205393,-2.213033381929695
-4.388321574238802,3.869384185573778,-2.515427257614823,-4.444627843495053,-2.345677066046222
-4.426129572515969,4.060477757234934,-2.567754608109148,-4.414036979419576,-2.4723809213481505
-4.454377674788987,4.222923045308251,-2.6138672744802536,-4.375377474347896,-2.5889671209187224
-4.467474825266185,4.377067596000242,-2.6670870498770736,-4.349782209209234,-2.7005339778406916
-4.484147679178183,4.532412986515458,-2.704554158221187,-4.331190734062283,-2.787065121696344
-4.49560976268736,4.661201129171093,-2.7576938584332824,-4.314502556868684,-2.8806090836204494
-4.498825822601589,4.789988885521279,-2.805698787829172,-4.295472711619885,-2.9497868933050664
-4.484962549760403,4.908662453608976,-2.8537708814342424,-4.297432229913634,-3.008041755472804
-4.501692013101285,5.001257045468804,-2.894524154509575,-4.295218100207986,-3.0514351607653856
-4.494163294173006,5.098678946576393,-2.9335186763182723,-4.31573551636887,-3.098327690582842
-4.481495055308568,5.1681163369426475,-2.983449940446341,-4.310954687736488,-3.1241657078835083
-4.479231162476649,5.242205351435491,-3.017189785966152,-4.332883288587264,-3.146844259355075
-4.465025903131578,5.311425911015805,-3.0406891879716054,-4.338748454799598,-3.1766841631400466
-4.449832746030516,5.3638057970273545,-3.0676431736042606,-4.346172300621619,-3.1947212657764483
-4.452770995891368,5.397860419908455,-3.100702798392761,-4.367412375884711,-3.2112381359006585
-4.441442194668535,5.43123491970248,-3.1213517031898013,-4.365768083873573,-3.225127264795646
-4.444606535620216,5.45854986645532,-3.1449315989266218,-4.376521245571813,-3.236394856485125
-4.434938814574064,5.482439368775183,-3.145093155765773,-4.381627228490548,-3.2434503409081037
-4.439613053035283,5.497669382533349,-3.154993810796928,-4.375930647313021,-3.2480580840397937
-4.447040939461092,5.500420709890141,-3.1602883534472572,-4.379023891978489,-3.2417603468280793
-4.456556950298628,5.495827795263176,-3.1567301872423763,-4.3771736987133005,-3.2526372924128193
-4.4534507221827,5.48348923678332,-3.149725492823231,-4.368375929267607,-3.2542958917941993
-4.463099653070554,5.4569986848568215,-3.1328553534590586,-4.3702626670029385,-3.242855914105019
-4.478681495060646,5.431702580722127,-3.1064953969398945,-4.366124043581909,-3.2441391842686884
-4.4899782763377045,5.3700855564303485,-3.0739543138553915,-4.346782194344563,-3.244039282030337
-4.5111021555257755,5.300562630397259,-3.035301856803917,-4.3374070461991465,-3.221916148633725
-4.54577858106027,5.194099879625091,-2.988499715944541,-4.3204980065567,-3.2103077766108292
-4.558287969182144,5.07473154031466,-2.9348613568051696,-4.324429478927507,-3.182205967877712
-4.592201074637852,4.917786079032225,-2.8603727638758345,-4.315761221041923,-3.1371296582467774
-4.612298193720185,4.709901198966915,-2.792079657418891,-4.339367840410184,-3.080974634095223
-4.601137347778438,4.458789622700273,-2.6909482701118694,-4.369178184068123,-2.9656920119382053
-4.597278231466201,4.142825385391078,-2.578131250317704,-4.411089752485021,-2.8196313577989494
-4.555725184656749,3.7710073306797223,-2.468805105899864,-4.470946667781959,-2.652360820022483
-4.476809691857186,3.343107771198337,-2.316869320225138,-4.547778452400096,-2.4474098442954104
-4.350595280563181,2.8764897042438133,-2.1528451664122445,-4.600053092906732,-2.220066144046161
-4.209457741980808,2.394637590838381,-1.9704313084916598,-4.654617790250024,-1.9927776391867424
-4.011202733548594,1.931331461455456,-1.7521791361340993,-4.684995909672595,-1.787788000853707
-3.8169348344976735,1.5021931934712385,-1.5355448327000356,-4.729034223818095,-1.6065957009361136
-3.598793335190433,1.1233948444541633,-1.3213320071357852,-4.7767464219252105,-1.4794776323599805
-3.40652764648181,0.8000143074891325,-1.1248524267891298,-4.825819852100741,-1.4214169432084733
-3.2518282292025984,0.5241166781682733,-0.9405313542879333,-4.856011560362852,-1.390008115344231
-3.1180268451634716,0.2845260253063238,-0.7746381619831272,-4.887878817233077,-1.4264263410225848
-3.0334718706921664,0.07369425966997302,-0.607991513563218,-4.920461619291536,-1.4752056950365988
-2.983288918828616,-0.10392674342396505,-0.46187650363483934,-4.91453485026547,-1.560047138978559
-2.9397590180144615,-0.26275595305062466,-0.32932403198300786,-4.880534297665587,-1.6821588551246247
-2.9519478382602307,-0.40075198309782556,-0.22863580806076766,-4.821028670468197,-1.8015080348277208
-2.940701722150351,-0.5282627909444283,-0.12398690623218955,-4.725164042849609,-1.8744524073253634
-2.9274633443789875,-0.643281989526476,-0.02022098415109791,-4.619591721608785,-1.9524937792982189
-2.9435174937432933,-0.7570810135590376,0.05039639101356521,-4.483725759201097,-2.000317075455131
-2.9280844272982987,-0.8168988178073637,0.10589776094258237,-4.352708091695718,-2.0470292839244473
-2.9161860589330644,-0.8922171501138408,0.14400818156604508,-4.2091623220519585,-2.06305107322641
-2.900785734909929,-0.9261798343073822,0.18449588156195068,-4.041299229722823,-2.0584372945908265
-2.9051769001045136,-0.9643946002901489,0.2326003379522048,-3.92570413552511,-2.06496019712009
-2.904146514638167,-1.0124237376370122,0.2864706655616291,-3.7889402915666626,-2.0563473988181378
-2.9102845196384344,-1.031198215239281,0.33595135114534747,-3.687995164973254,-2.0434672595723327
-2.9064076328577686,-1.0225129699009574,0.37009969142698723,-3.6158012312998027,-2.0260136714683536
-2.901190785415973,-1.0095483889868238,0.4116475542917055,-3.528077157100619,-1.9997275708324393
-2.9080456276385376,-1.0193691908886209,0.4622952923692502,-3.4766072779779544,-2.005400711912409
-2.945913405974096,-0.9955916715788686,0.5193890272989475,-3.4513595416576575,-2.010275713342363
-2.9552307828084023,-0.9754044933098474,0.5408015877143018,-3.4328271451039845,-2.007614013712356
-2.977544463752253,-0.9511287460273834,0.5380797291563161,-3.440078957192177,-2.0096054231040306
-3.0041018999449203,-0.9255491491491167,0.5664691243357047,-3.465382177870713,-1.9869819934023871
-3.048642721243177,-0.877271908852538,0.5703005447294848,-3.5116866437854255,-2.0030824415528503
-3.1002294850349217,-0.850615879891598,0.5672591939191027,-3.565108804564583,-2.0076396336575937
-3.1526802998515104,-0.8016172435708787,0.5715404391184763,-3.6490426103237352,-1.9902436921497089
-3.1755053136157647,-0.7643216231608682,0.550106507771767,-3.761124034936856,-1.94798684579409
-3.218736100074648,-0.6744009995082092,0.5159257210379604,-3.8608450529000744,-1.9414253853781351
-3.2559836627067646,-0.6177567211891739,0.482246600448969,-3.9681355069158424,-1.8965533777509114
-3.290925385762314,-0.5490510207520345,0.4380012890520026,-4.106177332823642,-1.8793389365412196
-3.323622779528926,-0.4560686227882758,0.37686711471459894,-4.2477151595869165,-1.8356893398269012
-3.3605170490498844,-0.37229405196732024,0.3111169539311241,-4.382813751413191,-1.7840465557274159
-3.371718864401992,-0.2870021884757974,0.2469602350717415,-4.529578646098401,-1.7076867494294241
-3.3830008367753277,-0.16897809778040426,0.16422130745203747,-4.673485173071071,-1.6331704333320831
-3.4208133044625773,-0.07997580103503192,0.07628532988537229,-4.801653499329018,-1.5623654971479755
-3.4458055606462623,0.050931836012033584,-0.01879512914772804,-4.9215957718131325,-1.507149558653473
-3.466210495648544,0.1624051566104688,-0.13903267733090113,-5.036380392807228,-1.414964237599456
-3.4897931179763475,0.2888902415242964,-0.28285577364419207,-5.136334485166425,-1.3411069294133324
-3.508891952102028,0.4342735856473086,-0.43526008750796785,-5.219029992521211,-1.264279284014915
-3.5479233106748005,0.5704099522477343,-0.5755766366213867,-5.289597814884543,-1.1983453449801524
-3.5878746876036205,0.7243753802992802,-0.7340784606747132,-5.3303169582707035,-1.1068505934979036
-3.6192386802088263,0.8824813488669943,-0.896454962430018,-5.343899524774958,-1.048145953890483
-3.6644715461168498,1.0690524808136668,-1.075982984042318,-5.33853731199292,-1.0129866473834157
-3.7335778672652435,1.2700872120343254,-1.2294477433785076,-5.298786462854022,-1.0088281884896375
-3.797180993942525,1.4764119021864082,-1.3926801388633914,-5.240149826958648,-1.0278601514740002
-3.8753605948588525,1.7300389229354338,-1.5744514647005632,-5.174949168925696,-1.0712309777458997
-3.9489417994915232,2.0031573617980394,-1.7295559008064092,-5.087878066165619,-1.1649180745068544
-4.031851440386475,2.276476928890488,-1.8743921208413412,-4.995593967393919,-1.2686201557246273
-4.103283525532764,2.5802794610642685,-2.0120552831120326,-4.905064728262227,-1.423305688024724
-4.180668542309804,2.8842314616236693,-2.134384486070504,-4.809465569236431,-1.6111114953424783
-4.246382196858216,3.1821317179793955,-2.240005148034878,-4.7173802244097764,-1.791110157265793
-4.314458392873247,3.4974643795362153,-2.3516299297961765,-4.610780842882309,-2.00022720243472
-4.365596728261132,3.7853974182839787,-2.4396123131910206,-4.535119377039972,-2.19681367807929
-4.401954077051735,4.0598883258685525,-2.527121825215873,-4.470935171990096,-2.3848202056784946
-4.427898379237368,4.298565564957843,-2.6107110293171734,-4.400381140194764,-2.55534567638542
-4.44775683009291,4.5247464806817215,-2.7026254298655576,-4.376191245701335,-2.7001055856230485
-4.46073033319854,4.7342089112373555,-2.7822661196729315,-4.3608721870054135,-2.8255451917636116
-4.449051944267567,4.900270362187689,-2.8593362341655215,-4.33955718700964,-2.9274064798280848
-4.453002231854028,5.065588779624569,-2.921137693382837,-4.346082986123003,-3.0082509884231685
-4.44660127729883,5.197988796134016,-2.995025225732993,-4.358405682012303,-3.070860906059193
-4.4351986277711735,5.303754447154584,-3.0623635214132614,-4.372264555652639,-3.1251983914233348
-4.4293118544495815,5.4045084605350215,-3.1102459581381625,-4.392133760023903,-3.173862672737533
-4.4169047120372,5.478855159409604,-3.169696690325318,-4.406886547003543,-3.1967537338290297
-4.3996384624720655,5.557107091629657,-3.2116526146485955,-4.4288661955662985,-3.2182466809350863
-4.397235691270777,5.598234663849219,-3.24391552985587,-4.456510263765187,-3.231892673387606
-4.4017589380328355,5.636693190927162,-3.272861115550921,-4.471814103809741,-3.242677271002498
-4.3961130282645104,5.6811787002876555,-3.3011012565996136,-4.490232875972697,-3.2614427365351095
-4.3912195400355545,5.692950272084907,-3.316212384948026,-4.4928439789804,-3.2517650790475665
-4.397830039277769,5.710754395504779,-3.321290933339054,-4.500860747906504,-3.2653270098707576
-4.385120309202465,5.71621534362903,-3.3273515308625616,-4.497898382339642,-3.2680684503015205
-4.396829973739769,5.709954885656402,-3.3204003829912723,-4.4919683324278195,-3.2709403295960344
-4.399166731041539,5.695614867939054,-3.3012079833890207,-4.482328763256937,-3.26877170185704
-4.406352921938686,5.655343809614931,-3.2780319866386547,-4.463713552651276,-3.2637436517506373
-4.42930527616311,5.611083834460194,-3.2406552061283995,-4.43489237013602,-3.2659438977275985
-4.451406559058211,5.510089237617009,-3.186483674880048,-4.408656066000696,-3.2616426196139945
-4.509066627779012,5.370502847009502,-3.1029713391857183,-4.365423112132594,-3.2450734682532976
-4.555713230002712,5.129421284893866,-2.988792430430595,-4.372832951537759,-3.195219837308556
-4.602406004961312,4.7587622158736025,-2.8292872112466028,-4.401638475839508,-3.0932222818964803
-4.589490456700155,4.135911978941183,-2.6233638981787473,-4.498460172383995,-2.86145975225604
-4.452939446628521,3.2469947266068515,-2.235765119065905,-4.595743758246796,-2.5399959998139128
-4.141702834422486,2.1641210273521203,-1.662507557261504,-4.630045986530906,-2.1980325566727283
-3.7786675337303124,0.9780461398783249,-0.9997786831395138,-4.673619417170701,-2.0287967369232933
-3.4618254352071185,-0.32330461058645404,-0.24708495387145826,-4.496130242699318,-2.1980186549226604
-2.9532830895538376,-1.6142650542701593,0.4762402076780616,-3.7814407240954715,-2.565874415925366
-2.1528765456642067,-2.5617014425014397,1.0886916269520563,-2.421590272639128,-2.7867077965484874
-1.173220553473166,-3.135506092562096,1.3750672509912514,-0.7466811540980944,-2.800503032228457
-0.22026526855253503,-3.4362096581920047,1.4311851094428945,0.7115823278055353,-2.80956712342075
0.7167613240912587,-3.6918772359145344,1.4909222275795686,1.7627272155529579,-2.7189037650403054
1.5959523679085161,-4.006249599943227,1.6401607327655345,2.44886867528353,-2.515278591268629
2.3346539513325975,-4.32821872673744,1.838459290598,2.845981581055505,-2.1829275086103843
2.980804952078165,-4.613790884315882,2.033864964857315,3.0443233663684857,-1.7963126490994163
3.5036870668920153,-4.880012357106735,2.2156061001837695,3.1387768163198406,-1.3912840608762735
3.8976111662837813,-5.087212396501858,2.3707547847884896,3.151491957272227,-0.9695799881767564
4.2118780467528705,-5.234276695016745,2.466080461054802,3.144743602563138,-0.6158407442882946
4.432035480040533,-5.351558456845885,2.5249877622862913,3.1216476726552194,-0.29511877683897925
4.620018615375401,-5.424118423318541,2.5513782104619547,3.0943341516411453,-0.007898376473393899
4.747500788869063,-5.480745604475328,2.5864935594052816,3.0725953813137625,0.22215029100804162
4.841400368495983,-5.490018362298079,2.5935222057193372,3.0556572255667795,0.4374435277435736
4.905378780505152,-5.512901037460309,2.6023085260535592,3.0403844766443044,0.6221411893359253
4.96193650719772,-5.5187525824351615,2.6057123180979596,3.0235609221430373,0.7705903781868757
4.990723510700788,-5.511910291669186,2.5769363325073344,2.9952510374917174,0.9071054220021803
5.008105244072788,-5.509495030004643,2.563113892406222,2.9885790080346926,1.0447813937722619
5.0213899521891046,-5.486295818248512,2.565532532559392,2.9941973236900328,1.1588484925404836
5.023472193395655,-5.477839825949099,2.544661431453512,2.9879286221707146,1.2501791807807383
5.028251873459124,-5.470774918471456,2.5405377501389093,2.986760275521997,1.336138842050161
5.033108500616973,-5.465008868415693,2.5184482732566673,2.971781026140152,1.4233650553286192
5.014472736874783,-5.457094244496485,2.516858749791441,2.986837240565851,1.50756102639321
5.0215350582516844,-5.45170941321068,2.5128281168011917,2.985311775323632,1.5834382266433897
5.021214498508305,-5.447394309445611,2.5094425675205256,2.9968754865923075,1.64801343999901
5.010103168370809,-5.436377441376601,2.4988036006487007,2.9843650199021923,1.716277175870999
4.991358466435712,-5.4314059959480785,2.4881955123759654,3.00133089111183,1.7737297761731856
4.987246997290952,-5.4285675747659825,2.4835082797528556,3.009508080396425,1.827498112143097
4.971264147408301,-5.439113172074343,2.479517286803729,3.0158428677937956,1.8821039018877042
4.963192283572757,-5.42971498602473,2.470170434009206,3.0103718755407964,1.9372571802557643
4.958757112003475,-5.423760932772832,2.4645568842703893,3.014780882021055,1.9675057653134902
4.94815883798021,-5.428931971745127,2.469450121201304,3.0310303117356976,2.009901986268879
4.935107232739334,-5.420558048302169,2.4627892572636227,3.0273412502319954,2.0636438898052574
4.916233267557538,-5.425682288214396,2.455094144154859,3.0348277119576634,2.095671163312546
4.910849680731378,-5.41835433809796,2.4414512750263184,3.047684382228953,2.130793145099965
4.904274638200495,-5.415179394614222,2.453574731790079,3.0492913800367805,2.149236423396908
4.9037357356693185,-5.420796856979967,2.4390390514455005,3.0611012602712924,2.171012145106022
4.8995110001433435,-5.42278645149917,2.435712843467232,3.0622318777819983,2.1951597366041735
4.883808969728374,-5.427694462193288,2.441061395877593,3.068215152542316,2.2149486808978907
4.883463875236291,-5.420300540059219,2.4374971119969944,3.0721825419317783,2.2140081705644605
4.880958025269727,-5.41035344161395,2.4313814348790226,3.0582341949162566,2.2344219392749194
4.875852952912339,-5.407771899617799,2.4206717176692343,3.075525481783722,2.2430967170460305
4.883371079371426,-5.408627635380786,2.4289400102559284,3.07247710831195,2.2438467856920528
4.8813365137742935,-5.409846046602339,2.4182872750684616,3.0685971267442076,2.2410874348265075
4.87830383534581,-5.407691378552873,2.4276599004813426,3.071893433976593,2.2409206682520577
4.885840127988116,-5.401768189438973,2.4259613335278667,3.0574278324079565,2.233304528771266
4.882847053291438,-5.416202227984819,2.4257010298140678,3.063051299068278,2.2125303880039233
4.893623563713685,-5.407397244161572,2.4282712803181075,3.055666831309135,2.188613280223168
4.907630477007415,-5.405433114906727,2.431298343682006,3.039464399074938,2.170533126225648
4.9259116397045,-5.398101311196776,2.4206857293875923,3.050891775065989,2.1509495389794395
4.9343340279819765,-5.387905851439614,2.421915985057146,3.037883810908487,2.110307169512841
4.944307836291696,-5.387745092726666,2.427864059317593,3.0151775526782365,2.086312657531469
4.954066767763087,-5.3860971634558,2.435847198592062,3.0074541145388927,2.0416108483003272
4.961477511044376,-5.364946661148293,2.4181473503379305,3.0061285106910107,2.00479522506373
4.974256540679627,-5.363550476868032,2.4265494959088523,2.9860210284271282,1.958441464770472
5.002048064982027,-5.361369450358666,2.4215718153111796,2.9814939037211023,1.9027855429513738
5.017864107243222,-5.350853253793015,2.4352861428852957,2.973074271785913,1.848111872957379
5.018663558419526,-5.349072455816214,2.427775783809203,2.9607111903867915,1.798524191483971
5.04542207428499,-5.358079315445171,2.4257201310506264,2.9568972354343357,1.7381179459341374
5.0594719327189885,-5.345385538882365,2.4178656623373165,2.9504953096361897,1.6751339709933128
5.060927533669145,-5.343403181964641,2.429018107922906,2.932639432762286,1.611801333507109
5.069526830506004,-5.342016758935143,2.433587246677151,2.9370799653816793,1.5375893146248432
5.071849712041852,-5.3309906354065095,2.428629753341234,2.9303434428544195,1.4729879279311253
5.07682111331658,-5.331541010579827,2.425316603988606,2.9255070141318145,1.419017524086446
5.084163090492193,-5.326248026099587,2.4348772979248077,2.948491288958385,1.3502124464022511
5.086775801372131,-5.33821880611588,2.430364298208826,2.936025155126273,1.3079954500228732
5.085619630471342,-5.3263124980799335,2.4352950089117402,2.930456339205496,1.2574228948632409
5.087604816164942,-5.347108974191276,2.430543931377373,2.932116041702479,1.2217930193484832
5.085352433002918,-5.348825006659752,2.427157372789036,2.930542307872319,1.1773854408770723
5.074968190684072,-5.365553899619976,2.4426629850438024,2.9360147652918838,1.1448101221482103
5.080755131727433,-5.36268067276026,2.443028215461379,2.92937999812845,1.1181765347024464
5.076178386389776,-5.3707791492723285,2.4468063246711678,2.93256534848542,1.0789862227170242
5.071709296771034,-5.383356039569367,2.464795780309528,2.930589619666282,1.0733285782148598
5.090511979346437,-5.383662976614069,2.4685979630019097,2.9367353916760712,1.0774072892265527
5.074428618139061,-5.388550287225199,2.4672078157213435,2.935453837021307,1.0906547731299097
5.071825994494233,-5.396494981340849,2.4608005541779554,2.941401168684463,1.082725058317029
5.0740472849440375,-5.412323638377347,2.4808725243812053,2.9352471101675355,1.1121873672643123
5.083158040380351,-5.4156927571037965,2.487722701507986,2.9384191796702743,1.1434537878211315
5.084729791560965,-5.418087761832058,2.4847380883474437,2.9320054550519785,1.1791408458187684
5.081148040341746,-5.422939876635384,2.492453992169152,2.9500437077894484,1.2169706772783313
5.085567339686072,-5.422739445368559,2.500115999885412,2.954263398966666,1.2679291640256374
5.074185703370095,-5.432738890611782,2.4940669552548966,2.959293525314832,1.3135266808909345
5.062636817377628,-5.432752272855343,2.4980604511653097,2.947170809876614,1.370431310542039
5.043016669199264,-5.435847782615202,2.5033522799207026,2.9656524737555956,1.4273469523300182
5.045699893306303,-5.433465245862664,2.5008207024325917,2.968331838962413,1.4809785376967055
5.031043069194886,-5.432899659164879,2.50587538605401,2.966291290300192,1.549151669596817
5.025682897800672,-5.429841677631943,2.4891987568207563,2.9624069401638975,1.611880427506187
5.024632720671061,-5.436839110546883,2.48638244530448,2.979168685917376,1.6654383402404083
5.004502108256299,-5.437477314892743,2.488529614053775,2.9811212751062626,1.7433800014868444
4.995838793116572,-5.430800341773708,2.481620441351214,2.998569961818676,1.8069740874776614
4.975037787208408,-5.4295003540893445,2.482654633727475,3.0011004386600817,1.8628083285377919
4.9654164158513225,-5.437005904223653,2.4754308973067727,3.004319451345455,1.9181037158309036
4.945394895279964,-5.426475858960257,2.4723156253484957,3.0202772152059,1.9806365266977544
4.925353105507319,-5.428736944786415,2.4548065445078264,3.0375803675623723,2.0352174347739895
4.913069511440589,-5.434897238013715,2.4574301444673075,3.052803812108181,2.0852827369188076
4.906612022263425,-5.421943877318927,2.4562865426847655,3.060112518924348,2.137766615430884
4.896390653740833,-5.431984889391475,2.4507359875946593,3.066261317944382,2.1716470124712037
4.884071289546412,-5.4274101057491135,2.439420823108522,3.0762507603308893,2.2214250054094715
4.879250796477825,-5.426259086954727,2.443048035257767,3.09694202510581,2.251046505099526
4.858395203457607,-5.417492416352048,2.4274511414479174,3.094951189386138,2.2966067243770056
4.8617903756929755,-5.423096590389226,2.4276424645371044,3.092888553543327,2.3083647312343154
4.844597428263121,-5.423622913819337,2.4333845954835778,3.106911887016128,2.331790803534402
4.8392430247285905,-5.426023059577955,2.4184653954691564,3.1043896097953283,2.356045648977812
4.8362003418599135,-5.41562922353971,2.425659013697433,3.1213263183015014,2.3638971992024502
4.84386361186538,-5.42916555024557,2.4159833287939723,3.118420628953857,2.3707040239363453
4.839090778836374,-5.417609493143385,2.414080406556669,3.120070323400962,2.3753965308279157
4.836986573459663,-5.4121440061162165,2.4271095999586,3.1076490313388856,2.367997112361439
4.842180726380221,-5.4111217083400955,2.4197950787464824,3.1029566486136755,2.3555007540722537
4.844445584305344,-5.4027012590161965,2.4155721428844905,3.105026953942243,2.339025415634082
4.858168116165806,-5.419379445232397,2.4217019444751515,3.1025856578265056,2.3226614114080295
4.857827037312107,-5.401887768085138,2.4288129612635836,3.089848511568682,2.30453261979117
4.883561536738165,-5.422438304218802,2.4254178738246543,3.071584495586253,2.273252593158432
4.897378645119464,-5.398148225674448,2.4220439323736347,3.0682125333087407,2.2316918184363073
4.904893221003059,-5.394349213918613,2.426293645131634,3.051528751545782,2.1981371080246452
4.922914956096542,-5.382745903509153,2.424197851482831,3.0331400318784034,2.1464666343528234
4.935459963806095,-5.370240707210975,2.4227179355644073,3.0193702400734237,2.088542633060162
4.956043908932652,-5.359972696209663,2.4189245725085042,2.999372585649563,2.015752496426338
4.983861489119058,-5.359235150498183,2.4226498099586826,2.9938786422811394,1.955186907384653
5.008435508780035,-5.347155401297125,2.4174053938082047,2.989564215138052,1.8714797956463132
5.030078305099714,-5.323080775641389,2.4062391182911154,2.9750963446480956,1.7908655334718577
5.043450107095236,-5.329463409789782,2.4072112721500276,2.9524969477679455,1.701036560202435
5.062586845293994,-5.329302315231097,2.4151057895733157,2.944489613095971,1.6035791807170103
5.081496802185539,-5.324173547102013,2.4146848030085573,2.941373967014514,1.4902671160647794
5.0844646608686555,-5.3049786473937175,2.409433721488175,2.9365675731156164,1.3880856148074134
5.081268455253444,-5.297121509343342,2.3986752743418696,2.9427786358759893,1.2753142894070102
5.095506550112994,-5.289522709738314,2.398485589886042,2.943289873965629,1.167269392441525
5.093302502135779,-5.290146408976828,2.4006432225504315,2.9371266235615887,1.0644498385755108
5.0764865942445265,-5.287624919694057,2.397234032479046,2.9483309287111967,0.9573713419284509
5.066619713086709,-5.278766568075767,2.3905960707515597,2.9395515607286087,0.8527128187030918
5.054026140251858,-5.28436557367286,2.400658150981366,2.952524837148275,0.7604875249029913
5.047083254798848,-5.292254400870608,2.396090193880856,2.945818070826542,0.6764867310018038
5.0099485737543,-5.300024943481636,2.4134643459522724,2.948975952403206,0.6086184066749645
5.004455025620441,-5.310733921924159,2.4151165687687923,2.9722088766217234,0.5601408448768873
5.0036948755548645,-5.302356335803911,2.424291701013531,2.9576038677509424,0.49985623146406105
4.989589468084809,-5.315199765785244,2.4377597354439113,2.9707939080551533,0.4497947567836616
4.986462657493958,-5.330509498837608,2.439152568280288,2.974302643521701,0.42168506194873423
4.987792686442946,-5.353739914641271,2.458710573459834,2.9687708651427207,0.42946591821492536
4.987963227898918,-5.369444707060605,2.453215278896595,2.9770878888023042,0.44221733052583717
4.99746234427873,-5.395725968762807,2.4825286599502046,2.9696320762183315,0.4533022384519952
4.993129524947703,-5.398231104415835,2.496705316913348,2.9684024661972837,0.4813633272736304
5.000794694605399,-5.417104013647076,2.505280001410595,2.9840507361720428,0.5366839733755348
5.015875619879354,-5.429492924666715,2.5037710399255295,2.966298206996963,0.5980773873011658
5.0265568684663275,-5.451394732399416,2.5184323965973605,2.9682874381606306,0.6475430915291971
5.037376526833124,-5.464977802372459,2.533590753783328,2.9560600629983838,0.7106725935771867
5.046128771178937,-5.462244876807953,2.5217593823605893,2.9648795967424553,0.7879028909020261
5.0530995097555405,-5.4646080285043395,2.531627453335121,2.9616794065424057,0.8829761936001777
5.051514312393278,-5.467697762446419,2.5279500302056634,2.9659567672958764,0.9892988160205198
5.057046069823217,-5.4716981749435885,2.5227877948159123,2.9732066421939316,1.0701617473915306
5.065959344367489,-5.466148640051492,2.5271862011465505,2.966392864836095,1.1784953755449241
5.057051607236798,-5.464279993921184,2.522513231042465,2.964578278252773,1.2834119381342644
5.0421110411466135,-5.463438003670681,2.5183035456985214,2.9666835187413363,1.389963250688051
5.033799645375994,-5.471314313077766,2.5204600520721434,2.98012199166459,1.471548482124034
5.026096867610134,-5.468913433529481,2.5197453212836756,2.9912969500124773,1.5868710306071714
4.998631260676122,-5.459136107700172,2.5127296618436854,3.0047337095553193,1.674969517979416
4.990862407992693,-5.461161038043173,2.5004075799920535,3.0179404797364704,1.771354891851559
4.95657651190304,-5.452442943553406,2.490400316930405,3.030578801583505,1.8587990956655187
4.939865460685729,-5.448145821050548,2.4810447146870835,3.0370032364535895,1.9503596729814983
4.920646770782077,-5.446811534960014,2.4743111065529493,3.0516031944690085,2.0115577139229854
4.900743391819044,-5.446414404003105,2.4648104842319785,3.0620164428446768,2.1065806646290803
4.884729284776032,-5.447580542603025,2.4591055101422454,3.0735002015885695,2.173926613772439
4.861262820266638,-5.44204285630351,2.459264527373533,3.0972199950176984,2.229263118690705
4.867608128397173,-5.446921692642485,2.452290044891685,3.1184310645506788,2.2866842250016637
4.838079887186569,-5.459616361050073,2.4439219054395367,3.128228968303694,2.3356718090754236
4.829666625153355,-5.4526465645347315,2.4419933865993633,3.1413224432356928,2.3748787868974315
4.824727795845889,-5.439757158752856,2.440932273021085,3.162396499357072,2.415939652422192
4.795583460096516,-5.443850499834875,2.43860734420953,3.16589121880927,2.4479214294136
4.802867223314339,-5.452686538881139,2.426710806441449,3.1698469375398206,2.470619110165072
4.79250785051022,-5.4383698416828175,2.4115038629198007,3.1765523959099333,2.49587556511942
4.791121563933997,-5.437285794795305,2.414784582322828,3.190706630911579,2.5064659181974336
4.8022792013610385,-5.429269364454159,2.41398363084129,3.179749977058437,2.5100183596096417
4.786620487159919,-5.4380818653695995,2.4162745976719386,3.180571510061872,2.521561349816954
4.796703935380922,-5.439228982855163,2.4148361912389373,3.167055429649374,2.501399729400039
4.80283748166027,-5.429345989386949,2.4095415490958194,3.164615992095963,2.4877287000455137
4.811970625712522,-5.428035205871744,2.4039068437522735,3.150168045949225,2.474907559973115
4.82176987329247,-5.42776951795081,2.4132238024105783,3.1396658601243095,2.453067514408527
4.830597530701095,-5.413394342461724,2.4136031584739976,3.117694743311539,2.4046439980969603
4.850545363835598,-5.412437378046164,2.413139229758516,3.1052463248994795,2.3570595320764762
4.872840405616564,-5.416213023704451,2.410401351463074,3.081457670106289,2.296282940574003
4.890911547511058,-5.39023219903759,2.417388036317961,3.0661861168199853,2.224186262724359
4.925756625659499,-5.380410772638954,2.42881262154934,3.031008310138894,2.1343207580794856
4.959350280419188,-5.356896175310908,2.418326972709412,3.0226666793331503,2.047778956001
5.003417165926804,-5.35375918127383,2.4116348585332656,3.005402016240154,1.9250422937110279
5.025279606772628,-5.335622983652666,2.4019298821377264,2.974011278406268,1.8011389223341514
5.0573370383538085,-5.29844831784327,2.3958466867865296,2.9565405966979776,1.6582381991634254
5.0752321660208075,-5.290233803808509,2.392060696089135,2.9473292056202176,1.4949955155851715
5.073967930337184,-5.258650810225936,2.382889524335491,2.939165219236832,1.3257348574042178
5.066724021525894,-5.222442843982747,2.372598036988898,2.9467965897227923,1.137421183655002
5.042983861131644,-5.200835001814197,2.338618096465225,2.9552974793831726,0.9406963517383011
5.021037207140943,-5.162635248447054,2.323691735299201,2.9712450922576497,0.7186752176643506
4.979019741680348,-5.11562416574767,2.3231308121394023,3.000795938137033,0.49159582681209424
4.925049380420762,-5.065461992319403,2.290376498581925,3.0116346328385806,0.27409790143139223
4.868062181872458,-5.026415514968906,2.295448420205604,3.060219698154446,0.05488118088313763
4.816551057198315,-4.9486538580217605,2.2659612823536,3.0820343142336615,-0.14806590127973265
4.7438251678461105,-4.900927936333229,2.2502817803640895,3.1349250992298194,-0.31789714667765445
4.68365580154765,-4.842398531546675,2.22871823471999,3.1544391095448776,-0.49019601442338645
4.630145380259521,-4.785619911705357,2.225144745648011,3.1808885602390666,-0.6114192043479755
4.578668753056137,-4.749634076187745,2.1997974826759177,3.212763485652778,-0.7195544073935419
4.543074001577881,-4.717373641599974,2.1882981416252596,3.2530088823941767,-0.8080140714566266
4.481856595835875,-4.696807226990851,2.1846887226710416,3.270714951275335,-0.8927114895205579
4.472333318192847,-4.688771332562039,2.184112830070624,3.2973502415432465,-0.9336165406253031
4.47444917342946,-4.6975989529559055,2.2045687606284536,3.3140010817639576,-0.9661378530770043
4.445386121941609,-4.712463537971057,2.1931309025608967,3.3282496458247977,-0.9879579862047764
4.4620334739848415,-4.744742357776119,2.218666221643278,3.3315018951274755,-0.9974553912964459
4.476189357977312,-4.780376848736833,2.2282989300882363,3.3380088030367623,-0.9854272521447279
4.499604364491136,-4.853100919327949,2.287427307960501,3.333081601714924,-0.9347437579618687
4.53339035968579,-4.919549408986345,2.3202087730448375,3.3129606173358206,-0.8794334085999178
4.584693439367866,-4.994526534219541,2.3523077038493234,3.2999260161710744,-0.8036806369767892
4.6126067143513225,-5.067066648593787,2.393305712251357,3.265483339399841,-0.7289178765658175
4.656743140899552,-5.147778447859979,2.4295491734493027,3.2349536676554087,-0.6193362922704356
4.701758679070683,-5.205885609535864,2.4632993264050738,3.2039494207406816,-0.510392783019227
4.770903840237503,-5.287785738290916,2.5006977226912,3.173720923606844,-0.3960694203555489
4.807516567519003,-5.352461620833372,2.5244497065699094,3.145298377001795,-0.24250967173110302
4.862222543347776,-5.3990634960846275,2.5657919976337964,3.110812780647951,-0.11531221037585881
4.896439865637062,-5.46578201918672,2.5681973892780836,3.0826389583209166,0.05044918817500106
4.943208145159785,-5.50453046722634,2.5813247578587584,3.0625282848543884,0.23006169503334817
4.985416701240266,-5.519972432446068,2.586721621845508,3.0489575533833224,0.39061410397147617
5.001332094774377,-5.546559742041959,2.6070479826390374,3.0339784923193416,0.549022791964376
5.018028358672104,-5.55553037869474,2.596494770470507,3.0196222501309213,0.72677060349819
5.015824351331911,-5.549870927133107,2.5928338590931643,3.0103215531016994,0.9042695332341051
5.035220752693197,-5.540241011638389,2.58564632301805,3.0030717966084635,1.0826742618439937
5.031279269381573,-5.5432250886895655,2.5841200706023675,3.005538702259374,1.2430334009242854
5.019580101852879,-5.534391883950254,2.5750025124829485,3.0183064837480615,1.404632721163786
5.000933831469152,-5.530896133492964,2.5700738125577822,3.0240503995629107,1.5497043091775937
4.968131863341302,-5.510891902410671,2.548108700447218,3.04345264970849,1.6902095253764984
4.938552004828069,-5.494027331263856,2.536233611807914,3.0558169160654947,1.831188074716104
4.9256479658304535,-5.501262614096275,2.5182911188515975,3.0691591949727624,1.95249837226711
4.894413174827234,-5.494394231260063,2.5024736549101423,3.0880037588876283,2.0682337392218875
4.870280717458836,-5.486737592098994,2.490272999705186,3.118024411992508,2.1782175760833136
4.842873435146537,-5.4671694514678135,2.4883030114735987,3.1360783654648436,2.2805266645877067
4.82504341113654,-5.47201607045408,2.4662949668220517,3.1564463539762433,2.3582225055229116
4.804342273054998,-5.4617683953333245,2.447542794620563,3.1871097104188255,2.428797318495161
4.787161727790458,-5.455516877625847,2.4444029617095184,3.2116871267636014,2.4846087129753487
4.7757141055862835,-5.452549093493365,2.435868914021117,3.229192816809422,2.537391093818363
4.764983394903507,-5.460691968814164,2.4252773725915233,3.244466347696804,2.5875581689798017
4.7480770350184365,-5.455485824426064,2.43011004418828,3.2669222745129107,2.6257655164996785
4.7404206040161725,-5.457046751197296,2.429550203894103,3.273458162809818,2.6622946467266613
4.745502861909616,-5.451312622200703,2.4294677369082147,3.284833557143479,2.669042765548429
4.7324960083418475,-5.453075544763682,2.430907791227738,3.301730000133549,2.6865303368543567
4.7324897326881255,-5.449864228403928,2.422171441687248,3.2880523074480834,2.67554637848154
4.743766908902823,-5.4579575429210365,2.4209977002355014,3.2784541105752156,2.675717443915119
4.751145743028466,-5.449214656417021,2.4243858428165184,3.2690098330400783,2.665747858856648
4.760788750796218,-5.4414487540648215,2.4215885369813237,3.2507284630852755,2.632895867216556
4.7685959179507345,-5.431581257968144,2.4133838234128397,3.230265716375235,2.5979718197225448
4.785342728560871,-5.429799626058625,2.411233996281419,3.197808822302894,2.5579897632147683
4.812864732246876,-5.427175101734563,2.4161425957383247,3.1536773810532925,2.4907926021297824
4.84245561490388,-5.4177224725743525,2.419377822462148,3.1292224431003253,2.3938232066365837
4.877202151819718,-5.396529467252444,2.419512844224502,3.087779902629016,2.2899421815351078
4.918756827448888,-5.3857012859570945,2.4242690989451265,3.0541393769067735,2.152605825977496
4.976306167382757,-5.346543142297512,2.4120254336077953,3.0196240976711954,1.9862139766176303
5.0240617879028795,-5.304047722081893,2.3909895726427273,2.985424969702299,1.7984543173127463
5.049793927175934,-5.242826285502721,2.372965316808226,2.9694725064009124,1.5561377506855878
5.063683188803867,-5.176535507265381,2.32228427507042,2.9680085164614884,1.2456855454719462
5.020535621809759,-5.067383382623064,2.2841305030350347,2.9884696340739563,0.887401343153051
4.935560065156143,-4.897411299842444,2.2134539547948053,3.0500034267724283,0.4743159461515074
4.787667401422916,-4.675038035954808,2.127193643292607,3.1286456677069645,-0.0012395377039525904
4.64395930302674,-4.382470414473572,1.998240080192402,3.24304951576105,-0.4479740269352987
4.437274323151069,-4.0205608516668505,1.8180207998913966,3.3610002924210907,-0.8457316503178419
4.203839303987492,-3.622397092383018,1.5805283120888702,3.4997408570359525,-1.1786530865522964
3.950960998796094,-3.2248862210565044,1.2970347326981133,3.639533008856286,-1.3917922433707193
3.6845925851542685,-2.838538969871421,0.9868043102842025,3.737130263465099,-1.5281389746313416
3.4070984011546197,-2.4897193218283387,0.6854770676001792,3.849460913450276,-1.5769682253905233
3.1078887879494954,-2.2120391416481553,0.408928064171356,3.8994883020222537,-1.5381576634535299
2.795350271597247,-1.9704530106061064,0.1485030553995916,3.918558257405242,-1.4282845193399722
2.471460017764195,-1.7597006896177143,-0.07358388772777645,3.87742143837073,-1.32922140763779
2.10357810230603,-1.5733141207284225,-0.2599065293640554,3.788408908530988,-1.1931681337002675
1.7138073167638816,-1.4335784699527543,-0.4293166100769426,3.7083248844688854,-1.0262707518793794
1.3023848873308257,-1.304415043049134,-0.5710269002126441,3.585650578264822,-0.865009699764155
0.8975498031401309,-1.221590701706185,-0.633590510197106,3.444677305161367,-0.709072695409092
0.48782287521451473,-1.157219844010058,-0.6463249526876111,3.2719106375817057,-0.5672388244666324
0.10185584199777425,-1.156394020519192,-0.5851596827171511,3.126883246279007,-0.45874383730017765
-0.2592313090486764,-1.1595618123674127,-0.4984366983094109,2.93615059486226,-0.3987963201283278
-0.6016737989691735,-1.1893129230480954,-0.36716410495856594,2.7411531365772484,-0.3747409121059183
-0.9296654763039345,-1.2404829862131448,-0.2009631622616446,2.4900998865925246,-0.39768875118393
-1.2067144891570512,-1.3141261083195321,-0.04117678102636044,2.230380159388408,-0.4800458688140391
-1.4487435081811642,-1.4040932426495167,0.14178086818443703,1.976054897967478,-0.5954310728141625
-1.6567319952753812,-1.491453902687026,0.31608527320377144,1.6894398830823303,-0.7181730552323227
-1.83681631511334,-1.5801381504022285,0.47079996891557957,1.3867465361310887,-0.8812254801089224
-1.9649440176961128,-1.6406987383679732,0.6490038550900448,1.1153657699034933,-1.0355595653332461
-2.0718628911874144,-1.6866822315028003,0.7610511579933842,0.8645839351038481,-1.1764426004106656
-2.170678942136695,-1.7340672167646984,0.8498237354698357,0.6244678848724172,-1.3215545631818908
-2.253829181123529,-1.770642323901757,0.9529305052049296,0.37430240856144986,-1.4484938295987009
-2.311714916958175,-1.8069285839858986,1.0022937052927252,0.2026306912536986,-1.5721826105996377
-2.3750876202530105,-1.8308420322418852,1.0566871188257598,0.04578789849613453,-1.666080368966321
-2.416093465609833,-1.849906161653034,1.098346637248755,-0.10893818101862975,-1.7751553470903865
-2.4393516474363794,-1.842200261010146,1.0995764342003438,-0.2394765373312694,-1.8339089958414898
-2.4824739403106233,-1.8495230315692135,1.1078097195842327,-0.35528781437610724,-1.8988284347470177
-2.506713884045585,-1.8252363452233644,1.1303086070742212,-0.44268865927144796,-1.9534190924508295
-2.538931731047749,-1.838943740994711,1.1206634630139651,-0.5359045746781349,-1.987691696390983
-2.550244192786046,-1.8493400035811431,1.1055543757418942,-0.6059628211500405,-2.02617156417617
-2.579350247294537,-1.8431578310549184,1.1071760662396106,-0.6499427366522399,-2.0541217177155926
-2.6000975587377484,-1.814097224796096,1.134766407070271,-0.7071767126995335,-2.086315474368224
-2.627767832730743,-1.770656072910293,1.108555106621266,-0.7900994021697932,-2.0915365771401184
-2.6419220756176798,-1.7430566243219596,1.108763486798712,-0.8301022758803106,-2.093511246087287
-2.667039539380407,-1.7223688362960667,1.1065189305636658,-0.8548368803507865,-2.128839555164933
-2.6641376378772645,-1.701336737217317,1.1046520454154298,-0.9165551204635923,-2.12178154975654
-2.6713809728752853,-1.692859946898245,1.1113167326633442,-0.9796077088126481,-2.127050726136498
-2.689500020448008,-1.6728248299100401,1.1059812523862296,-1.0357416095688676,-2.142987108703989
-2.7240820591660424,-1.646327077650333,1.0983200787577394,-1.120541111187634,-2.157132179335494
-2.7662550830388453,-1.6278885518478277,1.1121346105752121,-1.2021790901548615,-2.168364770134771
-2.783420717678748,-1.5857311512944576,1.1081929126326227,-1.2897491134643304,-2.1625936313912875
-2.80647663909843,-1.5604829877861266,1.0838104582723973,-1.3955770621974501,-2.1805648379744964
-2.8280577325166028,-1.5102339690005955,1.0914915303577575,-1.482425075628925,-2.184112365054325
-2.8605719437675408,-1.4841861388850341,1.077864866835737,-1.6211344786409099,-2.188694310193923
-2.874016930016127,-1.4399006768829745,1.0663026918638074,-1.733328716257997,-2.181296552562523
-2.899780227830584,-1.3916512826227203,1.058646872855832,-1.8634466510144934,-2.1909408366610608
-2.9192222758199096,-1.3329959159552027,1.0304999520068794,-1.9939657432155793,-2.19309463256097
-2.9622874432082202,-1.2727518948149883,1.0147538446420383,-2.1508562410237273,-2.224688032707335
-3.003017287150492,-1.2201320406361373,0.9896115791663421,-2.2843436251667066,-2.2069585644886542
-3.055107481230567,-1.1713725355731741,0.9715528201585155,-2.4663176840369347,-2.217114981360191
-3.115640398183519,-1.0874556371870616,0.9231189272224152,-2.611899848696467,-2.216445982126539
-3.172903062195353,-1.0258460290871219,0.8821084005845968,-2.7898314313893486,-2.2135055424772063
-3.211016090624156,-0.9154562369348376,0.8675260459962468,-3.005138860377293,-2.1703781227976644
-3.255485542791675,-0.8133702591464113,0.8213050293207638,-3.2046523742752493,-2.1263139117972907
-3.3182400659179576,-0.7139459695367448,0.7665909261780923,-3.4215426963402176,-2.1006053007122443
-3.3501557321223947,-0.6230720059909416,0.6940055871288021,-3.6576863397783805,-2.0495212119979844
-3.3764504724531244,-0.500290590955473,0.6132332470263958,-3.9012103122399986,-1.9870303563159935
-3.4122812321085045,-0.38910351311389857,0.5287355967937554,-4.112751790960222,-1.9130540764978181
-3.4458094324157797,-0.26652951829404475,0.4105474970509722,-4.328895040128473,-1.832528826634303
-3.490414179544414,-0.15232436691826556,0.3030381356341814,-4.507804895627129,-1.749047336159942
-3.5113389864550664,-0.016708908566636888,0.15556025156117445,-4.70721017965512,-1.635214931341845
-3.549940908368229,0.10996034076878954,0.0069213915330638975,-4.8906821881732,-1.5320228466691344
-3.573092574602931,0.26608297287189825,-0.15330121061272864,-5.039757606647962,-1.440900489984355
-3.5922276895569465,0.4407942654207632,-0.3378491399321491,-5.158198681450494,-1.3302796917453983
-3.6378449434292284,0.6060391913286388,-0.5189302573636204,-5.243543744293563,-1.2292317553420158
-3.6688994057271005,0.8096145292397462,-0.7173918151474846,-5.27688683968038,-1.1630370309453077
-3.726112496117037,1.0224295984091738,-0.930112378245058,-5.300307860700112,-1.1129006128500982
-3.7927826144409122,1.244381405982414,-1.125789842346539,-5.2707789624830514,-1.0935939613713588
-3.8654633620310737,1.5074286667025085,-1.3127023532568325,-5.2225912667158285,-1.1238357891712012
-3.942926077941368,1.7904849169468529,-1.5053556481069512,-5.136681064182376,-1.1715906241467036
-4.026695112125718,2.0915958259893754,-1.6945234620358907,-5.050704189458116,-1.2849508359472657
-4.108733172840069,2.424875212799281,-1.8754033580830929,-4.941120494698605,-1.4219906037734213
-4.1825040355011485,2.7829500263611937,-2.0323451952420286,-4.830208033488646,-1.5985214379921344
-4.25270199446711,3.1194978813243606,-2.169240390034349,-4.722328671202466,-1.8028268589893488
-4.323425987078213,3.4647483489569133,-2.298468754523986,-4.629417853032812,-2.015924342394733
-4.375507948347669,3.7956029216733893,-2.41800184120306,-4.5436527753447224,-2.220186510545948
-4.402198886570991,4.093258846143986,-2.526897498435593,-4.460232321773162,-2.4106581701208594
-4.430563229903974,4.369766280450282,-2.627678391173541,-4.406528484588747,-2.5996340912567604
-4.438245740910121,4.603965580554462,-2.7273859155947524,-4.3773736056710435,-2.735907493922974
-4.438932233946889,4.819232180065631,-2.8128771258481016,-4.36197962267013,-2.868219173063996
-4.444920183236263,4.9975388514644195,-2.908016235637684,-4.355299366039335,-2.973720490671867
-4.434544662141009,5.1600128453262535,-2.981920383819601,-4.370399652423486,-3.049237528964428
-4.427023746249968,5.293953942161355,-3.0638280365135495,-4.393255966973421,-3.109519296202798
-4.411394988411338,5.407172239409586,-3.1213898398502824,-4.408739308224936,-3.1566879346825574
-4.406189424801682,5.489229718701384,-3.1815436852155434,-4.435941286444755,-3.1895029566299216
-4.398453752030058,5.554524065090982,-3.2358608334239065,-4.464672726331739,-3.2132581539847433
-4.397877364013557,5.62405580892374,-3.267074592086904,-4.478883930120569,-3.223069536457077
-4.388645417283581,5.6605156470007385,-3.297985297190948,-4.489113640655097,-3.242071665933955
-4.377987991475552,5.705159463646256,-3.3363010800329826,-4.5155677956427684,-3.2603898103503552
-4.374318389129332,5.721033272228978,-3.3510657934310566,-4.521697810069064,-3.264684462683178
-4.387892609298949,5.747242233607356,-3.3644860390594644,-4.538292621302093,-3.2745567021355555
-4.372945954027081,5.758186250269822,-3.3663588477968074,-4.533412328256885,-3.2705342511809534
-4.382136680888716,5.753498067538147,-3.3584915605799868,-4.524870923808942,-3.280930759863105
-4.387113779822839,5.742427856447433,-3.355311826869781,-4.514451734800476,-3.2771306922123604
-4.387386441686134,5.715360123474693,-3.3282738561561764,-4.510894698509732,-3.2690412002269826
-4.411885661723368,5.655227776065962,-3.2735477718765194,-4.467811557337608,-3.279061936235198
-4.442075558209476,5.553695813153662,-3.2237358746039697,-4.435268354687496,-3.268298310701236
-4.503751514824993,5.395779604322975,-3.129535076252474,-4.400481031335374,-3.2475749181466584
-4.56992118425238,5.070472002764946,-2.9791529872209472,-4.409506516518663,-3.179113977910133
-4.59756584268682,4.4817944227461055,-2.7592159164577197,-4.49153853022126,-2.988665080478481
-4.50019139479802,3.4625889232422495,-2.32524726420785,-4.6052546888752826,-2.638578509827762
-4.132784947327837,2.126474536594994,-1.5901209095230568,-4.6368069667053256,-2.2685335459638156
-3.7258088454217555,0.4536560756075307,-0.6653058729042799,-4.568927660812133,-2.187431341295946
-3.0465108667200327,-1.3199254123172914,0.36969033560727094,-3.804053262148561,-2.5184416364930007
-1.919998709416834,-2.593572780519068,1.2287194620900985,-2.1852843600189162,-2.5368971995782745
-0.6942160467938545,-3.259372518237452,1.5773486013142848,-0.41295932153775206,-2.39169870804594
0.5149183418595238,-3.774502236628677,1.80920134579716,0.902676860594381,-2.108728751321877
1.615107013747339,-4.27676989722543,2.045951277430676,1.7323232237949147,-1.6832391928269905
2.530170007862701,-4.731301820848639,2.2897509979435733,2.2526771228231066,-1.1772805462043543
3.2416617269483514,-5.0743351939096515,2.4592081536340977,2.562460331041563,-0.6550366090086814
3.779857891512988,-5.292652795831225,2.590163080234484,2.748731976827367,-0.19676369539241634
4.146335809630013,-5.434157591008485,2.662678437661322,2.852458522283626,0.20897991630433543
4.4181454028524065,-5.512520176662094,2.6747299936109257,2.9211284032966467,0.5542694917913601
4.614222479988771,-5.556180371661709,2.6741055484784066,2.9541495734376326,0.8515621783797681
4.737887202022541,-5.568373763095747,2.6687498178461766,2.9661718399784305,1.0809692912659852
4.826280846055952,-5.558757790236328,2.6437707727092974,2.9855924154707503,1.2661502311004762
4.886335828379857,-5.539147412597889,2.6182545575266714,2.9971202465628752,1.4151688567014231
4.922905586654131,-5.525187997660533,2.582022726596518,3.0020544037808263,1.526907619023335
4.946056561016477,-5.5041690236877985,2.5616664305222745,3.006981380091545,1.6314316440732488
4.969733726784771,-5.494098764028406,2.54600997681618,2.9964048989698076,1.7049757805564676
4.9642548659598456,-5.470223915596172,2.5322200747902013,2.9986402426026335,1.748813134928575
4.976977547396137,-5.4545669220920345,2.500485668176193,2.992464395187737,1.790292671267239
4.990545442863269,-5.442061863281545,2.4906735024057896,3.005593425350044,1.8200549314500254
4.977834333268172,-5.419486434300487,2.4860979926243973,2.9949941487446172,1.834584218393277
4.992247224898396,-5.408304336344771,2.4676768903024766,3.0064384206966985,1.8420388541068642
4.992399224107029,-5.3927578672768375,2.464155242547227,2.991975146243688,1.8546111515497379
4.99080725004723,-5.393938021372997,2.4422166753434658,2.9833988161864267,1.8238327229026665
5.007407617809491,-5.3811752366938626,2.451947439840906,2.9794309210242536,1.8132460686746232
5.0084786761456,-5.378684290739142,2.436318913725607,2.9655519722888264,1.800493003264888
5.015668550489591,-5.366418807198538,2.4393578612675606,2.9506550377128264,1.7669046352262958
5.038376227841615,-5.374217301802928,2.438461674211974,2.968764865889381,1.7298719396934499
5.035356480294302,-5.372902541110263,2.4420331447236254,2.959143856827706,1.7074827616738328
5.042983784559608,-5.361736477700897,2.443869819921367,2.959699663611758,1.6608148679351216
5.044162951899198,-5.362889478146581,2.4499074282032027,2.957259444397005,1.635799312335905
5.051550400809227,-5.356016384686307,2.4410834542996755,2.9472321401911814,1.5855734152528287
5.053763125885374,-5.356224059851558,2.44444399334349,2.9442269070982166,1.5536684703851593
5.065392635792691,-5.362685931574636,2.434699265944458,2.9463893872113887,1.5208749572111502
5.073550846317008,-5.365524083871792,2.441509773067512,2.946537089927395,1.4830702817405454
5.079658881886802,-5.364493792245768,2.4503347812261786,2.9394604866307206,1.4449864177417657
5.08090864808416,-5.371378313129728,2.4554078036240563,2.933546932086111,1.4069659867054507
5.085364161038304,-5.377660267241006,2.4421997898981576,2.9294592594287985,1.3825848277597799
5.075161440009329,-5.37526636024112,2.453994540087509,2.9339865880050144,1.3554231466049353
5.076080581373836,-5.361556671901307,2.4532902567894923,2.946704442959216,1.3416743088154381
5.090631677217917,-5.368311212425316,2.4541010576513638,2.9420165259409847,1.3189498129961605
5.087666715306303,-5.364867504642206,2.450558259630562,2.935550862010224,1.3115502009878974
5.080400934695147,-5.366628887477754,2.44447397842889,2.9405571417079885,1.3030471628217046
5.092352236755737,-5.374017908777621,2.460406089390732,2.942897485669808,1.2893518082120208
5.088195705799398,-5.389176578305313,2.4630403880835097,2.9342062268893048,1.2920136837049716
5.083822378068075,-5.3808275753377846,2.4635085075296033,2.9492968629518206,1.300678963232938
5.0780887498546,-5.390294471867071,2.4659913556994724,2.938386666767546,1.3308433689686245
5.074360736681925,-5.399480075169971,2.4634682064969637,2.9392002642310704,1.3389645280866607
5.069875549662009,-5.3957391153226775,2.4744627113044797,2.940548896503275,1.3735156447984929
5.067427905920131,-5.40593305100376,2.479982529889523,2.9424138895791856,1.3945606285140935
5.055993806476476,-5.402283079366698,2.4626310613685423,2.943975383943121,1.419659977006011
5.060187821867071,-5.411515263157378,2.4747607100203526,2.9551277150701334,1.4594212737604217
5.0409634747281915,-5.412007649882793,2.473986348837225,2.9589818047517475,1.5021718807675675
5.042661330632603,-5.414628568952539,2.4838348953451694,2.9500028853684,1.5425958762341998
5.041578146928231,-5.417351209663079,2.4767093571163974,2.9575883546425445,1.5851235512684436
5.024405502451764,-5.414040165583379,2.4772496068332397,2.9657245429826933,1.6435177027575296
5.022256604838715,-5.4189972637135995,2.475017024331568,2.9778106323992075,1.6949887551261045
5.007760245788041,-5.414159625379736,2.4643274720345025,2.9870984992957954,1.7331415524476979
5.000701755979404,-5.422304152975552,2.4633463642372817,2.979104025712728,1.7848546138011536
4.987838946831632,-5.411070774965216,2.4584152644199,2.999144903647868,1.843820707058309
4.977811956214661,-5.410467267994264,2.4652481132396944,3.003643090400637,1.8884401559489163
4.974861909534812,-5.424121792112581,2.460773994170983,3.0088207394422177,1.930921827693535
4.961197699005847,-5.428460662377701,2.467838697800489,3.0165609873974137,1.977766620170867
4.946027598863268,-5.406214071190977,2.456210461609088,3.021401431997112,2.0213829861911803
4.935995287138831,-5.409793891245028,2.444348116741886,3.0318381507372605,2.0571712273232845
4.922886932840622,-5.428894592004438,2.449019946338025,3.0417423568361914,2.088617859486932
4.911778677214078,-5.41785604793521,2.4455219090845333,3.0486130662766517,2.1296083934475494
4.901475673270813,-5.4258760934917225,2.4500428201948643,3.0585338200264904,2.1572276875976497
4.897373826246754,-5.426853335424801,2.4390911402953863,3.055651178175448,2.177593608274533
4.8867264960134165,-5.4208249678983345,2.432050561810127,3.075160015980798,2.211069325627127
4.874888959505208,-5.4211076262282605,2.4326416702140987,3.071805377113123,2.243441209445549
4.877952050342518,-5.412714940515366,2.424384770541764,3.0745017463015,2.2651408583942203
4.882910156549328,-5.415349119037066,2.4228538134246342,3.07687031135986,2.265394743856424
4.870238968296858,-5.411515044271438,2.4262641407467767,3.085502155861643,2.280951664603173
4.862947258943613,-5.408825198596986,2.4234258549347767,3.0896448486680583,2.286195190534597
4.871204278441998,-5.410997314264148,2.423738387097031,3.0845808359687017,2.284472524094377
4.865794311415417,-5.414314427536203,2.4307078752184417,3.0839475111765835,2.275880982729174
4.875203989355595,-5.416033630338988,2.4251984902622,3.0883732872382748,2.272448138168323
4.875640278056932,-5.403550350682095,2.4152972235962773,3.074421032297097,2.2711593074860787
4.887692511043096,-5.414284941608851,2.4225038212089958,3.066249293907494,2.258706614101731
4.89899673545511,-5.40480800234133,2.416868423965954,3.071247687582656,2.235153462891468
4.89271643832234,-5.398995817848101,2.424818325114316,3.0513370938751625,2.20322213751512
4.908860977207679,-5.401632376297418,2.4299400621484444,3.04549932363577,2.176068798658137
4.924540574025295,-5.396493033602906,2.4211153336587046,3.042244164640119,2.139698738582981
4.941409568101302,-5.387915982555237,2.4257824818010736,3.029253732907554,2.0980926699269506
4.953487431076985,-5.3854082803056835,2.424172965341474,3.016274841576038,2.0654313885493343
4.963682340993276,-5.387738934134105,2.422135941597985,3.0162216926412406,2.0116191091737865
4.977827468604914,-5.370725035790495,2.418463745490174,2.9885185679782187,1.9571790768737294
5.004233195267249,-5.361787855483524,2.427314146965167,2.991046119340467,1.8927330766323462
5.014493147288601,-5.357451903632021,2.4263696890250155,2.974805680007565,1.8421168655604372
5.028376931226008,-5.342570401663474,2.4220148369940366,2.967682321597751,1.7811632679206417
5.053029342885024,-5.338941668754604,2.4147166337432275,2.95135207296464,1.705535715966626
5.065106557284308,-5.332394517781991,2.420909017428409,2.9509531549984636,1.6164505636210322
5.065867835342377,-5.32612458999477,2.4183660474843407,2.944745822374142,1.5501756289284547
5.088283452797047,-5.321293639910942,2.4182111985608845,2.9446009140608367,1.4868228925426747
5.079953158410504,-5.3242344324329824,2.4165541908221377,2.942121770095155,1.4082193900329552
5.094406733253944,-5.314357691353371,2.4135215389527716,2.95151917899679,1.3432858188652028
5.094629422949409,-5.333666641244198,2.4270754213556756,2.951160216759945,1.2716367660572299
5.095493519586917,-5.329911169903386,2.4266864353637576,2.9260475834834194,1.2028534443446797
5.091914218257972,-5.332702660074304,2.437208855243536,2.9341459269480543,1.12888327011497
5.088605841493765,-5.338865205997047,2.436101111090297,2.9393868403866406,1.0849269199872986
5.092705847841248,-5.346452940828887,2.4306049969061276,2.9289469789332454,1.0313470454282199
5.087394375627178,-5.348383131784099,2.442905210810388,2.9437790236881867,0.9957667576063338
5.090739651640305,-5.3590753967589455,2.440354625002808,2.947832361464363,0.9635943539678785
5.079952226983121,-5.35963183570941,2.4488340247467857,2.9471728964442105,0.9440793939969878
5.0818448756171835,-5.3781806997377455,2.454877591424434,2.9516843746958776,0.9210416172323315
5.072870079192634,-5.3808748470901095,2.470116449020882,2.951268047713397,0.9081452799681798
5.075651723940494,-5.390515216097322,2.4676320841400794,2.9516284912628596,0.9226196033825382
5.0695331248249795,-5.400499075171102,2.4891197221381276,2.9495160476035998,0.9351900759362157
5.070126464807778,-5.4042360982566615,2.4776040918416973,2.9581674909453826,0.9595183799021391
5.068490964559238,-5.41263421918766,2.4773815129470873,2.9497798461689526,0.9782335805998621
5.06748250780692,-5.43052171386313,2.4821578296623366,2.941425324586043,1.0342361607956911
5.069435845566049,-5.430379363835726,2.4983123309992967,2.9537259521045316,1.0779823979212464
5.068418697302071,-5.433936835645767,2.5049547928274314,2.9512069485588137,1.1317825015104026
5.083864275216425,-5.442259957954114,2.4964754388710477,2.9529600240919125,1.1978958953359617
5.080132029996828,-5.434089082992553,2.5097141085581267,2.9575021925677896,1.2493122446741811
5.0598186601220485,-5.447990804444849,2.501721136667356,2.9570287541783915,1.3165422938764935
5.062011562623915,-5.447952685898176,2.5095799704067483,2.970032370369422,1.3897488299329903
5.0559248544785245,-5.439902636743012,2.5060894974277077,2.9650462590924223,1.469986427660807
5.043458279749601,-5.440555433234082,2.506442637235062,2.973259876557467,1.5407891558836528
5.022105354028145,-5.447520318629064,2.4984245361072115,2.9828711389551112,1.6052576636054796
5.006948682346121,-5.4503090290833045,2.486765584147739,2.982359940541186,1.6851068496515365
4.998049211100265,-5.437893354470037,2.4949690425240383,2.9951063999429004,1.7430069004638715
4.9844062364963255,-5.435026691571414,2.4797177642224617,3.0044898362069152,1.8270896943140236
4.966080389394981,-5.4320673469508405,2.481281210364692,3.0171242360540984,1.8962599842546042
4.951529222319105,-5.439133951020898,2.473928410455097,3.0334847180157922,1.9563841814376277
4.928429645260103,-5.443464251699842,2.461541218967717,3.0378513736257338,2.0267218146903434
4.9195853782780965,-5.437557427683067,2.4615211791812452,3.043889192498575,2.070363583638351
4.89592229323325,-5.429207293748434,2.4578457061927566,3.060295951455082,2.134629332972357
4.890778216337854,-5.429090182746718,2.4499954623183076,3.0677866105209155,2.195368159091084
4.875282347015054,-5.429773684353871,2.448118419663115,3.0886740170836213,2.2325439887313987
4.874989137449776,-5.423060903444328,2.4422484992242293,3.091413725337778,2.2713377156756955
4.863017727775495,-5.43138146771945,2.436123990137263,3.107496958079438,2.3132873255519435
4.847447057963786,-5.429612837428902,2.4364709046825856,3.1125582633614144,2.331563026384419
4.837907161814207,-5.427238440831328,2.433819975399332,3.1228866290146766,2.3650769056006284
4.8348401199023545,-5.424976542033083,2.4314515629612585,3.1358796956433057,2.379582790674471
4.827921453972482,-5.425824656802339,2.4274368046437176,3.1356984704465773,2.398784280140827
4.816911914475011,-5.434520733287043,2.426043028322403,3.1363879176610387,2.405802198583898
4.824953903992107,-5.426733072097913,2.4216490338831234,3.1334027925500525,2.40887175983073
4.830062831948799,-5.430325774983633,2.4138666162741544,3.127217324199626,2.413073668262288
4.827952443488135,-5.415526139771328,2.4126719524132705,3.1356874222309576,2.404261453206205
4.833835611257726,-5.4165197997734085,2.4129172175138427,3.1273924139964993,2.388495127154672
4.840557697383078,-5.411670811298671,2.4100171586434476,3.125589418797105,2.3796326986841874
4.851920822931327,-5.414571269572252,2.4189924272492735,3.1008028114568686,2.3557082053541136
4.864790971153101,-5.4111115918299095,2.411259259508614,3.1005289016217747,2.3236844650367243
4.870281786963123,-5.41138824176359,2.4192704996210703,3.0839766571496177,2.2819216082031257
4.896069533041004,-5.392870971129274,2.4234809912282307,3.066851120014131,2.226839560546552
4.9155768003829925,-5.3911992509396045,2.4055352725370533,3.039448880115674,2.1883415357149647
4.93882260324013,-5.377285177824872,2.4137210245524487,3.0290282018535875,2.1147080168261527
4.956660497131341,-5.359406851795661,2.415644053811181,3.0127602897463106,2.041371386104249
4.98493770003466,-5.362430882201574,2.4217193331775957,3.000259672220017,1.9634195555142915
5.006099120821237,-5.335175479577,2.420743799469854,2.981927612974287,1.8705234568869777
5.019982634882508,-5.32471632174034,2.3986025036433283,2.9786961184297964,1.7774747479305884
5.049854375932189,-5.322316053820721,2.406855679311929,2.9546303525985875,1.6762040092679322
5.0724045630695285,-5.316359615492945,2.4133850358181306,2.9395170979511853,1.5555803551269032
5.08677016378411,-5.3004866777055115,2.4020267023713626,2.941837323349744,1.439248290034711
5.079883961529085,-5.286593373687869,2.4011415717654168,2.9403893425050995,1.3085407634945996
5.088554443717993,-5.27521239203234,2.371156590815998,2.9395011728557754,1.174213574217081
5.090579639261281,-5.255243728041117,2.3783798410303243,2.943639551323861,1.053905822094711
5.07217319660488,-5.249420854464942,2.387990532411189,2.9469183978179596,0.9203341630764675
5.066714163206733,-5.237969988528187,2.377089182461192,2.9561148251727234,0.7826417687240955
5.0309300663401455,-5.2318642825532535,2.380047562571099,2.967886286110498,0.645444662302236
5.005923328583922,-5.234892596781529,2.376584700410501,2.9686235499682976,0.5224190174845
4.975416020758633,-5.2179369390624,2.380900124092973,2.9775976887695252,0.41756553153813514
4.956051045130721,-5.235226187445466,2.3939555918831474,2.981499860942712,0.3192567096771418
4.945530184656896,-5.235061696312804,2.382524167087555,2.9832532770090676,0.25266690401730824
4.917511017879234,-5.238322743214087,2.389580090850969,2.99279279330645,0.17890609116668368
4.901893239871125,-5.246872693054369,2.423894099467713,3.0089438726245046,0.12732753063407298
4.877244529041336,-5.260105778049564,2.4236951319830013,3.0105811180995294,0.1103751339236084
4.88327395795227,-5.276454713453017,2.439610742072525,3.0083353737864242,0.08565827985330146
4.893906285226068,-5.291718048636205,2.451938888695891,3.015681270226052,0.08812325944360777
4.893590310980895,-5.316345261686052,2.452996386972425,3.007048486891038,0.1045779951912567
4.897240631121377,-5.33566619493196,2.467632836187423,3.0214010025425697,0.11370895234845677
4.9030180885696355,-5.35983655234813,2.484665931671541,3.0081753499294344,0.1780947334855068
4.917710871239709,-5.374646280516973,2.4828274033194293,3.005638416158324,0.224062431288741
4.930188451255267,-5.41792396187661,2.5054248203326366,2.9998750085595827,0.2907156067035611
4.950889722079841,-5.440478600245388,2.51956046184299,2.9848201433711226,0.3664034427104269
4.9760113237427035,-5.437962090511881,2.5224277645082784,2.9836142945861996,0.46534246095690246
4.999272275281643,-5.474757915774191,2.545911792913422,2.983904515608499,0.556914768632541
5.018603880258403,-5.476883868928121,2.5391482364355253,2.9811151808616843,0.6637075518234048
5.035345801802653,-5.491206066407667,2.548094812319577,2.977585284225894,0.7803047379302117
5.043327443109765,-5.490617584800356,2.5489010317700376,2.9807530494280043,0.8845517551319096
5.056881895025922,-5.495986113684029,2.555119852695835,2.9790209950034607,1.0055495597390935
5.055411869130837,-5.49478719761186,2.5540084646334984,2.9739062417735966,1.131638960654765
5.0490658351364255,-5.504220974924255,2.549816993656008,2.9733490750763667,1.2475016179994276
5.031051115479676,-5.496239902761255,2.5383358588934266,2.9883053508341915,1.3613884015654436
5.014858009356439,-5.495324457469461,2.539313640844747,3.0041955662659987,1.4732240428841015
5.012973545842984,-5.4816278012824045,2.5307937708501247,3.008219243962085,1.5913333961322884
4.995237492971583,-5.4666551777664205,2.514949292956572,3.0134849186185058,1.6982963467840597
4.9751401285093735,-5.473792071721874,2.512799387399852,3.0339620707004307,1.8007410476223125
4.955202529603282,-5.471221112715857,2.495714194473364,3.0387587514580634,1.9072885505914425
4.935119859835713,-5.461795261545766,2.484162214110381,3.062407178248174,1.991815428983243
4.891765953696823,-5.44968793232386,2.469240345055941,3.061270480952191,2.0819167183006497
4.872210319005373,-5.4422658553061005,2.469684101708029,3.0892329080481247,2.172330585755763
4.853813945487318,-5.449430109707268,2.4406932278457667,3.109126997975992,2.2484405023348897
4.840911057510207,-5.445658762702365,2.446488421032248,3.120075630289908,2.3168281076746458
4.831049723084013,-5.441736882897079,2.438321868015871,3.1413001220538512,2.374586862375707
4.81767962963704,-5.445699225855169,2.4434046629606616,3.1522863144504494,2.412354799112119
4.8063739672305825,-5.445981518659414,2.4329771960907025,3.1714657072414667,2.454668664586623
4.787740702510125,-5.440239635262306,2.4313645151092946,3.180743064841683,2.5048750495299874
4.792064177790531,-5.442111972262839,2.412185907355123,3.1935930923292153,2.5258132369694986
4.774438924887198,-5.435704247538714,2.425028417618156,3.1982274043120658,2.5478312976431474
4.771413523178456,-5.440510715542046,2.4183922116438725,3.215739844785961,2.5699944463839843
4.7795459359404004,-5.4336654845355135,2.4121351134083193,3.2082087418886873,2.574386310473954
4.776741273152521,-5.431703471262213,2.404681089643843,3.2060707103247696,2.5618366121230083
4.78498184705732,-5.433902900031021,2.412269881323007,3.1957353407415474,2.56987480107972
4.784860987756408,-5.429554259062099,2.4154829329735126,3.196619373306336,2.5483828072593147
4.799298212330926,-5.435638104356687,2.415696199127536,3.1891148125045405,2.518634700087979
4.806310400072725,-5.425557012007526,2.4156783336313254,3.1660597930869576,2.4868648922372745
4.81014375969594,-5.423155008653926,2.4149588474360955,3.135439933286775,2.451899994920365
4.848229324499712,-5.413435249944723,2.4192366866909265,3.1246243062285544,2.3984834674519617
4.857792899888523,-5.404379829043315,2.417226373077431,3.0988319283818093,2.335134314859263
4.888687549138048,-5.408227903847143,2.418219021127368,3.066446787553065,2.2512574413281743
4.924759534005052,-5.398700213051071,2.4189999755745735,3.0418629339314305,2.1607035978618625
4.955890764192034,-5.374667357534374,2.422301117497773,3.019306601544251,2.049065916403663
5.000494226721379,-5.349414632431842,2.4122907619626726,2.9879624403139378,1.911814914259337
5.0224656742762654,-5.319993335803572,2.4160933433229115,2.9882471468845395,1.7686999171552977
5.0529568041402495,-5.284261608465484,2.389437704559034,2.9557614428451515,1.6057365400480972
5.066421331375649,-5.2542520511410515,2.3654417064546402,2.956128104952228,1.3906053932299196
5.056876933686146,-5.210961903821065,2.3412267854127955,2.9610843570236214,1.190810664988373
5.0478098660298825,-5.158333209315037,2.3284904178912798,2.9796946908852675,0.9412206385095747
5.005057204201223,-5.089480989203292,2.2896867680241,2.994089886176299,0.668487515901931
4.94676859403444,-5.028364264572085,2.275317473153917,3.0361350497763437,0.37049864777372093
4.868193991563971,-4.943132831617122,2.2461002589922514,3.0810332070681157,0.10326163567313806
4.7836216153941065,-4.836330491975034,2.200710288914925,3.1185214314241065,-0.18673878365358137
4.680569331274109,-4.717015088089195,2.158434819871078,3.1797071910537245,-0.4320596594100543
4.599258316692196,-4.597285070879762,2.105855086752509,3.2386269754568655,-0.6714409688171699
4.484344636666086,-4.472583281282871,2.0523494045549078,3.284136982115335,-0.8732995955073826
4.379373739007118,-4.337713723281643,1.9832661287315947,3.3643876739377387,-1.0581233574685998
4.281053572805203,-4.217480154639759,1.926344723048629,3.421906866411343,-1.1954484608748062
4.2063000138889475,-4.104562388060336,1.874090932773442,3.4933818980141607,-1.3177142088150322
4.135123742147204,-4.02479457767055,1.8310868778485818,3.5613812792919224,-1.3810188452418548
4.0602247553900375,-3.94820338297682,1.7992544595489797,3.603358169845656,-1.4625226361873178
4.0130713106762945,-3.891517658802701,1.7527265635293432,3.637441953424502,-1.53000777880807
3.971060659802446,-3.8870119255894435,1.7381200160975283,3.694815678097141,-1.5498973159485323
3.9441279466991626,-3.8768353455476716,1.7407830024894155,3.7339137738356603,-1.577282566098941
3.9189700841594086,-3.9326097731807708,1.7523759416767382,3.7337208853965818,-1.583156947466236
3.938616680622898,-3.961379440311164,1.7879392387717252,3.7396516301904055,-1.579618358458352
3.959448948089162,-4.035918088049586,1.8234836928480556,3.737125651518187,-1.555704589742681
4.001829483009738,-4.099852657389748,1.870552419525762,3.7389018409773525,-1.5471146614814242
4.04514519004022,-4.198651287153771,1.935353776330794,3.7197663264863774,-1.5261579240072676
4.0963805003640035,-4.290637643857232,1.991700148643222,3.6793467269106617,-1.4961787880502024
4.156565589329873,-4.399747442787094,2.062988845643386,3.6508489375888806,-1.4256480264897036
4.234726857938767,-4.5210803777210815,2.1304625671582746,3.5973945209811524,-1.3668474295939683
4.303318542403606,-4.6457246468745454,2.1965653572216475,3.5404302167999626,-1.2793551236455398
4.384108684594087,-4.777038999034358,2.257820976080278,3.484422079373397,-1.1672351679293496
4.46981167800892,-4.9126166257136274,2.3425095025501927,3.430053048991945,-1.0391025576362032
4.554904534095709,-5.041535112860457,2.4118562918922484,3.3874120387187667,-0.9081612216610201
4.647072291214855,-5.160237823164315,2.454068212405802,3.3214581936156935,-0.755164130401355
4.690523959725717,-5.273891616058803,2.5134321802118804,3.279030288662559,-0.5818329734517157
4.76757275394686,-5.354694333267615,2.560542436560271,3.2354074291446127,-0.3899831712268982
4.8376092749991235,-5.425455017163244,2.586940371911942,3.1953086205174652,-0.2017206185672509
4.886378411529956,-5.495764353211138,2.6110486015773837,3.1531166902249756,0.008252622331073219
4.944799702169836,-5.536145708981378,2.6269388612994047,3.1118859563201227,0.2197225288327802
4.975688819125176,-5.56676159843523,2.6360233275089477,3.0740075725640716,0.4094260342006833
4.999035239072318,-5.5964426473670015,2.640073324614432,3.0634852200231126,0.6192503213364284
5.012202869150184,-5.592102189156175,2.6415902596072027,3.038930559766427,0.8242099472240946
5.016629705660163,-5.59059784733895,2.6393974478521613,3.0422630276674187,1.0301821823760329
5.0128202886245985,-5.577211261386992,2.6206598693896432,3.0482541151692932,1.2181771208587655
4.9971284737335555,-5.553741135272755,2.597473345313413,3.038464795308636,1.4130600892208691
4.9758300255983885,-5.547310199667536,2.583314960531314,3.0432836165355637,1.583485507860832
4.945789450710509,-5.536947527657807,2.569260939803218,3.062593384901659,1.7275227877727333
4.916905056684143,-5.51646870912293,2.5406602132212295,3.07712201210045,1.8863405559903266
4.897208863631719,-5.511756433522219,2.5247302595792194,3.0916097149126416,2.024705025113559
4.864646040668909,-5.492035340620972,2.49356560225347,3.1235217793084,2.154930309615406
4.8408366350988885,-5.484388392601976,2.484869106509357,3.155541527004481,2.2526016027750897
4.81679391092416,-5.487799033757988,2.4703013341179414,3.183636182681035,2.351814232844905
4.7940732918465425,-5.47907218459663,2.4652375693949318,3.208335209580765,2.4440818067358476
4.774666521662304,-5.460250965417321,2.4533513287510402,3.224359301824406,2.5202642119743053
4.761590798194685,-5.465996561230383,2.4481721887090746,3.2741420789352884,2.5744563552583655
4.743394764201314,-5.463144062591224,2.4426209796054903,3.2853755392308353,2.625890808079335
4.7321734382831435,-5.469105801393594,2.4497632948808676,3.322210943228205,2.6700439238257556
4.720337218489076,-5.469048694218599,2.4473319133627105,3.314117306357437,2.692984330486571
4.718705312397593,-5.462753330218159,2.445912335565762,3.349536674107759,2.7204414838881488
4.705728331739886,-5.462979115323946,2.4410894662900966,3.340309532130024,2.733382828920608
4.718881061684805,-5.467581420389231,2.4466630850857043,3.3524213707702213,2.7392675213044555
4.723096265960563,-5.464563201884533,2.4417984484309714,3.3380275850409062,2.742556201112604
4.72022879932613,-5.452032958719313,2.4229420747024526,3.322154001032348,2.720833751762529
4.728304862912651,-5.457903505815894,2.4249205012020942,3.299726294632399,2.6987475330034267
4.752234551206852,-5.454824700756639,2.421908049766727,3.275746509096157,2.658784994403724
4.769122207581799,-5.428082508430988,2.4141819249119587,3.239004321041483,2.610700000387166
4.791884140514108,-5.442163868662571,2.418933179156409,3.1944337447979585,2.532991506259071
4.830029119813548,-5.429020554394264,2.4263585226971784,3.154652346157072,2.44115450449948
4.872123844125418,-5.400632332869761,2.4213403054979783,3.105316706548053,2.308701392724604
4.934377920739525,-5.3806105841123,2.417248871389047,3.0592680840273356,2.1379658497702554
4.993324144969226,-5.3371328707920735,2.396771157578691,3.0342424970447515,1.9405766936649744
5.044524687293362,-5.260519448247458,2.378678257535195,3.0034352224471355,1.6876871860591365
5.056173439600679,-5.1767326708646975,2.332477032230819,3.0039067139996285,1.3541240878322267
5.000000751443596,-5.03276468706819,2.263771270446454,3.0336491430370343,0.8980245681639649
4.88695961030518,-4.778380124104776,2.152723913969633,3.108638961739189,0.38105388075833907
4.70109344924611,-4.388065866162215,1.9795465231836475,3.2434770121467955,-0.1979964882082529
4.44802203642061,-3.8938407430646413,1.7240509648624534,3.37654220469743,-0.7184587134328969
4.154748901393033,-3.303158942901629,1.3343384457323852,3.536518913837215,-1.1172381428765437
3.793040838586856,-2.720952604545067,0.903002484362669,3.6484323158751573,-1.3378932189258246
3.396236346261954,-2.1657626963032177,0.4446480467379975,3.6776156928372656,-1.3831248939114993
2.9421199590218965,-1.6629858266331652,-0.0010453321210973582,3.5817862706726404,-1.2503376660820749
2.3684617337527056,-1.2428435116519394,-0.40106533659307664,3.3882604796808486,-1.0023357384114155
1.7188975182580322,-0.9279378469899351,-0.6915507734496584,3.0704177719503263,-0.6562450097541982
1.0252397891703575,-0.672224229636826,-0.8003622606261351,2.6523272517084377,-0.3280329291890039
0.3055994490914495,-0.47455722942325496,-0.722032688606609,2.156560443081998,-0.09770262285194957
-0.42072947965367,-0.3433864474371591,-0.5044398146014099,1.5662937200506912,-0.008622651097135146
-1.140804787765843,-0.24926426900517612,-0.2340651617848223,0.930059501006723,-0.08243285258039454
-1.7894973824220093,-0.17828207810819374,-0.0010043169454003178,0.24199642189668905,-0.23766774074602456
-2.3330884004972408,-0.14746361200903838,0.15438174161082227,-0.5154886691443697,-0.404970222769184
-2.7809885647733164,-0.1411900366643588,0.247936735282374,-1.2485425238443406,-0.5750651246951853
-3.116392933701175,-0.12443530903729841,0.24565815904564992,-1.9538714484596895,-0.7141390928384628
-3.3450104777590104,-0.10656977920686633,0.23048319278910503,-2.5846133509232883,-0.8141015245706434
-3.497312573109932,-0.07858628006168197,0.1548453845402982,-3.1534504364320335,-0.9119000022117772
-3.6093521647308724,-0.02654205744109185,0.0709639870507339,-3.615449614223074,-0.9528297978205417
-3.6620816777072323,0.026344032234456475,-0.04599698450755035,-4.030564024445448,-0.980213861478147
-3.690104237351494,0.09909444054272307,-0.16821753454166904,-4.358807722887496,-0.984960788180302
-3.6977789796640743,0.18658251935132908,-0.28277497674843255,-4.619273589590041,-1.0013605071711102
-3.682966861875049,0.29168467032370754,-0.41507774119148216,-4.8341416014448795,-0.9918139680257475
-3.6971252822203837,0.4054800106504197,-0.5288504003587676,-4.9964971281261334,-0.9753799656795493
-3.683578018796454,0.5241626739667925,-0.6570945967897353,-5.108180708654764,-0.9778939514044215
-3.681996597291645,0.6617519330166906,-0.8026453766705232,-5.181795635629472,-0.9516768478886299
-3.6635678278723587,0.7868215657300073,-0.9358776584031506,-5.235973195752078,-0.9346448206420122
-3.6832443808665283,0.9403927132172921,-1.074371151053464,-5.2624326868785625,-0.9203408454020243
-3.7107989283019207,1.0830726427101682,-1.1930078255738625,-5.26706246617646,-0.9101453863077243
-3.7360857041448465,1.2558608056947962,-1.3439349100435523,-5.240825456516275,-0.9288367567811876
-3.7709949234772604,1.4262891987065933,-1.4600325824720857,-5.20361474752146,-0.9394474000653636
-3.8138351922514455,1.628603017589654,-1.589558760297105,-5.15492476422378,-0.9789712452502922
-3.8719414112228026,1.8215630301673524,-1.7172483586856686,-5.103493671129892,-1.0325591350780357
-3.932058088777537,2.0225235355371125,-1.8571198617453941,-5.052529520840278,-1.1166024095939084
-3.995725981306886,2.25644657363871,-1.9516009667919116,-4.968513691116202,-1.2150828380720182
-4.061893555203975,2.491586394757457,-2.040839793686652,-4.886893924551026,-1.3445838062496362
-4.129366138542552,2.748110188228066,-2.1437632493537966,-4.812347809937533,-1.4905722591210349
-4.197796999072248,2.9954833935609457,-2.2204750341456285,-4.735949000031458,-1.651251310411342
-4.263142862596551,3.2474018794286716,-2.3178947110027797,-4.673392351599638,-1.832973290236322
-4.311832711957137,3.498235653684047,-2.387329176423488,-4.595500378901275,-2.010721468351361
-4.361316116707507,3.7422669948206964,-2.4660157798167597,-4.535653811340167,-2.1845667661092483
-4.39495182537225,3.975399226419263,-2.534918232469568,-4.480686084591564,-2.3554649400596945
-4.436209970743623,4.1879924942445435,-2.5979667535439495,-4.422131871160748,-2.494591208728928
-4.470154450724233,4.390437269831893,-2.654197620301655,-4.369134363955616,-2.6414614915846517
-4.468562640037243,4.573116914915258,-2.7156356141580065,-4.349417066823648,-2.754831142023109
-4.478348340124852,4.74442926959974,-2.784311848593679,-4.32279944299197,-2.8496478333493163
-4.47607463143108,4.894728878221195,-2.8438687587324685,-4.319755622639579,-2.9444600211551157
-4.46640469926313,5.023066840799004,-2.91348378149758,-4.312266266520288,-3.0156321839667597
-4.4620951752332605,5.132731526536572,-2.9513821169409424,-4.325186301104385,-3.077907265618204
-4.449679577631873,5.23740005187416,-3.0123073210191955,-4.345155019108163,-3.1283079432143044
-4.4517047432076176,5.324668237543254,-3.0620778117644116,-4.359296501226993,-3.157592227891524
-4.441465941798431,5.38990889751314,-3.091482875038694,-4.370526797231457,-3.1854152577838084
-4.439652953010091,5.445195686534873,-3.139051131983436,-4.384748127143997,-3.211966215978122
-4.435728541743334,5.50306033302944,-3.1724369093357567,-4.405351537064449,-3.226475934385602
-4.421045357786558,5.547861264593869,-3.1937560926694495,-4.4121059727332765,-3.2309784893950284
-4.411372783586057,5.575625573109722,-3.2242853380872396,-4.4293473173353135,-3.244190749421407
-4.409548517744081,5.600807037734063,-3.2365051344593607,-4.43163477742133,-3.246828495240274
-4.410446120350404,5.624235596972009,-3.248378570946187,-4.4479081584134175,-3.263132674278601
-4.4096484693411,5.617699891858995,-3.25282606612226,-4.434562855281671,-3.269907543384151
-4.414582303159009,5.624848588802242,-3.250480143427704,-4.446094960941176,-3.265665785411752
-4.42069078104613,5.6151569425582935,-3.236157821063228,-4.440501367727377,-3.263510802692323
-4.433481074185868,5.581556608218381,-3.216454602964561,-4.426226409038391,-3.25674188842365
-4.443125515332274,5.545105687818717,-3.19255238511369,-4.3924898187896195,-3.2648659632466326
-4.457083108838473,5.486789423533724,-3.1597970579261716,-4.379344293220027,-3.250459076712816
-4.479824416872758,5.385173758368123,-3.102142057478537,-4.36192274599405,-3.2370173530413906
-4.525850283556239,5.269875104350829,-3.0257121257715673,-4.345307880113462,-3.2143277492707107
-4.5674729402562715,5.077425789692065,-2.9384979486278793,-4.335124177684947,-3.1813680063127934
-4.602912095795451,4.800378535547497,-2.8368065107187452,-4.361338939747374,-3.1034676767741463
-4.61865189522015,4.438246707523655,-2.708270626397687,-4.415876771229392,-2.9578576971415433
-4.568732837521178,3.9359664819559463,-2.5246003445627165,-4.474674438291023,-2.746968609091533
-4.472987880525761,3.2937798118757446,-2.2774815820212337,-4.565051613336277,-2.4756343134718968
-4.269223364218491,2.557914754542416,-1.9425010243482197,-4.631624123116532,-2.1871547258115966
-4.000473467112776,1.798695629271012,-1.5653514407886047,-4.669669934774459,-1.941520631163039
-3.677472290332596,1.0899038571141144,-1.176313489901349,-4.730761156440655,-1.7983166566774706
-3.4047714706174768,0.3620187303352708,-0.7514588916635548,-4.729851461286954,-1.7685451864819324
-3.2234571141848765,-0.3416388465395923,-0.33019358710386554,-4.647651493755417,-1.9711432646388625
-3.0388584910610983,-1.0059220365726511,0.07663585135825954,-4.36054985841326,-2.3009342442356453
-2.7805137789116876,-1.6381412420342314,0.379723111486858,-3.806610256355501,-2.6436040072097087
-2.4382024417620087,-2.1710364263869217,0.6292183879350989,-2.978055646096261,-2.872837612365559
-2.0004216309671947,-2.554574801009999,0.8097842554360991,-1.9222999310694078,-2.957302135731571
-1.5022618505169698,-2.8369991555198104,0.922623752312894,-0.7487761041536559,-2.919466744198528
-0.9915968041303248,-3.0183715378646934,0.964333197333899,0.37300009754678926,-2.83674982285088
-0.49036070906599255,-3.166324075671472,0.9894964282301413,1.3363576962601298,-2.806518733168752
-0.022529161166302963,-3.2790119905120694,1.0454014495971384,2.0901144088988084,-2.801529195221729
0.4361448114591569,-3.4037950635259957,1.1240734930883503,2.649116015835557,-2.8228642213328707
0.8866721726114831,-3.5291673190940944,1.2506138528115287,3.048731851972966,-2.7969109406195853
1.3131081510658988,-3.6673181441408325,1.38731890829558,3.283652369723242,-2.7375168315648932
1.73432392244522,-3.8305536455200295,1.5305316312301938,3.4195463679269262,-2.647010577888893
2.125988243739434,-3.9914201195312575,1.679725027028159,3.483673060261651,-2.4974401347283046
2.5032021097912187,-4.1308523270317,1.8091679414080015,3.4928893449216885,-2.370039241771112
2.8379888313891493,-4.263213100860394,1.942326616847124,3.475418482705984,-2.201423101860842
3.165050095571774,-4.38991833389017,2.0396460761193276,3.4357210883340663,-2.0197376693470526
3.423134754099868,-4.497022360792106,2.134573935150715,3.404849703945218,-1.8406675237676424
3.659750970622739,-4.617677991682478,2.2297283328123036,3.3644650962319336,-1.6479602107464872
3.878956428024133,-4.756962884300876,2.29275614989157,3.304196068461825,-1.4451287903304098
4.062657797203213,-4.871693332078307,2.3563432645945164,3.2528985190001296,-1.2398856993385667
4.246161903052562,-4.980719875702576,2.424877016742648,3.2149241611347366,-1.0373839149029802
4.390369575240875,-5.0996337507978895,2.470323683667242,3.1861211119900648,-0.8333738815618587
4.500065452644458,-5.2063837531155714,2.5182017174482,3.1385424667816717,-0.6281683983960983
4.609312366786069,-5.309247431060214,2.547267269250825,3.105559245558289,-0.4113560050656733
4.705950450460107,-5.383392304377574,2.593428557837484,3.0810152206734407,-0.19611442647920135
4.783162894993947,-5.43597070330488,2.5915897760400823,3.039307365109971,-0.0031370585571727813
4.863931217329937,-5.46916316592618,2.6076315263273577,3.0306492549552093,0.21445928840328798
4.901755402330158,-5.5009755716859745,2.610982327335281,3.004572843792055,0.40470392673376515
4.943144869333203,-5.522891460410522,2.6168445935184925,3.005670652739805,0.6039664184924654
4.977507508043369,-5.5253090655669315,2.604068716229227,2.998010248645117,0.7913291065415059
5.0008503021289075,-5.531203759331765,2.607087729758385,3.0087196750509904,0.9763629095580323
5.0079986892310355,-5.527113726508775,2.583049038939551,2.9975109031825773,1.157902923119868
4.996211703287809,-5.5196783263542235,2.5728347599541017,3.0039527326980724,1.3302809288058488
4.982376943726951,-5.517348515746516,2.565283740218057,3.0151227426173612,1.4846217448017438
4.96446367898207,-5.513116289997804,2.545087429271574,3.0294742603670404,1.6365963332244566
4.941052427438663,-5.507408858345601,2.542078473376051,3.0505734069252393,1.7916151466599959
4.911158087099604,-5.498796049065361,2.5249822879980153,3.0710468994302915,1.917985516259164
4.896895200513094,-5.498098103506684,2.500137575606478,3.0904789692977985,2.0487132571664777
4.8693387642233885,-5.487883210417231,2.4921992498154637,3.102618365879074,2.1566197288900772
4.834707168509803,-5.474467433325981,2.4734319597846426,3.1360748370501828,2.2559615155890067
4.8233706779536245,-5.465953112948989,2.471403948201888,3.1649853572472786,2.3467095609507247
4.811537625856462,-5.471522223853134,2.4519679330899278,3.187016089843948,2.422308257243034
4.790457490277015,-5.463443915091238,2.4458459773980867,3.2070580215507927,2.487321100129406
4.777422327607837,-5.466176256546986,2.4442930176769533,3.229582294835554,2.538528818736978
4.758597001170671,-5.4588618139599,2.446342264759937,3.260001985341101,2.58649880161987
4.749767200442168,-5.471168056128739,2.441308877199077,3.290537044388666,2.6271371347357477
4.751096418402066,-5.4625671894232335,2.4402807721380144,3.293639409494073,2.6503813262563725
4.733993773869081,-5.454434846692795,2.423081204109304,3.303643892801726,2.672216829160825
4.737037529591567,-5.461516196415209,2.427218380828521,3.292329926771538,2.6855700895726775
4.734873066301879,-5.442430284376982,2.4297407041661216,3.3043263871079045,2.691750908208862
4.741630970585283,-5.457152303448136,2.424414071662328,3.294091144633658,2.7005529955855803
4.735928762195821,-5.4457939345840325,2.424840746791191,3.28073949497287,2.697331610836695
4.75527774066881,-5.4527440848828,2.4192386017423027,3.265818441664135,2.6512261516466533
4.7642528630420475,-5.4398941820215905,2.4211997159577905,3.237144831681414,2.615091965808882
4.779743687546815,-5.435966421807748,2.4163257905899846,3.208817364191718,2.5652595728042393
4.796791807063527,-5.434970446866234,2.4208073166422794,3.1755874139924782,2.4960416300451707
4.829816614850443,-5.421230698327451,2.414300106171874,3.133984594370729,2.418295968326599
4.880534804255961,-5.397083207156181,2.419460823251074,3.1086572692510437,2.296286638977105
4.913250273818254,-5.379953092977924,2.417188094042181,3.05925631606362,2.186265416131932
4.97315841567596,-5.34559191292411,2.4114228962498068,3.0239891241608703,2.0077154015724
5.020689164897522,-5.299715370921902,2.382844457008441,2.989652058184852,1.8073608499153366
5.049916946294373,-5.237246376932726,2.3550032426839818,2.969528637581991,1.5393015493662405
5.0537165189770175,-5.17182035831653,2.3240778995671354,2.9806290475930264,1.2187457124637804
5.0187405932854645,-5.046195957582819,2.2761400655206283,3.0164808481036824,0.8579487577631913
4.923198473657513,-4.874699132194533,2.2087874752045433,3.0855554116916246,0.403390197592703
4.780655276079549,-4.600588438032859,2.085963150191781,3.1724554284194033,-0.08537468038248618
4.584983005075889,-4.276998750617121,1.9325994613845763,3.274667929285056,-0.5444802575240549
4.361526445586998,-3.8778846630909793,1.7055353636116022,3.4197490999598967,-0.9648201823352558
4.095510665169133,-3.419835802964212,1.4191726801208948,3.555547846515135,-1.2698354137994603
3.8295392475575856,-2.997108132059094,1.1115178260978722,3.6803588994121137,-1.4684301201439118
3.535392972323302,-2.600915293817096,0.7827970195255473,3.7634357457549257,-1.52214253371442
3.2373988308699158,-2.221704458599795,0.44791934444401843,3.810981655867012,-1.5024714498078273
2.87877500527845,-1.9200193404663741,0.15456341993757045,3.8321820570287017,-1.413522383776029
2.489041777189013,-1.6555259188925764,-0.1217617221618065,3.7887033345353855,-1.2625459534259724
2.0716485286553734,-1.4248161948429086,-0.3753727641782314,3.695338383293205,-1.1113529221620349
1.6164031420425322,-1.250330562692446,-0.5511541666240896,3.565478038020564,-0.9013241602229087
1.1527040549734924,-1.099986723213332,-0.675700366238887,3.364555174961583,-0.6855246731459066
0.6724129379338916,-0.9997032979357884,-0.728289300004323,3.170700257077044,-0.48953791088717
0.20067167157806062,-0.9260392036561023,-0.6885055040824863,2.93015092278435,-0.31353336187463676
-0.2314609913237015,-0.8668008969749017,-0.5841700896225475,2.6816944333033264,-0.20495729633474036
-0.6658291440052206,-0.8393644958310933,-0.43111493960030667,2.3836628074008828,-0.18766839379675804
-1.0684653795285657,-0.8362589860780132,-0.2555356770700314,2.0322945103008108,-0.2350352528083942
-1.4471960825204027,-0.8548905585586872,-0.07915301825972577,1.667657872749985,-0.33063367621143197
-1.7871797391103175,-0.9004785656928379,0.13688100967481825,1.2528873559519145,-0.4855620432290491
-2.0428557687571507,-0.936519276483482,0.3141602014565175,0.7831434557212403,-0.6413669918547733
-2.2811338288704466,-1.003852474045425,0.4668300788052705,0.3183342687564524,-0.8419789926826889
-2.4686577625510626,-1.05594500122247,0.6101405288830939,-0.10951051766859654,-1.0405989740036174
-2.6159096102663746,-1.1102644764930454,0.6980169318971366,-0.5308437226530884,-1.227968503000922
-2.737483489350566,-1.1461104673395188,0.7990088587857958,-0.9267902291688707,-1.383810549463685
-2.8523632580849605,-1.170171869164707,0.8489345734284609,-1.2922720432989074,-1.5335808465015706
-2.9281056539218278,-1.1691630150275027,0.8831399823248324,-1.6265161737361848,-1.6447710935502278
-2.9932700670798997,-1.154421910987725,0.8922188654931608,-1.9221258720771082,-1.7662886847629744
-3.0527243260953316,-1.1226942060616856,0.8963657187118411,-2.189835279659553,-1.8316427865928906
-3.1144764544445516,-1.0975353121687903,0.8860241297860186,-2.4406600596161456,-1.8876351393411708
-3.175702626703366,-1.0359217136472574,0.840093835857813,-2.6628890018276525,-1.956202030571247
-3.2221492892658836,-0.985945149416794,0.7916508230437437,-2.8587911925872334,-1.9745220134679633
-3.2556958015733772,-0.9282037459475578,0.7655655823697,-3.0618828988699818,-1.9780378939741854
-3.315109906149742,-0.8488475058109183,0.7214509236361532,-3.262698831475295,-1.9740082121588916
-3.351971663875048,-0.7831980286664656,0.6783069928603109,-3.4609555065523376,-1.957277797928498
-3.3837117428720074,-0.6989318549646077,0.627701168734549,-3.653571250518216,-1.9413610874012486
-3.396613022850408,-0.6090391612378955,0.5716930415331639,-3.816443996093811,-1.9137727755151213
-3.4313108575410434,-0.5179842614988047,0.4910497814910214,-4.012693981040403,-1.8610598825156581
-3.4502593883973707,-0.4095531986254445,0.4114490152984257,-4.197692283032381,-1.8142372916663905
-3.4670336978101717,-0.3180217484224838,0.3080908652548255,-4.382754312176748,-1.7659674220514558
-3.493730823212029,-0.20787632797432679,0.20120484189017881,-4.537169629593155,-1.68677703272908
-3.5153649539210705,-0.09967702629011237,0.08849168499751202,-4.709711866214606,-1.6263445338316391
-3.545336271309713,0.02026314011054861,-0.04200748022704148,-4.87500168454278,-1.5421918509289048
-3.547701340189103,0.15003079568965788,-0.16851359220671464,-5.0154751075038,-1.444889235130778
-3.565346250385756,0.28331452185558625,-0.3034953925858792,-5.102675167920777,-1.349271028418109
-3.5840270462431056,0.43383117895824364,-0.46419288503883543,-5.212294164373159,-1.259561078853558
-3.61584394758343,0.5829908920056367,-0.6195221588711458,-5.274646742747234,-1.1856359281135203
-3.6468477881222747,0.752478430009633,-0.7721240399904531,-5.305226436136523,-1.1430622700110826
-3.6874624441143733,0.9336771562999177,-0.9395013628400388,-5.321639314780705,-1.0750743910125489
-3.7307573374273577,1.1164974132394587,-1.1005997292056262,-5.289941482575243,-1.0504911058708495
-3.7802137277954837,1.3281927175504888,-1.2751303465084052,-5.2804002980219344,-1.0363051339152778
-3.868885550421053,1.5731735083653724,-1.442226426759669,-5.216032466841315,-1.0771493717800378
-3.9276640470850186,1.8200635740027946,-1.6121269518554913,-5.136983536468825,-1.132241935870999
-4.000877005903783,2.097707537536025,-1.7649706139246206,-5.051266276198435,-1.2157048351458226
-4.080322635523408,2.3825935929971416,-1.913942325163524,-4.949889971844352,-1.3589573042742178
-4.144453390849337,2.690798880497396,-2.056932069238165,-4.855780260980998,-1.5114411871025204
-4.220253775054131,3.0094247253727766,-2.177154110996494,-4.745734645115793,-1.68869904722954
-4.281111460404495,3.3254300120217337,-2.28578915260996,-4.655641694937874,-1.887900964944021
-4.350915457832927,3.629192775830445,-2.3935625163030894,-4.566496315048609,-2.091017967670597
-4.388218348519498,3.927157111419862,-2.4844888399144223,-4.497173790942646,-2.2931621021294952
-4.430106391816642,4.192060740113535,-2.5826959131650224,-4.436354593360986,-2.476631829215714
-4.432296770986821,4.421650767278186,-2.660172585510506,-4.390923089661089,-2.634431659279418
-4.44850938066054,4.632370293090405,-2.7440195220997468,-4.362341737639234,-2.7804499709171804
-4.460151323383742,4.837042556917169,-2.8334665520426885,-4.346823700606904,-2.8818108813176
-4.461671933189352,5.003274103322953,-2.8926546674333635,-4.35219535577899,-2.966194709304565
-4.4491283479080925,5.136184552719368,-2.9640659810535426,-4.34068606445972,-3.051455831488305
-4.43756672469235,5.2568153682696135,-3.031488814881542,-4.376585371251569,-3.100186688370935
-4.427998940662863,5.365823621466473,-3.1017057546395783,-4.380863565528559,-3.155011540970581
-4.4204966773714425,5.4649532637067955,-3.142445812946606,-4.407077922280074,-3.1779130253791106
-4.4088432821472825,5.519576486878042,-3.1933026828193682,-4.427828194205762,-3.1992452370322377
-4.400582456420393,5.575125749653016,-3.2368518601272482,-4.448799030217743,-3.227169137889114
-4.3875727437465795,5.631550935542244,-3.2716125593004617,-4.469092188294048,-3.2435936236941796
-4.388269031735709,5.659852715671008,-3.2905217124151487,-4.479670942365602,-3.2521872676705392
-4.387764340272084,5.689057895912998,-3.3146401624162873,-4.495177635992699,-3.2575885225601398
-4.385310295327411,5.714643185997365,-3.332690575452362,-4.495537393348782,-3.2510703038542523
-4.386903478655348,5.717563305751155,-3.3292531387636624,-4.500763493860268,-3.268167618802585
-4.388987831708486,5.712121768845814,-3.3294556128706034,-4.502617373780357,-3.2713261956949045
-4.397189282503631,5.702478929427617,-3.3138323521695288,-4.490450742524369,-3.2736040118783745
-4.4029681818397055,5.677419556165912,-3.3028298207417315,-4.4800967009316,-3.2793294832846227
-4.420996250892347,5.637341766087252,-3.26316980606986,-4.4587582954037295,-3.264354516262207
-4.43634806038722,5.554876313002175,-3.213052456421153,-4.425739296700798,-3.2728539329846753
-4.486470244160242,5.435614210372049,-3.1364121233609636,-4.403469627654449,-3.259629315113416
-4.531660834073416,5.243632915488045,-3.0425328227694166,-4.38495630611352,-3.225348340764936
-4.593784484344988,4.918946019465519,-2.9067086259849586,-4.394299469153064,-3.134414211083807
-4.609686654184026,4.382854893569429,-2.7165149240425963,-4.476920885503545,-2.945084200776207
-4.509675154046968,3.5496264119721386,-2.37060382051392,-4.581953013562138,-2.6393394788854945
-4.264540857680666,2.486743370163566,-1.8424710655949998,-4.6296256555376,-2.295492560896427
-3.846760322464636,1.286332803602281,-1.16651403923251,-4.66546647728343,-2.0447693250659364
-3.5081627058676186,-0.03808948631772264,-0.43471151229160787,-4.557948382643075,-2.1337716191694387
-3.0531882008081976,-1.3710132476976455,0.32899022030316283,-3.9197395494943743,-2.5254636277042546
-2.242528606218231,-2.4506644460953977,1.0130279148166323,-2.641920355153874,-2.7623325314384926
-1.251054903523505,-3.07830372568925,1.3567436733464888,-0.9287968156350358,-2.797476983308379
-0.25570239115162124,-3.4134567351807945,1.4228729815321357,0.5959882071600598,-2.7815495436071824
0.7136046318634113,-3.702255312513042,1.5206271926069381,1.6829119236511776,-2.6753059714881173
1.606096008883325,-4.024033767336827,1.6664820317196558,2.3812099945893777,-2.4326486231204023
2.3825276109562323,-4.366056227669712,1.8829350838705032,2.7903583857371195,-2.0707117644660773
3.0362423892318637,-4.68465648735667,2.083860041432954,2.991322716656791,-1.654879105120046
3.5459760722650384,-4.933793180978851,2.2583726418810275,3.1010213758063023,-1.2250972453602627
3.9587691262762976,-5.13005871050958,2.4008413697780346,3.1293195355732624,-0.8395404153847831
4.2512725701945,-5.269410622033362,2.490137896042314,3.1335307534930625,-0.4783361694140486
4.488646248662068,-5.383392222810778,2.549018662299894,3.1006403475991173,-0.1620073897167717
4.66070774985604,-5.4487465992003585,2.5868236733505587,3.08549274172155,0.13009526621627876
4.778643035927664,-5.483957042749116,2.6084873876198107,3.065089141331075,0.35745848928065505
4.864028446124085,-5.4940096773150024,2.600005520693947,3.0477421702744594,0.5702072804191726
4.92004544805472,-5.507269610209717,2.600083931869791,3.0350521647161868,0.7437133437921106
4.972978993731875,-5.5130007173294215,2.596542958678191,3.0255857550867846,0.8856441023306435
4.989350076992532,-5.510699227578931,2.577397558312194,3.0062164828157116,1.0177490104197342
5.012737329106595,-5.492709264140933,2.558627542692401,3.0041619899260756,1.1413868645193623
5.023069114497651,-5.499002982639895,2.56102591316106,2.9906224561617205,1.244924754270001
5.038723997524993,-5.480993175000136,2.535039885702533,2.977129525649377,1.337846809104715
5.044494173149649,-5.465124892168933,2.515613671615263,2.970300623153207,1.4178621815648698
5.0358669145727735,-5.458208376722483,2.523896390547389,2.9840512304849622,1.4875369456848004
5.026261681278257,-5.449473140964015,2.5122482152836088,2.980121722943289,1.552670721177161
5.026731969845887,-5.439297054978585,2.5004811443702772,2.9938628010589388,1.6148176133396246
5.007024321153326,-5.446535569059107,2.492100876357699,2.987356082353956,1.669775443590359
5.009760438085038,-5.441091497889208,2.4933417696138425,2.9868345575415454,1.7303627601381368
4.9980820486300646,-5.43570262757691,2.4934849158410204,2.9874511830006747,1.7791386343048483
4.991084437962686,-5.428127740468912,2.477515119271173,3.004436331342092,1.8302260566070372
4.979876381269308,-5.412856459524217,2.4646708178974266,3.001781450885495,1.8856548009083147
4.958433000514185,-5.411814065769814,2.4575018791772423,3.0160961383952505,1.905885319390381
4.9598024878941445,-5.412875352788848,2.4584460360755975,3.0201162139351445,1.958091031258519
4.941099590570851,-5.411503748157176,2.4588434135134727,3.0255825048608043,1.9918420467088147
4.931019079844847,-5.417132069959541,2.4428164953634326,3.0275071742723725,2.0340076309953923
4.927241930897687,-5.410508772046457,2.446329062527298,3.032688750917253,2.059420184730899
4.92688145042248,-5.408754810208378,2.4423452583966925,3.0368893188575643,2.090183794728004
4.922307825491715,-5.410626481027326,2.431556823075371,3.0473047303461094,2.1196340197315977
4.914485560496905,-5.414244721136967,2.445616691840804,3.0477668612828803,2.139215001231884
4.910440190890445,-5.413447881496715,2.4413493776744177,3.0533948684796997,2.1563423894702707
4.901561188207502,-5.421522321586787,2.4354531693322277,3.0479416130537516,2.1528196503342345
4.913329999563638,-5.405040981333175,2.4341581203059652,3.0435414141121484,2.175287873335798
4.894624775305562,-5.399136308124031,2.4203827443382138,3.0427722817903025,2.19757202206053
4.904750757862031,-5.395523735852603,2.4295718715890575,3.0446627882143695,2.1817424984675413
4.910456574670593,-5.407523127370391,2.4341287666511993,3.0448006550862825,2.1851437961851063
4.899569585863452,-5.407041443232889,2.4305729849492663,3.0421508023463946,2.1851917124844595
4.908229132904942,-5.3960647613868,2.435543797986761,3.041096535140195,2.1749156890862538
4.912752677655789,-5.398617155164094,2.428432419744486,3.047724173150393,2.166579357153962
4.907976465012255,-5.399434511410105,2.4282809251143354,3.0435772235700873,2.1508283695145582
4.92304969618502,-5.404546754735834,2.4321223441845308,3.028953808302382,2.151763508668122
4.920657286428615,-5.395855217033677,2.4235317657439883,3.0244081672713348,2.118569470984348
4.924992922130399,-5.397143646128621,2.431734329050755,3.0382019399412448,2.103239744729271
4.937683554864294,-5.38166746705657,2.4228603592733706,3.019534479687173,2.081426419594338
4.955169080453734,-5.380885139172668,2.4323835086306462,3.014374877640614,2.0477686085406495
4.960553592978018,-5.385657453333974,2.440498560816453,3.0084616284227823,2.0186147765497333
4.971046131276715,-5.375753263594415,2.425443038063558,2.9924741149048173,1.97695771121953
4.974156028105162,-5.369818926189045,2.432015410730735,3.002039565118224,1.9446017698667304
4.9920197227766145,-5.359621832250522,2.4247046020605443,2.9981105789875917,1.9199492168873509
5.008619592574247,-5.358374540625227,2.4307536630413638,2.983614827867949,1.8567052016859389
5.008662051824055,-5.354394807201134,2.4305568636044588,2.9692622433466416,1.8107603722540906
5.031918003526871,-5.362888088329142,2.4274543650968337,2.9674781323095165,1.7709045126164549
5.033097570616605,-5.3515025319556955,2.4235304479526936,2.9638016832040037,1.7095330474772263
5.038890666436394,-5.354558636042871,2.4315019906385045,2.966415291535884,1.6709907971190368
5.062027392096993,-5.336002798904378,2.419610002250351,2.95528566900778,1.626375972360794
5.057180698390763,-5.343781855187677,2.4249713298767843,2.955438049373304,1.5728977087280245
5.068062427463358,-5.346135407897874,2.434941388537177,2.946506068482346,1.5136501491665093
5.077198125792721,-5.3493995426293734,2.4383147824774287,2.9512908756499168,1.480142950585044
5.073236521775628,-5.338398925959026,2.427142109128429,2.9496591675073915,1.4377523320988317
5.085008925540034,-5.358799533140393,2.4386521644810917,2.942252319234579,1.4059369899488106
5.081306523902329,-5.363547243170631,2.4388553762092156,2.934682311113141,1.3835428255649034
5.080886130617807,-5.3699954854558145,2.445518135665051,2.9472357738747395,1.350847300695074
5.086856547516725,-5.368068331203264,2.4346606438021094,2.9463374229272357,1.318509431297466
5.098414805668811,-5.3711607606791025,2.4528941381361062,2.9394990867806374,1.3138093494112377
5.100272897166945,-5.367407222023081,2.4576594551367172,2.945967001708037,1.2991511998353502
5.087138376835746,-5.378960904977483,2.454186970214917,2.9452811981468727,1.2896113711896804
5.084972598535075,-5.376460007485278,2.462382341753524,2.936129210497774,1.282455441848576
5.08380791529821,-5.379934853386283,2.458661973616626,2.939300529243454,1.2896589480890235
5.0961303732263605,-5.380086218016417,2.4688825912886094,2.9407066376090545,1.3060354397019853
5.07626110366888,-5.386147546703563,2.460449838536571,2.9388416104058215,1.3267252408696206
5.0864861042742415,-5.395192617348102,2.4752125664583327,2.9485641031167025,1.3364695337921981
5.075183486337592,-5.405238545838271,2.482417353369656,2.945873722318865,1.361464842866311
5.08199694330164,-5.412370131940861,2.477495054361069,2.9457344683867768,1.4026628107640735
5.074054579635047,-5.408934552760708,2.4747054260618313,2.947331823905992,1.4252566077580244
5.0557281562871355,-5.408811353616226,2.477235118400687,2.955864108813278,1.4615480659279758
5.042916898419396,-5.422577493534707,2.490544100031563,2.9593932430695418,1.5083013773080216
5.05491909908993,-5.420181998222312,2.4773227849161445,2.962652623409371,1.5583647153464364
5.044772559842666,-5.418285034962033,2.4718012524576913,2.9684088080605666,1.599377820085713
5.035927197798306,-5.413297531835274,2.478564281913786,2.97070380074346,1.6487465814651872
5.0254133740017295,-5.432465670767462,2.4756151028421525,2.9784028839472145,1.7146350809145432
5.004496148115978,-5.423936035077498,2.4733770599219835,2.986951339056926,1.7626666390254737
4.9962137440535805,-5.424105574188905,2.47248206758402,2.984008029769447,1.8079485351750548
4.977135338450707,-5.414845264892305,2.4709416847471934,3.0060328157183633,1.85563726580928
4.96635641287877,-5.424019097387102,2.470008743039498,3.0010899722318634,1.9052670715815407
4.954989445818235,-5.417554445215838,2.466722227591737,3.019763997705273,1.945725891834791
4.9498210133862175,-5.424109031215039,2.451677462918104,3.0280001712405333,2.0057428039907594
4.9338892815833075,-5.410842258457416,2.453977652875864,3.034517553845591,2.036626233956166
4.919977273413752,-5.412734228543794,2.4388754774398937,3.043173297216312,2.0900563767114853
4.917395938597045,-5.422977621259782,2.449621366677735,3.048120442095425,2.1238417389974633
4.904922767570613,-5.413957162934911,2.4469269614946243,3.059835130733107,2.155865191320596
4.899331556668218,-5.419863619063338,2.4388044180213475,3.0629932485827958,2.1826468404032453
4.888496897570867,-5.428169648412101,2.4458757435903675,3.061875692601913,2.20607150517181
4.885425095320776,-5.434551418492346,2.4357431892586963,3.0755668690698967,2.2366963230309316
4.877095754114321,-5.424296894835137,2.4284625121454346,3.082388837980267,2.2561426660054344
4.874744948472766,-5.410347928029761,2.430415415412971,3.083284858505528,2.2835775001769005
4.867879912025538,-5.42066137327196,2.4231192354227864,3.0911991781541888,2.2817695203294677
4.8576386551567845,-5.413674023224662,2.418978235996439,3.0940232317891097,2.290854004248775
4.861496609832168,-5.420053691502703,2.4300505651247217,3.0863157730317425,2.293107589624219
4.8687768522266825,-5.416473145727932,2.429014723140482,3.0945522926832507,2.3078135247592413
4.866411077904192,-5.412104603211725,2.4200046403172104,3.080387051991181,2.2914876446761707
4.859272931346278,-5.405901512753686,2.423187571820076,3.07913175879454,2.284023115625315
4.877846057648258,-5.402522914046909,2.4178532239871884,3.073426537235528,2.26745703275763
4.882964432889056,-5.404285663997037,2.4227451785933307,3.07680514574054,2.2391174022568396
4.8912378688639455,-5.396407881022327,2.4240579697089895,3.0530390755909873,2.216632206384515
4.905134975878762,-5.396734530748466,2.4179213057992617,3.0623189732276095,2.1907178697656158
4.913376162846751,-5.391370047003012,2.4248166715169717,3.045460993541361,2.165252481223239
4.930661636731313,-5.390855597640269,2.4263477802601954,3.0344796170226576,2.123952610727462
4.939007323420717,-5.37584705752669,2.421514881979898,3.0255668905100626,2.0805900730635374
4.956414500912575,-5.377609428714431,2.4253604281062606,3.0118766806280157,2.0341217533756857
4.967083935836909,-5.354673673267202,2.4239830950182935,2.9959121342974546,1.9807308462655777
4.997361298247978,-5.360413794461733,2.415461247330405,2.9975374592595063,1.916899652889605
4.998419781643696,-5.344770963608241,2.4172593309425037,2.9757539549815655,1.858390818245375
5.0280299055336375,-5.343617677363246,2.423293806144037,2.973740818227325,1.7874686387995666
5.032714742363558,-5.345528019457931,2.4264890955475047,2.9618433703706435,1.7267101257239983
5.05038853559325,-5.327117602607356,2.412033414945024,2.9473195522929982,1.6658502745878951
5.067284345090032,-5.337467790205159,2.424620452306058,2.9431984389826447,1.5617265780837994
5.073489096269747,-5.328924662408143,2.411094934523017,2.938376884762834,1.484582631809897
5.085796390142646,-5.320144123594517,2.421216199340036,2.9317570558633324,1.4175149884843061
5.0923919462761384,-5.329692369832192,2.4191535643012547,2.9362467349047505,1.3416268876194999
5.090674543113489,-5.3140339615536245,2.4238374354811905,2.9453272860772857,1.2783985517703695
5.102475991293448,-5.311602499877537,2.4209977695049845,2.9254873940387536,1.1997904469955147
5.08365571937654,-5.302948398100426,2.4155531206554315,2.9329315356854044,1.1225060957410162
5.093528227060326,-5.313634015155392,2.4100823836969862,2.9442281123819947,1.0694539217058137
5.101519879359683,-5.335899555761062,2.42848799012328,2.939228456420916,1.0110679407674483
5.08969618134241,-5.32210803425589,2.43082031830703,2.932419336719308,0.9691777723471922
5.066395181860073,-5.3364095476042115,2.4384210946583056,2.941862201321341,0.9251062536941873
5.064087433974576,-5.345961662117237,2.4539654553976673,2.935569263693165,0.9067439453888676
5.060831099801989,-5.366332602294127,2.47060551114378,2.9465639208137433,0.8794634361623137
5.06046594698561,-5.367535128233596,2.470361333056205,2.9543014116967536,0.8756816386318552
5.073165458346276,-5.3858030616303205,2.4651099074100618,2.9502067278405795,0.8651643131117223
5.058593474360735,-5.377357702236451,2.471878641490612,2.944319192745314,0.8941614108982955
5.078550222172981,-5.402954081956558,2.469285934298459,2.9493499208156027,0.899813044333861
5.06349554874468,-5.4124559657986,2.488003054445888,2.946076313704773,0.9339820948119262
5.078492667408592,-5.4109566590722595,2.49550856166449,2.946142631753113,0.9584887701238041
5.063799326791209,-5.41546011453074,2.5026079646566237,2.9534338820272583,1.0150641982147763
5.07738430804543,-5.4297277920868545,2.4993350208428105,2.9357182327522495,1.0688627086274178
5.0699862076797055,-5.435984573689324,2.5072861122896373,2.9421100294567166,1.1200879802835932
5.064514947212283,-5.444787010973981,2.507500600902425,2.941473682104296,1.179850560731283
5.070408477984197,-5.44545692131896,2.50625994626642,2.96389910498805,1.2579402053258217
5.060572827032823,-5.447957559382099,2.5030294867430296,2.964256450544532,1.3335228128014982
5.058541165343543,-5.442426074548935,2.4951501286241777,2.9669951096601896,1.3964009473815324
5.039116878936003,-5.447016713878616,2.4972967181159755,2.9570550979376637,1.4765032635429016
5.0287394555358045,-5.446495651963029,2.5027937116077807,2.970645299480901,1.5527037960193364
5.017819307799005,-5.438859911917796,2.4952722032434953,2.996908387680643,1.6326813099534192
5.000280266573646,-5.427266276613292,2.4971097196171526,3.00083031297468,1.7135154483922221
4.997422254996681,-5.438003421473883,2.487197229984035,3.0031688063084423,1.7705836734962772
4.9796549061077355,-5.44036687928399,2.48828149041551,3.0155988958365563,1.84328988101416
4.968051288858931,-5.449798052582431,2.4784230301353114,3.016059916972802,1.9044226542646687
4.940613515157107,-5.442423415458391,2.4606313387916856,3.0285305827498354,1.9751046365455245
4.921983565970434,-5.436142406739344,2.4669516428195646,3.0465210081010152,2.041627531876189
4.9071663249126285,-5.422750350010011,2.4548316131639987,3.058070271703431,2.1117610903922004
4.900437780643208,-5.420806946358383,2.4487497132405,3.068161067394528,2.1572856347638587
4.877673586487624,-5.42797488044718,2.452809764370994,3.073399923223448,2.2140973585113324
4.865118612503621,-5.444273903733959,2.4491917571856208,3.0975362627961758,2.2617408650736803
4.857162746350463,-5.416574849807018,2.4338954945238345,3.1096950192539534,2.309106082515636
4.848440926083337,-5.428901072945941,2.443216429910755,3.1146657811954315,2.328569812760439
4.836306366992305,-5.426206956224291,2.4248398257398756,3.1209402402331365,2.360577545567501
4.829270746608136,-5.437737624685944,2.429905531491019,3.140721051890689,2.37521272969311
4.834551081764247,-5.429293273346544,2.432475442946079,3.1463803002191386,2.3895359183360774
4.826215514729422,-5.4426915643756075,2.4302961618180072,3.1440780609593926,2.408781666160428
4.818306469634787,-5.429424171271866,2.4377765319152886,3.14393508735886,2.4232215093684473
4.825812540984002,-5.4356098084111695,2.4353551610854964,3.13990594664099,2.4288767309945745
4.830862145565584,-5.429202576035175,2.421363657366718,3.13094702125862,2.423758432441301
4.828966246226818,-5.4168760664842575,2.4142047338667116,3.129711670509536,2.4200479206756067
4.830887262898196,-5.421759817312559,2.4044310160117104,3.1107774175802,2.4043965548976782
4.837809896900783,-5.402661193681878,2.4042774342476623,3.1146097055766955,2.3883648358298815
4.859015975613737,-5.403305815229529,2.419680863462987,3.1056097386713315,2.344543952392137
4.857969753796853,-5.420412512103374,2.4181280008457144,3.083642503520633,2.310853979326051
4.88189411016756,-5.392506135306569,2.4163111289939123,3.0778606763354275,2.2659172713248297
4.904295426589594,-5.382516342484735,2.423703888405322,3.0625343031406707,2.2159079103148236
4.909370524152083,-5.383788955143067,2.4185590155082224,3.0386472962216433,2.1473906737673145
4.95389506284789,-5.365096496398548,2.4191180934969796,3.0215998188974424,2.091031791806933
4.965140230722398,-5.356395958743292,2.4119574441207225,2.996510624576755,2.0093246290271223
5.00620520403401,-5.353049535632081,2.420436312881901,2.9918450510931045,1.9255090102995103
5.0174800532421076,-5.338505119638465,2.4117594467848855,2.9654077906329124,1.822321218267557
5.050373239966319,-5.329744406496261,2.396674750079507,2.9578776284964756,1.7145455925897835
5.0649652709856685,-5.325977741708435,2.4020176481467668,2.9410662572203616,1.6097534396805893
5.08127473894273,-5.294528058419447,2.392157784576463,2.93835440374952,1.4837658368060995
5.092150431201749,-5.2899562038779795,2.3904208219309506,2.925853114124077,1.3456528234699707
5.094164499152869,-5.273278383154606,2.3768762630024236,2.93984978134371,1.201596280576927
5.078366814611387,-5.251416010807781,2.3780399096906017,2.94396236442916,1.0658000777751155
5.074388339951709,-5.234346148457673,2.3832899609510183,2.9418847133563997,0.9311697999844041
5.050822882249893,-5.234154710882888,2.376800060475772,2.9450721062401204,0.8022742262861535
5.027023781444385,-5.2203673363993035,2.375001046499718,2.9686133085566726,0.6404454676273287
4.996893176010621,-5.218338413281792,2.3637251914091806,2.9697454762978523,0.5148360089321412
4.981073887050348,-5.208764118829691,2.372441362736213,2.9832670312406777,0.41286431518473415
4.948576382562359,-5.207009393358056,2.3781324177482897,2.9885296457092907,0.2884512009337147
4.916987557049969,-5.206157062063182,2.3766954100829123,3.0055661399583045,0.20445592874385476
4.89155701632073,-5.2055059928625225,2.3825264743126766,3.0093413590340794,0.12477565957516357
4.877574306850171,-5.197369436109903,2.39944451143286,3.0327097153690743,0.06673130224724794
4.874981988862508,-5.210843156470991,2.409409764064474,3.0310999799917147,0.02683185460621411
4.856277690752968,-5.228704738912974,2.402641833426622,3.030653992890713,-0.0021696313868375472
4.8632166575171665,-5.2475510566630295,2.416051804854887,3.0447430651134413,-0.020732674545503146
4.87145327822775,-5.273602498650703,2.4288015193214907,3.0388363735447634,-0.01344423628140758
4.883441313785922,-5.301990766534305,2.4549304050442813,3.0581136503070714,0.0016607266451658894
4.885629628393453,-5.325701523389336,2.4705301479837267,3.0608861673015118,0.030133653000447888
4.914497491329508,-5.361622226110919,2.491019713114851,3.0488779384946887,0.08128785127522634
4.924827962333379,-5.3955004931562245,2.499387077644416,3.031085448597424,0.14808806234489813
4.939040266380823,-5.413953092296071,2.5192468256496063,3.0181124373773,0.22776837465990096
4.959489221927222,-5.432189986915942,2.5249088033917766,3.006193669528855,0.309323984899887
4.976496969773601,-5.455906542651739,2.53982660414477,2.9999060669323048,0.4114384147545015
4.994597531191438,-5.465225994644657,2.5483748566360167,3.0010035930315233,0.5078846860814222
5.009404942512612,-5.477953551823105,2.5561174716810626,2.9908986403661975,0.6138108094852838
5.025125507407591,-5.497734110647959,2.5531596265868544,2.992273580126217,0.7333739148461337
5.026096025808283,-5.5050364899335635,2.5655411518481617,2.988088761306392,0.8455226110507016
5.04991039957373,-5.51227721373555,2.57484863388741,2.9826204146994937,0.9858039716132398
5.045831341597921,-5.51378289030401,2.5709285352102333,2.977166683177136,1.1058900733027934
5.048379295303721,-5.514512446554886,2.5575059174129016,2.99248149451206,1.2334949270336568
5.042461368688135,-5.503280743474183,2.5529821307950438,2.9846186078710746,1.3536846406475083
5.018930469039496,-5.501270399516316,2.5500412434569313,3.0002430801662863,1.463578162504192
5.006657553173828,-5.486238750034914,2.529688437080361,2.9992484390650973,1.597458909691714
4.992245236861695,-5.479768927943448,2.51079806379061,3.01993442643289,1.7037373853953799
4.964271352129554,-5.475467407538082,2.506736515400186,3.032070493742804,1.8136036631441144
4.936455135126373,-5.471935095290463,2.506483530825776,3.05098471145766,1.917439252983208
4.926007683453452,-5.469688100942993,2.4934378995100293,3.0622465373922902,2.0067829533231287
4.899795333610445,-5.4522827379726655,2.482734148609085,3.0788326434794726,2.11129539088175
4.876180629225369,-5.4502946499553,2.4694878953387036,3.097407216758396,2.19416190792133
4.867385668956678,-5.459804155564172,2.4562898146110266,3.122096535954492,2.2630838366376107
4.851046469116615,-5.448455593866736,2.450107353562689,3.128849905154846,2.3217452629098076
4.8281623423476265,-5.45785307908521,2.446632738853254,3.1453253775361456,2.380939312922534
4.813817663837227,-5.454902942857099,2.43695522719433,3.1726802185612755,2.4277445248366716
4.807618774406218,-5.462645317812836,2.446625623727306,3.185976367443573,2.47802471504281
4.79163241969844,-5.451280209857556,2.4365512888714878,3.1927891493006966,2.5009633776025826
4.7833896935492275,-5.441854999190815,2.430889380164332,3.198650109802365,2.5317258660816924
4.777720738544117,-5.434552729416265,2.4335889699074875,3.222888837237997,2.5642675874828083
4.769369789026905,-5.442171535043867,2.414277170330232,3.224596369123594,2.5702405941220636
4.7700979673869055,-5.437493317027406,2.41388404870325,3.208398480681113,2.580651606759054
4.776862370325242,-5.440448363698338,2.4213422325282625,3.2055867608581377,2.5849047293776133
4.762901673756716,-5.443460459302127,2.42346877808709,3.2057618049763548,2.575329115633379
4.791065441409401,-5.443667072320616,2.416577183474391,3.195221372294733,2.546559341080391
4.776960622841688,-5.429039495766711,2.4172730829793223,3.1860212140117627,2.5321254188361135
4.802608469483234,-5.427112455004527,2.418347671324309,3.159071846338087,2.504655253114498
4.817794076565561,-5.432645708585165,2.4244876137327545,3.1535519804381207,2.4587403137542063
4.84508050794296,-5.422162770879851,2.4192324142215464,3.1229827022845087,2.4089846281080254
4.860587672665563,-5.403633811428156,2.405452888235347,3.095966009955629,2.3320425451074964
4.894434957865829,-5.390943971636606,2.4155509463919005,3.0747635477554045,2.2421802324219584
4.922438771265927,-5.378357047721527,2.4081490839098962,3.0459337905086294,2.131224239404595
4.970257434501123,-5.356108984855276,2.401468034932856,3.0139124792344756,2.0194385580993948
4.996437592296901,-5.328285473874948,2.4123470755914767,2.988202739040749,1.8717872304919052
5.045022987807509,-5.287618446217911,2.392140459445848,2.969546923307352,1.7225033908228542
5.066410744048957,-5.2708734413402425,2.3779683648210295,2.9542468689814965,1.528975389650167
5.070438270407873,-5.236648880174625,2.3597011166826327,2.955749240661384,1.3141948933135892
5.0742551644147,-5.185294002291762,2.3498762505996753,2.9580962690733696,1.0526858727426205
5.037006531985591,-5.1369047349430375,2.3214678562432556,2.979066259172914,0.8028378091365267
4.985114763498977,-5.055048288725807,2.2807708670059257,3.013586444597068,0.5011507056954806
4.904335717788425,-4.960750442708738,2.235978205243676,3.0539370591000288,0.209009847991652
4.803647417026341,-4.830128150094359,2.1959221163407032,3.0954887253303096,-0.09533794137680789
4.701255998267497,-4.721020930769437,2.1505073283200713,3.1623258602238846,-0.3863992672750372
4.585244626892384,-4.559446206487625,2.085790091129329,3.2272129145919624,-0.6393258745027625
4.4829369855261785,-4.399173252240469,2.020475023274364,3.2919684641715996,-0.8656369042438561
4.362372836379602,-4.2414356023210305,1.9466417242487484,3.3678003592511625,-1.066219318588534
4.247004269988711,-4.0848239250237635,1.8538699457834988,3.4483241734985643,-1.23284280138492
4.154915212264863,-3.9427019013186744,1.7758812569809352,3.515848829936497,-1.3576723306522411
4.039057940910589,-3.8391233854493807,1.70505012378994,3.58746628303595,-1.4554905753027274
3.947391961025774,-3.7534507048009873,1.6465735586069297,3.6658427959396054,-1.5142272910445482
3.8897322049229546,-3.6854924815004892,1.5955908394148952,3.7104866130168093,-1.5842611319485644
3.820105964695637,-3.640977796368501,1.5671502997954843,3.7770099772695636,-1.6291846265561662
3.770495905878874,-3.638086653387173,1.5560515672417938,3.8132498429344146,-1.655865480427982
3.7370307779937857,-3.6161367554435704,1.537679761702161,3.84446912876082,-1.6829733768354227
3.7099539760751448,-3.646208058710153,1.5592996757743625,3.875922283767328,-1.7052011963468232
3.7269590649736553,-3.6984303227881816,1.597364256693346,3.875968379730062,-1.6989012585252226
3.7513941491499,-3.7573016371458188,1.639767572375217,3.867953482229791,-1.6873728135054868
3.7934059763276045,-3.831403571092661,1.694070884953122,3.8405669308320816,-1.679928151618049
3.8320215920956957,-3.9257549995531598,1.7574233097525078,3.8316872733102523,-1.6634904793249121
3.903496991380994,-4.053206010428979,1.8397407830220667,3.80871103960173,-1.6348072126218625
3.9573002935689416,-4.174330144413456,1.9163995605407498,3.779349460944256,-1.603125492782109
4.043119483794804,-4.295847049984505,2.0012428279781487,3.7117286864755665,-1.533695737871571
4.124972900136233,-4.420913863641398,2.0748007102145887,3.6630242002563267,-1.4635366283625832
4.216548223001626,-4.549715410577041,2.1503667746244717,3.5978900748073404,-1.390280247504202
4.31120905480219,-4.676368609011631,2.2266669572349187,3.54841926987848,-1.2927941127169336
4.408194738074231,-4.815112914526646,2.3071578198322134,3.4850496821966757,-1.171289601438465
4.490752116192375,-4.963804754163435,2.3699787549105533,3.416208851177954,-1.0197163031254004
4.579873428814556,-5.088670284199749,2.442056752389274,3.3588569857213013,-0.8582486352376558
4.657386672518937,-5.216983458920579,2.506976473647495,3.3115938766637867,-0.6811019366881002
4.734191649422408,-5.316666173293763,2.5549609690345045,3.2674074872426746,-0.4954140816579666
4.803852830387519,-5.407500152289695,2.5901424100519397,3.2015633737002007,-0.296600512312456
4.875941300025696,-5.485627045317883,2.6239044970375827,3.1569999563305493,-0.08300147107545408
4.9209778697425826,-5.5257986762143565,2.642585269103454,3.1187505838932674,0.1138342513647872
4.960277361247022,-5.573328322548748,2.650859471935012,3.0931855403517075,0.33535950734791337
4.988002874599339,-5.584398476877799,2.649797612098702,3.0686577004333873,0.5717413586522371
5.00399493621784,-5.579607292042056,2.6361295740136255,3.05195672692953,0.7795309971956098
5.017143809244263,-5.583643242575078,2.6395946253478595,3.0412896963881195,0.9900336076392742
4.99830319778069,-5.590814916352722,2.6287896413983676,3.0411963856437105,1.1940403082534499
4.988372056317363,-5.555660096533755,2.6061012810681716,3.0405038684757937,1.392801242083016
4.966783308799183,-5.549122423105363,2.587943013840557,3.0628140107427986,1.5737397712079124
4.945463189123889,-5.541789389695037,2.5692958529081333,3.060349138181018,1.729071428890256
4.910692212297138,-5.51997736046827,2.53402432455604,3.078270357492354,1.8985953815006484
4.885362579142644,-5.5157715237544185,2.5183609430291587,3.0969685722341107,2.031285190551956
4.860023203975321,-5.49880030398328,2.500077833437012,3.1199956335869854,2.1560070861604483
4.837498974100942,-5.4939216999796745,2.4754277955272608,3.1617890134509,2.2806650375676965
4.8147745504027775,-5.47961434557611,2.4804156452296,3.188749917752098,2.365988082941659
4.775719895381197,-5.476795435056998,2.4544179279351903,3.225301338942413,2.4643689951977374
4.771749468370073,-5.473851679300193,2.4601763523112408,3.2436462787613785,2.5302826724542418
4.756702239380948,-5.465341969626274,2.4420089575716553,3.2780027164320513,2.5951684902674423
4.730601536702104,-5.4679502840675935,2.449734718206294,3.3044294796894333,2.650184441757863
4.731069919327595,-5.4642857533412625,2.44280493804539,3.328317990010914,2.683150833415381
4.716083741456654,-5.474135422455238,2.4391645990449926,3.350470393165708,2.714944666233094
4.70842727821245,-5.476111925122532,2.452854378719636,3.3647471248774283,2.726181870915048
4.716217498301221,-5.463705654404929,2.45170654971638,3.3748893879484974,2.747396508627885
4.7139604115732965,-5.4772831893873395,2.4489587346350037,3.363454404276491,2.752883167775464
4.71991196367218,-5.46624566785976,2.432786994592476,3.3552614397358185,2.7508901141003204
4.71808068097711,-5.464647266312357,2.439101638410059,3.335149954615532,2.737803783911719
4.734368284596368,-5.453461296209694,2.4244974246388464,3.3153648655472203,2.707693513501012
4.748280840926952,-5.463154569407244,2.4270318057584066,3.283028321322524,2.6577302900065316
4.764452224687174,-5.453768393685352,2.4381288363110336,3.247985138360413,2.6138968138980783
4.794448206605574,-5.434372825252486,2.423691695462864,3.200017329034718,2.5357869525551897
4.831136925672776,-5.430325264326239,2.4277296950012914,3.136439536616751,2.421592740032215
4.879302331387422,-5.404681232288269,2.4315522685688715,3.1052808008355557,2.2860329793942373
4.938923577307194,-5.367093655309735,2.4139650267602093,3.0593522399900857,2.1261602142641305
4.999120970590583,-5.301545883304327,2.3873676678749853,3.012148918675073,1.8886937424836063
5.023046184603029,-5.23107778476343,2.3551145076094278,2.99747646444057,1.5906754702342505
5.025815068721302,-5.115614318762405,2.288799999316326,3.013420279517158,1.202080841229374
4.942932189829139,-4.903059901799005,2.2058586249709395,3.0736985007520756,0.6951878495136053
4.786229879845275,-4.562058693314386,2.05686410835206,3.18600987992625,0.08926782062737229
4.56086367741207,-4.060462177386591,1.815201567768605,3.319334025120922,-0.4860110943125857
4.25860023955284,-3.4448716372393933,1.4421952635874953,3.4838339013476984,-0.9422016163397611
3.9077232037983882,-2.795361713824587,0.9628161579190211,3.596841165740161,-1.2374616714459972
3.4830436442466626,-2.1860099022379114,0.46704904757546223,3.6315886564697095,-1.3267543443888794
2.993138400873599,-1.624586703617102,-0.013538064967324466,3.5260160206955713,-1.1832449704362875
2.390978719198192,-1.1569153644039274,-0.4583720159939513,3.2824110655599528,-0.8997059409580018
1.6728177208173356,-0.7906127721564719,-0.7436941492197264,2.877977167271183,-0.5233778657922635
0.8693274952579827,-0.5467755645909662,-0.7835654719629902,2.3350355568708623,-0.23196007134615595
0.05988001521043973,-0.35187290105206986,-0.6002729231492168,1.688739881503252,-0.0668771448528444
-0.7476307502213758,-0.20716977806554704,-0.34390678291556187,0.9718236281978863,-0.06413606433758647
-1.5085384397069541,-0.10577576029427978,-0.10873787635999997,0.2242367143418736,-0.18614541178552285
-2.1584593165297212,-0.047618036431213,0.05263932924582652,-0.5785558571320364,-0.3367878941033445
-2.686939340873383,-0.010439390668677122,0.11209966658893881,-1.382655153382096,-0.5014782461353762
-3.0853116591524397,0.01410161139149652,0.10674549632395315,-2.1219046282754372,-0.6385670160230636
-3.364784869999838,0.0337641673670146,0.04840300536310051,-2.7768481786867274,-0.7373072925277234
-3.556387012142492,0.07965318298975442,-0.047184682546459834,-3.367613453203547,-0.8131726367103063
-3.6812402206837476,0.12752782937459137,-0.15117559314058024,-3.8463309132758012,-0.8463456995817371
-3.741787608476298,0.20729787360846427,-0.2704175665244554,-4.220156590961528,-0.8745549224586899
-3.757346926713844,0.3071716795309701,-0.40258864841863307,-4.532666915958727,-0.8885210184096337
-3.768005291496934,0.43391638875339283,-0.5482168045221346,-4.768999235493622,-0.9033989789957758
-3.765163885381264,0.5485565189373326,-0.6822927918988639,-4.946891169570155,-0.8913539908552608
-3.761000408492462,0.6752490479952663,-0.8377059753517064,-5.065463577901977,-0.8784506528527807
-3.7407961284599915,0.8219108003715272,-0.9559376074638554,-5.1464380291047505,-0.8602537952780505
-3.7524483225429557,0.957616513305677,-1.0930901533807664,-5.174201748735645,-0.8673997335021428
-3.758905931566206,1.1189737637443882,-1.221816054280939,-5.186541082850827,-0.88423802156142
-3.7743205038993652,1.2739915919312899,-1.3525844371413887,-5.177522972833331,-0.8839029252176119
-3.794482533934215,1.4480665457131348,-1.4874336866494249,-5.1472221471398045,-0.9117231778208942
-3.8450420202621314,1.6466663605290561,-1.5915054148878585,-5.104986522229222,-0.9491513061219725
-3.8878535291558274,1.8406210580974374,-1.7223009742394966,-5.076792318578919,-1.0208560150965615
-3.9354405101595495,2.034554349068973,-1.845055466808467,-5.015737836276385,-1.1152558561928045
-3.992153291468096,2.2340762215291314,-1.9486334748308451,-4.95373930205666,-1.2053443080440691
-4.05787560793091,2.460384232641236,-2.0286169924343,-4.894588348237505,-1.322389802302316
-4.099258327663249,2.6764321897094807,-2.1174292428351973,-4.811996580704894,-1.4513282149495506
-4.160607420420433,2.902573447868065,-2.201082473659572,-4.752723352344487,-1.6020474877614865
-4.22005802604409,3.149560807024037,-2.289438117845508,-4.678040995893885,-1.7618950534014342
-4.28490744979749,3.3919077956429433,-2.3585571178719196,-4.59637939878247,-1.9414893566075604
-4.3169825266009445,3.609197575493082,-2.440222512858005,-4.552504458884162,-2.1051676515681166
-4.369486167237699,3.844163513589652,-2.497861539670545,-4.485570880986606,-2.270069690315927
-4.420466222996851,4.055486110574662,-2.554017056966803,-4.432482455940481,-2.4263187432180806
-4.437085852002065,4.245815323441798,-2.6178568989471858,-4.3942527582625495,-2.5667206877112623
-4.467668366402888,4.425268410758534,-2.673620786495814,-4.364304029747159,-2.6890452877936366
-4.472934005857093,4.602399533493234,-2.739985509896245,-4.331666425414796,-2.7951378179294935
-4.481559533725475,4.762067772441656,-2.7892580797802387,-4.319631020096583,-2.8880268642728515
-4.4776891035739865,4.885476381341352,-2.8521824897028267,-4.307412815827445,-2.9728528040460604
-4.481330873626029,5.0154418422032,-2.900343492788036,-4.309952012164462,-3.0344542013865174
-4.478588407330346,5.128237121800641,-2.95219505943063,-4.316498892340117,-3.088207938720555
-4.460734616129942,5.211282350664814,-3.001536333481526,-4.327339219532547,-3.1291593373150413
-4.461214537968664,5.296891996697149,-3.0540247300495142,-4.345658831530002,-3.160181792122853
-4.44763788051815,5.361249824403481,-3.081528451289637,-4.360245518178891,-3.1745972721975533
-4.436150299128749,5.423090998599551,-3.1135562145139293,-4.374025337077679,-3.205114731690403
-4.428736037032093,5.482220792551704,-3.1549936602612516,-4.38405477068833,-3.214643434389502
-4.426644145121675,5.517062584627181,-3.1799649365925107,-4.40103034294126,-3.233654056952145
-4.414408012324111,5.555460999824801,-3.1923697396179898,-4.4093016766965745,-3.2354339712464566
-4.420963103099334,5.561770608732703,-3.21123075591345,-4.418247430047275,-3.2474033586052244
-4.418425667311959,5.581129275590721,-3.2225907989562064,-4.424721558258438,-3.254821307874505
-4.414821459301805,5.580710268883816,-3.2104286444228074,-4.420621314072101,-3.2443330878928407
-4.426207689569382,5.590161992020428,-3.2318599260347,-4.42699834599381,-3.2636242385374836
-4.424795139032344,5.584494613400314,-3.223726922952198,-4.4182634366805615,-3.2559542083875477
-4.431770110512664,5.546988185168967,-3.1994224916770495,-4.407034787719721,-3.2551976420118205
-4.459539210648134,5.5010528950687725,-3.16322762057721,-4.3856431382309715,-3.2601201390531087
-4.461605038970513,5.452450732973859,-3.12942117250518,-4.373930105923172,-3.246012638446309
-4.501691633317188,5.371898616449234,-3.0913846763548065,-4.362687074280227,-3.2385396354349836
-4.539495316230004,5.251120830627281,-3.029057070024896,-4.341127586416636,-3.2267584416888746
-4.561406413919925,5.088650747816751,-2.939745472982115,-4.3452324887572775,-3.178038684969846
-4.598041675567988,4.866733909926691,-2.8644915988556168,-4.348351698051767,-3.124709446222875
-4.623386345307501,4.564263928285209,-2.738587322329456,-4.383530147879497,-3.015602897103207
-4.6008600632062,4.159110068304119,-2.6165213149694138,-4.430440900710417,-2.843063117594549
-4.534066813433437,3.6516248344296645,-2.4310999403475333,-4.504633215008731,-2.6256878211239623
-4.412909428718286,3.05681069076842,-2.2030856890496,-4.587516933316083,-2.348325274935299
-4.204836154021066,2.384674905951354,-1.9086508738309689,-4.656340555736515,-2.07847679902109
-3.9612421343246145,1.7114638187527458,-1.5615765706288631,-4.702666186471806,-1.8461785847038035
-3.673258687973884,1.0952715602021206,-1.2061273205767276,-4.737793582855998,-1.6967862956115976
-3.4093076961886193,0.5373420001162733,-0.8958142830977649,-4.77110393831527,-1.6383827730267735
-3.2020344225894344,-0.024287017378933927,-0.5416201981040139,-4.761891617639102,-1.7589279372184758
-3.0779556201586713,-0.5567860678957922,-0.19222422090496247,-4.654547153768792,-1.9898266647901892
-2.9647929118018386,-1.052006875816258,0.08932289932533832,-4.373799813424785,-2.2766252968802334
-2.7865327065724403,-1.5141539156311676,0.31570274951380345,-3.931866280186435,-2.5491916796140965
-2.538851784034372,-1.9145677995469452,0.4674436295099482,-3.305432704079296,-2.748888662343417
-2.2423453487262015,-2.2620262372322006,0.6100548188609298,-2.525098768762835,-2.818189890224774
-1.9334625934983858,-2.5123101385129543,0.6884258115151939,-1.630455051559854,-2.7697897289622193
-1.576372818889508,-2.70516390750593,0.7443132664516491,-0.7148378813101408,-2.67006255948163
-1.2277891452499499,-2.833118281200141,0.798705527803393,0.1513165313008142,-2.5196905774290888
-0.8980471809916238,-2.9531282439716025,0.8804112672265532,0.945360525380051,-2.41699354071234
-0.5664199065028641,-3.0660824342791972,0.9665919792621163,1.5925652841194926,-2.3510897005304563
-0.27767094832750855,-3.1637768022777313,1.0791213724175748,2.125844838140701,-2.3233542969465413
-0.0011010386327459307,-3.283285056156975,1.2067331010365032,2.5635148853781184,-2.324628569850205
0.2775149300019575,-3.3761677310127434,1.3164704738712836,2.9223072189809622,-2.3666689995898804
0.5738294553953879,-3.4643275878747035,1.4429132448481332,3.2041866970271573,-2.4209132612914046
0.845742169273491,-3.5575965823242024,1.5564751319135723,3.4212412580246836,-2.4530652044343015
1.1340633047264004,-3.6542927023777176,1.6344221000481909,3.5492153023543196,-2.4807544026166792
1.43488517850256,-3.768433698976568,1.7096042730097327,3.6394393029317262,-2.4800836535665525
1.7434376627217234,-3.870373103357835,1.7930852744308883,3.69941288121636,-2.437501953205965
2.063031024709671,-3.9790648563269926,1.8823086718984916,3.7039843800233405,-2.370143000961212
2.3728464643410807,-4.108443038377843,1.9376365997476404,3.709981113436205,-2.2718329580771512
2.670160060959398,-4.209546079340013,2.0098174352142735,3.6572949735156017,-2.135745824851247
2.9650008539768695,-4.318997883704636,2.060023291975296,3.6138329162921874,-2.036007650038415
3.241967414746408,-4.4353656043295775,2.1314352635410203,3.5470877459001255,-1.8825078572746592
3.4878376375789686,-4.5542462522137415,2.1978454084238197,3.474480530023267,-1.7238265686809797
3.7394153306770543,-4.682686875238026,2.287618092340854,3.4206777272779942,-1.5535824297823309
3.9341740931217206,-4.817493750891948,2.3455057691549475,3.3556141214696864,-1.355334083927501
4.096751466515948,-4.930691814592146,2.395600049209795,3.307983213341938,-1.1805669873184446
4.274446612548043,-5.05191634587562,2.4596649505951937,3.2466239018275243,-0.9665581139313509
4.418280161394426,-5.162451069171426,2.5156503888960544,3.1897668660051095,-0.7520684414828901
4.538164760597555,-5.279932903716177,2.543737779324334,3.1445662438137805,-0.5183954936075513
4.656228411920962,-5.371629777484052,2.588422783712913,3.124853208551349,-0.28036087008410393
4.7609047557235185,-5.449497898991283,2.6156768439436227,3.0870114280092094,-0.0432381849082102
4.8440286657082785,-5.499793789895051,2.6332143666323686,3.060087240084242,0.18821679932896412
4.895619610499743,-5.535324804386706,2.635572125214687,3.0517082791665806,0.4275774239351767
4.938137370210421,-5.543024387118817,2.625001131598606,3.026937653744931,0.6685302181898313
4.969980396160103,-5.5608897823691255,2.6293937108776526,3.019889581433968,0.8993052912691905
4.975124883629363,-5.555898955851371,2.620020039652718,3.025511885308707,1.0942703984355882
4.964559718521124,-5.555339297951363,2.6022663491118454,3.0208567968606106,1.3023565993164334
4.964858474830007,-5.534484211209937,2.582952803712142,3.03572422554244,1.4899273509496829
4.9385418012227635,-5.518949826082402,2.5599078859133026,3.0507840209747883,1.683140600968386
4.913380882050611,-5.522105784113925,2.5403238836724196,3.080175569335817,1.841808155577028
4.883370615582825,-5.5032190498918965,2.5143812622149517,3.1000075333213313,1.9884839646217114
4.871429066207071,-5.502923838799366,2.5035112076083457,3.1218759884857534,2.118835396228248
4.845794958822225,-5.491854630556461,2.4812320402131154,3.154559390518303,2.2472135266564446
4.819779471985322,-5.484088125272058,2.478639133458967,3.183904805088948,2.3425929233163165
4.791329370928013,-5.472356628810889,2.46350196303091,3.211815268336723,2.443427157689953
4.768141520872556,-5.479113709992201,2.4552664169697973,3.2525370474219475,2.5201343039302393
4.758368137857223,-5.472039278004855,2.4546419710060468,3.2744016378249614,2.5780794986450113
4.733472565242369,-5.47113512429328,2.449112377657178,3.3100371575585914,2.639448606090681
4.723348367768304,-5.470463653298652,2.4522669173001295,3.329799019652231,2.6807729495670816
4.714638923211311,-5.469233558638841,2.451699210877999,3.3636930376017213,2.7245984785411284
4.710543724906573,-5.473510373701871,2.4523393214980653,3.3603271387425733,2.737173788653543
4.700934616547485,-5.480360605719422,2.453341904197612,3.3798097801162865,2.7672006518253256
4.702481086051458,-5.467571282134247,2.453709668735739,3.382750106702327,2.7542439971416277
4.699878922896314,-5.469571684148685,2.4471250982123283,3.3755041365684604,2.7556298027287602
4.704030175432977,-5.47157033153185,2.446626074414333,3.3622178706699564,2.758119592434049
4.725311107967213,-5.462804878365286,2.434581702344412,3.3308877093330387,2.733050855349438
4.7319330951301515,-5.457082115458329,2.4375558695229023,3.300720045746628,2.6984347868041865
4.759476824000401,-5.452157091082422,2.4244763285306328,3.25859291995968,2.6393670171841133
4.789704744260705,-5.4476093381249395,2.4266901029929913,3.2132143257244166,2.5797999918210275
4.821251155883546,-5.4318681686117385,2.419651933338022,3.171790218798051,2.4712983454071087
4.856378301653832,-5.4110865171636275,2.4122172716253965,3.105594253546436,2.3295723377027446
4.920112443920592,-5.377888970555557,2.4223036375435183,3.0647414603052012,2.164129914235372
4.981437606274714,-5.317297869935856,2.3952090734855376,3.032250402484153,1.9436068993730118
5.024856617297361,-5.252420736916673,2.36421021242158,3.0125185776649928,1.6658293690436337
5.02536590619703,-5.1305001742070235,2.295190346406187,3.020282308274234,1.250994226716073
4.944309057293873,-4.892086639130294,2.194197647376263,3.061579713863655,0.7434446148019902
4.788140701775002,-4.531527085132788,2.0402536124278443,3.1704384209770673,0.11567062655424605
4.542195242437477,-4.013893992233149,1.7973615787964925,3.3281720274885327,-0.47507265294579465
4.24666602534274,-3.3357097214410794,1.3599448323067318,3.5005000831189754,-0.9705359233231506
3.884077695823521,-2.6632835374002988,0.8702722702376012,3.5966904611543273,-1.2264387258604608
3.4242370964615594,-1.9919483087582859,0.32610251015497904,3.586389365288363,-1.260810249634652
2.8339320752714423,-1.4163649944212198,-0.19392576674975132,3.4094245042745293,-1.0772627524333687
2.117097308061442,-0.949035607095559,-0.6014514134473127,3.045606800053549,-0.7107083266972013
1.3206536719645772,-0.6166741964389811,-0.7738150660427192,2.505819266102123,-0.34165232829765746
0.48687313329829524,-0.3839407161875851,-0.6787037778687485,1.8309123190540713,-0.12120405704354867
-0.3811082582446846,-0.2325560562688526,-0.43631620442172137,1.0673752465896618,-0.07990043404231949
-1.2193803920261903,-0.0952489953118434,-0.18353843042466605,0.25675426427367604,-0.16384789777501316
-1.9681488786715324,-0.029687979407240165,-0.023704092299542182,-0.5784301335104779,-0.33774023916920026
-2.571569010182906,0.014458219457596547,0.05416206056371088,-1.3969699497312538,-0.4731267488936518
-3.040199760360464,0.06063539851464388,0.03398005493761315,-2.173555883720001,-0.6322306220353142
-3.3834295198188715,0.1123288993006567,-0.05974641144825492,-2.861803004266365,-0.7240063882197172
-3.5951373337812496,0.1556396959184479,-0.17692255568185983,-3.452294426789487,-0.8035420013722494
-3.7210776279335365,0.24727504243186144,-0.2840192863787357,-3.899783736405837,-0.8474477888896486
-3.7899758102640684,0.33817979553394123,-0.41511814741462594,-4.2931143042034305,-0.8507243808328456
-3.8335644782024345,0.446588533870915,-0.5679725549827656,-4.57988647409724,-0.8712475133444668
-3.843378086967007,0.591569372305418,-0.7286963380930996,-4.784216926679291,-0.8607247636586127
-3.835916316455596,0.7276031303150595,-0.8645618277332506,-4.935484533463198,-0.8603256815082062
-3.825596771052825,0.8910417366135996,-1.018768646986565,-5.042996836001756,-0.8507135945395436
-3.8252963069242303,1.0456247967936216,-1.166750504711223,-5.11336968070046,-0.8445289433358253
-3.827178574043637,1.211108760176339,-1.3078821705554238,-5.140291586822311,-0.8611205885008731
-3.820437499890668,1.3823239175909687,-1.436436057226841,-5.127517659467518,-0.8890005797245704
-3.8531299332687814,1.547546542104049,-1.5674655636902297,-5.101475220346296,-0.9322675227113933
-3.8747897436581624,1.739855708841154,-1.6717119080924316,-5.066027288910789,-0.9861106908874295
-3.905998578330085,1.9185044905199837,-1.8031671756794756,-5.0242063753257,-1.0517018703089338
-3.9449631759169392,2.1086945474443346,-1.8849379319986863,-4.984955759801748,-1.1291486333209042
-4.00397336179589,2.2929008482318234,-1.9938843829196817,-4.939621325265132,-1.239767270171872
-4.059126416517352,2.5025138977704495,-2.0730717636698124,-4.878283541001177,-1.347318280935286
-4.118573813839304,2.7092303963900584,-2.1541799845565275,-4.80534960770909,-1.4815508705563847
-4.1731470570333755,2.944783712537851,-2.2351470102834194,-4.747960793014324,-1.6315207797707316
-4.238977128959468,3.1591995589182815,-2.312917812235374,-4.661104893501925,-1.794890647612438
-4.285688183833053,3.3773450533707092,-2.373006380339897,-4.607318136581953,-1.9478758756838959
-4.341522419392543,3.5962749738801976,-2.42388726565606,-4.534655796809835,-2.111697588298046
-4.382883005749599,3.7967456415584437,-2.481084942809676,-4.486970706718762,-2.265503844910715
-4.413340260426167,4.013059712915503,-2.5605484515626666,-4.444954557117852,-2.414338423090485
-4.441110658622557,4.202200699192622,-2.6000165071336054,-4.4015421622337785,-2.5492893209461065
-4.459987063273572,4.382637977031985,-2.65706675547744,-4.361103600481385,-2.675257617698366
-4.473729652523796,4.547585605560417,-2.6970302927806653,-4.327254121972627,-2.7786040149003717
-4.481808997844693,4.69311299760523,-2.774853088748105,-4.309727001941936,-2.8711068119720284
-4.486219437743038,4.832081494095078,-2.8196171666518595,-4.31318613174393,-2.9431771866432346
-4.482674323231845,4.966329490966368,-2.865470434870729,-4.296887643170368,-3.018288402167518
-4.471383145349367,5.062309427577942,-2.920942255943764,-4.313783827253804,-3.068921247745812
-4.4764006778756915,5.164810031938587,-2.964288411362162,-4.317297953814144,-3.1047038503046727
-4.459292106364722,5.244547735121019,-3.013697816221216,-4.335818429614203,-3.1441707868498443
-4.463316650739543,5.310267650766198,-3.0598204406930227,-4.3476750301824705,-3.1772874865536056
-4.450005387894435,5.37707381030993,-3.0967422696066027,-4.356104926344369,-3.192265936015302
-4.449697505176972,5.423569658752548,-3.1225887698723156,-4.379975800487695,-3.2099413092760063
-4.432955353259034,5.471305589872012,-3.1431636978980744,-4.386452391853135,-3.2313965333609493
-4.436635978079782,5.502703415370038,-3.1809678721625634,-4.402936587938407,-3.233728058252522
-4.428989169157534,5.530766042946636,-3.174566380534975,-4.409966157104033,-3.2478457173594477
-4.420352073373617,5.548526454179078,-3.1953934809837867,-4.411129644644115,-3.2518016804796153
-4.430923739306921,5.570599721732055,-3.2101332624452557,-4.422597350375825,-3.256017929436044
-4.421023354410587,5.56108966724449,-3.2060343851693283,-4.415870275526872,-3.2475437587895137
-4.433540150968162,5.550300235109801,-3.188327875926933,-4.405985110296135,-3.262338646859587
-4.439768093683436,5.5313200440080905,-3.1879530544272687,-4.406114407996396,-3.2592694827625452
-4.460585098511792,5.498755516267913,-3.166635452007992,-4.393669012035577,-3.2465793853411204
-4.466845101434743,5.448966002837127,-3.1373581866420195,-4.364175712136669,-3.2518924464475805
-4.490400771411913,5.386479677624387,-3.0858400111135675,-4.355232556498438,-3.2403055880460965
-4.514050956601274,5.2860008191714485,-3.0412110225420834,-4.347774418156914,-3.2232801696175737
-4.548385487552208,5.166734317453406,-2.982269255507551,-4.34054583753711,-3.205890176013301
-4.581370132383156,4.988200775315854,-2.90139103636501,-4.331271142170743,-3.1641651757975495
-4.606768986544095,4.759739234806454,-2.8095646712040416,-4.336505819121615,-3.084926080615201
-4.613453272146937,4.460179711139148,-2.7156178273589173,-4.376497423008253,-2.9681821540118114
-4.602028527602536,4.057840839598852,-2.5778949852301123,-4.4361724637862565,-2.8040304623461942
-4.529587867834108,3.5926273903162103,-2.4091671850055865,-4.5186479161332125,-2.581236588388025
-4.405695200923072,3.029466628521162,-2.201994369718773,-4.595641972347048,-2.3310349257195306
-4.243202529816354,2.438442601057635,-1.9505887806946125,-4.660389773141512,-2.087115251725602
-3.9971288139639216,1.8399322540909513,-1.654639087945062,-4.690127529555635,-1.846303776696452
-3.7394169183194146,1.2885511709641686,-1.3574083700132258,-4.734003540437641,-1.6770623040796349
-3.4871808812788236,0.7773496505709796,-1.0664246678989464,-4.782490653401639,-1.585143000043163
-3.314273810271187,0.33495820226317596,-0.7853456109011139,-4.801044372617867,-1.6173118387238559
-3.1426169793613186,-0.0978428808932062,-0.48833178618272327,-4.796176035308772,-1.7381299618669372
-3.0351378120182355,-0.47622583864475554,-0.23251444597196996,-4.706252553926478,-1.9518287965382175
-2.967019840357458,-0.8729733469811968,-0.004294799211782759,-4.513288750396918,-2.192937897927873
-2.865595658929434,-1.2213068466148498,0.1764895721490961,-4.234899835711641,-2.4064293988867105
-2.7366577217867354,-1.5420555980844828,0.30489556054315536,-3.7896602350176196,-2.5788218414657718
-2.574703825901527,-1.8349476128742999,0.39634892638229063,-3.279342269251183,-2.6688872967661026
-2.3866363181182466,-2.032851423222696,0.47124033030033313,-2.653235731284302,-2.6728725611455917
-2.1665588724157754,-2.2084019161059354,0.5299159626709768,-1.9888180343194979,-2.6022857903057734
-1.9173112206869254,-2.325542258211233,0.5774657774476991,-1.2954993437232292,-2.4669611172145096
-1.7125732190229055,-2.452805531279673,0.6419401729721502,-0.6035282708130905,-2.3317259585793453
-1.5000415617869896,-2.5437447714450148,0.7051982188989668,0.037544287209378864,-2.1552472088387766
-1.3057807979303233,-2.620862403886816,0.7840348009835322,0.6138141144651956,-2.043858475734821
-1.1029973101225548,-2.7225137800745207,0.9089099000882994,1.1472909319493088,-1.9467841113387976
-0.9189396894007128,-2.8199977268706493,1.0164723900679755,1.6019550896606263,-1.9079655536933562
-0.7323058751168683,-2.9338809666966044,1.1467321244344186,2.014744068852793,-1.8919451601235486
-0.5687145692341787,-3.0514220304007487,1.283143592022367,2.3601126031761877,-1.9028790247842828
-0.38793424660030634,-3.1680368159742787,1.4113723926898285,2.6753757893925787,-1.9535076659946216
-0.19863978685662298,-3.2563160315205746,1.5295190988288814,2.9591204861391844,-2.009563018229535
-0.04494345912897868,-3.359483079942041,1.6141858294301157,3.193686567750419,-2.0888346821386548
0.1550085976941447,-3.459392271215345,1.6776960431599628,3.404467827864986,-2.191597344704705
0.32123619407155224,-3.5402793121109513,1.7471163038403767,3.6124002264868005,-2.2892962953993976
0.5347918682076841,-3.6492886604671644,1.7786980417377116,3.7359434482709393,-2.342218395990448
0.7822984372496998,-3.737239172490898,1.8139421593695113,3.864380758226024,-2.4333601170984327
1.0185678233870747,-3.8156838460306703,1.8218635262314615,3.9519792919897427,-2.4956066902223295
1.2949485319555627,-3.91826841683802,1.848647793687059,4.010505407389275,-2.50885648890984
1.5861193418772057,-4.012165961598736,1.8572177983238733,4.020415152740933,-2.496105268926494
1.8755906922485677,-4.12728802397273,1.8968147200596444,3.9969734410400553,-2.437557420817629
2.1917440021405583,-4.251798879751206,1.953168399067868,3.9544585466639663,-2.3569213737863373
2.501496690998017,-4.3797332359803445,2.014295774507574,3.878988786658628,-2.220167332450047
2.830523445735439,-4.494973911881536,2.091726151861433,3.794081802828121,-2.1002481255123384
3.131016318651856,-4.5900059346932585,2.1552858473229097,3.7116537333294537,-1.9382417524472964
3.4112563560149898,-4.710211642225691,2.243792913867694,3.5939325632195143,-1.7525507046888302
3.691676495478111,-4.85104939292394,2.333260008440526,3.50494908632953,-1.5452450768393968
3.9299808789815143,-4.979416998483803,2.405442687961689,3.4212684757448817,-1.3435267973702913
4.147135671171687,-5.076253056625554,2.4704560291090187,3.344620774507684,-1.0953674463521674
4.32580275977209,-5.206097114157635,2.5290686907607816,3.2731123512727405,-0.8383080426415688
4.501715904762527,-5.313705169938285,2.5808081681813873,3.2135536350377434,-0.5770179727331191
4.625354843160857,-5.424801485431075,2.6100721955568322,3.153238890166096,-0.29293131009383094
4.72710205616109,-5.492033686423546,2.6485230526572794,3.111690671381708,-0.034354895667339916
4.820273216154161,-5.5316956375951545,2.6660478219719854,3.096016485225655,0.23207587719958833
4.88205727076725,-5.560154366951842,2.656702982840652,3.061803502443789,0.49921934763054165
4.922958476193678,-5.574693660538867,2.658375566284363,3.04963995566851,0.7448928341952363
4.952493062551946,-5.573814685674804,2.649900090876616,3.0404961340402705,0.9761572144259959
4.958344875897298,-5.570514863192162,2.635071806648706,3.0534402303651276,1.2193979289934238
4.949595093032888,-5.570853121912321,2.6073335909434934,3.056195554877626,1.4332432788853162
4.923115600745333,-5.547465288038628,2.578089633044992,3.069238304759435,1.6460780744399899
4.889228911936005,-5.543655781953479,2.5597225390940586,3.0920304621640637,1.8236951187538033
4.863953888250496,-5.520469005710031,2.528934724040288,3.1155973213982984,1.9958752125451173
4.84564105986857,-5.516187831764604,2.5162241936254057,3.143782491207571,2.1414912576075356
4.819806968456477,-5.503300801556093,2.4979476029455348,3.180798766673293,2.284442727337231
4.7921457703502925,-5.497318315475501,2.479637513676716,3.2218861455440724,2.3928917399720397
4.772238644194135,-5.486669208090447,2.4762286053404168,3.253326981546054,2.4914894645256993
4.745031752445651,-5.494350933178111,2.4658125510400475,3.2941489124431773,2.572637321071589
4.73061783014118,-5.481663666744035,2.4697058571337136,3.323780192225906,2.637663514171542
4.7098129686518755,-5.487641466896686,2.4786522186185778,3.3636680031224864,2.6882596637411083
4.6981696474131835,-5.506921107085983,2.471080234128293,3.394698795815713,2.733146015055865
4.692202139300291,-5.49082121741074,2.488608252885432,3.4254310615560573,2.765346671812506
4.67975290579272,-5.499985831570578,2.4814029977447207,3.4475202412648893,2.7918331758938693
4.67426452145398,-5.501665557060435,2.490006270359514,3.4571421283121504,2.8017274621617303
4.6649470217908915,-5.494523944051494,2.4866828949708406,3.460621300851293,2.805903492447742
4.682260770474081,-5.496983659831366,2.483004089528803,3.4505477821701707,2.806451219116123
4.689339083365152,-5.489200043668223,2.4661405530912206,3.423639645657817,2.7927394576627758
4.6959864728150045,-5.483889576546666,2.4603144190989985,3.3872306571181596,2.765567145465249
4.720216025468177,-5.479460844497756,2.445422237975357,3.3426914549540556,2.724251841898304
4.740535576228026,-5.474412826812292,2.4368884497996457,3.2956090933333666,2.668770616104952
4.7842876881001555,-5.4460248958629895,2.43717529418507,3.2372905243561125,2.5577958290529237
4.824421915886343,-5.42907282819501,2.4299686859750644,3.1796834193923957,2.437351207498957
4.891826270884555,-5.399961045237819,2.4279545277393155,3.103969326626741,2.257056583571173
4.970263674224442,-5.335132240408989,2.409410760280154,3.0594195577981655,2.0238879290152227
5.02896518883909,-5.235008261450786,2.3643493745243873,3.023492001018739,1.6677720015335398
4.996669728827491,-5.019494340800689,2.253669679822992,3.0559407819077147,1.1632857546456188
4.858219168085534,-4.6602991120207315,2.1052131468317015,3.1477072704025466,0.5109943641169766
4.605529688138176,-4.008849062790721,1.80012092777664,3.3132065062982696,-0.21605415864883187
4.259135640312746,-3.156052242157874,1.2451208885635723,3.465093913737924,-0.7740960661735652
3.7632458239324134,-2.2720474311985113,0.5596537868777104,3.482900677787396,-1.0098378620940538
3.070299911483037,-1.4274515703770903,-0.10879989548316173,3.251743747537861,-0.8980855819090754
2.1505026749911367,-0.8130255439165929,-0.6037454522301859,2.6391613500732274,-0.5496278517541384
1.0801016892566404,-0.4277548570848399,-0.6835926394287248,1.693205104002201,-0.2721074767483869
-0.032930288598923885,-0.14388852406483021,-0.5195186680890931,0.620011310960046,-0.22983391142588405
-1.1099923697057545,0.11144499934360388,-0.34539050253754855,-0.4892355038273408,-0.3372433468985398
-1.9953124218685878,0.28300180158815186,-0.31533728679995743,-1.515841082176552,-0.4767885395395144
-2.693310306538735,0.41045094953559497,-0.3724329268087806,-2.415674784453858,-0.6427424456373545
-3.1924662128543915,0.5620962489871892,-0.4918845583114406,-3.1543725892449603,-0.7242206825647376
-3.5390734128693,0.7208142655959122,-0.6622675177724825,-3.698327578968967,-0.8139806950490217
-3.785384213386024,0.8967993868299059,-0.8322934868929774,-4.120168321550031,-0.8616481110347782
-3.934681612908257,1.071591335459165,-0.9931464996346969,-4.391567277577948,-0.9143970466553517
-4.011449960885209,1.2974937643500697,-1.1759282882704125,-4.582381206417607,-0.974453218094617
-4.082820225445799,1.4983416148015933,-1.3531254689715981,-4.716074554337087,-1.0311971801864357
-4.112275837454621,1.710585802378824,-1.5060858235639587,-4.772289703680561,-1.0818701082207636
-4.132949386747079,1.9128601589231906,-1.6389716120682158,-4.7936112348232065,-1.1664540118855338
-4.142755854578779,2.0960667213821,-1.7558931267591251,-4.803019593463975,-1.2334132035012433
-4.158389071712616,2.279704030269139,-1.8795644869083943,-4.795076024873456,-1.3254995008509618
-4.177980221550801,2.4506242733609915,-1.9756265200809764,-4.761593328875827,-1.4118900025991366
-4.198841767506759,2.6399388724414194,-2.0713310513944476,-4.74291129234587,-1.5033674329390987
-4.215643414311282,2.814638784453009,-2.1427173653720475,-4.704692985686237,-1.6210793195889461
-4.263919359274195,2.980764538187729,-2.210358809538034,-4.679132454073568,-1.7405492897731047
-4.289526173377261,3.149198774164601,-2.2806291938887306,-4.635084856622633,-1.8576638999464472
-4.314598791963589,3.314735649519684,-2.3356437560188508,-4.578329672577957,-1.9572956772326366
-4.357633696586977,3.479979697303274,-2.3914692362653405,-4.554573220810584,-2.094755200778488
-4.377682024677665,3.6303209690422573,-2.4368953138947362,-4.505995667305641,-2.201314302918591
-4.411970034221821,3.789275749623241,-2.470062065866915,-4.455742250257725,-2.312820363271451
-4.435322956789568,3.9387943981834734,-2.531045786668655,-4.419234397860139,-2.428693510148028
-4.461440383246986,4.0853489746062905,-2.559718295486803,-4.387097283566984,-2.527604794188269
-4.472472531254114,4.215294641145949,-2.6058018780013112,-4.365258457408477,-2.629832434147315
-4.488325606616683,4.364855764467829,-2.6549519438695315,-4.336266657667404,-2.7128209317265513
-4.506607494766248,4.4898263261028655,-2.6847918430532163,-4.32398623992927,-2.785572500981097
-4.499051632674692,4.600824523750529,-2.728811091137101,-4.308454523600898,-2.8534746243672844
-4.509791821240074,4.709042342118721,-2.770938932121934,-4.297497288737635,-2.9172786629889815
-4.506742053637941,4.817827795687448,-2.8080846772870656,-4.286163187082321,-2.9730965951633737
-4.510657474559182,4.909490968606269,-2.8450611275949114,-4.287606953612385,-3.021563342992842
-4.499209173564192,4.984371688680401,-2.878068807440899,-4.293237895502346,-3.0675772503960377
-4.5023400617896625,5.054662328214257,-2.9111629203738043,-4.301121890682871,-3.0992224749332906
-4.4981726775614685,5.127635082716348,-2.949023578468839,-4.29227263704553,-3.132116293927946
-4.488632134673213,5.17451465467618,-2.980274511406784,-4.3063474315272225,-3.138223733217847
-4.487604215347018,5.232905814973103,-2.999640488090214,-4.313743934288265,-3.1650414674870953
-4.486508381249002,5.268847211833816,-3.0290014650819908,-4.3221083430252,-3.1909880339444068
-4.473361434928677,5.312063159957284,-3.046273506880431,-4.32020310460888,-3.200843820746966
-4.469325117601117,5.32833533960495,-3.0612826754409763,-4.3347608804700455,-3.204459470221974
-4.477967636265711,5.349375286431847,-3.063703932144624,-4.327449774591713,-3.2185860206754757
-4.472703908174697,5.376469269196461,-3.0944536432995853,-4.346967681451181,-3.217512750269316
-4.469797904946348,5.377077898467876,-3.091419371543844,-4.345342932022386,-3.2223793764403994
-4.480035260462455,5.377360817927804,-3.074741879223527,-4.344920750754235,-3.233692548682288
-4.488690631856919,5.385102223174453,-3.080356303586196,-4.34446159484798,-3.2356220153277984
-4.479282788076877,5.356476120864889,-3.073272178324694,-4.343849622777781,-3.2247024168922316
-4.488375124008603,5.329209947601708,-3.05027764959693,-4.3335044204147355,-3.2280667581438585
-4.498970908037185,5.294465327071987,-3.034124208773396,-4.327364448977336,-3.2157770492505033
-4.515933477345689,5.256999229664162,-3.00189002556835,-4.324512201185922,-3.211526024130874
-4.5325977037869,5.194074049093859,-2.9733785654084697,-4.31167118528592,-3.192446689044407
-4.540229093796899,5.116733396087168,-2.938634998616117,-4.304353134542206,-3.1797393661751854
-4.5683355551897975,5.0154510241998,-2.902220819268042,-4.300277698172028,-3.1587142901338745
-4.577063151184667,4.886961953547597,-2.8532756685866683,-4.303614188628496,-3.1226099349927856
-4.601685953358089,4.760398646350364,-2.800960555266305,-4.324927623681405,-3.070696451870483
-4.6079084345770704,4.586128606368366,-2.7332886130562515,-4.340155657239778,-3.0105146990261145
-4.60137944294728,4.384783894912949,-2.6620527110498986,-4.359284954884909,-2.926033685374111
-4.590501181213128,4.143210233100834,-2.586522971526114,-4.382584522973287,-2.8210970647846985
-4.548798455847967,3.8924231063410137,-2.5119916040768793,-4.430184617720262,-2.6940342512452222
-4.505592693553096,3.6031648109780052,-2.4267980622215717,-4.484127021314539,-2.548952905308798
-4.438920998089705,3.309500674160654,-2.322902470913428,-4.525566067451296,-2.389872547444265
-4.361710503089241,2.9907862084509893,-2.221527012500978,-4.576102170046314,-2.2170546368858166
-4.263207953401053,2.6841416811426657,-2.1286051556924224,-4.621661593058487,-2.0521768294048814
-4.159487883294902,2.3986758086466757,-2.0260673740754798,-4.666552127620385,-1.8823040141973308
-4.042946407524673,2.1189381969823993,-1.9231563667925586,-4.701040215235019,-1.7259833013819286
-3.922714784300314,1.8745372620666463,-1.8179328527462537,-4.72500855524982,-1.590512849899443
-3.8131209666235146,1.6626400676172206,-1.724429450516979,-4.7629019896776486,-1.4735419889098547
-3.717020864225501,1.4682526548327997,-1.630941730730207,-4.783653584219598,-1.3853191874400792
-3.621555540427352,1.3236109576732995,-1.565458175203893,-4.857704302049218,-1.2820032402278099
-3.5302963368182385,1.1996959075228006,-1.4994952396378285,-4.891207992183333,-1.213370665932469
-3.487850786505803,1.139594428818574,-1.4476567017496749,-4.915155553048634,-1.1575962725371785
-3.4279459727031045,1.0582292260256985,-1.4104320699451816,-4.969126347450002,-1.1034829101844696
-3.381710780532306,1.0216835694028208,-1.3836499191364613,-5.00880640406461,-1.0552260585798083
-3.34859430789424,1.015640175260026,-1.371653103097424,-5.047026979180022,-0.996242006887887
-3.3421418771641207,1.0018702300149478,-1.3673852405761815,-5.091747204730099,-0.9756949993544817
-3.3261992791761035,1.0179612136186769,-1.3648301416332227,-5.107619493323037,-0.9402033424347169
-3.317971918725605,1.0707987010022189,-1.370562426254633,-5.137842845580714,-0.9276384919591847
-3.323301490234821,1.0931574865948277,-1.3918536619361723,-5.156188478114537,-0.8899268296390477
-3.347867139264849,1.1521310501755126,-1.422264676476349,-5.155437790166458,-0.8731714360145681
-3.3681159772869673,1.2155462039496177,-1.4556184330215451,-5.175693910466567,-0.8414986708488599
-3.397377093170225,1.2833379931920958,-1.4975834793153266,-5.194877993142178,-0.8335908206183842
-3.4463595877502913,1.3608186031243905,-1.5546528342568664,-5.187597015014459,-0.8347434730785966
-3.4924679894952497,1.4491325989462875,-1.6074450511746978,-5.189846092610241,-0.8319192406230644
-3.567987974558168,1.5548047987838325,-1.6746102836685886,-5.160119612235592,-0.8629725050960113
-3.6130787390107795,1.6816485215649553,-1.7383308639760044,-5.1355751612866944,-0.8947209647837095
-3.6750457239233665,1.812962177511359,-1.8111396670092181,-5.1094670775623205,-0.9378633383887938
-3.753821739112511,1.9611988357835368,-1.8863866107947185,-5.062816892279996,-0.9999276295160622
-3.817504242296527,2.1033781295073672,-1.97228696270932,-5.020823479077026,-1.0733575864186213
-3.882753854181324,2.2942507538432935,-2.0467803757458753,-4.9675400049579705,-1.1714787863465033
-3.9714281688555935,2.4609879553275933,-2.0966875198295227,-4.904385262020027,-1.2649729392151865
-4.040012220239371,2.6480441822035696,-2.1654065777533273,-4.8395732976021835,-1.403102928196786
-4.107760689632088,2.856588317496653,-2.2354185866324343,-4.784416182272892,-1.540811878665922
-4.170929778755329,3.0806586527462265,-2.2923299972141433,-4.7168161435096465,-1.6866966756640642
-4.23962182373467,3.2735372502758926,-2.3619900186537195,-4.644591787424746,-1.8526206439576174
-4.295723845663887,3.493424296245534,-2.4248436991775115,-4.5869443912889665,-2.0128603487805012
-4.342103462286878,3.717750682642416,-2.4786072191659625,-4.526135350027395,-2.1751269725105717
-4.384522793996413,3.919602600412075,-2.538340155038219,-4.466804946069309,-2.3201023715001488
-4.417725603547585,4.116466372734534,-2.5752835303996116,-4.419249641412764,-2.4709665304539064
-4.451369679499903,4.3043363129979175,-2.631413308825538,-4.37936735924034,-2.595548897575742
-4.470370115102938,4.468358594646357,-2.692492069009566,-4.351311276593165,-2.7226654560171344
-4.488215589438281,4.623222193144758,-2.7508060520861766,-4.327251105269607,-2.812554857004701
-4.4806845061519445,4.772240838525873,-2.80084932403577,-4.31509850215931,-2.9129972349650197
-4.477350065369293,4.882056120398579,-2.846710424086118,-4.3137163165944,-2.9694734254624295
-4.483811365131236,5.014339142967456,-2.910582940682209,-4.2936046435150566,-3.042190984611729
-4.472446469616045,5.122948699151151,-2.950171314197888,-4.312102658446027,-3.09598998271672
-4.472876449343739,5.203316164891034,-2.992897409705816,-4.316975370528997,-3.1255963709187724
-4.464837226012821,5.280746264080056,-3.0279861967853714,-4.336798826515669,-3.160505034981656
-4.451581945967942,5.343352113586627,-3.0773421701687855,-4.347754570870278,-3.179479506783988
-4.442475693599193,5.409300730521241,-3.1064332327732047,-4.36023824827667,-3.198118493186902
-4.442092720572562,5.455210764778238,-3.1388679962688415,-4.37853176346462,-3.215835935086351
-4.429052036489775,5.499119056625587,-3.1484624442944416,-4.388711175506232,-3.2350365578606035
-4.427672549204558,5.5263195811069,-3.1782468079078954,-4.3961737626135,-3.243166411683
-4.424082032052698,5.544484768122171,-3.196731949659896,-4.402755819125204,-3.2399606057114783
-4.429162948442957,5.556873803051761,-3.201578975362742,-4.409692269076771,-3.253419356248259
-4.420353262057403,5.570581594941768,-3.2141542641440792,-4.4143820215195335,-3.2581510064690966
-4.4219695461660145,5.5533731055901825,-3.198699639255614,-4.410591933344887,-3.2551326001161742
-4.433487531428617,5.546402840863055,-3.19392932069401,-4.407424836780664,-3.2650748360504473
-4.436309890284073,5.522561958109245,-3.181791702476652,-4.39304037759118,-3.258759117681612
-4.453443757275313,5.480981287585805,-3.1498661155415766,-4.3840197971553385,-3.24658437242626
-4.474073821148043,5.4284232890510005,-3.1208987391109475,-4.369280838460628,-3.246076161091857
-4.498343424541981,5.353490738623931,-3.0677671138325886,-4.355706100436457,-3.2392603886598126
-4.52410981050773,5.2384845218208,-3.013737748291021,-4.335739397270712,-3.2202181069904277
-4.572894164139687,5.092899527599939,-2.9422104188860283,-4.32607330926685,-3.1872968167709566
-4.5826791790015875,4.877161304376524,-2.8531845573974626,-4.337216358636429,-3.1273373837075633
-4.616738647545721,4.612345255599636,-2.770238870604318,-4.371382643330387,-3.0374745923096786
-4.610161169814184,4.2681677482812255,-2.642243240006833,-4.412838569483752,-2.894080552178292
-4.5583650385002645,3.8111482883348016,-2.4976915138401146,-4.4946437908767445,-2.6809852784379755
-4.467194545404293,3.2787651875075015,-2.2899157830553873,-4.561929852470732,-2.4457679513482455
-4.3096312006578765,2.687776536333258,-2.049206469869197,-4.624525895998339,-2.1905822076235113
-4.114341303720293,2.0756955799187895,-1.7716438735917703,-4.68249904704635,-1.9411367249968103
-3.8483125198819987,1.4940114252029781,-1.4663059345520022,-4.714350609462136,-1.7306883632025212
-3.5854802775616332,0.9636698015240684,-1.1643511090408685,-4.76506939243737,-1.6057923325618897
-3.356355873497658,0.48404963610884555,-0.8662984302071886,-4.798785012754661,-1.596247252670121
-3.1947086808359053,0.03165111496287175,-0.58434895516855,-4.795305669533074,-1.6874179442981214
-3.0860964257290253,-0.3931049099815675,-0.28755711211030344,-4.7346853672718545,-1.876592030611018
-2.984842716140434,-0.7879324364272839,-0.05897548420208725,-4.559853845912772,-2.123191005447946
-2.8862568627789003,-1.1535579861275214,0.16622424587648021,-4.268577160631767,-2.3667469117946864
-2.7680155271812943,-1.5033751394200572,0.30465818605807243,-3.8593869254645345,-2.567934583811595
-2.556349876210302,-1.8237371785566403,0.39883126126204316,-3.3198430832149057,-2.6691609354033257
-2.3633932963295687,-2.071095936910403,0.47841063636540543,-2.6807584995489147,-2.6893518301158768
-2.1346668480345805,-2.2666721510225845,0.5482259619100891,-1.9730658965614056,-2.61782922736893
-1.9115995217491244,-2.381746263924989,0.5875282104976336,-1.2185837096660257,-2.495165289247409
-1.642175667366648,-2.4858337288952637,0.6493252521735727,-0.48221529980118016,-2.336224974294198
-1.396380240632867,-2.5983819978040525,0.7415302457694,0.17753567934615738,-2.1706557582999655
-1.1681774935889015,-2.717534639810047,0.8179301888748185,0.7719684979350505,-2.060451826829297
-0.9520757826489133,-2.811733608498095,0.9173581370308456,1.3278528207193767,-2.007696561410879
-0.7498092164356743,-2.9134499211501446,1.0425151276239737,1.80017068264499,-1.9638702454244938
-0.533227432593673,-3.0416744904168804,1.1640061417589656,2.199530683073718,-1.960218119939462
-0.34585509692835537,-3.1603492524602843,1.310120606720679,2.542276109783053,-1.9811509138242342
-0.1714312804152823,-3.2667987985863403,1.4158409268752437,2.8418585769751545,-2.0331251431100896
0.03389341902029142,-3.3845493536472544,1.5241844659616992,3.108099221449688,-2.09189388333712
0.2094808402612557,-3.4589065844841183,1.6154988825868766,3.3515542036525647,-2.210455904666592
0.4271311267691094,-3.5303313687102924,1.6696656250721835,3.5440054941865085,-2.307257823173687
0.6315400392111487,-3.620459996890329,1.7251890645990884,3.701843621855845,-2.3666336907555756
0.8673914002264297,-3.71266298881534,1.7848496205764592,3.8174645515879417,-2.418602600685221
1.124660613014963,-3.8002564212205256,1.8128827723748673,3.9014896182881014,-2.4719662792323307
1.4015144033875875,-3.8948639542672066,1.8390264641083354,3.9324028959208523,-2.470989314165731
1.7021037166108697,-4.006300377864,1.885667901828575,3.9419059282630573,-2.44242426537542
1.9871037578543254,-4.125100509952763,1.922669847819602,3.9330385417080564,-2.393308318244818
2.297749581050564,-4.232791737234735,1.965939575141548,3.8801322108973646,-2.2952111031161633
2.617902133909547,-4.323610209457792,2.02674235546639,3.829646240670184,-2.1809457458294
2.922651191605336,-4.454028158313108,2.0969242067358667,3.749198320743941,-2.0592677134046173
3.2129905745872827,-4.555062987121357,2.1729452949526658,3.6658099967183113,-1.9012083099010118
3.487645936471382,-4.684291818008621,2.244300600912694,3.569219854385198,-1.7050635507204919
3.740724051372316,-4.802135541093518,2.3273324178612964,3.4869707843219966,-1.5157215973209968
3.9677845620138306,-4.927466716206754,2.394394845468467,3.411153309340788,-1.2995728960113466
4.166861126125179,-5.076098474486844,2.4681315157808474,3.3343079610463744,-1.064022920971947
4.358158086542613,-5.195425754808374,2.5313178618809453,3.271433874270503,-0.8035347292808896
4.515005472097506,-5.307063433647247,2.5781818371892586,3.2103901560759267,-0.5538672617397744
4.640368966781587,-5.4119137704082405,2.6235610267559153,3.1727215713606434,-0.2940248275550334
4.733624112360728,-5.480733754713236,2.6407824003924265,3.1248500538298356,-0.02745141262884054
4.8266964294676855,-5.524503480106658,2.658966089171875,3.097082936399242,0.2191789333248194
4.879658395036457,-5.5446665097087235,2.6701219902544118,3.072398480131576,0.48801268339405973
4.931528471902955,-5.5668089430579375,2.642622904525976,3.052254346512219,0.7434135253626818
4.950510466626599,-5.570143534698511,2.6391355532762404,3.043119505910701,0.9717004587067418
