h0,h1,h2,h3,h4
-1.647444961848879,-2.262281227976398,1.2730601946927311,1.1981937441718842,-1.8186678481693257
-1.835576643872571,-2.1316884707724224,1.2497110323532377,0.9397165677908009,-1.8241182888456942
-2.0130129451050363,-2.0468293082067754,1.2336215477645318,0.7207507274268125,-1.8741162832683862
-2.1526049249594963,-1.990632094278027,1.2068374086462128,0.5351300910531452,-1.9035021301841033
-2.267869689789193,-1.971049537172523,1.174772030145773,0.40641133422316206,-1.938303766443706
-2.348444245294308,-1.952855254843797,1.1730071139178495,0.27551991284561267,-1.9570451079434261
-2.403936712133704,-1.9606105597360073,1.1828117829428895,0.17224543299911094,-1.976735344691009
-2.445636152325894,-1.949616821601991,1.1870681049725162,0.08242902196859904,-1.9904562053219959
-2.4746954170745057,-1.9456384831846392,1.169868452630741,-0.013300875586411109,-2.002291882871557
-2.4788997351028526,-1.9505426232418723,1.176633964972135,-0.06489358300329244,-2.0272901652420563
-2.4838026086660463,-1.9667873360065207,1.180872487881198,-0.08738222820059792,-2.0283214644818433
-2.5045260349357217,-1.9771485145564633,1.1814242456213324,-0.11059090402810196,-2.0352394171699433
-2.4944533227196706,-1.9917921967599412,1.2033315855768758,-0.13058894234679205,-2.0619861496899103
-2.4998215367550483,-1.9730915842098633,1.2274792810613644,-0.14942956617463016,-2.0536743903372363
-2.6965045511521355,-1.5013678515281155,1.2207541281642393,-0.8470239599101076,-2.078521371908064
-2.8493586148706687,-1.2232995215545108,1.1913237911604555,-1.4089015423197,-2.1193836309269436
-2.8092441948353044,-1.5879772770382237,1.1750425729781333,-1.252187365043537,-2.14144128358392
-2.757054052500204,-1.7724094955047227,1.1674993950902584,-1.1158519244803966,-2.141952088060044
-2.6986600130123537,-1.8453667250070231,1.1404500366163597,-0.985103380826959,-2.14037364987119
-2.6257015770941146,-1.8868803986405103,1.1503208457261476,-0.8251516663846856,-2.1323092603427836
-2.5819361529119513,-1.923171029592009,1.1562974240677022,-0.7142191981633826,-2.1382211340393593
-2.527531403547068,-1.9237961650285529,1.1458009825636895,-0.608440468011938,-2.137146525473226
-2.501840967816105,-1.9257894779906397,1.1492461749975593,-0.5569147911074646,-2.116355594808183
-2.456898684423792,-1.920570013811491,1.1366336273483806,-0.48938082307141545,-2.1018160838081186
-2.4518860122830692,-1.9105852908271725,1.1581160669828374,-0.4434188982945068,-2.0916581523418287
-2.4187932669128207,-1.9167210695993067,1.1607647501778067,-0.4025134370468456,-2.0902153847698384
-2.4343367948821717,-1.9060144830866335,1.1708849539760326,-0.3785642913194602,-2.093393285647945
-2.4240034526179723,-1.9134477542294686,1.163641716523587,-0.3565586609385944,-2.0952853298511127
-2.4197836644041613,-1.908463630152169,1.157299410498902,-0.3214495785840455,-2.079170973200233
-2.410673724642297,-1.926639549589343,1.161070286857969,-0.3252644468783677,-2.067964087937218
-2.410439904010338,-1.909807266868368,1.1802748208579588,-0.3022537688850774,-2.064961343520277
-2.4024123657403065,-1.9091484642817238,1.1644128471453692,-0.2895226111714888,-2.0559991242553646
-2.4107121383859296,-1.9253719901788013,1.1555134634935018,-0.25696942896344116,-2.0598166129240316
-2.424907320636499,-1.9293960817453337,1.1424114215950258,-0.24798067712551022,-2.0531799996068685
-2.4277534270083545,-1.9300132867968514,1.1478119903012782,-0.2356167324298021,-2.054642702493123
-2.646996089642047,-1.4957444286358008,1.161935543468519,-0.882844969329659,-2.0836660846702384
-2.810124107192899,-1.2227240573143636,1.1529076767375457,-1.457712477760741,-2.1200400965924873
-2.7761755328267665,-1.5461537301477966,1.148577898031868,-1.2993972234371984,-2.1559708120724626
-2.705389265173117,-1.7713726099166092,1.1294690128172915,-1.1424443701363656,-2.1512985117452184
-2.631559008718489,-1.8852183882417701,1.1131871268789666,-0.9832208318085383,-2.1343724215761
-2.5696578684948785,-1.9053512549715168,1.11323648553271,-0.8558678644401804,-2.1321979415903365
-2.5055779855743006,-1.9468761711063591,1.1002069963449659,-0.734829312070558,-2.1294920542169957
-2.46628883963572,-1.9646142289574462,1.1063707994238434,-0.6510960179910369,-2.1230692892951866
-2.4319926919988353,-1.9538431339131324,1.119136731095237,-0.5523280211891237,-2.0955634496832647
-2.414579473516633,-1.9520863734498457,1.108853590214808,-0.505726537324132,-2.108436464153496
-2.396032604994603,-1.928951859718984,1.1097999425131369,-0.442050696311315,-2.079453442174885
-2.6005078121018252,-1.4775077608617944,1.1138492256335342,-1.0910385284814876,-2.089575458139652
-2.7722027336579513,-1.2006387658208368,1.0933889924063496,-1.6107383132328041,-2.112263707020553
-2.7469481892175938,-1.5528416373551377,1.0899919527618518,-1.3872898715583835,-2.1254902011391383
-2.6684327703544843,-1.7424547504482968,1.075324207351731,-1.226002440857691,-2.1278134233562818
-2.632663376973306,-1.8522483031771029,1.071705925991488,-1.0390756140858435,-2.120717093859469
-2.567197179528353,-1.9063097364020107,1.0638975139596343,-0.916022375354474,-2.1097443218536043
-2.5115311807467537,-1.9034355648641703,1.0615330225482877,-0.7770620974849393,-2.0984147609444213
-2.491098188038419,-1.9218732572981398,1.0749036576332425,-0.6393478794226868,-2.100775497788822
-2.454182579040612,-1.8980447978962156,1.0847889951524792,-0.5627457090011598,-2.1136272488661696
-2.448449281357815,-1.9116006861535275,1.0962048528061967,-0.5008296586525893,-2.097033939187275
-2.419966398703727,-1.9250013440790217,1.1168510089899164,-0.41987172594373084,-2.068111921182862
-2.40394706915866,-1.9382012442879204,1.1077533584242172,-0.40679447612783637,-2.065910230057459
-2.3920487135063664,-1.9356431855662035,1.1247014709322503,-0.3686257938934665,-2.073659914743408
-2.407567838335603,-1.9236721947452382,1.1513314666535388,-0.3439662756025353,-2.0649975460200616
-2.4081748381599093,-1.9222676748476704,1.1597047621406493,-0.3207355788757706,-2.053364589764468
-2.40214857371171,-1.9226087014656006,1.1436717455693537,-0.31452238766060464,-2.0656225136975976
-2.424278032674316,-1.9131581949876968,1.159205604479512,-0.2881931387116269,-2.0600785820508203
-2.4249255268323178,-1.9283766434398508,1.1613803573038246,-0.2849819985272741,-2.077951858890847
-2.6511686698075883,-1.487742108716838,1.1841501020767302,-0.9384830732374998,-2.092991771150792
-2.8084760946858136,-1.2146259405302555,1.1778839060461965,-1.4963823573702775,-2.1200564020275987
-2.7664935567426,-1.545862991867313,1.1334982355860583,-1.316103129140973,-2.1253170336492717
-2.6927904054077936,-1.7373199511263049,1.1158433846626892,-1.137343326804719,-2.1319409317138596
-2.833608169583075,-1.3628578613158928,1.1050067794749598,-1.6317115685868493,-2.1182086879423823
-2.952537705638245,-1.1626392740501317,1.0773635676392541,-2.0501956897658027,-2.1365370958234196
-2.8700406798321105,-1.5494371752122573,1.0530701226774497,-1.7719505548861088,-2.1528874308500745
-2.7615223765106833,-1.7520394237288002,1.059428764817465,-1.4884829986890264,-2.1679945045549394
-2.660719734427951,-1.8754113541362047,1.048638286239085,-1.259048002422211,-2.173321544364363
-2.6002409427159434,-1.8993951436154304,1.0516940631897804,-1.0513305283923573,-2.176910081976869
-2.514031609422144,-1.92806357099119,1.065866795738367,-0.9095357932694922,-2.154465058489873
-2.4703781148853774,-1.9081130224419196,1.0418051413210645,-0.778142702977677,-2.1183747212029926
-2.4299413935110783,-1.9042294199934222,1.0451358862668005,-0.670021297004125,-2.1138888011805674
-2.4212479685887898,-1.907563190335088,1.055436969973171,-0.5956670394126873,-2.1023136076403066
-2.4022992750119663,-1.897788939923639,1.0563302788224087,-0.5031593121456707,-2.0957271835769484
-2.388800340799105,-1.9047704751132792,1.058917076723555,-0.4553541828599737,-2.0817623511548584
-2.387302742253902,-1.9001017151785604,1.0836918566767701,-0.40240134227961727,-2.082163971526708
-2.3915673220030524,-1.9135427329782104,1.106856294655831,-0.3700457261228229,-2.067398462466608
-2.37512842022022,-1.904025217994657,1.1163435912362405,-0.35831928516806416,-2.0592928965280812
-2.3868190114261827,-1.8967779755414989,1.1236466271041197,-0.3273991812020468,-2.061544849751541
-2.401805120047572,-1.90089654716559,1.1276518067838341,-0.30347774361296626,-2.040998271455818
-2.4167445521153583,-1.8931481821438034,1.1411598801001146,-0.26937194609301823,-2.044135209929231
-2.4225232694703647,-1.9014236972324885,1.1452688982074402,-0.28531693602416786,-2.070715511800932
-2.4024041456329805,-1.9161070694957796,1.1314156478793178,-0.27119984560525356,-2.05810753900581
-2.4283431001833558,-1.916510005079481,1.1527056873272918,-0.2571972373187409,-2.0661184924296525
-2.436678487367424,-1.9190394128197037,1.148227225570082,-0.23923630923005115,-2.069647910747835
-2.437612136548077,-1.9323288223674737,1.1503828250385382,-0.2574776705309824,-2.0712688377359614
-2.4404741962455003,-1.949428741540315,1.1474294988580773,-0.24071098818354972,-2.0723268245941626
-2.459409880066731,-1.9281231026879841,1.1350782242029196,-0.21248305386580912,-2.0644425412551533
-2.44846459781757,-1.930388324547375,1.148512632100915,-0.2017008624031929,-2.083944998798241
-2.4509998975731953,-1.9162624758603894,1.1362275345808852,-0.19757768376050147,-2.062220356787994
-2.4441663647348872,-1.9063336301882452,1.1304566415560549,-0.205976424272894,-2.0706651572747505
-2.4421721656143367,-1.9223159860006094,1.1365987966162927,-0.1863323030917915,-2.0793470694324823
-2.4535631223802232,-1.9179232337302834,1.1438874334881632,-0.1799797994730211,-2.07084871842791
-2.4411853658325513,-1.9332471564846425,1.1703763572077837,-0.1994590957917153,-2.0635011719723346
-2.43229870979539,-1.924534911703743,1.1760122659669598,-0.18748225622340284,-2.0638734605408517
-2.4419405088422272,-1.9139780092848504,1.176183361813749,-0.19587375186196404,-2.0643075625978202
-2.4484996367002636,-1.911005139545499,1.1789478124814627,-0.1919446644647931,-2.076335384565383
-2.4506496059501974,-1.9108507331467606,1.1567675811652758,-0.21689065844032715,-2.070685700723388
-2.4533481839292346,-1.9248662481347445,1.1724340182290969,-0.20740832700642053,-2.080564180613738
-2.4502846711831485,-1.9356984134153679,1.1778528830815167,-0.2089053600882286,-2.0879792627985503
-2.452309611859452,-1.9244998469729053,1.16264319725475,-0.19579239404442172,-2.0739658826074776
-2.4399975701451027,-1.9310128373861786,1.1684382455250466,-0.2196527741463747,-2.065793825636731
-2.422444168442885,-1.9376744715743768,1.1610826209601068,-0.2309027628722003,-2.070309237050225
-2.4286160042208373,-1.932796145361176,1.155669387353138,-0.22794012291905627,-2.0640334985625217
-2.4350293715941786,-1.9484850588860143,1.148363543425252,-0.20525124292952618,-2.0643750087239776
-2.4199599462851125,-1.9269300903265096,1.1749285921788133,-0.21708993369867152,-2.0322848322296987
-2.4097210603925894,-1.9444706404992236,1.161908562289181,-0.20904724300716224,-2.049539062614399
-2.4331613241850008,-1.9162913533988164,1.1758891808279213,-0.19493078158117638,-2.058346528122372
-2.4389821080348852,-1.8988894652301263,1.1812659888793764,-0.196369817327272,-2.051707283570619
-2.422903430163247,-1.9098880782628287,1.181044847717734,-0.2063915417200167,-2.061058437862715
-2.430716959736029,-1.9212098050543762,1.166505202388988,-0.21012823433044306,-2.0564836289027397
-2.432882943965188,-1.9272462641962191,1.1943680352693233,-0.20349514554360182,-2.074433144726339
-2.4261685582261268,-1.9209361748389073,1.1873158083172433,-0.2184839569941022,-2.0434293280780067
-2.4170849115623763,-1.9264863328576007,1.166678465557355,-0.22150991275572385,-2.033866148319379
-2.417559654657943,-1.9269450756527429,1.1726695787825308,-0.20593907014098456,-2.0433949149902757
-2.4261716000160725,-1.9450151799717048,1.184165569028461,-0.22377382585960612,-2.025842476417466
-2.4333339123726074,-1.9476396133788758,1.2066125057287522,-0.22614127325170344,-2.0595975417705055
-2.4248126628505107,-1.9437933232295554,1.1917218124668494,-0.22385392919077296,-2.040478291207074
-2.4355939709486067,-1.9379803426873274,1.2036777867118733,-0.21562798249249124,-2.048379028982576
-2.424961385532254,-1.9300431368717021,1.2054602854748944,-0.21877072412632279,-2.065676716946165
-2.4123008723531068,-1.9475605183581353,1.1834400562389589,-0.23266463452309508,-2.059049190341188
-2.4204570304406015,-1.9614934026609447,1.183159813591982,-0.24826411991834957,-2.0779742379983497
-2.421441762703573,-1.9459126446261878,1.164097056402246,-0.2304147351454036,-2.080705284544358
-2.438034406807836,-1.9442788748196875,1.1744055347400175,-0.24021597843258025,-2.102132644193341
-2.436197688663866,-1.9353201033664726,1.1863335357155482,-0.2469832876270351,-2.085645726827892
-2.4277214552450697,-1.927593709635913,1.2084956456097204,-0.24262851505737518,-2.0986025433639055
-2.435421164920601,-1.916651240277039,1.2025744595368832,-0.26466823104869097,-2.098236229829201
-2.430291662114134,-1.9129313237177588,1.1854883388561004,-0.25643964841630235,-2.082142009494433
-2.4310609051854093,-1.916556593904106,1.1918681110895948,-0.26244320661821635,-2.062163046420108
-2.422767819666121,-1.924716548381429,1.1881921083881657,-0.24872317963632504,-2.0678926342235022
-2.420923783513481,-1.9121267355403644,1.1929197514285461,-0.26943982843480835,-2.0583525017535202
-2.618268586033154,-1.4698004985324415,1.1874905587101072,-0.9150581753907686,-2.067319255441911
-2.810700154336567,-1.2138690483133614,1.1591864203268838,-1.4599944895313097,-2.1112913094167625
-2.738546161629675,-1.563836231500946,1.1460012229179655,-1.2848138863276937,-2.1144601990391645
-2.701927933909624,-1.7553265403874507,1.1277764887056065,-1.1466142293181267,-2.1188733865667113
-2.6514889949857734,-1.852814129048329,1.130589362966989,-0.9735515179162755,-2.1297997175560064
-2.5931989913464517,-1.8984766890518157,1.1132845987208582,-0.8186197215449573,-2.1156475487908835
-2.560028833601576,-1.922179167214556,1.1005259130126057,-0.7159786379645267,-2.117300322449581
-2.491406447072343,-1.9272495719088083,1.1104016460265111,-0.612557807970416,-2.1005038536888088
-2.4600377554844375,-1.9093019482390614,1.1198555456585029,-0.5471280885529614,-2.093332470738149
-2.4302195158390667,-1.9256257383035111,1.1286622877187154,-0.4717074375648685,-2.0866417613866672
-2.4166271537725015,-1.926009956407796,1.1184096941444484,-0.422861059077079,-2.0808754597350334
-2.409513250200139,-1.9161751919078522,1.1454199966018614,-0.373902161749926,-2.076465665037922
-2.4212830909442298,-1.9066823611106425,1.1338348068741355,-0.35385529828330675,-2.0815849664056083
-2.415019129531934,-1.9031372984201775,1.1688071158655013,-0.3457198839472425,-2.084659227682394
-2.4121427674105846,-1.91703990657543,1.1734046780930432,-0.30793330955606313,-2.0977124296773666
-2.390528463002134,-1.9194182573187566,1.1789943687886157,-0.29547585152626044,-2.083836047600762
-2.4094499524171313,-1.9135754786699422,1.159367558969405,-0.2758365326821744,-2.0886398570834257
-2.400685856332256,-1.9092542454789707,1.158769656761664,-0.2539272963545942,-2.0762143962507085
-2.4160059714813253,-1.8940017281231543,1.187422745322194,-0.255997230686634,-2.089265455147131
-2.4304137686710523,-1.9159765084004547,1.1894303607789785,-0.23568771571141303,-2.0859625954643835
-2.420909112581045,-1.929014203677211,1.1918546184359855,-0.24124963708772465,-2.087073003312938
-2.4246927943360057,-1.9332513735514318,1.1688641143780714,-0.21838140368973194,-2.070458764667337
-2.425295736528679,-1.9221542967956262,1.1650650962804288,-0.23556157926661192,-2.061140938082292
-2.434691869856713,-1.9077681562079052,1.1535963777816383,-0.22206958039014352,-2.0407387476776964
-2.4481718983167085,-1.9094891017169129,1.1242696714241665,-0.23041037709561835,-2.038713470239718
-2.4559156143227647,-1.9092878986018347,1.133669806978275,-0.22171559839596922,-2.0390097561917604
-2.439330269030713,-1.905492389134913,1.1274445110195366,-0.22201443415679273,-2.0339319758462495
-2.4399993505884687,-1.9051661076286044,1.1437869075960716,-0.22124010617348636,-2.0363047983977967
-2.4389476054192976,-1.911801040585051,1.14507006396326,-0.2022558646940662,-2.041327196725936
-2.419423947830249,-1.9079712161820148,1.1356783333875682,-0.21420425843545451,-2.0603488556624563
-2.430922602246098,-1.9121237606077923,1.1510426885420675,-0.21639482218473535,-2.0259609040218716
-2.4106775101819804,-1.9024078966042746,1.1563927449077704,-0.20864825089269215,-2.039127746384156
-2.4057733287181358,-1.908246617828662,1.1725068211318452,-0.22636009721980702,-2.0409567447179637
-2.406663925307876,-1.9020926731484584,1.1947757766530895,-0.2164778869900996,-2.0556644017469634
-2.415398733560884,-1.8987317724150683,1.197947254699607,-0.21294986410798739,-2.0826508191172475
-2.4174971403206933,-1.9139454177296344,1.1641903968836045,-0.23140241311418672,-2.087628311122897
-2.409040915143929,-1.913023377926111,1.175787477789607,-0.2268235836855892,-2.0817377971205895
-2.4186997672215127,-1.9024830173386236,1.1887949599010905,-0.22630246743954402,-2.0604466453181303
-2.4265752818644666,-1.9152966254608499,1.197564419530794,-0.23754707213175769,-2.062846803054029
-2.427906178544271,-1.9137089709886523,1.1861450237088644,-0.254080321583749,-2.054257125118678
-2.4407064252497785,-1.9405212637755447,1.1685128001093716,-0.25068587845208185,-2.0607612331052483
-2.4297235375478916,-1.945966213997029,1.1829284264530184,-0.23856611058593866,-2.048402837328677
-2.4336009355720893,-1.9378227097511291,1.1840875422277588,-0.23055433454968352,-2.041325553592702
-2.430560492033403,-1.925241674600315,1.1715283352181372,-0.22764896806157123,-2.036382433075481
-2.4224931238398435,-1.9175922051543912,1.181891058359186,-0.2314736304178344,-2.0202906390955797
-2.4305761971029716,-1.9180717068100976,1.1758600764480025,-0.21086385739023478,-2.036403947683168
-2.419871296829052,-1.9299956610783038,1.166186939380199,-0.21413754242509386,-2.03653606710478
-2.4140871802704704,-1.9263023866894495,1.162595942986211,-0.22233999973439553,-2.0293169260972626
-2.410856281899709,-1.9365509559409757,1.1545416958583512,-0.21963404172690446,-2.0236703138815817
-2.4222300552361027,-1.924902506263442,1.1802149894484004,-0.21762323893018581,-2.050626811128143
-2.4216324923545245,-1.922827214119224,1.1838571937275746,-0.22455370825721227,-2.0537084095470415
-2.4208060034356937,-1.9401099023617248,1.1829409212126962,-0.2418658414820689,-2.0537273460647536
-2.420017068445578,-1.9457924325275473,1.1734986819288777,-0.25199472963210323,-2.062306894635687
-2.4272380795976276,-1.925642330192495,1.1681701630865595,-0.25073904304000744,-2.0566515956532205
-2.429705080365291,-1.9141480318300934,1.1669520153934414,-0.24390837415812724,-2.0334020393409786
-2.4378858485546506,-1.9220601361824166,1.1737750166505165,-0.22910538311588366,-2.0552005300031246
-2.628874044976716,-1.469200393617594,1.1859339925748906,-0.8996530676546503,-2.087604201823062
-2.809662730642471,-1.2206698391143993,1.18822068711031,-1.4531233893294488,-2.114235262434283
-2.768001841581229,-1.5820375775244655,1.1673642978665981,-1.3016647205990324,-2.132430235514392
-2.7093735528375382,-1.770591541656365,1.1500689473011256,-1.1346086037490015,-2.164770228643821
-2.6404641218564695,-1.8530762404570063,1.1366600822292958,-0.9660744097102549,-2.1466204759518352
-2.5731821690751047,-1.8922913126691274,1.1265223962758455,-0.8462303918947861,-2.1247261543066744
-2.519887417238972,-1.9231555824179776,1.1128497110570272,-0.7182017577391846,-2.118074846854368
-2.4879760431480373,-1.9410114634908469,1.0990099852165944,-0.6266381431646036,-2.10261578791829
-2.4526711523352276,-1.9407528099951312,1.0956302412518504,-0.5349385745128771,-2.0814343229356984
-2.43805027764092,-1.935683928570196,1.1379696926166638,-0.4773155127515556,-2.084461903352044
-2.4297554368719094,-1.9176844706545064,1.1214243273016506,-0.42777878183375373,-2.0761701904897794
-2.415102304887457,-1.9230018276686196,1.1331612840415024,-0.37711590253333394,-2.0583667412317626
-2.6115329019477214,-1.4782422120359484,1.1435047690649724,-1.0342400671727043,-2.097345731993217
-2.775786805068221,-1.203523022938644,1.1231996719599724,-1.5495034195265294,-2.1027642755552507
-2.751411621190455,-1.5513109642489278,1.1086990937122978,-1.3699543588585645,-2.1291154645183017
-2.7044474278065347,-1.738202528399582,1.0958405161901763,-1.1797573074900995,-2.14470656698147
-2.62520447481085,-1.8471205985866406,1.0950087851886343,-1.0236996327449244,-2.140306643239792
-2.572703298504503,-1.9134083474526071,1.077983875624489,-0.8748735970384884,-2.130201682740694
-2.730133630185731,-1.4764191565889004,1.0763536988580202,-1.4057639836882498,-2.1244904171307564
-2.8754977367969174,-1.2132008399431524,1.0548070853777494,-1.8621981944276782,-2.1411709008252675
-2.7787168729613736,-1.561847860987393,1.0625485967042467,-1.6029225277118357,-2.1499107472982635
-2.7174352878729784,-1.7460117939569761,1.0684086163303064,-1.3809489419717644,-2.1631689059293384
-2.6434334235901593,-1.825008702033076,1.056655558465294,-1.1691083232043014,-2.1267232400986993
-2.5677328697255906,-1.8853348697571022,1.0456437438932344,-1.0002251829906892,-2.115328311379757
-2.5236076329904833,-1.9150934659315952,1.051326755302324,-0.8398984124880826,-2.1028032244847217
-2.466382748014895,-1.9059206882040403,1.0575734804483803,-0.7220253704389982,-2.1074162735084565
-2.431242007254574,-1.9156913456490796,1.0658333612689166,-0.622955845490535,-2.0949712757482075
-2.418032674280194,-1.9090794223678735,1.0813244985263242,-0.5347477417379957,-2.070719184514565
-2.600443177647957,-1.4470479827497305,1.076587538050783,-1.14500440366635,-2.066275480427305
-2.7801163197158183,-1.1861159718641687,1.0706303389954988,-1.6531497589363302,-2.0864825010882657
-2.725497360448237,-1.5333984843391146,1.0793684831991384,-1.4190492436355016,-2.105135979794546
-2.6558420050341334,-1.7325893831608612,1.0607268399764958,-1.2359212882524837,-2.1296185982828466
-2.61334022456517,-1.8183602464032846,1.0536614341426533,-1.0636897039579594,-2.1183240512216517
-2.5538387410111034,-1.8871659490450579,1.0460021381171956,-0.9090804658316789,-2.1127632125465916
-2.497511983323574,-1.913912430288727,1.05025550436441,-0.7599781604660338,-2.0814404865439236
-2.6809539750905156,-1.4529339862640567,1.0594983831925469,-1.3324029756451703,-2.097689227319272
-2.8109935950035667,-1.191416710274015,1.054523170949718,-1.8080622679528997,-2.1148775036231524
-2.740751206389895,-1.54985979060821,1.053830176849267,-1.569404799417647,-2.1146409779144397
-2.6863314047832687,-1.7380897253145444,1.0690483678269613,-1.328602699946813,-2.1399999975457717
-2.6226724044785508,-1.8456347449763366,1.0563073053469223,-1.1257278244342708,-2.1232617164980634
-2.561956940855947,-1.8984157202983776,1.043738984326394,-0.9796188283704347,-2.1263151321346734
-2.5098376965889937,-1.904066226356938,1.0525220685376162,-0.8279244976806799,-2.119850771193407
-2.4551122784294384,-1.9113018776335993,1.0517134395954923,-0.7104214978253773,-2.123823034565916
-2.4178564223092582,-1.9357115196278625,1.0602853637246035,-0.6090645392897636,-2.1255140857201944
-2.3933498883518323,-1.9173179467066679,1.0495602125627612,-0.5201425697162826,-2.1048572066757028
-2.386456426049137,-1.9041588045263649,1.063982204228336,-0.45368728647445916,-2.0948474407132625
-2.383585609460156,-1.8963155331863277,1.0773164951171899,-0.40110116121622796,-2.0815880139696397
-2.3976954975047806,-1.8793725433576864,1.0801177606330916,-0.34762695069083815,-2.067692567402345
-2.392784203651262,-1.9056052080432953,1.096343596128903,-0.31794247027228484,-2.068078968557231
-2.397375385448549,-1.9140513505483112,1.098711191306889,-0.3095852520511664,-2.0611192648517105
-2.41335191119212,-1.906931355136202,1.1056223335709319,-0.29115058709071795,-2.0746790216697
-2.4141073712540217,-1.9208178246990415,1.109877062386164,-0.27324972113707857,-2.084156548753895
-2.414013958985515,-1.9397466212457564,1.108404510913938,-0.26234134962393213,-2.076674353973729
-2.6246696871885757,-1.4782335506036874,1.1216071374324645,-0.9249698247299224,-2.081544254298667
-2.8018704923535274,-1.2293880115406266,1.0952297747308763,-1.4997585091127243,-2.0948872353950363
-2.759578839674969,-1.569825262649952,1.085079277128892,-1.3055834155585355,-2.1135977481387336
-2.706324561365704,-1.7794183721139187,1.0774477245321066,-1.1299609574569207,-2.1375922758901105
-2.629474357700003,-1.8556259870722638,1.0759542444683132,-0.961115323419354,-2.1276216777227313
-2.5713036076681006,-1.9077462265752134,1.0725378022747993,-0.8354644083902666,-2.138780546294434
-2.520352164024315,-1.932953896069091,1.0741839416496837,-0.7141919374850445,-2.1328016059096013
-2.4926017879884204,-1.927507142239885,1.1081501645645493,-0.608682920917692,-2.1325301919117927
-2.4654455946613165,-1.9566117012929287,1.09718733393782,-0.5189656997605417,-2.137030917118351
-2.442141754594151,-1.947742298230214,1.0968063132172399,-0.47266206746973843,-2.120185770823889
-2.4260380067912424,-1.9369225603990605,1.0760421406985616,-0.410420897508781,-2.1086410655323147
-2.4213745255334285,-1.9228911450126864,1.093888614073641,-0.3938244884461775,-2.082000522519383
-2.42362490546989,-1.9099196978514188,1.0968626228483107,-0.3679626156906388,-2.0761094824155952
-2.421996081330397,-1.9072069032788335,1.1006372533444622,-0.3350321679585139,-2.0644835233922474
-2.4193259941614573,-1.918239252066948,1.1201037132014384,-0.30911211855969317,-2.0575096851477546
-2.4267744012031356,-1.9161385056490938,1.1089279772569811,-0.287964308828468,-2.0664628678858703
-2.4069544502629303,-1.9103650218344974,1.1189797343910424,-0.2822230961154945,-2.056427825962569
-2.402537174857373,-1.9173726656140075,1.1349495268404903,-0.2677267433088706,-2.063587598253902
-2.407997202022399,-1.9261299136592105,1.1428789449402197,-0.25381944243300286,-2.064191817991498
-2.4131108445402143,-1.9307242876364745,1.1558405880742277,-0.2712632915659275,-2.068427450667052
-2.4197593627524006,-1.9400730316409227,1.1495854363263776,-0.2551924929821864,-2.055850862000897
-2.6319814953163605,-1.486104504487261,1.1800905703162488,-0.9036403872551755,-2.076793742991929
-2.812349591641458,-1.2247426205200647,1.156098422257967,-1.4500766020419031,-2.132242304225235
-2.7599186510334017,-1.5485737085315148,1.1365950698682228,-1.277975694987929,-2.1243515882229156
-2.711188562920879,-1.7399195427971998,1.1109284332416676,-1.1062234018972612,-2.118041511529793
-2.6381495747716626,-1.849119825470881,1.1105315279854662,-0.9657499291931766,-2.101212003238721
-2.5733927832082166,-1.9105106673814467,1.091777038420733,-0.8174945663014865,-2.102591669014139
-2.533782772289885,-1.9439399962176762,1.0870965473631478,-0.7031782434884253,-2.122701006108248
-2.497392831719491,-1.9376590523948476,1.0985121694610394,-0.6078963438448548,-2.097299607378871
-2.46572513455,-1.9336406294034196,1.1094468767365226,-0.5041048508409846,-2.087391906540055
-2.427495093067733,-1.9410693938633166,1.1325096656056175,-0.44904680716443496,-2.1006443056955435
-2.433529133533332,-1.9375206677501071,1.1233877619323651,-0.4241203427144142,-2.089411851108023
-2.424266552018692,-1.9269409944434295,1.1347824841698404,-0.38613985583678767,-2.0808365752035867
-2.418465238937768,-1.9354528452428679,1.130121661197747,-0.35456313268872597,-2.0893431879169166
-2.433220365101002,-1.9245428397763542,1.136469467846483,-0.3239970398862436,-2.0914890646072206
-2.433408183408908,-1.926179221518113,1.142099605471146,-0.30132913503065356,-2.085124811668713
-2.419395255430695,-1.9264794309618465,1.1404295528325827,-0.29673520112473745,-2.0937362486197215
-2.4242134721560427,-1.930239583348171,1.150688905046541,-0.2604289869166443,-2.0580672515241614
-2.4415463198595067,-1.939100417829824,1.1525603703467846,-0.2618829150190845,-2.085215990790899
-2.4299905884249613,-1.9359112605433468,1.1558674072260253,-0.26971511740497056,-2.0842439214142767
-2.426030965147853,-1.9374994700536678,1.1589739224019273,-0.25066201915569525,-2.0608487872515826
-2.438288808069115,-1.9227670766642544,1.1690979994706805,-0.22616311400200895,-2.059927530595246
-2.455541825899061,-1.9316752039145604,1.1553450129696443,-0.23572188424967638,-2.0562623224800793
-2.4531625142286635,-1.9051323214233842,1.1797311106703383,-0.21903421755440036,-2.057602667893482
-2.459491188356548,-1.9207595819697252,1.1737915608406708,-0.22282266148167149,-2.077806903798286
-2.4471964972108213,-1.9375545562309682,1.180833548487556,-0.23719845499869013,-2.0776301261997263
-2.434275964527087,-1.9414639068734505,1.175973243009144,-0.23121521881024368,-2.0608885878417174
-2.447065265724904,-1.9471099203334161,1.172238045562889,-0.23234075570078147,-2.086788702382513
-2.457078348007696,-1.9429153897184925,1.1887475201838653,-0.2161397149372893,-2.0798889118421022
-2.458722299594095,-1.9353070512993715,1.1836790139848623,-0.24876099672945828,-2.0647709924345126
-2.4730982544609694,-1.918477746437678,1.1875973223949243,-0.2547576599506814,-2.076504111285403
-2.4390624868652906,-1.923162924679814,1.1788947120188442,-0.2419502506248238,-2.086518002396317
-2.456288130251641,-1.9026556476011536,1.1553684171733416,-0.2329654072128185,-2.0714210451214505
-2.4531320804964216,-1.9009638968175457,1.1566694557716848,-0.22783635002055885,-2.0680832926027897
-2.434718045191343,-1.920060710057982,1.1282043969022768,-0.2026769347797566,-2.05817069423967
-2.4420335283924377,-1.9091507935687066,1.1333815964474916,-0.19510733049381973,-2.0547567019794415
-2.4315291153073275,-1.9179020252999568,1.1332829463485328,-0.21958601909309355,-2.0546877777243724
-2.4459374059808727,-1.9305794880593665,1.1539855932127943,-0.20942707534292493,-2.061362801629362
-2.434787506462806,-1.9453164705049217,1.141063361132682,-0.21481369850174176,-2.0619393268763866
-2.6275984581077396,-1.4961882226396588,1.1568858447568644,-0.8783741366957583,-2.0746958169212704
-2.8152274231417835,-1.2225186532900874,1.1404644176355814,-1.4534212883671844,-2.1133879064246877
-2.76578270095389,-1.5500818430849121,1.1340501127140195,-1.26767767299708,-2.11615722479212
-2.7100948353500467,-1.7452617271014192,1.1313673169417995,-1.1023751699712265,-2.1134440100101957
-2.8393220964353136,-1.3969725173365302,1.1217967540977172,-1.6203195066704845,-2.127040677113935
-2.9603641083734953,-1.1788996962148617,1.078696633515859,-2.035889610197764,-2.1431711280059624
-2.8859764008642492,-1.5591609824380832,1.0885629722826184,-1.7550973018627452,-2.1552941438272244
-2.7893909675354673,-1.7708146693254216,1.0891393404072398,-1.4548677224115565,-2.1889163324598715
-2.690429797808277,-1.8380870339172308,1.0728376776547106,-1.2403198150566588,-2.1748796828259795
-2.614352617928026,-1.8613226513111598,1.072907872237011,-1.0582518552330304,-2.1739976613906498
-2.5402222936108596,-1.890341561844688,1.0680426392251268,-0.9033751124793588,-2.1484129499834657
-2.4851259406955757,-1.9045524726458585,1.0823710698243836,-0.7717720089238401,-2.1440473239766313
-2.4474457501301865,-1.9030820565877262,1.0713985676227875,-0.6492718472175165,-2.1357772245136477
-2.4202694823335826,-1.8945272515620006,1.075479175094398,-0.5620658438757271,-2.1040438160433905
-2.398867680667153,-1.9004520462623629,1.09053909812742,-0.49406773416960204,-2.1011669870015064
-2.3805275277365,-1.9024989399828998,1.0919244823547225,-0.43430910856418226,-2.1049203392308065
-2.380889276875276,-1.9104239482817218,1.0999651191259892,-0.4259143989841149,-2.0866780596690844
-2.396519618220092,-1.9005939948090755,1.1152906106117817,-0.37348561601348396,-2.0911848269095055
-2.4261151080425627,-1.910348188483033,1.115223316340972,-0.3224200119412338,-2.1054239604278226
-2.4282792874316823,-1.9134913066920562,1.0980022156003029,-0.323854135547861,-2.0644647181293863
-2.4296673055794926,-1.909131681442802,1.1094572248904557,-0.28286640691097215,-2.0663718747517876
-2.4453369689075024,-1.9094801427596377,1.115632583543245,-0.27035687944838155,-2.0832171278393186
-2.4391366469287528,-1.9196049968212834,1.1006177206736423,-0.2582195035649153,-2.080496725843634
-2.4360067241268863,-1.929755551573025,1.104588417168703,-0.25342271294230934,-2.075265419883952
-2.46294930842196,-1.9256223061736617,1.1032874288074255,-0.22423572361278873,-2.0865001389313615
-2.4428600577159316,-1.933313182318073,1.137234801820691,-0.22133468406477783,-2.0747056277134326
-2.461440156006594,-1.9247736410922147,1.1201693759149993,-0.2059573828425168,-2.0824552511504155
-2.4514497977358842,-1.9164794462405803,1.1368861078448758,-0.21608919818651137,-2.062684265661965
-2.463370898470539,-1.9287047852655672,1.1354901162787026,-0.20018714076002386,-2.037239768041397
-2.4373234103281236,-1.9530953626032301,1.146128707233086,-0.1852183387311428,-2.0454475377322274
-2.4472256513062955,-1.9463685960801114,1.1427321550448313,-0.1838164894471563,-2.0282724690261618
-2.425630914594447,-1.9480318858550727,1.163892983912751,-0.18656583708805863,-2.0155654133607936
-2.4128093564005897,-1.9343163296729062,1.1480983304892347,-0.2039411022674111,-2.0251042466960167
-2.421509179809808,-1.9562300981513328,1.1568529444210964,-0.20586347096507676,-2.0516719211481544
-2.432624006031825,-1.9357581163486388,1.1874739803571341,-0.21170270082681295,-2.047036341330876
-2.425711427354912,-1.9273044674153823,1.2017339467688866,-0.20066452348012656,-2.0562454208552077
-2.431999618443852,-1.9365752314246159,1.1762517458044504,-0.20626496839553093,-2.0762757994574783
-2.455208955310305,-1.9192383818273637,1.1640777404750102,-0.24207699357637988,-2.081616005066294
-2.45473232759823,-1.9056105963725243,1.1489588779229103,-0.21601383472287755,-2.069564694919342
-2.419801859146801,-1.922276611257125,1.1667601475751523,-0.2091993765788376,-2.0558162487999185
-2.438099271606471,-1.9205950787848296,1.1602520091596404,-0.19369546204743573,-2.040211174652434
-2.430414829912949,-1.9077780271662785,1.1590769757540023,-0.19731974038666,-2.046099812052383
-2.431624086175133,-1.9114440819535268,1.181037170323518,-0.20597540488833144,-2.0641252133463124
-2.426683145389351,-1.9281501180993412,1.1958148636840664,-0.21086016875732946,-2.0693006311479993
-2.441055133378458,-1.9377319530902992,1.1901942433239308,-0.2226728216949162,-2.0967468244922913
-2.4443584669139224,-1.9399201351626734,1.2096857400872456,-0.241116360983699,-2.081603468179403
-2.441603565526997,-1.9228669019251992,1.1992442996287882,-0.23699856404626035,-2.0668584470514713
-2.431418853370231,-1.9184823696870008,1.194615118974662,-0.24347526189830107,-2.0814432158513134
-2.4368991109528833,-1.925880116200176,1.1941313833983167,-0.23810575243040152,-2.073911901922454
-2.4364826047405996,-1.9203800926744188,1.1954113589582183,-0.23955699780159231,-2.0560190495340165
-2.4530546100863275,-1.9153223191009394,1.1836100087982242,-0.22432143153088296,-2.060286851319507
-2.432601552021139,-1.9244838715136405,1.2009755211114128,-0.22395487721717006,-2.072369217058797
-2.459230261789959,-1.8956099795263035,1.1837883428275773,-0.2361571718665118,-2.059086922888967
-2.4375654880734583,-1.8951793078216401,1.1856335942574676,-0.23491423927820396,-2.0723738907836133
-2.4462152098091154,-1.9113954300702574,1.1760595223739194,-0.22576611407616098,-2.0684950276880634
-2.4391932275684023,-1.9131259075781912,1.1932530755600672,-0.24352886271705168,-2.047304752811271
-2.448259694479894,-1.9198294445391149,1.1889782844826309,-0.24775231774936882,-2.068186837153915
-2.447238564971419,-1.9146376743792886,1.177350396776044,-0.24107766732880573,-2.053073919687577
-2.464006047687463,-1.900616191063545,1.190173511923467,-0.23255618367485842,-2.056556695697313
-2.45967350279453,-1.9053390332677669,1.2019406968730983,-0.22640726553169616,-2.0693025828578038
-2.461722319266508,-1.9132796127819138,1.186150689334444,-0.21367791152668486,-2.0668726039577034
-2.470416156678452,-1.9077227187928185,1.1952098692982027,-0.22339625585975031,-2.059032509096401
-2.4759447034219075,-1.9074045101597825,1.1814455790337268,-0.23037783875322213,-2.06186010423228
-2.4511868727169936,-1.9135646456841018,1.2058945123575822,-0.24175518753027175,-2.0792832372023815
-2.42394604945592,-1.9055181637872933,1.216546143250509,-0.23866678345840245,-2.0764250802409387
-2.4280822790800998,-1.9330191388081845,1.218738416650569,-0.22676172530638733,-2.04593896070286
-2.434856454737384,-1.9100205018814331,1.2003349730688662,-0.22880194740865686,-2.0493390628641506
-2.648763126705734,-1.468867646744464,1.2228053663094678,-0.9088639093831059,-2.088029602376821
-2.813344127388885,-1.227685480795321,1.1961969053566448,-1.4662666183004949,-2.1205356939807545
-2.748727517263268,-1.5758683427166773,1.1806370052464603,-1.3130313111302925,-2.11867264748914
-2.6929030202531057,-1.7603560619183334,1.1660381853559032,-1.1501722006649555,-2.1235597738237284
-2.6384562967429264,-1.8696466779912655,1.1385666320192729,-0.9925053736699164,-2.1401973200069433
-2.5829018487200934,-1.9428951469644253,1.1371940381660994,-0.8551271216856094,-2.1413798612514148
-2.512156844288913,-1.9292798498403714,1.1263835990668718,-0.732486741551792,-2.128228302560174
-2.4725586090828178,-1.9440041007610283,1.1133519185891576,-0.6194864628102477,-2.1113751749882677
-2.4424240831114488,-1.9339578308354468,1.114441199926393,-0.5391856703616403,-2.097373905088658
-2.414640473939302,-1.9256553832346737,1.1163523662978363,-0.4880947913215896,-2.095173161967736
-2.408812766216498,-1.9135763806327852,1.1196935338376992,-0.4434622665012282,-2.1020912890105516
-2.4106457032343394,-1.9229639675428354,1.1180785828204967,-0.408714133788926,-2.1130381324698386
-2.4082213663875724,-1.9148398234501576,1.1322863710506301,-0.3608396057889475,-2.106461148049119
-2.398612009425595,-1.9135517774001813,1.1323635714881914,-0.33302455785020774,-2.074691398961421
-2.4066192009083975,-1.906495116431696,1.136059054795088,-0.32675713783359284,-2.072753423858534
-2.6021856779659136,-1.4402279068790291,1.1541922107097726,-0.964559988871306,-2.078466583229978
-2.777767555524278,-1.1992861780465003,1.1289037319928403,-1.5020672349350839,-2.0947789620204262
-2.7321006016309775,-1.540074495456414,1.1194362257298456,-1.316140761842383,-2.1037847776997993
-2.6804590661254295,-1.7351424818863688,1.1040563612852559,-1.1399370881781696,-2.1001555097737814
-2.623454406260402,-1.8018957708945444,1.0867912680396297,-0.978022591892623,-2.101324566683527
-2.580673185642542,-1.8749288496553016,1.0665669576039416,-0.8278077389036413,-2.096044957333854
-2.523818446741808,-1.899614993870965,1.0576792226434955,-0.7146063158723098,-2.069642470880534
-2.6752655416402313,-1.4519138818577406,1.0698002784950644,-1.302900064931007,-2.0794774351657614
-2.8239325194842158,-1.1883671454692386,1.0596392894870728,-1.7786893903646237,-2.082103697275676
-2.7373309016364478,-1.5430124831667982,1.083336762326894,-1.5471824189207044,-2.1095575396909267
-2.6958515779012187,-1.7434107983753437,1.075020531085287,-1.308975801783381,-2.1142018851332036
-2.6179020132554593,-1.8507055333663285,1.0800236962647283,-1.0761598472046248,-2.1163700657553988
-2.5259237122611045,-1.912459344037479,1.0896642411313189,-0.9140875280441649,-2.1136877735919164
-2.487989484409861,-1.9318802086045572,1.0794642177068696,-0.8011229272859021,-2.110181599122019
-2.4492676817566226,-1.928166566298119,1.0620397178770995,-0.6952762470354592,-2.1002344825191535
-2.4187806055099625,-1.9381751176243738,1.082990467712629,-0.603873143832696,-2.093976302321226
-2.3862245915543885,-1.9341167794090097,1.0984413327757145,-0.5190760620270957,-2.1052216543122477
-2.3991090129541313,-1.939053886249643,1.0896114918255648,-0.47921822112914136,-2.10497220491195
-2.3811041627168197,-1.9363091810422122,1.0993012524967358,-0.4316340907441449,-2.0848690741308413
-2.3977647118422873,-1.9352823069470289,1.1045480207625376,-0.3859481870941336,-2.089029471680193
-2.4025394708776484,-1.9300859589999635,1.1016310419673474,-0.36822502741989427,-2.0948091368231245
-2.3929450908985523,-1.9376639375895364,1.0932986967993075,-0.3419438636176392,-2.0688255219933924
-2.4001263260627517,-1.9465042504849714,1.1151283919768578,-0.3069221889400534,-2.0735601979396856
-2.4080158303279893,-1.9337471756239317,1.132054988883421,-0.28977401989884344,-2.065008636303698
-2.452957302795678,-1.9118978301208973,1.1304642456780851,-0.27937574173001023,-2.073362191896612
-2.6464298098954284,-1.4668669573099133,1.1423720161670117,-0.922991095354174,-2.0998252317187656
-2.8025213722118827,-1.1945472436571418,1.133303999826206,-1.479697429258197,-2.129369420707041
-2.947340340522325,-1.0693885894210278,1.0981489771304136,-1.917590650138519,-2.149503651495657
-3.0528939891558036,-1.0304676544106373,1.0399370100107972,-2.2737289299495256,-2.1511421276433866
-2.9560802614388213,-1.4999874563765592,1.0516884162043159,-1.9315494972333545,-2.1651202197250194
-2.85851626125934,-1.7314714461158145,1.0282682585714846,-1.6384857716151986,-2.1748100672320447
-2.7575871338321645,-1.8767463646168863,1.023018405359408,-1.3936534609526878,-2.1565445731335875
-2.6500430642661836,-1.9303661728599848,1.021378735236805,-1.1693267733988844,-2.151982602598298
-2.5687974633804895,-1.9321989204877998,1.0222959255745814,-0.9458149427250127,-2.139472348686466
-2.4966242020863745,-1.9309060324597542,1.0186934080657586,-0.8050498778949484,-2.1351678655156685
-2.443114169023355,-1.9340863374246187,1.0003235058138693,-0.7113426972085319,-2.1333254914763486
-2.4110688749891755,-1.9199196504404872,1.0105403989241668,-0.5960494372882957,-2.118495664555739
-2.408054854946396,-1.911702611273547,1.0252767245420427,-0.5209926541256086,-2.1103393300930873
-2.391634959302195,-1.918499173408113,1.0497867971620953,-0.47341477711962104,-2.101734339235015
-2.386544555743541,-1.9010524858757658,1.0573376823753153,-0.42206476030568957,-2.0865804120763984
-2.3874882717162973,-1.895489465485228,1.0675561926158161,-0.3858094634525095,-2.0611384268730215
-2.412850287296983,-1.8936915768827782,1.0762338807599188,-0.3621009142452522,-2.0706128459258006
-2.406808963305683,-1.8814989881091742,1.0736877405851595,-0.3365375650011117,-2.076714906794695
-2.4260985576538032,-1.8817548314737778,1.092845313644185,-0.28190979880715505,-2.068353686314304
-2.4136596731768827,-1.9067647706602588,1.0922242154758397,-0.2867011931579022,-2.055117064417861
-2.443467229227037,-1.897145332823764,1.1014918984750568,-0.26973442076395493,-2.0558266897519206
-2.4363749619554373,-1.9042889898567696,1.094939748243019,-0.24470785795746816,-2.066625489614118
-2.4567137478891046,-1.9154807838749317,1.1172234898326705,-0.2472028825312705,-2.048938074537295
-2.4546616485988806,-1.9240714001106685,1.1281138608457748,-0.2218420445128932,-2.067177704575566
-2.4605046348597086,-1.9309437301687133,1.1302527545755015,-0.23066859488072766,-2.0671582739621215
-2.453406902154115,-1.9257674161625078,1.1311322208183419,-0.20975999281260763,-2.0741399028067726
-2.4498366546338226,-1.9093161588237124,1.1257641939637155,-0.2234106260389308,-2.0694334004786303
-2.6426690140330016,-1.4806223507642848,1.1496470069805942,-0.8821875609546224,-2.085571504986257
-2.812411718045636,-1.2211886133797456,1.141941060276433,-1.4336431341536824,-2.129252710686324
-2.7774861074798523,-1.5759079989852343,1.15318816680648,-1.2702332423810248,-2.146108607986494
-2.721472568305163,-1.7852668563773983,1.1339404513364595,-1.1052077745664177,-2.1257904652674386
-2.6602815063843375,-1.884610597780203,1.1164429433952057,-0.9507172548383838,-2.139759732510877
-2.5997622940220593,-1.9087841429707302,1.1094061583137942,-0.8046818348715479,-2.1127061817508004
-2.5602802305238166,-1.9309236032737038,1.1036217501326304,-0.6887218557226237,-2.117133183604977
-2.5176165032226177,-1.9503886014580916,1.1178251670334778,-0.605273484134485,-2.1084601961443425
-2.478269164021026,-1.9465542429642275,1.1179349697774903,-0.5172364582946707,-2.1160912560519973
-2.447138366628359,-1.944227116563601,1.1419414362699798,-0.47626585393289755,-2.1110211494126134
-2.427571148046442,-1.9286631026744199,1.1145275215158064,-0.43437936305773445,-2.103657065136801
-2.410315307987393,-1.9186515667926158,1.1165100517020032,-0.3860554464753152,-2.072623979195462
-2.415500575350736,-1.9051950367927002,1.1377090933713803,-0.3521599592717046,-2.0946211982878364
-2.4168314437775873,-1.8982275148085792,1.137508660081772,-0.33152650031365916,-2.0726968819821354
-2.4151157955423863,-1.8826290164259416,1.1305305641786194,-0.3034905196576112,-2.0682817640721183
-2.620183727559866,-1.446591706320471,1.1584468515909374,-0.944168699808207,-2.103375693422699
-2.7883115330586956,-1.1944195837085498,1.155530732963262,-1.498287430892544,-2.1355123167801744
-2.749989496484964,-1.5286436041917326,1.135295192225149,-1.3018616107617638,-2.134693044076803
-2.7163618275527326,-1.7464927148477165,1.1206008817873787,-1.1210122524735755,-2.1413679336466034
-2.652087321812368,-1.8318008297512762,1.1047923675047637,-0.9717185589970107,-2.146269332570983
-2.6000875635798724,-1.8853542670803372,1.0836243897664788,-0.8263570766295164,-2.133832406275267
-2.5744740131938153,-1.9088545599446656,1.058064987004909,-0.7112242923657992,-2.1266493002152895
-2.5137601562899996,-1.9217319845343184,1.0829424101832723,-0.6121194296879903,-2.125483195432552
-2.471578035219272,-1.924435090411145,1.0767117067098448,-0.5191703620428596,-2.1160421525448174
-2.4392531846584293,-1.9352254525849109,1.100744946503257,-0.45088363371407986,-2.1163524414512103
-2.436044998565311,-1.9167171943133283,1.1107866438859788,-0.41898826458541816,-2.0898713576647108
-2.4290195729023107,-1.9125134225410594,1.1267891420704597,-0.38814068028089815,-2.100445051756059
-2.4161471674984223,-1.9262589537189598,1.1272591852209535,-0.36412518429713703,-2.09015087346825
-2.413673544092095,-1.909994933958345,1.12706591510157,-0.32683932959427725,-2.0609188208678484
-2.39625665801633,-1.8905383726683425,1.1166133299046241,-0.2994325230328093,-2.051156214202371
-2.39803708143127,-1.8899565429917011,1.1386152249402182,-0.2891862513216426,-2.057742827928525
-2.3895542887041095,-1.892097302261071,1.144982722799779,-0.2695805178258439,-2.0875837151189978
-2.411766502019269,-1.9012286087059633,1.1605506746181116,-0.2516598821516626,-2.0891180350793768
-2.4367127068689407,-1.8986505197284889,1.158778064378387,-0.2282220939413238,-2.083500394522954
-2.445320964078394,-1.907527677239752,1.1604744614235702,-0.21056186505931873,-2.0762220493861836
-2.4410675882816326,-1.9207951495645286,1.133337320903871,-0.2104163105130803,-2.078490490565142
-2.4360616902355163,-1.9388313084293292,1.1463188871954424,-0.21297772819295185,-2.0768016266255516
-2.436973167895782,-1.9444303355830148,1.1439611936945988,-0.20663486112319535,-2.081723468897183
-2.4478836188211672,-1.9474718226010375,1.1741316908706834,-0.20202299618191605,-2.098180831070764
-2.43076657578985,-1.9490262753965515,1.1574257391361797,-0.19363474456442822,-2.089470163249062
-2.449391377127567,-1.923972191479591,1.1600109458791816,-0.20750819223761882,-2.0873748525881015
-2.4855474817801797,-1.9230528174538102,1.1642498558835914,-0.19336854908236245,-2.1081875027089003
-2.4789317583504906,-1.9440137833465816,1.1677712322386018,-0.17303323122961528,-2.1143515675050337
-2.475935219168187,-1.9486430153189043,1.1644192539567215,-0.1852492143636811,-2.076782125143494
-2.471134979669476,-1.9496030955015666,1.1731031164963137,-0.18751053858461686,-2.0993813506136476
-2.4581402451688197,-1.9468052344871314,1.1808819539998288,-0.19310119109559046,-2.0710006580186135
-2.4529044807120193,-1.9655268242033321,1.1809725061485126,-0.20744285370224919,-2.08758035820352
-2.438818923579773,-1.966197647701501,1.1965861260270183,-0.20874222150894206,-2.076020078124282
-2.432139380050577,-1.9491241874929899,1.189157101737428,-0.22647929559314556,-2.073165636458036
-2.4610917785375803,-1.9408457182145449,1.1811909916726018,-0.21142514530830883,-2.0780811668941084
-2.4423078119011468,-1.9552561870607876,1.1724709614010236,-0.20811725038951007,-2.0681603657937404
-2.429775815832911,-1.943849880759428,1.1724797120428307,-0.22950442275688737,-2.0593564816719847
-2.4260453100192736,-1.9411277438004033,1.1724639708809919,-0.21894756898555834,-2.0541975934912355
-2.4336008435617584,-1.930608023876287,1.1821476127891364,-0.21158089065759061,-2.05987550196847
-2.435144415868666,-1.928953159987886,1.169693386006133,-0.20527228164675226,-2.062150165427846
-2.42252066986257,-1.9408933434657107,1.1884873787893104,-0.22151695103196964,-2.0474664466208856
-2.422775820252169,-1.9451092206972669,1.200565057257419,-0.2210862081767378,-2.048240745502052
-2.4265097585544404,-1.9416081334705129,1.1865096818416694,-0.23222656160325447,-2.04985387259301
-2.419296860302657,-1.9471052547745276,1.1926595120138777,-0.22821689941333173,-2.0654834657924654
-2.6116712093802357,-1.4823669887366382,1.2160950659967575,-0.8892340959017511,-2.0972456617911317
-2.7908685131696314,-1.2362778669723085,1.1958232359983456,-1.4607407511737187,-2.1291596559892354
-2.765342367501224,-1.58145650496098,1.1720085451852327,-1.284100557216724,-2.1519939879617196
-2.693494372517138,-1.7747143068212874,1.142682618976967,-1.1149857944060106,-2.154532484110779
-2.6396021985994977,-1.880709550472805,1.1173444754848534,-0.9575906855717798,-2.124223812630903
-2.5835519078801483,-1.939512821592774,1.1260003937657799,-0.8283358250220161,-2.1405265590099805
-2.5338656032711824,-1.9553038947709402,1.1165153470200049,-0.7177607108401759,-2.122360883260008
-2.4901689145642854,-1.96689157886563,1.113918494272856,-0.6188108052003933,-2.1099826242235165
-2.46559058945579,-1.9466191704469584,1.1344339153937735,-0.5374134800571978,-2.1171637891022166
-2.430967228692334,-1.9453852380169439,1.1468408825943837,-0.49616112041616645,-2.0979271552410212
-2.633805343971362,-1.4764969597904865,1.1455331689763713,-1.10658434742197,-2.097785237301654
-2.780289729979901,-1.2127868710763807,1.1230650411887981,-1.6216438030512317,-2.1196717778428327
-2.7427930269798497,-1.5538599982175936,1.1419304672929593,-1.4014966996911085,-2.1253076262509065
-2.6798771345209804,-1.740553467990718,1.121159784690616,-1.2364037462007516,-2.1396764943542332
-2.606330854241272,-1.8631380286716361,1.1241313828069812,-1.0566217346644848,-2.1441256784333165
-2.5595347529631995,-1.9195389249687238,1.1005436928105448,-0.9094437500964462,-2.1330339767447573
-2.4945548723680213,-1.9369460927452828,1.096072078203941,-0.7750465230888619,-2.122991361299776
-2.4553045107500013,-1.934190855395856,1.063982325715389,-0.6789256862374989,-2.0957226725704596
-2.4539302205058178,-1.9440289449347756,1.0656293679596656,-0.5665621494694207,-2.108028447911538
-2.4204027916896207,-1.9525171192988728,1.0690931569500643,-0.498447550061794,-2.086235371293092
-2.603072820383396,-1.4892689872928124,1.070536825031096,-1.1338186438140805,-2.0947367300292696
-2.777095390820977,-1.2166164264377675,1.0713578017072547,-1.6394846341560403,-2.123588976034067
-2.7325074509099663,-1.5789011318054826,1.05278390816527,-1.407738119806329,-2.135708890496655
-2.6849141981669757,-1.7527473040445705,1.0475184221234395,-1.2327795436848703,-2.153403663548429
-2.615873285441836,-1.8734168010840315,1.0393153903873467,-1.0422681016363333,-2.1523604200902997
-2.56594492794364,-1.911323364059283,1.045528368075792,-0.8765954693144233,-2.1347950139168983
-2.5205101810854242,-1.9206356095838784,1.0545753058277811,-0.757999196083399,-2.1278087030258432
-2.48038855574684,-1.9323811124297192,1.055863914157322,-0.634267638239841,-2.104633406284476
-2.456147464198903,-1.9111927032405853,1.0754200159379175,-0.5698987561656026,-2.0991328196026
-2.4304656123614357,-1.9152398323368331,1.081115631085608,-0.5026220925000188,-2.0943618451004116
-2.4266276765818695,-1.8996141352775882,1.0964756135795404,-0.452248032693006,-2.09926573231325
-2.4045147660203723,-1.929128466598211,1.0961076309739506,-0.4143265894188037,-2.074450964797176
-2.4033715411814836,-1.9189930704870433,1.1018071172031911,-0.3616076330655765,-2.067399761975166
-2.4161571809795293,-1.8968841187949774,1.102877734799594,-0.3351883808563605,-2.0561046053517207
-2.4082561070551822,-1.895026906073522,1.104492679003954,-0.3174227480648467,-2.0670622716507014
-2.421579715601185,-1.9163514429020023,1.116391941230729,-0.3070492415906303,-2.0616764587281176
-2.4290849382626485,-1.908338244411124,1.1079892139998302,-0.28278761821399423,-2.0602601493578465
-2.416848000762909,-1.9065514389917577,1.1159659207235613,-0.24769382130339052,-2.0445851099416084
-2.4186695621391006,-1.9213799538447627,1.1217334670415189,-0.22437480068849774,-2.062095628946073
-2.4241399580743486,-1.92292440970992,1.139072797866136,-0.21791700383730547,-2.0603508280137945
-2.43430420004621,-1.9027976104510633,1.138477368403568,-0.2156603554590786,-2.0597858959698203
-2.431189503531775,-1.8873612512539448,1.1530931703316092,-0.2073084473418031,-2.0427794391627208
-2.43667041197986,-1.8832398964131647,1.162535236892433,-0.19666881091559835,-2.0424729024150925
-2.4327383700573812,-1.8859351183887063,1.1716282152026276,-0.18553619464646393,-2.033939376146368
-2.6354420345815153,-1.4214728501377811,1.1767735131139836,-0.8540800758815182,-2.074194575117281
-2.7939718495504597,-1.1895753346796056,1.1944213525322271,-1.4214542904368934,-2.1083932848981495
-2.761709140509055,-1.5272656331808634,1.1366434595136148,-1.2535777937979826,-2.131743922554528
-2.6983577278789723,-1.7316876115176647,1.140583175287713,-1.0883638764048515,-2.1261326395236253
-2.6336688223648888,-1.8246238942165791,1.112035389838254,-0.9329227979032626,-2.1349733908665898
-2.58768046835921,-1.8829950327436067,1.1005496043077936,-0.8203583053175603,-2.123066615357992
-2.525787069427499,-1.8984404627708484,1.0960584785633811,-0.7110471016889957,-2.1137437082969233
-2.4911438523557345,-1.9194228185555675,1.111237236001127,-0.6251845732298682,-2.109617152912023
-2.454959699804674,-1.9084091925979443,1.1269417317543418,-0.539174048937577,-2.0925049873565635
-2.4290124646625038,-1.90166902539467,1.121305967818517,-0.48328013180248175,-2.0720056703016883
-2.6232213426430597,-1.4486744869096753,1.135043773226615,-1.1127685073895583,-2.0964607386331555
-2.779280123354317,-1.1842898502063877,1.1199638945687724,-1.6144887778217392,-2.1045891609362712
-2.922769649213651,-1.0580482897926662,1.090984992028148,-2.0427029478363052,-2.1365859782596828
-2.8551286331647496,-1.4700647300260026,1.0937489601762682,-1.7756548050598822,-2.136016289283739
-2.756654402634559,-1.7241145001606495,1.0892307633893628,-1.521137361658254,-2.1537515790442003
-2.6515514843361903,-1.8724236408024524,1.0849367864729664,-1.3101275239807382,-2.1575750122204314
-2.780387923964279,-1.4501897900309548,1.0387952542964256,-1.751768769999648,-2.1482635199989897
-2.904316261333566,-1.2102006365097886,1.0071713689549926,-2.1373703933615,-2.1409421577705827
-2.8128611849553775,-1.5633376661558902,1.032031194221877,-1.8169696803093023,-2.1559700956834607
-2.708265480566057,-1.7577045054352636,1.0214391516714958,-1.53802273524859,-2.1444053597509947
-2.619133157531777,-1.8640363396320538,1.026871854910728,-1.2565417714432325,-2.1364309387263747
-2.553997919152864,-1.8943436161700684,1.0380390915486888,-1.0734810404664048,-2.1447181414002943
-2.502900113804572,-1.9154084377261056,1.0201348715802063,-0.9021969323503939,-2.130075811698388
-2.439587898484283,-1.9226824350020033,1.0311507069250219,-0.791399587472115,-2.1122732473108563
-2.421463049245802,-1.9159633100073792,1.0430757064244216,-0.6863652323663166,-2.102768174255537
-2.3886664284361037,-1.90352347750123,1.0476838231099899,-0.6029784227586356,-2.0843415897041866
-2.4050474152301464,-1.8824873382499647,1.064502729389689,-0.5127489387454587,-2.0639709047267454
-2.388422823639722,-1.8867424001316364,1.0615783318065677,-0.46347177931654954,-2.0757811293757835
-2.37060621051325,-1.8896374346982496,1.069768944877196,-0.4085704723078921,-2.0553261574331882
-2.386002835410103,-1.8843955836452697,1.0778641961531705,-0.37424513787536584,-2.04582727408629
-2.404710464161017,-1.8853573085514899,1.0797037124357456,-0.34531396057831715,-2.056012341070872
-2.4035800383260066,-1.8777005881564224,1.0866942413407683,-0.3020184597766456,-2.054444346413456
-2.407424116681682,-1.8936162992243708,1.0943427835829895,-0.28882443692229287,-2.053279208768415
-2.4162757776057724,-1.9004140094885795,1.071989156989145,-0.27672950725064516,-2.061863144024107
-2.4008895221493645,-1.9145976623577068,1.0897233446609897,-0.2490369418112492,-2.0427873218701875
-2.4240973915940347,-1.910404653821477,1.0890831141963992,-0.23953411753670512,-2.042232246968778
-2.437235306028778,-1.8988233632142635,1.0961203953790077,-0.22328314609125918,-2.061617866232663
-2.629513992932642,-1.441535992873903,1.112341295770128,-0.90878019767741,-2.0765167156918185
-2.8063502712640145,-1.1881302330045944,1.125409323752817,-1.4445331937222918,-2.11504102882071
-2.7646870848565097,-1.5417565246161014,1.1227052321919155,-1.2684508317382401,-2.140865689128023
-2.7100626596206783,-1.7382028910870884,1.1189094805397706,-1.106268460450726,-2.141833826005439
-2.624097949226618,-1.857191979347739,1.1135938580901035,-0.93840414717733,-2.1557465969286884
-2.578260570421921,-1.8975448943774822,1.1162282309535962,-0.8048009457189751,-2.135765344399352
-2.5450180565102203,-1.9164108393507273,1.1108156352187597,-0.6905663786149685,-2.1129767617799917
-2.5130883505224255,-1.9238289697630002,1.1096977996310307,-0.6185151905525093,-2.110598213927426
-2.471765982538134,-1.9188671649328535,1.1151175930609367,-0.5380838223935683,-2.11228030485396
-2.4533602679155897,-1.906611390006286,1.1173357869534037,-0.46939784090432846,-2.09337576970886
-2.4394926154895993,-1.9160333342148215,1.1239278425522776,-0.4151794115957732,-2.077086504868353
-2.4247089161509003,-1.9125634100729696,1.136987947907063,-0.3735900218140745,-2.0818242175801913
-2.6181875457008363,-1.4554605086497938,1.1447900617837494,-1.0308548186549258,-2.0836717870494383
-2.794648012165098,-1.1990480555117522,1.0787374774588894,-1.5696887303614018,-2.1147959634618627
-2.7250657974492714,-1.5706567478437161,1.0921460002409145,-1.3747236293228726,-2.1564171160594245
-2.6701200966112264,-1.745660050927437,1.0878019126351164,-1.193257239290524,-2.1412704399986264
-2.6073798522060545,-1.824390840983949,1.0549141805979865,-0.9993989557946628,-2.119605303111395
-2.55685070391133,-1.8863920322958632,1.0472642969963362,-0.8374956567711431,-2.1303920719017166
-2.5280858933905366,-1.9036503898111363,1.052207620629845,-0.7215704438150174,-2.1263528465502795
-2.4909201407080457,-1.9450773404269925,1.0584712912651166,-0.6178999527344471,-2.112933901249044
-2.461668445422523,-1.926345564515433,1.0677440926413806,-0.5401458411894214,-2.1256288972253277
-2.4476151887394977,-1.9024889786603079,1.0714955391858036,-0.48648359252418405,-2.0887775960915875
-2.425876591940474,-1.9178822428260143,1.0725302265925387,-0.4264326928964634,-2.1009704306303876
-2.4175641636296987,-1.9177527655268822,1.0749439127917995,-0.376059239154501,-2.0680796908349044
-2.4199182180915213,-1.9133601730341543,1.0829733418026029,-0.3450621554684732,-2.0669632472701163
-2.42506391472036,-1.8984610910488506,1.091542263812064,-0.29887272445810154,-2.0899289143527002
-2.4176673348019375,-1.8992369430201905,1.1120224341032037,-0.26555022476008255,-2.078532953135159
-2.422614078886681,-1.9052642255726309,1.1199316074270387,-0.2563931197723461,-2.0871423108450116
-2.4371156755617243,-1.913554930478684,1.116734452148574,-0.2855456113390327,-2.096794238172867
-2.424462410493612,-1.9113288443375493,1.1382924130030814,-0.252378825849609,-2.063682073075239
-2.426017782873637,-1.9136917523935848,1.1424293945527713,-0.23433218100564093,-2.0676769992837074
-2.4123862647314374,-1.9125434261619907,1.138562842593857,-0.22858516434969997,-2.0386944156346005
-2.4288188563306417,-1.912402103693001,1.14822482756534,-0.242994167915125,-2.080622625553211
-2.422427577609844,-1.928910349894984,1.1414590009324264,-0.22648918105846386,-2.04427966387168
-2.416747858986904,-1.9472557687237528,1.168704760516916,-0.230263101440701,-2.0604978549005124
-2.428754914882675,-1.9401118494515983,1.1778090162758297,-0.2234909278908777,-2.0610224406489914
-2.428194078003127,-1.936512755514686,1.1765243964955463,-0.24671991424433665,-2.0714194104315657
-2.4256781246834977,-1.9143859554393374,1.1930390721310928,-0.24425293650905736,-2.0489535784454675
-2.415332179723635,-1.913486896499187,1.1727736468094296,-0.25596569955136295,-2.0624059869024873
-2.4208698544386325,-1.9095118371813633,1.1832944945162422,-0.22165302118878186,-2.068912837728372
-2.620656988040339,-1.4303926482640892,1.2069766680274998,-0.8965935183724549,-2.069596992930492
-2.80013209305505,-1.1860255041385943,1.1777311494041962,-1.445387488745964,-2.101764376891426
-2.9342409980967648,-1.07733552567791,1.1540889083766728,-1.8763699014466544,-2.1419277463425557
-2.8811022388664878,-1.4843185773435907,1.1259250636168832,-1.638147574526715,-2.1484370720040498
-2.777039671735689,-1.7392672038839763,1.125001335181682,-1.397802415239186,-2.16005285839961
-2.6942784443710246,-1.8694522732822116,1.1081790726799148,-1.2001553748199028,-2.1524049497023605
-2.6019618298880114,-1.9149707571924361,1.0886450697735117,-1.0189749818546048,-2.1324774365947032
-2.550007879864745,-1.9345178829771945,1.102221273766167,-0.8700303717581453,-2.132400556546689
-2.4752744654206187,-1.941676637204926,1.0825490583399568,-0.7312403863599096,-2.0968975283155467
-2.4520414265105566,-1.9275530558494804,1.0891820991406418,-0.6223128944964149,-2.100179460138345
-2.4300304167736098,-1.9127107459197352,1.097661736371698,-0.5495502602980866,-2.112337395245374
-2.417797965130233,-1.9236140423417862,1.1122023676407555,-0.5047525401556913,-2.093231359765183
-2.415160822719967,-1.9190242550044658,1.12366058900475,-0.45258028444674975,-2.086654230932321
-2.39691016617187,-1.9222507650542273,1.1244886513956114,-0.3985459642763602,-2.078902381676228
-2.3981574920982736,-1.9190190698535468,1.1245857664997603,-0.38416056552882283,-2.0773013397116373
-2.4114810425107946,-1.9002465613484099,1.1155929167784002,-0.3702856762944702,-2.0541238179126613
-2.3952763445229563,-1.9304428792317143,1.123213383976457,-0.34414814471928407,-2.073425584338333
-2.4016373082649163,-1.917987088589415,1.1403039315370405,-0.31263444682227043,-2.075494130593909
-2.4178116867800923,-1.9221408857651558,1.1427280091899108,-0.2838511262795962,-2.0460930936993185
-2.622011591795578,-1.4599143907911787,1.146105021441995,-0.931310253547882,-2.0550674985899606
-2.7980561127258903,-1.2087027334162148,1.1221881331371777,-1.4735372227700025,-2.0954050617986306
-2.7767383574694082,-1.564874704928718,1.1264209098266633,-1.2941352726673667,-2.122617538119339
-2.726453273543309,-1.7389728052941158,1.1156695735270252,-1.1472116241870731,-2.1183071302826555
-2.6394699424830597,-1.8608792296328298,1.110358312774454,-0.9891719899402515,-2.1275510308062233
-2.782067825737485,-1.4562223541739339,1.0888839868532012,-1.5051991297539487,-2.1228890685229587
-2.910228068640682,-1.2208623547812818,1.0571120838911696,-1.9391222585503036,-2.1332183217829996
-2.84186018159085,-1.560654792461725,1.0761712293054748,-1.6533291073521137,-2.145192855470489
-2.7449388543789115,-1.7639937697147428,1.076751448819071,-1.3961977609341842,-2.174270887952403
-2.662482331300644,-1.8698834153224888,1.0713497100406104,-1.1962653013256344,-2.16147263275875
-2.584330707014942,-1.92473987643533,1.0514916319040832,-1.0194766732530447,-2.1551125752994893
-2.524636890086922,-1.9563486574972764,1.0398836509950231,-0.8602609551501954,-2.150610732365429
-2.6815019382234864,-1.4797091095962085,1.032382545110779,-1.4065631355825845,-2.125234595685118
-2.812087707352281,-1.2321210696365508,1.030935489494464,-1.8629656539111619,-2.1355140668972177
-2.7480158543342106,-1.5762129147716148,1.0549398229181282,-1.6073395389042466,-2.1410711897184385
-2.6862282515996445,-1.7463942275117574,1.0448859679966822,-1.370913804601071,-2.1366717056110245
-2.6111526957998104,-1.8642567078326944,1.0319547147047847,-1.1756157881672595,-2.140729581500316
-2.548870061013612,-1.8783119710605551,1.0353324037428138,-0.978215984144735,-2.1286593889353904
-2.5007988462549817,-1.8990088969385543,1.0176599092054783,-0.8204303864403449,-2.1328672465141425
-2.4555136013267846,-1.8982815247985927,1.0415044765568218,-0.7131181233859397,-2.0898656737731516
-2.4382730515390767,-1.8911987597726763,1.0404905011690069,-0.611109097049893,-2.0710969094646794
-2.4194178546065235,-1.9065401448958308,1.0584852486257776,-0.519935379506887,-2.0637645675831613
-2.4050094208169086,-1.9130349940095803,1.062076502410427,-0.4648351758867891,-2.077810887243992
-2.4037393972666625,-1.8840619219469659,1.083776238533816,-0.41916435559929954,-2.0694915848468693
-2.40957810313023,-1.8891458582529816,1.0962468529605194,-0.3860776018823328,-2.061606421229226
-2.413246147954757,-1.8721095563221153,1.1006157680210806,-0.34043959952647673,-2.0414544278586964
-2.4063419541746334,-1.8952673929158863,1.109023834690543,-0.3198149434718518,-2.0467314289155962
-2.427086995517133,-1.9034236607396213,1.117817809608685,-0.2916036611440078,-2.0504434384394474
-2.4249386216812003,-1.8818272148225976,1.1170070232128266,-0.28921718059701423,-2.0586012380926593
-2.4364912320794994,-1.889839014248237,1.1188392101322544,-0.2696022119799564,-2.045730135067572
-2.4234870674803757,-1.902433595070085,1.1342502067220122,-0.27982891848308383,-2.062235365949785
-2.4282602753609774,-1.9129757463487065,1.1278041570931916,-0.29036095671537177,-2.0479465061460473
-2.4297597026323317,-1.9174691545540337,1.1194389420644284,-0.26601348874993935,-2.0722911260044943
-2.4295441378545655,-1.9249867415916473,1.12571907795211,-0.2526986637862546,-2.0616527855225204
-2.4275385534276377,-1.9349134283563179,1.134919507860679,-0.23483704764940158,-2.05239916888823
-2.426215802600687,-1.9231721168239764,1.1393318702388862,-0.23908625215713417,-2.058643200292693
-2.414989947431384,-1.9131324446949065,1.1378465366041766,-0.2203565303130714,-2.0546854072148393
-2.414542601462048,-1.923712297647848,1.1483562987631255,-0.205896880288402,-2.073956386616395
-2.417605299009533,-1.9232056727305795,1.1623788411469125,-0.19713387188912224,-2.061530275185286
-2.44272182527458,-1.9230692412300525,1.1374282835841072,-0.21815897544802554,-2.064107396931547
-2.444279490586677,-1.9152135140260875,1.1302714826858138,-0.22055409924772132,-2.0706365146372656
-2.454009984091929,-1.9216603230223566,1.1233578428760944,-0.19940094000330671,-2.0561985511588143
-2.4720829771550425,-1.912820611478726,1.1368169475488334,-0.22559836781514234,-2.07779769130752
-2.4584133793949894,-1.9122968558015572,1.156711481663769,-0.2078951657659183,-2.0703142306675546
-2.4474691174616905,-1.9208137838492543,1.1570174380545508,-0.20684205520008786,-2.0724938076060635
-2.4475686752133963,-1.9368945930655992,1.1516531881648955,-0.20684917247621057,-2.0772298399338203
-2.464594177564816,-1.922046401756801,1.1858454067779418,-0.21569738994227858,-2.093609961564754
-2.454882634981754,-1.898779259130664,1.1522578070786733,-0.235439506701344,-2.04422483651115
-2.439207753197003,-1.904973558588383,1.1626742405050523,-0.2163896172277656,-2.055409856169728
-2.451673310194302,-1.9122958778794343,1.1794592778656707,-0.19821197633738,-2.0612497416346915
-2.4407626430546356,-1.9112991414924703,1.1730101467915546,-0.1993498246371012,-2.0570140591992376
-2.4112524271280296,-1.9333063387014333,1.1677526252121906,-0.1964351275222239,-2.041197595082478
-2.423721291360869,-1.9075841843951724,1.1839489251823034,-0.20658886635175366,-2.04128020578597
-2.4126040436449885,-1.904081123971292,1.1906642393931286,-0.2141565634402152,-2.037334422500196
-2.410889106583533,-1.9111544390269404,1.192073861711991,-0.1970695863490875,-2.0293467466165693
-2.4292619935307864,-1.9190129972261423,1.1988348079627467,-0.19272795566861137,-2.0644599627364255
-2.4218638908106955,-1.9228829834168693,1.182692532722211,-0.2005759891614742,-2.040366465056936
-2.4347209245841483,-1.955930070794729,1.2002058534516515,-0.19425050726542115,-2.0630138568072236
-2.4228641514985845,-1.9410847974492533,1.205316512547603,-0.19996445913570698,-2.0736104992700013
-2.430327279242273,-1.9463189630016395,1.2001886590803905,-0.209048684744308,-2.0685093969926123
-2.4391599782216304,-1.9349663570792375,1.1939689822814066,-0.20081950798643586,-2.0636240969684114
-2.429217942964939,-1.9294407452646867,1.1965999742927287,-0.1923057692539516,-2.0529559703371354
-2.4084747214874054,-1.925836600836689,1.1844986106509803,-0.21926704663272342,-2.0554216148686035
-2.412785975353355,-1.9251340689746204,1.20206656780141,-0.21980812418510765,-2.0477879590564116
-2.427155224742572,-1.911441644168258,1.1872004786865218,-0.22063809088035058,-2.0452576676664957
-2.446479298047629,-1.9033598191185919,1.1996142503151084,-0.22460115312587173,-2.05627344702665
-2.430129440539178,-1.9118413773138088,1.201556433030176,-0.2261171749794569,-2.0635369457237984
-2.4420750142749457,-1.9075152791868923,1.2045928334301221,-0.2205541207088228,-2.0662915134276356
-2.442578193017311,-1.9069713563325397,1.1930180711190332,-0.23065434083888353,-2.0728602569684167
-2.4346193535121214,-1.9236726096819101,1.1804963897675123,-0.21731095981729037,-2.0810210522154478
-2.4422361193247344,-1.9230978675667494,1.192714691446771,-0.2174297711205211,-2.0692626855476233
-2.4415656213396577,-1.9265762043030978,1.2081284610745944,-0.22764378270253985,-2.081606083082789
-2.448350012529011,-1.9349379128729502,1.1916782770284877,-0.23265217627841303,-2.081942695492048
-2.6391788360591284,-1.5111413713287845,1.1905986912869442,-0.8947664987217044,-2.0944467718170823
-2.801585998529558,-1.2437412917057429,1.1556494101661123,-1.430079466566993,-2.129086381054835
-2.7476495644170074,-1.5932114402664244,1.142142314570322,-1.2882356636167076,-2.155557656155496
-2.7152204969744056,-1.7788844785958469,1.1439191020120354,-1.113284624022411,-2.154498813141429
-2.6494941494561757,-1.879701371054412,1.125755764056293,-0.9699941747917963,-2.1280168307246496
-2.5701910547840856,-1.9319675252195596,1.1191442258912099,-0.825967651538574,-2.1387745383934686
-2.525147417012594,-1.9448038114757702,1.1170878613843462,-0.7146639148292381,-2.1279714485329
-2.480135694547263,-1.9386718157287721,1.0934026640639252,-0.6271478651063095,-2.0953278544662863
-2.4492659811524353,-1.9557501131983055,1.103683480996138,-0.5476678380722944,-2.110814503320216
-2.430462225016306,-1.942263003554751,1.0982284889277503,-0.5012522513352463,-2.0696505168332564
-2.4288672264066036,-1.911943588383472,1.1109955372593547,-0.4437730290058918,-2.0953644863809906
-2.399446776821523,-1.8949781601705162,1.1149380747092905,-0.40860187055035946,-2.074675361583194
-2.40086782197329,-1.8941567509833637,1.1131279722981995,-0.37069413620865543,-2.081455788453395
-2.4001175530093994,-1.8851739110704153,1.1014911122609443,-0.34350107744929653,-2.0756636760259433
-2.404240116043826,-1.9036086522893296,1.138852878834097,-0.3202539012744217,-2.0602875798099447
-2.39623890636094,-1.905438379137026,1.1433894353568361,-0.3182226817857423,-2.047419362459475
-2.391212839566061,-1.9130348945443691,1.1556292002688215,-0.28749550196250573,-2.056167355940547
-2.420499769377483,-1.903704663691752,1.1676885913247264,-0.26856189321615564,-2.0730628203439516
-2.4262537859703794,-1.9002015285338412,1.1692778331469003,-0.2607366937499115,-2.0624805339797985
-2.4332176224671573,-1.8958302758755161,1.177782992884033,-0.23740836852011582,-2.063626130237384
-2.435365302743377,-1.9201454317053237,1.1881350870130716,-0.24328567034206333,-2.0797416763961474
-2.4283575657635117,-1.912546563291078,1.184188190857791,-0.24254466024280916,-2.0787641950333726
-2.4335447939400408,-1.9157327790161032,1.1709516285110484,-0.22470113723492408,-2.0812619203978726
-2.4529391656071913,-1.9039510895223926,1.1810182435898273,-0.20570152710276168,-2.0974012193951594
-2.455453598481725,-1.8900848236491494,1.1718219917896842,-0.22979367392009303,-2.0788801352264743
-2.4639734110544365,-1.8937443526529911,1.1777537761742503,-0.21725929718807513,-2.085138115171267
-2.4564945470559687,-1.900185814769377,1.1861848999668014,-0.21237539123820007,-2.077020594900423
-2.4612653485148206,-1.9101741469571782,1.1904885202329938,-0.22131767243667508,-2.089714110334809
-2.6451133592023277,-1.4581016387013257,1.1954064617287272,-0.8945275440854621,-2.0927501407827434
-2.8247143717725876,-1.1883953661428022,1.1880161711974517,-1.4432423788070043,-2.128651576459836
-2.765646224476655,-1.542612196488957,1.1653316380210248,-1.2706637528092826,-2.1419570330223734
-2.7172186648801113,-1.7522649392906173,1.1456623854540615,-1.1084607287291437,-2.1328118814641144
-2.638227528560365,-1.840946290829013,1.1261892026863836,-0.9685227181757999,-2.1360559591954535
-2.5979419070142784,-1.8847392946066046,1.1236228963182815,-0.8265675572136311,-2.146845014038401
-2.5355102281120105,-1.9208929078976558,1.118160407096811,-0.711363330549864,-2.1359370951352954
-2.4884079150814147,-1.9163859761891922,1.1301028601853704,-0.6032290627414434,-2.114838924308439
-2.468571370567454,-1.924988711732547,1.1220294002261681,-0.5269071874842295,-2.0970770886348853
-2.449921092711598,-1.9141793293842406,1.1389817929133614,-0.4683267373537333,-2.0779229744966377
-2.411816840209806,-1.9371432843572163,1.1153706928166496,-0.4121375803127371,-2.067041757982728
-2.4078008590823696,-1.9365582828219625,1.116181579585545,-0.38867481540195703,-2.0833056756784014
-2.4052794441624723,-1.9307853365787082,1.1491851024635051,-0.3502546887475196,-2.084659379564757
-2.3956864648411833,-1.9154076802917352,1.1525171923068973,-0.3230945898234495,-2.05483866799293
-2.409184561148228,-1.914021370400693,1.1740776401143551,-0.2944115448644178,-2.0553440776703913
-2.399146601004284,-1.9163467448768934,1.1595693441744748,-0.3007335657211862,-2.043031120388247
-2.3973557612458425,-1.9125690634985022,1.1593466714557636,-0.2880441048957996,-2.0690903293891214
-2.4024227044906,-1.904059270015696,1.166946298824417,-0.2733540789793085,-2.06540332383097
-2.4091909846736095,-1.8976012776226137,1.1545349356000498,-0.26576931639787044,-2.056584103163762
-2.4131434174980475,-1.9050256577871238,1.1639942435977946,-0.25127602245680536,-2.064924078740405
-2.4158897169105913,-1.9273389520183681,1.1819022920605347,-0.23830520648663905,-2.0522071825069252
-2.409892992688537,-1.9147395047191087,1.1842242043549285,-0.22652952285770742,-2.036351106477668
-2.4259420942216448,-1.9093438510705671,1.1692525666364633,-0.2213234043331547,-2.0587944688490536
-2.424011426267641,-1.9072510662635291,1.188646392829405,-0.22203585316674332,-2.0580329598139726
-2.445712726824722,-1.9181421317507115,1.2015765519666335,-0.22777238257683907,-2.0519870646461493
-2.440012404603287,-1.8983592010515722,1.2192475248250216,-0.22832194140233597,-2.0462701897125646
-2.450414236038996,-1.9130016303189792,1.2336990269744659,-0.21894439218091094,-2.072118058350806
-2.4435317968000896,-1.9060780518877298,1.2144550558092275,-0.2332949339072672,-2.082626645313354
-2.4575263618663645,-1.9150602969283403,1.210303340788194,-0.2344722977243489,-2.081303707340327
-2.4569217710013107,-1.9152206799106763,1.1845702336665946,-0.22235810072093104,-2.0846223173744907
-2.4635783738680828,-1.9208326283955448,1.1890548770187737,-0.2422893959081419,-2.0887944192789094
-2.461394084492331,-1.9134013227545807,1.1923753122366096,-0.2382673093643352,-2.0895470048076508
-2.4387713734234495,-1.9150095409214631,1.1806327264885637,-0.22978427300540957,-2.087093227152107
-2.444291531639089,-1.9043651593745476,1.1677957821191802,-0.2248703918384604,-2.0832771314324012
-2.4446938779816283,-1.9065903411764915,1.1799769457747555,-0.1977039916041898,-2.067647732708792
-2.4428064470583504,-1.9059863964344956,1.163502023412123,-0.2007942767065308,-2.069440950943978
-2.445721046059399,-1.9186799074160101,1.1494280820565976,-0.21204753436830243,-2.0617486980357818
-2.4487680433556593,-1.9306585245411376,1.1565148127216307,-0.21457162319166243,-2.0648890588619673
-2.442602305984344,-1.927940256526643,1.14642396672639,-0.2267092735374841,-2.0650464185884756
-2.432005030580016,-1.913477937630185,1.1659190622046998,-0.2201708924310322,-2.0693304721137977
-2.422561744713767,-1.9173319425407473,1.1841030375385275,-0.22286639761745217,-2.0880675813617655
-2.440595893830312,-1.9067995154415707,1.1999221717518445,-0.21555441573946568,-2.0668891913112937
-2.432774328208442,-1.9136502850928097,1.1816002915655952,-0.2213457814409117,-2.067937112333402
-2.4348843559615743,-1.9146737804576843,1.1892360024415227,-0.2336202840647437,-2.0626746274623144
-2.4364261774919322,-1.9092759294399066,1.197515414008572,-0.2308645223015879,-2.0649580076915064
-2.4415907273609783,-1.916702071739691,1.193974444654534,-0.235251600813558,-2.0563497944247193
-2.438078758333154,-1.920792034536163,1.179835854165231,-0.24511065586143937,-2.0635927410204453
-2.4262196859577134,-1.927260835826653,1.182535931624741,-0.2308070406884667,-2.0610913490316034
-2.4298829851095776,-1.9317881027594257,1.1747697965303345,-0.2224968855086786,-2.054249658467516
-2.4448659204481995,-1.9185255861562673,1.1640351404777882,-0.21894213271461155,-2.066241032896293
-2.4441221450561996,-1.9216634214561354,1.1675635024138067,-0.20856097066581875,-2.051926784010763
-2.4450292678078056,-1.9337873735647169,1.169764393494846,-0.2299444620868694,-2.0388787961975203
-2.427665968107001,-1.9465037622486094,1.181047813077843,-0.22217932176677138,-2.046457502594506
-2.4210581599008467,-1.9487514780814978,1.2051027453075143,-0.2331253330087424,-2.03990075253676
-2.434876999761597,-1.9294538471934248,1.2021037122633562,-0.23117441700377783,-2.0586251238479085
-2.434795703638681,-1.9289183062523052,1.194173052572843,-0.22655861102888414,-2.059054392009398
-2.4172421772490584,-1.93002477248763,1.1900982921371226,-0.24912083859111253,-2.062510626457553
-2.401340515993776,-1.936630398095379,1.1933110295038178,-0.22499543350281906,-2.066381206284362
-2.403623627250217,-1.9378452228567848,1.1894870212580242,-0.25006334882813436,-2.0675984587407323
-2.4156245009614357,-1.9537079061562608,1.1890671507297463,-0.249233979391402,-2.062860476740978
-2.4130483809982652,-1.948322008217413,1.1966431410201788,-0.23568470829165344,-2.08751187209748
-2.431281389111676,-1.9484271087902714,1.1823711643111936,-0.2364571591056423,-2.085752251838148
-2.449024279325813,-1.9422595104382099,1.1877693965039637,-0.22864250684619733,-2.0972333317984817
-2.466256929048305,-1.961642875041364,1.1969815211791162,-0.24435742749675937,-2.0978096181392005
-2.4519107630923194,-1.9221343147263423,1.1992661222504735,-0.2423010439884206,-2.0924254914932705
-2.4724525863998266,-1.9205225079210733,1.2199645278121132,-0.23799872112567289,-2.091196227785717
-2.462418713187006,-1.9117271893574268,1.2067578928726557,-0.2496877268099699,-2.110220552694608
-2.4487566697655057,-1.9025553359671818,1.2010928891822443,-0.2609715885225527,-2.0841072780672985
-2.450636866580692,-1.9041555770513339,1.2025591247447565,-0.26445412989920297,-2.0770190362411216
-2.4479445341933808,-1.8954874301987137,1.2007261895833263,-0.2662309381608681,-2.096237116659944
-2.446465322145021,-1.8969666415731752,1.1839343607821011,-0.24240384278337038,-2.107805463313853
-2.450351234582756,-1.8882134474774166,1.185094354593103,-0.23691904500624436,-2.086319053950433
-2.4618101761534787,-1.8811422323305433,1.1927133571275672,-0.25220922207904606,-2.092457966806164
-2.4605364035430117,-1.8761342618687384,1.1862572129956974,-0.24874206852455413,-2.0794804723601867
-2.426855207178713,-1.8887768704243901,1.186814207644124,-0.2495313642640964,-2.0792089854890787
-2.448143312121313,-1.9018962716180592,1.1871169413302791,-0.23024065006990851,-2.0763479385063466
-2.632967726749975,-1.4627277460597605,1.188426146555403,-0.8814513061948076,-2.098663014303257
-2.809172005145167,-1.21893554499625,1.1752305115278794,-1.450329325640733,-2.155682005023188
-2.771827067143031,-1.555945637481093,1.1568750093790816,-1.289651790067702,-2.1593898015129276
-2.731019718561779,-1.7382930829718486,1.1336116665796703,-1.121077479201503,-2.1548739910385537
-2.6643094244271195,-1.84363739785627,1.1215516139162012,-0.973618790635931,-2.1493350457009894
-2.5996461928347885,-1.8881464115893347,1.0943148925006987,-0.8298218982776054,-2.1415788719743643
-2.5249754171114924,-1.9145995202279784,1.1127496616418036,-0.7129969733298068,-2.140050201420937
-2.4947942609903015,-1.9202888467350523,1.0981277301906787,-0.6160315042571528,-2.1411565720613432
-2.4645063204698845,-1.9259378433335292,1.1194931460205504,-0.5269387734818181,-2.122384077986357
-2.4534731937320227,-1.9031039190251098,1.1153264881813223,-0.4646340797063091,-2.1040572061139198
-2.4327613626403792,-1.9064279254881595,1.1515350776627922,-0.41856294593375526,-2.104865632640436
-2.412816596922148,-1.9087970846811186,1.1408978459164019,-0.39742546103027054,-2.0953910060774867
-2.4184104771289854,-1.889309108812138,1.1414476567841856,-0.36950402905634494,-2.0928751995788697
-2.405501374351635,-1.899976385093562,1.1394033838726003,-0.327538246856377,-2.0852416243613514
-2.397417173771482,-1.8969431966428156,1.120630864033119,-0.31637743923190104,-2.0782621364836134
-2.3909446037643707,-1.8913350764057215,1.1310519242460801,-0.3029923133065314,-2.069225299171954
-2.4182568961086077,-1.8854140986998364,1.1357448097305813,-0.2812910450969601,-2.062595846115897
-2.424249787855986,-1.8993166968358062,1.1413396468445491,-0.2753581665912472,-2.0854065199222838
-2.427828876166466,-1.893393870478925,1.1432304529393325,-0.2773165914811434,-2.0880542071162176
-2.430101909121914,-1.9039480420409949,1.1554100603891015,-0.2566292060754403,-2.083737545278049
-2.436797406231861,-1.8947948224520672,1.1694064984108052,-0.24140879679705254,-2.079796767433578
-2.451165665758253,-1.894988707170082,1.1562524148920534,-0.24105231102219515,-2.096662766118993
-2.4682122477169957,-1.8939486059434885,1.1462725799849853,-0.2152595211965801,-2.087528596680868
-2.472178358007773,-1.8875399588324888,1.1569887020892635,-0.21042257490908056,-2.093222060419959
-2.461153725895264,-1.8915174115535298,1.1587512610796578,-0.22601169191395123,-2.084767723428795
-2.433767081789129,-1.8934696033099423,1.1583971874149845,-0.210893409208088,-2.0730215347166827
-2.4522908991741517,-1.897352457780305,1.168976079521597,-0.20130607159322722,-2.0743965965012165
-2.4251740347351562,-1.9055765217922547,1.1770273644450848,-0.19494624492529433,-2.0729246000696104
-2.4389783982042506,-1.9186002417383627,1.1623104445351016,-0.21300695902430408,-2.077730616258958
-2.430527255595942,-1.907962642785048,1.1677683577720237,-0.20041873369152957,-2.063837939491144
-2.4267816623392586,-1.919615924065167,1.1841809794078537,-0.20502448481274638,-2.0589996186228117
-2.4285245786062744,-1.9207328211298034,1.1666015073292189,-0.19201862490869515,-2.048325915530104
-2.4239606297412943,-1.9172453372867169,1.1673515298552388,-0.19056449660939578,-2.0548615948953173
-2.439136278942194,-1.9296818485576013,1.1866812988122089,-0.19863372197542117,-2.0441548948493935
-2.4314136116820944,-1.9253940497687898,1.1926087376115164,-0.2184639893437001,-2.0469767223073836
-2.6185333050835986,-1.4656670787469233,1.2120109706121645,-0.8946252954895263,-2.0544880059613946
-2.793835930542147,-1.2094683418495749,1.1862301002982882,-1.4558279698351182,-2.09263890346123
-2.7603066404491967,-1.5589614101809888,1.1546834364879637,-1.290024766626632,-2.1208579731588975
-2.68749423345312,-1.7429712427819746,1.1120235711735682,-1.117870176832991,-2.1388914462811575
-2.649080051885999,-1.8587237678280446,1.1074413359000674,-0.9607363173121479,-2.1250088102266114
-2.574481259392282,-1.9206100879481458,1.1196707240282977,-0.8222526955109606,-2.129762712665037
-2.5106256017317232,-1.932454482414999,1.0949747869368973,-0.7160731378865535,-2.1207741097806276
-2.4652418982344226,-1.947865328230897,1.1189551510898965,-0.6137302637347062,-2.118225507639536
-2.4383693794787398,-1.943917187209714,1.1401700788263434,-0.5529975579830875,-2.117654002866368
-2.4207083817756447,-1.9131277014392405,1.150569676198145,-0.4876913302534124,-2.094080195117158
-2.4041393640381115,-1.9112883669794034,1.163193563221609,-0.4336241160342319,-2.0938615694870713
-2.392389588428935,-1.9003817292471135,1.1599669672065218,-0.4080303300244707,-2.0832937852846896
-2.390846865213026,-1.8816751618535805,1.144721672371088,-0.3566675733775366,-2.075606558961139
-2.3785627387054267,-1.9219292608844003,1.152208838154063,-0.341280673166808,-2.0880872568640036
-2.3979626130489615,-1.9203123994777158,1.1554347609447262,-0.3212825478654224,-2.083903807030711
-2.3890888390766896,-1.9215908239061923,1.1489798813899499,-0.3041382289407629,-2.0656227860906373
-2.399575419254817,-1.9109374189262798,1.1416245213443124,-0.28528912918242627,-2.0665456757770158
-2.4294101483642625,-1.915288392851847,1.154541636622549,-0.26628355036538115,-2.0818011760555755
-2.4368139206822206,-1.9178699903262995,1.1520175405422706,-0.26206908140430085,-2.0737534012585725
-2.4252710225165806,-1.9397250546866516,1.1532395293639435,-0.2644078277781092,-2.0625996557348247
-2.4296690211940373,-1.9394873324993416,1.128321872294897,-0.24903459180115126,-2.067390031424569
-2.4312252501568445,-1.9238406943244288,1.1325391616148173,-0.2510834213363352,-2.056761200497699
-2.4280248807471985,-1.9275798827691029,1.1294836877542505,-0.23532371979900887,-2.0451480104103195
-2.445677482480374,-1.9243623884402805,1.1236414558267598,-0.24459497530243526,-2.0627766475863223
-2.447598329636039,-1.9295357923261043,1.1310786182954837,-0.2420178319784209,-2.0611233836077547
-2.4511078588978408,-1.94896996293696,1.1647706660530905,-0.2142348000491254,-2.06149350542757
-2.4513043211507135,-1.937767813557059,1.1589781496574905,-0.22637856322873992,-2.086011938671353
-2.4576674024560368,-1.942539087046555,1.172410710906358,-0.22485895087809457,-2.0986630855272637
-2.4494915408560667,-1.9194405888236752,1.1693747875418687,-0.21107382181068718,-2.070880810523083
-2.449270305803055,-1.9291945168685667,1.161641709317406,-0.2172068880740111,-2.0538474798134385
-2.462362995942181,-1.9093255189255907,1.1617470096731621,-0.22307449206477056,-2.05160657304306
-2.4633501653459002,-1.90638674165185,1.181168732728996,-0.20594924841167697,-2.084288509840251
-2.448988284788045,-1.9131336811339754,1.1812370089681488,-0.20015694782139815,-2.0747919656111913
-2.4416777461339683,-1.9240015196681695,1.1913684177535202,-0.21614677429663784,-2.0853704907626263
-2.4421491935755757,-1.9180994011197505,1.1968968748129634,-0.21936320161054454,-2.0881388232771276
-2.4526941583364725,-1.9247790216054061,1.2090180274619073,-0.2133557678828295,-2.076149454210804
-2.460293123003885,-1.917172238192046,1.2067489316234952,-0.23429261845111235,-2.089599330267808
-2.4467879296426243,-1.9040815085192464,1.2005238888072245,-0.21945803408517153,-2.096151843380234
-2.44442832114161,-1.9268994452431707,1.208991991824815,-0.21291603731287378,-2.0685542031071367
-2.4270119331679028,-1.9319031322189466,1.193896604441299,-0.2206583442205782,-2.0917135297256393
-2.4359510586495943,-1.925155825680595,1.2107940373015524,-0.23315365429946067,-2.069853959522032
-2.4361848901964924,-1.9501542258182485,1.2095575257011848,-0.20942766702398935,-2.076805762838134
-2.429011875031925,-1.9537003993083963,1.210268295752187,-0.22048178353992542,-2.077485315057582
-2.4301337414860154,-1.939440504422848,1.2100446983161492,-0.23695555672513527,-2.069329640829983
-2.4320853048215083,-1.9494279065531808,1.2295712696903236,-0.23680422548949778,-2.0588152815430236
-2.6170188557143357,-1.490530448378344,1.2283577970444575,-0.8988289153932907,-2.0807008540169765
-2.806809595625191,-1.2202458807132008,1.1924948307680585,-1.4502331556659926,-2.1231693217991863
-2.7485410468634908,-1.5691959616028155,1.1714857691496658,-1.2886459833215071,-2.1431675919819972
-2.891892803194179,-1.281328509229439,1.1406774734040255,-1.7497919103246327,-2.1469637511758477
-3.012965641282324,-1.1573582161504943,1.092761220533655,-2.1635918104246157,-2.1734659367862865
-2.89778120359959,-1.5560047027265116,1.0817058585008106,-1.8591052344460661,-2.1816226510120815
-2.772813584250921,-1.7831974615915769,1.0776996569540547,-1.5875753732181457,-2.1803137949874065
-2.6921190694514503,-1.8708194882370714,1.0498844612792408,-1.3279904882443747,-2.1740551194512294
-2.5932759789079363,-1.9176330207462586,1.047528227162171,-1.106455398145501,-2.142665462471857
-2.715991127492192,-1.4691345053413003,1.028631811143155,-1.6306547049290627,-2.1328931265067927
-2.849526395996192,-1.2156467401361322,0.9996678788883556,-2.0345766623188206,-2.1260515040182133
-2.771363710512117,-1.5641656644115134,1.014151231649061,-1.7328278205237786,-2.1537520158965577
-2.697361910122445,-1.748187482162548,0.9962333377853418,-1.4603428705714203,-2.1423193417151745
-2.613826920843051,-1.845118328995272,0.9947481205551553,-1.236493141157589,-2.1425173062027856
-2.732312727782333,-1.452498422468826,0.9799179906488396,-1.6857793317324348,-2.1386760682067485
-2.8587544867028374,-1.2057100727720398,0.9728302721646186,-2.068883877962872,-2.1293297091774885
-2.790574690867373,-1.5616651120216596,1.0008040442524722,-1.7615086170901042,-2.142460405254094
-2.703670257925095,-1.7703074516162034,1.004493070894356,-1.4853622565709448,-2.165679759846589
-2.6198898902859638,-1.8584039491404842,1.0158458462826137,-1.2557853429600672,-2.158338089950575
-2.5423810193168275,-1.890320660185982,1.023457271337664,-1.061784261993196,-2.145381174380595
-2.4977821923104013,-1.9015414651993974,1.020257522873546,-0.9084209751241228,-2.1133488741607693
-2.45382828717166,-1.903078834462886,1.0125051870511796,-0.785587984439268,-2.096787635267604
-2.4208242763711407,-1.9043959090416334,1.0099378443607139,-0.6828820479416234,-2.0878721746229103
-2.383588199412561,-1.885797576682602,1.020027999207155,-0.5906464502587667,-2.0719850335496415
-2.3995607990698957,-1.8738964562801088,1.0448187606303234,-0.5078663062353912,-2.073920979227459
-2.390691360064749,-1.888751563384412,1.0704345099324766,-0.4386271591567089,-2.064794822108382
-2.372585687289976,-1.9109808206306036,1.0694883191431939,-0.41615998232715357,-2.052912587284894
-2.382428138629234,-1.920754842806532,1.0621333655428449,-0.3803412880507576,-2.0543082179166716
-2.3821055063122865,-1.9172765168691952,1.06143886483218,-0.32741897943342085,-2.0516248089006046
-2.413367085017056,-1.9187184130441024,1.0770663955125934,-0.3057671017815974,-2.053048155685458
-2.4183153561969175,-1.9186687290772824,1.0737776400993349,-0.29330915179835954,-2.061859320301224
-2.4177447720642435,-1.933782683702393,1.0609417183515093,-0.26913491150745206,-2.0396418949300545
-2.416491187356837,-1.9448544919023032,1.0683564474564926,-0.2550703394233316,-2.046359749187854
-2.4359738015302983,-1.9514755964459096,1.0814033347881966,-0.23141462613189012,-2.0584193075333075
-2.4374737613960047,-1.9359161563479845,1.0778338206823002,-0.22332796156440363,-2.0405301776726095
-2.4379408079429905,-1.90941354935239,1.0854602352505347,-0.20304243816843187,-2.047506944265851
-2.4355657569815503,-1.9126640408425124,1.096860286685998,-0.21045658084758645,-2.0697022245670467
-2.636309551213455,-1.4559407927515975,1.1338201496231446,-0.887637312257069,-2.090138028119664
-2.8177158269218796,-1.2113220631982713,1.1329415992102057,-1.45393632670122,-2.122568091405733
-2.767687860561071,-1.5590428564401972,1.1058615404072154,-1.2631981215617858,-2.1405412530915764
-2.7115934906782515,-1.7599844798272877,1.098567112207615,-1.0834374273785954,-2.135365555492467
-2.659573441306164,-1.8440195817449683,1.0907994882345131,-0.909333347045033,-2.1230573685212275
-2.5905154708522713,-1.906563002410608,1.0872202499827597,-0.7992268189596557,-2.136694948790933
-2.519594618021229,-1.9175478291894281,1.092032940923315,-0.6795305765691927,-2.1125693726692396
-2.493252464364924,-1.9182629482632705,1.1081127127591237,-0.5820295549994458,-2.0996930369288602
-2.470561772472288,-1.9325266398826582,1.1059904984816333,-0.5044185383054934,-2.080733850855387
-2.4396987279492017,-1.9257064200104168,1.1288534367525898,-0.4680964342169264,-2.0805980927706784
-2.442227698936966,-1.9376685043341348,1.122971632007554,-0.42606956398534007,-2.0904998543511537
-2.4362237334140926,-1.9318454901186393,1.1504820819276695,-0.38467603370021275,-2.0654742786873914
-2.425069684444772,-1.9040860656342888,1.1479095252706704,-0.35725678221833684,-2.074738118767481
-2.4318384779802726,-1.9088975743554972,1.1425419594258717,-0.3439984100271081,-2.0709109086128943
-2.4444876113263954,-1.9214891212955911,1.1577778776389167,-0.32056560339394424,-2.0866874627053944
-2.446024451914579,-1.9278170865083797,1.1639011514871698,-0.3190903031105381,-2.1065733438525838
-2.438086115611042,-1.9194852278189434,1.1440186687241363,-0.2969666943849125,-2.1067765997024575
-2.42021427910201,-1.903085179822598,1.1347694334918923,-0.28502299907649153,-2.0819787667933918
-2.418948135627251,-1.9033735649906343,1.1534228490823295,-0.27467347533678393,-2.0665838296992383
-2.4235612225358873,-1.9191640485921893,1.1375850993064798,-0.2634886081441143,-2.066686952932996
-2.445119272597682,-1.9311432596444382,1.12393526838912,-0.2527233478133145,-2.08301368986078
-2.4353363513042625,-1.921995235201488,1.1399894441536158,-0.24625471828148848,-2.066010884830785
-2.438698789098994,-1.9292771642445687,1.1200322342039175,-0.23162048136123203,-2.0752783610604815
-2.4343064967720873,-1.9226421928309465,1.1387548221858672,-0.2154942100948158,-2.0704007015798944
-2.632272553669804,-1.4640283610731715,1.160273749434189,-0.915307906622798,-2.091081544746487
-2.8019463406224774,-1.210421931295992,1.1386333506596433,-1.472282195112342,-2.1213525981337664
-2.7643384951894197,-1.5510348966209557,1.1194002519250512,-1.317470518408187,-2.128475186189563
-2.8921678346169544,-1.2838195491435749,1.112340119174197,-1.7821692856724494,-2.1359573158876453
-3.0070769333635208,-1.1067433525799366,1.0687826106372562,-2.1644058134019284,-2.151656566664842
-2.926811522768058,-1.5152621253812537,1.07270079578737,-1.8299365557295597,-2.1573392789220303
-2.8210907957119473,-1.7355730078249738,1.0540954908956066,-1.5579017675413611,-2.1672739075925627
-2.6971063185783137,-1.852726002893653,1.0318888033059241,-1.2762699156441064,-2.1517709283152087
-2.6141351932417343,-1.8700923946325074,1.02272069983644,-1.083742625695042,-2.1443147309369714
-2.5364152002579567,-1.8881213569150617,1.0168768574346134,-0.8956707591427486,-2.1254619729852227
-2.6798182569782916,-1.4455604104633564,1.0273930933246784,-1.438982298710579,-2.1040385449717713
-2.832621054586283,-1.2014323799066695,1.011005004225267,-1.9047671195831661,-2.1076338244047435
-2.7643199700119743,-1.5372189950164814,1.032141565122769,-1.6603397919667462,-2.1413987536092858
-2.682558596794049,-1.7334998423732457,1.0196956468574319,-1.4074549218739532,-2.1490925130000487
-2.6030373827896223,-1.824935196573988,1.009841782254479,-1.199670272342159,-2.158930049959143
-2.5551083222794677,-1.8643959597374713,1.0382864530534652,-1.0024545201589152,-2.1493734829270488
-2.4933970467323148,-1.899259985230964,1.0286214163961616,-0.8519835292628609,-2.1208140422395547
-2.4473950510219655,-1.894429888622188,1.0422375395032697,-0.7404870496021964,-2.0968940511184657
-2.419144183927045,-1.9129949395193877,1.043446747085465,-0.64240685368159,-2.0937547748193146
-2.4104940365759737,-1.9090156273433159,1.0434749596331752,-0.5490429212067267,-2.09563622283976
-2.4009800609590646,-1.9116128660729708,1.0495258183921476,-0.47246760597653165,-2.0647137664972925
-2.3809569608526866,-1.890708437766477,1.0790431064148591,-0.411612651469643,-2.0567094719772596
-2.3850248486469474,-1.8906897804094505,1.0941926976839813,-0.36158312977105067,-2.060190372831082
-2.400989935767264,-1.9079828734570456,1.1009878273875577,-0.3271848692071675,-2.0808476522290036
-2.4076018518525397,-1.8998366445616854,1.1093404387661654,-0.3136692246754415,-2.08123804625538
-2.43124799734121,-1.9095879062752443,1.1252560714179403,-0.29209723714947183,-2.085268822353379
-2.4486801201255335,-1.921091749549315,1.1179138971238758,-0.27628378059576897,-2.100470128067096
-2.4388976679735865,-1.9179175330341087,1.1177864251797913,-0.2892655878649108,-2.0726566912360784
-2.425075546106288,-1.9443125977847007,1.1315410032679247,-0.25059565818872365,-2.0718634934354876
-2.429293396689915,-1.9163898486568673,1.144464230925202,-0.24641110047437842,-2.0533342936885255
-2.4291501824079123,-1.9252099883401819,1.1349767188270128,-0.26492265431181716,-2.062513289907427
-2.4344793873639,-1.9149521312380706,1.1382251535434724,-0.25481042433473267,-2.0627257627307847
-2.6269588264659736,-1.4573822243415184,1.1337276509994803,-0.9288574625585377,-2.0832700648456193
-2.828505238265839,-1.2014740385886449,1.1233943211741282,-1.4689740553225612,-2.110218935736918
-2.9732368830779756,-1.0850979952191004,1.0728801009472175,-1.9310400523106905,-2.1411056494653775
-3.0865480187775973,-1.0149279842715768,1.048046247687934,-2.2690502036221125,-2.171967085439089
-3.1483400828277714,-0.9979251863294215,1.0278146388086686,-2.56349271062258,-2.1876927717790178
-3.04072334802846,-1.4916124123066445,1.0105950333414426,-2.1736255557698523,-2.210930908472432
-2.8918429616311805,-1.7299438011852006,0.9998897753172988,-1.8323716310228324,-2.2138677365577775
-2.764514464861648,-1.8741660332788432,1.0065051271482401,-1.525217808838351,-2.2253168441974376
-2.6591670350018095,-1.9288124366741422,1.0066191943127965,-1.2724816991512957,-2.1934845682332718
-2.5459382830596833,-1.9301978594847546,1.0238382123894485,-1.0655839873387292,-2.1767141315719427
-2.492377177456568,-1.9391178346432538,1.023208933156121,-0.8775618629082413,-2.162511078328371
-2.440377117580085,-1.9281929942346057,1.028995716867149,-0.7537753333610967,-2.1413470239535344
-2.3895041883560584,-1.9150716435578208,1.0306398139519002,-0.6337275139739293,-2.1237595605235167
-2.3766324922421713,-1.9092584330255147,1.03514645350528,-0.5533659513502472,-2.1137776508519717
-2.3714454757527106,-1.8854836421075585,1.0608045683185436,-0.4950417700551408,-2.08972599110383
-2.3556293346405486,-1.8925680866430914,1.0647683489736013,-0.43693373655644424,-2.0633958232591576
-2.358352347643763,-1.9003649758343222,1.0941493503248643,-0.4039598362437899,-2.064045793031418
-2.34981495252874,-1.9197799875043369,1.1040839835881504,-0.38897346879927747,-2.0570890952399887
-2.3723226840384566,-1.9368646753748622,1.114900958087316,-0.3485738021481644,-2.069147371510238
-2.3800902141038724,-1.9422813214631283,1.1237760539097017,-0.29937930826858333,-2.064312856508246
-2.3941557616122355,-1.9497461355206636,1.141789716962058,-0.3025451385644853,-2.064787342772272
-2.5997891602933354,-1.4847743314993824,1.1687191143124587,-0.9539530019243438,-2.0813350162066224
-2.767525519715655,-1.2293582823250115,1.122627285356029,-1.5122943131967281,-2.122629332466099
-2.72533595224692,-1.5910899664544196,1.1278061233847627,-1.3235349751641525,-2.1336985269675113
-2.6814300768715356,-1.7915463308953101,1.115352578642721,-1.1540702911859695,-2.129089087385317
-2.6177457252697107,-1.8572539600179376,1.0969656692743415,-0.9920967069291429,-2.1145830858434493
-2.5627852809665415,-1.8869291969058304,1.0802193763552153,-0.8356110273453471,-2.120969033396068
-2.549513661766738,-1.9105149509038104,1.0740875291486267,-0.7164153815422392,-2.126253848398291
-2.500479074995686,-1.9078308422452943,1.0745965986336765,-0.6016907055116796,-2.111284281233118
-2.473858274075572,-1.9129987970843303,1.0984759333571952,-0.5025540147132099,-2.0963320737626314
-2.4663471718255057,-1.911888852159851,1.0974855154211174,-0.4490111090185921,-2.072052015315869
-2.426598760707253,-1.9259279325015113,1.1333632116402763,-0.4114436360608288,-2.0855057584309264
-2.4072750761144843,-1.9155894537601865,1.1360717813159305,-0.38868260102524926,-2.076224432759942
-2.392674804162382,-1.8998151844531643,1.1366382946728177,-0.35493506737586517,-2.0461010045341115
-2.3903597967167673,-1.88531693433439,1.1383794957795828,-0.3427571989062758,-2.0697438228119966
-2.3992600832274635,-1.9036689295348503,1.130064268331327,-0.3346317808258862,-2.0640502987216442
-2.396704194835104,-1.9213554552072238,1.126069336614851,-0.29604621236777223,-2.059764347088492
-2.4147491011065885,-1.9081355084377554,1.132603810699381,-0.26939643043618494,-2.075641481829606
-2.438848326933483,-1.9246720844389789,1.1319925263199222,-0.2666097374811127,-2.0705332767974354
-2.4273378483969084,-1.9137373411594394,1.1372635703820568,-0.2548465611453518,-2.068787727121774
-2.448090149618695,-1.90279864474983,1.1291436985236711,-0.25208896125439306,-2.0632720809785083
-2.438548946938967,-1.9204362266205426,1.1337416586873206,-0.25228142540218595,-2.0641632666849987
-2.449085454151528,-1.9264103136556812,1.1371921444474504,-0.23552094700935203,-2.0495241698804807
-2.4533644873795932,-1.9295273310130672,1.1579080303113123,-0.23320235392227057,-2.057150981567849
-2.4480719119032273,-1.9461961171663922,1.1546860434228614,-0.2141465827659125,-2.0740853511015596
-2.453459272948456,-1.9392527377275273,1.15266684757877,-0.22040626953271808,-2.073838443102428
-2.4553990111162207,-1.9572258024099571,1.147731184739908,-0.22008477785975267,-2.0618640056450697
-2.458368281767614,-1.9435922689448613,1.1585718908854303,-0.22679335334902873,-2.0539502678709733
-2.463577090556653,-1.932883979052033,1.169882792825789,-0.21770982335565842,-2.0778196941307767
-2.4612001697809105,-1.9432787185822393,1.173494795246622,-0.24172504121924654,-2.0831547565646122
-2.4516466614694443,-1.9614499242522843,1.1803018415017923,-0.23141827653856084,-2.090527840720197
-2.4571891351742634,-1.9559139862901695,1.175370683021155,-0.23229954003299078,-2.0953323558641963
-2.4664785244150176,-1.938744530689669,1.1651169598643127,-0.23325672380521334,-2.092858735187998
-2.4479080189901747,-1.9403512548348554,1.1928250856072036,-0.21121516059612827,-2.0839986598428464
-2.448580176127162,-1.9280013946760166,1.1810145496271232,-0.2207185496497082,-2.0700087167087147
-2.4390080869502238,-1.9207091774939766,1.1831168118323807,-0.21548969058777576,-2.0550740667552625
-2.4393677020225266,-1.9333549833378347,1.1969026238705407,-0.22144930522988931,-2.0587468700306117
-2.4328963589938986,-1.954244938935866,1.1676185691275531,-0.23354575047583023,-2.0627393827463587
-2.611315739334929,-1.4806115238488309,1.1727746202224345,-0.903294361991211,-2.0762473587348693
-2.788580366867453,-1.2072250534754216,1.1470245539210846,-1.4543855597763005,-2.09867606262386
-2.7471970966683736,-1.5420122514261132,1.1204668828845437,-1.2982406319489128,-2.1018761887942987
-2.7148547733667763,-1.7317788995507295,1.1102817596033554,-1.116778705062291,-2.111992003194863
-2.640076474169515,-1.8314589538352284,1.0940544231879792,-0.9683957299753254,-2.130751539307652
-2.598463145543932,-1.8747174080000408,1.088421584390037,-0.8205067111971142,-2.135074262803208
-2.54043783460262,-1.9125827598351524,1.0848612767652899,-0.7039671755155079,-2.1267306591149127
-2.490278442407056,-1.9282677915968949,1.0988418354443816,-0.6323185544976115,-2.1180258968764787
-2.455161264205702,-1.94017955027323,1.1126244100095075,-0.5302344022212202,-2.0924134322177332
-2.4318497139656254,-1.9181142186308546,1.0983535331059864,-0.4764158683534235,-2.1062319719318707
-2.400407065940135,-1.9311406156591953,1.119500801594366,-0.4319223163849239,-2.074660746327529
-2.387910185734784,-1.9329494379701608,1.1227966917524284,-0.38803242724753834,-2.0575839858562217
-2.3960281043813225,-1.9260245079440035,1.1217015658663148,-0.3417249293069321,-2.0638771665968147
-2.393578693396259,-1.9383124177512365,1.123341608612297,-0.33867654315788664,-2.0690343529611126
-2.385986342144509,-1.936534689263809,1.1222449589708523,-0.3012066754650789,-2.0505910744258276
-2.394423589331364,-1.9190893667461897,1.1052086893700503,-0.29660250638864155,-2.058567287889968
-2.4064062474351138,-1.927349286904567,1.1318958518160165,-0.2844052753581548,-2.066191032642748
-2.4113976166855453,-1.9431222505084826,1.1279365044111533,-0.2806763240053818,-2.0709745655197476
-2.4252734135178144,-1.9436623136430178,1.1306538781161544,-0.2471233921834795,-2.064359191838844
-2.4303614077271174,-1.9373244601448447,1.1352551970006033,-0.2309850649290942,-2.070349602363683
-2.4416783588041335,-1.9311242246859868,1.1610596298451707,-0.2286246167502487,-2.0483560734987516
-2.4345478899053274,-1.9281092453076563,1.1650972055803508,-0.227850634838275,-2.0552313551232615
-2.433217452364574,-1.915306038717673,1.1545954578886275,-0.24336983419867803,-2.073228462541393
-2.4289931700912,-1.9166500911378521,1.1622651473661865,-0.2552831463960824,-2.0534939371263823
-2.4402765538951274,-1.9076769614566564,1.1587073933353895,-0.23887496927611776,-2.068079772561684
-2.449042986402666,-1.9144633149193035,1.1436993983609174,-0.24823501909008114,-2.0663457044325724
-2.4477100729194796,-1.9136103704482559,1.144000984254607,-0.23327252578119492,-2.0854502063225286
-2.4420982661826063,-1.9055368629967415,1.1665437097072586,-0.22869331862144954,-2.0464393718653455
-2.431390902162114,-1.9248995357086764,1.1506542751840114,-0.22557069667431834,-2.0465208613620125
-2.4437215317659278,-1.9103467845060256,1.1613093051580963,-0.21899148089932852,-2.0583377433588637
-2.438180487485635,-1.93196848595806,1.1560035109350304,-0.22412291047292113,-2.05488920824722
-2.4586782473100577,-1.9234552219787828,1.1741379641426077,-0.21701409743858532,-2.043951578042535
-2.4449615369267557,-1.9350396506072762,1.1715004864108616,-0.21880029397904668,-2.050027434293049
-2.4328473778266395,-1.911189068030899,1.1874932076993636,-0.22273395486304376,-2.036661512896842
-2.4375284942458917,-1.9142733890063965,1.1777173730763406,-0.22012499413110725,-2.0472489530363687
-2.432087784712701,-1.9124543613720901,1.178708885077548,-0.2114502543682448,-2.045821655651808
-2.4355884658200457,-1.9132724336733016,1.17138211969249,-0.2095113569696449,-2.0652191674573612
-2.4558087509243065,-1.9206706199786365,1.1929401578940935,-0.2051318395639195,-2.078865249754835
-2.4422198135253823,-1.9171516608218002,1.2133918326228186,-0.21022172459553928,-2.0533259312721808
-2.4468397504093415,-1.9223047806289857,1.2023286126107042,-0.2005188611220993,-2.0568215215873358
-2.4421100105779727,-1.9355653470235101,1.1988062526648593,-0.20306095869618684,-2.0680006190923477
-2.431683685058309,-1.925583825839218,1.1880804225892216,-0.22252968858210387,-2.060815314741835
-2.457398202541029,-1.933271501767065,1.1945208937602165,-0.21968583780053916,-2.088750502951379
-2.4594178136312568,-1.9353669182567899,1.2129872336281882,-0.2288578467146203,-2.073686246118677
-2.4371446401705157,-1.9279697462675573,1.1992775727384342,-0.238456650499766,-2.0671555777721884
-2.449102426739883,-1.9337625844369772,1.1832230526480836,-0.22762396632454007,-2.073389609997035
-2.443902408818398,-1.9475177735429343,1.1804538049668967,-0.21476945293165817,-2.097944835249314
-2.461602737229419,-1.9430354235019587,1.1884334390719746,-0.22380037308337455,-2.1157686205541597
-2.443851825359563,-1.9442127619356975,1.1802583254328076,-0.20684238058593823,-2.0876085637743764
-2.457669440597765,-1.9559808936209127,1.1716171301427496,-0.2120216404154191,-2.100908698891536
-2.457003633048709,-1.9287715020728236,1.185780937433497,-0.20849531060613855,-2.0736994681466787
-2.4436316510249987,-1.9262877532034928,1.1881900695160434,-0.20476050810441238,-2.0751362378559284
-2.4419688590950304,-1.9267869902483752,1.1884135309573385,-0.22038115149010518,-2.0604548181661015
-2.4464994826664124,-1.924895345691899,1.1991313008706195,-0.2225901335536561,-2.0714878685724476
-2.648340422193923,-1.4706540197138511,1.2021584615121956,-0.9132423375193807,-2.0870784142644077
-2.8293907473628934,-1.2092950828949058,1.1867836995647094,-1.4811373832950006,-2.115623873118221
-2.76629375857753,-1.5783632847746976,1.1609251819192226,-1.3167345508059647,-2.1316550218867443
-2.7171533066020075,-1.7811875995479685,1.1437779286504057,-1.143375786002252,-2.152580789953509
-2.6525263274531437,-1.867408849956768,1.1427212312607162,-0.9574896265165597,-2.1417366137023452
-2.57825893143045,-1.922509062068107,1.1409565199370655,-0.8331625845074184,-2.141212649144819
-2.5299274204477644,-1.9335954375268767,1.1370593454812243,-0.7154376266084134,-2.133628225281586
-2.4876078537524537,-1.942336653419649,1.1239188696275886,-0.6356679941808348,-2.1256623525251372
-2.463868771310397,-1.9403449525869512,1.1154174724637298,-0.5640906354779304,-2.1194858514688306
-2.438756486222657,-1.9394613281443442,1.1170378169144703,-0.5030784105170191,-2.0864280595096436
-2.4387568458212763,-1.93972606527328,1.1398251293991795,-0.46158635731109254,-2.105346768112284
-2.418493678483697,-1.9507071578677977,1.1283320411737034,-0.41114411329750467,-2.0883931952482544
-2.422819737325136,-1.9509393486042617,1.1252916065709175,-0.3821443934252089,-2.0980814295616024
-2.4108485290152397,-1.9399846167173989,1.1327694230579235,-0.3591126506470711,-2.0847966912058102
-2.603791142859308,-1.4770872276120222,1.1261847166479175,-1.003886883401405,-2.1003307410342513
-2.764328682950572,-1.213424308866841,1.1140190199547781,-1.561894695682422,-2.1229600590621764
-2.7271436744207467,-1.5598681910675782,1.0875451895015276,-1.367747719084219,-2.1311129704534504
-2.677049854843955,-1.7602646019403474,1.0705203860674968,-1.1717559217083853,-2.1442335826617582
-2.63291812234653,-1.83663855557169,1.069030373494539,-1.0054126646519892,-2.1139463397325735
-2.577867919839293,-1.8690013508894832,1.045543041376966,-0.8518097880227689,-2.1099884769664743
-2.5335659133682733,-1.9024056779440877,1.047685203575503,-0.713696870113892,-2.129431879029327
-2.4965985247249525,-1.900105525391325,1.04634524149515,-0.6242978585861743,-2.1191482608420045
-2.4525764477622514,-1.9096140231346697,1.0428227172646742,-0.5382130308652986,-2.117389178156623
-2.434186474076766,-1.9071340186987644,1.0597947790947357,-0.4596573215419561,-2.1119059948402845
-2.4185171376466132,-1.9071616690670756,1.0844492275455382,-0.4190827209048075,-2.094828375455455
-2.41664380756599,-1.8843040738868215,1.096793024845287,-0.39472400699838733,-2.0792519713363693
-2.394975042061398,-1.8853447477642993,1.1151271687955677,-0.33238334828597577,-2.0795803221402243
-2.3757086107675707,-1.9081855950556437,1.134250813995541,-0.30810906605635235,-2.0559784666260654
-2.3852480386437835,-1.92798599160693,1.132720091395548,-0.31557773940401107,-2.0860574004967076
-2.417488674576603,-1.9176556607498094,1.138882209234607,-0.2979704726531978,-2.0834137492339337
-2.4203607951522152,-1.921376016212277,1.1299458087024103,-0.29473947945313794,-2.0731028781953267
-2.428292775371077,-1.9220761716543482,1.1405262352864662,-0.2713099073138208,-2.080318869323212
-2.4407001927275793,-1.9162304073615235,1.169672898341548,-0.24288813023137298,-2.060910542151527
-2.4225672520220782,-1.9089381464645179,1.1487407611843066,-0.22995322456127235,-2.0511797118078254
-2.446041198672237,-1.8922176005877183,1.1640545823059472,-0.24078741948549176,-2.065711834226031
-2.4396154445104874,-1.900573763607898,1.1462122232152252,-0.24698476570080058,-2.075083891100783
-2.4486521373647676,-1.9149580758340716,1.1510594676853456,-0.21729291651997773,-2.070818585616363
-2.4328281256767643,-1.9063927069713806,1.1485040780900932,-0.2256150762254621,-2.0825102771177026
-2.4597858533837833,-1.919551956942408,1.1579853409863565,-0.2200159032767701,-2.078426514790012
-2.4562916221646316,-1.893952476094848,1.1540713311212738,-0.22457530638164722,-2.06895783531822
-2.6442627053397136,-1.4561866614360643,1.1653958878293365,-0.9109762394384118,-2.107065429650986
-2.814698948049026,-1.180651188594882,1.158704884002456,-1.4672135678851974,-2.116379536878847
-2.7748913375461464,-1.527605207543168,1.1553924148132324,-1.2989967407602434,-2.128841813019935
-2.7142818977389593,-1.7378115946891288,1.1502398163730347,-1.1383557232535082,-2.1261678324527673
-2.6485404844857405,-1.8516610288862714,1.1185254055772798,-0.9767089588158255,-2.1560102940011405
-2.581673194793388,-1.9016005124933895,1.0931561044775213,-0.8310238049827742,-2.134488792430291
-2.5283181081474013,-1.9297299928414642,1.075327642137314,-0.7040956823346782,-2.116751431448958
-2.4888534323895284,-1.9675047813743471,1.0664417723934463,-0.6276714015790567,-2.119169077042799
-2.447986246363605,-1.9557343828813074,1.0896352462966545,-0.516594082362338,-2.1110456718955777
-2.434990904977168,-1.9374216773185853,1.0998549983353092,-0.4579822641543793,-2.085442533256709
-2.4271583290218035,-1.9160520864165695,1.10847508601112,-0.4112327225005885,-2.0718188461340983
-2.4125443053615574,-1.9349545971827151,1.120591333510672,-0.3794025420851056,-2.0781497281231123
-2.4007266895497086,-1.9265475405410355,1.144811218728887,-0.35296018334036167,-2.0579554929624897
-2.398022619422595,-1.93821509184455,1.142908981795084,-0.330205858844756,-2.070438460078667
-2.391218109590709,-1.9535248591047518,1.158727988514366,-0.3071027150064944,-2.0780338634240705
-2.6266104467990545,-1.4774760212211575,1.1586430967918506,-0.9550863283327196,-2.09157403851127
-2.7961895758113724,-1.2250395757342782,1.1370455097522907,-1.5117383234625925,-2.117728008403983
-2.7552197969961814,-1.5503078403597215,1.1309167655981534,-1.3104568233935692,-2.108801099287796
-2.697364787070657,-1.7387937833547045,1.1052673977130574,-1.138817841798205,-2.1578162326069545
-2.644500596116318,-1.8540317809679814,1.1036228689333771,-0.9777349958006898,-2.1628827461370723
-2.5849058774906477,-1.9107003955341615,1.0897377796184589,-0.8464306520308602,-2.1665673573343622
-2.53631405238103,-1.9558683019042957,1.09414912372484,-0.7185875791155341,-2.134405535691958
-2.4970378403893756,-1.9529937564348894,1.0923400588154861,-0.6172026658324321,-2.1242770075068624
-2.460716995191207,-1.9565498074102634,1.0880663279570144,-0.5370989664400437,-2.1227869220291926
-2.45340411750286,-1.936830886236012,1.0965953344828578,-0.4611943467729995,-2.08934757293782
-2.435485679133929,-1.9331271244104093,1.1095860977164758,-0.4196031053955045,-2.0950334628638605
-2.429594488989522,-1.931251039896612,1.1146994320248529,-0.37244204904288686,-2.093844287376383
-2.4350428276585445,-1.9162292583309406,1.1364732369622599,-0.3402245046906398,-2.0760463319777984
-2.4219297276993608,-1.9024709489862026,1.1330182032275005,-0.31515428465376677,-2.0715946147884003
-2.4074693891780123,-1.9086553643055644,1.145948633555732,-0.3032442846493694,-2.0663621473292837
-2.424051431740883,-1.9049603669423558,1.1543585694212402,-0.2965059132857188,-2.069582202045524
-2.422660367654545,-1.9040739478212538,1.141129573556878,-0.2718339031581185,-2.0539418339478495
-2.4240967933315654,-1.9177286939851539,1.151672304280325,-0.25359135653189774,-2.0502746401045697
-2.440693604380082,-1.9049739791755995,1.145032364985011,-0.25006029426010107,-2.0608521732595855
-2.637768388246324,-1.4788806180714715,1.1559502518794056,-0.9205851361705006,-2.072051684920704
-2.8106680959193397,-1.213206629464988,1.1500048289366653,-1.4609200254644554,-2.102150675248108
-2.7495462006959825,-1.56382231858414,1.1372378696642824,-1.28508613991268,-2.12751836523832
-2.9144097180622084,-1.2718286470499058,1.1130712581771425,-1.7530615797433224,-2.1516722786968323
-3.0108362767909296,-1.1234669982839538,1.068662839825201,-2.140537376575623,-2.1581057294768495
-2.9047631187070384,-1.555821730206525,1.0611091593649271,-1.8334914466711247,-2.1815844548952628
-2.8066689325559753,-1.765101441493169,1.0426292934716876,-1.5297971933144934,-2.1868979833361237
-2.725226590803656,-1.8851871146210613,1.0246162307760058,-1.3082168778680168,-2.1900127837568384
-2.6361420584996478,-1.9245883920130151,1.0170520249031079,-1.1004944478365866,-2.1723626289960416
-2.5511199097953403,-1.9525874499681373,1.0244472860898577,-0.9120915210512975,-2.1526323841125103
-2.5036106764768737,-1.9306749636987603,1.0329506458998103,-0.7476156665556751,-2.1314553487374512
-2.44200738185639,-1.9254873896005513,1.0407544319043627,-0.635552358117077,-2.1240168199084506
-2.427419876316148,-1.9251060295024198,1.0611175522144844,-0.5559714095760315,-2.1461735339621386
-2.4089818569076997,-1.9166272405794802,1.0946428252552989,-0.4945662565560894,-2.123591922051722
-2.4076344734025534,-1.9007272414210061,1.1016215018294975,-0.4418045801598551,-2.114894434354143
-2.3919130045714425,-1.8973639748272475,1.110807127037321,-0.4245574276568806,-2.091651173451083
-2.3758880170762757,-1.9010795027598872,1.1269053738119856,-0.39559087681093513,-2.077240424173351
-2.398650095702775,-1.8974568279960986,1.1473946861151365,-0.3605771366867066,-2.0714651550914245
-2.4058030162025448,-1.9037234514456998,1.1417645531454566,-0.35882151160263753,-2.069017117711594
-2.4159126213614677,-1.9002532474121234,1.1438737642575272,-0.33900936249878394,-2.065162982650203
-2.412445734868095,-1.90765188279891,1.1235765033926486,-0.31592363974359755,-2.055260554100838
-2.3894669433364872,-1.9322950925627125,1.1539150938510625,-0.2885136402459047,-2.0524024325941905
-2.3965745729950503,-1.9308171070905857,1.187026554241102,-0.26610849255507235,-2.0642440414985366
-2.4215452723152815,-1.9308341572393601,1.1592224137125142,-0.24575135433172776,-2.0704012085745376
-2.4198824509249195,-1.9370698545571345,1.1544511459407951,-0.22544430038335847,-2.07050212854151
-2.442077912574937,-1.936946839742559,1.1754926958464176,-0.2334499851098023,-2.0672413500676012
-2.430767334740184,-1.9399605255137577,1.1911891885135726,-0.22329643861705942,-2.057810236211008
-2.4320622920197468,-1.9359743756217986,1.1996031385310524,-0.23526694330019024,-2.0764505689076076
-2.458730263662333,-1.9339019882518773,1.168965292253549,-0.23429305960082028,-2.095094877165279
-2.450550724434026,-1.928399169408967,1.1509348435676916,-0.21279811507821825,-2.0790217112152156
-2.4505487271375976,-1.9274631298849199,1.169964043667412,-0.22568618334428145,-2.0683832490647553
-2.4612078896087377,-1.9339655792735095,1.150792870790611,-0.22035415311604384,-2.086416435757081
-2.4478410733534965,-1.9351507897958926,1.1561017638095508,-0.23224184985759194,-2.0895895386761856
-2.4564138198303276,-1.943627542182692,1.134042723451391,-0.2263666852450027,-2.091476086035386
-2.4474460429424574,-1.9288685144735962,1.1454865222132475,-0.2329917315163112,-2.0837281002323453
-2.434039935532559,-1.9299942755490593,1.1571128965068578,-0.22399033162494636,-2.069148048212953
-2.437649783035802,-1.9180707260302456,1.1438124432227361,-0.2353549805687521,-2.0743096560554273
-2.4441320596734553,-1.9281694315383644,1.1126610504726093,-0.25008384518497967,-2.059499779938517
-2.4419058736140795,-1.9165120743381447,1.139517209944055,-0.23254042835156222,-2.0554950075614298
-2.4343394713306803,-1.9311117136197196,1.13812775754849,-0.2407800335995157,-2.0738412716999224
-2.4366469414290375,-1.9173310438341937,1.151150497142866,-0.2435438168867153,-2.0796572367869794
-2.4462425528065674,-1.909341480770706,1.1741194907548111,-0.21442119922078173,-2.090649993333592
-2.444328707827097,-1.9075115119936255,1.186552422064203,-0.22827700833499445,-2.0554211979467705
-2.4454948985960496,-1.9101957911097387,1.18851062598528,-0.21990425137187555,-2.0506478090100866
-2.4279808811004355,-1.9260510210615391,1.1941844120916985,-0.2168157650412514,-2.0659204864697887
-2.4294924449162076,-1.9234882571397545,1.1864739192314688,-0.22025635224975723,-2.070320441262783
-2.4290556380731694,-1.914300121271554,1.2033532953764472,-0.20820138581102102,-2.067658151719738
-2.44193924054012,-1.9063284185876437,1.2077780878791693,-0.19748184343946062,-2.0608712853116224
-2.4295609172066257,-1.9216998530796303,1.1968389053888233,-0.2053510613357977,-2.0516321830483597
-2.4181383658165188,-1.9297119960698192,1.1954289491166716,-0.24307983132757402,-2.060652943886053
-2.4129863057108922,-1.9186946093181105,1.1754177950622375,-0.23529770788304738,-2.061977762709878
-2.410637365958085,-1.9178768923354355,1.1802964920673629,-0.22370822143373278,-2.044164000845795
-2.421172643824907,-1.922475087319476,1.180889878103124,-0.22474667465098194,-2.07632654386315
-2.614821358937274,-1.4713251000269494,1.1850258796551518,-0.8966308469830764,-2.1009804671251278
-2.79817288479715,-1.2168315787729522,1.1863322745711866,-1.434778509834565,-2.1275718405788875
-2.766173332899204,-1.5486924072084938,1.1561711291114118,-1.2716873336425063,-2.149822599808848
-2.6975694576907263,-1.7683521774986615,1.1469308811604604,-1.1238075167702966,-2.159254150755474
-2.649983585741889,-1.8625298194872195,1.1203478214622717,-0.9468334672199503,-2.1522379016715205
-2.583574241422066,-1.9150881591855582,1.102426494332014,-0.8148454575879369,-2.1404664292630433
-2.5189028052411375,-1.9455193165902038,1.0945475894440733,-0.6936925402848281,-2.1205509999787893
-2.4791863209502223,-1.9457206189987646,1.1055647056439877,-0.6017796617609718,-2.103049319455414
-2.4528359982494248,-1.9311932421690552,1.1200078071941484,-0.5225988751859851,-2.094689645339743
-2.4185481252009744,-1.9440922151942008,1.1273559677966711,-0.46813351616839605,-2.1004503506667596
-2.414070010151476,-1.940083232810338,1.141642089317537,-0.41108554438145883,-2.0986355968643124
-2.4162248403019,-1.9291448875891968,1.1595230358882405,-0.3953939228396899,-2.093970254065244
-2.4014132743320706,-1.935961132383812,1.1671267627052577,-0.3569495221975687,-2.094680731424642
-2.409786326682113,-1.938692091127531,1.191194635319022,-0.32891792349079846,-2.0919225893316713
-2.422487821578839,-1.9388762002849884,1.185706306532823,-0.3059276116792008,-2.082353527370161
-2.4458477299553705,-1.9380389062291732,1.1946261006647332,-0.31096457687388357,-2.079787642484806
-2.4447638415904915,-1.9190409352201954,1.169849493667871,-0.3006158523019208,-2.0961248698155903
-2.456744837806447,-1.92797369611222,1.1907028787403513,-0.2840713762169331,-2.0723099479619895
-2.6415876238638796,-1.4826511731743903,1.171992102408686,-0.9323706859867332,-2.0921804137947517
-2.8061790043454997,-1.2095491742595423,1.1407139363030854,-1.5188645770695597,-2.104358177190164
-2.763122036183716,-1.5761012783695145,1.1387001981592313,-1.3438248835675344,-2.110426817362367
-2.7135242661257473,-1.7403102689334438,1.123445478013456,-1.1438025389737225,-2.117122879350565
-2.658606912386523,-1.8425664284337906,1.1072365019536021,-0.9711577683662659,-2.1327903667898145
-2.589628042328996,-1.8834961049156076,1.0920617004970727,-0.833484133221109,-2.11074877441481
-2.5293693629503786,-1.9159933599569292,1.0804716813335975,-0.7098879702261577,-2.094179082342832
-2.498301400293315,-1.922973438614386,1.0830710687455884,-0.6053931563025148,-2.0997051820388926
-2.4698881826808083,-1.9105674506893333,1.0820788517973707,-0.5407362064724669,-2.0845802226427392
-2.437601469290635,-1.9102373808583872,1.0720186073202589,-0.4460216579774127,-2.0904623792018207
-2.4455308958407054,-1.9003255809346185,1.0988348365136067,-0.3899282075285156,-2.0849199621343617
-2.434921117583169,-1.904302046991124,1.1121728343602535,-0.32968832045991586,-2.0807379478172
-2.4318394136949686,-1.912559736791765,1.1104601543686676,-0.30440916903402127,-2.0962837729469994
-2.4468644790944176,-1.9114373495543788,1.1173450813802306,-0.28203660806584163,-2.0886463176244088
-2.4211563382749857,-1.9144719779824149,1.1283258796980558,-0.2693245665940862,-2.074085105107831
-2.4342365875625585,-1.9125598310474143,1.1235795222451592,-0.25255964579358026,-2.084226596673144
-2.443500026302239,-1.9157187289309552,1.1381352347126663,-0.2501348642546786,-2.0818117478622304
-2.6573687690326513,-1.4768360973970769,1.1526179130676262,-0.9040408809177757,-2.12223404846345
-2.8211708275546066,-1.2176712275635844,1.1190630414910703,-1.4648561600708871,-2.1676214890842873
-2.9690713935896387,-1.0820109885550424,1.0814615011249744,-1.923445886673617,-2.176836760663678
-2.885478684458799,-1.509360600463278,1.0811962887013873,-1.67076941292301,-2.1989793735886813
-2.795295119078909,-1.7335574404477918,1.0727409685643532,-1.4242595783275909,-2.188353154950678
-2.7119324511996763,-1.8447349471750956,1.0411440051366383,-1.2045354917152877,-2.1845461386538023
-2.63975220087446,-1.902911876922042,1.0413692245620292,-1.0207021892952073,-2.162686085794355
-2.571577339107925,-1.919586299484324,1.049343599801133,-0.8654291428624212,-2.1505928837327106
-2.496882705897594,-1.9186985366400193,1.0521150317601107,-0.7448911137922825,-2.126347862628092
-2.4587676439005537,-1.8991343303183392,1.0487831173616182,-0.6364400324177872,-2.1165808824375043
-2.4378101870542337,-1.9103678968148539,1.054058186307615,-0.5745884555774312,-2.110935137013244
-2.4089131478813375,-1.9101724097188,1.0589912208712635,-0.4773446971638624,-2.1129792612365788
-2.4071794616784934,-1.8985801807544322,1.076109975960528,-0.4333949580700867,-2.0749472706485315
-2.3841891467980236,-1.9041574551489464,1.0986328647545003,-0.4086257240239868,-2.077698257017946
-2.3791923903210366,-1.9108689914418957,1.121590818871622,-0.3799058793789199,-2.085897017475467
-2.3877922959884406,-1.8992523946548652,1.1342632386875064,-0.3499950029631146,-2.0863328801630536
-2.398637664876707,-1.9079977162555923,1.1157526291549107,-0.32641717096770695,-2.077289667636631
-2.411789629515953,-1.911458121074959,1.1089052987689985,-0.3042194501562999,-2.0495045129843077
-2.402681012821337,-1.9186278146151268,1.1084352597765779,-0.26101926087435456,-2.068548303435299
-2.406866907926341,-1.9118675118613786,1.1093781617644345,-0.2675631553353654,-2.035487692202209
-2.41028638412013,-1.9118397221591166,1.1166790157474984,-0.24248725650013792,-2.0316000660440983
-2.4270066475945224,-1.8954999715333147,1.1435105373200112,-0.24595133315637027,-2.0510028554886635
-2.6421024638772166,-1.4379523539426882,1.1734654636495705,-0.8895247058945959,-2.089849967658239
-2.813201160176646,-1.1925389295501656,1.1430185029795332,-1.4390978006754775,-2.12036922938356
-2.7849749354963635,-1.5278233178408707,1.1372143442579226,-1.2770603260628823,-2.1419242572430544
-2.7071026607848574,-1.7224432943302426,1.1080782689503825,-1.0962851332262344,-2.1409028931509506
-2.6417776756569125,-1.838579247950151,1.0944950665824844,-0.9457264458863313,-2.1284280058139604
-2.6120983869917493,-1.8874372206046393,1.0756345954061817,-0.8067448247399724,-2.1353823100569023
-2.5594955883775183,-1.9004701040742242,1.1054873488413277,-0.7116895039920815,-2.1269837157951024
-2.5109338119870825,-1.9178684364726148,1.1189114435633385,-0.62930015506524,-2.127989088902778
-2.482458017273082,-1.9260015241484951,1.0974880315577933,-0.5361322564495196,-2.138674691228947
-2.4729084798762675,-1.9181683665190483,1.10291958647311,-0.45720199149989343,-2.122833483042427
-2.4412123262034755,-1.9399409438394017,1.1273165615617742,-0.4108960862430377,-2.1125984940516944
-2.419691560369622,-1.9340513639468981,1.1395394780926902,-0.37236869802762124,-2.113423234119978
-2.4264630206978617,-1.9320953519160908,1.1430931191646392,-0.35086362711664093,-2.098345871064806
-2.426833119123911,-1.930654736551424,1.1491100038156095,-0.3623267523773945,-2.1092252338020763
-2.4174486738402643,-1.9313664723575477,1.1421680839449113,-0.32427811483959196,-2.0841097675934503
-2.4219446100198327,-1.9056594161086517,1.1375812498142437,-0.31246114824597254,-2.0936788851540404
-2.4346107756780677,-1.9119695699057002,1.1401421659964972,-0.2786270277920933,-2.0729271164296574
-2.4166795571380053,-1.9087783253284683,1.1517496599127222,-0.2579471689988954,-2.074857132847638
-2.4278499540362257,-1.9090593506777058,1.153130074264188,-0.2315036859626411,-2.0680307647776686
-2.4293846139188355,-1.9087997871376943,1.1554241935605871,-0.23174898598130694,-2.07594394595743
-2.442704968870776,-1.8947577886863254,1.1598419696744675,-0.21465877851126572,-2.0682399722329876
-2.4422006399469987,-1.90243661985294,1.1709194439362594,-0.20450605232516952,-2.0567766187458827
-2.668095087922986,-1.4514896945584739,1.1942305678986527,-0.8828373017632519,-2.0909709022749148
-2.8250958180402663,-1.192982652356548,1.1437370023164042,-1.4398468232720194,-2.130622779485202
-2.7701614122854674,-1.5431736008316084,1.1348523911263682,-1.2796498835844132,-2.127207668276679
-2.710743195829773,-1.7227823108532907,1.1104493596470169,-1.098869689627209,-2.124280625357944
-2.642907743445634,-1.8392190342705335,1.0850666281505694,-0.9323921021833574,-2.111702671722905
-2.596204869717157,-1.873385582690347,1.1004623533670712,-0.7952163844487338,-2.122662141404545
-2.5582306271108384,-1.8837320907772526,1.097919037641762,-0.6942223080928719,-2.1256634747462
-2.510603269715355,-1.9109546536969602,1.091988310100572,-0.6102622095280139,-2.1167096993368792
-2.4638116442120737,-1.926871483839134,1.0867320869685375,-0.5220491812005941,-2.1023802594121404
-2.431241081336322,-1.9146218389912995,1.0850828705437467,-0.44549526980241416,-2.086196273270837
-2.4391469022774706,-1.9193213172946273,1.0946902418472015,-0.39524277711848615,-2.0941964338461094
-2.4275460947954146,-1.9172229559615108,1.1050601068593051,-0.3667519990615033,-2.07988928552839
-2.4229810572991877,-1.9178013613215672,1.1097781433538012,-0.3298920160531181,-2.0861626939852362
-2.4192131302262734,-1.9049162540424485,1.1191787201659573,-0.3151857487529655,-2.068189779782361
-2.4083331748496564,-1.9190698318569628,1.1160170942711616,-0.3031381624780123,-2.065153819950975
-2.429507978355465,-1.9060637919567212,1.124108544123931,-0.2780102413603239,-2.081840131314141
-2.4130808328831312,-1.8986598307769047,1.1314447166897015,-0.2697075502388169,-2.0613827230500887
-2.404551053196475,-1.9113482476936854,1.1640056573212445,-0.25836721467008855,-2.054130550258006
-2.423701053483434,-1.9038845833231335,1.1638267589225415,-0.23787897794641388,-2.080136990949868
-2.4327055780826994,-1.9130591086281477,1.1585375149145918,-0.22452388836722142,-2.058002476509154
-2.4423410806666825,-1.908035759809842,1.1597283119527129,-0.22061499364279588,-2.063017127684842
-2.642894898646493,-1.456652091011897,1.1750847206843,-0.8846904690259778,-2.087046999015215
-2.8206290625925807,-1.2049849653323197,1.147551847158575,-1.448320755010902,-2.1017185773270586
-2.7809318839754957,-1.5411691279863076,1.1348467113687393,-1.2812796492248137,-2.136647503716808
-2.727993094615566,-1.7420842504518363,1.1097393284970314,-1.1188574434202925,-2.132696701511532
-2.649423217982158,-1.8355302655069654,1.0791166190187502,-0.9703066733864496,-2.12619046394393
-2.5997146259456887,-1.8862912929995304,1.0728834230149682,-0.8120612323175553,-2.1118911999939143
-2.5329716548295975,-1.9059414366317713,1.0684635970240453,-0.7295261941783296,-2.094638802656533
-2.5110476356294615,-1.913666494731134,1.065180138989286,-0.6082900354489706,-2.0870271587790015
-2.463297669766928,-1.9082670955901113,1.0638407459344776,-0.5217035377829746,-2.071529319407582
-2.4439218316054245,-1.9150383257391106,1.0943685891625032,-0.4802131352451073,-2.0535670997933595
-2.4075148549563723,-1.9065594767358098,1.0901828797015884,-0.4416231644695652,-2.064223528095644
-2.6111143252350515,-1.4500326696891317,1.1041700237589467,-1.071576052106095,-2.0775050186293123
-2.758745316607493,-1.188946740396509,1.1172493206183727,-1.5742595425377148,-2.0925643090688166
-2.7170863386865514,-1.5212628155124808,1.0886915928083745,-1.393374145610119,-2.1175647492722605
-2.666452050322985,-1.7329954117904227,1.0901352652952565,-1.21679617720649,-2.1272588753679713
-2.6185327152967846,-1.8115128331780144,1.0999053705725308,-1.0421874895718486,-2.13850267647299
-2.5639957222977423,-1.876129630838104,1.079747162714498,-0.8957861866938861,-2.1399398592972694
-2.5036573935159216,-1.9089897253977153,1.085972430811031,-0.7447354820909724,-2.1256686348258564
-2.4764883609165285,-1.9126579596503466,1.0744749675268563,-0.6453492482960987,-2.125408515748869
-2.449322371136597,-1.925535668721075,1.067099890130672,-0.5714983258606076,-2.100702688082276
-2.4367353192426635,-1.9153408469031201,1.0767874520429521,-0.49069345772368256,-2.0953230013364794
-2.4088808818130714,-1.9147716854325756,1.0905227436726455,-0.42022420471070676,-2.0824766619211155
-2.405724269718694,-1.9136545694548317,1.1098402420186304,-0.3818847724552101,-2.075709492461318
-2.4067002146970946,-1.9045621758535458,1.113554345207923,-0.3479732155221081,-2.0600604573518693
-2.4017284963335164,-1.9061589894621196,1.119252737700144,-0.34408024412388466,-2.057143869559251
-2.4143159810119816,-1.9256041022170984,1.112997517215835,-0.3173837066273704,-2.072947968989563
-2.418294654819387,-1.930020389186935,1.1039187270255075,-0.2904932054257419,-2.071870591989181
-2.4212953686663337,-1.9280541756737772,1.0967688483918483,-0.26461176764231825,-2.0817227330961514
-2.439416191662243,-1.9159241464004846,1.1427626206585006,-0.2610114875176403,-2.09098024324881
-2.4393780767531066,-1.9079871783243825,1.1344203480897441,-0.24435365509471738,-2.0982915642029
-2.4385455738536526,-1.9004880261242416,1.1298839913526961,-0.2346161272817765,-2.0839034887053716
-2.4341887584766706,-1.9276901592934934,1.1324087661949627,-0.23857120681416968,-2.080712532782109
-2.4377036190328134,-1.9301220050564198,1.1379568089687255,-0.2242505424042529,-2.0597474328092353
-2.44423264472015,-1.9121528340486744,1.1493854991119428,-0.22425899654655243,-2.063126790249124
-2.4482926924839865,-1.9290587490761502,1.1636017939848462,-0.2074915635893546,-2.0755970812024063
-2.459026770352296,-1.9362956632084096,1.1759310450368292,-0.20607690071861917,-2.0830359613176364
-2.4558101158562566,-1.946190507949898,1.16146137658383,-0.2039941175095632,-2.0733379868879216
-2.454569989535756,-1.9536948837011758,1.1569046191550862,-0.201978563349649,-2.073566340197378
-2.4581056116617033,-1.9285592937008895,1.1680174490714286,-0.20632485203786152,-2.0474708358014513
-2.653649627301673,-1.488805746806783,1.1916626835590762,-0.8779013356443945,-2.078095525302999
-2.827471981061621,-1.2291580103958524,1.1761753613646881,-1.4306625556073038,-2.106777282734062
-2.772080383461183,-1.5851883805119071,1.1678499211383613,-1.276309759744773,-2.1418713666821443
-2.690385989151294,-1.7626086853128569,1.1511755257603138,-1.1014548716021098,-2.143785362881583
-2.646239420313292,-1.8859506063984859,1.1350107155711988,-0.9391888999356622,-2.1462225405128654
-2.5816997703062277,-1.928270974481083,1.1342221625793976,-0.809877006315111,-2.142081547758032
-2.532891400483401,-1.9564150848265058,1.142259949297106,-0.702686580744434,-2.1422313183063535
-2.4941652829489533,-1.9450813342294206,1.1576070065241266,-0.6211598595521928,-2.125629398547504
-2.454021695288204,-1.9531024442451606,1.1577952128851958,-0.5512105254212655,-2.0965906458265327
-2.420118735781744,-1.9514272763587925,1.1673564297983012,-0.49599438141016206,-2.109946439453211
-2.415551605999634,-1.9258566336602347,1.1742558910420595,-0.4390761549279261,-2.106243959094299
-2.4171424078439054,-1.9279544613211315,1.1598512571403963,-0.42781113579404645,-2.0909075245028994
-2.4046455767336106,-1.9323871779858768,1.1763233019544501,-0.40014189689316615,-2.113262144427652
-2.4044616843648163,-1.9376031846080437,1.1774115539047019,-0.3645967614599941,-2.1061007212511034
-2.4117835983190585,-1.9363117184112788,1.1619565865863677,-0.33923072536381943,-2.1125601093545554
-2.4079842432581877,-1.944747326147655,1.1699849226304104,-0.3410579871077576,-2.099303206940186
-2.4189894856874345,-1.950503202736781,1.1559862773535141,-0.31815428423107944,-2.0877973695062693
-2.433517822369858,-1.9283270938244572,1.1520412353459824,-0.29195006160978093,-2.0913819141057135
-2.448142678475997,-1.9238022612506316,1.1557028460369185,-0.28161836756099673,-2.066033001735347
-2.436016082583588,-1.909754032442307,1.1569177386259206,-0.2483784888205316,-2.1000314750389926
-2.450831447106844,-1.9210302156787091,1.158468055287988,-0.23702095589901462,-2.079116584585471
-2.4605382654816887,-1.9113344329647508,1.1758894258723214,-0.2165083910374281,-2.0733431312299992
-2.455183546310342,-1.8991301579223778,1.1494159545745013,-0.2371050266678745,-2.065077348739048
-2.4493013954376224,-1.9058980541522335,1.1631776120519814,-0.23636642993748802,-2.042385169184466
-2.4464983510392715,-1.9292311411309602,1.1468286779155081,-0.24002104364882332,-2.0484583092192548
-2.4389528781141676,-1.922545820124517,1.1745001036887726,-0.22292539207710013,-2.0642820935870407
-2.4551402811458147,-1.9261843809488732,1.165697866930841,-0.20362301417349168,-2.0790733754809483
-2.454489605441344,-1.921965818657497,1.1715970598318735,-0.21530386018927009,-2.069784502276171
-2.45843205951733,-1.9156994019973062,1.1803095485077422,-0.2248373553169793,-2.0684379788739484
-2.4370643426739638,-1.9249170563707514,1.175089916280718,-0.2203712207580161,-2.0586360586002885
-2.434875419419336,-1.943488271975167,1.1783168354975668,-0.2166779364979258,-2.0800015668647043
-2.6419850181887696,-1.483550417477086,1.2123382802466878,-0.8908881546395206,-2.1028723966230887
-2.8240401424641197,-1.2263414500095844,1.187791021724447,-1.4620707655551308,-2.124701284264316
-2.778784678173774,-1.5506792835012189,1.1531800566573747,-1.28811644688329,-2.136388283784701
-2.7228249034816443,-1.7601580751447297,1.143621556912284,-1.1074808304101784,-2.1373482379027777
-2.652859249453934,-1.853352683381792,1.1364004575757722,-0.9741381899371423,-2.1310289129503066
-2.586311174666818,-1.9062219385847579,1.1292182556943748,-0.8348555803647061,-2.156800570628859
-2.5408183911936506,-1.9192863824866666,1.128149074521564,-0.7178576906027274,-2.1212067952075815
-2.479384785317519,-1.9340825974075326,1.1211574295155078,-0.6428589326048514,-2.1205877808790574
-2.4574180024363765,-1.9382261274687729,1.1224926695081772,-0.5584148454368381,-2.0934361438289484
-2.4306821525572144,-1.905239841272728,1.138663371435413,-0.4908013129847058,-2.0798883554358136
-2.419917876503845,-1.9068849137262756,1.1513863825118065,-0.4323728358813124,-2.072791270529067
-2.4037666597277774,-1.9037877962247496,1.1499564853272766,-0.411835453318613,-2.061959643470518
-2.4159066243449625,-1.9063557465732783,1.1517089667394578,-0.3696409838076801,-2.0651045320999857
-2.6241457504060217,-1.4380912234961867,1.1656020605328672,-1.0122502763921153,-2.0952538209159712
-2.7773511222816576,-1.2000548213273632,1.1554396574055126,-1.5530798061843942,-2.115908390850421
-2.7467342027027453,-1.552283603250142,1.1368411920382637,-1.3787323837288912,-2.127925955436124
-2.6851730423190148,-1.7363348290109981,1.136523971618109,-1.1930762229270733,-2.144585202308259
-2.613629207539989,-1.8471154085126085,1.1072938227715081,-1.0140762073509526,-2.1303095497766953
-2.5757395716112543,-1.8938594576341934,1.1114776485154128,-0.8544792813031409,-2.1191214927669693
-2.5195127739570298,-1.9249210053987047,1.0997367148093435,-0.7587633820053227,-2.123856433145977
-2.667891740382504,-1.4704622617101324,1.0925565720884378,-1.3378655065505103,-2.1230519610035627
-2.8288024702170813,-1.203670045334937,1.0810270314416253,-1.792366592998326,-2.1317593656641445
-2.76732833442089,-1.551809067312875,1.090862747959992,-1.5617083366880824,-2.142577217035901
-2.6805031854392087,-1.7293921949839048,1.0791949246692738,-1.3223337952729382,-2.1370836177756964
-2.6085682822234246,-1.8206519651670496,1.05401082235714,-1.1117700620818416,-2.135511529798812
-2.546652427443412,-1.8881440210965292,1.0411147761178077,-0.9299114994232556,-2.1253397184567167
-2.50507555070077,-1.8965917294924226,1.044922343893687,-0.7927374219450238,-2.1139478615799905
-2.4661278372528685,-1.918072674245915,1.0663202068608042,-0.6703199935933262,-2.093050724644442
-2.427330531248737,-1.9030587652387179,1.0874158818955657,-0.5929890423840861,-2.0841364467985297
-2.4300175706951443,-1.9202004367327963,1.0867480784074508,-0.5426889072770555,-2.0898705291930186
-2.4092302274198416,-1.919050234590349,1.0891649521323776,-0.4504262812859387,-2.0661912779204337
-2.402700052676918,-1.8956544277254423,1.0975502458477404,-0.3992572907426351,-2.061366437472094
-2.4270357983696558,-1.8941190758747206,1.112107725981344,-0.33964217971846156,-2.0577169364327506
-2.423235661043834,-1.8881536453582588,1.1397017508260463,-0.3191464831122873,-2.0501017385430953
-2.420200661486524,-1.9019992792807774,1.1211253016756018,-0.2993702903494653,-2.057469960988395
-2.4258808472556734,-1.9023136805454712,1.1219755734917376,-0.2791282579022458,-2.058614584182567
-2.423000847820101,-1.8998651497912402,1.1198736651254442,-0.27074639227342295,-2.0491932184663812
-2.411885683312591,-1.9020331786868687,1.1287383798008244,-0.25388150654949165,-2.0352541156846566
-2.4234340922769753,-1.908029419590705,1.1252140590049124,-0.24600928556454082,-2.0640508213995585
-2.4187407705945554,-1.9132972350790194,1.1176621763411583,-0.25527510388045566,-2.0676813242739835
-2.4309855427941467,-1.9076070661207427,1.1156777637950208,-0.2420185387024371,-2.0921145683909006
-2.454203487578883,-1.9117324688293857,1.1237497413548483,-0.22773423603042295,-2.0904167226324364
-2.469944003175786,-1.9096021982616889,1.1305873141342861,-0.23594318530420264,-2.0734811588512034
-2.4520451137428028,-1.8983430152181127,1.1601456437007596,-0.2019537331522717,-2.0804571653073505
-2.4520810992720534,-1.9132160461883194,1.156477801809299,-0.2216878003939557,-2.098967231080824
-2.453212586823859,-1.9218270955041736,1.164376709415962,-0.22678603148174845,-2.075956163368604
-2.4721305980594934,-1.9247362207899925,1.1597465836731398,-0.23382586511820777,-2.087990323637766
-2.449896047462642,-1.9460183177346078,1.1672325498269291,-0.20744676214317526,-2.0621141997558565
-2.450554093753479,-1.9266555775999983,1.1739513724223345,-0.20050644584900207,-2.0694882405812924
-2.4452837948104262,-1.9214945382983704,1.166431443225237,-0.22502594316455796,-2.0722494831905363
-2.4414014684919914,-1.9088054116517987,1.171816968091118,-0.21881033148187257,-2.0788340457587116
-2.432956733863394,-1.9094122356600822,1.1743428923479766,-0.2197523469289583,-2.0681211537061817
-2.434691978456072,-1.91545977622283,1.1797201201177054,-0.22564487196831035,-2.0734166261559297
-2.451902508666694,-1.9493137472984892,1.1671806879073472,-0.18919319668976298,-2.0895115418493204
-2.6434518769746607,-1.4929838432898712,1.186690143028069,-0.8640305984374914,-2.120378175243273
-2.7980742861536547,-1.2126409272226488,1.18297340844085,-1.4431853831305446,-2.150083944422142
-2.752247654473382,-1.5512294745067658,1.1663521082193986,-1.261763296679359,-2.1571198629984205
-2.7118107108464486,-1.7563884330826485,1.1485261056864335,-1.0883217575470676,-2.1546925616066717
-2.6268427059586856,-1.8506551662699458,1.1492266490886718,-0.9369310749704269,-2.140517700269121
-2.5895933496257606,-1.9099928821126215,1.1237006751347807,-0.8194497351323703,-2.131634813237023
-2.5322740484880066,-1.9390177488568114,1.1108315106627895,-0.6971653351467342,-2.1458969344083276
-2.490866325065777,-1.9637376048981365,1.1012650973930407,-0.6021814376989394,-2.1326283832590898
-2.454641897745882,-1.93813133640765,1.100045873373181,-0.5123938002782058,-2.091740480259507
-2.434185423283154,-1.9267107160524821,1.1138572777907227,-0.46589981999914903,-2.0798595447002337
-2.413038200672184,-1.922325358475589,1.1263625033869988,-0.42073694225461916,-2.0784208393184236
-2.405069349985522,-1.9196904025348116,1.1262392961583148,-0.38345488728471383,-2.082011544084264
-2.396852173276935,-1.9105233629287592,1.1264116979180314,-0.34561528053293983,-2.068802239022336
-2.393312588403606,-1.8962716888619566,1.1206310433742108,-0.3251136382904315,-2.0431798077442096
-2.607913105581686,-1.4556987993198587,1.1173415022356672,-0.9761401550170711,-2.0845196107035724
-2.7825051232370965,-1.2089621258090149,1.1175251343672132,-1.5253845902501677,-2.1324570851059126
-2.7536585789034893,-1.568477806192001,1.1088168913202083,-1.3289577237385342,-2.154435599952555
-2.6945555594397628,-1.7342421706678206,1.0913542317784617,-1.1494751131165089,-2.1430456413258847
-2.6296974486878977,-1.846403247376134,1.0858595811224692,-0.9982862364909276,-2.1143618514945555
-2.578619988380209,-1.889254834697994,1.0809454481230636,-0.8326195904046226,-2.125656864240536
-2.517775933858877,-1.9162200077063734,1.0870646816074534,-0.7104782032252823,-2.119839056154655
-2.4761681207580697,-1.9353114022436337,1.0936924277462008,-0.6172260243069029,-2.1138651774718062
-2.4485841973460634,-1.920143888809154,1.0972504443169806,-0.5708565180714252,-2.082789885035914
-2.427494804296345,-1.9243238689609559,1.1118551126011302,-0.5098442166791284,-2.077930644314175
-2.4173420709623747,-1.9219837448369914,1.1370042759903456,-0.46114589300698194,-2.08074156108316
-2.3910251340326782,-1.917713144109537,1.126476720343133,-0.4406993620851193,-2.07336990161862
-2.398452819977673,-1.911074182650186,1.136216561497973,-0.3834381478517087,-2.055422413349687
-2.40409147328671,-1.9249660981236392,1.1315712859839462,-0.3581009799456295,-2.0607667372185876
-2.4230052493630607,-1.905225703030514,1.1312406398708925,-0.3390442063939432,-2.056524810270674
-2.616108854783033,-1.4484102681124889,1.1339363999133076,-0.986270891612694,-2.0774332509061244
-2.798835417591405,-1.2016806403575695,1.1209881065957938,-1.5361511608628735,-2.0991073497315558
-2.9383695655078137,-1.0653929985291812,1.0774307135238186,-1.9993575124675635,-2.1384091263229767
-3.047636816088438,-0.9925579329046532,1.0451429041076885,-2.3235676757769514,-2.1563702519009857
-2.933478313250867,-1.4711506052842582,1.048582317869488,-2.0103599068048763,-2.187541423202911
-2.831327531799337,-1.7260141277389824,1.0259578287771587,-1.7084251061853741,-2.202604853351853
-2.721093557968826,-1.875293117799996,1.022626378584299,-1.4299255214057287,-2.187625764105883
-2.8336832577040165,-1.4639497112661266,0.996755695137139,-1.8630022425392565,-2.160449993843022
-2.9433849700029864,-1.221152522955274,0.967823876158753,-2.214707635000939,-2.1402175679379862
-2.8193843729572405,-1.5832503537288058,0.994251715706697,-1.8738978636431531,-2.1546096752524986
-2.715992546834351,-1.7638353052176088,1.0129703273120598,-1.5683816276437605,-2.1740586832532713
-2.6290401245769264,-1.8527981371429918,1.030118286864697,-1.3287870010207405,-2.1715253384643987
-2.5382687693324684,-1.8958508643529928,1.0396546597971592,-1.1302035489200473,-2.1567446488722406
-2.480290021921468,-1.9279393123431123,1.0229588909090959,-0.9433350604838429,-2.1533765267524276
-2.4474936784067736,-1.9290884900048815,1.0329484048717734,-0.8135351673598478,-2.1487707068901303
-2.4173711166613567,-1.9101601615214707,1.0354272901406394,-0.7022945979534386,-2.1230598185469347
-2.4031097997550352,-1.898354194450687,1.061164461983375,-0.6084314348869377,-2.120037245828881
-2.376866580946257,-1.9177846271207377,1.0553367882670848,-0.5251757646808958,-2.102321096585972
-2.362942391626353,-1.910281804512434,1.0570769098151258,-0.4911886507767204,-2.083271094650186
-2.352835279076679,-1.9025743560063857,1.06786661444071,-0.44154982247960084,-2.0572305132538853
-2.370316851947592,-1.920190516404994,1.06672480940831,-0.39703138302819535,-2.0478451393138153
