h0,h1,h2,h3,h4
0.0007758494222515123,-0.6223222268039729,0.6447991832911554,-0.593575031935778,-0.48153023322722405
-0.13167860697991138,-0.9854309568866897,0.8664837976412618,-0.8336684541724987,-0.8786094642059472
-0.3269897901851898,-1.1774601513231087,0.8789186866042894,-0.7591735451422741,-1.1778780339148673
-0.892025235742017,-0.9258449642809459,0.6089400290892514,-1.166146194410646,-1.1912854298188582
-1.2302802368404657,-1.0349751718663414,0.4973546186379175,-1.0337635214836574,-1.3711135833441683
-1.5370534409250987,-1.1247010742033599,0.4228955714938668,-0.8250588337151552,-1.483885060751354
-1.6456613423481203,-1.4441563985606423,0.4300628454527048,-0.28565341515039505,-1.626519876233586
-1.8596855231298175,-1.4333685323677436,0.4379024421452505,-0.26987407768399324,-1.661239091742131
-2.0070722537554984,-1.522347677705267,0.48437785954006557,-0.14425198393306585,-1.6537948641654272
-2.185930336323092,-1.4425635352869945,0.5380271212781035,-0.2698690440197322,-1.6447013580094747
-2.464121923787646,-1.1502321496955166,0.5837105934081264,-0.8234696140223895,-1.5951989508280777
-2.337058690039524,-1.624804699734312,0.7266846077734529,-0.36994370181455344,-1.6488119134724608
-2.2384263916653984,-1.8503109980441454,0.8047556543969011,-0.08198448125348086,-1.678267743181331
-2.2042110631702068,-1.890732186076248,0.8642231779553213,0.05223133014741312,-1.7003790341831706
-2.1192053267556634,-2.0475325551106835,0.9301342932413689,0.3282492955897563,-1.7118363065132556
-2.093115319271209,-2.0521515199625346,0.9910575427652559,0.4285820584391669,-1.7264936067314742
-2.3564512595578275,-1.5715858489702745,1.0295889255951505,-0.30295231175481985,-1.7528808804801002
-2.3224810003527994,-1.7950804181052846,1.0533546139016425,-0.1457216326953922,-1.774638698421697
-2.4873084893106627,-1.5511816944508117,1.0596851645049037,-0.5481809559739367,-1.8334471594833748
-2.201934355988508,-2.1029784117419448,1.1183630431823801,0.048917860389068174,-1.8210786027061507
-2.1485143915630025,-2.1807309709906884,1.1170336786691304,0.26845453598581354,-1.8173381937019288
-2.2920851789681564,-1.8616359027143599,1.1398783717557048,-0.11996741517666949,-1.8687611589424233
-2.3215695500178146,-1.8984347628565774,1.1169899745211418,-0.07718185448365175,-1.8730338284838681
-2.522636934827298,-1.5261546077808028,1.1165297762310031,-0.6340057913820225,-1.934656069260221
-2.4994044384691705,-1.776119037893105,1.0961344111962206,-0.5089963011540153,-1.9578085694127638
-2.568731359170668,-1.7274365229892836,1.0971054299238459,-0.6432229566628773,-2.0045814724961026
-2.5855463244345955,-1.7146884399049176,1.0852763483291272,-0.6788621619097863,-2.0096992005376633
-2.6042787441418427,-1.7151435777075112,1.0768963891199295,-0.7364672815935268,-2.044293053215219
-2.664816879722779,-1.6743639327101796,1.0901871853938396,-0.8773001894338937,-2.09005591463031
-2.645047843733877,-1.7543645064810272,1.0757404580340555,-0.7703731672960583,-2.0867646137772757
-2.4330870452472158,-2.1040409065224956,1.079733034920764,-0.23633384788105502,-2.040187357125834
-2.165020143974076,-2.3961280577268176,1.1349248809078765,0.3513755172829019,-1.9878036344002707
-2.0364146753559216,-2.412780755368299,1.1693088799374511,0.6036853030688243,-1.954720770465213
-1.8199006280494023,-2.5582749401156457,1.2062884440893034,0.9720758874479667,-1.9181520889630084
-1.6652102606155945,-2.6369492850028027,1.2478431993692667,1.2599914527860152,-1.9159131139293273
-1.6614331890417244,-2.5029016816479905,1.2801067710922693,1.2845403201090329,-1.8589131298904318
-1.875686740607097,-2.187142923022716,1.2850945787574126,0.8838249569290979,-1.8857675493590405
-1.9197930936604208,-2.1882173591834,1.2675187180807008,0.8782417498097882,-1.8648889321075488
-2.1886580450769872,-1.821029435899138,1.2722062297251633,0.2879994562203479,-1.9036187128278506
-2.4730885636207884,-1.4335692840630814,1.2456641109088835,-0.4615208645611781,-1.9747964517142202
-2.4117745843866034,-1.8052051658975217,1.1996821626335923,-0.23067814464768222,-1.9457228808583573
-2.3094073461488795,-2.1274472137767306,1.1792708063090904,0.11251584144016084,-1.935094532017108
-2.436812854589196,-1.8999514326979898,1.172744419103328,-0.23160550300391924,-1.9945125921846982
-2.484646067397086,-1.8572715649734213,1.1865066049841781,-0.3411176359697729,-2.010809453496714
-2.6131666235098847,-1.642559708947521,1.1359871489665072,-0.7390744324527864,-2.049823795826608
-2.6760757425753177,-1.6639077236448119,1.1153497060756938,-0.7936515288856725,-2.076791272931769
-2.506758117209527,-1.9972248143832805,1.126566409263181,-0.4163349539331068,-2.048739792730975
-2.6694891161617607,-1.5959503789969187,1.123851228131117,-0.9368499628885361,-2.077742525056053
-2.6841116113922743,-1.702351857326251,1.12670521486767,-0.940576111507702,-2.1213585924040226
-2.7360567108472575,-1.6228503758756878,1.1187405102434145,-1.1311718404018565,-2.1444866838962113
-2.750895264364594,-1.6298501629828643,1.1286971876403797,-1.2266234057405292,-2.1834661504473405
-2.817494069347418,-1.5069320886641022,1.1008423317424811,-1.4319005413320673,-2.1942538011111874
-2.865118250121358,-1.4782419314785786,1.0884168583643452,-1.5831988789854714,-2.2116265055224806
-2.736413431915935,-1.8068056847230813,1.0648080098908939,-1.2317118490513588,-2.192055250036916
-2.375247586713299,-2.319855330206002,1.1202639949625652,-0.4202676251496291,-2.133806741697355
-2.3314314172206156,-2.172688828313096,1.101774203837723,-0.35794648274086366,-2.104505818492931
-2.4927551824014533,-1.7207091980047136,1.1024543965623896,-0.899295116697461,-2.0744087914901956
-2.247941709311978,-2.1163244973118664,1.1309595625275919,-0.3141442891948704,-2.005179430544974
-2.3988555214848484,-1.780342365053777,1.1202208620958916,-0.7274374236344354,-2.0271454266317592
-2.4651503288365877,-1.7088751608971708,1.0964995244110423,-0.8996136890019939,-2.0352139326269865
-2.5693742198883287,-1.6140877829350402,1.108048304678907,-1.0803394576220717,-2.0716331760575746
-2.3938716383528833,-2.0198454809329363,1.1040686597660134,-0.5458309985833942,-2.0335918524522683
-2.126529468863343,-2.3756805941713117,1.1317961310617968,0.0786164381255478,-2.00114393766801
-2.0309408241275237,-2.3716692475485455,1.1308477899340241,0.34711240934745535,-1.975560680514483
-2.148571703865443,-2.05788868474611,1.147462238608327,0.08223329756459438,-1.9764079424242418
-2.141226297963984,-2.0975129377140656,1.1496536051633648,0.17791123625848454,-1.9710678235836625
-2.0448313444862958,-2.238321246587404,1.1546482064274777,0.44147097492652654,-1.9141348422192233
-2.064196086634714,-2.189074838966486,1.1755897934044666,0.49732773003238273,-1.9017127648423366
-2.273262327798794,-1.8607120595518047,1.1874138126071438,0.02325985318532335,-1.9564595473375486
-2.1796553187637646,-2.12569360140205,1.1969982519355635,0.2887449222168226,-1.9186682144537524
-2.25672222167461,-2.023991521212943,1.2031712968780415,0.1312605358916921,-1.956215660394979
-2.252430990751973,-2.05978138558119,1.1925302695109363,0.18576823495599903,-1.9664757441861445
-2.515676376015669,-1.5635763454116898,1.1958819898873374,-0.5495323941190476,-1.9998924980480244
-2.6704006433744243,-1.3860149184991486,1.1636995593797663,-1.0047385791916679,-2.0320648103183907
-2.757451540767495,-1.4405652399806186,1.1415495696236815,-1.2197436963322066,-2.0889056118804232
-2.751681240406852,-1.6374542401993528,1.1102281204494793,-1.1564722482746204,-2.110600145462735
-2.6364980291341165,-1.895627514728472,1.117191363880873,-0.8571791302449654,-2.1192602377082315
-2.6701886158118535,-1.7539671197175661,1.1367329177099037,-0.9877861011690521,-2.139096798299202
-2.7678471209239786,-1.522501722084853,1.1179627166018746,-1.312365225118123,-2.160428356464107
-2.4857428344989465,-2.0728082381286663,1.1446763471126364,-0.6488885839330878,-2.0872865575811006
-2.1689836307252603,-2.4470489464459284,1.1670539905419341,0.036561254680807224,-2.06146762822331
-2.1493991258356635,-2.2670551933463536,1.164854131949792,0.06768869973518478,-2.0421860110333228
-2.0359299495161824,-2.327234428006397,1.1495165626418216,0.31835171344075464,-1.9843503684209665
-2.27735121259742,-1.815774262883904,1.170674912667605,-0.3096999879249794,-1.9927354229385088
-2.168453597211608,-2.0693663636875117,1.1827318941955807,0.01846618796687556,-1.949973909565914
-2.4162930247595913,-1.6277334748390428,1.181550531917484,-0.635381783797825,-1.971601375685907
-2.4259336154390807,-1.74112690737768,1.147034348471487,-0.6119433750828689,-1.9884729428232082
-2.6027465203777926,-1.5358217719275873,1.129830062687101,-1.0363184710532798,-2.051034605393729
-2.5549985373482373,-1.7757681136320775,1.1078486738990514,-0.8621097277424349,-2.060277866464109
-2.6527186309054125,-1.6656631227494292,1.1031680040556384,-1.0561756027875604,-2.1101982844410623
-2.8247378571480337,-1.3596893233404401,1.072579764638192,-1.5339862365039263,-2.1232642224971188
-2.529243631732895,-1.9823099802343522,1.1190938953605176,-0.898971000682109,-2.0738060711845026
-2.353603255150884,-2.19420769500338,1.1299643751003934,-0.4487654554387578,-2.0475318280307047
-2.3659396773824426,-2.083146929856324,1.114879270611919,-0.42428081513341526,-2.0430910450953683
-2.2849055328656593,-2.148544175088846,1.124024183017838,-0.21913107801719767,-2.0338384830563934
-2.443049559044563,-1.7875345323329672,1.1484249267194762,-0.6386616197408491,-2.0595807062174853
-2.6062530538367494,-1.4589210997973643,1.124853740160437,-1.165327287286443,-2.0798896686496646
-2.639065299798422,-1.6139450154059636,1.099420715462113,-1.1492837857609497,-2.1008734219639287
-2.379769790234327,-2.1133865901343323,1.1405676099458701,-0.5037822161038996,-2.046641211465583
-2.290721265121152,-2.1504886117179094,1.1351698026416701,-0.2869563875671137,-2.034150834251195
-2.186193729660822,-2.238310852288393,1.1399974434254696,0.00909654613668659,-1.99994649550555
-2.3037763615031412,-1.9655524122591748,1.136682770453006,-0.23872533876781046,-1.9871278576974307
-2.159616720036188,-2.183390936148724,1.1460028198535115,0.06918912847125179,-1.9685795864374387
-1.9540390528657046,-2.4466108211924253,1.1865493841569894,0.571048763541676,-1.9359526302228354
-2.0448018737893197,-2.2001719392389094,1.1864106347091923,0.4229109693705805,-1.9484585215376284
-1.9900081128609803,-2.2741576348723815,1.1792217296128071,0.5979847397932808,-1.9282000988204804
-2.0968262779639333,-2.1309403562448086,1.1875779936555224,0.4377147086686087,-1.9292466472492658
-2.0712412727252545,-2.1680279112546317,1.1943114428319461,0.5225032600561318,-1.915014452190258
-2.274502711876701,-1.8250572969254477,1.2314963379884771,0.021177090656483447,-1.95284587029289
-2.201954061507834,-2.0896143348647045,1.2231259347898096,0.26201696143157477,-1.9080336390863153
-2.368507067396668,-1.8218176199587444,1.204746644818258,-0.1756582359221522,-1.9701475080698074
-2.1643221861429898,-2.251801821362755,1.2195132839817227,0.30680220671609565,-1.9215949522998534
-2.372690347115756,-1.877060602629718,1.214548456665835,-0.19899880509576115,-1.9526789765490473
-2.6261059497441805,-1.447126369843964,1.1773542409294686,-0.8944667060951285,-2.005619372478199
-2.4877775429037303,-1.90835517881253,1.1505992442670954,-0.5018212729898784,-1.9719446692516356
-2.686210134459805,-1.4674896556921093,1.1468012079315424,-1.1356880686242963,-2.0179287901044853
-2.735766836718979,-1.571368689942903,1.1252997484393104,-1.1725257258067363,-2.0672829134162853
-2.72210213672791,-1.681798648218647,1.0893228370626444,-1.1229492649486992,-2.095898769693815
-2.5381158712486402,-2.0445242813325626,1.0826598294361622,-0.6335658683039325,-2.079644341957585
-2.5732826983289923,-1.8620001976730727,1.074342137184151,-0.8028312059925914,-2.085525756130404
-2.51931143152698,-1.945783377935251,1.085840140449316,-0.6097819974805172,-2.056919187500196
-2.5415163483814887,-1.8673602283794273,1.08638046688447,-0.6755786057258519,-2.084720957549032
-2.4820579870666024,-1.9172520640554305,1.097477749823238,-0.5654427335173343,-2.0791327870352605
-2.578067054825352,-1.6652461293669114,1.1256954198496825,-0.901396582378387,-2.1204212187606135
-2.581497740158493,-1.745475957074474,1.1291660336453355,-0.8398203349698959,-2.122431963213543
-2.456447774388605,-1.9806435921879892,1.1368701850812486,-0.5039793231588948,-2.0926888210014436
-2.3392456554941172,-2.121200112572925,1.1324359445072423,-0.19770876170877744,-2.057154880481826
-2.365748150761211,-1.9734009817899152,1.1471114934750672,-0.26767628003067906,-2.0565931272904003
-2.571788568795688,-1.5313676948100061,1.1493244301736372,-0.8962437955609098,-2.0925179365446454
-2.302643291267488,-2.1035349474813025,1.1977505923816716,-0.2929947945437043,-2.0360590837656454
-2.028026702595139,-2.456953503187711,1.2434968849040915,0.3236296625129216,-1.9743748409220236
-2.0574840926415767,-2.2574624355816693,1.2427176199968029,0.2758835188005262,-1.9686987660209738
-1.9234532836429235,-2.389149300128104,1.2435204168124097,0.6015533584823834,-1.927817261228374
-2.202577714501215,-1.836425423257911,1.2239299627881264,-0.11849583322044761,-1.943181131151982
-2.30007330006443,-1.7986449891984333,1.180953257121554,-0.2494773616195174,-1.9787221777777009
-2.503106987181209,-1.5414849500121466,1.1348830749945988,-0.712577920144022,-2.0175563536077683
-2.6580557692210656,-1.4117335191883436,1.1180677169242006,-1.077981521269674,-2.0687290633456206
-2.3325865218679103,-2.134979062222189,1.1673131404814674,-0.3359954747484721,-1.9810861787708474
-2.528668974459264,-1.734004718225113,1.1550959671833512,-0.8720877642910789,-2.0288743782433993
-2.476478482848751,-1.903134206020219,1.127540354815489,-0.6821701792480848,-2.0201612381487144
-2.2963536709063606,-2.1730877292239454,1.1197262415817566,-0.2358306188882977,-1.9824231199802056
-2.468929329437497,-1.7514428438086147,1.1166299615555202,-0.7565359629466999,-2.0209180658625603
-2.6123431575938345,-1.524906685933987,1.1027307995165025,-1.1402151588908367,-2.0374924782930077
-2.763306315912753,-1.3705119868236755,1.0935821134688357,-1.5163921065340453,-2.0879984321219016
-2.870521939406612,-1.2806393897535735,1.0762274702172712,-1.8353041989581123,-2.11327809145723
-2.9861794334639247,-1.144231941310019,1.027758663512696,-2.166992267900349,-2.1502528041803872
-2.736986877551873,-1.7661341504528514,1.04827640432711,-1.5282586760670152,-2.1197538590552676
-2.493514794555094,-2.11150205376506,1.0688682514592551,-0.8991393003568616,-2.0986660876923535
-2.1682828143192614,-2.4296757225478522,1.1112630074937655,-0.1577923289938628,-2.0445682036128208
-2.2814754199032485,-2.0044053562440625,1.1095118931087622,-0.5245578308501456,-2.042184252231855
-2.2138910757910875,-2.067695445819197,1.0847804665133285,-0.32056787851576507,-2.0135223214332054
-2.333692900579221,-1.8452736494409498,1.1135358541295626,-0.5582473168765767,-2.0408914393703435
-2.4835636345826155,-1.5886812779024948,1.0935475898806075,-0.9531043146559453,-2.078368713307916
-2.326508374471077,-1.985751326976197,1.1049352684396245,-0.5321648534926564,-2.034183488217263
-2.5535930984777235,-1.5176106836471561,1.0847098862766171,-1.153863774127395,-2.042119056202168
-2.593653682151069,-1.611644049315016,1.0657192057888871,-1.1411232103983018,-2.062303002647245
-2.7408701181004296,-1.3959589460556057,1.030678177688584,-1.5327345254310079,-2.091704411746426
-2.6912169300988995,-1.6274430506148085,1.0233410000106566,-1.3447833159102514,-2.1146779619152185
-2.8062886064895487,-1.4020999409834771,1.0066303752397507,-1.697885873267783,-2.149176974277509
-2.7512317530372377,-1.670414710752127,1.0078103861395105,-1.4249165964869073,-2.146969773307696
-2.799030645314955,-1.5210838014790085,1.0095789844478358,-1.6329014904175143,-2.1690729494821177
-2.6586361968746393,-1.8457061867820712,1.0151733321752288,-1.2223620277875944,-2.1617036752986216
-2.27077224314232,-2.334826799747386,1.0696646879135525,-0.36205495703399576,-2.076042840586686
-2.364683484147155,-1.9795782070023726,1.059012353530202,-0.6551901914679402,-2.06658555012109
-2.1328199931642486,-2.2982504796076593,1.0729717630051543,-0.0497321313060744,-2.013671198301515
-2.3585314459400024,-1.7411826766614915,1.0627538173007909,-0.7079372192974189,-2.006974493181263
-2.415292121310151,-1.7582149267834148,1.0383740799472674,-0.7272982058547596,-2.0140776333501553
-2.373478756868663,-1.9501347943274945,1.045856223482928,-0.4420093924929786,-2.010205758482575
-2.5186006037700226,-1.6927939147733324,1.059551203189644,-0.795182744580351,-2.021226951601979
-2.6958975091700776,-1.3870465890184178,1.0630701653261698,-1.3347677816670076,-2.0700414564426173
-2.609385602956782,-1.7047997237533457,1.0561159901331911,-1.0252550828615274,-2.0735440683071444
-2.6818716488532472,-1.6202522499811083,1.0622062950682412,-1.1674795179872102,-2.0888937627502275
-2.586621135577707,-1.8423626529625177,1.051389100600915,-0.8989457688747038,-2.0868636821965088
-2.320243698908771,-2.225006508875793,1.0658008953103837,-0.2676181610281042,-2.0473466931174205
-2.089558641850967,-2.398986783851695,1.1075389938156008,0.2198569118711074,-1.9975288845844676
-2.3077440690172915,-1.9086323372979646,1.109880210787529,-0.3564537591775645,-2.0145567387025727
-2.3121910643199732,-1.9320925076639799,1.1179779588999121,-0.2888473958725073,-1.9905746541239746
-2.2499027265676803,-2.043624230424419,1.1120312427161547,-0.08534614529005229,-1.9618181697374726
-2.184434278233718,-2.1407859796340722,1.1209023243855152,0.14705796631362666,-1.9435114361334895
-2.1470632225218145,-2.180336615938496,1.137145438905854,0.2997727011583174,-1.9294153942284782
-2.072305806306082,-2.267450204802784,1.1531426284300692,0.48700862825067687,-1.9078356803229213
-2.276425233258691,-1.8552209541995115,1.181431453963651,-0.044979180555791164,-1.9542228963080772
-2.438585296191739,-1.7069720530120316,1.1943340769775628,-0.37144254003403837,-2.009529230456969
-2.5187945413597244,-1.7175254353482428,1.1785137539060442,-0.48876004274603635,-2.031493671855122
-2.655268404321144,-1.5482695771131525,1.1716505254367813,-0.879243567357188,-2.090773725248066
-2.4035159564742345,-2.097227341738427,1.1892544408587085,-0.2653429804185123,-2.0104704720248523
-2.5564711243997285,-1.7393124909417932,1.1793195933898977,-0.7495798342207463,-2.061547154288967
-2.4063274200574196,-2.075510844448864,1.1588024669421126,-0.3129222068276959,-2.027974388506362
-2.1783360752674485,-2.370742949328302,1.1881778589321816,0.2085822424016233,-1.967722243979703
-2.2210340319332653,-2.154668536158174,1.1701312430133743,0.08449640736899544,-1.9796783884711875
-2.1681458008609216,-2.1684881316060802,1.1582109480736955,0.22955021676469808,-1.9576460283261854
-2.3229147936716936,-1.8760378482353897,1.198234802038418,-0.16264265024906177,-1.996183148062051
-2.4714556708519337,-1.652828128041003,1.1852901111012863,-0.547878365051232,-2.0472295365114075
-2.6332682657066977,-1.4650186717492497,1.165475581626917,-1.00828748955135,-2.0829631202292553
-2.4140318506396707,-2.0004414877439425,1.1754786229546872,-0.46397532614621995,-2.0185936466275693
-2.4898135245788464,-1.8515715994957664,1.1734005850386684,-0.6614768809135133,-2.070055512520386
-2.3916880098559385,-2.057584308663023,1.1710327653177781,-0.35129853245461773,-2.0282814856841935
-2.4967773477279716,-1.8589896776877568,1.1558007222603206,-0.5763732955266846,-2.0539029529171984
-2.5891653325054995,-1.6817130834560448,1.1447867005992431,-0.8360648560917053,-2.08935005598609
-2.730249550937228,-1.4918681144112627,1.127102281682026,-1.1781339193793379,-2.1211185417761778
-2.638520542836637,-1.7665500222804704,1.1097207186987736,-0.9398763797917129,-2.1062137409663415
-2.599089357439335,-1.8672588768528635,1.1104492652769389,-0.8335904065241353,-2.1166628050034118
-2.6025195658558653,-1.8449313107882142,1.095685055844365,-0.8243919222859879,-2.1054245150279995
-2.583924832628,-1.8460242073378619,1.1059489808547895,-0.7750821078334545,-2.1325266749969973
-2.699422932446153,-1.6042089177525076,1.1456362621639409,-1.0852588677735029,-2.1499125844534097
-2.541560150695402,-1.9282815343661517,1.1160116534867042,-0.729145831980912,-2.105833019192745
-2.6680600096462945,-1.5956260390536687,1.1243881449302913,-1.1187427107700956,-2.1220120629403914
-2.4185661760735697,-2.080968832554292,1.1466012330820206,-0.5079039007372276,-2.0666506642571214
-2.5114118125908185,-1.8193064988644392,1.1260773299359284,-0.7780763541145778,-2.092944386872316
-2.597142027880312,-1.650853963946933,1.1379251287315741,-1.0225818365785475,-2.1152536148623535
-2.6210252134376932,-1.695596780477538,1.0951551016798173,-1.0310763889141898,-2.134592011695522
-2.45431940330978,-2.0178462642090955,1.0938769636988572,-0.5503678928265753,-2.0900038820941673
-2.463309354911352,-1.9066555531231433,1.0737683102450872,-0.6690572208043257,-2.0890559540503832
-2.274664616047323,-2.161040972140003,1.0874797681837098,-0.18954714721321506,-2.0289075264007854
-2.0226304657255056,-2.472603005181838,1.127611145105881,0.4044990883869228,-1.9997151124598642
-2.1832776254662036,-2.007515499247515,1.1358264986173359,-0.0923304135566739,-1.9896862044456336
-2.1827702091864722,-2.0625425903919457,1.1124269996862128,-0.00022760302925790496,-1.9759621202287734
-2.0855374973761225,-2.2135338637007744,1.1080736318267341,0.3043829667326356,-1.9371581461620775
-2.2651400673618878,-1.8922270940806534,1.1469318763871559,-0.0837997632702371,-1.9704454304841141
-2.2276725905475354,-2.014817258691386,1.1173152884554332,0.07262198359133751,-1.94949311521724
-2.3167218937038005,-1.906518691452241,1.1366609742518077,-0.07982704439687216,-1.9662008782380391
-2.2455730461447585,-2.088043035859821,1.139139864212116,0.15093007734478303,-1.943564742244918
-2.066140234575721,-2.3264621953773745,1.169408730928373,0.5489020018252595,-1.9062598961031179
-1.9719965103686825,-2.4206952996689597,1.1943401459368859,0.8073771175986773,-1.889359262698143
-1.9236665211497532,-2.4094348795997527,1.2499122376739442,0.9283063426943545,-1.8700662032586188
-2.010209343641338,-2.2085687353196093,1.2717740725771496,0.6988738330908357,-1.896883067229685
-2.1946056415167465,-1.9507845148483487,1.27953671339386,0.32534278468797023,-1.9435849879823128
-2.4717708405558496,-1.5180562805406088,1.2676289436428472,-0.4348827227387986,-1.9867137164378303
-2.562705526917272,-1.608141293572303,1.221126434943928,-0.5797956178184069,-2.0343940633334503
-2.774241906137816,-1.3306260536382344,1.1919226842124204,-1.1513055839236583,-2.0989041186511894
-2.5460937633881855,-1.9584851148102487,1.2021759676858474,-0.5848659291128785,-2.0406435247859505
-2.2562564669818554,-2.3571691012268787,1.2117693661203555,0.013932504585542887,-1.9894557794022114
-2.027072488169814,-2.54890380314361,1.2184622195677377,0.5017098532505252,-1.9471789795303192
-2.0213726084408012,-2.3750706426066475,1.2186066276210907,0.5017237328392934,-1.9274236145251584
-1.9965632984406003,-2.2985207731789545,1.2079937670927245,0.5498161396786491,-1.9203204029482135
-2.239406418141229,-1.8634595234185591,1.2218595545776665,0.001836440739670974,-1.9571742842709616
-1.995257287610853,-2.342375470242318,1.2826500393848679,0.5082415909082767,-1.9027906451697583
-2.127148688460356,-2.085364541351345,1.281769066580233,0.21573605131271437,-1.9344771191382735
-2.4034557179972036,-1.6271960471982696,1.2379996429502214,-0.5451347407506414,-1.9923343107937699
-2.3488945745047918,-1.8958384011037377,1.1901601060132632,-0.32233129460054755,-1.9592964879269523
-2.3835819795703683,-1.8809965720556472,1.1788795596233468,-0.34956464667450743,-1.9862482444671101
-2.4825305299741274,-1.7888863449072896,1.169763916182303,-0.5120648889445758,-2.0252120322515816
-2.548505393268994,-1.7530085398527506,1.1672929679734492,-0.6350779785019892,-2.0577759208924395
-2.584152720508172,-1.7964452581529653,1.1521991383411894,-0.6297545251674452,-2.0868071714774055
-2.5087437629091625,-1.9548200169590548,1.1599409737582347,-0.439189811124388,-2.065926459732451
-2.4576463054704254,-2.0409927744570595,1.143011534400284,-0.246314879084822,-2.0472327408630995
-2.2109962785464132,-2.3486138324132884,1.1773952147363511,0.2470237710060246,-1.9754139750227362
-2.3832943476049326,-1.9044471184063587,1.2025983258181563,-0.2611501756746117,-2.015032379796487
-2.5799089064527543,-1.5230270716594316,1.1848053996615906,-0.8504277801862384,-2.054570663177917
-2.340526857742886,-2.0426935640694226,1.1822718561278789,-0.34256669736546563,-1.9871757858353765
-2.130130825915674,-2.3204348096328076,1.2029461912232295,0.13656464132816049,-1.95224060339511
-2.390042584575192,-1.723144097769407,1.2042479317316193,-0.6050034527067598,-1.9820987855391454
-2.071140977610419,-2.2618056712209667,1.2584395702474707,0.07074155138562747,-1.916430457989279
-2.3153770608785784,-1.8360819437921228,1.2374183149305003,-0.4808845435129131,-1.9766533429866615
-2.565637071289135,-1.471053367318153,1.186169274912967,-1.1011122098775357,-2.0277134259767737
-2.6941508808611077,-1.459938750789004,1.1333393017028401,-1.351340008992054,-2.0711958785885596
-2.506973022489085,-1.9267255086459543,1.1078457301185005,-0.8314360191877712,-2.0289500535646043
-2.6230964499934273,-1.6830406886933653,1.0843656291257473,-1.1310414355581826,-2.065178259232507
-2.642218081875175,-1.695806009159818,1.0824873178087497,-1.1371180089634265,-2.1067991428312975
-2.7177478488854963,-1.5982067394620614,1.0534059461317093,-1.2927104550927104,-2.1338062315644337
-2.6530276765101157,-1.7468135571523835,1.0463664958693968,-1.0826664147732608,-2.1301463864550616
-2.4763271312623845,-2.0184572994681087,1.0689106727488207,-0.6578410943773532,-2.0782136454007225
-2.655021299876708,-1.5745054363038309,1.0672957802329999,-1.155169216451244,-2.0760359424587
-2.6314942802440813,-1.6929899801926065,1.072056577330362,-1.103603952895262,-2.1104438839414326
-2.486903320213714,-1.9863787767215686,1.0875533208465145,-0.730909706947254,-2.0814308277671887
-2.2846122045661876,-2.2478516299812963,1.11521565585016,-0.2046163924757834,-2.0264253523592917
-2.373818621543232,-1.936069842537516,1.1130743077023153,-0.45182282885777814,-2.0413836510816883
-2.13749666151723,-2.267117337916922,1.1392399736874954,0.09004585531640649,-1.9907784337433745
-2.217129588815631,-2.0387078737223927,1.1475963943055085,-0.10155313558791444,-1.98477820863619
-2.2607282982526833,-1.936236263053397,1.1286243732788177,-0.15889535167869612,-2.007408760837153
-2.4828738209853856,-1.4845024973022543,1.1439229141060996,-0.8085428402916159,-2.0290172291707935
-2.631742055276313,-1.3877294204789954,1.107927374853832,-1.196897164002511,-2.078223695092252
-2.531962181928157,-1.809243854634798,1.0983318202608345,-0.8106820908111066,-2.058685410967983
-2.4895189626321295,-1.912648383830954,1.0631208562285885,-0.6782639544480562,-2.071997280207626
-2.68484363955086,-1.494405148206734,1.0796508365873152,-1.2443867401300346,-2.0973086601381
-2.786254791573592,-1.3813334649483717,1.0890020098922626,-1.5434013065005217,-2.136707841493369
-2.4760913793501738,-2.0340399511328076,1.1604721413687424,-0.7973731635826862,-2.056796367406568
-2.5564447738278364,-1.8058011121858113,1.139917690373957,-1.018237661087746,-2.102507960055366
-2.657785872293607,-1.6277057641504493,1.118701183082709,-1.249006858199565,-2.136815828723983
-2.814300659303319,-1.3228494639984452,1.0747686183040768,-1.7300335828817253,-2.1500682985590247
-2.889495684536896,-1.3377314057395413,1.0490684287120342,-1.931313669903755,-2.197088220350902
-2.9815119114715927,-1.2017658530110593,1.0204969729373141,-2.2090025075650948,-2.1835674164962966
-3.0681180095888547,-1.1262366108620387,0.9795362602795987,-2.473065252265411,-2.1809482210242757
-2.7101137586719757,-1.8939253380400771,1.056053479079579,-1.5848722070875176,-2.143317976384484
-2.793724556440909,-1.5361417716900148,1.030412571743959,-1.9412750227331204,-2.1266848944299883
-2.386694695597024,-2.162613357705041,1.078169840743743,-1.0084488928232702,-2.0807252232072364
-2.4301536997531494,-1.9099670869992722,1.0446278973003216,-1.1465607061597054,-2.0781618229016843
-2.571090718331003,-1.586082967905813,0.9919722774482136,-1.4756424545612816,-2.0909285427965396
-2.456776275427826,-1.811959476900537,1.001452428142403,-1.1436988088977178,-2.0774697785349256
-2.595786705195606,-1.5243738854926734,0.9837473059442208,-1.4532621723084096,-2.066917431001532
-2.639505821351697,-1.552475080852119,0.9725959661083403,-1.4829739343490205,-2.1061390287110395
-2.67819598641986,-1.557774875955943,0.9703288319075388,-1.4761633362536304,-2.116547835608746
-2.662580996079768,-1.6100672905166884,0.9680405681799842,-1.386950557217007,-2.1268116890451085
-2.3967471165458467,-2.0856166086482353,1.0197687030280573,-0.6906173256356828,-2.0746786391194245
-2.5693196712353807,-1.57392705949991,1.0074862332818073,-1.2460983597996942,-2.0449908312911367
-2.624623852797943,-1.5503068506234354,0.9933554466705867,-1.3279199045462489,-2.056225252938257
-2.7386610891499457,-1.370160228489824,0.9957686390778504,-1.6387350806398608,-2.071407398000539
-2.589944444800891,-1.7806338784330802,0.9892871712107704,-1.1621407517495488,-2.0778798021390914
-2.313574245885585,-2.176766698988614,1.0266457498668484,-0.4894591559549434,-2.01580980002463
-2.388105725878332,-1.9052975533568273,1.034832189845075,-0.694660495313717,-2.0419678709765967
-2.203407425319675,-2.1714561771499814,1.052507556027896,-0.22267625169021296,-1.9979384204027248
-2.329972063850798,-1.828924664632346,1.0691746709684593,-0.5810916908327806,-1.9975549945120834
-2.408399395168457,-1.7605616028202007,1.0549685182974764,-0.6986723709634388,-2.0141423450531106
-2.5791027776644952,-1.4559200332613214,1.0363846814634654,-1.1494183345551932,-2.037295772257139
-2.7331539641499645,-1.3170068009713336,1.0171409958415034,-1.5276071546527588,-2.0678522752442037
-2.595660780149692,-1.756739443223404,1.018049844618176,-1.1082981493688804,-2.061473004560308
-2.419002001295826,-2.0809583524217414,1.0473603066755535,-0.6078300937543996,-2.0368959547546566
-2.1070147334855545,-2.445553748692774,1.0726913186803702,0.12040421548310237,-1.9901318313400846
-2.147022133717761,-2.1840655642635016,1.085798396625313,0.005748293512913581,-1.9692268941674764
-1.880537277866632,-2.5054933423430996,1.1301302358412033,0.5918166637812584,-1.9358208933004009
-1.9760790748216883,-2.2545846679946546,1.141118084074399,0.41636025674799615,-1.933608882982447
-1.947710179773928,-2.2349409553213966,1.149140266769526,0.5401422972709455,-1.9131887174461157
-1.9538666783207659,-2.229230141766135,1.1708308711000528,0.6483706588733226,-1.8761114302451298
-2.22411136938961,-1.7640824387471572,1.1890878026709284,-0.025458188175461686,-1.9185561297229048
-2.4247431058266744,-1.586477800580791,1.172001455808134,-0.45287939996618454,-1.9781866903362237
-2.565040939835647,-1.5785452830807079,1.1509912856450384,-0.6809165803895852,-2.049264507781213
-2.5432103512231823,-1.7873328932819954,1.13020378310697,-0.5314804552298236,-2.036513697187621
-2.565370942985868,-1.7916382860015165,1.1281739773885378,-0.5637497318377032,-2.0547017692412397
-2.603405954326584,-1.7743702846479876,1.115933746634347,-0.6727441785773842,-2.0640744226613257
-2.4834627622830348,-2.0234065110561605,1.1183713263024289,-0.33804818266853,-2.032809688692828
-2.6170488113352977,-1.6935581084481524,1.1346569492507295,-0.758819566940041,-2.047644011301859
-2.3482412071670753,-2.1546529044007974,1.1506631123310544,-0.13708409062820673,-1.992389094639626
-2.1115928361349683,-2.4316768708491834,1.1852721727619007,0.3744090149244604,-1.9689606741405297
-1.874597331442461,-2.6137078529409234,1.2149271453981274,0.8692092652842314,-1.9537050370383422
-2.184961079743309,-1.9540374170529293,1.209163304079645,0.08460930966687336,-1.9458686305763768
-2.114422927763169,-2.1064033665323283,1.2249870452734866,0.29403136021174464,-1.9285214019278718
-1.9039923708832311,-2.4184111838659756,1.2538280698249187,0.750657926044582,-1.8828778401620976
-2.073069609458003,-2.093201175335882,1.2517200210919914,0.37788643319099285,-1.917373931708884
-2.237795291571382,-1.8789823683160256,1.2277628769797233,0.044243156415841985,-1.9327328670446675
-2.1187833989529965,-2.1676277127334957,1.224855170781718,0.34961443186494007,-1.8966576562019664
-2.412925258975675,-1.6378611057157124,1.2092646640384805,-0.4217656027013019,-1.9533280154721682
-2.268784724742849,-2.0273817390844546,1.204541657837741,-0.059824916841934854,-1.9497382787099797
-2.2736017257876,-2.0539531027407985,1.1842902513101494,0.03314233304418774,-1.9272375458476745
-2.375302804821403,-1.9472793650104105,1.1675828905034773,-0.12628453616984434,-1.9852873549956782
-2.5117074612497587,-1.793525448668449,1.1723954468768245,-0.4155637361257309,-2.0466946888945188
-2.4446640249984575,-1.9750533365757752,1.15735663310117,-0.2647331204881601,-2.0218220811033762
-2.3006470561075436,-2.2441546225270885,1.1568964291813146,0.1665029047021551,-1.9766037468249622
-2.2635765612088474,-2.1948663382068982,1.168975137223411,0.2155198655750612,-1.9697619045201815
-2.2836291519219234,-2.110365323777352,1.1810414232957531,0.1971737792163219,-1.9608750840144153
-2.4015701701983687,-1.8640419290561445,1.1955889707598166,-0.12555206051860512,-2.00394754973673
-2.612944270696685,-1.4917096764779694,1.1887155742594213,-0.7473747509654068,-2.043554589653493
-2.795616695209073,-1.2687739703973062,1.1453121070584484,-1.3156914545318925,-2.111956608007668
-2.9446664735226706,-1.1342261449341489,1.1343995115332777,-1.7409176958725985,-2.136951402690909
-2.852159019692612,-1.569437143818906,1.1223262850355518,-1.4546342420566107,-2.1393741633979597
-2.5905835590151196,-2.0374478909781373,1.130119756555994,-0.8476742445224673,-2.0988644227279405
-2.5574291401327054,-1.973391893173608,1.1007272440228508,-0.7955246335360057,-2.1059117428227054
-2.4105239942165415,-2.118238615024895,1.0971928216311353,-0.4482911825530719,-2.083502477824842
-2.382312718263575,-2.052580924706856,1.0791214121633017,-0.3648254824919894,-2.065484590525158
-2.406174370771343,-1.9318863143055076,1.0796090735908763,-0.47123882256839916,-2.0415661255284574
-2.5123518218029233,-1.7151307461832375,1.0874691731336317,-0.7611161198300148,-2.0690839063101203
-2.5469560608152046,-1.7041104664020523,1.0820676852496065,-0.812199254243818,-2.0964482325151246
-2.414344680490197,-1.9550961761560566,1.0808518467066772,-0.44329839692818973,-2.0640774385776455
-2.6102884215191526,-1.4972553379705829,1.1087358394548184,-1.070402574705476,-2.069221648445069
-2.5030514701601803,-1.8421263787693152,1.0981339592648354,-0.7597326077568247,-2.066733749158754
-2.6900241742099102,-1.4348832268924412,1.0941051436863527,-1.3140121979303157,-2.0811056423994727
-2.4844446474526567,-1.9270922955077543,1.1034212868429203,-0.8056315794118882,-2.048342743895744
-2.305974108026133,-2.1747283526419787,1.1171235611465038,-0.35180308273244115,-1.9945360661541436
-2.44447728680281,-1.7837492261947092,1.1161470307844763,-0.7650260828837243,-2.040370148587638
-2.3384822475667684,-2.022302392259364,1.131497152468477,-0.43493498074981074,-2.003591069320722
-2.0506946145699843,-2.399812301174408,1.1659539404488781,0.24114384637097563,-1.9699051339534535
-2.0248581109911012,-2.2891958448044405,1.165819881282872,0.3170874450624639,-1.9544051083876488
-2.307919762915126,-1.6940560414638757,1.1422582188632484,-0.4264559565071164,-1.9709939877347717
-2.0407061664709167,-2.2216578012476376,1.1886326731843344,0.17940940175423797,-1.8937387926900493
-2.0466004490617906,-2.206362084881892,1.187977966023649,0.2734786861813519,-1.9135108366562346
-2.14415795665212,-2.0504489564676938,1.1739499163720581,0.14830240406432751,-1.914693859548815
-2.2855857617745796,-1.8817235399097996,1.182165831681722,-0.10616911605065238,-1.9413975840915847
-2.207625462039532,-2.1008971529888116,1.170643958834339,0.16988612156027047,-1.9275672933408368
-2.385878436324021,-1.768240121362817,1.1679365883103758,-0.27610134239242456,-1.9760636194896062
-2.50317094473662,-1.6752569682656815,1.1663396275195341,-0.5080993604677856,-2.020403104882266
-2.678932850025175,-1.4279546564936918,1.1453437698676787,-0.9988093547239946,-2.0602493946789964
-2.850262963475889,-1.2207086056827219,1.1231656118321358,-1.5114040618079367,-2.112752110989612
-2.7413455868370744,-1.6476075496980616,1.1148729770605967,-1.2149274603789537,-2.097972214009505
-2.452890265078975,-2.1896057525395984,1.1274790364853904,-0.5373890305825653,-2.0554929016653465
-2.2262802293798596,-2.407669168501296,1.1151677558886826,-0.018611693324914722,-2.033864749148708
-2.363564059870428,-2.0156772716399,1.1299728253604586,-0.37197851644629826,-2.021953369162191
-2.3277235001319774,-2.0279163962884605,1.1243573227964454,-0.2918939351012617,-2.026024963883152
-2.385408548061255,-1.9543274659202234,1.1465797141787553,-0.32971386907406675,-2.019206024579328
-2.612017031116382,-1.4836877474974106,1.1303199639215955,-0.9822536618073743,-2.0483623426071125
-2.728853037092744,-1.4132646316627473,1.1298063709886244,-1.2670512424716844,-2.0896801164996837
-2.555979658483787,-1.8874556626981984,1.1303556792064264,-0.8175399729760672,-2.0529149388851646
-2.7172348325366764,-1.4687592025693337,1.1131934441227818,-1.3745571027217285,-2.072424576136126
-2.548228689668246,-1.87631602436523,1.104845684085901,-0.9265195517543706,-2.0478727000604193
-2.631017987220951,-1.6667099243452064,1.1000113936422027,-1.1818741232310421,-2.101791747156784
-2.5025799338952184,-1.9228805285873214,1.0922704415323459,-0.8323385938055455,-2.0623958370543356
-2.5935185049901786,-1.7195738789088264,1.0934186068314988,-1.0447044658747189,-2.1052649513970567
-2.5322848577263124,-1.8403886357346273,1.0774913293364645,-0.8495337916907685,-2.103524303606267
-2.498549860201774,-1.8990890752106517,1.0789223878254792,-0.713218688824138,-2.1053810455168267
-2.402359859942245,-2.000657941708806,1.0562442598434425,-0.44972877336532285,-2.0651424460510115
-2.408979613437297,-1.93550093434219,1.085717996602964,-0.432736578471565,-2.071134907905363
-2.5842330720106315,-1.4805948521015304,1.0921609945324673,-1.0253284435093142,-2.0928878769460897
-2.360879481172655,-1.9933912166440213,1.139379273149736,-0.4935761919768447,-2.029480345225584
-2.537208792319086,-1.6233410263918153,1.1452276601346032,-0.9642263102216472,-2.0745182418646175
-2.2045177913565523,-2.2162560183121025,1.2082661383433975,-0.2211358447141666,-1.9930782123386794
-2.0429454470398887,-2.374257523034532,1.1935097000991581,0.1898120527064932,-1.9653840677481538
-2.2982082442748863,-1.8634078426828153,1.1801880933482913,-0.43747139589019796,-1.9853795053390557
-2.511610642066867,-1.5139278408928902,1.1452259003071523,-0.9985459028121408,-2.0105055638550673
-2.4149766553921386,-1.8607687356309777,1.121515445269755,-0.6636192890624737,-2.0138641677699627
-2.2569225231797216,-2.1648875573762,1.1247419012062627,-0.20270250273608922,-1.9834807863367587
-2.390292745623191,-1.8806209501249442,1.1229278617251415,-0.5290643506009871,-2.0256536806084893
-2.546620844310406,-1.6482829882689123,1.109186801906208,-0.8962621293795026,-2.0593384109495565
-2.2694588993433973,-2.1454093901130658,1.1413290936461484,-0.2930330621214802,-1.9807332853995303
-2.306188902025376,-2.031420038831359,1.1346321007342455,-0.3505776033986643,-1.9895773620790838
-2.1333523480145273,-2.2792485796438435,1.154245412134692,0.10068504088070397,-1.945840673194947
-2.2126598487307727,-2.0362600273247446,1.138969510597588,-0.08054519248873439,-1.9532737508501454
-2.3965693123048664,-1.7201851825071142,1.1621250720371348,-0.4719873028757347,-1.9838415840038623
-2.3016889687560838,-1.9784601822839192,1.1574404515275263,-0.14653605293403538,-1.9498104847717188
-2.4976472188480043,-1.613689691037603,1.1574610278346857,-0.6846679345927371,-2.0098274583830387
-2.2527422036265126,-2.1470085064093625,1.1882991423073528,-0.10406117863694275,-1.9647439481078597
-2.1218269021541323,-2.32608223847198,1.1744246229772801,0.2533537909678035,-1.9304609761010294
-1.8670468755157095,-2.598886689152049,1.197840446169357,0.7726781716180424,-1.8879803874954133
-2.1853635442458383,-1.9056743802179736,1.1992175451093665,-0.05464257290352044,-1.9155714329430213
-2.2727891121169477,-1.8506911847440901,1.182419072483819,-0.141835223257358,-1.9418723448855861
-2.4722984728581174,-1.611632648561217,1.1568597240391392,-0.6119239728912665,-1.995229408076937
-2.6228317024724412,-1.4710689897494107,1.1414126546671974,-1.0116902316384977,-2.0379978243893166
-2.693801890885301,-1.5111317567353437,1.1046453445883677,-1.109710126892286,-2.088437571911852
-2.7831407643617037,-1.4030340358397384,1.0928250782546858,-1.3924181929603392,-2.1188016204966087
-2.6971922033086626,-1.7714061995457768,1.0760599355367033,-1.0437969490802197,-2.113604091070896
-2.535866599471247,-2.0297420853610335,1.0788910023218012,-0.6350131719472047,-2.0818101805436156
-2.641424743976413,-1.7271063166044762,1.0782704469557733,-0.9576859327902003,-2.104634130365443
-2.5191437732673565,-1.974358781714995,1.1106965789120196,-0.6185420590245685,-2.094616685122104
-2.366067926313177,-2.162085083725855,1.106537519874798,-0.26315904128114215,-2.060175311104371
-2.458796117173202,-1.8639604373914107,1.1271421151996608,-0.5807502553007341,-2.08385347984174
-2.322471962420339,-2.083153610959358,1.1270927700894091,-0.23868798457186557,-2.0435242170304972
-2.4731282755826016,-1.7503725324997033,1.1203694202116523,-0.6419468472218192,-2.075992339805556
-2.660202572293909,-1.3926031070044083,1.1141184470727072,-1.195634001790494,-2.091451010361138
-2.4650463842371395,-1.9179971854100886,1.1329050971835761,-0.6611243236969473,-2.042376410372583
-2.2727844810553584,-2.212284585614254,1.1252014462973157,-0.204927020254331,-2.0011240532164947
-2.217698400107238,-2.1968313056304445,1.1232722634858754,-0.027038194934883346,-1.9680964654582542
-1.9397594942886704,-2.51399830580916,1.163980423827798,0.5691396093358027,-1.9364593659115743
-1.751911914294762,-2.610931041417381,1.199348427145139,0.9206445152557864,-1.8922419923181437
-1.749283131610633,-2.459430827019216,1.2238187285267967,0.9763577891730746,-1.864172661047003
-1.9569164348964876,-2.0962951188345516,1.2403503707972596,0.5308549009171669,-1.8990303505169377
-2.1860559390034626,-1.7727264704933,1.2189231715842315,-0.023049739042508528,-1.9344919822646836
-2.341526090466381,-1.6828737403935388,1.195049713876907,-0.2942320694569772,-1.9610275150982908
-2.4893134392609095,-1.636744197951514,1.1681981860258763,-0.5119688790348638,-2.008622845796757
-2.6492581116576863,-1.5078995864008686,1.1447805177063763,-0.8922655158380897,-2.063088570379395
-2.5367475510797712,-1.8698416667988786,1.1064420493882943,-0.5498460411422638,-2.0231305109361157
-2.561155593315529,-1.8064372791862835,1.0932421708922215,-0.6635644971952984,-2.0508379813986743
-2.707891626582389,-1.5332129646167765,1.1099084644571353,-1.0826543345673825,-2.064122598122147
-2.4233080049079483,-2.083550943164616,1.1513662721798201,-0.4319957468162543,-2.013791037790107
-2.5016722885585954,-1.8650070962756666,1.1565363250386849,-0.6013543006756,-2.0371637365131905
-2.4531274805145813,-1.929315473006502,1.1328619319779214,-0.512808353261195,-2.049579782215249
-2.4270732188659987,-1.9562294002379752,1.1124344942113151,-0.400626480613932,-2.0508499087694365
-2.428139370966209,-1.94267851195287,1.106575712669593,-0.3551028339043187,-2.059896315043475
-2.3617806210299537,-1.9924359249004049,1.1125850486182702,-0.19733577731389187,-2.04001442248677
-2.470625224332006,-1.7599128399956248,1.1191395892618228,-0.5338036823315484,-2.069646546766292
-2.380049050149529,-1.9816765365393838,1.1362818171721307,-0.2626917469869891,-2.038158660498718
-2.2427410401125374,-2.1976874242546045,1.136592557269536,0.12590102371782316,-2.007981224719761
-2.2792419772149235,-2.0553253503601363,1.1560541908444448,0.04135209383204558,-2.018406025225216
-2.437761541590493,-1.7271207329165106,1.1801839187649072,-0.44471110252768054,-2.029176844861279
-2.5921725194315393,-1.4988137280992435,1.1840942251559918,-0.8891394609155026,-2.0667848700545175
-2.4146833439393713,-1.971670908409677,1.188309432245915,-0.4555439487623108,-2.0262984562890813
-2.337775666194391,-2.0560443396286794,1.1765483131489485,-0.24588187261765004,-1.9900092564110634
-2.218079617726725,-2.232687010577159,1.1714338926831012,0.10890336097492472,-1.9585406230234867
-1.9406372546318478,-2.551746690878803,1.191285521358799,0.7014705401336546,-1.9344084742253527
-1.8918129048876842,-2.435306056080025,1.2167385934116692,0.7882491443845002,-1.903330231879359
-1.8635140725027806,-2.4106427674538193,1.2325018373991135,0.914552691125584,-1.8800917541887454
-2.1434385489978176,-1.8456691480655307,1.250627046008296,0.18752984153572302,-1.907442102147351
-2.061728390615101,-2.112064714002791,1.245249076927085,0.43755547197572325,-1.8757173625276635
-2.355473028892062,-1.6062470344834754,1.2231899738618732,-0.37797754318367216,-1.9309261408322624
-2.142386576717266,-2.143904185611613,1.2543993735610943,0.14964467071423182,-1.875671777551882
-1.877803579765343,-2.5152233109668205,1.2900958203924928,0.6982362051071664,-1.8331937175230268
-2.1383150382447633,-2.0232566502478546,1.2884185051458446,0.08867076986381556,-1.8850071074096146
-2.052740229273667,-2.232284928577501,1.2429487338124425,0.3517590591959203,-1.8833730899429988
-1.9249732466232374,-2.3744583925189544,1.2401031833970746,0.680997157052135,-1.8603396080715593
-2.2489203597322676,-1.7869843409430226,1.2390353366694906,-0.0952264672663991,-1.8978696335324143
-2.4997431073583884,-1.4960553991438519,1.2095225284546087,-0.6965799553712917,-1.9538718292002524
-2.4165143447309103,-1.8872418291400095,1.1729664455601583,-0.4084048266612176,-1.9382468761835492
-2.412117617783516,-1.9566461867997869,1.1326969806421519,-0.3343565333431694,-1.9471896992748008
-2.2340312842188363,-2.237206979642796,1.1348578288135471,0.11292566804684447,-1.930929213380209
-2.3382061035745996,-1.9546839947061942,1.1623721153785882,-0.18324407909204765,-1.9794677162354137
-2.5668990327550327,-1.493717371343633,1.1373568256756834,-0.8648686230300192,-2.0078317719882564
-2.291627690009774,-2.1155291189118404,1.191095742367747,-0.2382428573199124,-1.9515685406909198
-2.013990548547324,-2.490648049470262,1.2261266341371215,0.3798432985633111,-1.9104945789940773
-1.7724539331047562,-2.6912590383906094,1.2711462388723256,0.8554410925910163,-1.9202153478438837
-1.963748530362122,-2.2341622164086803,1.2598569726512465,0.42517707849870856,-1.9154475378864133
-1.9583133302621556,-2.259252484659974,1.2242649140191957,0.4758630183303277,-1.8736078502691542
-2.2678084641997187,-1.7045963734607423,1.2200112403751782,-0.3009629696833453,-1.8941144513174433
-2.5229728179967825,-1.4439992904041143,1.1616283131067533,-0.8693929970944099,-1.959735684100486
-2.3181015868048984,-2.012509490378735,1.1892053258160544,-0.32889014710520814,-1.9270720003115225
-2.580489820832885,-1.5853387741075724,1.1439258533852827,-0.9928882289019121,-1.9828442793177223
-2.7361028914221466,-1.3887925308116058,1.0899465559970096,-1.4387204851674067,-2.0340531365882693
-2.6514570775052486,-1.7331656892500125,1.0621363154365127,-1.1515703510816875,-2.041900628488385
-2.697619714128163,-1.711200858496837,1.0484268021643732,-1.2353931441142212,-2.063034133563958
-2.6949992447560365,-1.7434369605064592,1.0309501433075743,-1.1542890787459223,-2.0879015043849356
-2.6861925276188034,-1.7925477173495288,1.0465613176512023,-1.082193791347155,-2.1048289622183636
-2.4180642452738548,-2.1666517368935367,1.0666972587203056,-0.46870462471442365,-2.0662422798151754
-2.5553376941258192,-1.7194427653766182,1.0835066307288403,-0.958350782514916,-2.0712664652914867
-2.2615229027520667,-2.210688957731441,1.1085680048490492,-0.2681640219530482,-2.023020242977035
-2.439458384425945,-1.778747161344443,1.1203200282712071,-0.780513110109749,-2.0418985051929837
-2.1250629897740314,-2.29945903981518,1.1711361359867054,-0.08324128018786887,-1.965303985345363
-2.28285431705021,-1.9336794983265562,1.1515030380796492,-0.49061528289399625,-1.998963809827185
-2.488495729670508,-1.5871462121805808,1.1325298711361638,-0.9857594832508142,-2.020815202841658
-2.6640176484215896,-1.3543550500043278,1.0768085230648843,-1.460692937070961,-2.06841416419229
-2.7009297069356344,-1.51839619710707,1.067922513187619,-1.4404388159843104,-2.102027152976074
-2.430040385519403,-2.060264077268509,1.0914080399762285,-0.7459260544714005,-2.0308042629813694
-2.385418551379892,-2.066365748682279,1.0796111612410504,-0.6162547380871575,-2.0258019749030804
-2.2613970105114483,-2.191393133832289,1.0625532950448324,-0.2674988895840181,-1.9955823318947292
-2.4902879202529835,-1.6482514294935289,1.061717541708223,-0.9245404046707634,-2.0089860275838074
-2.1824212333427884,-2.2119910593454786,1.135581475316497,-0.21953884082861033,-1.9485016407529365
-2.2672520340040627,-2.014711887676862,1.1468588773304769,-0.3511577201233595,-1.988485022228877
-2.1750181192301796,-2.1552583121641384,1.1468055255949297,-0.04650120591918036,-1.9454202031556997
-2.059535954465506,-2.2558397860532438,1.1522328549297431,0.22572565860616614,-1.9108560114221447
-1.8772156006918619,-2.4744561621870393,1.19008314549633,0.6624338799712146,-1.8947893742620945
-1.7683204095032528,-2.5586956699759864,1.1966998746020814,0.9525544073649447,-1.8773612603844063
-2.024433352056182,-2.046101967370855,1.2327286321351154,0.38839373944458516,-1.8963158749124809
-2.1828952370383745,-1.894336831308456,1.2185009042365569,0.15537268379131305,-1.9314915613772232
-2.1943602953998225,-2.020470076821434,1.1898984117400533,0.220302308501313,-1.9119330329749002
-2.376305439059872,-1.7619634464888612,1.1934686881380183,-0.21148736445802607,-1.9885318399352803
-2.258701742339581,-2.0567818480719735,1.181762819457125,0.10169008721875372,-1.9581216522592582
-2.36283561620375,-1.9623992496805465,1.180108383616483,-0.04722007028586426,-1.9738647332341315
-2.4321158004553642,-1.8321394104533926,1.1667448542039776,-0.24785759988857933,-2.009970383731256
-2.2250548004986075,-2.2212552004473394,1.1981346243102204,0.23460379072079682,-1.968319889347109
-2.453345074545442,-1.704086572807793,1.2001163211568748,-0.4396580696188382,-2.010291347810042
-2.3793165045134397,-1.9360429960033683,1.1816142873621533,-0.19425121741287377,-1.9818180873185347
-2.1373024891282517,-2.3295274247170186,1.2024030397461298,0.3443379810844354,-1.9396183916549294
-1.9921330444320822,-2.4406052046121958,1.2089134819730745,0.6459920747319144,-1.906997999690827
-2.134774988265178,-2.1427179011925226,1.223692467801527,0.3568567362230285,-1.9367766176336592
-2.3097450492891904,-1.8524089805948678,1.2349088787345095,-0.07455133307637599,-1.9722857594247176
-2.3139168287693224,-1.9367798784954573,1.2018068259807775,-0.05063746302008275,-1.9688161060279097
-2.151037725218681,-2.239771038363529,1.217528487547447,0.36577081435681486,-1.9185197177493836
-2.315352226773849,-1.9169617408414972,1.216566307805356,-0.04320673781496753,-1.9708125248744415
-2.4993062091107228,-1.6909923307784736,1.1936784763393433,-0.4859176519059805,-2.025426929960478
-2.5280540880592923,-1.7697006214735505,1.1645829564311407,-0.4950067552924152,-2.0616991705682914
-2.4264018708888564,-1.9806984484305412,1.1584244346926649,-0.24901817652422603,-2.0231166099134335
-2.5300122352408536,-1.75181732891679,1.151655153696257,-0.5566652935143529,-2.052928277321122
-2.3622280258564863,-2.1218058700233637,1.16172323141229,-0.12479541657638088,-2.0111790664201266
-2.1133172875450077,-2.4388339608189105,1.1902201338950849,0.39941506454230175,-1.9760827011171935
-2.102552463944275,-2.292410433184525,1.1999523127458238,0.40806949325013375,-1.944826170365146
-2.351079109419574,-1.7315099291490197,1.2079520769109675,-0.31843257217642335,-1.9770015297505987
-2.202638608345804,-2.088750720819501,1.2220975090512667,0.022349199609112188,-1.9175866022063783
-2.0701503011683333,-2.2849507793954764,1.2164330192443502,0.3800667732299233,-1.888314939743762
-1.9442030557471923,-2.4077579725996108,1.2529456632951321,0.6703940874515925,-1.8747772475210478
-2.1990941097311056,-1.8914655225098171,1.2637760365931285,0.013583232297400495,-1.9413074830403894
-2.2902621872107343,-1.8785776720754885,1.2598592254623482,-0.09396555806571553,-1.9894200956501482
-2.506258535663962,-1.5508495812786416,1.239029841946297,-0.6395088401495496,-2.0124118977342573
-2.6803010991016145,-1.4626925721628654,1.2067722511899104,-0.9531169897569697,-2.083746901020632
-2.63567535680885,-1.7424443884795806,1.1503765778805248,-0.7962705140037027,-2.0734856728663447
-2.737300604823044,-1.5923032599379239,1.1369791725309133,-1.084940662461255,-2.119908369461246
-2.834916670466982,-1.493067190521466,1.1021632510553852,-1.3386710628379732,-2.158937783528319
-2.9390615990213065,-1.3643055842028242,1.103307445131777,-1.6625814888879051,-2.195315453411197
-2.8751080939369795,-1.5696676618227094,1.0664994220316952,-1.528798334098921,-2.215109158617858
-2.9270650832420393,-1.4497727804788334,1.0551216359722702,-1.7350558772910443,-2.213150781550899
-2.8450723678007375,-1.6242994309029302,1.046342039122016,-1.5301541865217643,-2.196276753182299
-2.6698987271772534,-1.914248075544254,1.0554530163954543,-1.0997054778234316,-2.1733425755753233
-2.748767231468144,-1.6066213418524262,1.0509731480420539,-1.4104151347509513,-2.165211147868526
-2.540990903024244,-1.9486571057657902,1.048951702074481,-0.9009280413088698,-2.1255102873504494
-2.2170888111445675,-2.3383109618816467,1.110726785596386,-0.15620236012957972,-2.048879436942138
-2.179561168435044,-2.1959638382233395,1.105042204122454,-0.11031957891295983,-2.034856646875275
-2.2226620435255904,-1.985187792277565,1.1078607277685357,-0.23433548275927402,-2.024717070920559
-2.064527864410051,-2.235263704751268,1.1142769245957318,0.17405929499657294,-1.9872962269091068
-2.2780912419991375,-1.7825632838114132,1.1207497422430255,-0.3996480607424012,-2.005723267562969
-2.2432880879405817,-1.9648212968758894,1.1118502131441417,-0.19050974014566446,-1.9947451683284603
-2.1673648555915634,-2.1010834885102465,1.1131217970934681,0.05606350494148364,-1.9539113984531709
-2.4103805490844574,-1.6422062473357004,1.1261237744591925,-0.5879394058155158,-1.9927745354539201
-2.2556884615597528,-2.0290739036399326,1.1446217349020313,-0.15601339684881785,-1.9280571592711684
-2.102935628684319,-2.2610087106031305,1.1472957114074636,0.20991479691666207,-1.9241694492553716
-2.0531792981113606,-2.2679286369621146,1.1639363199042836,0.3842660117329254,-1.9100168237456148
-2.294782602239986,-1.805602128328204,1.179321357550026,-0.23902148402115359,-1.9515488704586228
-2.4566859285917477,-1.6504015103420437,1.148240104857141,-0.5901658762894166,-2.0053701989346413
-2.6581464182736303,-1.443866771622866,1.1290679507880126,-1.0425541685610047,-2.074921036300821
-2.6103058003293897,-1.7444473993308043,1.1028034366188788,-0.8136717898966719,-2.074941281634571
-2.6960837231261605,-1.6186634327389169,1.0879758024640822,-1.032186958059489,-2.1268632506261422
-2.615416400592298,-1.8436863041729872,1.0930511997981975,-0.8495739685805257,-2.105239118430512
-2.443101155800437,-2.1266986732486686,1.084350371489997,-0.38997801600034576,-2.0816832021639113
-2.2077615329074094,-2.3501443574147522,1.115096781145178,0.10402008573206972,-2.0277545780575865
-2.4274594205407416,-1.7688112236317335,1.1331630828983288,-0.5446565990093758,-2.0344135840914506
-2.509535762442164,-1.7024083132998855,1.1295043895773877,-0.7156994698572796,-2.0548381103579496
-2.4318226718511116,-1.9125965102271052,1.130944086379894,-0.4946383326353288,-2.044652054378211
-2.1986224844060955,-2.2932018550003272,1.1513083498391592,0.09579519253121403,-1.9902090639215593
-2.3672134392278927,-1.8939159746756404,1.189911588944534,-0.37706320023747475,-1.9980319577152932
-2.204708244603703,-2.1457687958035017,1.1651001807875911,0.0027824876038612415,-1.9651032030994147
-2.2972853306577647,-1.952663775587522,1.1666152192619752,-0.20125007601888226,-1.9986651062039513
-2.364567785290838,-1.8895065304315846,1.15842976793041,-0.2814730267601451,-2.0187788013538093
-2.568194201876203,-1.5002732378290584,1.1689311652881647,-0.8503883853763828,-2.0458444282500374
-2.711273272210466,-1.340995853213042,1.1327359736209806,-1.2991731998219043,-2.1031030841399123
-2.902497293499536,-1.1633355901998086,1.1136002192193795,-1.755964982173316,-2.12625058356799
-2.862463407793942,-1.4841712493817132,1.0897757743104395,-1.6421726510504502,-2.1700209604853606
-2.879257735943238,-1.5272774335382058,1.0683116654518776,-1.6492950757641698,-2.173191575229765
-2.5799826328579214,-2.0765484526239835,1.104761014203257,-0.9129048108421145,-2.1454784157160556
-2.6055457679384793,-1.8742772471202627,1.0848814309556987,-1.0330126906280432,-2.1496204607996603
-2.7202196226506943,-1.5335088152636687,1.0679945287130663,-1.4300422210836792,-2.1394465308253894
-2.3564862509424915,-2.1576514476813227,1.1423837560177623,-0.5682789431743703,-2.056507249819367
-2.4244544214528894,-1.8868912843890127,1.1073304487390396,-0.7876844451513935,-2.055884088232311
-2.4689737082801693,-1.7902981697899776,1.089545632495547,-0.8522184656712807,-2.0554724781095635
-2.6238869994185086,-1.5011804184979867,1.077771318202836,-1.2851325178725348,-2.0794556105871176
-2.757325720613574,-1.336602941260184,1.0439754951368994,-1.617880997443402,-2.114675852765674
-2.736104728108587,-1.5881826228756366,1.050827150051094,-1.4151337016241428,-2.1206678986590948
-2.590276951222803,-1.8873156601854166,1.071501552774804,-1.0281265994878024,-2.118298095607322
-2.595999737605016,-1.8326352937054429,1.0711353359358955,-0.9608124539458519,-2.1221237916072515
-2.6424902410889275,-1.651515323574894,1.075876261363925,-1.1622622402258362,-2.1315396336562955
-2.6220745506767775,-1.7585911694129046,1.0791471863148734,-1.04469204050428,-2.150048100071218
-2.7286689785292744,-1.5116560437677184,1.048962818655087,-1.3790744656311602,-2.1494057823370833
-2.5934952601379866,-1.8306536583322879,1.0640108472872072,-0.9857854020629979,-2.1276624374932616
-2.674169189644937,-1.6057640946674179,1.0564005325660957,-1.2610977557105538,-2.1412999808052056
-2.605148327516309,-1.7830023459356832,1.0275389226297984,-1.0225146919375,-2.127557451081693
-2.4589653757542482,-1.99172396771915,1.0536869138972533,-0.6502721419822032,-2.1128863408340792
-2.43050201068363,-1.9280080037760032,1.0820103016658675,-0.6066316556294786,-2.108189822628156
-2.5871032339981936,-1.6091470461121546,1.0844311235203237,-1.0127041455404284,-2.1188576739040657
-2.6486104033803124,-1.4973823607956442,1.071846842048213,-1.2623110579471517,-2.138692179471077
-2.6374526866326633,-1.6445614498911656,1.0669482862780693,-1.1435528102165236,-2.1277802073267815
-2.6559208956437823,-1.6456230675644283,1.0654069157109136,-1.1483579640833712,-2.1331594555822364
-2.351421840686344,-2.1711970602415014,1.1186839359169727,-0.410407593408619,-2.0743574755000282
-2.488831156127803,-1.762737463809188,1.1175750394082924,-0.8113371134901869,-2.0731476079241515
-2.6736719656070393,-1.4150500390617695,1.0889663487430865,-1.3550623593529494,-2.084680197146273
-2.810628159579949,-1.3019153412474203,1.0533426365364458,-1.6460821839749233,-2.11236363429511
-2.910441986740023,-1.2125688376390495,1.0215422485455845,-1.9303514826729526,-2.1216017774504543
-2.6653933335468025,-1.8256408096941437,1.0441712779778107,-1.2920727943689048,-2.082720760285822
-2.6123094061976926,-1.8581887951417515,1.0321125791116068,-1.1376336390600512,-2.0995047951953287
-2.599781683851348,-1.8053530925369925,1.0368181078138476,-1.092866220595334,-2.105519001107636
-2.6734592598867932,-1.5939667738448784,1.034114138736904,-1.2968102555043814,-2.0947388136521936
-2.816795373909731,-1.299447061348054,0.9972973633388704,-1.73779068799568,-2.123988356793307
-2.762773906158516,-1.5352575810112672,0.991530667288283,-1.5878859609483413,-2.138166787475276
-2.553094920696838,-1.9501600320384225,1.0286629052960587,-1.0305834121319493,-2.1047031861946444
-2.6874675081588006,-1.5178612095562416,1.0317615859102152,-1.517162398845794,-2.0963086009625536
-2.506600458714393,-1.8757023274015732,1.0241882932552113,-1.0150779978001485,-2.052515367835414
-2.5227645328660167,-1.8170235249004885,1.048380080644869,-1.0266756494609754,-2.0817901825601943
-2.5626955027381535,-1.723939489089616,1.0286281856384776,-1.1193920665574946,-2.1045482969444542
-2.2999200081003695,-2.171941286808795,1.0751393441514885,-0.43932730108465357,-2.0418122508906693
-2.477238566898151,-1.636555646769185,1.0724777155314533,-1.062543288721271,-2.0311931080137855
-2.41676691628565,-1.879543420549043,1.063599674699989,-0.7845197804633985,-2.0217956144665807
-2.377819062055863,-1.955923595166465,1.0645808964686727,-0.637041143235165,-2.0111626172626105
-2.117546772717982,-2.301463962891162,1.0815300464238693,-0.006183520177290066,-1.9652531358903222
-1.867584507025289,-2.5342696736661803,1.1180072291218563,0.5574778218165797,-1.9453519868120437
-1.8675681808932878,-2.368001318325543,1.1470920690709288,0.6120376842610546,-1.9141230026629257
-2.1988080903264584,-1.7702458068441072,1.1413744942817976,-0.18354577531836455,-1.9150387244068565
-2.4670925259246212,-1.4249575104250076,1.1240765025806674,-0.8165748486998967,-1.9642110500055578
-2.461748195783808,-1.7284875240473814,1.1079913442181772,-0.646837296186367,-1.9878385045351585
-2.6490689673155203,-1.455229589185046,1.1034037709632396,-1.1602404537725328,-2.029759187194315
-2.697166557196658,-1.5597974976456395,1.0859186024760399,-1.1897842854765435,-2.090422367933708
-2.745417309814141,-1.6186479386599795,1.0786669047931523,-1.2290300438061654,-2.1040925771095647
-2.60485282137824,-1.9139511622002237,1.0498849386878155,-0.8690930062487865,-2.060766942247029
-2.740675613116771,-1.5420419606482605,1.073486433215727,-1.302361974783265,-2.0801598060855317
-2.4717441983976256,-2.0319445421568227,1.1049140475182646,-0.67327782076612,-2.048906223850345
-2.277671340598658,-2.254458946078092,1.1047884522008358,-0.20291014745617394,-2.0152087012538966
-2.249996164252674,-2.171767187623598,1.1239213242419073,-0.12862608708212078,-2.00739161126991
-2.09430785077596,-2.3232315757200004,1.1330988602353373,0.26277227664324254,-1.9609906954251672
-2.0588823143712314,-2.2189756888890626,1.1458883200932573,0.31689503241943545,-1.9456952152742548
-1.8850546937815054,-2.4175965609971657,1.1790513118201578,0.6992288507611837,-1.909534806218603
-1.8113686115314402,-2.4634252207553367,1.194458592502678,0.9312146590614991,-1.892664579201816
-1.9055534562052283,-2.2355271256837503,1.2228763272819192,0.803951580122969,-1.8815792945201621
-1.973889982603642,-2.1613732968174952,1.213370656737275,0.7168509162618123,-1.8818054623909204
-2.11060472758972,-1.9882785472661688,1.2278860267324823,0.47100867559238063,-1.9024745315592035
-2.348751835147358,-1.6863375687899507,1.2201740285974232,-0.06811401833855855,-1.9553644036180378
-2.3821200371885425,-1.8439000999448691,1.186776486476882,-0.00995219992200842,-1.978355318191917
-2.5826184380643125,-1.516293766564839,1.1945011751895078,-0.5768513681959032,-2.0182675823902145
-2.4824018777548016,-1.8830209352132254,1.1706289364851126,-0.3010174996605242,-2.001745967528745
-2.58754809119578,-1.7124458050810012,1.1658882609144974,-0.5923413886101593,-2.0269493906737863
-2.4925934092157824,-1.984071111015118,1.1771888973337812,-0.31459429815722756,-2.0117039150959135
-2.529535978583952,-1.8860967137791438,1.1641905299794237,-0.4317368671466234,-2.0520495189302155
-2.4491366607811833,-2.0410109583614275,1.1574466872600242,-0.21472638127267263,-2.054425590676794
-2.6391573674023134,-1.5520538171682523,1.1681214046322446,-0.893029087766087,-2.0514467568035024
-2.308191861506023,-2.1932488291967696,1.229470694086783,-0.21413047462706497,-1.9892698362754333
-2.2549370539406226,-2.2183032909677887,1.213177321167772,-0.0677281553855372,-1.9775323795530877
-2.231337968005375,-2.157995438915153,1.2166001394261088,-0.024140585584345016,-1.9853818020135552
-2.3582611240815563,-1.8921357858688652,1.2288464644404407,-0.34687215760421,-2.0167017440232677
-2.543191667396539,-1.5709342172677307,1.204014559925275,-0.8588407320552901,-2.0655680478695864
-2.7445864127525113,-1.3068823200429345,1.1783856160750845,-1.4039188159778775,-2.090124954662792
-2.7326620856763593,-1.5631404589368105,1.1416290173871066,-1.3206181253545937,-2.14226367314781
-2.7007777143829426,-1.7539035510587615,1.1109302258225533,-1.150494479542866,-2.155841337758289
-2.821188269747111,-1.4681187911018592,1.0798636712574425,-1.5804925928141316,-2.1575755109812835
-2.8121415568790895,-1.5472859134044419,1.0593201249946447,-1.570487117249953,-2.164313071625816
-2.5976226779200227,-2.014650081022772,1.0693261569429773,-0.9974700475042483,-2.122257835720241
-2.7122037398063545,-1.5767939234637138,1.054055373538419,-1.4667023295601018,-2.1181812179270083
-2.5837294727558153,-1.8743414294828515,1.0550246143193676,-1.0755111130201687,-2.088632748516904
-2.4720890707987206,-1.975356078783853,1.0785430208873645,-0.8050123327285307,-2.0705402201267082
-2.5944442556754557,-1.654419567935037,1.0842275410180318,-1.1610357555145838,-2.071997508257696
-2.2767845984702912,-2.163572839636411,1.1340360358265766,-0.4553268508630518,-2.00869440448677
-2.4981878767685077,-1.622222103567047,1.1028423230109514,-1.0956996007820716,-2.03821336697471
-2.563369342938497,-1.6309102267296218,1.0870766773737552,-1.1785612402136538,-2.062985591562994
-2.639897142054359,-1.5850829689446175,1.0971168548134949,-1.3330600456879689,-2.090467468870955
-2.7350159880134965,-1.464270480844051,1.056109110157541,-1.5438964717086214,-2.1078442317743913
-2.7259355212396783,-1.5950346489027873,1.0550690359892485,-1.4605375477581546,-2.12960495760843
-2.8078985823221494,-1.455623644763527,1.0261154327760913,-1.6771207664576138,-2.146965294176687
-2.8854176796770408,-1.3030991641809204,1.0125599349016172,-1.962628391235842,-2.1611480826772023
-2.9734223963278965,-1.2353702751167337,0.9894774920347097,-2.166330762839611,-2.1882050828646546
-2.9466280021605633,-1.4366240362728584,0.9754411460961594,-2.0588149204677935,-2.2017083215161595
-2.5619177161940385,-2.0706795592100287,1.0502532083179998,-1.1400749313912233,-2.1289733790439853
-2.4482258172504014,-2.0745366477950293,1.0353744310996185,-0.88662659333343,-2.1310218743628826
-2.353484886306015,-2.1012401085787613,1.0225803115326124,-0.6543627247081422,-2.0973010531174965
-2.233096580975775,-2.165019607582396,1.0301906253374802,-0.34729365964785675,-2.0485810677134624
-2.3510170009762708,-1.844138495085265,1.0266597020375678,-0.6258104429670936,-2.0436328544769373
-2.249943208348331,-2.0724136280943823,1.0566429862773818,-0.2603472367365409,-2.017467039714607
-2.3022471856377296,-1.9457418839781153,1.0792108179194912,-0.34802352824165705,-2.041889969234459
-2.477425166500283,-1.5748484911817726,1.0715635165405433,-0.8657950663815405,-2.0430213324710103
-2.5296762401015886,-1.619638334222728,1.06721572031323,-0.899644929830155,-2.0650822751837965
-2.6520601258744887,-1.499288261522082,1.033460174420735,-1.1852022894573522,-2.115793996374353
-2.596607982650694,-1.742673274213136,1.0301606690292366,-0.9675400040493872,-2.0930193637889376
-2.3783184156771893,-2.176710030956937,1.0619180120402383,-0.3495820693113058,-2.0341904418699044
-2.4670704609699428,-1.8732409970795088,1.0776873512829512,-0.6299130072831414,-2.047565329278393
-2.5891566743687586,-1.6190658195971033,1.0690759416485154,-0.9844936889815374,-2.0849205119167555
-2.743215170032974,-1.3529255005783625,1.0676398809265888,-1.4302317596030227,-2.0984133368285276
-2.7442456953463754,-1.5492205182369008,1.0593330652058623,-1.3287356007023223,-2.1230028741149036
-2.626365784902975,-1.8236450263609507,1.0465983115711182,-0.9965251685662245,-2.103285938593892
-2.744919064725793,-1.502227975847124,1.0386386644487242,-1.3893238923314346,-2.109012475881848
-2.8326331200446813,-1.3323929304968414,1.0333125256095628,-1.7144455517178039,-2.140857428997636
-2.6439827143869894,-1.7998195763463571,1.0421128780488857,-1.1843982776226898,-2.0975589046669008
-2.7198634700311586,-1.5496999191245737,1.0557806938461025,-1.4933760245206018,-2.1067380942990357
-2.4465894443176137,-2.0267487141711213,1.0869679999153248,-0.8373569526016575,-2.052779230860616
-2.4624643388594682,-1.9032958325603466,1.0638589040266693,-0.8695973485122638,-2.0713727416790513
-2.2362629359335005,-2.2262999529211878,1.0793514126123145,-0.3128687599561256,-2.0355190368258085
-2.135056850905729,-2.2745103069766426,1.1029494413251713,0.02415964166711727,-2.0118250297616003
-1.9619896038266593,-2.393640698685661,1.122349195036845,0.4297600532859326,-1.9616749197592183
-2.064861340364244,-2.1258479913958825,1.1256643422738908,0.22497677416319523,-1.9714617657246438
-2.1839496714958426,-1.9430418187371195,1.133113618273243,0.027853041074786398,-2.002619219206532
-2.445696533185399,-1.5006623815902782,1.1212943220932965,-0.6860075047111298,-2.0182457091446575
-2.3164847209723307,-1.9618301463529435,1.1445171406568064,-0.23384470686540101,-1.9610725255806036
-2.4403222179224118,-1.7453674433763617,1.1477709718587756,-0.5581987176430787,-1.9926231673018004
-2.5947536822750368,-1.5187845874523171,1.1299237065044803,-0.9791476483187331,-2.0498742728844834
-2.751012793997401,-1.3759484458067497,1.1187105229532623,-1.370393583796013,-2.1017828102195715
-2.398589087205008,-2.0955735104443245,1.171514994025727,-0.6104810576725416,-2.025876691731134
-2.2133379069761463,-2.343334953245306,1.1535831413697482,-0.123736838611504,-2.0056785350150053
-2.1266909724440595,-2.329470676075542,1.128273401597663,0.09882385180229385,-1.9681442376768576
-2.193792610310501,-2.1243616961541543,1.1368233223940427,-0.04505705072146233,-1.9652128999767744
-2.164458397122953,-2.143871859933709,1.1302314915394958,0.09313674184457053,-1.9477748489593176
-2.424546951889897,-1.6458594657699925,1.155809662846224,-0.6039893574940421,-1.9549417869027454
-2.544742485499133,-1.5946059686467335,1.137617475435853,-0.8444901753287732,-2.01569635536348
-2.4023167577552167,-1.9749302265297077,1.1376827415557305,-0.4420921558086411,-1.9862153997104885
-2.5950495784839904,-1.531321870016625,1.1269687855845232,-1.079721826214639,-2.0102422021462405
-2.709396556251911,-1.4264253454331282,1.1212095864658307,-1.38060676932951,-2.0586719673584946
-2.8009111761216614,-1.4025810846483766,1.0820544388839062,-1.5853361693382189,-2.111550020984236
-2.649384674573042,-1.8204767210677584,1.072300307036345,-1.1707255433692192,-2.0796057041822538
-2.780678610021144,-1.502186532959843,1.054165654219436,-1.5617593039043838,-2.094980407281801
-2.8297560438218694,-1.511016401339648,1.028412038576877,-1.6566297289638738,-2.1469130258968474
-2.4547897871139828,-2.11872833874904,1.0861106218831835,-0.8370602510038537,-2.0645241312178926
-2.5734619617458545,-1.7769303639323177,1.0676455072714752,-1.1542164622526248,-2.0941044182428588
-2.7406593957721412,-1.4122147976993413,1.0310161578728378,-1.6100455127219169,-2.09999223953828
-2.7897800540822826,-1.4247984891167844,1.0165544276787823,-1.7079152020641735,-2.127594635389314
-2.7062375407001498,-1.6579353398823515,0.9930816326053543,-1.5106326424123582,-2.1327386576981953
-2.8236592533270226,-1.3776583894989267,0.9699193368124963,-1.8329854055686583,-2.1153733988291274
-2.732498791021218,-1.6727540676909494,0.9858348237653175,-1.5565571507488642,-2.125847855911222
-2.740219520082976,-1.6319245012438075,0.9903828445183175,-1.553731531149292,-2.142409775760921
-2.8352379239227035,-1.3381955808810662,0.9670955250262702,-1.9246796987694865,-2.151033674304684
-2.6293465816187136,-1.8159105006954528,1.0150248587124036,-1.3583447271385487,-2.1288106752206724
-2.7405695538868957,-1.4953304638271123,0.9953890033282826,-1.7047471508452554,-2.1235750889469553
-2.5786737125560912,-1.826426704597853,1.0142637734283453,-1.2560784560605376,-2.0892152998602085
-2.608378711022785,-1.7517607072920582,0.999238215754488,-1.2774387850247855,-2.1226156490055867
-2.6782357111008483,-1.5845584005190791,1.0174580232533437,-1.4809300850703384,-2.124493036675941
-2.6788743013044938,-1.624259967182792,1.0162294741283455,-1.4298021139263188,-2.1314087840542513
-2.6985745899340516,-1.572004201764066,1.0013579648775386,-1.4795822183480825,-2.1472436389834626
-2.5838006131164306,-1.8449052027129575,0.9811036405147924,-1.129914042300573,-2.130077003220697
-2.5295901248935966,-1.8957622816568933,0.9879086512935529,-0.9470755069480727,-2.1332714262412256
-2.623188842839105,-1.600558719311293,1.000825777260488,-1.2458477567764377,-2.1300102083261767
-2.751527487518637,-1.3547559908579687,0.9956186766916304,-1.6693584569961633,-2.13399014873793
-2.357406992178321,-2.089905394685037,1.089355462359345,-0.7768700746446557,-2.068459681664426
-2.363082617213732,-1.9935942483267233,1.0801845185150596,-0.7344093432633417,-2.0657747122426513
-2.2199596112044424,-2.166718366780248,1.068290126885605,-0.3517105839897801,-2.0367155251655675
-2.301410053662182,-1.9242139426969058,1.0664074235518306,-0.5323440529683793,-2.0375438062290097
-2.1372102301606652,-2.1706787213670293,1.0766101700425765,-0.07099863877599155,-1.999771485333925
-1.9192061823625786,-2.4538308557187816,1.1064265130041224,0.48653185558743517,-1.9455178382997145
-1.7618955497477933,-2.5245893221320843,1.1310171281573904,0.8317564763676677,-1.912228775394542
-2.064131590321777,-1.9316477218274062,1.1314673389116296,0.11366623793382874,-1.9148666374862469
-2.0318998732570166,-2.0747362335890944,1.1336090467577102,0.3203327402455136,-1.875251227632472
-2.06208904179966,-2.054577235233871,1.1248278165027674,0.30629939824080815,-1.869317876397971
-1.8559097769183193,-2.391082189318647,1.1676288918202369,0.7984241493459854,-1.8710096563783498
-2.0895144812753035,-1.9822801770734213,1.214247237983814,0.2561894552384212,-1.9113146822644116
-2.1522958873153524,-2.003952508080976,1.1882157584262416,0.24011772183691807,-1.9204608212030254
-2.425376198819905,-1.6033879902560007,1.1700588140991008,-0.41610780189160734,-1.9659687170708682
-2.32496614809902,-1.953026441855066,1.1614416458951426,-0.11395706235650642,-1.9444068087266426
-2.133110337734452,-2.3159549385572133,1.1840367708167134,0.39536541952973997,-1.9023056440366173
-2.2812845168401417,-1.9840530412661297,1.2041955916699874,0.014622207528736043,-1.9496857616638823
-2.351824963775631,-1.9461450863073277,1.1801342263895775,-0.08935751956919757,-1.9774500992302375
-2.1878673890467066,-2.237100251895687,1.1817920829861268,0.30770038126937854,-1.933999674835225
-2.013503152229165,-2.4478782069604175,1.2125755860717107,0.6977287544133403,-1.9051906063879336
-2.2687969971254436,-1.9184534261041235,1.222946041679724,-0.0021859600267187785,-1.9557683135079846
-2.3070568300407603,-1.9417345816766558,1.1928136845172002,-0.024699098168516193,-1.943334227124038
-2.088173701437385,-2.340797253896465,1.2247375262495204,0.47631582534288114,-1.9109676360890253
-1.8244511648639596,-2.613632557753583,1.2696728221867921,0.9895659208068348,-1.873948377151099
-2.1994464130465747,-1.9048765242460823,1.2503028760263584,0.0794633224251252,-1.9171740751405661
-2.3433940352710416,-1.7911843028532786,1.213197751473435,-0.23889139593292763,-1.9463230558168214
-2.2129747636770434,-2.0747656690951,1.19424744033706,0.086285250944383,-1.9047600133789504
-2.419291303002277,-1.736903818346808,1.1888969835318963,-0.4195548998270745,-1.9450418643839296
-2.647658770633309,-1.4031364963833108,1.1591465410988502,-1.0050523491738643,-1.9929516451692364
-2.7362470519122293,-1.5065808666409024,1.111966136449449,-1.113971314901992,-2.047402924645235
-2.457014333364775,-2.0963753035868455,1.1501139514566916,-0.4606858181356763,-2.008492759132362
-2.595541599805845,-1.7436469598548137,1.1615133023131867,-0.8752304515311595,-2.029085734827051
-2.763759742773689,-1.3969464958142228,1.137067938768565,-1.4372931233442066,-2.048042917904454
-2.6725316718733736,-1.7223021288864693,1.1042767934307995,-1.1652093027299448,-2.0723444963023683
-2.755386747748051,-1.6157197850175924,1.104002678158124,-1.3459702782450447,-2.1139008876441028
-2.7202997525408374,-1.7363621309078026,1.0953385833459603,-1.2711532635072422,-2.1258140122293803
-2.766434472951491,-1.635848008910358,1.093502758366628,-1.3770848679784777,-2.15455856030351
-2.7978364302716265,-1.5738304370655702,1.0797531686851973,-1.4702476264142068,-2.189749382414588
-2.8273924182929546,-1.5130268777914557,1.0647626713590443,-1.6509490316075084,-2.2226056599880835
-2.604445672594701,-1.9821164560240845,1.085176868239673,-1.052790657489748,-2.1780917469633216
-2.5815663675917064,-1.8782771208554316,1.0829057984524886,-1.0510466179824016,-2.1535913081426448
-2.4640122074645463,-2.0089033288074725,1.084978419028764,-0.7164214211965426,-2.1125369858632133
-2.2467334831056416,-2.2671954464340742,1.1179281166816286,-0.1949096046122325,-2.054205026112769
-2.4333910251999775,-1.745542603825483,1.0996727087690705,-0.7537271647397507,-2.069765267670029
-2.656505020798838,-1.3726338346036497,1.0866194265724693,-1.3223772963322578,-2.0586995895126514
-2.3953736649149766,-1.9384412736025267,1.1339272670045828,-0.7602058356700884,-2.02283502644099
-2.132666213638111,-2.345922363359599,1.1579157581274409,-0.03874231337095596,-1.9801650800818513
-2.359512886264834,-1.7820070116009745,1.1354606778778682,-0.7011815468615147,-1.9787878393549394
-2.2237751728614206,-2.0533349269767216,1.122743338396197,-0.32180660926844584,-1.9498122500039574
-2.3715460284951355,-1.786939820252844,1.1346925658294544,-0.6821718488393864,-2.0013052431060814
-2.270562708209214,-2.035541581175954,1.113971402455751,-0.32738389066997864,-1.9723390302990091
-2.3339659795287466,-1.8873405534457641,1.0948683072118035,-0.45999622240853305,-1.9929846958518467
-2.4351076802122895,-1.7554136354268224,1.1058787109378152,-0.6418872958445274,-2.0474803944594293
-2.4854190928980437,-1.7721948328026063,1.0841461444286131,-0.645123656638479,-2.047550680798139
-2.6499813994191843,-1.4474404954035769,1.1040881722045255,-1.1251217592151992,-2.090733128260803
-2.4191025903503696,-2.019961528456278,1.1525209727637409,-0.5291026570712059,-2.0130570343129874
-2.276078269758191,-2.223973366831922,1.1315792020056077,-0.17325112850459895,-1.9846022275798763
-2.1438708311054384,-2.288056441887866,1.1328761090447188,0.12282317189904898,-1.9456375983941263
-1.949048015411961,-2.491494873464682,1.1546002690911084,0.6061059010128049,-1.9137492784290535
-2.093823472446895,-2.1143645572550485,1.1702142631661414,0.21982483220104543,-1.9438985937247975
-1.913260083008857,-2.4059016043307095,1.1928306683376473,0.6763259523729388,-1.8974569470462834
-2.148839106263298,-1.9413472338475146,1.1859102396806012,0.09740862790577724,-1.9226667143412686
-1.9113699638996986,-2.367439756115754,1.2121117780390605,0.6087350462089913,-1.8791221894032257
-1.9002883794980723,-2.35288725601172,1.2175596346465816,0.7390640424004948,-1.8587792010161053
-1.7146962146437217,-2.5854591962712665,1.260296805141363,1.1246222441515978,-1.8452767150711107
-1.6148859588534847,-2.6692695938176985,1.2853808106321798,1.4020906856904407,-1.8119692862535217
-1.747657434315875,-2.392376439114206,1.299018007425164,1.1820791443776313,-1.8235450057038567
-2.0132873889298772,-2.031655519980629,1.3053787073355971,0.6570844594042684,-1.856147313504735
-2.3185671338434792,-1.6041886879048914,1.2662625363240365,-0.11340743632667252,-1.911198243312284
-2.1521270952651133,-2.106129388968864,1.2596247915179353,0.2926362663578238,-1.862686723236066
-2.4110833431821237,-1.7293969553743829,1.240019795034824,-0.3100814025236764,-1.9402138835546119
-2.5124579601112838,-1.7733030202413254,1.1939652998974672,-0.43166644103827195,-1.9873064718091855
-2.320792134550781,-2.196377901701905,1.2019644060934385,0.04293801553870038,-1.9354004865379566
-2.3807986187656343,-2.0222347396429465,1.174841324292417,-0.14040788496932893,-1.9689830302551634
-2.464722972123441,-1.9056650026838218,1.1566523834797162,-0.3189849727573942,-2.0220534684117832
-2.5376442666249126,-1.8238767593534357,1.1666016773846548,-0.45089591354826314,-2.0300232425289666
-2.2332454878751142,-2.3319294265714325,1.206812223301361,0.17374377000235697,-1.9664330441363802
-2.1262033704285064,-2.3788515432179977,1.205525937421393,0.40188036258060855,-1.9448302698165916
-2.2077755380971027,-2.1345011738827866,1.2196454236973622,0.21395295173953136,-1.9477455755386386
-2.41678339512001,-1.7465807091278618,1.2364308935504167,-0.32559156740549544,-1.9918826315520368
-2.5796234154051576,-1.5593412748957844,1.224033083271825,-0.7272595070915651,-2.0522230651440037
-2.477309451993283,-1.86500027764783,1.1968138430996194,-0.4735063921264435,-2.015493876668325
-2.6664308359441375,-1.4639558396486103,1.185163185213781,-1.1163578170857087,-2.0434601959651535
-2.369707281407372,-2.0800627042562416,1.2144473591809881,-0.4606294928497269,-1.985319365296394
-2.350923293803327,-2.079235126764425,1.1957533944840455,-0.3364797742129086,-1.988002469418767
-2.345616626007692,-2.0354412152400743,1.17975729362547,-0.3175221025148628,-1.9945523497155722
-2.232278897983285,-2.1755604415525207,1.1617165116421357,-0.036961370824648815,-1.955873783575441
-2.2965900498038434,-2.025471943438382,1.177041599376396,-0.14377166637244684,-2.0130138958605888
-2.516058465736704,-1.627454872817529,1.1629430504736258,-0.7081265563342131,-2.0700980059915697
-2.4263981519846345,-1.912350424847792,1.1662174339705957,-0.42473250955275155,-2.0518346997206693
-2.538300658057235,-1.704883312658947,1.1900309336911534,-0.7574441403583879,-2.0729585729775915
-2.583791584313999,-1.6863781272926563,1.1671641718187915,-0.8601220870772751,-2.1095682591522547
-2.3557211632256583,-2.162256954686545,1.1995760110394451,-0.2692362589561226,-2.0496675258957233
-2.105711795136856,-2.4452165360001175,1.2046091361323952,0.28614242452325106,-1.9922623530327086
-2.1754939389376924,-2.1967903769496653,1.2261966931950317,0.10961821177570386,-1.9953193460459113
-2.341944102201598,-1.8416312804437447,1.2104181087356083,-0.36241155377759104,-2.032175301184207
-2.541010038600132,-1.501641746527285,1.1603255962983736,-0.9295970167141514,-2.05051466823663
-2.572810095002337,-1.6886555052582481,1.1211390147897176,-0.8537060511323593,-2.068993902528798
-2.74013964249733,-1.4150796258310043,1.1176598304356118,-1.3226900401555979,-2.101160172414411
-2.4944504465004242,-1.9496381178128233,1.1299831628737542,-0.7599551521196481,-2.0517565533565802
-2.3985359983968078,-2.0866759307388754,1.1369183172104653,-0.487108339075777,-2.033179391288144
-2.29538726840299,-2.1652342960690314,1.1326322909604474,-0.16473946619735344,-1.9934257308203407
-2.4313234602934664,-1.7921702801996444,1.1493766449312421,-0.5815903390312368,-2.027643395680424
-2.326002578039977,-2.005027787489282,1.1254692688637389,-0.2981618316675549,-2.0205704373311826
-2.489980645202751,-1.6756932094112207,1.139892980009327,-0.7917025274032045,-2.0485380307624483
-2.271929197222879,-2.143713421184329,1.1729048909665398,-0.22529297794878134,-1.9949200041308548
-2.146489953300119,-2.260117622107926,1.1724157063534464,0.05438233499747421,-1.9741676728836652
-2.3647224329796552,-1.8043966516973584,1.2091494253341535,-0.49498147378169494,-2.0095839094573478
-2.175377097470648,-2.1967656584227413,1.209414114666155,-0.018354808584547473,-1.9726342679346973
-2.3317163598242345,-1.8726532560944342,1.214074450242697,-0.3859010021397442,-2.008354302823917
-2.3029847447491205,-2.0088742150696275,1.18280571245812,-0.2394880579243364,-1.9924530388303614
-2.0642745224660097,-2.4106271281877607,1.2125172943713867,0.3483435621543757,-1.9373920251003964
-2.2749150155007474,-1.9540027468424894,1.230305525907519,-0.16273409822018614,-1.9732404459854325
-2.4587584820803396,-1.6632392529116524,1.2014922091278324,-0.6342433622152263,-2.004347909531454
-2.32821940269323,-2.04704330973855,1.159640629871657,-0.2561053920890756,-1.9761091376147892
-2.1853383228883363,-2.2816271163776385,1.1634830982054971,0.10343740569083956,-1.9422229799852067
-1.9254240487235035,-2.564595446726298,1.1979959896449746,0.655402743611793,-1.8878617882700939
-2.2015898220021795,-1.977683268680861,1.2256450833857515,-0.05401668621585594,-1.9369911076168422
-2.0834137019134205,-2.216477735470618,1.218447707502358,0.27225442978267117,-1.8820650694163106
-2.1709607145614522,-2.0329080136458026,1.2270282254442508,0.07076255177373965,-1.9114998644341856
-2.007258681096428,-2.3323413290770207,1.2267300747034136,0.498643358357931,-1.8910165074304153
-2.324903890627244,-1.7785465405314833,1.215590929662543,-0.25322241370242304,-1.9510573525941892
-2.413777755995917,-1.7809775607546248,1.1848018698803275,-0.3935426250845043,-1.9930408587304933
-2.6177303244753665,-1.507938902377512,1.1519106543412478,-0.9262533877318945,-2.037222118015151
-2.6276891812205214,-1.6896257400416217,1.1146482802082227,-0.846055558085937,-2.0574560040879253
-2.726885935002046,-1.5723212765181087,1.101459819901227,-1.1259160449399916,-2.0937566099930986
-2.812288916880408,-1.4911104896719385,1.0537526062401021,-1.3436501060476982,-2.163501060149331
-2.723204842451736,-1.7870415463195282,1.0355303412708008,-1.0316184611434747,-2.133441681263786
-2.85799821258177,-1.4315488606384328,1.0204770287121208,-1.4887108385346888,-2.140354137844418
-2.718872610384829,-1.783291188664295,1.0219795706230956,-1.1484162937324978,-2.1162422816101314
-2.602651417168346,-1.954114129261163,1.0375139938487439,-0.8294680548105778,-2.1027106744482715
-2.652590343395152,-1.7483704889719855,1.0557698726973945,-1.035722725125026,-2.1178764905868785
-2.4494206821381352,-2.054420820660715,1.0741065215298924,-0.5294725316046152,-2.0869564401591756
-2.5243886362975845,-1.7696958073081759,1.0987304431480611,-0.8459517553236425,-2.0794558544175388
-2.250830383220958,-2.212578438854204,1.1341071714238256,-0.2328083268199296,-2.0315398578960657
-2.0052722131661733,-2.495413587878775,1.1732399586609557,0.3487550338779467,-1.9903716834713998
-2.1174120555481473,-2.142803461658827,1.1715747173890563,0.04164115506979082,-1.9769776644633965
-1.9959742511410343,-2.3150768971554174,1.1871438722371943,0.37934594067961497,-1.9348079972414791
-1.8174987292554927,-2.4854868636698537,1.1935860362742898,0.7859352018430523,-1.8999489329694377
-1.8387870168101914,-2.38457201396612,1.210559771557212,0.8213879462222274,-1.8636614965832308
-2.0239154337582073,-2.0542576544158173,1.240479976353379,0.43707468731865146,-1.898796505288976
-1.9724839012162845,-2.2012829044528774,1.219652080824223,0.6529664257439383,-1.8735351063468442
-2.102557344079406,-2.0339057555252418,1.224753019387705,0.43910026799021235,-1.9071641916959505
-1.8961840046135485,-2.389574789711964,1.2696233241146178,0.8795866931525355,-1.8599427858148232
-2.102518126546478,-2.0560602398444425,1.2837182496390929,0.46333347049598567,-1.9187158730268745
-1.9859459135652642,-2.2934355963919164,1.282833095386397,0.7525543284223859,-1.8844730861934378
-1.8840702108537468,-2.4586356782851566,1.278548557184674,1.03630233626077,-1.8517925879839006
-2.0885561386573097,-2.1034523869446824,1.2991646178502079,0.5812669456415994,-1.9044792298247843
-2.184618992890377,-2.007313854316631,1.2741345863629236,0.38083351994315423,-1.9075752494243394
-2.2287113540573653,-2.058610558390777,1.2462877341249294,0.38545929002874574,-1.9368691162650804
-2.338101453128426,-1.9458590379166223,1.2337656895817075,0.16052366321831654,-1.9569729550197772
-2.4691664550181196,-1.7649287357156203,1.2213231847076442,-0.16097695789995026,-2.0071184959355435
-2.3241777596034825,-2.14111985964934,1.214262899124155,0.21076985028229173,-1.9770306741828014
-2.377879815813273,-2.0042014485644546,1.2123699532198693,0.07636691420917115,-1.9863721216443433
-2.166946453900325,-2.3462505097477293,1.2524976869696671,0.5083952255996389,-1.9381826524843777
-2.0557656442205325,-2.4305688385697652,1.2623312610923183,0.7216553275737558,-1.914830859271681
-2.259410700258358,-1.9972520402441807,1.2781067299348459,0.18927708346024194,-1.9655928457135419
-2.007920255154874,-2.417189580343597,1.3237443643804567,0.6959284511542629,-1.9093398369830619
-2.104380898267704,-2.197503135040528,1.3214253010149588,0.45763079605913665,-1.9206086789407784
-2.343329647547924,-1.7824290129801814,1.2965041413714236,-0.18609324502832592,-1.9827816345761624
-2.4347872668388812,-1.801934867880522,1.2803828430723239,-0.3249785539348917,-2.0196297117953073
-2.255536034279006,-2.1910355950436213,1.2495499536845092,0.11387236122264421,-1.9508132832738438
-2.2075931979804277,-2.2122187476133286,1.2375053223675438,0.2523185488157339,-1.9428014429353242
-2.2231850034823033,-2.1832550203492964,1.2322751482305192,0.2907330657727348,-1.9467711173107805
-2.2031977815619768,-2.195683652572619,1.2290431378859275,0.35771142717455295,-1.945686978447903
-2.112168850029103,-2.314769653962119,1.2335338322898162,0.5684398933691411,-1.926851606026948
-2.280242299057708,-1.9784295599516264,1.2393788072377252,0.15427081655186708,-1.973042062353878
-2.504114773928386,-1.65927089038768,1.2459871909867222,-0.41396642228734537,-2.0258702849090664
-2.5984910088325863,-1.6433887508185998,1.222102158130329,-0.6324429055965243,-2.0690130461479037
-2.7511595304114036,-1.4220589176348826,1.2003218504393238,-1.1093696957084054,-2.1080457471810887
-2.7681050183694516,-1.5806567886134184,1.1475916615663464,-1.1489086336226202,-2.1384449215003065
-2.5038038140854173,-2.0799191288595065,1.1655785982578128,-0.5427846982354992,-2.092889313694034
-2.6672985395213216,-1.6236495976280687,1.140961369619289,-1.1138506977329523,-2.1004063896765333
-2.40752310424844,-2.116706577912938,1.1759093018166265,-0.48357805461837156,-2.0406051733683057
-2.3421771174099297,-2.115029559710662,1.1678425039763687,-0.35427411634675215,-2.028376831523646
-2.305353514683577,-2.1176934789477166,1.1516705822986035,-0.20647970897911713,-2.019619982557417
-2.2410030041762674,-2.1421456913200885,1.1491698115614457,-0.08022037107985111,-1.9984113090913618
-2.2537346464305843,-2.045556285461235,1.138465157876314,-0.13166164781619302,-2.0055177237184063
-2.0935041031211536,-2.288815183645698,1.1533497747485184,0.25243337325679754,-1.9598891334873052
-1.9473237411035795,-2.4597628552706543,1.2056978166280905,0.648389883729801,-1.9304158915834329
-2.135585126270715,-2.056073140225853,1.2174466906779118,0.22993364542609446,-1.9605111208018906
-2.022601219806809,-2.274965168492454,1.2522061020436077,0.5233167516878315,-1.9214242914799202
-2.2406423538260416,-1.8881807809652371,1.2640615185428197,0.014385708243976513,-1.9618317117206385
-2.0944402930287427,-2.22865235029532,1.2613107957570031,0.4069248000309734,-1.9040589094462554
-2.2659061266373763,-1.9373469672973773,1.2616835450008825,-0.026750014823614485,-1.9618493786147937
-2.191512548578478,-2.142129857950677,1.233567486897649,0.21007289028790369,-1.9231153734952138
-2.2682172770501134,-2.0182890191020357,1.2077016363377309,0.04511412760569496,-1.9547997051065384
-2.5112828286787487,-1.5975829552917669,1.1925981224125006,-0.5614030638547004,-2.0161794188619853
-2.7256864791675293,-1.3465856445863502,1.1571314061933433,-1.110861965104641,-2.066389379016018
-2.687832996151719,-1.6812341457322528,1.1379705344423996,-0.9367295856044809,-2.074992755325157
-2.7921801118315988,-1.5115658226600732,1.127817201802487,-1.2667826994030946,-2.1338464644918864
-2.7521802526202794,-1.757922054983948,1.1110165696316123,-1.0850455518233815,-2.135326702795877
-2.7456969592239604,-1.780756445987692,1.1040077360203093,-1.057642595566867,-2.1588685926056166
-2.465459523920696,-2.2035877741443883,1.1170925255861825,-0.4393362188453071,-2.110989870383551
-2.234879954479108,-2.40224208524674,1.1222370254200111,0.07466022109762721,-2.048841387837547
-2.0678788164743254,-2.4418811406040684,1.1644996816721547,0.4117618440934913,-1.9961059927878817
-2.232552515888245,-2.021854266318138,1.170990596869459,-0.03785558658949685,-2.0223574704670906
-2.232082734718161,-2.0276974397890375,1.1646090903315276,0.004730730008022606,-1.9967602896516434
-2.0675690907461415,-2.2773162262066178,1.183645565259435,0.3992787337447589,-1.953880424984425
-2.3253008704478457,-1.7708229641013489,1.1813533742242912,-0.3257002872208814,-1.974084345837405
-2.2015869649774653,-2.0733974219918974,1.1855172379078531,0.012217809313849717,-1.9547246730921928
-2.237447490286203,-2.0679538890263522,1.1703592946154948,0.014104556371568884,-1.9541307815968916
-2.139446010071486,-2.2141554974886875,1.1793650400415776,0.27561337154768617,-1.956439796284515
-2.0725661735104084,-2.2751710876189835,1.1832963221068151,0.464695705287547,-1.9339207069453084
-1.976881640119036,-2.364529355232006,1.1957980122072958,0.6886490994092105,-1.9023223003381378
-2.1606729560577174,-2.029911389265809,1.2231615791190273,0.27544871820850136,-1.9326829724152954
-2.15164179796177,-2.0670688800567287,1.20275366061406,0.3543601017492476,-1.9173606359536197
-2.2267660079276554,-1.9913435960736958,1.2190084294208592,0.2438182072283297,-1.9407435511148627
-2.2327275739379555,-2.060397397154498,1.1946470070558148,0.28502779029047753,-1.9468446184597086
-2.2416623710792654,-2.0866962613502027,1.1922761927454122,0.3151525808123813,-1.929399578544717
-2.355790377749384,-1.8887925849963652,1.2131651598941877,0.0010811375096671351,-1.995193081583513
-2.6052817617745316,-1.4745139780550494,1.2075134269566923,-0.6567514289689897,-2.056832095362023
-2.600320630811553,-1.759227389804748,1.1836505441913887,-0.5273506382075904,-2.056503353798044
-2.4343800788389833,-2.0671190998909603,1.1709407269627945,-0.1776958609405292,-2.020225775386766
-2.267133051582342,-2.299622651472159,1.185650701863429,0.21219642731012928,-1.9988155678125554
-2.279726171868799,-2.1576434157773003,1.2165800230365629,0.1518806072616235,-1.995488458559831
-2.450311024446012,-1.8088565612760963,1.228900906360335,-0.3012001669388082,-2.0607693193073593
-2.6174792496324777,-1.5631854333482451,1.2221379745694667,-0.7897362905852982,-2.0883539410196637
-2.5856367164669685,-1.757016610693124,1.195571413956236,-0.6885442937611851,-2.0673126601733456
-2.381913276985266,-2.1432577914324327,1.1924000826416186,-0.1698850637273269,-2.0192945473152877
-2.472128862558557,-1.881339721710917,1.1795958121294736,-0.5187303563736485,-2.0465745182961887
-2.308958511321439,-2.1376981603095806,1.179423862950156,-0.14454318330216856,-2.0198003026919045
-2.092814892350038,-2.4239738801358155,1.1792568060009812,0.3743636605258106,-1.9737477018936171
-1.9567483473957257,-2.468721590278113,1.206825650677419,0.6442848206754546,-1.9364790819862576
-2.0860739531953985,-2.1592211525297595,1.215900088969777,0.3645423071713464,-1.9375905498199206
-2.085213447272798,-2.127814191333716,1.2238499436017023,0.35646380848788056,-1.9287660643219682
-2.310245096910313,-1.7737102548089516,1.224073285585455,-0.16551055186047087,-1.980325984811932
-2.3901935636086282,-1.7832400060509805,1.1877247944213913,-0.28312181608342674,-2.0169552470699053
-2.337816178649899,-1.9862310138570098,1.180625879537057,-0.1344659557295066,-2.0049860362516503
-2.175862388932263,-2.2777299012701855,1.1829537462370603,0.25451402831210407,-1.955884341612776
-2.4035855941121347,-1.822373072026427,1.2086240357553573,-0.3234944120045348,-1.994952850813375
-2.204619699148363,-2.2010114040655004,1.2230550174652608,0.11217675461201906,-1.9521758750340974
-2.459162669239978,-1.6793926075136418,1.2028512555534991,-0.6034471088750363,-1.9860254370717805
-2.478394000632777,-1.7927613325087153,1.1604219752651024,-0.5647919439070821,-1.9857781016235814
-2.535666409858693,-1.741889443423288,1.141682537853367,-0.6770860828263717,-2.0385531929926834
-2.6929355016880123,-1.4302506210354728,1.143705317629474,-1.2215342433452643,-2.0738834794576118
-2.8468010823936667,-1.2665574639977966,1.1093038934976147,-1.620463702597263,-2.1246834317187693
-2.747775046125554,-1.689697838771183,1.0995776292321306,-1.2942023715060151,-2.1081370861388815
-2.8590622996337203,-1.4197423074957023,1.0862988571596326,-1.6838935715300039,-2.1297762748332176
-2.7200739611330103,-1.7549986879265247,1.067216203450868,-1.3334604829746672,-2.1296229315841
-2.411574398382075,-2.2047807259690173,1.102519051683777,-0.6165111933761781,-2.074221102761188
-2.1229848632629387,-2.4438147906800025,1.1225626649407079,-0.0024632464048464763,-2.0309296368945184
-2.2465000277595646,-2.0705345867228484,1.1214379912829096,-0.34447502479909775,-2.0245641085303983
-2.268397398786433,-1.9833607520934005,1.1172845255640764,-0.3492685443879511,-2.022051915690299
-2.4759019758787377,-1.601871985180777,1.0945665986906976,-0.9054182535772289,-2.0476590217568336
-2.480780457960494,-1.7126905531241892,1.0938534932075068,-0.8550447688975599,-2.0613308599099986
-2.6200497216142433,-1.5651430198548941,1.0760711189486691,-1.1518566356509548,-2.0996263927038186
-2.7749996429025274,-1.2938481670519058,1.0510066411727346,-1.6198975054258733,-2.1121235133872003
-2.932774392107468,-1.1297650684870917,1.029407129607129,-2.0224536381489524,-2.126365501281529
-2.552346154681143,-1.9589641005312042,1.1407066129229446,-1.167596497920405,-2.0566047722366774
-2.710881526550105,-1.523032620848683,1.0986846324683217,-1.6721476464475051,-2.0778030848118587
-2.6797805237482697,-1.7322137175474823,1.0791620793609045,-1.4832110866364736,-2.106822261511463
-2.5838569326068686,-1.946069213142103,1.0598915459150668,-1.1521145096906773,-2.111518942898362
-2.686538726124696,-1.6381133830569117,1.0434477352708893,-1.4297971384091135,-2.1313627696274593
-2.749635950357196,-1.4936201310076371,1.0224268604911706,-1.6194361130905737,-2.1402971727963656
-2.839836496284774,-1.3465992021867847,1.0090998276686163,-1.8666506928154862,-2.159910138860368
-2.8283147744215804,-1.5075047468886118,0.9835211851517938,-1.7340770726837043,-2.180344127965068
-2.814464789471049,-1.5687828075079127,0.9640430159364245,-1.685230313508517,-2.2028037180137505
-2.7968515647286813,-1.6096337644486056,0.9728740386091136,-1.6145678483450863,-2.203247548175059
-2.882073523951474,-1.3841257955784556,0.9561029741912558,-1.87193396449146,-2.198272949980601
-2.7880785009188505,-1.615471732700171,0.9779721725087751,-1.628334196330429,-2.186215493508834
-2.396858894550337,-2.2080222081006613,1.0487984266703934,-0.7252964898455,-2.1201969080588126
-2.0659702763871945,-2.513707318672089,1.0743256620978028,0.008944599760910794,-2.075105728430139
-1.9766603124702375,-2.3733913146036247,1.0529237778058316,0.1806472238608898,-2.030860071087665
-1.7260493201645595,-2.5808039068401945,1.0993256060587713,0.7426550207299912,-1.967355409895734
-1.5507244082517988,-2.6725399798194376,1.1386288917717662,1.1413066742702358,-1.919911236032274
-1.4963170447083456,-2.585052731972518,1.1734723477805067,1.28409743675599,-1.861033928766199
-1.3573637456759857,-2.6878505616440256,1.2634270372051906,1.5834095897309701,-1.8453100475677175
-1.5677302892749825,-2.352859839011011,1.2837525380012986,1.2477757767464956,-1.8203416665429097
-1.9152505917565543,-1.878816771284562,1.2531686876010517,0.5027867765264823,-1.870007583672609
-2.2540408956144464,-1.4591640727148858,1.1851302728571729,-0.332072856733062,-1.9184832582820062
-2.4815351063147517,-1.4420100123329844,1.1273700637501776,-0.6891574231891305,-1.9565660119177704
-2.5538664410395557,-1.61527791379997,1.068636724347303,-0.7335003594031876,-1.995973519620725
-2.6675721620691233,-1.6481039807149276,1.044668360564914,-0.8464578835700532,-2.0407068973021265
-2.6517575724150624,-1.7940509917888734,1.0341086630095775,-0.7552678635871002,-2.0573503535054036
-2.681589969231416,-1.8020420683189866,1.0320114459109289,-0.7576319959170833,-2.074870446850423
-2.567153348171915,-1.9875923621706113,1.0577619810989318,-0.4960675785702381,-2.0728408701933496
-2.2549449751854147,-2.394661738894514,1.1146989607308002,0.1560378882966315,-2.0059162529181025
-2.131105589105609,-2.3909145361930215,1.1411364295003328,0.3993245325572909,-1.9845765437615939
-1.9301075963329526,-2.523034095751252,1.1792769942875434,0.771414799059349,-1.945865856530606
-1.8820864391581402,-2.4451398956928467,1.2352751616707407,0.8828584808792863,-1.9196583516947499
-2.040444749861594,-2.1252162819073797,1.255236011004551,0.5223933174207073,-1.9321825437834286
-2.081415860303313,-2.059485892700171,1.2543497142160036,0.4182989535927615,-1.9238663104445033
-2.3101063200843055,-1.7350011286853835,1.270354080859209,-0.08922711322095678,-1.9719007338325323
-2.559845994081059,-1.4125363830932003,1.2181411477849913,-0.7865157545308848,-2.029453911413258
-2.454773161109881,-1.840173648345975,1.2048270611482224,-0.46546489069883806,-1.998846027659085
-2.61612958649421,-1.6100523252395833,1.1841636858308326,-0.8567009993135676,-2.0676594009240565
-2.7183997625184078,-1.5654489715786115,1.1615808067531497,-1.0955305443323264,-2.105300869341626
-2.810995697871691,-1.4556713978258333,1.1484216138998677,-1.3646339894651673,-2.137093057780353
-2.910312546639244,-1.3415248228956012,1.1175220625083422,-1.6997129006368972,-2.1645387751244467
-2.9261144274817728,-1.4143324798504677,1.08624905682106,-1.7534079138281382,-2.201345519182778
-2.9432145700666794,-1.448376317611258,1.0767185047343524,-1.8211265320497376,-2.203627895646408
-2.5862141107832697,-2.075271711710422,1.138071094703904,-1.019165513401638,-2.117655497105838
-2.5538377618423476,-1.9850349476438076,1.1142232628447988,-0.9507759622182311,-2.112157284859573
-2.4515730609440873,-2.0461165532631136,1.1095321725327987,-0.7557713408117349,-2.1146739019185516
-2.1452730389061574,-2.4014460519129393,1.1285628326639097,-0.029745102012591063,-2.0776155594725734
-2.152699663930434,-2.2066009399994964,1.139132244453126,-0.030933764657758663,-2.0280971629929914
-2.3702248038893434,-1.7351852126507201,1.1456310669641319,-0.6112475250450069,-2.0510960187512848
-2.459195481345153,-1.6812516427327886,1.1184837286102884,-0.8161991548431369,-2.069202064284366
-2.244528186475432,-2.1102338886203604,1.1438446375740614,-0.2673333577699983,-1.9899013387731057
-2.3891047470471203,-1.861124301957998,1.1505450945345914,-0.5559252162882322,-2.016227440973687
-2.395772721091844,-1.86574827689688,1.1276809697851957,-0.5483108719694733,-2.014564577481084
-2.1549239770614785,-2.3088999667917074,1.1757475519664793,0.06326949060537689,-1.9720552984114512
-1.903563568097828,-2.5945013174256224,1.202403115790124,0.6322646967935975,-1.9397305628917274
-1.922044503967246,-2.3662981169890576,1.1845949874018498,0.5899224994142112,-1.9152383100669577
-2.0864945846737175,-2.0621232611614007,1.1754650471495944,0.2622727101277257,-1.9081666673664037
-2.327565317643932,-1.663222255539785,1.1972089797200174,-0.356228628773247,-1.9524568712339894
-2.147853690834171,-2.104842352174529,1.2246188467776495,0.10569234141167987,-1.901455459928902
-2.369736623704266,-1.731636559847442,1.213555719990572,-0.43426700017362774,-1.9710265071677837
-2.215786264489541,-2.112608107230141,1.2044766014220154,-0.005322560679875512,-1.9314164517016716
-2.178233087579523,-2.1857638506688346,1.1794003302694882,0.14227669331369744,-1.919255509179808
-1.9850744589535048,-2.446105259566457,1.1951513455543492,0.6067769953060109,-1.8866768095485986
-2.032659669245546,-2.3115675276788954,1.2100635459388198,0.5883932308511594,-1.8888162792654275
-1.9263961057813868,-2.4167838038879497,1.2293471771202658,0.8350286279589888,-1.8434268008440566
-2.145241877289575,-2.0009338044734104,1.232868735335683,0.32675666688712607,-1.88956149326073
-2.37415227387285,-1.718314054069033,1.226557787465151,-0.19518656678285173,-1.951592369289889
-2.4799957257429543,-1.712234497284522,1.200469068253824,-0.34634324768867586,-2.008347751475753
-2.5473657028378223,-1.7547425065987803,1.1773352438128581,-0.4234428728826347,-2.0343363382167423
-2.3385717495904785,-2.170292685667238,1.164575865423508,0.049342581375301765,-1.9987983656403003
-2.5490164176212042,-1.7133951232374447,1.1919508561962489,-0.6044329532704165,-2.030922139045748
-2.7598752077097757,-1.3676203599317653,1.1496111098328048,-1.2108129869101212,-2.071272723594994
-2.726636332444135,-1.6610457965119338,1.132811840268111,-1.0634683117330685,-2.0784652864632376
-2.8780739261100328,-1.3876004722812465,1.1007907418858922,-1.5436210131738104,-2.1019374718127684
-2.6489697472620652,-1.934418523804911,1.1129309286988445,-0.9704521197253242,-2.0713670252775027
-2.286677491514145,-2.3820287251320322,1.1499205970877118,-0.22132084726741622,-2.0127774689549898
-2.4708022442241533,-1.815951167792288,1.1162703160837633,-0.8495867260419638,-2.005331295292189
-2.145293603393597,-2.290663834856984,1.1472670396190292,-0.16172967391140702,-1.9418300287128445
-1.9660777901473834,-2.4347419318679053,1.1677708178438508,0.24626458793402278,-1.9401830873272263
-1.7345566612993901,-2.6584505786247026,1.1957458934573844,0.8046107248681841,-1.8988066380421396
-1.9794874521105559,-2.1167702528452317,1.2005705764741232,0.24235878816815598,-1.9034619775795358
-1.8885356146088066,-2.273915770351102,1.1910679844788532,0.4893914385155467,-1.8730254436603484
-1.847099869161931,-2.3374679015899904,1.1978063967784005,0.6896890992828809,-1.8558649600642168
-1.7775427820596355,-2.452905047780164,1.224368433591592,0.9312374900386508,-1.8164470594253095
-1.627471885347743,-2.6205060326002356,1.2715598722477461,1.2743746284964168,-1.8162995169422484
-1.983696817160596,-2.023171435249619,1.2671083478154965,0.45665312034512406,-1.8748110675833891
-2.150176162050767,-1.9022931002286183,1.2269556558874155,0.17828038289549858,-1.8897612844344247
-2.274431645372502,-1.8907612590711942,1.1915430581725155,0.05441089456432843,-1.9183891674336842
-2.3128782756947217,-1.9541640175026858,1.1829427322955748,0.04234413071184374,-1.93909775428451
-2.5682093780160398,-1.5068760773543166,1.1708124683934908,-0.6398600641931064,-1.9980656768331293
-2.3824266546535355,-1.9896398409336384,1.1758790877637155,-0.20103896488432252,-1.9378785316899423
-2.200702148121151,-2.2949599751575605,1.2001241688967907,0.2738156832376444,-1.9064393068248715
-2.3288636019327558,-1.9926130652559548,1.1952357466984205,-0.04037609186638067,-1.9555996347540614
-2.127908337097865,-2.3234221734145426,1.2265134277739012,0.3936026600267765,-1.9218114509805626
-2.028372829401873,-2.392597949460103,1.2296323702532304,0.6004954332996429,-1.917190635198443
-2.126136380445973,-2.181046997400941,1.2206726182119694,0.4062188329828738,-1.9216960211542178
-2.1373243462734544,-2.170678511453902,1.2087592089538324,0.4094154351930022,-1.9233529840811738
-2.240108724882008,-2.031189657501955,1.2147621289506163,0.21767338936929082,-1.9338530336180906
-2.211471133820851,-2.108485919073116,1.1990520223165615,0.28799102433313895,-1.9290229343250451
-2.2282511540744547,-2.094127390315189,1.173727732598247,0.27197052811322125,-1.9542316491996419
-2.288784888594766,-2.0074719005994837,1.2194856339187727,0.14557148410114357,-1.9915512574140897
-2.3199052166318843,-2.033278428941349,1.219659090520019,0.16248538369724483,-1.982333744749693
-2.359749298888408,-1.999799230991637,1.2195571802932503,0.0981332231312997,-2.005721633029291
-2.2893751484617795,-2.135235848757603,1.2317203253170252,0.2664620155752092,-1.9895294613379508
-2.1879378716696896,-2.2979253064680156,1.247197940007172,0.5138939035408959,-1.9763886279707705
-2.251467089667753,-2.111154875560609,1.2747340247310246,0.34980007987709,-1.9870248447669798
-1.9889116970399,-2.5019874832950957,1.3035309915327535,0.8404975495677198,-1.9323836609254283
-1.8321145940437848,-2.5805015771050512,1.3123701718867846,1.0926889676245917,-1.901919639951805
-2.0512312119620097,-2.129410108414842,1.3490975463589687,0.5763214608245053,-1.9318720097277742
-1.8507455486123572,-2.4813743604762224,1.3679337112122998,0.9650349301683094,-1.8752279652169344
-2.0674248879811343,-2.0789310271335553,1.3370822638587334,0.49166962786289237,-1.896813031783862
-2.3601249432177323,-1.6052141332743044,1.3006811919301737,-0.3154819084777591,-1.9496297885031357
-2.23740928499602,-2.0195878858898126,1.2528692298872528,0.040767486406350244,-1.906222228592891
-2.2020364232592518,-2.1154761848222994,1.2473275230041638,0.17171198119124362,-1.9075204834315638
-2.3237780233711107,-1.904326489074327,1.2436045856367137,-0.09594566711036712,-1.9492359953497902
-2.4439935088472886,-1.8255295167536316,1.2171830289488152,-0.27185938853913244,-2.0064268776684147
-2.289166160724679,-2.171786435236376,1.2083554069344284,0.11670260203156947,-1.966344283742453
-2.3577044393696633,-1.9994468699824968,1.2012054873297606,-0.06096268731594164,-1.989953096930278
-2.2809118559619517,-2.1222702261304054,1.192296186322874,0.1427370771923083,-1.9770317532615025
-2.2719079947712455,-2.1236227645915338,1.1897677459201241,0.21976419434028824,-1.9987628248696894
-2.38908025955815,-1.9279487333631404,1.1913074885891932,-0.057310626132913864,-2.0442379556794243
-2.1245090083519425,-2.3519119352265743,1.2409354551197815,0.47266425643642596,-1.9479196295105496
-2.269637340238392,-2.051513923835396,1.2575630294887026,0.13041449161337143,-1.98400469488388
-2.5029150243093596,-1.5717660774802429,1.2553199090785119,-0.5735793994333733,-2.0308800816752397
-2.205854115377429,-2.1977336643249243,1.297104667311192,0.05071820671577775,-1.9342291350245426
-2.045629348225479,-2.3961582915723096,1.2795086318098532,0.4238122912141192,-1.8959226523219255
-2.2121126138684715,-2.0584261349725947,1.291172485003117,0.03375203366615508,-1.9594484352419095
-2.026378210458836,-2.3808311230333636,1.2852626515359973,0.49299805791274803,-1.9065545968390614
-2.1264978547427873,-2.1519425054199974,1.2884372218995448,0.2790576636333518,-1.9151439886240993
-2.184240679236231,-2.0665192674298436,1.2515028991076893,0.20128955149665226,-1.9251675969491704
-2.262928947665636,-1.960738231390938,1.2286399691070085,0.07641936946676613,-1.9593900560783177
-2.524074461577886,-1.5303893717401345,1.214450851209828,-0.5733386611114316,-2.017953104570412
-2.6072361155102444,-1.6185143314492463,1.185578470538802,-0.7122405717882717,-2.0621604814474135
-2.4375428941644164,-2.0156622511201125,1.17716954354957,-0.3158930487343639,-2.010210251939229
-2.1419883033898452,-2.4271708485274988,1.2036337067636016,0.28897828497833217,-1.960979086593391
-1.9491064839276446,-2.5558026712176525,1.216504731903751,0.6815844391372189,-1.9530295306912304
-2.121520300616511,-2.169096527085703,1.2238018984271892,0.269748496762898,-1.953839917874304
-2.153557329130668,-2.136256165490566,1.1961083929114513,0.286018074890928,-1.9406201713831426
-2.2900872677725577,-1.9040363763286547,1.2023699207117013,-0.05452823978447567,-1.9962228983564356
-2.4635840871959576,-1.7035669286281625,1.186335078272427,-0.3981905144042617,-2.0278313027339476
-2.6575053837133567,-1.4410593172931785,1.1646849279758333,-0.9371108062372409,-2.0961092123567893
-2.7213649559162176,-1.532515693548129,1.1262901490923405,-1.0648980664782304,-2.107204152517396
-2.627197857802418,-1.8565685082752177,1.1114451733449244,-0.7540928669328067,-2.09225510899237
-2.5655680966394874,-1.9666511908567947,1.1227247107038056,-0.5909213224467847,-2.0686964760270343
-2.6496906028233616,-1.7546973282834435,1.121327560902027,-0.8208151204631885,-2.0961413673559264
-2.342862878216504,-2.2525097201886104,1.1837109047510344,-0.15654234104353565,-2.050823470888031
-2.5114333384552667,-1.7932651404542757,1.1790220483452456,-0.6646323864161984,-2.0724100329549593
-2.435614900630341,-1.9536540975653747,1.1641022680868816,-0.4862373468907781,-2.0491569887630994
-2.488039942826288,-1.8232338787805242,1.1487796831108523,-0.6413479737495331,-2.061350737467824
-2.454510431643319,-1.8951399966982527,1.157735953540621,-0.5728962477295507,-2.0526330558078167
-2.5191574337778215,-1.7658545818234148,1.1563853262268702,-0.7195948354449487,-2.0975961394271314
-2.216237010776432,-2.2867019583958283,1.188742111331484,-0.01409851497511334,-2.0307757245020817
-2.220551294180414,-2.151737640626613,1.1963577932515879,-0.018377142970887567,-2.022278189392554
-2.4646008783137443,-1.6449411550590112,1.1831214905320369,-0.7034144347245402,-2.0349068623007396
-2.2164132885898495,-2.1720737908212846,1.217143071755804,-0.13257769827892257,-1.9756417982082088
-2.441498345680238,-1.7196197637222912,1.1995215715773293,-0.7127221549562659,-2.0173853379348365
-2.587219722680562,-1.5226008381528087,1.154062063667982,-1.0718170867795052,-2.0668697124726525
-2.272264093641369,-2.1982690989519282,1.198170017291833,-0.3441763651640451,-2.0048599830873144
-2.381948706189731,-1.9449340896326148,1.1792187037162054,-0.5566269815837194,-2.0091435124657537
-2.4439583902155806,-1.8820147152025264,1.1578233040373633,-0.6055575133521754,-2.024323181461543
-2.575703639654538,-1.6485804330638543,1.1372068670095334,-0.969615300153761,-2.06683683521269
-2.5651668224878432,-1.7924513320299496,1.101820752954277,-0.8433997381027595,-2.0888347435269803
-2.2976847258136126,-2.245008846281464,1.138892400601532,-0.187575197471071,-2.0316757677538972
-2.0624921691482383,-2.4879336555391984,1.161223524085621,0.33966316392626983,-1.9732804150242138
-2.072312490812521,-2.290398496648561,1.1482840344452854,0.33058672920869203,-1.9578728036771509
-2.0253310382046594,-2.272257602659021,1.1551542885635238,0.434258849100721,-1.9332779744256339
-2.2691409704633405,-1.8039409922522687,1.1663998243578775,-0.16803399112206674,-1.9581044740311355
-2.3434585771416345,-1.8040006108817153,1.1508080780726762,-0.273440623649151,-1.9737528755751184
-2.464821409703214,-1.6601445171882534,1.1489142375043293,-0.5537469482258947,-2.010113580355858
-2.244599910234998,-2.1630086876933228,1.1683695150283466,-0.002574050716302739,-1.9678383222899802
-2.2854395649831525,-2.0528619896963005,1.1518051884539204,-0.0700077966312252,-1.9865773385756946
-2.3522064374606395,-1.9240149609321646,1.1399515712381632,-0.20612239630645318,-1.9816147741189252
-2.4566015171799154,-1.7843161639887688,1.121191652418696,-0.4303373333043533,-2.033909140353803
-2.1615055677589443,-2.3023747012760944,1.1792410126489936,0.20854438437007897,-1.9660371513621164
-1.9430540121637991,-2.548007912164646,1.2176904502697445,0.6837150727650405,-1.938750938704349
-2.15461607833682,-2.057047060872498,1.215510920368694,0.13367787907372605,-1.9471387841923098
-1.9762348095201077,-2.3649954240028173,1.240062102758759,0.5674939445200783,-1.8854489057751853
-2.1364594827354124,-2.0806918129822716,1.24550146791971,0.25422740447371417,-1.911451214699483
-2.3624990824427354,-1.6809552023838739,1.212589556073068,-0.3541374880202483,-1.9515111549897273
-2.6221708567274375,-1.3323607104611186,1.1844051118561152,-1.023142149137509,-2.023010352553561
-2.736034591690856,-1.3947240749030112,1.1457130709312273,-1.2454085979543792,-2.076648661752418
-2.668448023111023,-1.6982599639909939,1.1109453581486788,-1.017225117121283,-2.0758900607041197
-2.541862921137454,-2.003330769945471,1.1163776992972778,-0.6533402800120608,-2.0534233768117214
-2.500076316843334,-1.9978268707773121,1.1096731233462416,-0.5805754402743823,-2.0490465229480495
-2.2366072327775246,-2.3604650718698545,1.127022603612204,0.030662065945881407,-2.001950692480667
-2.427172250735417,-1.8800653113785792,1.1487140493627044,-0.5202015432873707,-2.031099920551089
-2.6207691136326514,-1.4960899123403122,1.127785434081771,-1.10445374713244,-2.0559614803479684
-2.5758578775593675,-1.7213378581066485,1.0990122655842407,-0.9327697378906235,-2.045740698053245
-2.631569793602054,-1.6936726235223396,1.1034062582391793,-1.0276010951946386,-2.0915620556116483
-2.5424053672030853,-1.8672733944915945,1.104120300358873,-0.794029771291187,-2.0895623076350005
-2.302747144718339,-2.2637274376533507,1.1317012891695626,-0.19446020508373513,-2.0539609320109653
-2.381182887279592,-1.9705500031428915,1.1497295575578859,-0.44389014737986693,-2.0581590736913045
-2.594904232082309,-1.4942751541934753,1.1263555418475404,-1.1012491783153433,-2.0523654217285046
-2.347917438482366,-1.991672486515038,1.1628357242515446,-0.5258426214965918,-1.9776869844241025
-2.4761803353609046,-1.7219167431362004,1.1591661356446727,-0.8681249774213533,-2.033866690208752
-2.4181846395881093,-1.9237662573015597,1.1527456026113947,-0.6156258067301171,-2.022719881584481
-2.254995120345993,-2.1700127446844193,1.1493506994508302,-0.2068975504714424,-1.981774427217665
-2.1022673901018765,-2.3248628251373327,1.1326488592033517,0.1796636984694188,-1.9715749424775335
-2.126982089377561,-2.1910881780525924,1.133928476142926,0.1697572971083651,-1.9593888070974805
-2.2413666395161456,-1.9245392829740176,1.143976136938283,-0.0884825111684141,-1.9902209823176118
-2.4786608978174347,-1.5294870743062685,1.1218381326586688,-0.7006047802043761,-2.0196158062151026
-2.66541966235539,-1.3257784772243013,1.103263219097603,-1.1874179197603227,-2.0669383714322276
-2.767505045572518,-1.4009198933214844,1.0860973896298394,-1.3179794350625278,-2.1203946070615913
-2.6228189584976462,-1.8298078638122572,1.092883775450975,-0.8807112574968886,-2.088943213758024
-2.337643479594706,-2.2823848892624423,1.1079560501135328,-0.19126165582245175,-2.037833791229583
-2.4953534006706435,-1.811386834539128,1.1376335001903197,-0.7108696952883992,-2.059661524199965
-2.1847226304714336,-2.3195454758706076,1.166075965322142,-0.04241062320984896,-2.009752189190119
-2.038790047359679,-2.395394015789565,1.176999247047115,0.30105501231908965,-1.9866125240638894
-2.182245322100244,-2.0439103785349184,1.179184967032658,-0.027783216716614743,-1.9704530045495907
-2.044851439469316,-2.243414618381439,1.1790656521668579,0.2964875088237934,-1.9235083108872106
-2.3293820860773318,-1.712760010923511,1.168208298642624,-0.4263919248962302,-1.95847359928352
-2.3353611845896554,-1.858286039383025,1.1367564150109943,-0.31473019752297415,-1.9560115276976893
-2.399242913061168,-1.7772267912623314,1.1239356890284748,-0.4433273439950687,-1.971153548180193
-2.222304330466413,-2.1317489843143154,1.1553735370157958,0.051405562388684864,-1.9233600936115027
-2.4217511788109793,-1.773835587774021,1.1662890540518993,-0.45887471588502593,-1.9809933895627156
-2.581409070484475,-1.5808282609666133,1.1532589508186881,-0.8621636045299229,-2.0437311293252334
-2.6710008368616713,-1.584016216426775,1.1366469745429166,-1.0066069805601732,-2.0714914193607896
-2.6775907851282064,-1.6752456099887327,1.105647105228211,-0.9857212011663731,-2.092820553827443
-2.423620615749717,-2.1446954376059773,1.1173667490986263,-0.3894819628267227,-2.0470999759018786
-2.515325418079616,-1.853762993827942,1.1408176120520708,-0.6760677682606041,-2.070421426959062
-2.6499251692737618,-1.577052901618222,1.132212612239388,-1.0577713006620495,-2.103268736393468
-2.482230041739381,-1.9623668684092255,1.1285201281474593,-0.6365521491536832,-2.0639808026128055
-2.4963373994749545,-1.8224256708999302,1.131698494785817,-0.7430617796396743,-2.0876052521006145
-2.3137509886073104,-2.147827923148817,1.1399864027309499,-0.2278010304180066,-2.0246233666539153
-2.021620768981862,-2.483768556647219,1.1888611793833754,0.3857726082572414,-1.9875130121649123
-2.0380839777322697,-2.266435309709547,1.209689588643581,0.32580003402764535,-1.9665390643294545
-2.2452126295841963,-1.8076691152697957,1.1959136715744318,-0.29022489435326354,-1.9732684995843661
-2.0291328159078788,-2.257170666288628,1.2177136738821195,0.276180491090161,-1.909803588417689
-2.2821673154615274,-1.7537314772877912,1.186156633042953,-0.3923708308196339,-1.9419197955574874
-2.141365568270528,-2.1217074485983356,1.180441311523363,0.026758344660385562,-1.902204977242509
-2.406475524820325,-1.6299761483394166,1.1545747805103486,-0.6724866289061431,-1.9438542032936073
-2.268957155703578,-2.0209042069935794,1.1630046921863826,-0.26300251627473836,-1.8912172410463919
-2.2281316136316978,-2.1042823885393873,1.128197865870063,-0.06177536033697326,-1.9137966368535424
-2.133559294018243,-2.273763377183845,1.120134859434926,0.2793359951559232,-1.885648928524541
-2.29535668401485,-1.9132570513920388,1.1354969407769062,-0.14731777145678665,-1.9530150745631765
-2.1447306474725867,-2.246377009850696,1.17004456861781,0.2731373707604246,-1.914701112698276
-2.4016558646575485,-1.744956138322142,1.169808198367548,-0.4254015851767189,-1.9652662346674352
-2.2287624449954904,-2.1350473133515515,1.1854421682418776,0.015621938276493877,-1.9254337800286851
-1.9690457370426542,-2.491931509052647,1.2451478632597814,0.5656653820734578,-1.8988140167896643
-2.277684187961659,-1.8708870880003887,1.2198903224109108,-0.20039830947947834,-1.9163526178996173
-2.432665512704358,-1.7035024226747622,1.1821868818873356,-0.5800535859497927,-1.973382081429535
-2.3319659901159993,-1.998037848393046,1.1493010960297254,-0.28542725037660666,-1.9479542345171843
-2.338762303514979,-2.0185486742726284,1.1413918609162652,-0.2178400097635515,-1.9629894587313865
-2.3377748671782177,-1.998919593201063,1.1270641858862045,-0.17938706842123486,-1.9702053341873547
-2.542365570325745,-1.5993130203361887,1.1315731592425977,-0.7447679136994813,-1.9955898396280534
-2.5676562709358106,-1.6925229978735488,1.1299611166397143,-0.7451371381815133,-2.0380618243372535
-2.342246433181583,-2.1424486477374454,1.156899170482206,-0.17541515990834955,-1.9892671342278898
-2.4428069902759506,-1.8725972598611105,1.1729816737704044,-0.4746083562998779,-2.0212706584598443
-2.3291062265573506,-2.0605082389552094,1.1746588077776225,-0.2229694349830058,-1.9963606457114178
-2.4481520776722876,-1.8210617937948395,1.1910912311124937,-0.47233334702820207,-2.0114407679297135
-2.356331704691136,-2.034326414038685,1.1921660182303324,-0.2501002640327657,-2.004656968250235
-2.337384117479514,-2.020110974016953,1.1798441802351258,-0.19028531589048145,-1.9927866176150086
-2.180113542154938,-2.2592880184550777,1.203729987349294,0.19500576418041168,-1.978236825315563
-1.9560934825752805,-2.4692705886823982,1.2268440842564592,0.6401198164150805,-1.927124581640331
-1.9603331447789236,-2.361241516018524,1.2215878266440736,0.6770466629322196,-1.9173058497903703
-2.099406028610566,-2.0563546149970637,1.2557343667366483,0.3335092933866892,-1.9419192860993895
-2.062767396505044,-2.1664887432768904,1.2405788184514546,0.5041084546601093,-1.8961627842080484
-2.002980783885927,-2.288608577105678,1.254374355246023,0.6916299859156055,-1.903422698986592
-2.216730992177691,-1.8635042185546309,1.2762521525109527,0.09768070526235097,-1.9386668605247468
-2.151689416057738,-2.1093870164253237,1.262886123247224,0.35497831085842885,-1.9115350237798328
-2.43023922873706,-1.6227727424846625,1.2308261939837426,-0.4180830230801872,-1.9800052590445438
-2.4968823017560617,-1.6925041969654062,1.210214303273699,-0.5048464163478663,-2.028761787604924
-2.6242771657836608,-1.617287358312081,1.1980073367873263,-0.790183273422427,-2.073942848039453
-2.778562195756342,-1.461074198414271,1.1656931416215928,-1.1781462435379582,-2.130236635379377
-2.7155692131189473,-1.741723035965506,1.1338624309851,-0.9573781716835637,-2.134756253066825
-2.7892411083003035,-1.6001245505652861,1.108840084671905,-1.1957001362029842,-2.1569550073637798
-2.6573862450782695,-1.8999468569982803,1.1087883404669847,-0.8837025407306818,-2.1469750271751566
-2.769871228027849,-1.572580830706748,1.0973965740558458,-1.3105930802195431,-2.1725964071369477
-2.8864231555034756,-1.2904107516486654,1.1067754713636142,-1.7695677584992098,-2.1561794064799193
-2.843826541374889,-1.523168370406372,1.1030003559749788,-1.6435570108122153,-2.1622970549830485
-2.500364352329754,-2.114144667140383,1.139717724299213,-0.8797650059563527,-2.113424663339253
-2.603960128612508,-1.8175079083341095,1.1494406370731836,-1.1452306177267448,-2.1520551768873704
-2.652741615954751,-1.676710752877355,1.117020053587932,-1.3150859613706138,-2.1469463927244075
-2.48502922847137,-1.9691848231728193,1.1101156694490304,-0.8667450713401751,-2.1004190026819582
-2.3300002452333426,-2.168319197968006,1.1164943475127778,-0.44782941541898674,-2.0707856983467843
-2.4743408361653585,-1.736872670900228,1.1335227187119787,-0.9419048219917268,-2.0694391308743563
-2.240869440912066,-2.1690830326255934,1.1582237429507303,-0.3233341566721962,-2.011550548515586
-2.47606583357341,-1.6493691901192524,1.1364929822345118,-0.9543833084756718,-2.0462429955156036
-2.6631295732818723,-1.3816805342262504,1.0936280375650127,-1.4476811113830312,-2.0697413023846196
-2.6663867545398094,-1.5880277969534253,1.067251529762802,-1.36370196481641,-2.1024623745594417
-2.352045317045217,-2.197726184173071,1.1146515382483417,-0.5645989858459803,-2.0600685083951955
-2.0541633188849477,-2.5084383386863047,1.1293413013039635,0.11212995448650258,-2.0153227102344515
-1.9546419449306887,-2.4727113848014626,1.115749476673566,0.36608437142956174,-1.9656593248309275
-1.897435841533107,-2.390551417886869,1.1148225394309415,0.4947868486846631,-1.9190117721754598
-2.1240995190733614,-1.9521819009056411,1.1150783304476375,-0.016166082882198247,-1.9285291611576658
-2.408628986279276,-1.522988038828482,1.1030805446618235,-0.6950512455170818,-1.9815032705239313
-2.5033687929200026,-1.5747781092787223,1.1042240969232593,-0.8432924902530856,-2.017390606536426
-2.6203745413718984,-1.5522354136961583,1.0705624506405125,-1.0597265882090208,-2.051893137153969
-2.7942227879991415,-1.3133900434842907,1.0188807540324145,-1.5229392248675566,-2.0983471878965143
-2.73757735208032,-1.6537603240559893,1.0150086065277055,-1.2918868030755042,-2.1021583582823955
-2.7854967726983437,-1.5791348927129154,1.0148587528647908,-1.4628571449449923,-2.1447734126041915
-2.5666511523162496,-2.016958566480587,1.0275740663462647,-0.9064739715632321,-2.082823821600828
-2.3348550252683458,-2.275312682008695,1.0540754188677621,-0.3640847205406621,-2.0645123990231595
-2.3559228704772264,-2.0986775909844733,1.046524016384901,-0.4002294516502946,-2.063309902828979
-2.4424277140299684,-1.8425948309551508,1.0783096363199918,-0.6445326521604868,-2.068130128093221
-2.591554718268104,-1.5379836244275364,1.0628471688432561,-1.0817612779291639,-2.0664436181686807
-2.6879348681788056,-1.4937053447047917,1.0528042966405906,-1.3003717600775444,-2.1060426868099653
-2.749442763394652,-1.542332136368874,1.0408167711396792,-1.3717478946185984,-2.144363666766575
-2.47673166276096,-2.065050453284033,1.0882112855745625,-0.7147676543188107,-2.0967253526292295
-2.2156375031383897,-2.3915059268539496,1.0934423542840375,-0.06812693425512605,-2.0572578475288528
-1.967307553479545,-2.553777257696036,1.0988565440132645,0.4620289647281154,-2.0079776307668276
-2.153653378039361,-2.076373792390829,1.1084602353921713,-0.02752636184363811,-1.9864690370322309
-2.215551203027044,-1.9749349793320312,1.1051184172635242,-0.08962513667749963,-1.9750312856369547
-2.2954662459973525,-1.8960375052144072,1.1114302535722527,-0.21282467318262246,-1.9821286377403897
-2.5137427683267224,-1.482620668438308,1.0921484282404699,-0.8623269723799969,-2.0155329787013967
-2.2984698594722808,-2.0442185709216,1.1404488267786808,-0.2988774738131721,-1.9474479143962502
-2.047619784168956,-2.428140528513051,1.188272355076691,0.30476012243734174,-1.9219889603508094
-2.1781059516040036,-2.0657259749105776,1.2040640129340416,-0.059093730930279184,-1.966857317987569
-2.430145622454248,-1.6002029248888423,1.1897524818074876,-0.7043469318294,-1.9870296953307232
-2.378018700341611,-1.859920699348126,1.1420077841754883,-0.5152692823344011,-1.9834214540760462
-2.517436976469696,-1.6707342297704348,1.1167907762188138,-0.8420848537251934,-2.012672685458254
-2.693507735697491,-1.4323163672421673,1.1014645735563249,-1.3017597608806777,-2.044510973358108
-2.5807936780772396,-1.7989800614082707,1.104038451452002,-0.9728658408244291,-2.030595415895802
-2.2317451384493205,-2.3326413590509207,1.145711034589785,-0.21492794195182496,-1.9885049695576995
-2.2345183765735306,-2.220409213124245,1.1363232315664034,-0.1594149673268191,-1.9890349429196779
-2.0480353638996984,-2.3698471701989456,1.132047006918504,0.22731381562024638,-1.9512410163910494
-1.9658594046577926,-2.3740945589505804,1.14416141595014,0.449763687188446,-1.9004584092898809
-2.220457477325664,-1.845078397398561,1.1582638516915784,-0.21800323497501967,-1.9282148881107262
-2.3696843098249007,-1.7108569248793055,1.1722655406153637,-0.5260570689520592,-1.9792835549397625
-2.1165993587948395,-2.236716168362424,1.2011296863181384,0.06252440458384469,-1.9056399694251729
-2.0447381150394617,-2.320832488291202,1.1931984788062353,0.275348318931123,-1.9009411407472763
-1.8959833369996815,-2.4538764641456035,1.1794444626484537,0.6218390592847628,-1.8662144622405117
-2.0997633074901834,-2.079966182709154,1.1942500736870347,0.2029026709805416,-1.870201450194923
-2.1670562943822045,-1.9980221492176409,1.177829277614394,0.1251239668474498,-1.8937506595737346
-2.258956295084269,-1.921965269048638,1.1768637200181171,0.0036134813947945677,-1.9163192913879588
-2.153539682193815,-2.1705719204800435,1.169367515338247,0.26842257727346264,-1.9036895442631974
-2.13183151503835,-2.2155202331818025,1.1736688820262826,0.3602487513856201,-1.9361485661966096
-1.962110203747897,-2.4388071798060085,1.1914730193430658,0.7459135689858081,-1.8971804120966456
-1.9061605696985957,-2.4633684999390537,1.2245122184948187,0.9075179602959971,-1.8775445628989933
-1.9405121591971435,-2.351206921431013,1.2389559231375982,0.896787618968625,-1.8702073641218344
-1.802743044851274,-2.5577872554826384,1.2945718768425571,1.2068612769991456,-1.845127800485315
-2.071724668739162,-2.0834502468748033,1.3144671114577224,0.5854067956664674,-1.8765438085451664
-2.3035087410781707,-1.7870927168556243,1.2890377045904788,0.0552274507628804,-1.9363145641091444
-2.3528884867049635,-1.886387911846248,1.2284959675358502,0.01615908999132275,-1.9436635822924822
-2.570668486965039,-1.5433384512231825,1.2280053723190316,-0.5891284380070093,-2.0051128287634854
-2.7585808645035708,-1.3312575386825196,1.2016910118423876,-1.12882434755053,-2.066691499341137
-2.752800693409369,-1.6037806882134609,1.1616900056908925,-1.0090298657924717,-2.0718031699974704
-2.3939449265916712,-2.23135210614134,1.200504172735825,-0.2530406573344001,-2.0130928024083454
-2.561490652343102,-1.7932043761301792,1.190456363398619,-0.7493796922322357,-2.036848179085028
-2.552414780270625,-1.8411446209671232,1.145903983494621,-0.7090835256833817,-2.0639924920286767
-2.4542574793146588,-2.010739032923636,1.1478952646515426,-0.47242616033766044,-2.0666515192622987
-2.1991821906554736,-2.3539427889451807,1.1634054209759543,0.09674324826647915,-2.0095733715076047
-2.36184335817693,-1.9261148004039055,1.157043270515169,-0.38208679923636446,-2.014260910184408
-2.3781631136373234,-1.912404436342159,1.1536763665024503,-0.4440722155194474,-2.0303168609130133
-2.583126902819066,-1.515673048559968,1.153647519090223,-1.0018142752173034,-2.058836986352054
-2.4498332690700235,-1.9024502992005596,1.166531804565893,-0.6440077860058038,-2.0341657183476705
-2.3703970758190005,-2.0337046216883143,1.1527508319815767,-0.402195558350303,-2.0255227912747564
-2.431375864817275,-1.9011491333164612,1.1694413957862233,-0.5193190098437889,-2.055723820825883
-2.2710433440295947,-2.147659271487131,1.1459186298076733,-0.13423259002398613,-2.005058625919405
-2.062577012818298,-2.3943641411270056,1.1834683568005182,0.33858879452620183,-1.9532275884486083
-2.2768094206339136,-1.9162353686791613,1.1751304093716268,-0.17934155935191035,-2.0033487962976166
-2.3476780400482653,-1.8211661736619156,1.163218966527949,-0.3817403423526212,-2.009286736036269
-2.3800655901152816,-1.8590612203150083,1.1430543265398594,-0.3455241450011238,-2.0157425573428367
-2.1182418789790987,-2.299112843440465,1.1752392246405161,0.24332734475996518,-1.9430185317732163
-2.11218865620361,-2.2410802013486912,1.1548658522740844,0.3309861568808222,-1.938249206180063
-2.3744304101851874,-1.7272998734349436,1.173875090069358,-0.37235028073511645,-1.9784816736349915
-2.593620837723955,-1.3845145148157731,1.1509179067938666,-0.9990033490004837,-2.020534650797619
-2.3646362864925408,-1.9656460821533221,1.1547741172398218,-0.4661219612898669,-1.9587763417751825
-2.1393346962612263,-2.3222214302871396,1.1887266022673768,0.11410063028322473,-1.9200330987382295
-2.3232575807759046,-1.933887690036498,1.180704729726349,-0.3730188247257249,-1.951564466453748
-2.525217071533557,-1.602184138811498,1.1633193851855894,-0.8728102754847844,-2.0016195905918184
-2.524184542410482,-1.763355030907199,1.1363807195268822,-0.7718275388427785,-2.0053781401740958
-2.390813286742779,-2.0371803669922826,1.1272977442865546,-0.3932036360712858,-1.9827125357107316
-2.376665168883425,-2.0275847375777913,1.1314868916516132,-0.3059429084054334,-1.9868231883962295
-2.150264249587245,-2.364233384097187,1.1517774584594924,0.2372554591481307,-1.924752246388722
-2.2789444567511614,-2.0101961975397438,1.1698655456962124,-0.11624945815330126,-1.9641114218623659
-1.9955008283202256,-2.4402109039829405,1.2136378478888996,0.4805849999889953,-1.9501778728530907
-2.2159334032497404,-1.9746117784788224,1.2237090433576123,-0.08559753314523685,-1.9804637749667042
-2.4760283724542664,-1.5078498165426235,1.1993293737804276,-0.7891904052205652,-2.0130469999151135
-2.1750322651811755,-2.1661013510485283,1.2479028347704781,-0.12150820658643606,-1.9335845182027633
-2.046475539339803,-2.3251190159621817,1.223129095412265,0.20135612027580618,-1.9099916599695446
-1.8557116298059384,-2.535911749952679,1.249706842460173,0.6781191305540871,-1.8690528580371821
-1.803633574659684,-2.450860717440447,1.234332248775675,0.827840248967479,-1.8527389016858442
-2.1090055580519023,-1.9146627493813564,1.2100882407566291,0.12158798389685439,-1.884688907562705
-1.9497040701620871,-2.255976938491092,1.224644481733205,0.5267480158932563,-1.836740462076195
-2.1210675304206013,-2.0241630091101053,1.2008886762885687,0.2311219403940515,-1.8860998563180016
-2.339259186145313,-1.684731606195303,1.1937434443187283,-0.2910352548458709,-1.9148402649462726
-2.2566671996773326,-2.0175287123278594,1.1803157040264134,0.003007245072811743,-1.91284417868607
-2.026074042044892,-2.386550317254284,1.2210977231853222,0.5159428051493976,-1.8747586115924522
-2.2593809134761504,-1.9444481835427625,1.227023434279078,-0.019278613014750187,-1.9325866489288197
-2.3740688324996433,-1.8310108102239708,1.2093365693822489,-0.2518020130146915,-1.960484625927511
-2.1579689580009878,-2.234692672002384,1.221544963410944,0.24105207052123817,-1.8878180022103306
-2.0986875581528155,-2.2589330974183497,1.2178236291420257,0.37057873466887253,-1.879943923828626
-2.2698909248333563,-1.918123962307378,1.2277377722573801,-0.11810167721449338,-1.9222648699732003
-2.382887719839569,-1.8247923206699541,1.2111941475560999,-0.26361509430088925,-1.9737164379473084
-2.6070553905701948,-1.4763769477340498,1.191085886004021,-0.8652178630882817,-2.021239150111834
-2.4013816672674135,-1.9828385145322447,1.1934983208749186,-0.3955511608516593,-1.9778549993462584
-2.2625579207105564,-2.255226677600869,1.1975816382667777,0.007049005955002338,-1.9508279372741733
-2.0053533508316708,-2.495182320137165,1.1891090586231576,0.5030436196032806,-1.9181344574283146
-2.147729915754204,-2.1488766779581456,1.2203054904678587,0.1489587743051631,-1.9440198115762723
-2.30928249250342,-1.8684666330788382,1.2084632547683698,-0.22435314636569378,-1.962196767618994
-2.268227454853849,-1.9893638535650757,1.1978501438897746,-0.1131338323818806,-1.9697381087221417
-2.5116943438882537,-1.6370251390364585,1.1922643477113741,-0.6471373723570437,-2.0165651644432256
-2.634799185505294,-1.5320276629866212,1.1608935196030192,-0.930378558934786,-2.0723068762815027
-2.639066464099376,-1.7174023251147623,1.1474748780100945,-0.8524581907490812,-2.0711897604714413
-2.6838933197168644,-1.6611557188227908,1.1310741326618206,-0.9776393353135144,-2.0964824586238477
-2.560661547786435,-1.9654318850228842,1.1268858464820757,-0.614521605417137,-2.0743274873417605
-2.643376955392972,-1.711244818474729,1.1293584047799257,-0.9485900432005897,-2.0997198749521626
-2.3732750026488048,-2.1776969409024267,1.1579236323727837,-0.3563557709070473,-2.045804968614956
-2.2124293435767393,-2.3490045793596552,1.152115482648032,0.056473940592797714,-2.0113199674199276
-2.39924880347096,-1.8385186925055963,1.1676365085698708,-0.5206389205573528,-2.030018032095267
-2.565479706897204,-1.5468240942054052,1.169822742337215,-0.9823005275087927,-2.0680709388504077
-2.2524876481387794,-2.1478061180415864,1.2204263999956737,-0.3094464419884057,-2.0000889736611667
-2.3080218428074257,-2.0419132432879734,1.2102812126555618,-0.36415172087212555,-2.024838878145528
-2.4024165475601538,-1.8621744487088272,1.1921460705409062,-0.5414304245493272,-2.054316810715952
-2.3002119224365978,-2.050298329469332,1.169741728745949,-0.28260029144705057,-2.0178069275320634
-2.3694472865929916,-1.9058771685651588,1.1560843506054126,-0.4089698393979456,-2.034500961833821
-2.533993201041336,-1.6356094869436413,1.1532550580705663,-0.8339385829055492,-2.0732920595639768
-2.66507267084093,-1.4820346789854362,1.131534787109499,-1.1539352457395127,-2.092787307835292
-2.74193517929592,-1.5065073109704967,1.1195043864577332,-1.270923250373835,-2.1446463372054287
-2.873965416303777,-1.270956833784806,1.0804859741696407,-1.7119676646457704,-2.1392647200297596
-2.58377170130428,-1.9375366010945525,1.1161568505552613,-1.0308308381716882,-2.0891896768799354
-2.6279010420968745,-1.790655865120527,1.1085283163691555,-1.1414336637570643,-2.09402942580877
-2.3104971436450654,-2.2439074334187548,1.160105092024245,-0.4460510330710575,-2.0146186361534366
-2.089024066639186,-2.433200410466113,1.1443929755332232,0.04136941944087482,-1.9899214266041005
-2.029943548063756,-2.367502371627871,1.1469582911978957,0.22667982315007695,-1.94948268920247
-1.9454575406345755,-2.354416133909811,1.1339869305392656,0.46364226223021754,-1.9280017914406897
-2.042517969482583,-2.127495558824556,1.151313272087678,0.27395067075576873,-1.9238224055772783
-2.124948838217767,-2.0245367391126887,1.1276737715425913,0.17359732453667984,-1.9363255790678962
-2.210540436181674,-1.9434212830937476,1.1378148391604965,0.03946138545499679,-1.952582816639144
-2.4081974659487706,-1.6587264988019297,1.1424715048557619,-0.43332277976421774,-1.9880638912644006
-2.305223759972674,-1.998963972435326,1.133285247993837,-0.09777287419258916,-1.9464829678876827
-2.2708270141553197,-2.081031817248761,1.1317943984295935,0.048738442942514074,-1.9536939333321177
-2.382284579987973,-1.907102747708116,1.1451781801904894,-0.19161066916259462,-1.9937550592262088
-2.4245626193225815,-1.8897539982078169,1.132772404829555,-0.23793941924119863,-2.034043489354108
-2.1476020716436275,-2.3868298092304006,1.1955865596747262,0.39281617236039945,-1.990212511264552
-2.246303395603259,-2.119975717860972,1.1740678275624135,0.15793293603825528,-1.9916752119199257
-2.448658793886225,-1.7192693533553591,1.193824057775865,-0.43374079716505554,-2.0306316343256903
-2.637171703084523,-1.486061385461437,1.1807827442393382,-0.926198178483285,-2.083948019910434
-2.822232170885102,-1.2832092741675447,1.133906560324823,-1.423733900051498,-2.1344442847313125
-2.7005481344652478,-1.7162807283734727,1.1064453639550467,-1.0613398212452758,-2.101902044950209
-2.828809258276526,-1.4306107264409769,1.0891556614005236,-1.5219119114629005,-2.1173000397935273
-2.7087871142490676,-1.7822134847553717,1.077020655978295,-1.177455979428571,-2.1087779902035098
-2.391286641675916,-2.24296880402295,1.1264435151179095,-0.4652508356449215,-2.0554198036933697
-2.5004494043535197,-1.8797835469226443,1.1352253279952766,-0.8348191641311772,-2.0801694955502046
-2.6259402074519156,-1.5564625847522089,1.102356258000625,-1.2840713943627167,-2.0870636955179247
-2.6462308211255805,-1.6369124111368356,1.0882468252109299,-1.2682280138271609,-2.100566034070454
-2.2961923692231307,-2.215656730799953,1.1388468042183404,-0.477030404588761,-2.055569297015713
-2.005737337391616,-2.523978027531601,1.155644960389675,0.17030663496559514,-2.001680020245969
-1.9387037415435031,-2.412316718636412,1.1405973651759582,0.30176629129188576,-1.9262490829669296
-2.0121759922844924,-2.204767940353307,1.132543809582835,0.17489387013345897,-1.9209312484997214
-2.130013786148468,-2.0007206608332195,1.1477483505006731,-0.013798323177644994,-1.9395522065576998
-2.3713149945906986,-1.619723355858266,1.1299257284698037,-0.5905957437707346,-1.9795925804315133
-2.1420589261510243,-2.1618403094842105,1.1698999073490237,0.009519657634095343,-1.923548881726884
-2.338571840282281,-1.8383575751281043,1.1641383110339776,-0.428114166549426,-1.995467761802723
-2.3753013360434814,-1.9087316744971397,1.137177778953287,-0.3889227531733415,-1.98327105392205
-2.3998678585126756,-1.8518271216912308,1.149338593630836,-0.4409067667642084,-2.002281682477243
-2.271681255264711,-2.158061539874005,1.1392021222698483,-0.0472041371222035,-1.9724638450272152
-2.132156226480078,-2.3373050776025015,1.150054463301376,0.3436904864772349,-1.94321912575983
-2.1346021779276416,-2.234716715629775,1.1694413538811559,0.37476311874440793,-1.9244752599003014
-2.3969262026139244,-1.6877166059029214,1.188357791661483,-0.3518366781853075,-1.9825278348253081
-2.499197202583251,-1.6252313076470803,1.1963358436011033,-0.55409650317069,-2.001576045074624
-2.601445878354671,-1.5977409925753818,1.1580526847220027,-0.8064609928752231,-2.0401242887075477
-2.637565371869087,-1.691739237244658,1.1174601955405818,-0.8361236882819574,-2.072159828332767
-2.3625297601664865,-2.214851123321321,1.1588228154791111,-0.20594188764414414,-2.007067913788176
-2.3416421447162845,-2.1303313740697263,1.1461607993608585,-0.17533528954763702,-2.0122681278709433
-2.3100006603448993,-2.129391948691159,1.1437375711549174,-0.041695306676367686,-2.0135949990780952
-2.490970779961982,-1.7363112467506632,1.1389460239485276,-0.5688215661677277,-2.049599753403046
-2.590409045086249,-1.6082022124121471,1.1268707884682696,-0.8013058023148069,-2.062950990742604
-2.6029684957498453,-1.6701028966949745,1.1297182307143616,-0.8316092436796909,-2.086123562916022
-2.6446871501374485,-1.6515680417143301,1.1176459577586229,-0.9501145049076979,-2.1199506486253825
-2.41129307525584,-2.0926527589305346,1.1481423747703077,-0.3764791146120908,-2.051277412918332
-2.36488172862782,-2.0774323558375083,1.1347790978897552,-0.2516734670070673,-2.0400553515659685
-2.0858766619109432,-2.4121906749640987,1.1886483598967748,0.3524812357360613,-1.9638470460153428
-2.3195509859192525,-1.8541669495138327,1.178396056043492,-0.31294517269255134,-1.9913438022245837
-2.1468856540501875,-2.164720739483804,1.1784439791847636,0.09781337691111487,-1.9201322843124766
-2.2467686342092397,-1.944116369158139,1.1791074089182263,-0.17121607196145525,-1.953396590155846
-2.3666226084935458,-1.7688312223969846,1.1529201442916561,-0.43136167324810937,-1.9970415512441737
-2.2053271940620744,-2.142800512107108,1.1771427535275925,0.012493070244045485,-1.9359894445943637
-2.2854703952401705,-1.9887901202143443,1.138786855982629,-0.12701308612376652,-1.9736966591491643
-2.4769688081222103,-1.693821761866104,1.1688660113560685,-0.5364995821375568,-2.0249371265473126
-2.6578663140399543,-1.421654328598483,1.1361725153160949,-1.0294101425505722,-2.0827213865762535
-2.7541507712534377,-1.4388273286298763,1.0941982738170728,-1.2585450118013273,-2.127680481972371
-2.868477212413221,-1.349502235315103,1.067496950383164,-1.5819115195664601,-2.147803289950272
-2.973095857546436,-1.293210355863204,1.0479193013051227,-1.8558757846996468,-2.191723198657481
-2.8697524117046056,-1.6181734177503646,1.040009968987684,-1.6026558368692425,-2.174151627602892
-2.7073406168239162,-1.950903551757604,1.0396129930692615,-1.1298118966026702,-2.174562085819819
-2.7251049011981974,-1.7092173015931689,1.0417180482095094,-1.3367873027662496,-2.154690330166414
-2.7392605240926433,-1.6978372713634426,1.059230896842056,-1.3446162799201595,-2.1834836304242167
-2.765353874742343,-1.6109784357354298,1.0280595497763114,-1.4754590491395245,-2.2037205804115763
-2.8002052073006745,-1.553495764383845,1.0283314962576986,-1.5671954569589626,-2.195771847185655
-2.846047149397368,-1.470583375934794,1.0324444223546199,-1.6817026177658112,-2.2158965673942568
-2.887562492911985,-1.4441469822379798,1.0264688502698276,-1.734566754416476,-2.2321681328456724
-2.7578860362154947,-1.7491900683201473,1.0356461966403456,-1.3706495634440083,-2.2027270544648863
-2.798231750855962,-1.551532345919913,1.044061939442701,-1.5752185313655125,-2.212951290822729
-2.6302985357457964,-1.8614305477436055,1.0662346365040396,-1.1295751913616912,-2.167241962806765
-2.724343432170692,-1.4913650206245352,1.0605345569960434,-1.5472722682775724,-2.1477661959806382
-2.7723106096184087,-1.4428086328984429,1.0569182371289687,-1.689330893144594,-2.1503911259735315
-2.462415617923781,-2.033640699029858,1.1159435054520026,-0.9185105152021551,-2.097237903906785
-2.4253242632536467,-1.9494190659831854,1.0915011368756977,-0.866103255568385,-2.1037985606163194
-2.1637954923542946,-2.3071445943124558,1.1260348186030174,-0.17785162043284086,-2.0494068475581066
-2.295629523260617,-1.9189705635112169,1.1087908703067115,-0.5344643155752916,-2.0273855174398823
-2.244677843648324,-2.0024822843387424,1.074739839589783,-0.3309751626035405,-1.998827502314347
-2.456767252260515,-1.5703052774431634,1.0892873300413288,-0.8651123779609708,-2.0103155190463764
-2.2632258712251914,-2.015054262280981,1.0988002047437453,-0.3320337265779084,-1.9633992438476815
-2.009736808261202,-2.3883100048416277,1.1458891662980548,0.29149550280267855,-1.9286253853071083
-1.9952094218147207,-2.2766261834792525,1.1422596443998272,0.3370705344968544,-1.9225551070522766
-1.9335231476367931,-2.2955657241214555,1.1461867164166426,0.5646676241651997,-1.8817977417615586
-2.129100743783447,-1.9388983947226028,1.149244988278576,0.13418319212961025,-1.908642337277246
-2.4139970938835993,-1.515677190207206,1.1261525706075384,-0.5479734938833822,-1.9700899035074069
-2.5617823240296236,-1.452280444254899,1.1093939335540792,-0.8497223895524081,-2.0103379927432212
-2.6299364648154855,-1.593535283113205,1.086033424957294,-0.8741275012843175,-2.0436138385707743
-2.3688299657262872,-2.103503015871139,1.0955533010086806,-0.2915949504010317,-1.9891962904764848
-2.5856119843530636,-1.6120806128145075,1.1169606074993876,-0.9525607711694167,-2.01250258677975
-2.536243868359803,-1.810323834331249,1.1065460091543384,-0.7440206709613505,-2.015256846491583
-2.6464932297374455,-1.5976353180611833,1.1037525827442916,-1.0921158925584578,-2.0695308944586244
-2.4111199111392447,-2.057227841830788,1.1296427805440667,-0.5001039584733957,-2.00731676267122
-2.5194843008594905,-1.804735767737426,1.1430730158284406,-0.7887554795672507,-2.038951112467801
-2.6785401782120166,-1.406628206991644,1.0917233327908615,-1.3577370289692068,-2.0532285602937788
-2.748013154239741,-1.4542084215808035,1.085296807753082,-1.445162896659332,-2.1187594107946848
-2.8259296249378676,-1.3972918956423592,1.056443615325888,-1.624514961330697,-2.1479336255046437
-2.6112840372121586,-1.8755193402323138,1.081042434432278,-1.06711363225556,-2.0607689793859127
-2.3638290197044816,-2.208408732492543,1.0940587222867213,-0.4628679803793316,-2.0185240093152848
-2.437641218342288,-1.9007922847040752,1.1147411409862018,-0.6994388034360159,-2.039530475310705
-2.6197136664115397,-1.4585656897139858,1.1003662742766642,-1.2595591432784008,-2.0438721118003187
-2.6765560499405545,-1.4876926106086348,1.090722834033947,-1.380313139860283,-2.083318985207497
-2.4649130500507823,-1.9416676917645799,1.1256498591644832,-0.818224722335534,-2.0666644704680106
-2.306198881672127,-2.164259951034144,1.1461084480014498,-0.37352480175990377,-2.0423151056918956
-2.2654557140841023,-2.127165296716629,1.143935349614903,-0.21596618901355097,-2.016547579996322
-2.3371104511684044,-1.9444544948867357,1.1346544815265207,-0.3606798744103294,-2.0219623151614146
-2.0489506966610707,-2.383102518812574,1.1760433619717494,0.2679581706360676,-1.9899366963739982
-2.1285650363191793,-2.1287597280657566,1.1681280905996942,0.0879692418328904,-2.0029246309348507
-2.131303153006356,-2.086945895753283,1.159391839566429,0.11943948666232464,-1.972833086694187
-1.9901175111493417,-2.3305365464377505,1.1808361061091817,0.5277360376972459,-1.9016228821656755
-2.2776996519950794,-1.8067963668062672,1.1902138856149336,-0.19825738058201595,-1.9629602421858297
-2.1980717757757247,-2.074140172399275,1.1820411407054898,0.08390973824739906,-1.9268700120597066
-2.3687856095934183,-1.8335780335612561,1.198418642902361,-0.28835031135588146,-1.9838327227355
-2.3747144328962566,-1.9016533601826304,1.180788091742763,-0.24661122526093232,-1.9789418284287477
-2.3917847951566413,-1.914561049943409,1.1717531524849756,-0.2580600755839252,-1.9844285086625812
-2.6060468889532604,-1.5173873270857903,1.1616753950161247,-0.8898572899748384,-2.027374221969089
-2.4621628637443904,-1.9300159367215355,1.151826362993516,-0.4598782868295395,-1.9962940076243019
-2.608975093874012,-1.686095636179915,1.1223222509308541,-0.8294200830773092,-2.046529833885262
-2.3321850450292483,-2.1926893829217606,1.1498616169713565,-0.22777059617175646,-1.9884863162994135
-2.326218598491869,-2.105164354114984,1.1174176142104326,-0.21853329791660905,-2.006697484953365
-2.31267702948594,-2.0660671691056818,1.1049420275843143,-0.12623947902399588,-1.9944754572975545
-2.0532249114114838,-2.4011619257554897,1.1284765830441874,0.4514414363507791,-1.9330105670081836
-2.175898534813758,-2.060117560561197,1.1583632504606227,0.15408951611959967,-1.9586787435843465
-2.248691423505817,-1.9406013707055803,1.165488455617941,0.027742586220212466,-1.97666311865115
-2.253175153094236,-1.9783815350888483,1.1561495327246858,0.08528127256739917,-1.968642241645299
-2.259214851447072,-1.9643357116491569,1.165676427020316,0.07128594469781965,-1.9915760806300444
-2.3724672079896805,-1.7958519005258768,1.1948301891683992,-0.17803321792060983,-1.9991646375436176
-2.564075900438024,-1.5447196748025744,1.1838998712732616,-0.6540904595725198,-2.0540600654558476
-2.4193891759251387,-1.9393878313106845,1.1612217588049387,-0.29048639197692017,-2.005016967324756
-2.2462787622690814,-2.265698290315036,1.1884487304739755,0.1517826382074123,-1.9738241340402016
-2.3516702370311036,-1.9645920529668766,1.1824859849832392,-0.15529894000418318,-1.9812081488080615
-2.4641118414908165,-1.7724329427789465,1.1851785127777112,-0.44147168412444576,-2.0213646668889176
-2.2725903866035955,-2.157017435512703,1.2060853156188818,0.021035561688646023,-1.9795946262074833
-2.3148363859123307,-2.0376236455536567,1.210852438019619,-0.10308027327291168,-1.985790887283713
-2.509403237506328,-1.587764220741176,1.212158079875181,-0.7261566733627693,-2.0202747709063895
-2.7166249521308545,-1.3059497664562711,1.167005553160013,-1.2976089981957106,-2.067882955260004
-2.7952790634272757,-1.4271248921174646,1.1292162750911154,-1.3852988425292276,-2.126010497870747
-2.906122150119908,-1.3056093733307141,1.0952751768280373,-1.698683576610531,-2.1605536372358625
-2.844523874889355,-1.6356765180437218,1.0726181630229092,-1.4531453391910003,-2.167856129831074
-2.703487933436531,-1.859315392198911,1.07554297316128,-1.1394617787864432,-2.1391392829864104
-2.649892638637799,-1.882612368436707,1.0682257358351082,-0.9803860506938183,-2.123328658780038
-2.3236232500620653,-2.3073017723540574,1.0993208438800823,-0.2439906978303206,-2.0728958599711085
-2.3674460207332366,-1.9917399916310714,1.1162294007443354,-0.5064166374990694,-2.054971479564166
-2.4776556609640195,-1.7196819758350772,1.1156773469586216,-0.805180210124999,-2.07111474464468
-2.3579058806781816,-1.9827754800669868,1.1253646166754991,-0.46899862334341746,-2.037870283999852
-2.367724810824211,-1.9791329353211768,1.1028253489191326,-0.4165238075944221,-2.0386563694116315
-2.223003584098878,-2.1813224539774088,1.124728964895126,-0.027937255300064058,-1.9882813125929375
-2.0719803974708553,-2.335620780781859,1.142797284673584,0.3282379518625631,-1.9621686207030196
-2.274253856090287,-1.8701608184866456,1.1579826558904927,-0.18588058118561135,-1.991191597556383
-2.0978981327176354,-2.210086522782011,1.165134809300265,0.24915604289671586,-1.9457935606880912
-2.353530387326412,-1.6981519614364347,1.1747572359499663,-0.47134254866986675,-1.9813474299520444
-2.4582350088332587,-1.6888354059327002,1.1679612427196404,-0.6588204107325333,-1.9980960759229873
-2.317782365802919,-2.055690215626443,1.156987225953051,-0.23745679904826733,-1.9503017763804484
-2.5413792313887997,-1.56864605871231,1.157490197582338,-0.9192359099671872,-1.991317986198994
-2.693620000784479,-1.4425618931091369,1.1161025632334662,-1.2396404624449966,-2.0592464490266082
-2.439542339802444,-2.0331805898775794,1.1508680965164506,-0.6021750473096124,-1.9979982226091573
-2.323827687707489,-2.1715924940763496,1.1357915540483017,-0.2729892570643364,-1.9874261699338904
-2.4246773552757,-1.9468390854933657,1.1393259176364074,-0.4788464727193609,-2.0073607272600404
-2.497976907894176,-1.824463225721659,1.1389589721651847,-0.5988543431175375,-2.0554653624329706
-2.387787611204808,-2.0222733736332756,1.1292635750907982,-0.31368031449768935,-2.008088639369062
-2.5138164108645724,-1.7397646451012883,1.1295534803275806,-0.6876078857992719,-2.035022496926698
-2.2553367002411377,-2.211634577841365,1.1590276078331045,-0.06390655448473757,-1.9819230995624004
-2.3784754154429097,-1.9130963914697454,1.171982883203876,-0.3554116607538533,-2.018264662565886
-2.115890788230164,-2.3036726708292092,1.1949487199313895,0.22003838104848097,-1.9564791278237328
-2.2864082651427573,-1.9081580266806304,1.187745920376585,-0.2116015094856038,-1.9847287632030546
-2.5200656630012523,-1.5398708830772763,1.1726515370723583,-0.7979617902483045,-2.0005847922783677
-2.5321026950365124,-1.712900583088382,1.1332633446045954,-0.7629450464295334,-2.0303705005050836
-2.374708867482585,-2.0558457378260666,1.133820907167459,-0.34734645370094136,-1.9832962528978086
-2.2135500075153125,-2.2593546955829527,1.1337489164925494,0.05109764257824136,-1.9642739824014297
-2.1655903013504236,-2.2434833019267324,1.1366286673717487,0.24113829093984215,-1.9521140807340045
-2.056669759516048,-2.348000026649386,1.141111884752981,0.5131397906129055,-1.919675771593
-2.295799559796624,-1.819462583684952,1.1674854331254436,-0.1513679501623039,-1.9501242320486964
-2.055814689652383,-2.237710178114485,1.2176770578879836,0.33584703109580466,-1.8844899997086544
-1.9590078113889684,-2.349248555809192,1.2230251633425409,0.6125690070361784,-1.8622810872395323
-2.2127371722607423,-1.8958644598350198,1.2376639085981573,0.03192889020840859,-1.924531159492047
-2.483037473326758,-1.4771466376088078,1.2010643741564238,-0.691296829359711,-1.991179647975886
-2.4613426072103968,-1.7659069429552996,1.1701700682960425,-0.5438954634251432,-1.9957234658544298
-2.2748947318849666,-2.1474389625828882,1.1849643389300077,-0.05884868976560639,-1.9444742586530719
-2.2459738871882413,-2.157786321314052,1.171605139501493,0.04850532080042976,-1.9558327017464043
-2.4009651056414607,-1.846139768645601,1.1786328452375092,-0.3451343303736972,-1.9962697916880978
-2.583747152491072,-1.5690320397307302,1.1763689250811111,-0.7944668025834689,-2.0718121906522837
-2.5815398152403346,-1.735612772956969,1.1467897161163192,-0.7086841359850413,-2.0720135324462143
-2.6701958449498635,-1.6239053922682416,1.1290984882369517,-0.9320199716727372,-2.1137517636603027
-2.7735150978101557,-1.4974293506496892,1.1231906239127691,-1.2125103438850517,-2.146008087633488
-2.9106957307032206,-1.2722555010623988,1.0961433979144748,-1.6797683687030998,-2.1659870534556673
-2.596090134514571,-1.9446678368837338,1.1626352594998712,-0.9716288851712513,-2.0995873270288357
-2.657681151040683,-1.762913681495866,1.146944386419763,-1.149056061740855,-2.1507554906574584
-2.6445178868557,-1.7727244887145923,1.1295776837265674,-1.130374869912809,-2.1514432004751223
-2.496542248137661,-1.9664409367953735,1.1095444585818026,-0.7750373552835399,-2.1128163936572903
-2.6447745253976715,-1.6503762826746327,1.1129917876034485,-1.1405816072407533,-2.1334390448282687
-2.3500320282046143,-2.153002310904728,1.1457172293248021,-0.44601911104002634,-2.055110443173545
-2.418029126948974,-1.9325545014118748,1.1463275890323665,-0.6042875574927881,-2.08509134443976
-2.211318613859313,-2.220929577662259,1.1536129409867966,-0.13442644797743503,-2.028540138603587
-1.9705823854378421,-2.4807439488107885,1.1681888687743203,0.43394798591965994,-1.9647900295801755
-1.7929678741278554,-2.5771141016796437,1.179962738561435,0.8458948388576766,-1.927777266967593
-1.9456629390143525,-2.2183856226908087,1.189843931049882,0.5554462347500716,-1.936406528340947
-1.8433414485068307,-2.352066838423685,1.208022727050244,0.8293759744664004,-1.8842700364067873
-2.141820129961283,-1.858414135750579,1.2045006140818628,0.10426219801803051,-1.9285598408557028
-2.2337035609542975,-1.881969268211406,1.1914336137279127,0.001566244532447884,-1.9374911395795658
-2.412101036177874,-1.673913109917228,1.1645034123965043,-0.376495457290198,-1.9794748377131495
-2.6328988703903446,-1.4102366002304743,1.1221245785187388,-0.924247935745958,-2.0195492331203146
-2.811890252939803,-1.223185139619175,1.0747958353046987,-1.4295780007204366,-2.059628093044641
-2.9368203288617023,-1.1677677644256692,1.041652486305897,-1.778111585350114,-2.1093035809198764
-2.725437738019652,-1.7868753894857974,1.0766711242713245,-1.2350179134140102,-2.0850164280976613
-2.8603741814191994,-1.443246629775496,1.06020957068126,-1.6803188757075809,-2.0955775184952556
-2.440990981465482,-2.195074470816771,1.137719605249267,-0.7872632024526557,-2.0244114566749207
-2.5197229147748206,-1.8706316513006387,1.1144742816224262,-1.0715517882014463,-2.0389069520491567
-2.414110605548203,-2.0448596093022284,1.0965835318846617,-0.7246998085930538,-2.024763589661501
-2.298029699599009,-2.152980372625146,1.064295792151856,-0.41156638415867813,-2.009760026636044
-2.0949057773377677,-2.332111554022852,1.0762845440636797,0.07242366821115434,-1.9776964172047837
-2.124546694818128,-2.149277771969911,1.0999089168949592,0.034100355876986115,-1.9523688230404537
-2.343185351185513,-1.7247314032293066,1.1169347006825263,-0.49862424595420796,-1.986079942860136
-2.467123991468652,-1.587240762679239,1.1055948177986132,-0.8017309737679726,-2.025658301675925
-2.64250320030179,-1.3872560206711868,1.0819286631701674,-1.2229431212763107,-2.0584951573541757
-2.8222002118748666,-1.2440634628471354,1.058697198545918,-1.6300360598883405,-2.0957352552152098
-2.937114473764245,-1.138515152199266,1.027653666342434,-1.9911850993550118,-2.1161132406578687
-2.874988145889004,-1.474197810404334,1.0288196029169483,-1.7643432342807648,-2.1482080566303923
-2.6953678785051722,-1.8597780466583727,1.0199739789415796,-1.290811530893142,-2.1190912163859394
-2.618055972071661,-1.9390310875810224,1.023413928040699,-1.0455355685346714,-2.1102455485652833
-2.410075271258666,-2.1495100054676053,1.0226485204734108,-0.5717611579153116,-2.0719700381290167
-2.398436888556417,-2.025262107378161,1.0429736006124497,-0.5711861895847707,-2.0884273772001976
-2.1183977839898986,-2.341145285097909,1.0928906102979892,0.07077657398553304,-2.014151512621455
-2.0935850338721225,-2.202775407955489,1.104047784746361,0.09313168726634592,-1.9958036263131202
-2.194693307083954,-1.9874384555457785,1.1254731484888347,-0.12008828549060785,-2.0047126312647685
-2.129638450312139,-2.1017276878867666,1.1197457970696911,0.0882544585270015,-1.9576245122971805
-2.327230919714156,-1.7299570068715056,1.1273173746938585,-0.42632440449401865,-1.9914128760175582
-2.5798882216644228,-1.3616815120596522,1.1269273232533679,-1.0556102783700576,-2.037554419685993
-2.5748631574761762,-1.6738912557389698,1.0970576250845165,-0.9106150249742518,-2.0359559043349016
-2.626964465843989,-1.6846332234278831,1.0962454440488671,-1.005177523484821,-2.081778717997419
-2.7350607077054776,-1.5656155830791574,1.076519511058659,-1.2356034468483161,-2.117595163763982
-2.7874798487512416,-1.5020038063072652,1.0670014725990378,-1.3976826588600155,-2.1375350731836797
-2.6465080371756526,-1.8988126068262312,1.0613269571761785,-0.9488974547750205,-2.1029008604917014
-2.5426409006546096,-1.995576862230202,1.059341006718062,-0.7138171262586067,-2.0816615790544493
-2.6403309552998837,-1.6888135039020848,1.0754242432352805,-1.0574592700773622,-2.1078033099032027
-2.453408771729856,-2.0479417305927203,1.1025447546198868,-0.5416715048613064,-2.0556239724203085
-2.1986713617965625,-2.3302985502123135,1.1271147755630007,0.00477887704365525,-2.014293072943714
-2.397115081185972,-1.7773740648432905,1.140796606639857,-0.6522450528225363,-2.0225120425261425
-2.5114177882632025,-1.6181764076640177,1.12580479009713,-0.970523755563379,-2.0392731137262405
-2.5803762396334324,-1.6177120355107761,1.1143794096285953,-1.0419467887058511,-2.067296316395754
-2.749980973432237,-1.3239946469322974,1.0725067707087061,-1.5523409162660395,-2.0822355479720636
-2.4111078452204144,-2.0275903239831727,1.1403756079919871,-0.7806748601878228,-1.9983029746322298
-2.503813102952769,-1.7592276816864707,1.1322744686748725,-1.083721087138581,-2.047388388359677
-2.219477543521385,-2.2327823636224493,1.1680167158185668,-0.3632140170206117,-1.9936696196489387
-2.3780216873392868,-1.8504780299308028,1.1450010680839418,-0.7839978183632429,-2.0162701295023506
-2.143434618242226,-2.2254695880251627,1.1403404486183428,-0.20382050548323746,-1.9686493643481922
-2.0718959948047475,-2.247451332890185,1.1159273714975642,0.09323973957994011,-1.942240431040891
-1.982950906194577,-2.32951985874688,1.1319279194754233,0.3611367493063101,-1.9001613190113658
-1.7570046770816088,-2.5479335278104447,1.1905397587779853,0.846656174264396,-1.8792994955680913
-2.0748547593016613,-1.9215854447062284,1.181834592974669,0.06123516174229159,-1.889837187897373
-2.3144092098151723,-1.623791134333954,1.1550914254600053,-0.4953537741229028,-1.9389866368997986
-2.5735267005530726,-1.343069659973033,1.1196354615826742,-1.0874466376853906,-1.9977526168805522
-2.6196643786755622,-1.591073261410826,1.0795148198744,-1.0176675195144766,-2.033708481020472
-2.7036819221698325,-1.566002755325902,1.0614427867400238,-1.1633879091727437,-2.0662004269675123
-2.607771383525049,-1.8292907706166681,1.0694303693039204,-0.8983519821562744,-2.0569474876332663
-2.4955793458939874,-2.03026775931734,1.0610006474628317,-0.5687460898790228,-2.0341547374394646
-2.623790941889901,-1.6848102720142353,1.1030301797187585,-0.9686945939659869,-2.0710999258605653
-2.2775110197295474,-2.2850825033394195,1.167317417042895,-0.21879811824400097,-2.0197404758138524
-2.273808712736395,-2.133777174879683,1.14255650892,-0.25118556954953586,-2.005995900019479
-2.2736480882165524,-2.066213497280095,1.1502200805234595,-0.19512972262012585,-1.986854467934407
-2.089688937611766,-2.3492291026909538,1.1698672488987782,0.2926378975257318,-1.961484324628003
-1.8861041301470325,-2.5269921665504045,1.2078985356177407,0.7260360781085281,-1.9457964404002484
-1.9306494911066405,-2.3480570657016493,1.2217636902551223,0.6700734838187595,-1.939030041622077
-2.232132097052885,-1.7550141379450264,1.2023349902678544,-0.1443423081448417,-1.9459844650342957
-2.2147149009112748,-1.9716393308278353,1.198176258790585,0.03565007238736337,-1.9321594194451286
-2.182989387802678,-2.0818213720612277,1.1938401805693466,0.18023370898370322,-1.9335880566587322
-2.3864450957783707,-1.7940829468327586,1.1951816549064707,-0.26223490928782284,-1.9775456285044632
-2.1578273556063787,-2.229036394472679,1.2108709691523794,0.22520477046304666,-1.9242493337567477
-2.3869911261267514,-1.806030465050391,1.1957792640688312,-0.29672579091840834,-1.9711860262454095
-2.3832377469389066,-1.919234037384307,1.1897495234173079,-0.23449098615741418,-1.999610777863541
-2.5864003546534207,-1.5831952843188024,1.1892125999707974,-0.776210861344428,-2.020375877501098
-2.5195566177488895,-1.8864482760616723,1.1713124693830206,-0.5384281075138783,-2.014919359806702
-2.6013939023325245,-1.751245201676816,1.1628260161328803,-0.7501064226416051,-2.063397167134604
-2.289511569953899,-2.277173279075823,1.1968671827619006,-0.0702790671356899,-2.0002572992513517
-2.4954190097466626,-1.7844829982380628,1.1864454586889013,-0.6685337807569718,-2.0305492602754196
-2.2550005595524474,-2.2205723865154425,1.1955427455372085,-0.1381138061686105,-1.981259470064643
-2.1368250604049694,-2.3349154576385156,1.1909221658299742,0.19263668048468557,-1.954784133598615
-2.1767370182679113,-2.1999953248640898,1.1816285967171756,0.18857012482270183,-1.949746512347761
-2.3370475380769,-1.8819508208139,1.1864792859195363,-0.18636957925321207,-1.9975217904778095
-2.480164742097466,-1.7044932577750727,1.1695213178786148,-0.5485676006650747,-2.0408253888512036
-2.403441614516825,-1.9517301704571464,1.1454352727165944,-0.2985650894462801,-2.0118683661764813
-2.579739878278349,-1.6188910966050754,1.1417560498507413,-0.7964466782771158,-2.0465678127913116
-2.2755958516856603,-2.2189452919819526,1.2062645504577179,-0.08830889075848804,-1.9742132995645874
-2.447065766097197,-1.8517143758797066,1.2080050027818108,-0.5222592522174248,-2.039427266205692
-2.48068282362171,-1.8225389639961085,1.182384230832424,-0.5987105599378844,-2.050198869360962
-2.682056809678316,-1.4813338419902002,1.1613355851615403,-1.1319391365370517,-2.0817926911130367
-2.4080077857040343,-2.0950033622387934,1.1999564880802134,-0.4853290603262387,-2.0217759422015797
-2.567914920058522,-1.6834094644251107,1.1591471312953043,-1.0289339729008338,-2.045446197187553
-2.656609119608876,-1.6357106463140538,1.1271512958496512,-1.215724220599011,-2.0946298136159207
-2.7506987108655636,-1.579169202287871,1.0902084217236412,-1.3938165809417218,-2.11188663063417
-2.454468179480671,-2.128809161192725,1.1311823516756403,-0.6820223359242819,-2.06155535223593
-2.4029160973272723,-2.1111263161349494,1.0906904657888787,-0.4989755209220158,-2.0614249030807943
-2.338938436447112,-2.107287496894303,1.1039698713720976,-0.32484087114983773,-2.0586227203821106
-2.254860530379787,-2.1575116353211548,1.0978967918412428,-0.1000951297176465,-1.9926289858990784
-2.2090526656945237,-2.160096326318699,1.1041894976618871,0.021688006493914825,-1.9868271845556071
-2.354869902327094,-1.8569401561699608,1.1336923112387867,-0.31055373921402185,-2.003842338813405
-2.492487792895719,-1.6465223711366042,1.1291036442721907,-0.6448492772698564,-2.048597854579677
-2.6607187070348144,-1.3911607259697305,1.121580371910478,-1.1475050751146258,-2.082374308757998
-2.507135729319174,-1.8555258183909007,1.1258312313402334,-0.7303385405695689,-2.0495279472669856
-2.1971503571098983,-2.357517506800953,1.1962471900975629,-0.05121993284248896,-1.9931297501699703
-2.2980346325999665,-2.0718520866073105,1.1744580434871694,-0.3269952837608571,-2.018428589747392
-2.4027679891116938,-1.8520088422044725,1.1475208494657485,-0.5376663213719178,-2.035346913721691
-2.610004365805498,-1.4622577176674028,1.1134917207577724,-1.1606737261258784,-2.065690462432278
-2.7546948645504292,-1.3273140226272366,1.098819120854213,-1.528863710633499,-2.095455655240753
-2.4963399607845953,-1.9486170563773095,1.111877496861331,-0.8960107825413686,-2.0450813534250583
-2.4370596677770435,-2.0331021014878803,1.105811234440755,-0.6922780660128905,-2.0498634148026347
-2.257038313346856,-2.2578034242744107,1.1035864765282528,-0.226537430353265,-2.003707767886307
-2.4330922833214887,-1.803691348765665,1.102657168104896,-0.7085595919251314,-2.0283465964882055
-2.505700547062643,-1.7338625257769165,1.0752028195811358,-0.8431288483868183,-2.0625014812262137
-2.3646669663626327,-2.0036284098785577,1.0776102569714892,-0.486228230625438,-2.0095899334283347
-2.3492674549303167,-1.9997953527297516,1.0714590702150137,-0.38174547925145147,-2.0253543901076627
-2.5298399342515525,-1.5450147933854623,1.0890424525999447,-0.9723610437323985,-2.030957809745146
-2.7190092474050824,-1.3575102249934046,1.0543858322348554,-1.3610104962012384,-2.0813964219514114
-2.6385321755207047,-1.6956373482781766,1.0534530687267691,-1.1266526956108085,-2.100969871332812
-2.7155539069032573,-1.587543373354923,1.0416375598566872,-1.344528713691618,-2.134671646973451
-2.5926394934585026,-1.8674389502808701,1.0585281000790274,-0.9898812882610648,-2.1022077778064308
-2.3821871278379003,-2.1600131421144986,1.0642236445636801,-0.47275915294461085,-2.0648510009726797
-2.5101914923765802,-1.7439670790684974,1.0904020478092533,-0.8959428537522225,-2.074405775477331
-2.5096972587225292,-1.819159520768293,1.0899817275402375,-0.818918875868005,-2.0575449416188207
-2.478931228575871,-1.8613819393701703,1.07285391002399,-0.7406449513214867,-2.0494524340153677
-2.524764182049112,-1.7520575642141976,1.0505329725495292,-0.8546854382835982,-2.077967714264557
-2.4383019670055672,-1.937463447455985,1.0623677529621602,-0.5843944558489038,-2.0391545438978684
-2.570469047289713,-1.6498963384602032,1.0934586300192097,-0.9633470784995524,-2.0706473028202046
-2.6912079251740804,-1.455367055095993,1.0856210818543794,-1.318179202174933,-2.102471650224597
-2.7153231611072197,-1.5689579385323555,1.0769877692298897,-1.2960865851270715,-2.141881132715787
-2.7954145612974206,-1.4717819825386897,1.0651985471834333,-1.5219225914666126,-2.1656187868623764
-2.8222411705893427,-1.4966327142763165,1.0579219678745095,-1.624218473804395,-2.1780246312706817
-2.876547994695806,-1.4317807050562417,1.0449423752485727,-1.7409898495951446,-2.202014577250856
-2.944847307719357,-1.2962038656185657,1.0304404376537535,-2.0108673373624053,-2.207519362825713
-2.8874913505809965,-1.5108916649669752,1.0180357459222529,-1.8480482044035473,-2.2142179068967778
-2.558258365563166,-2.1148135235513954,1.050334438501086,-1.0170820733612485,-2.1470069996965493
-2.5976634300436356,-1.8102479768255777,1.0353619644322503,-1.2192412018280898,-2.150306307351321
-2.5251261417112194,-1.9210834344987642,1.0253371557932074,-0.9887763032410946,-2.125736462912046
-2.3973242883516837,-2.057563556148651,1.0352417318985985,-0.6265621300483809,-2.083286315122093
-2.473931983204589,-1.7934492668546382,1.0518635936472447,-0.8544485399634059,-2.0943797280705354
-2.5807266754690565,-1.5701433673234515,1.027631201828746,-1.148581773631284,-2.09585765367924
-2.4880263543265047,-1.8261019282920021,1.0342235549138492,-0.8433876450764994,-2.11267447995351
-2.2139750747903317,-2.2601433089635004,1.0798165271291484,-0.14692857904356182,-2.037247939341163
-2.0915964844298487,-2.323411813453721,1.0826777157527812,0.18926038631533582,-2.0002799081429083
-2.234373642014754,-1.9329249427850328,1.099944943046634,-0.16321057280208895,-2.0050161867284366
-2.456006706969477,-1.5271772730813846,1.0933224710240022,-0.7682002982180601,-2.027777324899118
-2.3352955660597177,-1.902548385780653,1.0785390586998664,-0.42814792456753237,-1.9835151487243228
-2.0857993814841445,-2.3188837701738767,1.1379502114993065,0.1966555240580773,-1.9468663462502767
-2.310348842683224,-1.8313441943651834,1.1402657081930252,-0.3887242759058119,-2.000514173495396
-2.1146601756141252,-2.184898402080339,1.146737865633067,0.08400427647615394,-1.9216825091044325
-2.1222058397702384,-2.12854255655889,1.1272506717931727,0.13272169582853993,-1.9244222898040344
-2.2619880869053404,-1.8966332540493893,1.1363363048860984,-0.1861626226621818,-1.948824330354618
-2.2971178838744537,-1.9187839023717397,1.0953194034690132,-0.16837830125918513,-1.9512656246562559
-2.3151421278221744,-1.948376624162819,1.0923054243174533,-0.12862335499963146,-1.9619211273333377
-2.538771780815649,-1.5301007687857038,1.131977508997297,-0.7457907105805005,-2.003958818615337
-2.349625140264677,-1.970054591767918,1.1420955246630038,-0.2789944716323856,-1.9623479648749442
-2.3904539830401514,-1.9187487750169883,1.1492706662302585,-0.3257247429438689,-1.9785314592963712
-2.378060408831369,-1.9456987922195845,1.1391134253220483,-0.2817924981220271,-1.987318097290614
-2.2217478392358507,-2.2217329946419215,1.1605038791855076,0.1373312293099875,-1.9707111744972083
-2.0536915783303855,-2.3973614919803707,1.1851825319137361,0.5159541109286591,-1.948586221658899
-2.1164815460651463,-2.165555788675958,1.2086136548623247,0.37235825890984414,-1.9490269916053473
-2.384693195838537,-1.6390894519411046,1.198424958532019,-0.4186753311944605,-1.9983626991694523
-2.5571122947068394,-1.4824176149464885,1.1647526639152328,-0.8006605393188191,-2.041955711600399
-2.3910176835557273,-1.9705064445784883,1.1759470122683715,-0.3482955337710413,-2.0037394666608583
-2.225025169395727,-2.229093863355617,1.1961703666678405,0.09942965968566801,-1.9544574358016484
-2.4533806218382637,-1.694117801346205,1.1886663656540115,-0.601129206568296,-1.9886684569751099
-2.460888145497901,-1.7999474275168075,1.1763797444650752,-0.5853197232336637,-2.006759065455792
-2.353743826681063,-2.045060250343847,1.1530131324859672,-0.2912176478595863,-1.9833007351076952
-2.130751760727284,-2.3551396773681454,1.1687877530246418,0.2409698520113302,-1.9499924974827345
-1.9611740079394806,-2.4816498717506494,1.1955768430597555,0.6097395652438942,-1.9244130863301325
-2.181867270976791,-1.9823103889722145,1.2289037453921443,0.03871694342618001,-1.9540437161624937
-2.1235207922830006,-2.158088026713343,1.199342013565322,0.2505343691752325,-1.9083052486005632
-2.064360828139223,-2.2155660645857806,1.196752594283179,0.4222006202467952,-1.897496160508288
-2.002895816718016,-2.3124624678978916,1.210674644295663,0.6617962848613608,-1.8942127509420774
-2.0269684968984225,-2.227500828366255,1.2189325210128634,0.6455443615668858,-1.8712710563460246
-1.854106662976295,-2.481530969742032,1.263443544933628,1.0027101052926715,-1.8555412920053127
-1.856911952111544,-2.4005278707996744,1.293223425822375,1.0511313573330532,-1.864875050783984
-2.1971406972636323,-1.7722589885623077,1.2923011166141845,0.15231310379436955,-1.9281291066519257
-2.034319772420817,-2.214415337901541,1.3073500853660618,0.5997661699240437,-1.8705697422024399
-2.350526582804835,-1.6994837021483302,1.2730417699413101,-0.21038592163259667,-1.9391074863552162
-2.4878594867266073,-1.6523719386219475,1.2424678062047145,-0.5203408742132243,-1.990336962608109
-2.544843039112456,-1.7024532877238052,1.2137101750406252,-0.5927400003079689,-2.0076904187257116
-2.6084287235304635,-1.7589150483650366,1.1486282053866201,-0.6664750322928377,-2.046527031189633
-2.368558724832221,-2.19588961816377,1.1772648170501745,-0.10763322553136163,-1.9859656942961819
-2.589012726529526,-1.6592291578368525,1.1846540546128117,-0.7757641100155572,-2.0326238805816264
-2.25139799910768,-2.231551882129567,1.2091313065022995,-0.08437857703191902,-1.9722805254983515
-1.9913260611912227,-2.5358101763699756,1.2231014635932522,0.4723296591173518,-1.931975589720588
-1.9128940242810404,-2.486339334508199,1.234039190514067,0.6486454128779725,-1.9153184648714714
-2.0115096687366334,-2.2292881304139107,1.22639202999422,0.4670307363266864,-1.9074340489018555
-1.9053424214161128,-2.3909528960259308,1.2125894987568848,0.7388351298325982,-1.8709677257463748
-2.01521122080001,-2.1681482812191124,1.2260385987678135,0.5277539114492918,-1.8542600168975143
-2.327383916761838,-1.627100141060526,1.2079598457391894,-0.2795614391588221,-1.934799619435779
-2.482004301646552,-1.6129912653473517,1.1758418461721531,-0.5860240985358016,-1.9948688242125747
-2.6670262125976936,-1.455006250753072,1.1537020865818073,-1.0431455468176793,-2.0453384862539212
-2.508334244013317,-1.9332435416940048,1.1357886626980356,-0.5859746599770126,-2.000179392777479
-2.4515913879983717,-2.0225802510030526,1.1344390157848192,-0.45016075501566766,-2.0071400095489267
-2.599985458007189,-1.6836532114982148,1.1242164174469882,-0.9285515879998445,-2.0330559181726713
-2.3060602754492496,-2.1924222387693812,1.177647612603807,-0.28303480672324843,-1.9850243557238043
-2.4607535186019365,-1.7998502541816022,1.178801071142493,-0.73744520889884,-2.0209964244303014
-2.5368434714061445,-1.7820261949590785,1.1477616793716432,-0.8112596271502873,-2.0736381168712548
-2.284719888679567,-2.198815407742858,1.1639562977472557,-0.22324345575972046,-2.003333800600582
-2.4731710622411955,-1.7697640437681732,1.1493611156244694,-0.7385039829702759,-2.0420049490114645
-2.3058864484626067,-2.0721665603820854,1.147419752321231,-0.33509735792352124,-2.0091631750703995
-2.4225176761103895,-1.79516585447799,1.1459067223991553,-0.6621402312927759,-2.041750564979329
-2.5917085501200536,-1.562368003126449,1.1436786706390225,-1.0642404531297311,-2.08080986380138
-2.4373917318918403,-1.9495132178121515,1.1399681854779993,-0.6717414509665233,-2.0224011997152678
-2.6049878235184996,-1.5753420694919373,1.1130155200097744,-1.163770912329107,-2.06594330332663
-2.772270493815971,-1.3540813176194926,1.092070284098141,-1.610139310595157,-2.1157257190426906
-2.609890110111626,-1.8022999922075589,1.1021530886186666,-1.1498426514027926,-2.0710564819029305
-2.5198541032175696,-2.0038651455227567,1.082225048351785,-0.8094617227490399,-2.0861248033257596
-2.522201035505142,-1.9002622458054765,1.0817353728249353,-0.8141771214165399,-2.0843680393848043
-2.6245513882536,-1.6556611622385444,1.0753335497499694,-1.1166944405516193,-2.1051072383837726
-2.4601189442161724,-2.00768961123635,1.0687311627549891,-0.6562649632324244,-2.0782812194993485
-2.3323933863785804,-2.139429234245409,1.0858071959205406,-0.2808930987981548,-2.051287288107497
-2.074242354272951,-2.4043481022104882,1.1195058831434646,0.2575010228704188,-2.0125727534236617
-1.8592722996988351,-2.5556218007461884,1.15084001647262,0.7102317044900835,-1.9728949367129578
-1.691057846570834,-2.6329623135325817,1.2056965964259678,1.0701308057352197,-1.9261324764154297
-1.5408973704700697,-2.689973941799556,1.2422684902216785,1.38794143441698,-1.8646856049042722
-1.950104137090377,-1.9699050247641245,1.2180422871586176,0.42821546548691386,-1.8788510940716687
-2.2288674245052125,-1.6403168847464087,1.1757430396676578,-0.16762193509609555,-1.93197838336836
-2.4981278020856057,-1.3447127077220227,1.121159699750597,-0.8732418195930057,-1.9721801947666893
-2.6602541619762845,-1.4089847387036412,1.0861936544948227,-1.1238988981390519,-2.019549754832987
-2.6839852292992856,-1.620432167337102,1.068525912313604,-1.0309929835991343,-2.029508201832965
-2.7870666295518087,-1.5109735259548511,1.0498724526700502,-1.3355467218882473,-2.069693167390183
-2.5712283840769214,-1.9975429054071485,1.066411743348745,-0.7739788002927026,-2.010451341242949
-2.3080220011874366,-2.326667552263488,1.0684974041322186,-0.18852893540395133,-1.988293951282509
-2.4044834650898643,-1.9665791469834217,1.0936269776081682,-0.5109918188954571,-2.020174055522872
-2.5381145686058812,-1.674203386687418,1.0952880724994551,-0.8871183910808009,-2.0497882653048958
-2.4303782448666684,-1.9519789024423169,1.093886448090419,-0.5523903141709022,-1.998959783207182
-2.4853867220944568,-1.8354944580753525,1.0968512220417597,-0.6871334455264201,-2.06237018632685
-2.2655945992343556,-2.199612555974818,1.125582624608738,-0.1382551733918578,-2.016545456854628
-2.374049723209689,-1.85527449461915,1.1526970080729437,-0.47610392739845836,-2.0043536780513893
-2.445006315336555,-1.790351346160312,1.1309785387467508,-0.5901632695650382,-2.033640847147222
-2.6031025904733456,-1.4713104025326758,1.1154025632219138,-1.1248684352925082,-2.0545496548267512
-2.3976196243097183,-2.007562588468364,1.1317936775648874,-0.5515986796281841,-1.9953421312016377
-2.5638550746276154,-1.6237222224696302,1.1239862969424257,-1.1090075759386082,-2.0342833936500213
-2.5766541883960823,-1.708460795891431,1.0959497208889146,-1.029651372043597,-2.046520132584448
-2.729567800761611,-1.4220333430535628,1.085755329879193,-1.4620998846599669,-2.0507541967485294
-2.6409755861903585,-1.7086870917940367,1.0803239432910123,-1.1948202662993306,-2.073237655209595
-2.6305985844073874,-1.766145627513604,1.0664087254286865,-1.1268409176470893,-2.107349285252544
-2.757276845248219,-1.4746291014872024,1.0681196063472158,-1.4883484555976845,-2.1209977177966426
-2.371715834291895,-2.150991666908516,1.1328456704325036,-0.6175271230888018,-2.0439754273373762
-2.5593468731522657,-1.6514301622115215,1.098274817132129,-1.212959126472043,-2.0442389895133237
-2.6461109082966385,-1.4918153167043338,1.0727460846997492,-1.4708541986648156,-2.062172810029152
-2.801942733879951,-1.2630888008807333,1.0252520297308498,-1.9232431962520244,-2.090913095731597
-2.5455936105482606,-1.8627345309595482,1.0593879490548754,-1.2762104935409504,-2.041425603559735
-2.2909826828859687,-2.21764755201872,1.0851900086849224,-0.6103159909349503,-1.997188598242474
-2.2615215451711883,-2.1067641016367493,1.0751740266461447,-0.49148546235126345,-2.005375622240606
-2.2906911555684686,-1.9424730972886333,1.0635296955260192,-0.5347522948500885,-1.9919674360040083
-2.2962914311234663,-1.8879332860715978,1.0468756452179975,-0.5073647902078356,-2.0025081376755445
-2.3888279282423364,-1.7653874404436252,1.0555024387960636,-0.666438745455807,-2.0159520203244976
-2.2385388749352493,-2.0825886008283163,1.0774221737027079,-0.21909607159091554,-1.987237371757497
-2.337946510367265,-1.866827561313186,1.1039196302013918,-0.4330611024846653,-2.016906218336577
-2.2139796936437115,-2.1116784783290163,1.1015874263624814,-0.072331783134564,-1.9867447738776551
-2.169923663974403,-2.170931473542861,1.1121196455670639,0.1091610130190735,-1.9651585873340487
-2.3211514774025974,-1.8167029638454817,1.1240606723528226,-0.31061942493748335,-2.0139958608109954
-2.1259155710075834,-2.2153385935164476,1.1449557682058222,0.22389100546599988,-1.9370725502962889
-1.9249774381249198,-2.453115080567325,1.1815125872268444,0.670238648998532,-1.8951169899268763
-2.1077715479006645,-2.064056591781999,1.1918401479899239,0.2204120888586549,-1.9312192357703923
-1.879409753645611,-2.4215523736096274,1.2303520617953443,0.6911709763378799,-1.8692770826408005
-1.7137124230290757,-2.612507357364742,1.2492997993356687,1.0995938266629017,-1.8597873744952318
-2.023502430694331,-2.0323117467072005,1.2633353214620717,0.35783408533621575,-1.8893374164697665
-2.33397244723173,-1.6015061032760656,1.2235436482000694,-0.37877465117728326,-1.9518575540249243
-2.3578388251709623,-1.807852730032254,1.1741261954632916,-0.2896471663717241,-1.9512362679627455
-2.2428776141881976,-2.127751745423447,1.1518412268322435,0.08705139805866464,-1.91404299114613
-1.9906769814737029,-2.488169570664443,1.1845810921348914,0.6303098727563998,-1.87437008129808
-2.2622532291866797,-1.9096036763980477,1.177640209529861,-0.09438955897662543,-1.9165573321652283
-2.268939078162593,-2.013377343402251,1.1631568834766333,0.002484553383193032,-1.9243927509324297
-2.453075134903161,-1.7625532259606735,1.1664702683281325,-0.39657484215652794,-1.9800186758212033
-2.6445569023464115,-1.4832823698017374,1.142867407297162,-0.937987431417978,-2.0188202459986497
-2.7978244227931315,-1.3526949816249316,1.1179305393951484,-1.3252325362899033,-2.0643709837134048
-2.7915981389496127,-1.5678596825137174,1.0764678227299236,-1.2382481201651137,-2.1020668092932904
-2.4978400592670478,-2.099495867018447,1.109532084523141,-0.5726644801815717,-2.0504940605276496
-2.531221406053764,-1.917545590673545,1.09735045853125,-0.7081221537795799,-2.0730930429747616
-2.6718749086811635,-1.534854893599523,1.0882726188774405,-1.2165101241947982,-2.079939600996615
-2.828043597304928,-1.3160388011729458,1.0746825332202294,-1.6745429158156209,-2.1085822959879503
-2.666597684644203,-1.763077463585596,1.0891106881685009,-1.2603801412691729,-2.0867837010892023
-2.345544255283629,-2.2991626188124448,1.1367376656581132,-0.48010700755340624,-2.047139504581214
-2.544511923107989,-1.734946012610653,1.1156289111397273,-1.092163872445382,-2.052223053461846
-2.5759223710839114,-1.715515621838035,1.0781136556181994,-1.1304040440119725,-2.0675671692771043
-2.4613216567991336,-1.9474112267920116,1.0855149356067648,-0.8414926057680985,-2.0421808526951812
-2.6170582588628415,-1.6002682950245268,1.0748899877909088,-1.2840830204119076,-2.069205405136422
-2.6316425995047146,-1.652337284040708,1.0534564326398117,-1.286517798542377,-2.077220464202765
-2.4372270963830003,-2.0598467455512144,1.07573157598921,-0.7121174651531401,-2.049900090982793
-2.59797107517849,-1.6642872789117944,1.0675947166069448,-1.1558794138569575,-2.0727356647829747
-2.4708825510664827,-1.9381015927130711,1.0820387717789255,-0.7756474197768295,-2.0401442972335078
-2.619363086109621,-1.5750636918516094,1.070736616406472,-1.2293524426865936,-2.0613324201222305
-2.333032557085697,-2.108221391496336,1.1289271376447265,-0.5512236373375603,-2.014796293864477
-2.5180584457271347,-1.6298351655444319,1.1042905554911988,-1.1405057994715726,-2.0323975393301157
-2.6976608072195143,-1.3280703724221843,1.0570686352383225,-1.6493100750668706,-2.0551033467997213
-2.6974654415624526,-1.5199431532717942,1.032008271899392,-1.565514505077375,-2.107842523756442
-2.759959419714169,-1.501360193181198,1.0163750250278496,-1.6712429965110707,-2.1335057517975686
-2.903717892027418,-1.254654153153705,0.9787879364371693,-2.0596803363006657,-2.1411063775990185
-2.5132251427435413,-2.0322600140911686,1.0516085267925952,-1.1377059134587864,-2.0897792592282647
-2.154016192178937,-2.4451024018245824,1.097909742813223,-0.29701605423691135,-2.046014131876728
-2.040790603950283,-2.4049583028911163,1.0729370162270417,0.015311329841210572,-2.0030364921463795
-1.781749684654715,-2.6139528942864882,1.0928711412208771,0.59488204276667,-1.9598237780838852
-2.070060556965241,-1.9776555008804593,1.0649239515636109,-0.11951869020313659,-1.9221834828253228
-2.0217720801609906,-2.1038361085674913,1.0549378332830166,0.09049785011380206,-1.8899402736008994
-2.1916753556795743,-1.9032671751283372,1.0806441678823708,-0.1935365445014898,-1.9205036857722027
-2.024200769225227,-2.2264563635489534,1.1025593004070295,0.27128775431937413,-1.8742926754532103
-1.9963951437259726,-2.215311823270639,1.1065533211814162,0.4010191024093443,-1.871068666143398
-1.8466811390809923,-2.443276619394693,1.1493076449727793,0.7875591106572444,-1.8340151893502659
-1.8561738539570136,-2.3909805668056823,1.1520708877206598,0.869358526099613,-1.8444569609757457
-2.1834596471170262,-1.7673124803849367,1.1472155943337148,0.015849722963097654,-1.8675508940446672
-2.3736606108600338,-1.6565156381125121,1.1414013064370279,-0.31960768546933194,-1.919050069638445
-2.5439582928605455,-1.529308094996326,1.1343028083493327,-0.6817702811867901,-1.985142597885104
-2.4070471917711567,-1.9464778999356889,1.1175094528027731,-0.29077938493301264,-1.9435140893752443
-2.523803682929871,-1.782282316545588,1.1277806174395815,-0.5187767973225562,-2.003045757707838
-2.452987969758048,-1.9696376521857621,1.1192984645710946,-0.304014359097526,-1.9943248315613944
-2.4463176264575694,-1.993847564034221,1.1205300212257947,-0.2358790276125433,-2.006101348362139
-2.548702983817507,-1.7229725929110309,1.1400242358071453,-0.6175156339674028,-2.038595708628333
-2.45427743639279,-1.9803487358000729,1.1254456222612284,-0.322002790421121,-2.023361231785588
-2.412633273907823,-1.9997879980919537,1.1443586187050887,-0.2513068574673283,-2.0281181329922853
-2.5970196570797315,-1.5739008388104043,1.1575744983949199,-0.8278908495557074,-2.046760515358904
-2.7638874974563397,-1.3671004864412946,1.157379378915414,-1.2710862715243247,-2.0998723902219143
-2.8718408402979727,-1.3208184950734363,1.115358441256474,-1.577214470431154,-2.1574303687075096
-2.476471043216667,-2.083315507972165,1.1860192797963351,-0.7456892335586458,-2.072534733989673
-2.3425070179394116,-2.1762594259962813,1.160421496603192,-0.4208125447312016,-2.0346795437667518
-2.497298010210562,-1.7849237165628205,1.1384849189295918,-0.8667101847909963,-2.0708379012799414
-2.6447019828107416,-1.5265652151613682,1.1005892638084875,-1.2846322305637285,-2.0827951812110843
-2.3920311711736857,-2.0207835365791342,1.1452231915998954,-0.6580631882628128,-2.0219321988010854
-2.5471438517689897,-1.6854057099325972,1.1157338696454981,-1.0934125386011908,-2.0424581620250613
-2.44291733904828,-1.9293907958495573,1.1072253730869184,-0.7506660589892067,-2.036092790185559
-2.2208368525289512,-2.2331175879999163,1.1011644911061316,-0.23553585541288694,-1.9994276799966242
-2.3308553285215248,-1.965505917797799,1.1079271763540537,-0.46927177426621225,-2.0250021814525354
-2.084316043563321,-2.3153350464176365,1.12587025967872,0.08923363974661644,-1.9580190997602405
-2.02142474772301,-2.317226268716361,1.1289951456594618,0.2756807805016257,-1.933378350115213
-1.847623782185319,-2.5015459341319404,1.158418635388104,0.7233175809872607,-1.9067648594978923
-2.0614754339546457,-2.0603498403658196,1.1822419693407025,0.27468993578635237,-1.9382677058484776
-1.8505558543974858,-2.397132246717883,1.2280866060776616,0.74154581722205,-1.885683199362732
-2.104780580659237,-1.9389037881050417,1.2049597705914645,0.09644670402550938,-1.9242969455844845
-2.3266486990770145,-1.718544801060373,1.2041364494434001,-0.34133645219554193,-1.9856927982202421
-2.441800211480424,-1.7131259974930524,1.1465735818533929,-0.514881292350464,-2.0241355290286207
-2.3195828648649397,-2.0749723047129818,1.1426362862408797,-0.07293240531461935,-1.9661364564053438
-2.351042553482631,-2.0101564088768975,1.1273654333732523,-0.10617167392180152,-1.9766428875747937
-2.4208518549049756,-1.9280621694704974,1.1317360744864238,-0.23301305142373607,-1.9837974017748812
-2.2138752735810017,-2.297013136379402,1.1638023179279158,0.27853680504880507,-1.9529580462895304
-2.3813424182543197,-1.9119462944393333,1.1800327699024813,-0.1734309510529719,-1.9970433783763024
-2.6093369761788345,-1.5457519806852944,1.1595294268506529,-0.7868931217931133,-2.0237522164078268
-2.274153053312335,-2.2130903793170136,1.2236844313819557,-0.09013821261181751,-1.9680712944058592
-2.056399438560346,-2.452842114540065,1.236560727211167,0.38276539526052855,-1.9395652057283792
-2.1829790976472925,-2.1249128324295405,1.2250061127964842,0.10131582842097296,-1.9576345556776118
-2.128899426935871,-2.2173399133701315,1.2015677801885076,0.2832720992425665,-1.9303107299417035
-2.3609464437983863,-1.749324109137453,1.1947695359724977,-0.3444219401100003,-1.9789816632839092
-2.517944522676903,-1.645479861686096,1.161097949008054,-0.6183346963547846,-2.010966554449096
-2.680703956838124,-1.4426584062246495,1.136975569763085,-1.0540781848326688,-2.042760207426625
-2.8436907919778283,-1.251935743656839,1.0990104953086155,-1.5247167546411364,-2.083677761566103
-2.5729050574490024,-1.9075190560846589,1.1339261234449907,-0.8614228655982531,-2.040355586166016
-2.3069838813174726,-2.278501964443959,1.1434922435984722,-0.23750656755700425,-2.0050850750784237
-2.151529656319036,-2.380992451627719,1.1314071108942383,0.14899285503881243,-1.9773754659340994
-2.2233051696515114,-2.1240680318197462,1.141519820114455,-0.02259790902696989,-1.9812775023155897
-2.3338984996394014,-1.9018974538561015,1.142180964566628,-0.2742818836165089,-1.994431317039066
-2.5104082077216554,-1.569798720856607,1.1319109150540079,-0.7924397345284617,-2.02318120960767
-2.538120890390253,-1.6991211451681707,1.115466563387793,-0.7485871712544098,-2.0438447942417524
-2.552761906315023,-1.7285749730827875,1.1086028612074752,-0.7686848413713372,-2.05530203729836
-2.490838043252663,-1.910450238235078,1.0872353303607303,-0.5359916906632767,-2.049490544345331
-2.3042273981257,-2.2036515303497635,1.108541348358085,-0.06622665430210038,-2.033102770551397
-2.360243611597889,-2.011868862519731,1.1400285610967131,-0.220093591507092,-2.0362654856421396
-2.1084846234706562,-2.3550202075975846,1.1698831529065101,0.3213044918600232,-1.9701140673339832
-2.144599578443204,-2.187481286053757,1.1846009289883892,0.2153762873251807,-1.9798966667680273
-2.1261282098838277,-2.1819510226259213,1.1836275916994825,0.32666101903785066,-1.9419233182447304
-1.921551410762376,-2.476701969756128,1.2095418031029754,0.7655360260194061,-1.8997851264585581
-1.7212842308147356,-2.678517753108114,1.2653858317277873,1.1984206458586515,-1.8762360194443926
-1.8418339983640137,-2.403438750737437,1.2961133165738512,0.9934086053461606,-1.8891649658367826
-1.9991711469506437,-2.1185145487011074,1.2901383568557794,0.6309124851809574,-1.9035614295685006
-1.8709874950298522,-2.4141880705467695,1.3056963555812124,0.9708906977266024,-1.8513303345994883
-2.0831622850449834,-2.083001906321595,1.3093955771537218,0.5259103316332162,-1.8983825833718975
-2.252749051054171,-1.868657836698966,1.2804305382368308,0.16008644112419199,-1.9353691898571121
-2.4016983312382845,-1.78721816955789,1.2475959154662961,-0.09495052692332366,-1.9717175371146507
-2.333415163112018,-2.0577050534139754,1.2080052081776937,0.13174787333721844,-1.9598731038256607
-2.31261232270487,-2.16393060780274,1.1958734163693172,0.2704728509567898,-1.9743124339489846
-2.167351619277238,-2.3664793240348,1.2136216690867463,0.6050973933342534,-1.9470942339937032
-1.944532156693299,-2.617192348411552,1.2502012399462137,1.0469490853994647,-1.9111939275629337
-1.8063877175695386,-2.640707332314137,1.272288551530046,1.2578351838423523,-1.8642371352250762
-2.136359634499764,-1.9584049163893515,1.3002876095692992,0.34286282593523587,-1.881947749796248
-1.9617351266001373,-2.3189823185482124,1.3406143649162447,0.6913721276488347,-1.8324105081015973
-2.1552385113117984,-2.041146066922402,1.3116011627256197,0.3019822645141452,-1.8791375971096107
-1.9637058519586301,-2.4016980947030246,1.3287538454707866,0.7521103642976824,-1.841732614271664
-2.1811522716984038,-2.0144230579921376,1.3136925983935666,0.250913315098042,-1.8933395917043856
-1.9837835854452701,-2.39030698352802,1.3421093048538548,0.6585752711396822,-1.8497787817589173
-1.7675517363010889,-2.655479386460976,1.3689953641359736,1.0873038169707736,-1.8450044035491726
-1.8673811928299717,-2.4064593480475214,1.3681298167660407,0.9256505873704451,-1.8448505712945054
-1.9140306516105399,-2.348026463310202,1.3694397366105349,0.9049014074381878,-1.8532923616265984
-2.174969062318277,-1.9720395064218963,1.3459846936293671,0.3144116045559366,-1.9034136872528482
-2.3898563816804383,-1.6735529618183096,1.3118513287706657,-0.25112150753628926,-1.9617867145159582
-2.6628577167283987,-1.39531153275183,1.2566914842480794,-0.8821464192013857,-2.036552327863319
-2.720225081520915,-1.5441488393019007,1.1943109795526827,-1.007033031567176,-2.0699554402404026
-2.8414403862213815,-1.5355968386326306,1.1564066479737876,-1.2368078853082292,-2.1194948873269106
-2.8463299311834414,-1.676907148169183,1.1322477127665396,-1.1942465041929804,-2.131858478554637
-2.7841481716020273,-1.8092901366099123,1.104288462696561,-1.0846406009599268,-2.1295102517531213
-2.6627724083120716,-1.9588220321025744,1.100962308143567,-0.840431397808948,-2.1449247460603966
-2.575147391065402,-2.0304825337898342,1.1060662429571129,-0.6154344262810753,-2.113509906551623
-2.554756791602131,-1.888480299432642,1.109482489173064,-0.7137488480336868,-2.128895813261145
-2.5238646360132524,-1.9122180689958312,1.1191472139228555,-0.6508301146036316,-2.117397086547744
-2.5971026579982017,-1.7669288184159386,1.119780199892569,-0.8679318500583295,-2.1296018021263396
-2.6590707970825016,-1.5974602656335084,1.1164686086695421,-1.0932759348623324,-2.148517048591671
-2.582344525513654,-1.8392580024517826,1.1332164066212176,-0.8457912174500649,-2.125705364763265
-2.5697520163657135,-1.829606652653456,1.1232109211964438,-0.8390505274266701,-2.136808431260062
-2.2946995457645962,-2.2845916492101996,1.170997529332622,-0.1916655884326016,-2.062339345323047
-2.067043852755362,-2.4787533986853556,1.1876725325199446,0.3198838522175257,-1.9929725445723745
-1.8851076576403634,-2.538245288486655,1.184576501718772,0.7157939364281884,-1.9531896669155189
-1.669569304381288,-2.6526405753827333,1.2302572182965137,1.1307911149117937,-1.915172922004218
-1.5507263325923042,-2.6807423981118603,1.2845980875886236,1.3829089311664506,-1.8836403135947086
-1.7579538974343676,-2.3131140606409044,1.296311754147769,1.0190245331653276,-1.8845616113312351
-1.8828578041706883,-2.150190938872643,1.2614225187648864,0.8056982758043922,-1.886784398764413
-2.0543964030515283,-1.989357352762568,1.2472425458229908,0.5227549649067416,-1.9168912428541252
-2.2238670448823066,-1.8760637839489795,1.2327355899011367,0.2474581681087702,-1.9716363290165908
-2.272590492303026,-1.9858874412107612,1.2009180266906463,0.25429691355347456,-1.964344857355205
-2.2136016954741993,-2.159362648610256,1.202513118531602,0.45443897860047006,-1.9418655864903824
-2.161873192944846,-2.2745464362290932,1.2104713953968338,0.6380020038026659,-1.9262160611761938
-2.0746243535851088,-2.3577221625872284,1.192553090594485,0.8313526050074487,-1.9176324404879084
-2.1787789131414916,-2.156629031737088,1.2256868514064128,0.5865902664079741,-1.9299467613790422
-2.1635930964039534,-2.2187171708269977,1.2347035674014104,0.6524178306884916,-1.9322158384804202
-1.9853778360302887,-2.478995277189895,1.2872283892268017,1.025746259311042,-1.8860750405159072
-1.9279150026667118,-2.4627921629967275,1.3126937670206595,1.1221498282483602,-1.89266940103906
-2.0104927539421116,-2.2392594812793734,1.3353112812771084,0.8892044136203845,-1.886527992945199
-2.065451502447254,-2.1894418148081933,1.3546689359119224,0.833931123010245,-1.9076389024623355
-2.2435202563637406,-1.9668138435612177,1.3426900801199988,0.433733402418094,-1.9671598478883836
-2.416835073838813,-1.7751035711552037,1.3174469386018444,0.005059386243745928,-2.012262025347338
-2.602510919561718,-1.550908896631634,1.2945567475446307,-0.5229177363792376,-2.0775436016930517
-2.478236656168695,-1.987776230337013,1.2865761209076514,-0.18506154685912196,-2.0237013571927065
-2.4897207703652064,-1.9441150679581114,1.2305960144109545,-0.2674854954308447,-2.0369809979451077
-2.572682234295447,-1.8272082600468995,1.2253508603888779,-0.47313855052194487,-2.0654541341025294
-2.2783309914381613,-2.322387462144985,1.2512250891612964,0.1437665307001135,-2.0071222351477815
-2.25873478229555,-2.2518280101867902,1.2315209251240893,0.14929246512003574,-2.0154492149257464
-1.991664927861333,-2.5604909492050725,1.2744569908674814,0.6919312605769814,-1.9540651568667722
-1.8561776986438046,-2.556522056810983,1.2983100919875792,0.905200133579429,-1.9230684522515993
-2.096261136075437,-2.094180298354025,1.3281493541202576,0.35409936371447154,-1.9347807491917377
-2.253767088971605,-1.8630024352966486,1.2766829900573715,0.0007192916129611388,-1.9564588741287683
-2.517923716808819,-1.453396808196509,1.2327615949445192,-0.7041635104743639,-2.009865383961695
-2.683054787679076,-1.3956421266415633,1.1967433131668697,-1.075605297438289,-2.076483106584109
-2.8640230331962697,-1.225374487247724,1.1372459844520872,-1.5553453118708112,-2.1131522091863157
-3.0139913058893555,-1.1380958922863535,1.09318080366652,-1.9401231913789305,-2.1479856011938656
-2.9527176794080394,-1.515750176370094,1.0785031485763368,-1.7561730898672134,-2.184839912339521
-2.5629306148217803,-2.171752395895886,1.1255280664072305,-0.9173233765505439,-2.114370620518453
-2.3305224558144477,-2.3796811476980197,1.1052037650190518,-0.3759480788792566,-2.070057897536869
-2.0483609328690684,-2.549393771260338,1.1192700654533356,0.2284077914251991,-2.0199140566007787
-1.9203037025488243,-2.4921464723128843,1.1142479834528787,0.4755868690489755,-1.9722487114161222
-2.1983887163002342,-1.8657349319207819,1.1289155433198221,-0.2749789443455152,-1.964308165399428
-2.1791236418715556,-1.97521533603843,1.1291088363903512,-0.17554816375704912,-1.930653631977273
-2.266449354307964,-1.9121144285034073,1.135069327775746,-0.2943387855750709,-1.959507941020105
-2.1074170575002107,-2.211855574230669,1.144741397923193,0.14630104005503464,-1.918130634097007
-2.344540918655848,-1.7374766719156978,1.1550773809610828,-0.4758943550057081,-1.9668851147175994
-2.4203352411836176,-1.76670760697195,1.1323290589024204,-0.5449766404491693,-2.012199075958695
-2.4750267626669764,-1.788991195056567,1.117608912656059,-0.5884445690183363,-2.023664476628613
-2.563301118259617,-1.72640843448805,1.106720280378145,-0.7403804776006687,-2.038070446015645
-2.5669164043166086,-1.7552383907455602,1.0847148361243406,-0.753378688075727,-2.062365618601942
-2.7226293158427004,-1.4354650960432516,1.0754271206731123,-1.2856974567911457,-2.08675529291644
-2.793992231246767,-1.4089407269440568,1.0829397746182772,-1.501019426722806,-2.115488847984661
-2.694670472604677,-1.7605486228291043,1.0887438810935226,-1.1473956856624832,-2.10031254147012
-2.4197344627332518,-2.20164181875639,1.117051692829255,-0.48963169823110897,-2.0400521894899866
-2.1617956186345544,-2.4414119316743577,1.1310749554694524,0.0692767816564648,-1.9958282493565433
-2.110338219551805,-2.2960854744062162,1.1564403167977155,0.16809167212123372,-1.9512294187768775
-2.166959694238213,-2.077369853949807,1.1556922564207919,0.026336179783977086,-1.9553404634443103
-2.1534607500863516,-2.0961034043942446,1.1596139835039578,0.10852283508119569,-1.9550468637617033
-1.9432238010795924,-2.4238778358495967,1.2113298651796696,0.6090502972948012,-1.920485148619708
-1.8031986751312374,-2.53565587426105,1.2326513928448861,0.9317610038690821,-1.890058928027803
-2.0778143463411287,-2.0056336181525287,1.2672154925050674,0.2927899925704131,-1.9248385393920269
-2.1437913237188413,-2.033261474093169,1.2195770662022067,0.2592622152730228,-1.9347833217034762
-1.9487667730853575,-2.382213278617533,1.2670650743885845,0.6937762370024636,-1.8733319657423344
-2.162329825000001,-2.020893917938739,1.2699724375142365,0.24908581131185245,-1.9247149036729465
-2.1180610349934326,-2.1815228427379942,1.2379319154386719,0.4499943141024429,-1.8788826210666925
-2.402129744487949,-1.668077913632215,1.2207172706201956,-0.3103966628492336,-1.9487379479621296
-2.4857298355252766,-1.6891049625703052,1.2037923484366557,-0.4426886866182435,-1.9949271024239592
-2.6278989124755747,-1.589170229179469,1.1684883024502286,-0.7529452839469624,-2.0525860163941068
-2.5246071594151336,-1.9094109040918696,1.1508828874561818,-0.45415834975344,-2.034135662943136
-2.4831992744815716,-1.9980889011777514,1.1119525270996031,-0.33125258315998857,-2.032200192416819
-2.624592089031272,-1.6730750327389792,1.1241793909738205,-0.811119760424594,-2.0881044837704383
-2.5966016144170814,-1.8183297265411171,1.1211050085657124,-0.7274903765012428,-2.089416843354147
-2.7552583487402673,-1.459524333299281,1.1222610629092935,-1.2514873685718126,-2.109373017938764
-2.817606475919935,-1.457759625499214,1.107320039529306,-1.4266106243297476,-2.1470518454364376
-2.67416201729269,-1.820560429068643,1.1215767765420792,-1.0424055079210592,-2.114612854854287
-2.307432500121414,-2.326389157084076,1.1836498755445533,-0.2686712288252133,-2.052406559927833
-2.009455336376878,-2.597488965062684,1.2006900164360925,0.38013797989264886,-2.030525400163799
-1.7763064491573657,-2.6637566514580366,1.2106323747878778,0.7954193372877356,-1.9910051825429267
-1.6068779795336159,-2.7223460844626772,1.2342686141398824,1.144719377937618,-1.947680968291988
-1.4458526905278593,-2.7724460329354876,1.2806764332787972,1.455987470457763,-1.909855046125166
-1.8174820130466183,-2.114439350356342,1.263193052588361,0.6042197107359966,-1.9061634959180926
-2.043102927486699,-1.9001711130828953,1.2056789232040777,0.2054591330756809,-1.8922594730648448
-2.200923675892758,-1.8049881816981619,1.1663043052831494,-0.033408693300303036,-1.924930182698755
-2.401339563163103,-1.649066635949253,1.134376953639733,-0.4096545571008183,-1.975447512856889
-2.434548326208806,-1.7833382880486404,1.1039202896195581,-0.38564597203410245,-1.994886733605733
-2.302072604840959,-2.1265762675207953,1.0874014014363647,0.018333637755357016,-1.94705692714346
-2.343831916364076,-2.0270107612110144,1.0906333049600088,-0.08176435918398593,-1.975509016035284
-2.4257888422462677,-1.8822820565568688,1.115418662020408,-0.28932499793632227,-2.0135046141817146
-2.5943096748712264,-1.6241019119314242,1.1203137189511716,-0.6949154359907163,-2.0706803553332507
-2.6517407875707693,-1.666333642825078,1.0965972952773715,-0.7752928705910972,-2.0764755100414094
-2.565775966500492,-1.9101575960458803,1.1076132700263632,-0.4954683747762447,-2.081433090975299
-2.2548988630900126,-2.3677206605672323,1.1647942512149903,0.15668466754876806,-2.0178718135284677
-2.2116984940786226,-2.2788098336125358,1.1750653221133247,0.2034620677504726,-1.9842208728285868
-1.9829333357442454,-2.508694437050359,1.2068765489573328,0.6557528788037001,-1.9192150358078055
-1.793135775291339,-2.618093286897949,1.2396982838379131,1.011255342099793,-1.8895478418594012
-1.657309667104512,-2.6537350946452793,1.2754673698174084,1.2951835260211437,-1.8615284619374215
-1.878263780757652,-2.223906182460608,1.2826375646686576,0.8371734509222502,-1.8817072985754784
-2.0186526725018625,-2.080140210266563,1.2771803549749767,0.58443438249455,-1.886382521846286
-1.9993581042546784,-2.185184743874733,1.2791072782160657,0.6422418704308172,-1.8718425798235614
-2.254422473963208,-1.7512682930302002,1.2688688692281678,-0.008347097438034853,-1.9253603178419132
-2.4034801914230766,-1.7428747338796184,1.229315089946996,-0.2112664853839793,-1.9858683076028336
-2.1802362908639696,-2.2430491227049063,1.2498439454291272,0.31015988650286924,-1.9419984641544643
-2.1521059751746283,-2.2742571023059446,1.219972883114201,0.4118938399154809,-1.9470796603819684
-2.2478673884302056,-2.0737832048462086,1.213667783152808,0.20526962353503062,-1.9568979349106417
-2.4130311621332408,-1.8164431301845243,1.232566672259387,-0.20694288735660119,-2.000777336009784
-2.598184685442278,-1.6031476686756898,1.1895027348938096,-0.650267260131259,-2.0508082866989086
-2.735975969059937,-1.4504006539217114,1.1565089406852938,-1.0382858515391193,-2.105651401127701
-2.683943682177318,-1.7332772851045872,1.125070263214674,-0.8476029723025253,-2.0871265298503245
-2.844505432857867,-1.3742041371482692,1.1199302356968956,-1.4026070721196904,-2.1170882091200673
-2.7615515574916465,-1.7006723997702766,1.118684036396231,-1.1615875555159092,-2.1186739079469357
-2.6330440407207742,-1.9453544889645926,1.128580926525806,-0.8742317993622697,-2.101771101638934
-2.6074539444414353,-1.8609921594258665,1.127437463261443,-0.9010132793130174,-2.1195339420215618
-2.4160858564210637,-2.122192964461748,1.1412007519342178,-0.47756281561098246,-2.0879695076866724
-2.587677171512206,-1.6596855509567103,1.1371711672400107,-1.005848653661143,-2.072863718714308
-2.748281023561877,-1.3574384508252715,1.1408461279648896,-1.4873337011131522,-2.105316938797599
-2.534390792094507,-1.8786577130621258,1.1657036674699568,-0.9563392588855543,-2.0659047025651835
-2.4554868191153947,-1.9446587437068725,1.155000416847276,-0.7987896997101228,-2.0739576196285836
-2.1855660155730714,-2.3159935273763437,1.1719348435969588,-0.18105893627893171,-2.0250231896996547
-1.9597449795090895,-2.5090796190306044,1.1671748771189543,0.38988743797517417,-2.0008956982731285
-2.2279933116548536,-1.8850424700939825,1.1583918070847656,-0.35861590916372776,-2.0076812103972093
-2.2339689193377708,-1.9249167425087976,1.1374894811904601,-0.3145897009945171,-1.9840639690237354
-2.4466704708854476,-1.6346631210905196,1.1330267195336736,-0.7764982946637878,-2.055572358528343
-2.609670083740426,-1.4723235963873265,1.1010801605958274,-1.153518073849019,-2.08734098224488
-2.300334885313118,-2.1029914977652604,1.138241092276523,-0.42956029680554947,-1.996537122273957
-2.273805943168805,-2.1032380430109083,1.1389636440503819,-0.2962042164329016,-2.0079821213481215
-2.2701269300179803,-2.0658036856462854,1.110636930695615,-0.23271170969505064,-1.9952100002900757
-2.31184593900947,-1.9647975014717716,1.0999160651105608,-0.26482244109040864,-2.002157660960101
-2.5115466900555843,-1.5680908404227503,1.1078413309317463,-0.8624295667220386,-2.0159645279024367
-2.5144730582997568,-1.7195047461266102,1.0787652942869463,-0.7838133066028083,-2.022733994115439
-2.243865952734334,-2.201457350491927,1.1290095381410308,-0.13627338525921856,-1.9736032111283512
-2.4532139341193098,-1.7576589676875256,1.1491923993884787,-0.6840212931272169,-2.0150169282896973
-2.203289820002586,-2.181505587919911,1.1568212837582732,-0.11425340364223179,-1.9669117274982644
-2.390376408514146,-1.7961035343440248,1.1576594014787573,-0.5914135747430054,-1.9953366332074287
-2.5496939600544795,-1.5580191464604818,1.1140523690326325,-0.9769191631767148,-2.0322377972383943
-2.582256234179569,-1.6468834716091474,1.0902725196524927,-0.9779770895756665,-2.0686253470730516
-2.3339286040147242,-2.122583233567577,1.1131239634476338,-0.373488289777403,-2.0006163067684546
-2.4090300602457986,-1.912560405784038,1.1471506602010517,-0.5472766356716884,-2.0113735775230692
-2.175782120566204,-2.255679251860296,1.154774417305955,-0.03962689237256428,-1.9788103683583718
-2.2431414699452885,-2.048812502921228,1.1626730689567357,-0.15560578515741857,-1.982400893268348
-1.9779799642239602,-2.421192867041071,1.2049288637626168,0.45837191308217173,-1.9356832826958819
-2.200263507819193,-1.9572888527251986,1.221889489558401,-0.0619157425753975,-1.9641184005994756
-2.4095654159947637,-1.6129567580584385,1.183363238874455,-0.6364219982849179,-1.9848655012321832
-2.2755578935120626,-2.010140121351929,1.171129346592477,-0.24270816974194268,-1.922487191251723
-2.3964476088156954,-1.788717547947241,1.1547331996091044,-0.5591299930115948,-1.9816719448107698
-2.3656528668139747,-1.9187498913008803,1.1185827595263946,-0.4143294497430709,-1.9912380350125598
-2.0790129218342988,-2.3779337946382375,1.157607296410378,0.22107680248350065,-1.9152243760782344
-2.2870702567529264,-1.9631532224874997,1.148104290908086,-0.2347924543010832,-1.9543086300676322
-2.022004159331553,-2.3695591046794786,1.195393236439875,0.3228202311931609,-1.908260132672513
-2.223655860223391,-1.965079846756509,1.2003219531231442,-0.14213665390471508,-1.9574094378881637
-2.371389875680467,-1.7532019259236167,1.1867739624780345,-0.4747069724800913,-1.9951710754096446
-2.353295801023059,-1.9413473965463008,1.1473168823741113,-0.3147913871978201,-1.9877974639336247
-2.2400024533047165,-2.1423739317735455,1.129258872864287,-0.012986187169623055,-1.9454715017057844
-2.3319818395296377,-1.9254477702689674,1.1607541776321753,-0.27186201961378564,-1.971624722732818
-2.5145639051341195,-1.654991900759932,1.155950025089473,-0.6998340705382382,-2.0039769473803752
-2.7223878451114767,-1.3521644381365345,1.1121505026877931,-1.277001225893349,-2.0530965425398655
-2.889562789809552,-1.1702459687182598,1.0787876639522525,-1.7441529495134585,-2.1230771214932536
-2.7638033399854316,-1.6572498147637127,1.0883980249512508,-1.3515809887292682,-2.129240515496795
-2.6175437725704915,-1.937119990585734,1.073287627073725,-0.9839660792186427,-2.1141359059952527
-2.56947342276171,-1.9446364926037651,1.0466231609406147,-0.8718948471845279,-2.108864354040836
-2.3116169816115915,-2.2643708220484937,1.0661193175051926,-0.28875272583107187,-2.0425088902047217
-2.4838473832222583,-1.7689569685396376,1.0691869686769706,-0.839304108384123,-2.053630597006473
-2.672364853943011,-1.4163935664801905,1.0552523091201118,-1.3832409834844512,-2.090861992892665
-2.7622097080105275,-1.390617317072593,1.0478592975381287,-1.5911169234630358,-2.1171117240292845
-2.781147423928336,-1.5476982847879552,1.0312098296987344,-1.4802167973166585,-2.1419400447292443
-2.901503346758489,-1.3195623084694705,1.028103425940911,-1.856846007172054,-2.1735770277120694
-2.880563276194496,-1.4596243438984735,1.0089120234661189,-1.776446426594679,-2.187120691918674
-2.8864543011969817,-1.5188797356858765,1.0027324064498446,-1.7736423029860626,-2.2031342972361636
-2.5084283674185675,-2.1449579705185053,1.0666396191308094,-0.896812653790189,-2.1321653758969275
-2.5195530561304182,-1.9012105036742835,1.0468077835321437,-1.0452233322892746,-2.124084620461825
-2.25213638609046,-2.2586288785943016,1.0569186063274454,-0.36833443437846103,-2.064657496790797
-2.459612184997001,-1.6867060971838184,1.0383577570090203,-1.0067716657577843,-2.0431248346471143
-2.5403637673231803,-1.6391118068171209,1.0364928303562502,-1.1110441306888148,-2.0212242287167013
-2.221717579003467,-2.179889397133599,1.0849082838529924,-0.36600630543596824,-1.9747136707612212
-2.131329070532366,-2.2254202483516767,1.0691745141365026,-0.1082978463117929,-1.9574971357033424
-1.9100467256168288,-2.43462891278579,1.0933999380566377,0.39832769890137737,-1.930367789520105
-2.0967612417862256,-2.043116182391282,1.0894819885002645,-0.002049783542789785,-1.929841713175635
-1.9499703887085187,-2.27873156458808,1.1114437197608438,0.3861363035506082,-1.9010363101299155
-1.8327750705653059,-2.4054342504273336,1.1295387191084405,0.7140959451251556,-1.8825945439060128
-1.7833658882651031,-2.3954748193836117,1.1593521508054334,0.8739267481089208,-1.8395451946248311
-2.093359605588757,-1.854818208510363,1.1875509021712214,0.1421042447264448,-1.8762132533345508
-1.957494773326267,-2.2020052060782263,1.1933174025058055,0.5265935499310839,-1.829679833739955
-2.237320361755371,-1.7846099192811378,1.168882089787761,-0.10258104370891506,-1.8853006594355677
-2.490084559088321,-1.525208951289233,1.1377619093880906,-0.6555605678668815,-1.9612052571935736
-2.2469160511270245,-2.1317011955724277,1.176065059297136,-0.06180123351303715,-1.9244053085512511
-2.4077343341757755,-1.8849963544681043,1.1659834492719396,-0.365227868705124,-1.9552371407456928
-2.2080488058445717,-2.2498759286349808,1.1499952330708554,0.14361689172103503,-1.9238976954890084
-2.3222241707483198,-2.003286572193394,1.1706645107720846,-0.15730103963289166,-1.975562041340286
-2.460056720295068,-1.819122235149383,1.154377056688644,-0.4391796052152112,-2.0210541996430536
-2.3967919953896604,-2.0080273403490714,1.1552242588074713,-0.21341970514862288,-2.016610659720424
-2.251409340464081,-2.22178875984489,1.1542934375778842,0.15761604528326748,-1.9863441361827603
-2.127785487650595,-2.325222045351655,1.1820703341659349,0.4167426956246937,-1.9656919659675212
-2.4007118483567416,-1.7562175635213437,1.2008905572824544,-0.3943636566029515,-1.9839699402091122
-2.1982200185046574,-2.149150366958788,1.2153579953961668,0.06117863830278626,-1.924628593451978
-2.46665910751922,-1.6145457104708945,1.2081049154311991,-0.6741634182770075,-1.9720452292965729
-2.5523429238741877,-1.6320686145391101,1.192161054536942,-0.8323164945126375,-2.0250320577638368
-2.303110624710818,-2.1445865859503144,1.2174113257585413,-0.2199214751981872,-1.9470264341947545
-2.400100963605037,-1.9008495180098874,1.1996520294398576,-0.5170211421917978,-1.98828353481552
-2.4858991907755383,-1.752441630680205,1.1662571606328704,-0.7437361216877416,-2.032673960741554
-2.213381475251479,-2.241122888190724,1.1900071335562523,-0.1057376298310689,-1.9701732093284663
-2.32371638189036,-2.005099807172687,1.1858867586710673,-0.3138167381327518,-1.9989835397655578
-2.2648244365930683,-2.06475442851257,1.1612643429478853,-0.13230571819634207,-1.974236610556916
-2.0455289026865926,-2.4200647746507014,1.198721003121875,0.42567552719044033,-1.9331025609177237
-1.8939527234162628,-2.5159142899161147,1.2054433448037447,0.7725390840322688,-1.9186677034377062
-2.0317755367144055,-2.211403832963107,1.2163310470244773,0.457718849866875,-1.924872175570424
-2.339888793107296,-1.6383480235495151,1.203402195056824,-0.3443607852710042,-1.9457074221983555
-2.317005712376596,-1.8518924825907246,1.1812784599657031,-0.2368655111641381,-1.9365007026709669
-2.2594357227256974,-2.0369757049733304,1.1543175659568639,-0.0045680346986166995,-1.9307689518495745
-2.3906990497868486,-1.7752110856227108,1.1600184524294568,-0.41824115281636076,-1.9732678763226945
-2.1590063939614685,-2.2605858520851343,1.1945205293315033,0.1661086863678754,-1.9251932094513575
-2.3927234204767256,-1.75618187235211,1.1914208837299716,-0.48280144661812807,-1.9867168527703785
-2.162705269464814,-2.2212319888148953,1.227007585817072,0.097489744520944,-1.927921794650671
-2.263085040977027,-1.9962530760001396,1.2373213872751379,-0.16243365047077138,-1.9628289681993116
-2.3678605928878684,-1.8289300142026683,1.1836386087646138,-0.35386245993773463,-1.9946407336618701
-2.3427263967983256,-1.9692738243287882,1.175062131898921,-0.1873617558663992,-1.9856361827192617
-2.114237537181365,-2.358714371292832,1.1990954104799956,0.38995192413468077,-1.9520150195969743
-1.906238308811033,-2.5641660860896995,1.2258091363878287,0.8440265568402664,-1.9216255330986889
-2.0556728654622707,-2.206303519442431,1.2545614379596006,0.4846530586475189,-1.9419943770461991
-2.0117256761449522,-2.2840380496226436,1.2519125585356445,0.6535054416974464,-1.921737957908589
-2.188042152532913,-1.9621569859549572,1.2616325384909077,0.21911056193735434,-1.9495608046037434
-2.438972448178976,-1.5177058758779736,1.2388426328104223,-0.5724671229288687,-1.9810075635351283
-2.5914010810038723,-1.5183149575967474,1.198717133692493,-0.836500648935979,-2.0226237303792174
-2.398413633758733,-2.041691643470215,1.1810781672194333,-0.33522357364544086,-1.965636972285555
-2.3680581134877534,-2.078618593162214,1.1722647649788405,-0.193854477574244,-1.9965766724242104
-2.531353557488347,-1.7368784339580727,1.167759781674069,-0.6476788655863763,-2.0378922031587954
-2.693630405236497,-1.4418172112429,1.1470094695473514,-1.1508302830025696,-2.0729880099459015
-2.841217226543141,-1.2773021140159309,1.1300752794040816,-1.5687063561513435,-2.1046987278954745
-2.9510111828347196,-1.2169316148611928,1.0916380712248368,-1.8663067679226237,-2.1415993322103146
-2.8175681701919175,-1.6382437151029736,1.0748187198765964,-1.4826331143070364,-2.1272418959495556
-2.916130700132811,-1.3702173058188718,1.0551623396498742,-1.862335943857683,-2.1678848027751183
-2.773524507898007,-1.727461515820874,1.0413607227510286,-1.4957750485342103,-2.145679920925302
-2.72409605830718,-1.7782030284835095,1.0514278233695193,-1.321611941594964,-2.1544265968265104
-2.363488307049781,-2.2294514024485252,1.0903712353790993,-0.5436579149199032,-2.0766433324094384
-2.541265568065209,-1.7055040688040932,1.0597787068310336,-1.1354030244538527,-2.0713759052633933
-2.4553947786468573,-1.9006094673594036,1.0530523354820993,-0.8350637971336933,-2.0729024328249377
-2.2457897421147073,-2.187852712190931,1.0807808585471204,-0.2901425507763264,-2.0181863427153326
-2.2192336745641157,-2.0735878646644257,1.0818854532652802,-0.25573758574777666,-2.021174540910185
-2.257244953897137,-2.000096739006861,1.0762778347178392,-0.27902886447284253,-2.0149453241617072
-2.0374122860118065,-2.2816263909453087,1.1090960650726285,0.20637251886973082,-1.9721129390615413
-2.2176955350549057,-1.9138139606872542,1.1325826545941364,-0.2053473200034163,-1.9771708557692684
-2.134240512278704,-2.1151685531030506,1.1292928172266736,0.11701601594301572,-1.9506973445172737
-2.173590859944473,-2.0474082811187984,1.1431034283793933,0.0741865112784768,-1.9614333714091676
-2.4158434418010546,-1.6213729150755811,1.1421030102408603,-0.554174620594931,-2.007306510188529
-2.481809563119106,-1.668472046295354,1.1088552419957836,-0.6279735841950019,-2.03389774484465
-2.633030463677724,-1.5369727793545152,1.117188918293497,-0.9432189728653231,-2.0883759712239596
-2.636508627030738,-1.676000312232365,1.087627614459513,-0.8900570787713423,-2.101643314216419
-2.707638013000835,-1.6141265383221033,1.0973500001742542,-1.0913651406300104,-2.115058885809906
-2.8320599621236506,-1.3721954306221458,1.091231024661959,-1.4737256223885113,-2.1418508980860804
-2.956952195421922,-1.1988123627329437,1.0681171870462771,-1.8719198806829807,-2.1686150206771817
-2.552748196175569,-2.0189905710486946,1.1553451101105006,-1.010011259732207,-2.09829168408004
-2.276866592192986,-2.352448474715011,1.1418393172668824,-0.36365942458682127,-2.044434700661073
-1.9573536125218538,-2.6174692317071315,1.1665474558692603,0.31892721596748985,-1.9865449693317268
-1.9546068410682056,-2.3971089815688784,1.1722976096401554,0.33555966733791237,-1.986637544871926
-2.105093113923048,-2.059241430990535,1.144480637931044,-0.022635392230381465,-1.968233068906053
-2.225593472516723,-1.9066424485100828,1.1379204821914242,-0.24301330161554585,-1.9900186422201922
-2.4062733013315287,-1.6819054403152454,1.0918402479975593,-0.6115168939153621,-2.0215136763451325
-2.615505860958499,-1.368158303562019,1.0523238765206764,-1.2000493069165976,-2.0359038371450455
-2.3456845909496287,-2.0509186428785053,1.116843707353657,-0.4914371651574818,-1.9641729646421742
-2.5025546607250626,-1.7470465789795493,1.0990778070719418,-0.8779034410990765,-2.012119805266393
-2.395417737808184,-1.983625080785217,1.072254635742106,-0.574067846218739,-1.995926734823206
-2.2411410825123763,-2.216133068725003,1.0717323243562529,-0.15195696252449206,-1.9616225786772616
-2.1618353678949007,-2.2651844266209777,1.0576755324054807,0.1216200588277059,-1.962013663971445
-2.1542240846280882,-2.183831736001584,1.0781769827962238,0.13781212709714155,-1.953244523504285
-2.262366363332833,-1.9972778940512053,1.096936674102632,-0.04455352451711906,-1.9689312998575181
-2.332329678436041,-1.935383089018242,1.1006616183257796,-0.16157185838281748,-1.9881489171585343
-2.210404399993008,-2.1981573964377334,1.1245983048492438,0.19324743735437697,-1.9770650366883957
-2.0094837064567845,-2.440918826034046,1.161726148841476,0.6691155440413872,-1.9280445636989738
-1.8673073408201397,-2.533088687829951,1.1972093003420985,0.9813451130676466,-1.8880030057037787
-1.9925874241570696,-2.2025413720813605,1.2294538705496187,0.6765990725352826,-1.897577662838548
-1.8154463206391658,-2.493047947793201,1.2892282866788556,1.0639116774081498,-1.8512058214915286
-1.7768282022965296,-2.4834016490638033,1.3071567190437068,1.1920152526011418,-1.8436654667692116
-1.852576597992438,-2.3460570669728007,1.321202359952391,1.0881444390333461,-1.8531189401597432
-1.9126204106815274,-2.257958748774424,1.3196808499226327,0.9831405963796228,-1.8705171511259684
-2.156364534357602,-1.9120871629069904,1.3306420380901398,0.40722992851551004,-1.9307835137187397
-2.060517137358824,-2.2120061467551455,1.310544483074218,0.6915656542597806,-1.8825631610247338
-2.2352493380172707,-1.954439578844294,1.2981281048968842,0.3146910143494616,-1.934472442831661
-2.378877966861491,-1.8289684509750557,1.2575233304104356,0.03498128667705775,-1.9710697636288228
-2.2591834969525095,-2.1435980369957055,1.2309452090650117,0.3453567727449753,-1.91610011870305
-2.010787361114027,-2.5235936027048873,1.2471305686653786,0.8661479307226293,-1.8936965345623917
-2.2946137700578544,-1.9362923386450888,1.2657369660083853,0.09419964408586039,-1.9468466494820957
-2.241435985654646,-2.0917228031580026,1.2366697686406838,0.27769478681030835,-1.9125545447574233
-2.274772787404416,-2.050169361198501,1.2247765973084521,0.20892459695261917,-1.9246335338252503
-2.4141712836211546,-1.785848450990352,1.2323782445604263,-0.14711097295554088,-1.9780604451099146
-2.6347481562055384,-1.4147545819755802,1.2004269903483806,-0.8307626495938584,-2.0125815564921608
-2.594042415338687,-1.7397871811061894,1.1613134207133156,-0.6386954688795542,-2.02383730450393
-2.66223107712083,-1.7255165594554498,1.1508742969267458,-0.7685663531336514,-2.0638433640500886
-2.3720804435189953,-2.215337523490058,1.1762869508738998,-0.1818080764299366,-1.9912525397863476
-2.419978215467477,-2.0484570791150065,1.2025491916472493,-0.3245666146382445,-2.0292174282308513
-2.3794240498414863,-2.075354242120374,1.1745217582521015,-0.23170599440191186,-2.028971655303508
-2.223057970212419,-2.265170148828815,1.183129737338101,0.12277919983420332,-1.9726938262795173
-2.2777755272030675,-2.0884598043215843,1.1791366416721005,0.02201424082861944,-1.9766654557021066
-2.0517145291843755,-2.3769141698949854,1.2040168060584366,0.4817011647107221,-1.9438512935826298
-1.9276689217242016,-2.4470743499031546,1.2260969225039082,0.757961620293827,-1.9101081670695021
-2.140422954102363,-1.9782047806937766,1.2528385180135184,0.1740373382978068,-1.9516454495667757
-2.0237217132611596,-2.2284217879986534,1.2601631273270124,0.49357924723108965,-1.9190960876926626
-1.8970825627389842,-2.4095936921711454,1.2610471798678193,0.7925269774565796,-1.8879357400363541
-2.1687966600749418,-1.9226171672872323,1.270554620235343,0.12652744602041405,-1.9543579846359396
-2.0103194181370485,-2.3071740272607624,1.2581244495140902,0.49380433606997676,-1.89633240320177
-2.1631284014716434,-2.100216618385309,1.2439781990373622,0.29965691338177874,-1.9208253076920707
-2.2056657718559074,-2.0921062104322736,1.2312111208228362,0.2459049099446212,-1.9472319006450418
-2.4340743529943403,-1.7185549381347942,1.234390962040299,-0.32906901425929463,-1.9930017926073593
-2.320096029608323,-2.059769568892646,1.226793276333609,0.005351795395125967,-1.9406118602562943
-2.5231436573188897,-1.6467234486946156,1.230753214131195,-0.6146512224115311,-1.997033226260149
-2.6411965272518945,-1.5480525588425276,1.2013021301255495,-0.9228188299093786,-2.0528842129799916
-2.7541754426306144,-1.4548016983915417,1.1553279786540114,-1.2665940643995104,-2.088911649157694
-2.7294124203571983,-1.6857598287222413,1.1396354362046242,-1.1429392498300521,-2.084858332339391
-2.5555848212081624,-1.9973626386034644,1.1254920511912847,-0.6919775217685418,-2.0532372643575223
-2.5018259280673867,-2.0007797926022293,1.1049879722709266,-0.5614657422744406,-2.0464274928477617
-2.602358752126766,-1.7542857380997332,1.1465950545059285,-0.8187830241598028,-2.079258336765596
-2.5869302580490205,-1.7775939582835596,1.1372841650113796,-0.7980805505205938,-2.0896675338728405
-2.3477044701905334,-2.1643461065308274,1.1376847488759496,-0.25973119368454,-2.0381683402079873
-2.125258334785801,-2.4015671039727877,1.1853870121921162,0.25078918797577565,-2.002536536595762
-2.287354474676028,-1.956047700013356,1.181104275300611,-0.22879750023251536,-2.034300203974974
-2.2978184132714596,-1.9800123555918705,1.1611406205300625,-0.20233550148446391,-2.0210237395109916
-2.4992882091194235,-1.5762779695626599,1.1621758490631557,-0.7779383992927718,-2.0518483921252972
-2.6954758396555234,-1.3588176443728393,1.1422101758552987,-1.2585445687624506,-2.0962193497726433
-2.7314281525045527,-1.484924272723897,1.123393911236974,-1.3554180744225255,-2.123260824270934
-2.830545023140146,-1.3376097709749892,1.1143022386866241,-1.6652310363956486,-2.15022360678989
-2.472392730441807,-2.0689906752366154,1.1593518967825698,-0.8306430353168419,-2.0849275249805586
-2.650078764030432,-1.622805619403344,1.1186783438094445,-1.3546545305326119,-2.0813658353497684
-2.425473310728855,-2.0439851103725526,1.1288177826074195,-0.8179807201233671,-2.0574358674583952
-2.591325279355146,-1.6217009590282725,1.0791400444365595,-1.3059975039079341,-2.068127092264781
-2.604809994363393,-1.6821342482369506,1.047664769123046,-1.2590720110177078,-2.0941312841860102
-2.582913943387894,-1.7785370845467336,1.051903561297824,-1.0959086084519345,-2.103494679557109
-2.4647512355335666,-2.0000954154689534,1.0336630232250696,-0.7672368323402201,-2.0720991389541874
-2.173923384682732,-2.3616544149592076,1.0888398384113778,-0.04036509983047366,-2.012704674551429
-2.1452786002518724,-2.231944098433966,1.087470544658958,0.008454760280158898,-1.998911776213443
-2.1962015121918834,-2.080295295940232,1.1082901384562385,-0.036947539917486935,-1.995865743098847
-2.2226305698304993,-2.0141807702114845,1.0919126618101511,-0.05308238877851115,-1.9883942713740286
-2.1839536021691024,-2.0656391458490035,1.1141717528218817,0.12473979859142618,-1.961553086200462
-1.960438417504892,-2.419656006226545,1.1514287422686338,0.6754645143631381,-1.9329617905885856
-2.192948557362756,-1.9856358280823019,1.1595698319985812,0.12483325221037953,-1.9674853095155647
-2.3620467264405587,-1.7077296594198714,1.1665704282511091,-0.30906010952408725,-2.0082105962976478
-2.274395499461911,-2.0034489231711965,1.1488772447410904,-0.019572201184382732,-1.9622050545788179
-2.3669217745115803,-1.8761805263373352,1.1698306374263967,-0.21514919861954535,-1.9825183031760802
-2.480782396006152,-1.7561556607907105,1.1650513909423377,-0.4527902724649181,-2.029303229785798
-2.2061567895415712,-2.297763435401486,1.222137681965969,0.22134754378673485,-1.946627882680547
-2.1997974917535434,-2.188184819876021,1.2041412972708736,0.2284943849094362,-1.9542534643067033
-2.2084785388426047,-2.132766118226379,1.173744080924745,0.2688297977587516,-1.9695901100460709
-2.0218058313280025,-2.3793707486325264,1.2039095554603327,0.6771852826806182,-1.914437248728208
-2.027863588334039,-2.2903305831285206,1.2243707607084917,0.6883561864645374,-1.8999473495679997
-2.151955234633984,-2.075309625128306,1.2080875623173408,0.4609149275253753,-1.9139532057414133
-2.1085971617172357,-2.1850653600833434,1.2170924097756866,0.5680010675962528,-1.9159014815428004
-2.3155258040677364,-1.858450264204827,1.225802948417786,0.10750873784911599,-1.9539325408720856
-2.1063780301861716,-2.286888427166898,1.262334545163155,0.5905295030101703,-1.9023418382704935
-2.263940546120328,-1.9956212339632946,1.2619906996594885,0.22006987013984342,-1.9611333056507547
-2.3334643349020827,-1.9279064528617067,1.2385694660308872,0.05948034352461521,-1.9738071387352563
-2.5091933605946686,-1.6743092807406572,1.2369123465270992,-0.40206137433246786,-2.018407351186059
-2.5101945993866304,-1.8127626782234247,1.1988154859319546,-0.39135942095308085,-2.0225172854067495
-2.283706720703306,-2.252645962559486,1.2151310716415984,0.12439606968082675,-1.9656864012025035
-2.1719065827822934,-2.3415998228626718,1.2253319462637213,0.3731922082396321,-1.9440060326363153
-2.314624657077799,-1.990930721051576,1.2484743978053705,-0.030725476353296144,-1.9796184465218165
-2.470957830477617,-1.7555677211890754,1.226835902177892,-0.4087949505258561,-2.0032068949229482
-2.2309600640423746,-2.2243252056956697,1.246319375110156,0.12893324615810559,-1.9528306712171661
-2.0305347759488863,-2.485789970296378,1.251435376789591,0.5916069695844244,-1.9280709605141293
-2.1171263708910835,-2.207333870697718,1.2574569872529342,0.36719266094902275,-1.9293457549305388
-2.3844514384402515,-1.7596797868774392,1.238131119190296,-0.2686178352077685,-1.9837005798415661
-2.4458684607147356,-1.7884166945391147,1.2094794171760246,-0.3694000518191038,-2.0243683638923415
-2.297929181434558,-2.0959770460531564,1.204034988119642,0.018997551129459295,-1.9688390612890763
-2.5334111689459027,-1.6069053050667805,1.1933401551038467,-0.7057264065680668,-2.0114423529110974
-2.259672542082892,-2.1417221920964367,1.2297999767571648,-0.1117645444326463,-1.9339673276250295
-2.234021756935771,-2.159156791206758,1.2137043075823566,-0.0164323919654541,-1.959154141519964
-2.439539346388228,-1.7324232747131236,1.2108370982998171,-0.5591598125857906,-1.9967742615784168
-2.3632566231298147,-1.990336886254869,1.1816679616372612,-0.28875611182738486,-1.9666517248931772
-2.5260695277682594,-1.7237540863074767,1.1644915772043607,-0.6534447486872258,-2.0345670458426444
-2.615296699083374,-1.662212947354523,1.1570966674622596,-0.8577872771304386,-2.056410502975561
-2.5905595274714104,-1.7574394677576146,1.117398487948635,-0.7756689483333382,-2.070069381730942
-2.650104481113355,-1.6487909208717872,1.1200469714349341,-0.9706542752537826,-2.0766367184698926
-2.5189943184263694,-1.9423840655799072,1.1134310227873438,-0.5949829679772247,-2.069588767891193
-2.6323150586112254,-1.6379741259495901,1.1387002239221184,-0.9664324177796343,-2.112360506303749
-2.3916747187237655,-2.1312401319063254,1.1532229535281553,-0.3216064146230522,-2.0480609298732246
-2.1060414658457596,-2.4413520144857834,1.185131163757492,0.27790696142341825,-2.0147013315035203
-2.004028956554527,-2.4134110045670387,1.1835294313585338,0.4919227568703207,-1.983905314850605
-1.9981699632075753,-2.289700611459137,1.1950985063686241,0.49075780483442866,-1.944235791003963
-1.984531003635827,-2.2302917028480134,1.196800254610753,0.5571093163996349,-1.9223389178342813
-2.1738072442876337,-1.946152164535624,1.213280991218015,0.17049100767445208,-1.9669216160269343
-2.1673883833863,-2.033002939061208,1.2039564990067881,0.2517372621186071,-1.9406520492992017
-2.1267964450916472,-2.1614634157395223,1.191201847756336,0.4670509921085821,-1.900487938985762
-1.9169778780375024,-2.4780985260479915,1.2452479386006725,0.9177918614626243,-1.8696899213571472
-1.7516249501181218,-2.6229236960276765,1.292856731130557,1.245509754610189,-1.847706188439645
-1.8946871504313048,-2.327018811972959,1.3085000354909035,0.9589328023195515,-1.8747181424032378
-1.788145922380978,-2.5097166448972894,1.332800030263372,1.2070978393633167,-1.8491618320959236
-1.6783059104849563,-2.6319370843512546,1.3518998750873943,1.4496442524100759,-1.8289785967441803
-1.8577703879592753,-2.339961294375938,1.3768322787957499,1.157699856189964,-1.839811884056508
-2.1779699770570566,-1.848347872825419,1.3590592352263389,0.3599661757580573,-1.9074499067345339
-2.3172495887669826,-1.796409525450433,1.3018810221842232,0.10108163403786873,-1.9481917114397753
-2.5330919773475293,-1.6005114984286222,1.250666675423603,-0.37798021020403855,-2.013856453963175
-2.687323850277626,-1.452270986802783,1.2281625082015082,-0.8045367673768947,-2.069102481960097
-2.7455133834747123,-1.5270767235563303,1.1817820846549774,-0.9431022846770849,-2.096513483620804
-2.7699668115857006,-1.6805852653585147,1.1383893862360936,-0.9425599255754598,-2.118466210261017
-2.8072170752227668,-1.6381420652612275,1.1295346451066843,-1.0962324263235659,-2.146191169688357
-2.9201724010795056,-1.3403096174084113,1.0988057610316195,-1.5859932765343603,-2.145265420151661
-2.6765127141395704,-1.894222099346427,1.1277614150406823,-1.0352047551080499,-2.11196975463803
-2.311666368454811,-2.374344803515178,1.1748793956579335,-0.2547779676065479,-2.041825880883012
-2.475532831598,-1.8774624744331354,1.174011496826984,-0.7902907505850207,-2.04932492972429
-2.4192200219136866,-1.9587707863245958,1.1511345349711344,-0.6483218553541751,-2.0499158619405136
-2.326566571714721,-2.1053316758100125,1.1227695533048,-0.35407957748998753,-2.0182709907290346
-2.1497983688443942,-2.3073057909476185,1.1383716212988695,0.06808788843602546,-1.9759152809008258
-2.2866247470660857,-1.957422070031612,1.1531318690151162,-0.3066573654701931,-1.9975039432462203
-2.194862200337969,-2.112877180323673,1.1542732315549926,-0.0361150792694868,-1.9640066442373993
-1.9394643662357984,-2.4492752571700156,1.180141675886338,0.5193720458589958,-1.939380572386844
-1.752985804747379,-2.5998181549155914,1.2265702306238562,0.9463714677779334,-1.9216158464356223
-1.6958028809282368,-2.557306312592512,1.2330434510691335,1.0739499199260663,-1.8758053588327288
-1.9909428772155071,-2.0498954669608764,1.2535297505062866,0.4248847956354738,-1.9222951526069847
-1.8316019390900624,-2.3658968754400442,1.2758082193572602,0.7986340151248871,-1.8664172442408185
-1.844754682902489,-2.3529937317788616,1.2662614335195272,0.8485840694690479,-1.8462522764609137
-2.1956445636506916,-1.7392946396168354,1.247023190432457,-0.015355376245949747,-1.886185568873742
-2.458943265116764,-1.4279212090762654,1.2297039063939041,-0.6748409117963229,-1.96305722410377
-2.5114756169264596,-1.7019885190480928,1.1775092436112105,-0.5927688482742175,-1.980846651097421
-2.2543102254411163,-2.248793740531065,1.2189825124004843,0.03157109272964719,-1.9512227296996234
-2.4863454578530835,-1.7387601356575715,1.1741546542161239,-0.6673197763560399,-1.9907761870987308
-2.643963037751733,-1.5838442315724748,1.150535588035789,-1.0110674452620911,-2.0508883625881045
-2.791591106328547,-1.414763279087355,1.1053237000798197,-1.3996687197744992,-2.0850440401111925
-2.800810863800966,-1.5713800316240116,1.083490766079129,-1.383675533623725,-2.103223608984867
-2.5718714829637723,-2.0320172500665543,1.0972693496149537,-0.8203418335398457,-2.069015598272439
-2.7198219663151835,-1.5790061777696223,1.0920087180237616,-1.3842776933718814,-2.0828895835914847
-2.38545260647915,-2.1444172665403034,1.1387121000914209,-0.6362669516733932,-2.0254635223658175
-2.5102779131796633,-1.8130094906633978,1.1233314719331262,-0.9797652711906627,-2.052555111222936
-2.662894348408407,-1.5415527833149893,1.0812688460655957,-1.3691551742551729,-2.075115394809553
-2.740033432554107,-1.4509130699765211,1.064126581185727,-1.5810114298679092,-2.107041266245997
-2.507365289280902,-1.9776791859193028,1.0987687643128032,-0.9396022720027637,-2.057708331170062
-2.61731618134047,-1.6515415001779061,1.0858176229713195,-1.3150652422776545,-2.074965136448929
-2.493837219622082,-1.8889077547121045,1.0857920137559687,-0.9793279948558407,-2.0531988806263874
-2.2388601847441265,-2.244470530943135,1.1081620168307722,-0.32769912837008536,-2.0174108057612887
-2.129897716931521,-2.261814693955504,1.08935701624016,-0.05916091942084441,-1.989334693081214
-2.077082025897674,-2.272420169341435,1.117973958500857,0.14331821830971891,-1.994225283990277
-1.8414346377369464,-2.504951000063227,1.1716932171108314,0.6497904511623448,-1.9298088420205397
-1.6531598636919445,-2.6376490253210885,1.2096404534839573,1.0961068401702736,-1.919511397812191
-1.7642644665341338,-2.353355118971754,1.2061767643790144,0.9239754813641625,-1.8879313888926583
-1.747958646548655,-2.3654092606347223,1.230606799568694,1.0340523277135034,-1.8267030454675786
-1.782947166574686,-2.3165792317363687,1.2458244845852922,1.0596898549775615,-1.8259963895533076
-2.1284300405801178,-1.7995270136895722,1.2394506041226059,0.26990487977754324,-1.8862763973886412
-2.1855645911630086,-1.8967849571103967,1.1918144551074688,0.22000748304916884,-1.9110845989835248
-2.2334665410390273,-1.9778199200027122,1.1567016647258297,0.24312898877971445,-1.9150259495950341
-2.4533661737038353,-1.6365427211347119,1.1745014677751935,-0.34082001619656266,-1.967919282723716
-2.2336248589297827,-2.1718569627304807,1.204980609473599,0.19810638007778342,-1.9224597619329262
-1.9917644734394047,-2.4873751826964505,1.2360711020055117,0.6931713270779699,-1.8936022588136339
-1.8468538311228797,-2.5814612756424187,1.2599695228732766,0.9781130446221581,-1.8650521640817401
-2.071926424080418,-2.130022776712634,1.26344425688766,0.4709497600323668,-1.8934713884183145
-1.9917981952179005,-2.2883524295023125,1.2497681677131875,0.6847388241125818,-1.8625149109630978
-2.316207163480563,-1.6942263610704833,1.2509275910263056,-0.1379906595437624,-1.9144869945434575
-2.4057775277639286,-1.744380636904911,1.2329346368143903,-0.2930501229006696,-1.9871145826340548
-2.1397001072927586,-2.2923336447397404,1.2730267335559893,0.33573120957357944,-1.9079267464984009
-1.892655821977797,-2.55191496360391,1.2917740765597734,0.7956879531161494,-1.8836474712913298
-2.225289122332221,-1.8770400150407132,1.2563416114901529,-0.08142401053954523,-1.9117613765412238
-1.987917151369217,-2.3340466676769056,1.2830193100184932,0.438887042316698,-1.8453000723574284
-2.2232201105819547,-1.9542656664610123,1.2719334432258111,-0.09573836040777191,-1.901097006980498
-2.404229407035968,-1.7319460377005915,1.235282074955623,-0.5135553141157752,-1.9552087373940452
-2.3799443480416995,-1.8956290371187239,1.1751680593168703,-0.3714128822971273,-1.950346969839765
-2.564074648960797,-1.5783259978161666,1.151431654329986,-0.8724961685190109,-1.9977077487606252
-2.5164748603044163,-1.8203243559837792,1.112723510806413,-0.6744720616860453,-2.0148666104218003
-2.6074114070462096,-1.7025288810544867,1.0941784642013745,-0.8294112339978305,-2.050936683973568
-2.5492796332331147,-1.8811145615932248,1.1108678786756239,-0.6220245175454725,-2.0716660980085355
-2.321198892437235,-2.2389691670059135,1.128421914117843,-0.08677637281112183,-2.0287535503418903
-2.336352454415954,-2.1148574199057135,1.140402330676473,-0.14107556065641835,-2.0202443056521564
-2.550137077142059,-1.6060849886442572,1.1548823076685257,-0.8071429093213085,-2.0382250880013983
-2.6465988374652634,-1.556264485110912,1.1627173387605065,-1.0323152619990918,-2.0749486740530143
-2.788699699259918,-1.333826751989893,1.134732125159771,-1.4843225741619634,-2.1035774851904456
-2.5960459702133014,-1.8634679553084776,1.158943984861094,-0.9919837772204203,-2.0546939333394745
-2.6607200683717074,-1.7437410630520087,1.1340866535504426,-1.144124992499426,-2.107737858313394
-2.527796690672106,-1.9767556101467962,1.1395703050020498,-0.7740625036953258,-2.0937194915712936
-2.6581039377138618,-1.6273193936279804,1.136104564716853,-1.2113944765797957,-2.120161367864356
-2.8065471902375294,-1.315933575013307,1.1230048731733222,-1.6813734214926883,-2.124289171435888
-2.4455415568607632,-2.051133889684091,1.1850603333142378,-0.8877448860002384,-2.047193165153058
-2.2765017342833467,-2.246607115567266,1.1614725191531465,-0.43745524612015957,-2.031881998910691
-2.2789537438222114,-2.0973341081274035,1.1548751711742562,-0.43810128427207135,-2.0090833254506655
-2.410536202410145,-1.8091928470381409,1.1318985479536363,-0.7455803628084766,-2.010114778941933
-2.134245947619969,-2.244613615386822,1.1486745535251965,-0.1079427657926586,-1.9553888807764395
-2.246776431069231,-2.0052720948142126,1.132319481482643,-0.3051986744920484,-1.9748019853299033
-2.3695666519011906,-1.8156741929312339,1.1249805518635259,-0.5383460486817574,-2.0239999081132405
-2.469369361744636,-1.6622043487705778,1.1012787696098736,-0.8177071411081743,-2.0528708443564088
-2.4475525890008587,-1.857817317694542,1.0836950294009347,-0.6243362496179834,-2.0455057267167702
-2.1695180215847967,-2.3141765376302414,1.1160239868948107,0.06144565287698267,-1.9866911804101688
-2.215795870723537,-2.134530200095283,1.1161147484085427,-0.009378254625565198,-1.9952266562480108
-2.220739623558458,-2.1039413746870523,1.1275296768382705,0.05759236587698886,-1.9839411943349712
-2.0225053961846617,-2.345495266845758,1.1548537727632862,0.4669476507934875,-1.924076346703225
-2.1405549379211446,-2.0844509691121456,1.177337091565268,0.2373466163752934,-1.9649218708654361
-2.066428514255558,-2.235263458463096,1.189838353906125,0.48401664255246457,-1.9270594109309345
-2.3370746112708276,-1.7234171559365041,1.2015429444098187,-0.23787399816091448,-1.9565760186045391
-2.324359506806237,-1.8845775219060863,1.173360071044015,-0.1362321577432285,-1.951200569918087
-2.5484222702080124,-1.5424309821229703,1.1871046804120147,-0.7512552656569819,-1.9981654099591561
-2.735188141994959,-1.3361095915802481,1.1679223141884005,-1.2332938922965275,-2.072211031480395
-2.767122274736297,-1.5228858323831331,1.10861186534529,-1.2260703951273522,-2.0922282334762947
-2.9057273804332717,-1.309332753250005,1.090697775123532,-1.641930983398641,-2.123389512059623
-2.9106433917225303,-1.4903225628938863,1.0730781285533548,-1.6309087677708345,-2.1487621342072423
-2.851054858330685,-1.675802624849964,1.0607059408700958,-1.450391063391581,-2.1706505717513087
-2.884812458131397,-1.5244907653049906,1.0357487249795883,-1.6295956423589533,-2.1742703253282567
-2.499570716069938,-2.1663974443569707,1.1080221188752586,-0.7862440572578759,-2.1132909960435144
-2.1643883133858037,-2.486916275531567,1.1395696157076394,-0.019230946356781,-2.0738256397634776
-2.3156974035465216,-1.9554788857458172,1.13333862721421,-0.5578916202607225,-2.0492252987149
-2.2200190758104887,-2.078384139187265,1.122203485729388,-0.33699172410917344,-2.0180496937034915
-2.3797744061922494,-1.7700011426440285,1.1077308388742941,-0.6930576645616686,-2.039261069968049
-2.3408075084094517,-1.9030477639346275,1.0866378020363179,-0.5030232810715051,-2.0377832640609954
-2.396703491986272,-1.8405011313574873,1.0827317699205627,-0.5281693004565523,-2.0461093069273733
-2.296499287914286,-2.048645274174314,1.0793173175887427,-0.24482260866609445,-2.01880960433934
-2.497625123247178,-1.6305045183758227,1.0828219604491494,-0.792122414390566,-2.015118233549825
-2.6611968115520455,-1.4050959482015033,1.0851722340059489,-1.219794987163771,-2.0866937868688593
-2.3691107111182528,-2.0440083610512785,1.1301740698293776,-0.5373315421885216,-2.0023880404921863
-2.3123516363289314,-2.0589875806046676,1.0988048845330043,-0.38170231443861236,-2.0064559823694093
-2.39691111334141,-1.9091199857380723,1.101645072179803,-0.538180829800646,-2.025040729739522
-2.121470578404021,-2.3191287442873976,1.1599737952895552,0.10293877603226112,-1.9706128275926804
-2.1696846794864957,-2.1527824768318875,1.1548516079754954,0.009846393140313794,-1.9949689829374262
-2.4220965069881673,-1.687183749570736,1.1419688635068617,-0.6087261826010729,-2.0097989350446746
-2.478444432743326,-1.7208609203477945,1.1081356781992897,-0.6553821859954753,-2.025474135760256
-2.6692905519955463,-1.4496421014965213,1.0939354931074854,-1.1528787996530794,-2.062539604751114
-2.3582701570564883,-2.1052899032284857,1.144610905886671,-0.4402473678905194,-2.008923153341795
-2.4991362715281094,-1.8334782646522743,1.115034486990938,-0.7935716669243161,-2.061089696180679
-2.256066982242507,-2.246220130227186,1.1184041801343614,-0.21772068362013175,-1.977448815981044
-2.3566873261118526,-1.9659337738406617,1.1363881008200831,-0.4646353021926175,-2.0030442916674334
-2.5447550756913633,-1.586720009820059,1.1213141433606255,-1.0035601081790206,-2.030819499356179
-2.2636014803219613,-2.157081092749043,1.1414567805249278,-0.35967671506044546,-1.976181047670917
-2.348697477815209,-1.9743070229075126,1.105432494374157,-0.49280756518818175,-2.0042431255300315
-2.553773777193831,-1.587660318999602,1.1144972335996088,-1.0068493064776476,-2.0395527056936475
-2.7380585751601556,-1.3391931148722231,1.0715654747668395,-1.4684115380719707,-2.059306725509995
-2.8442891849132836,-1.3354757333397835,1.0621561203575296,-1.6977063298997002,-2.1297632898897727
-2.6436607490035566,-1.8626105262407306,1.0658245442595164,-1.1580285055026291,-2.099857979627055
-2.730049541945038,-1.644744714303385,1.071662173338998,-1.3923483069143736,-2.1042842944976106
-2.7927404119314496,-1.503677305158115,1.044469437522784,-1.6034428431933607,-2.13339367883316
-2.9169180888850486,-1.284264580399167,1.0031363828375248,-1.9359090337791725,-2.150926514108178
-2.5437074705087444,-2.0080257836974376,1.0760707304525197,-1.06756876317445,-2.1051726739159853
-2.6169944128216103,-1.7071288400423792,1.0631351218349363,-1.4035235273839188,-2.1355527571423893
-2.4526135858451164,-1.9989567356608537,1.0358236653788022,-0.9178299459918142,-2.0932188952615
-2.2798094725915132,-2.16601771690593,1.0324370549676138,-0.474404716263232,-2.0336011971843373
-2.170944392172882,-2.2500941131223344,1.0570472404817672,-0.10292170271132244,-1.9922826050006501
-2.4038430168974854,-1.6540122687972711,1.0571892001529062,-0.8030372424610666,-1.9980440434787545
-2.2904379411533577,-1.9442360319154648,1.0809279984645606,-0.46112371567488153,-1.9634365641459837
-2.1871257006208222,-2.1183062118121234,1.1046179145755448,-0.148767746823234,-1.9480372070410104
-2.2427364426632863,-1.995675263632777,1.1009707415231724,-0.22719261350041434,-1.9786720293928675
-2.422255793106231,-1.6486279725592932,1.1039954734239756,-0.6910105568963878,-2.002066332228072
-2.5677449261655583,-1.5152014998227372,1.0931141827839983,-1.0151365153862244,-2.0396813646344283
-2.7239985604179986,-1.3817542277124164,1.0764085969862065,-1.321436164573426,-2.0947787560935316
-2.84836115660795,-1.2672807910716153,1.0433309843291798,-1.679342042171175,-2.1079232156928533
-2.614663009072953,-1.8657687897026303,1.0791262538085347,-1.077255215934486,-2.073655994814293
-2.7508748363610476,-1.499204814507563,1.041680167888079,-1.5654553719316227,-2.0808453433262786
-2.473129698888535,-2.06035541709595,1.0912837226390197,-0.8597400382993639,-2.0395717172574352
-2.386664141224719,-2.1167460579801682,1.053198094138058,-0.5585461662386808,-2.043354374485716
-2.35307743087778,-2.0680637490460057,1.0698554444065447,-0.4532790928494986,-2.0273028062516776
-2.205866504328594,-2.2067228636155374,1.071835562634406,-0.11679589050184952,-2.0010888360034937
-2.434179447274566,-1.6693273349387194,1.0953403400323207,-0.7339867531081776,-1.9941747538058823
-2.510524828127509,-1.5952447277457502,1.0674718463013297,-0.9342375383427247,-2.055040522369674
-2.638083201294878,-1.5032852054456984,1.0569288722087766,-1.1991341070844752,-2.0980955158549723
-2.6145390297025375,-1.6695894463656047,1.0443670483252325,-1.058918281627879,-2.0972883763431223
-2.296015015754954,-2.2166976438306683,1.085499338359279,-0.28419902759455934,-2.040614028859014
-2.5049581032438457,-1.7044492075139848,1.0839815193691738,-0.8955000301689651,-2.065328493116508
-2.465965129908741,-1.8501428616139939,1.0673274005706466,-0.7421900898943623,-2.05408503802065
-2.3946509611120046,-1.9808121980025981,1.0644423364062499,-0.5111732007293183,-2.0285641962850947
-2.3981700823331953,-1.953149025039467,1.0577588317936502,-0.43535390382465317,-2.040058105898684
-2.4663737912185852,-1.815213065207586,1.0589404309534716,-0.5675065802641782,-2.0801583337119074
-2.5216032135028903,-1.7191514346377113,1.054441527502274,-0.7741516111044927,-2.079350583454119
-2.679246206400982,-1.423484307841473,1.0508476880750088,-1.219258603664831,-2.1034289591599746
-2.4364328171743113,-1.985024790306339,1.0892027389499084,-0.6025694098169554,-2.0423257627513696
-2.3530129143488874,-2.011200394245956,1.096986839255395,-0.40318374346116714,-2.0227410736959532
-2.3782194330885624,-1.9331471156786013,1.0915299569296826,-0.45260710234220064,-2.028246773718156
-2.470764467645046,-1.7511369508446732,1.103522174884361,-0.7147582039105677,-2.061716411068402
-2.5569482169265814,-1.6780806282323706,1.086509786950605,-0.8444793269895708,-2.103055260606546
-2.654954962522893,-1.5339976228610477,1.0758631147814253,-1.1222105803592555,-2.0963357328565246
-2.3536558767402767,-2.1512755886800132,1.1494807832260845,-0.37604958266338745,-2.045983225161633
-2.0651361242680117,-2.4640675262211302,1.172341444314333,0.26587687528449533,-1.9868296938610097
-2.2300704231466684,-1.996917463259243,1.1554900992252035,-0.20319675808302964,-1.9924751881700395
-2.3344323633894897,-1.8710083990398103,1.1385497108978828,-0.3997061560032741,-2.023923428241174
-2.2138949834912394,-2.1142736223598257,1.1166688266762372,-0.05890687419307637,-1.9896809583279162
-2.4522155978082543,-1.6296602246045047,1.11574455882236,-0.7027564312548417,-1.9921714027783852
-2.646939113674813,-1.3839341486914796,1.107709532689671,-1.1717817350359858,-2.0414951854085372
-2.833522716272,-1.2025349298640755,1.0733841201002865,-1.620326704357569,-2.094390433911844
-2.627221206969809,-1.7802633995217685,1.078310678680068,-1.1104777370834076,-2.060067903663372
-2.748966372579925,-1.5632646646628412,1.0773536678929763,-1.4121213514641309,-2.0759174756596135
-2.502528992723191,-2.0474157352832547,1.0944287041731382,-0.7946260962552362,-2.0612355515041605
-2.208640296154755,-2.4012749195736944,1.1012779847956315,-0.12602977850652547,-2.014904860402219
-2.2873298303579994,-2.0847224282771806,1.1081274382064727,-0.310270750301446,-2.012485728616507
-2.2688442666395905,-2.060790121759088,1.109264539668322,-0.2510242580172153,-1.9876264269971489
-2.481030610626643,-1.5917302991480597,1.0856225643809487,-0.8812778950598454,-2.008610578677166
-2.218381673691989,-2.1112790136943205,1.130574684936807,-0.2662209365039789,-1.9609458005365017
-2.1743003724087266,-2.1449642368708197,1.1244327459619394,-0.12686366896734635,-1.9530486720727762
-2.123488175596448,-2.183805968509074,1.1227089838321769,0.06598285300648875,-1.9384528102243814
-2.3582809540116974,-1.728663022420225,1.1300093283324835,-0.5278511727159215,-1.9626760490161466
-2.3355350977989104,-1.9014913435687453,1.105854651169473,-0.39179619703388563,-1.9667776340184746
-2.5300662728581838,-1.5464583285554712,1.1005017511117157,-0.9072538410774369,-2.012751361096996
-2.332116633535048,-2.034117879578766,1.1387890665150053,-0.3968704237224308,-1.953262594956354
-2.0678546841242187,-2.429654986071483,1.177369971255865,0.21413608312680296,-1.9162317639131754
-1.9682817119212745,-2.452450402222826,1.1593883971674297,0.5011851228442376,-1.9013831465257522
-1.7390548713202336,-2.640041480751508,1.1949503854456278,0.9791339975972302,-1.8766774169224913
-1.6288251025189828,-2.6472047177264857,1.2273473890916144,1.270957820630239,-1.8580283008620444
-1.8041962309806847,-2.3073631188411095,1.255845913444385,0.930597500652875,-1.860438120259504
-1.623252056153052,-2.5727884065926263,1.2864053338720491,1.3219441952771755,-1.8350867625192255
-1.7870287307807493,-2.3066556810516827,1.3129092562185165,1.0885571447430074,-1.853704976791722
-2.1562679023388234,-1.730902955358532,1.2874888421620896,0.21251846732145174,-1.9021340965096378
-2.39479933975951,-1.5357549643411708,1.2405116278929984,-0.3605316471062196,-1.9594183622883088
-2.2672084143615154,-2.0239558478044466,1.222053718201234,0.06277622704456345,-1.8949238454087347
-2.342456020461509,-1.9397764922990026,1.1983024086632137,-0.06234734062691944,-1.9146586854960395
-2.1520757189963264,-2.319706216675838,1.1948432491100058,0.4165658066584514,-1.9147535392235693
-2.4173765029190895,-1.7483980968387365,1.1972992861586518,-0.37403069218872603,-1.9558204225816491
-2.5829724830077883,-1.544098155223338,1.187347903940118,-0.8140087496952675,-1.9847453632539298
-2.641119648441822,-1.602146040510299,1.1627528184392808,-0.9091423510451767,-2.010738178811385
-2.696633761072862,-1.6517875608665074,1.128014394993488,-0.9869833483779422,-2.047917143580093
-2.6471831105182364,-1.825326083626799,1.1111888636440141,-0.8210100456839993,-2.0707286257137523
-2.627785619013969,-1.831848187459247,1.124321018355159,-0.8233766780981874,-2.0927242097335372
-2.327810332545434,-2.2834544493595166,1.1490500207743093,-0.12904911734678534,-2.04919530109481
-2.5253150957328874,-1.6987098506684648,1.1251450010813617,-0.8308536448719848,-2.0283690087774615
-2.3033352546279224,-2.1041259754029937,1.1542423631702503,-0.35983947134507277,-1.98805798853677
-2.198932305840925,-2.2121063969257664,1.1641950450450333,-0.07909711716750115,-1.9566340666858637
-2.0682790449617996,-2.3237937564185223,1.1777350825916852,0.2300849028276134,-1.9369102004182497
-2.352904408971633,-1.744205593573616,1.1618879303212601,-0.47435500856158264,-1.9643944105526956
-2.484271961688523,-1.5926947996772824,1.1472109686222927,-0.8193947038056493,-2.0036984947962346
-2.617750549628,-1.5079182813055303,1.1253737914531063,-1.1016268720804916,-2.067449029804746
-2.715694704589765,-1.5275585147334378,1.1020080488251174,-1.2533286443045344,-2.10711618064528
-2.8042242887604356,-1.3973219549263656,1.0822506567287713,-1.5403508371890635,-2.1142616798213165
-2.6990411815664896,-1.7440027297845129,1.078149903698974,-1.1620171524569198,-2.0994475833243094
-2.5448509485462996,-1.999080412158511,1.0681338674059977,-0.7840691735646783,-2.069373226170408
-2.534418611985787,-1.8858102187888954,1.0681061212314282,-0.8094587034623008,-2.097271842321649
-2.706806025482529,-1.446834091053382,1.0637698330470935,-1.3580467426988536,-2.0918222528689614
-2.6943292127382588,-1.6125637758281561,1.0513600133682486,-1.2905905343944029,-2.113394350983926
-2.494501617618519,-1.9814352806014355,1.0767861954428672,-0.7941959069732922,-2.0678892466050534
-2.250244057059323,-2.273040897776841,1.103763299723208,-0.2396983745165,-2.035608632565235
-2.028650402982667,-2.4447144374353327,1.112881397549964,0.2676204913901844,-1.981278002335573
-2.027627587996889,-2.2739045057116916,1.1151878451406014,0.28869289044571456,-1.9623883168408491
-2.1494584271047334,-2.0031630409552736,1.1456273516528943,0.02536880633711342,-1.9548990751550195
-2.109173223732457,-2.0998307683360204,1.1237171522100837,0.15865991871969057,-1.9420139380220995
-2.1656077739085036,-2.0194004104493506,1.150887752909722,0.06810857054225436,-1.9534621150790519
-2.140955615755366,-2.110557450031308,1.1517273779594073,0.1941988783557676,-1.918623957400737
-2.3211375859590504,-1.806151336903252,1.1620081625635785,-0.1554768051420671,-1.973655903647999
-2.255992261121301,-2.0400622208673727,1.173131796478233,0.08140231437131615,-1.9642214988859108
-2.4515093829277,-1.6870970200599325,1.1798337585872962,-0.4046862489597255,-2.010062484009854
-2.535470610778443,-1.7099976592372461,1.1272080718962934,-0.5208441241101591,-2.0521101000653554
-2.5417983717420864,-1.8186790452027775,1.1213249404807086,-0.45589617623952894,-2.0624924615426337
-2.2189823662999273,-2.3398550839398107,1.1729747823524141,0.21853825244013994,-1.9834655006429742
-2.271447014441186,-2.1752163167748586,1.1871495605754716,0.09957135840682874,-2.0167150675750496
-2.4698186901386108,-1.7022399482112824,1.197304647457221,-0.532355297294797,-2.0452968773148714
-2.5818663141524096,-1.6667041265351257,1.1674691539761783,-0.7005549300575485,-2.082680716371403
-2.7442050583883,-1.368911102059009,1.1598177165375578,-1.2609911060975167,-2.098620247752198
-2.596031513064284,-1.8034494854717305,1.1429748292613258,-0.8787042512929494,-2.0693939845862355
-2.482272405123605,-2.023135264322449,1.1365158339379444,-0.5422678771159968,-2.054991804045776
-2.525016476197531,-1.9295861019650304,1.1357231245673283,-0.575705660989985,-2.0632564643235547
-2.617415549776399,-1.6706004869456186,1.139282280386329,-0.9372880790631885,-2.0800735511152055
-2.2719400529860314,-2.2648460292883397,1.1873611057189604,-0.1794381709323325,-2.0163210293542067
-2.360597516818963,-1.9819986505359373,1.1890270113574684,-0.4253769807453702,-2.0475324823429624
-2.482914025489338,-1.7668190869160085,1.1614169068858478,-0.6980452250245741,-2.0910734812408003
-2.435594945865537,-1.9444019505917776,1.1441800370852249,-0.4760750502165621,-2.0752781242908327
-2.477074036726135,-1.8651412749778706,1.134969505351232,-0.5590767382111032,-2.074250995276883
-2.3372649999583577,-2.1371719811658045,1.1212665175401764,-0.11798381249721931,-2.021741114293067
-2.2400232024333273,-2.1712929595723205,1.1344243764452093,0.06543597034216889,-1.9892498317758798
-2.343041289191265,-1.9072841460266525,1.1521143989780511,-0.23963274427022666,-2.0000575883655043
-2.4004016729388145,-1.8327420519362243,1.143712456571331,-0.3772368847722816,-2.0130968809775527
-2.3550703606359127,-1.969423367506263,1.1305953363784267,-0.21474862963005778,-2.0078070272341377
-2.3100180542366,-2.056532785294905,1.1495602904093083,-0.058747589760660246,-1.9991267098397656
-2.462146499124978,-1.7364414685560954,1.1920928621900242,-0.4613627180739325,-2.0394500421307673
-2.4677568731216057,-1.830630753882739,1.1514694651477302,-0.4613682800735781,-2.0524743725889687
-2.5068387974514432,-1.803049535335071,1.1537573600693707,-0.5409825341971478,-2.0573397052429554
-2.5020460908996105,-1.8895376065429579,1.1477902295906135,-0.4647390719393793,-2.0589016472377604
-2.6596166712839198,-1.5552145892514302,1.1637979746559932,-0.9472740297316518,-2.0875118280231626
-2.787504362410837,-1.3825600802058349,1.150982149786058,-1.3166800566946928,-2.133733160573911
-2.815823809407723,-1.4894151424812625,1.1230665009845742,-1.343921339395024,-2.166830511620607
-2.6322546653261814,-1.915633597823234,1.1437913692947546,-0.8963367162877426,-2.1053812715055322
-2.7358551733717507,-1.5935511809763372,1.1220249896407841,-1.290453086099846,-2.1252741932966748
-2.541906578834577,-1.9840631563671,1.1377155136678851,-0.7626088846548179,-2.0824751498282392
-2.612060546321499,-1.7160705342767872,1.1287767007810374,-1.0109554858790697,-2.103518150892729
-2.7021175397339614,-1.495589080430781,1.1304099829998773,-1.37994319053243,-2.116631361789528
-2.3860267253633,-2.107524415492174,1.1579130910248718,-0.6240360278117525,-2.068318812035582
-2.4253556419613194,-1.9269955324877228,1.158548777580256,-0.7525564739707444,-2.089692493741636
-2.548652518732046,-1.6760182478053076,1.1222364968336855,-1.0869556454650193,-2.1011988473788765
-2.6072368972336686,-1.6129509143913163,1.11448128158821,-1.2019429686326355,-2.1381439181099977
-2.7320418128371524,-1.4248582491675499,1.0926479946102363,-1.5221052190280975,-2.157197547003689
-2.8492242574051008,-1.3021873694982438,1.064022684230297,-1.8046210652376882,-2.183471929719659
-2.948485894944286,-1.1477449569431761,1.025224752411498,-2.113751062607494,-2.187228086503049
-3.0467552198963808,-1.0521541667058147,1.002791968799089,-2.4132563621094034,-2.212496357017691
-2.940115719860405,-1.487178381263431,1.0026464079460213,-2.0462480316269307,-2.1969280302717573
-2.8465223361132073,-1.6696740023381602,0.9983370369271203,-1.8142733594988114,-2.2117194208537994
-2.846446503793502,-1.5527108298761216,0.9982367211110498,-1.8769169448446028,-2.2097279280393574
-2.530000020100623,-2.0809742834490215,1.036617971533419,-1.09040614686761,-2.1394011793447674
-2.1778718409503117,-2.4485798736549977,1.0584179793099473,-0.2643559138305954,-2.101379093450271
-1.9977922616956616,-2.4299676675558857,1.0621492536790744,0.08243657039612118,-2.0469723228190113
-2.188722657911111,-1.9465153107770041,1.0507707208972417,-0.38256069154719474,-2.028971183400668
-2.3149431338690944,-1.7417966142394687,1.0442474105598274,-0.6412590358364588,-2.0041455358002045
-2.331839100219578,-1.8416800816835892,1.0370400670328481,-0.5597964735779228,-2.0228945510804115
-2.1992658860018315,-2.0706838842261224,1.047940023971661,-0.18628190685134907,-1.9797246776573891
-2.1516557401510723,-2.1400914196885337,1.0547999366052179,0.008384812779601155,-1.976468842136599
-1.9921788400478064,-2.3471835052922048,1.084199726750202,0.45133870292496575,-1.9290277966079796
-2.1900672131767385,-1.9735013119617173,1.1307701793777816,-0.015315386475362555,-1.9550076793226052
-2.152692734362549,-2.087555029852676,1.1367036122530925,0.15297220590934735,-1.930314961544611
-2.2433878822155693,-1.9502125406941517,1.1415732239243261,-0.028448789933196425,-1.9427772917318324
-2.212361299006283,-2.0356519245004443,1.1474601422751207,0.13163973744582438,-1.944448271795231
-2.2685091561858464,-1.9846328164495004,1.1644555972977206,0.03685738556776028,-1.9603667181655848
-2.4425498209106156,-1.7289306081993163,1.1667668016405772,-0.39685773921551243,-2.00658599713149
-2.401126031242041,-1.927165517827845,1.1383459088483403,-0.20974767065398345,-1.9878381278106012
-2.4858746300150463,-1.8095491242985007,1.1307178935481048,-0.3701365569861563,-2.014359196649619
-2.6008717729404385,-1.6404690983740258,1.1300273900829103,-0.7031196696371995,-2.07584448500635
-2.489438778343676,-1.9334933359704796,1.1179191789654905,-0.37076043214670124,-2.037267390124883
-2.2518974815827777,-2.289285224204451,1.152489145794308,0.1571228061571021,-1.971612940058875
-2.4744756232031553,-1.7193116841611067,1.166242943897124,-0.5582598536754623,-2.0212906677638296
-2.3060383881237474,-2.1025737565331495,1.1770263369087768,-0.10954515758025445,-1.9813669688376452
-2.502552272790546,-1.6893859465714698,1.1637850686831812,-0.6828302667524202,-2.0120313351285923
-2.5583575459871954,-1.7271480792230736,1.1311294573754478,-0.7429843123814215,-2.020899037958025
-2.490796417069316,-1.8877809957667706,1.1229922862124517,-0.5693110719810213,-2.035395945178596
-2.189061326353542,-2.3467572463362063,1.173374841644365,0.09259128183457527,-1.9666231534260012
-1.9825287826990903,-2.4751903950833323,1.1871070009057703,0.5089503096758172,-1.943585902952275
-2.0879481005878753,-2.1688935174685633,1.1854420519695152,0.26495645392335004,-1.9494071388778067
-2.0832036303796078,-2.177018838036547,1.1683852276564837,0.3524842921860739,-1.9272250701772102
-2.204904250591247,-1.9545308111797,1.1752360419051984,0.08858081421640894,-1.9362029261878684
-1.9743876299738532,-2.357942639434335,1.2334894548634308,0.5996819540823565,-1.9043554342382487
-2.0277576602046468,-2.250851832369857,1.2265337837436878,0.5763613022807756,-1.9085610073800705
-1.810711308690985,-2.542058387190085,1.2504364642006704,1.0179259153081586,-1.8787315087796843
-1.8013734457839883,-2.477312602411343,1.263081450595365,1.0818850140022882,-1.8776262997773856
-2.0365428337615032,-2.100159473537356,1.286809910167822,0.64828154053203,-1.9172570738432608
-1.950959862764745,-2.3204793521175384,1.2807135393142877,0.8796762957687323,-1.8718418951644809
-1.9820278573699799,-2.261557710974887,1.2847004570160552,0.858875181386299,-1.8716356114918993
-2.2647369969310978,-1.787066495084754,1.2949509529165935,0.11634748593670947,-1.9233048047215566
-2.37638151905672,-1.796790641072015,1.244399926790008,-0.066453837413294,-1.962366285700574
-2.2807746539159863,-2.1089486407948033,1.2336287898465972,0.21245480200805783,-1.9133839395283059
-2.0853319042276257,-2.4318382425139746,1.2497467984681265,0.6740550139238422,-1.882296263866932
-2.0492691105220935,-2.394135681151899,1.2646808099384628,0.7489774159190086,-1.8689856828374005
-1.8370407263893167,-2.585033344659298,1.2973029288409963,1.1101162255725432,-1.836175373335428
-1.9409762047188492,-2.3585122760104182,1.3107550106640955,0.9421387569695985,-1.852641437912616
-1.8094125708371,-2.5275132000808056,1.339255954177845,1.2028670233471728,-1.8234083906919225
-2.1615250926182767,-1.893484720481882,1.355129013369616,0.3140633444507111,-1.9025056335338064
-2.313892342521743,-1.8545096584506662,1.3006884732650377,0.10090711227689816,-1.9329150654834257
-2.452180895765122,-1.7678901774866231,1.2546224354891355,-0.20190103946298335,-1.989924088048763
-2.5680548801195493,-1.7424506782992737,1.2253749599590138,-0.4264405831245622,-2.024339337743526
-2.2328954135553567,-2.3275122085016515,1.2618297375961085,0.2018070417023926,-1.9740382048374916
-2.4197823355081973,-1.92549447566555,1.257349657704644,-0.3024176875928155,-2.0364544695716233
-2.4460884357461894,-1.9453658519252885,1.203250279895328,-0.322029347615293,-2.0317923757704524
-2.5049318885640224,-1.8831379956233163,1.1748224052716445,-0.4425604662512384,-2.0594340133119005
-2.6164332517010704,-1.7212968835983709,1.1650671985165109,-0.7358128115854953,-2.0863296662929476
-2.295622482284127,-2.289967774893868,1.2094878022545206,-0.023038858341641547,-2.034260811820708
-2.292200460316303,-2.169968317690958,1.189995167241141,-0.01858594884117129,-2.0230041481718217
-2.3620423162999766,-2.004950735604961,1.1625155287006557,-0.16520817585204883,-2.039960670580065
-2.150102251581904,-2.2962997682553343,1.189644360013586,0.27505098976553694,-1.9699203141739896
-2.3992005392470452,-1.7368027115294304,1.1987035838881452,-0.44615257358318816,-2.0048001716198147
-2.3568413713144603,-1.9236700604770272,1.1897854796511373,-0.2741029318759802,-2.004850956812677
-2.3583170250973366,-1.9481168611418052,1.1838079602433407,-0.21452659865959509,-2.017442554097024
-2.3659489407960104,-1.9401582394936918,1.1709193121906576,-0.2187819401510368,-2.0021270937984315
-2.3692455763810396,-1.9853898002865535,1.1852692496961863,-0.12404742242156427,-2.015938047931725
-2.1303581729106824,-2.3448701245058436,1.220422766501453,0.364676731489916,-1.9688452787434894
-2.2006190059886097,-2.133866131227689,1.2287146949880945,0.1877007741726532,-1.9797375662070704
-2.385897440518529,-1.7831130522592273,1.2333343798456364,-0.31081039628918355,-1.9950996804387076
-2.4304117247836223,-1.7917561323480897,1.2024977654931313,-0.4008207170727981,-2.052581027122126
-2.3583871756832124,-2.0072450747628303,1.1717899625259198,-0.16720101521757197,-1.9992054796470557
-2.3805194600089115,-2.017061620072344,1.147285264668421,-0.11369666092360187,-2.008010503649929
-2.17569933542331,-2.3144305231614197,1.1800084086885387,0.34337480614410343,-1.9552402340471282
-2.1841439585163642,-2.2156350105522824,1.1781226768178692,0.36222770414971145,-1.9637438468579833
-2.1463116167316163,-2.179243916203026,1.2041221624182388,0.4141026930704373,-1.9477012309241448
-1.9831693491248878,-2.4009933876868943,1.2400140745916153,0.781279016210352,-1.904444976937504
-2.117596242533469,-2.0983380268151977,1.2541934941702377,0.45159025519317325,-1.9193201255489953
-2.215080165402706,-2.0045532426765944,1.265151312637056,0.2714153798469497,-1.9359038031319953
-2.0904513209436364,-2.2642200851196126,1.271546965641372,0.5625892249207329,-1.933828128754458
-1.9486401726135911,-2.466139558806145,1.2764536926492978,0.893121260659614,-1.9208672043537183
-2.26346653150223,-1.8586208063858676,1.2769010242044865,0.04742068599807743,-1.9785740252921353
-2.29488464041507,-1.9901513301807734,1.2628428139108974,0.06551710876083586,-1.9696016642659675
-2.486520719205025,-1.6630003468183163,1.2494558823132602,-0.46674841600727845,-2.023801052014962
-2.3842922648977405,-1.9928582752239987,1.2382365587139097,-0.15103616746808135,-2.008731288947912
-2.557682147854833,-1.733235961990961,1.2359250765351408,-0.5664313471454278,-2.0576312688216163
-2.5582409053654813,-1.834596066913059,1.204989991499124,-0.5432351289142842,-2.0590851231634377
-2.543355162414198,-1.8818324957896297,1.1747994116018798,-0.5161277128405082,-2.066155417817017
-2.3202798743739423,-2.212502816127011,1.199584403877516,-0.00968082480608997,-1.9911529227930904
-2.42337577057742,-1.95428983280494,1.2048455956522595,-0.27600923556537266,-2.0177331765418387
-2.526457542714153,-1.7312764881801623,1.210877286953565,-0.5878298608348712,-2.0471543870561826
-2.686956102065964,-1.506111891427606,1.2132740766596963,-0.9922635285289583,-2.093185660985631
-2.571343246551808,-1.855002207411491,1.1779805113484842,-0.7160928748111757,-2.0944908717294517
-2.5278291803797126,-1.9320315940761281,1.161547147729882,-0.6078167288136864,-2.0801875744128564
-2.3527443544634092,-2.148894062562426,1.1506822037749846,-0.23399059834856,-2.025343308351482
-2.539044042791114,-1.6635511852755502,1.1675060475055286,-0.8105797884789839,-2.043483258695829
-2.713451426430471,-1.3277055291391795,1.1493843907767147,-1.3790809253168996,-2.091200726178353
-2.8802622570871392,-1.1567245609694836,1.1134034665803216,-1.8345546476129324,-2.120064999276974
-2.5077093013275418,-1.9356093769549156,1.180000243896402,-1.0077373937469154,-2.0411804057038676
-2.587714512233572,-1.772873357230085,1.1647352868843552,-1.1959261692618897,-2.0970462534996237
-2.6890638262536424,-1.538517159981988,1.1105926798707093,-1.5213935801304161,-2.1166157557091565
-2.799118756634074,-1.38080382268291,1.0777016122065002,-1.7869223839979664,-2.1282255945835957
-2.918112290885356,-1.2159375694015946,1.023439267602171,-2.1151557029945565,-2.1369922294186217
-2.5815774637027014,-1.9429058629843141,1.0879054378206068,-1.2453014306086387,-2.0912339933331423
-2.2176582452734426,-2.37379375606435,1.1041112310081365,-0.44854582542700644,-2.0722177036441676
-1.992202345307971,-2.515862849223966,1.0976602183531252,0.08987141238461956,-2.0337194047091414
-1.9867035757693514,-2.3328517124400143,1.084381202495413,0.17320082114637644,-1.9852545380961397
-1.774087951941153,-2.4959661220954303,1.0887700218820169,0.6467847546251267,-1.9230328397780823
-1.9097259302847294,-2.2164914983813158,1.1032496858845717,0.4466742742297823,-1.8892386244051749
-2.131688060684627,-1.899037411740337,1.1069131387280142,0.04497527786147795,-1.9254216985127957
-2.2301052338161167,-1.8634710183120986,1.078588982334677,-0.07395754539499438,-1.9337534678033463
-2.2940036139898594,-1.842563144186634,1.0697271619122166,-0.1510871596983412,-1.9465014149086886
-2.1201819238073067,-2.206010780515388,1.1036024602035979,0.2787311688931586,-1.8935067470534563
-1.8787761009460224,-2.5094754695043444,1.1643959305787517,0.7924032168006199,-1.8663971394590786
-2.0165271113438807,-2.1810565083341427,1.1848487626603528,0.46446605992059065,-1.882139947438535
-2.3166040838282744,-1.6651621296837071,1.1684532703420245,-0.30819261392648534,-1.9326712069207894
-2.510650068543297,-1.5327479244768378,1.1463576510584252,-0.7029232365152025,-1.9693996910624156
-2.6611144251695347,-1.4794629288857128,1.1133482899264453,-0.9902020276928688,-2.0345123516298314
-2.408907090421533,-2.053386644819802,1.1255049455197568,-0.38187462932905075,-1.9788148603441402
-2.541639290763757,-1.7865529745831363,1.1195999364294038,-0.7126421718114406,-2.0236528944150822
-2.5886719883168405,-1.7528064615270165,1.1034320075619917,-0.8053833137175251,-2.0545887377537757
-2.531390676778192,-1.861953704031516,1.083326555161503,-0.6370616852617524,-2.037309838311241
-2.69654259061163,-1.462560632221484,1.0580068940182976,-1.165010676189223,-2.0495179232350056
-2.8188697672654577,-1.2348823064352088,1.049245814269146,-1.6270577696454547,-2.0549943874493914
-2.8806256599286675,-1.3561229987091825,1.0565166842967042,-1.6936201759446154,-2.1126700076657854
-2.965741664586426,-1.2355989582431766,1.0309327530073973,-2.0013533120279674,-2.134282125396429
-2.8082069868617734,-1.6667038784069983,1.045180747915771,-1.6244869026193884,-2.143296546700615
-2.824138120462722,-1.5799845379611683,1.0335893661953477,-1.6940508334720583,-2.1460943861513724
-2.585599794025468,-2.035801311149973,1.0654658212140267,-1.0480923338508188,-2.117013391193626
-2.5188048993294725,-1.9914176371484469,1.0723780249309107,-0.9056605007733382,-2.1148026982255286
-2.667226294989182,-1.523037546502677,1.0648921335482977,-1.4139724990425921,-2.0888846022795224
-2.681470260869907,-1.5365703616366035,1.059289982832035,-1.453137118729728,-2.092246624659279
-2.6461621970399065,-1.6803008677543598,1.046804125136323,-1.2501283855101597,-2.10387803365082
-2.57931437323706,-1.8011056389393294,1.0631750964682771,-1.047350250447904,-2.1158051339784745
-2.535765743278136,-1.8253839840692097,1.0553975290891242,-0.9503192293317992,-2.115548160784856
-2.4749151855454703,-1.9574115878893943,1.0506608088540585,-0.7013705598753492,-2.1027166295500925
-2.6316913531322914,-1.5255787841392046,1.0390481050705522,-1.220023429374183,-2.103318850841096
-2.7083778685846998,-1.5070782588364944,1.047795969103575,-1.3600707128450482,-2.1245791569176053
-2.7023551757084645,-1.6243767872586907,1.0374754237692665,-1.2972493953693867,-2.143463167928212
-2.7622665323523568,-1.5038920941971246,1.0274284929725461,-1.4794114386237618,-2.1458087125194796
-2.6833648282314737,-1.7473195811701132,1.0337283744964076,-1.205844688474659,-2.1600215098708038
-2.4717770769251386,-2.0516974360928093,1.0437180802861556,-0.6973801661308714,-2.1049758964928413
-2.4594382269765958,-1.943960267807514,1.0659337624645833,-0.6867164481719275,-2.0962629695670234
-2.3526420107638852,-2.0813051190388556,1.086987300590215,-0.40595167613089767,-2.074789921317767
-2.2242253102926184,-2.1796898970983243,1.1015710745213676,-0.10174056272164896,-2.036642962959677
-2.0939183568494872,-2.2970045104391876,1.0989090794002903,0.24456314977599475,-2.0029064309829683
-2.0064979445537396,-2.3568037938321424,1.1297303793085522,0.5630978417341047,-1.9631363226315681
-2.2247576862216603,-1.8606303358629361,1.1646540028896961,-0.040477901030082426,-1.9668105383902503
-1.9972909449079463,-2.2906007961505606,1.2150779708475288,0.4849372123039653,-1.902641756387087
-2.1238783382327497,-2.0705125449703217,1.2176875555034925,0.271697842878879,-1.9408120998766476
-2.0037889760351426,-2.264353362401199,1.2299562477255626,0.56812679572263,-1.9032897986059103
-2.2594398180184703,-1.819690808462441,1.2359556456528191,-0.07728787893373298,-1.9754713045079946
-2.0382294233116918,-2.258888528728052,1.2647162939903003,0.4122514174274716,-1.9155555338733086
-1.9025736593413556,-2.463884295212045,1.2753932683734661,0.8119316144279661,-1.8709872245784505
-2.22970766047425,-1.7971300372816377,1.2584418298157416,-0.07679838233275253,-1.9072721031541975
-2.4514001573978295,-1.5930956844841673,1.2036813064583702,-0.534057322349617,-1.9827091698957355
-2.6331312389423966,-1.4458255354781322,1.1508079433555836,-0.9088778643335057,-2.034508065538873
-2.663312493411312,-1.639916103539935,1.103779170178657,-0.885724267961312,-2.0457974597298367
-2.3141781728085524,-2.2539448468558145,1.1647370254000058,-0.1498295722855973,-1.975284956294229
-2.1183826971747886,-2.4210273149533297,1.1609233389199365,0.276027459531652,-1.9406085567850206
-2.246561217611628,-2.056430311111788,1.1513586036699763,-0.08565572507046793,-1.952884818896641
-2.4436265773454844,-1.6714181249284583,1.1332626541602615,-0.6610515356985625,-1.9914227657161299
-2.1472687304327303,-2.2396306581753587,1.198601417396271,0.009426346214837514,-1.9301544152255992
-2.184514582068585,-2.1261516118698944,1.15928218242652,-0.02865157563528739,-1.9377266394971435
-2.0433700864074105,-2.3393053464425755,1.1587766933789494,0.34256000925999275,-1.9131262833774554
-1.8135309162750959,-2.6071269614068466,1.2116093123423386,0.8485512925520691,-1.8679381263658157
-1.9556731336872624,-2.249839523259067,1.2289364218248684,0.5422276051923267,-1.8593859803648132
-2.18323759041425,-1.9248890915043904,1.2012420029014361,0.08995991003177695,-1.8756499509294466
-2.339653776274096,-1.8008226113247598,1.1858167153904038,-0.1880333156241282,-1.9494060444692702
-2.442106575850765,-1.7810948787236796,1.1583604734487647,-0.3393436491356839,-1.979114118516907
-2.450487433176336,-1.8564506805958005,1.1286188780130653,-0.3005736850851442,-1.9765185956384659
-2.3025708584043327,-2.1727362432250947,1.1421440014948498,0.10154304531396331,-1.9484189977982194
-2.0980560115143483,-2.425148144724995,1.1581167140477764,0.5368309971246026,-1.9300946798090397
-2.323534394758095,-1.913241647789978,1.189244738237521,-0.14212800944253484,-1.972738590648071
-2.386725225492231,-1.8888119606745974,1.1794242219621736,-0.25806182774535874,-1.9980455056974795
-2.630716660417763,-1.4955430132182814,1.162205842941551,-0.8975133409023504,-2.046490346559486
-2.7890959223635963,-1.3075338943820132,1.1333739951952542,-1.3814492933858686,-2.0734341405695207
-2.554600962463793,-1.9233836209431958,1.160733613550175,-0.824138575905067,-2.0106216694740233
-2.4411246437198884,-2.1340752305334276,1.1437353572452578,-0.49688488579627743,-2.0188632010696312
-2.513468139618985,-1.9403242242639755,1.1477287917482235,-0.6499485679476917,-2.0656929020896033
-2.498515709242917,-1.927987534726306,1.1341241781662497,-0.5982292527034837,-2.050574555855722
-2.2041447662485107,-2.3494941556449516,1.1768548155594623,0.06495766712246118,-1.9955986809160413
-2.0983523821671204,-2.351301293964948,1.1797610516935786,0.2737262932076201,-1.95321241850732
-2.272693377664483,-1.9425177535551776,1.194290582835525,-0.17170042111198272,-1.9874662128884817
-2.1592274352505747,-2.173087983671113,1.1883389134038476,0.12338648149702064,-1.9684383746837202
-2.2114146032987407,-2.0578720153747985,1.1833770176486273,0.04406174947790203,-1.9722084643880389
-2.389784415993774,-1.7785502875462913,1.1948238480213833,-0.35752020886072655,-2.0106988928291094
-2.5537298711945002,-1.592947683443233,1.1844437145787567,-0.7291612841879307,-2.0653826946373415
-2.3275439278250003,-2.1070182838010867,1.1897515652075468,-0.21492033730602608,-1.998705459181226
-2.2857560049037327,-2.148239745179138,1.174097398688122,-0.05618090959101632,-1.995032996057227
-2.0871049862109547,-2.3996476840801946,1.1900357727928437,0.40928922218442654,-1.9449103841152509
-2.1468223375187865,-2.13570462916783,1.1801795640485946,0.23493338829740548,-1.9543373848658478
-2.291254955180243,-1.875644720109531,1.1892946725266265,-0.09833518853036156,-1.9942224387132708
-2.1907093881251773,-2.1060537650057025,1.1762070974193093,0.17393988237414448,-1.936193735434964
-1.952150719300287,-2.439406132920577,1.2021485623927457,0.6969595619403761,-1.9166759196638001
-1.8795433502075514,-2.4509486345422387,1.2254020482166366,0.8759916536051765,-1.913140140844029
-2.071176280108795,-2.0682116542011095,1.2537081868503517,0.42125358758088255,-1.9324884123405854
-2.3444753756402794,-1.6480724745231914,1.2095000302156513,-0.25741227379233583,-1.9681899002673573
-2.532403316983533,-1.5151239553228204,1.1764205549644202,-0.6468337654339357,-2.0155176815814433
-2.4028317849070633,-1.948179091353256,1.1560825752773443,-0.28221452317564194,-1.983650068227489
-2.101292057726683,-2.4119662656439207,1.1942524608937548,0.3574810860355958,-1.9154162223656221
-2.0516281926154414,-2.369172641156788,1.1727974092086544,0.49626600480629135,-1.9130861923851268
-2.2532889864744616,-1.9629592232188962,1.1873602903686977,0.03604761340761802,-1.937538262028425
-2.3485974631326654,-1.8678427737070142,1.1763879775311876,-0.15844349491034623,-1.9706062402840006
-2.3157218049558184,-1.9864204713609646,1.1546740801727573,-0.03768235456441816,-1.9649508550217119
-2.5357302543651254,-1.6106085354998048,1.159754362303823,-0.583089856618466,-2.007738852781089
-2.3531924594488585,-2.037546547315678,1.171960189545139,-0.15704095759229114,-1.9628067254837933
-2.442583336046285,-1.8951121619148144,1.179598662783219,-0.3595744662227993,-2.019976425264222
-2.5045797933431997,-1.8289984839428821,1.1847768663501037,-0.4900478859552634,-2.0677170110489267
-2.396626388458893,-2.0616233545336367,1.169534502745812,-0.21298067035537807,-2.0313345366789832
-2.4412186665522695,-1.949158604153574,1.1968172840909164,-0.33428116977336253,-2.0564615845153127
-2.3671319066808603,-2.093727601082636,1.1963998439496923,-0.10304384670501632,-2.0326228662952723
-2.5602310902798306,-1.6497101066184958,1.1977028623040253,-0.6975725186703013,-2.06168076895997
-2.7153428823371106,-1.4721822548770997,1.1853851053442666,-1.0797121112142096,-2.1108806351621268
-2.4502362346886875,-2.0263124549436573,1.189321881670307,-0.4924161149248337,-2.0629460730673412
-2.488331278544798,-1.9220189266555228,1.169346881369984,-0.5641471385371175,-2.07154391559484
-2.4127764130416285,-2.041606242630615,1.1628857990859713,-0.35680756154430615,-2.05372283279261
-2.4877851050044555,-1.8621084309391567,1.172572232238963,-0.5736730627657768,-2.0661384932567795
-2.509266983513653,-1.8905385120491303,1.1759262591934077,-0.5344659030156509,-2.0839407647034864
-2.2949894422614516,-2.233457729305337,1.1864834080733042,-0.014749504182155303,-2.040811796696276
-2.0153137438759083,-2.574327864084819,1.2127555091198137,0.5903630499184743,-1.985654490038314
-2.018394771569408,-2.374467798319581,1.2039648432887886,0.5888842339157905,-1.9625656233371218
-2.3041178077569286,-1.8216372939827914,1.2131212780837022,-0.14891142053634765,-1.980200558612377
-2.0631748251486965,-2.269641900838471,1.2422501470107488,0.33701542433751497,-1.9127557865779254
-2.0760454418837213,-2.2414071577978127,1.2394747588351416,0.3832329451290096,-1.9190102697725344
-2.0938504469307007,-2.1761249493776313,1.2527398892849992,0.39616901427729656,-1.9094423180321305
-1.8955170711062566,-2.4679606228146547,1.2759345620123894,0.8380713689525625,-1.8750455207678194
-2.1857399172939727,-1.9174474925284017,1.2755019912357857,0.10854801537153812,-1.9211009427693682
-2.343091553199671,-1.7708231750157026,1.2257573705645974,-0.2287650557227973,-1.9535817326633325
-2.493180867366957,-1.6728410266576579,1.1935087303495013,-0.5043290794860424,-1.9975518326727923
-2.1934984695523614,-2.258035004604847,1.2367200031146868,0.13259686183998368,-1.955418746515788
-2.389344055620016,-1.8616223175062345,1.2268439312647637,-0.3442938898850097,-1.98823339106324
-2.512400132335883,-1.7348161054935534,1.1858481030010624,-0.6134441590105274,-2.0211497713320417
-2.6200565888148764,-1.6481221306988936,1.1523263538868576,-0.8467629175652179,-2.0609478800420913
-2.5389083751334844,-1.8756259986008597,1.1175762054317298,-0.6190161209657661,-2.055527013283074
-2.4604584691236364,-2.0139299325009303,1.116730011559748,-0.386925913599054,-2.011458901102156
-2.3452181385558832,-2.1657160408135363,1.1311847051467587,-0.07973930696862423,-1.9880358169030354
-2.176680426423989,-2.355622838279114,1.1485614497917473,0.3069496284766489,-1.9423510451282433
-2.3798150541071212,-1.8253738346118356,1.1569907646033726,-0.3175507929433136,-1.960665526319169
-2.2646038635057297,-2.0597481936982582,1.1525112923169596,-0.023292538174534038,-1.9322194368690508
-2.3034959199408576,-1.9844099109168898,1.1570019411339243,-0.10282671316653196,-1.9405145766794658
-2.2179772878712143,-2.142456930550672,1.1516695571831639,0.1747293777906093,-1.9427606646665414
-2.4627669488355477,-1.627049619997541,1.1805434644660784,-0.5412481178151252,-1.9851247174063846
-2.4573640423751013,-1.8122989048060236,1.1663176062738292,-0.47915005059745364,-2.0046251128673385
-2.306059807558212,-2.094166651718185,1.170083878535097,-0.12221821751483503,-1.9645220894551931
-2.114197747675082,-2.3607727086406,1.1969389736230136,0.3247396140281937,-1.9282692649851891
-2.146655784180808,-2.177505501104349,1.2159909466081438,0.24575267066587822,-1.9306003455444583
-2.134694678109169,-2.1859894818584995,1.207836053156139,0.3042119363205579,-1.9283306903263402
-2.3052917872850576,-1.881969436744125,1.2190640993096797,-0.08180860189056038,-1.9937793672599509
-2.237863167804934,-2.061714791822577,1.1849523462699492,0.11463353676766107,-1.9628781559848834
-2.325729302826716,-1.9509619750131337,1.1900585044882905,-0.0432735896366673,-1.9964923033405066
-2.381318785810993,-1.8896125145048737,1.1863975823012782,-0.18178987232985824,-2.027275714838539
-2.1899909235813193,-2.2538131790371105,1.213282870292532,0.28187786555138195,-1.97922748477868
-2.265053165859845,-2.0600120392622907,1.2222938169592041,0.10086855792622691,-2.0034504915343327
-2.504386396534296,-1.5759187498767664,1.2177288905819978,-0.605652451021514,-2.0376322975400085
-2.634956334500933,-1.475938912725979,1.170916867345999,-0.9671337275618539,-2.079294706722831
-2.773289082039402,-1.4080662252589329,1.1413292606649075,-1.2351285000667198,-2.118440734794877
-2.865715199556268,-1.4006779656866513,1.1395098099651224,-1.451750634011399,-2.169372292638385
-2.6030840042047694,-1.9723579485625609,1.1395358276159853,-0.8373757307405273,-2.085896647628692
-2.702538477123992,-1.6089271921185682,1.1391768502356225,-1.3101929721406846,-2.1003280394158805
-2.58245752685738,-1.8839787881076455,1.101332262541092,-0.9862904237600341,-2.0944302261483703
-2.588238431027188,-1.8349303482027393,1.0973949001201537,-1.0200141117709511,-2.1242771745294267
-2.5891416040867883,-1.805610345363007,1.0737411824060656,-0.9958761504875582,-2.1216147025486376
-2.5932757421789208,-1.7636828648424987,1.0802242719354913,-1.0394069640430563,-2.122765414056058
-2.3950862995609064,-2.0872216640677723,1.0831728445686926,-0.5597339194419307,-2.0748648806698458
-2.210694629972503,-2.2797676452875177,1.0959547285264661,-0.1050045940924491,-2.0337110032197523
-1.9510667900702685,-2.5361148729115053,1.126487049032442,0.49306036887926374,-1.9647690768457255
-1.9218927354578967,-2.3639761348655495,1.1502470033848904,0.514674986861724,-1.9395473478612884
-2.239956227210699,-1.7354923721944016,1.1532391993409876,-0.29321847072208623,-1.9692855504881062
-2.3798588739673594,-1.6552807831465215,1.1198031274870772,-0.5559696435108235,-2.0192092028009143
-2.3272025226539164,-1.9158200322577223,1.10893356530288,-0.3240982006325342,-1.975409487753026
-2.2355385133206034,-2.126349550856414,1.111952669047289,-0.021065851054606677,-1.957031642566912
-2.0041660436533193,-2.4373950965119047,1.1562648633364252,0.506270384593567,-1.9143344462807523
-2.093638032503843,-2.1932806678444594,1.1594115829522862,0.31073223454237514,-1.9397441626002663
-1.8677199134266904,-2.474960504637166,1.1832813619743656,0.7879913780007783,-1.9017369402058972
-2.160350521400975,-1.8824067938948137,1.2052468542651757,0.03876830473766701,-1.9254774621630943
-1.9509303383117325,-2.317275681776135,1.2229096853671728,0.5076657148006244,-1.8652648018073545
-1.966168807684056,-2.2730397017474027,1.217383666397841,0.5575180686780332,-1.8643982613703827
-1.8706521811032633,-2.4378461259002773,1.2294687773811597,0.8614321277677954,-1.8632988687692333
-1.721573972113172,-2.63120252428795,1.2531851738150535,1.2166854250438488,-1.8519923433869825
-1.9346303372115976,-2.2464450044560005,1.2586004731476033,0.7625826426188698,-1.8835982418132329
-2.2508358996682274,-1.7577436575756438,1.2607412776397646,0.0010029146834222634,-1.9295209893194116
-2.4129084905432716,-1.702194302323243,1.2139701611321676,-0.2486403799041159,-1.9560682696494887
-2.527102562243014,-1.6941957060703945,1.1723369106317942,-0.45427412814483664,-2.0161249826049716
-2.6887674252127804,-1.5112949829285407,1.1331066504256875,-0.8899131665390764,-2.059746312789539
-2.653116221889367,-1.7848114963601676,1.109381617238146,-0.7094735892287208,-2.0370273006227073
-2.519339903774466,-2.0388722178676786,1.0926953079972468,-0.39099184256197395,-2.0363722488289375
-2.5159782897918763,-2.00359851499189,1.0909898223568233,-0.37736833037711554,-2.033921182965671
-2.3365771128811317,-2.254049488263357,1.0929820473951082,0.056852525190124674,-2.0120704974681014
-2.128944282612429,-2.449830288469281,1.1338356754694099,0.48550425235099753,-1.9570614359565115
-2.051286629270343,-2.382385040433997,1.1844763241982197,0.619711511052832,-1.945736700868874
-2.2620735289037674,-1.9197150849784212,1.193990270155759,0.005539119619746218,-1.971846699491221
-2.34542513625244,-1.8770528569249352,1.178039805979805,-0.17850116542313688,-1.9933986963383057
-2.485628817803322,-1.711859121632953,1.1824377320129058,-0.5082991915710148,-2.0471431119141017
-2.210733322678926,-2.2211181781841187,1.2308410754036032,0.09077869898330654,-1.9789144192180925
-2.1154224066251084,-2.317160238534898,1.2085907195531522,0.33447747397404914,-1.945340018024963
-2.129520360306358,-2.2293392541308488,1.200378498232547,0.35158188748787744,-1.9627073202621825
-2.2291971481046158,-2.011954714280987,1.20248982095191,0.09764620658938865,-1.9675415561571397
-2.2772028729426057,-1.9852236589846963,1.1983057882420018,0.02376871750891569,-1.9692528353889418
-2.5128598934929824,-1.533134286448426,1.1985850079596183,-0.68548732455744,-2.0259654873933743
-2.272027286479758,-2.113465912792835,1.2294368906418571,-0.10530366560701256,-1.9655398198158482
-2.2254241303413442,-2.172490111620486,1.2024653291424725,0.031291584771392794,-1.9738863526685013
-2.4837105514692794,-1.670487728277953,1.1994708311435407,-0.6615541852819088,-2.011327179100006
-2.4072634526096253,-1.9436457868016583,1.1861715603231386,-0.4084064303426152,-2.0092127242333717
-2.426791020535915,-1.961955711179439,1.1689921742588174,-0.37833836968720247,-2.029787821112908
-2.225186809383793,-2.2561930341689704,1.18270645273448,0.08661065651786527,-1.9940399158567255
-2.349296515324456,-1.9976005835633235,1.198835794062076,-0.1722060181280814,-2.0301023241348988
-2.1891340464022817,-2.2472026749303278,1.2126187503701633,0.22565481257739892,-1.983401928597598
-2.0348421101203624,-2.4011926492307136,1.216374061434797,0.5412784402184738,-1.9457473667562097
-2.1143737726103122,-2.18135519007798,1.2151126935935515,0.4075323271942861,-1.9622174674886053
-2.074214047942108,-2.224185701552951,1.213891243137832,0.5218738014003024,-1.9489054975575835
-2.2234775696678493,-2.0055540810804553,1.227949911436091,0.22833243759947724,-1.98428665296289
-2.414801065444606,-1.7525011256003662,1.2242405755772452,-0.16689994070289074,-2.0403558174562337
-2.249954589658697,-2.1486056829182987,1.2422471947442404,0.24274878640563385,-1.9863368291575234
-2.011217851425688,-2.448703613992763,1.2559041385256895,0.7148553107208883,-1.9306862813627255
-2.1053883714193495,-2.190989002325472,1.258580134731622,0.5084762168055115,-1.9358031090687384
-1.9413099998977938,-2.4159155097960103,1.2753950387956547,0.8455214078279254,-1.8913441562695725
-2.2590190935227823,-1.7821664165716167,1.2938090633467068,-0.021077035119467905,-1.9224113070512112
-2.4204536303125948,-1.6166774043632421,1.269107583082881,-0.43459158294223493,-1.9774741112444656
-2.4612836246061187,-1.758914270720296,1.2229355450295833,-0.4205593538852482,-1.9925844033426425
-2.415216008945632,-1.9724874983908425,1.1810547317570244,-0.22238639542817523,-1.9823860145643555
-2.146540960226218,-2.4008866832550435,1.2180427016444435,0.3726875953391617,-1.9539633976820188
-2.292838565839619,-2.050350194740125,1.222823114237888,-0.03833302068824363,-1.9845968189152823
-2.062666055991951,-2.3846083750197433,1.2507537009140837,0.44857025783562476,-1.937639194929006
-1.895238820724964,-2.5447434881339657,1.2705479656448004,0.8167142144840956,-1.9038042440570946
-2.16866287392562,-1.9636409951564011,1.2617329147171592,0.07021485220275639,-1.9289878044662658
-2.09295636414497,-2.1784344775163778,1.243032226009791,0.3237658781718964,-1.8755421093130318
-2.3538586356748117,-1.7090162629913823,1.2382260344059055,-0.34433601082639176,-1.9374777991804861
-2.6001220072386206,-1.3816009722989688,1.1830677377146095,-0.9549367591442969,-1.996174216924254
-2.70187110243781,-1.4408411118690627,1.1574216284790768,-1.1342719789144662,-2.0360117531359623
-2.6483475723591834,-1.7333786821678279,1.1281386632639916,-0.9209485186014008,-2.0300903733724103
-2.5677532199035906,-1.9220193048049488,1.1105297994136323,-0.7109609171297889,-2.042847171245464
-2.7083465419282553,-1.5641546544621843,1.1272211159236707,-1.181200185270326,-2.080522918427779
-2.347748606760566,-2.2070219315270267,1.184210950278718,-0.39628277583141464,-2.021407284640825
-2.3316004283433793,-2.093280781344998,1.1788477186929258,-0.4136593356018652,-2.0201398917231446
-2.540499538915618,-1.629485059946307,1.1520371320693321,-0.9826429941781915,-2.030566140070235
-2.5946186953908525,-1.6391499577407516,1.1257061098345602,-1.074333382346481,-2.064941074009616
-2.5539325871854714,-1.7744296835504405,1.102120935356922,-0.9458061711237373,-2.06937323975993
-2.4712310212244786,-1.9707523447422568,1.1069046161561746,-0.6800935950711731,-2.0626657880415857
